station_id,mei_id,copy_id,requested_istc_id,host_istc_id,station_type,station_role,source_order,place_order_within_source,provenance_id,place_occurrence_id,location_label,place_name,preferred_placename,place_authority,place_authority_id,place_authority_url,latitude,longitude,country,institution_id,institution_name,shelfmark,time_start,time_end,centuries,observation_date,date_status,certainty,location_resolution_status,evidence_status,source_catalogue,source_record_id,source_url,source_snapshot,note
00559198-print,00559198,00559198,ib00512000,ib00512000,print_place,first,0,1,,,Basel,Basel,,,,,,,,,,Inc.6.C.1.5[2315],1492,1492,,,gw_extracted_year_range,,place_name_not_yet_geocoded,edition_level_print_statement,GW,04168,https://gesamtkatalogderwiegendrucke.de/docs/GW04168.htm,data/corpus/supplementary-gw-corpus.csv,Printing statement shared by copies of the edition.
00559198-p004-loc01,00559198,00559198,ib00512000,ib00512000,provenance_place,intermediate,4,1,00559198-p004,00559198-p004-loc01,Cambridge,Cambridge,Cambridge,GeoNames,2653941,https://www.geonames.org/2653941,52.2,0.11667,United Kingdom,,,Inc.6.C.1.5[2315],,,,,undated,a,coordinates_supplied,copy_level_provenance_place,MEI,00559198-p004,https://data.cerl.org/mei/00559198,data/sample/mei-pilot.json,
00559198-current,00559198,00559198,ib00512000,ib00512000,current_holding,last,5,1,,,"Cambridge, University Library",,,,,,,,GB,CambridgeUL,"Cambridge, University Library",Inc.6.C.1.5[2315],,,,2026-09-23,current_observation_only,,holding_institution_not_yet_geocoded,current_holding_statement,MEI,00559198,https://data.cerl.org/mei/00559198,data/sample/mei-pilot.json,Observed as the current holding institution; no arrival date is inferred.
00559195-print,00559195,00559195,ib00503000,ib00503000,print_place,first,0,1,,,Köln,Köln,,,,,,,,,,Inc.7.A.4.1[343],1488,1488,,,gw_extracted_year_range,,place_name_not_yet_geocoded,edition_level_print_statement,GW,04172,https://gesamtkatalogderwiegendrucke.de/docs/GW04172.htm,data/corpus/supplementary-gw-corpus.csv,Printing statement shared by copies of the edition.
00559195-p001-loc01,00559195,00559195,ib00503000,ib00503000,provenance_place,intermediate,1,1,00559195-p001,00559195-p001-loc01,Cambridge,Cambridge,Cambridge,GeoNames,2653941,https://www.geonames.org/2653941,52.2,0.11667,United Kingdom,,,Inc.7.A.4.1[343],,,,,undated,a,coordinates_supplied,copy_level_provenance_place,MEI,00559195-p001,https://data.cerl.org/mei/00559195,data/sample/mei-pilot.json,
00559195-current,00559195,00559195,ib00503000,ib00503000,current_holding,last,2,1,,,"Cambridge, University Library",,,,,,,,GB,CambridgeUL,"Cambridge, University Library",Inc.7.A.4.1[343],,,,2026-09-23,current_observation_only,,holding_institution_not_yet_geocoded,current_holding_statement,MEI,00559195,https://data.cerl.org/mei/00559195,data/sample/mei-pilot.json,Observed as the current holding institution; no arrival date is inferred.
02010644-print,02010644,02010644,ib00503000,ib00503000,print_place,first,0,1,,,Köln,Köln,,,,,,,,,,[ZZ] 1488.4.01,1488,1488,,,gw_extracted_year_range,,place_name_not_yet_geocoded,edition_level_print_statement,GW,04172,https://gesamtkatalogderwiegendrucke.de/docs/GW04172.htm,data/corpus/supplementary-gw-corpus.csv,Printing statement shared by copies of the edition.
02010644-p003-loc01,02010644,02010644,ib00503000,ib00503000,provenance_place,intermediate,3,1,02010644-p003,02010644-p003-loc01,London,London,London,GeoNames,2643743,https://www.geonames.org/2643743,51.50853,-0.12574,United Kingdom,,,[ZZ] 1488.4.01,,1604,15 | 16 | 17,,mei_timeperiod,a,coordinates_supplied,copy_level_provenance_place,MEI,02010644-p003,https://data.cerl.org/mei/02010644,data/sample/mei-pilot.json,
02010644-p004-loc01,02010644,02010644,ib00503000,ib00503000,provenance_place,intermediate,4,1,02010644-p004,02010644-p004-loc01,London,London,London,GeoNames,2643743,https://www.geonames.org/2643743,51.50853,-0.12574,United Kingdom,,,[ZZ] 1488.4.01,1604,1610,17,,mei_timeperiod,a,coordinates_supplied,copy_level_provenance_place,MEI,02010644-p004,https://data.cerl.org/mei/02010644,data/sample/mei-pilot.json,
02010644-p005-loc01,02010644,02010644,ib00503000,ib00503000,provenance_place,intermediate,5,1,02010644-p005,02010644-p005-loc01,London,London,London,GeoNames,2643743,https://www.geonames.org/2643743,51.50853,-0.12574,United Kingdom,,,[ZZ] 1488.4.01,1610,,17,,mei_timeperiod,a,coordinates_supplied,copy_level_provenance_place,MEI,02010644-p005,https://data.cerl.org/mei/02010644,data/sample/mei-pilot.json,
02010644-p006-loc01,02010644,02010644,ib00503000,ib00503000,provenance_place,intermediate,6,1,02010644-p006,02010644-p006-loc01,Cambridge,Cambridge,Cambridge,GeoNames,2653941,https://www.geonames.org/2653941,52.2,0.11667,United Kingdom,,,[ZZ] 1488.4.01,,1664,17,,mei_timeperiod,a,coordinates_supplied,copy_level_provenance_place,MEI,02010644-p006,https://data.cerl.org/mei/02010644,data/sample/mei-pilot.json,
02010644-p007-loc01,02010644,02010644,ib00503000,ib00503000,provenance_place,intermediate,7,1,02010644-p007,02010644-p007-loc01,London,London,London,GeoNames,2643743,https://www.geonames.org/2643743,51.50853,-0.12574,United Kingdom,,,[ZZ] 1488.4.01,1664,,17,,mei_timeperiod,a,coordinates_supplied,copy_level_provenance_place,MEI,02010644-p007,https://data.cerl.org/mei/02010644,data/sample/mei-pilot.json,
02010644-current,02010644,02010644,ib00503000,ib00503000,current_holding,last,8,1,,,"London, Lambeth Palace Library",,,,,,,,GB,LondonLambeth,"London, Lambeth Palace Library",[ZZ] 1488.4.01,,,,2026-09-23,current_observation_only,,holding_institution_not_yet_geocoded,current_holding_statement,MEI,02010644,https://data.cerl.org/mei/02010644,data/sample/mei-pilot.json,Observed as the current holding institution; no arrival date is inferred.
00559194-print,00559194,00559194,ib00503000,ib00503000,print_place,first,0,1,,,Köln,Köln,,,,,,,,,,Inc.7.A.4.1[342],1488,1488,,,gw_extracted_year_range,,place_name_not_yet_geocoded,edition_level_print_statement,GW,04172,https://gesamtkatalogderwiegendrucke.de/docs/GW04172.htm,data/corpus/supplementary-gw-corpus.csv,Printing statement shared by copies of the edition.
00559194-p002-loc01,00559194,00559194,ib00503000,ib00503000,provenance_place,intermediate,2,1,00559194-p002,00559194-p002-loc01,Cambridge,Cambridge,Cambridge,GeoNames,2653941,https://www.geonames.org/2653941,52.2,0.11667,United Kingdom,,,Inc.7.A.4.1[342],,,,,undated,a,coordinates_supplied,copy_level_provenance_place,MEI,00559194-p002,https://data.cerl.org/mei/00559194,data/sample/mei-pilot.json,
00559194-current,00559194,00559194,ib00503000,ib00503000,current_holding,last,3,1,,,"Cambridge, University Library",,,,,,,,GB,CambridgeUL,"Cambridge, University Library",Inc.7.A.4.1[342],,,,2026-09-23,current_observation_only,,holding_institution_not_yet_geocoded,current_holding_statement,MEI,00559194,https://data.cerl.org/mei/00559194,data/sample/mei-pilot.json,Observed as the current holding institution; no arrival date is inferred.
00559196-print,00559196,00559196,ib00506000,ib00506000,print_place,first,0,1,,,Basel,Basel,,,,,,,,,,Inc.5.C.1.5[2335],1490,1490,,,gw_extracted_year_range,,place_name_not_yet_geocoded,edition_level_print_statement,GW,04175,https://gesamtkatalogderwiegendrucke.de/docs/GW04175.htm,data/corpus/supplementary-gw-corpus.csv,Printing statement shared by copies of the edition.
00559196-p001-loc01,00559196,00559196,ib00506000,ib00506000,provenance_place,intermediate,1,1,00559196-p001,00559196-p001-loc01,Cambridge,Cambridge,Cambridge,GeoNames,2653941,https://www.geonames.org/2653941,52.2,0.11667,United Kingdom,,,Inc.5.C.1.5[2335],,,,,undated,a,coordinates_supplied,copy_level_provenance_place,MEI,00559196-p001,https://data.cerl.org/mei/00559196,data/sample/mei-pilot.json,
00559196-current,00559196,00559196,ib00506000,ib00506000,current_holding,last,2,1,,,"Cambridge, University Library",,,,,,,,GB,CambridgeUL,"Cambridge, University Library",Inc.5.C.1.5[2335],,,,2026-09-23,current_observation_only,,holding_institution_not_yet_geocoded,current_holding_statement,MEI,00559196,https://data.cerl.org/mei/00559196,data/sample/mei-pilot.json,Observed as the current holding institution; no arrival date is inferred.
02135612-print,02135612,02135612,ib00506000,ib00506000,print_place,first,0,1,,,Basel,Basel,,,,,,,,,,3 in: Gb 607,1490,1490,,,gw_extracted_year_range,,place_name_not_yet_geocoded,edition_level_print_statement,GW,04175,https://gesamtkatalogderwiegendrucke.de/docs/GW04175.htm,data/corpus/supplementary-gw-corpus.csv,Printing statement shared by copies of the edition.
02135612-p001-loc01,02135612,02135612,ib00506000,ib00506000,provenance_place,intermediate,1,1,02135612-p001,02135612-p001-loc01,Tübingen,Tübingen,,,,,,,,,,3 in: Gb 607,,,,,undated,,name_only,copy_level_provenance_place,MEI,02135612-p001,https://data.cerl.org/mei/02135612,data/sample/mei-pilot.json,
02135612-current,02135612,02135612,ib00506000,ib00506000,current_holding,last,2,1,,,"Tübingen, Universitätsbibliothek",,,,,,,,DE,TubingenUB,"Tübingen, Universitätsbibliothek",3 in: Gb 607,,,,2026-09-23,current_observation_only,,holding_institution_not_yet_geocoded,current_holding_statement,MEI,02135612,https://data.cerl.org/mei/02135612,data/sample/mei-pilot.json,Observed as the current holding institution; no arrival date is inferred.
02138264-print,02138264,02138264,ib00506000,ib00506000,print_place,first,0,1,,,Basel,Basel,,,,,,,,,,001 F 033: 01,1490,1490,,,gw_extracted_year_range,,place_name_not_yet_geocoded,edition_level_print_statement,GW,04175,https://gesamtkatalogderwiegendrucke.de/docs/GW04175.htm,data/corpus/supplementary-gw-corpus.csv,Printing statement shared by copies of the edition.
02138264-p001-loc01,02138264,02138264,ib00506000,ib00506000,provenance_place,intermediate,1,1,02138264-p001,02138264-p001-loc01,Gemeente Den Haag,The Hague,Gemeente Den Haag,GeoNames,2747372,https://www.geonames.org/2747372,52.06866,4.28635,The Netherlands,,,001 F 033: 01,,,,,undated,,coordinates_supplied,copy_level_provenance_place,MEI,02138264-p001,https://data.cerl.org/mei/02138264,data/sample/mei-pilot.json,
02138264-p002-loc01,02138264,02138264,ib00506000,ib00506000,provenance_place,intermediate,2,1,02138264-p002,02138264-p002-loc01,Gemeente Den Haag,The Hague,Gemeente Den Haag,GeoNames,2747372,https://www.geonames.org/2747372,52.06866,4.28635,The Netherlands,,,001 F 033: 01,,,,,undated,,coordinates_supplied,copy_level_provenance_place,MEI,02138264-p002,https://data.cerl.org/mei/02138264,data/sample/mei-pilot.json,
02138264-p003-loc01,02138264,02138264,ib00506000,ib00506000,provenance_place,intermediate,3,1,02138264-p003,02138264-p003-loc01,Gemeente Den Haag,The Hague,Gemeente Den Haag,GeoNames,2747372,https://www.geonames.org/2747372,52.06866,4.28635,The Netherlands,,,001 F 033: 01,,,,,undated,,coordinates_supplied,copy_level_provenance_place,MEI,02138264-p003,https://data.cerl.org/mei/02138264,data/sample/mei-pilot.json,
02138264-current,02138264,02138264,ib00506000,ib00506000,current_holding,last,4,1,,,"Den Haag, Huis van het Boek ",,,,,,,,NL,TheHagueMMW,"Den Haag, Huis van het Boek ",001 F 033: 01,,,,2026-09-23,current_observation_only,,holding_institution_not_yet_geocoded,current_holding_statement,MEI,02138264,https://data.cerl.org/mei/02138264,data/sample/mei-pilot.json,Observed as the current holding institution; no arrival date is inferred.
00201811-print,00201811,00201811,ib00506000,ib00506000,print_place,first,0,1,,,Basel,Basel,,,,,,,,,,Inc. 979(1),1490,1490,,,gw_extracted_year_range,,place_name_not_yet_geocoded,edition_level_print_statement,GW,04175,https://gesamtkatalogderwiegendrucke.de/docs/GW04175.htm,data/corpus/supplementary-gw-corpus.csv,Printing statement shared by copies of the edition.
00201811-p002-loc01,00201811,00201811,ib00506000,ib00506000,provenance_place,intermediate,2,1,00201811-p002,00201811-p002-loc01,Mantova,Mantova,Mantova,GeoNames,3174051,https://www.geonames.org/3174051,45.16031,10.79784,Italy,,,Inc. 979(1),,,,,undated,b,coordinates_supplied,copy_level_provenance_place,MEI,00201811-p002,https://data.cerl.org/mei/00201811,data/sample/mei-pilot.json,
00201811-current,00201811,00201811,ib00506000,ib00506000,current_holding,last,3,1,,,"Mantova, Biblioteca Comunale Teresiana",,,,,,,,IT,MantovaC,"Mantova, Biblioteca Comunale Teresiana",Inc. 979(1),,,,2026-09-23,current_observation_only,,holding_institution_not_yet_geocoded,current_holding_statement,MEI,00201811,https://data.cerl.org/mei/00201811,data/sample/mei-pilot.json,Observed as the current holding institution; no arrival date is inferred.
02128157-print,02128157,02128157,ib00506000,ib00506000,print_place,first,0,1,,,Basel,Basel,,,,,,,,,,AP. XIX. 10/3,1490,1490,,,gw_extracted_year_range,,place_name_not_yet_geocoded,edition_level_print_statement,GW,04175,https://gesamtkatalogderwiegendrucke.de/docs/GW04175.htm,data/corpus/supplementary-gw-corpus.csv,Printing statement shared by copies of the edition.
02128157-p002-loc01,02128157,02128157,ib00506000,ib00506000,provenance_place,intermediate,2,1,02128157-p002,02128157-p002-loc01,Milan,Milano,Milan,GeoNames,3173435,https://www.geonames.org/3173435,45.46427,9.18951,Italy,,,AP. XIX. 10/3,1501,1782,16 | 17 | 18,,mei_timeperiod,,coordinates_supplied,copy_level_provenance_place,MEI,02128157-p002,https://data.cerl.org/mei/02128157,data/sample/mei-pilot.json,
02128157-p003-loc01,02128157,02128157,ib00506000,ib00506000,provenance_place,intermediate,3,1,02128157-p003,02128157-p003-loc01,Milan,Milano,Milan,GeoNames,3173435,https://www.geonames.org/3173435,45.46427,9.18951,Italy,,,AP. XIX. 10/3,1782,,18,,mei_timeperiod,a,coordinates_supplied,copy_level_provenance_place,MEI,02128157-p003,https://data.cerl.org/mei/02128157,data/sample/mei-pilot.json,
02128157-current,02128157,02128157,ib00506000,ib00506000,current_holding,last,4,1,,,"Milano, Biblioteca Nazionale Braidense",,,,,,,,IT,MilanoN,"Milano, Biblioteca Nazionale Braidense",AP. XIX. 10/3,,,,2026-09-23,current_observation_only,,holding_institution_not_yet_geocoded,current_holding_statement,MEI,02128157,https://data.cerl.org/mei/02128157,data/sample/mei-pilot.json,Observed as the current holding institution; no arrival date is inferred.
02013740-print,02013740,02013740,ib00506000,ib00506000,print_place,first,0,1,,,Basel,Basel,,,,,,,,,,5866.174,1490,1490,,,gw_extracted_year_range,,place_name_not_yet_geocoded,edition_level_print_statement,GW,04175,https://gesamtkatalogderwiegendrucke.de/docs/GW04175.htm,data/corpus/supplementary-gw-corpus.csv,Printing statement shared by copies of the edition.
02013740-p002-loc01,02013740,02013740,ib00506000,ib00506000,provenance_place,intermediate,2,1,02013740-p002,02013740-p002-loc01,Princeton,Princeton,Princeton,GeoNames,5102922,https://www.geonames.org/5102922,40.34872,-74.65905,United States,,,5866.174,1940,1945,20,,mei_timeperiod,a,coordinates_supplied,copy_level_provenance_place,MEI,02013740-p002,https://data.cerl.org/mei/02013740,data/sample/mei-pilot.json,
02013740-p003-loc01,02013740,02013740,ib00506000,ib00506000,provenance_place,intermediate,3,1,02013740-p003,02013740-p003-loc01,Princeton,Princeton,Princeton,GeoNames,5102922,https://www.geonames.org/5102922,40.34872,-74.65905,United States,,,5866.174,1945,,20,,mei_timeperiod,a,coordinates_supplied,copy_level_provenance_place,MEI,02013740-p003,https://data.cerl.org/mei/02013740,data/sample/mei-pilot.json,
02013740-current,02013740,02013740,ib00506000,ib00506000,current_holding,last,4,1,,,"Princeton NJ, Princeton University, Firestone Library, Rare Book Division",,,,,,,,US,PrincetonUL,"Princeton NJ, Princeton University, Firestone Library, Rare Book Division",5866.174,,,,2026-09-23,current_observation_only,,holding_institution_not_yet_geocoded,current_holding_statement,MEI,02013740,https://data.cerl.org/mei/02013740,data/sample/mei-pilot.json,Observed as the current holding institution; no arrival date is inferred.
00202805-print,00202805,00202805,ib00506000,ib00506000,print_place,first,0,1,,,Basel,Basel,,,,,,,,,,Auct. Q sup. 3.3.,1490,1490,,,gw_extracted_year_range,,place_name_not_yet_geocoded,edition_level_print_statement,GW,04175,https://gesamtkatalogderwiegendrucke.de/docs/GW04175.htm,data/corpus/supplementary-gw-corpus.csv,Printing statement shared by copies of the edition.
00202805-p002-loc01,00202805,00202805,ib00506000,ib00506000,provenance_place,intermediate,2,1,00202805-p002,00202805-p002-loc01,Oxford,Oxford,Oxford,GeoNames,2640729,https://www.geonames.org/2640729,51.75222,-1.25596,United Kingdom,,,Auct. Q sup. 3.3.,,,,,undated,,coordinates_supplied,copy_level_provenance_place,MEI,00202805-p002,https://data.cerl.org/mei/00202805,data/sample/mei-pilot.json,
00202805-current,00202805,00202805,ib00506000,ib00506000,current_holding,last,3,1,,,"Oxford, Bodleian Library",,,,,,,,GB,OxfordBodley,"Oxford, Bodleian Library",Auct. Q sup. 3.3.,,,,2026-09-23,current_observation_only,,holding_institution_not_yet_geocoded,current_holding_statement,MEI,00202805,https://data.cerl.org/mei/00202805,data/sample/mei-pilot.json,Observed as the current holding institution; no arrival date is inferred.
02152090-print,02152090,02152090,ib00506000,ib00506000,print_place,first,0,1,,,Basel,Basel,,,,,,,,,,Inc B441,1490,1490,,,gw_extracted_year_range,,place_name_not_yet_geocoded,edition_level_print_statement,GW,04175,https://gesamtkatalogderwiegendrucke.de/docs/GW04175.htm,data/corpus/supplementary-gw-corpus.csv,Printing statement shared by copies of the edition.
02152090-p001-loc01,02152090,02152090,ib00506000,ib00506000,provenance_place,intermediate,1,1,02152090-p001,02152090-p001-loc01,Western Europe,Switzerland or Germany,Western Europe,GeoNames,9408659,https://www.geonames.org/9408659,50.21909,7.42676,,,,Inc B441,1490,1500,15,,mei_timeperiod,a,coordinates_supplied,copy_level_provenance_place,MEI,02152090-p001,https://data.cerl.org/mei/02152090,data/sample/mei-pilot.json,
02152090-p002-loc01,02152090,02152090,ib00506000,ib00506000,provenance_place,intermediate,2,1,02152090-p002,02152090-p002-loc01,Western Europe,Switzerland or Germany,Western Europe,GeoNames,9408659,https://www.geonames.org/9408659,50.21909,7.42676,,,,Inc B441,1500,1525,15 | 16,,mei_timeperiod,a,coordinates_supplied,copy_level_provenance_place,MEI,02152090-p002,https://data.cerl.org/mei/02152090,data/sample/mei-pilot.json,
02152090-p003-loc01,02152090,02152090,ib00506000,ib00506000,provenance_place,intermediate,3,1,02152090-p003,02152090-p003-loc01,England,,England,GeoNames,6269131,https://www.geonames.org/6269131,52.16045,-0.70312,United Kingdom,,,Inc B441,1875,1890,19,,mei_timeperiod,a,coordinates_supplied,copy_level_provenance_place,MEI,02152090-p003,https://data.cerl.org/mei/02152090,data/sample/mei-pilot.json,
02152090-p004-loc01,02152090,02152090,ib00506000,ib00506000,provenance_place,intermediate,4,1,02152090-p004,02152090-p004-loc01,England,,England,GeoNames,6269131,https://www.geonames.org/6269131,52.16045,-0.70312,United Kingdom,,,Inc B441,1890,1910,19 | 20,,mei_timeperiod,a,coordinates_supplied,copy_level_provenance_place,MEI,02152090-p004,https://data.cerl.org/mei/02152090,data/sample/mei-pilot.json,
02152090-p005-loc01,02152090,02152090,ib00506000,ib00506000,provenance_place,intermediate,5,1,02152090-p005,02152090-p005-loc01,London,London,London,GeoNames,2643743,https://www.geonames.org/2643743,51.50853,-0.12574,United Kingdom,,,Inc B441,1917,1917,20,,mei_timeperiod,a,coordinates_supplied,copy_level_provenance_place,MEI,02152090-p005,https://data.cerl.org/mei/02152090,data/sample/mei-pilot.json,
02152090-p006-loc01,02152090,02152090,ib00506000,ib00506000,provenance_place,intermediate,6,1,02152090-p006,02152090-p006-loc01,New York,New York,New York,GeoNames,5128581,https://www.geonames.org/5128581,40.71427,-74.00597,United States,,,Inc B441,1917,1921,20,,mei_timeperiod,a,coordinates_supplied,copy_level_provenance_place,MEI,02152090-p006,https://data.cerl.org/mei/02152090,data/sample/mei-pilot.json,
02152090-p007-loc01,02152090,02152090,ib00506000,ib00506000,provenance_place,intermediate,7,1,02152090-p007,02152090-p007-loc01,New York,New York,New York,GeoNames,5128581,https://www.geonames.org/5128581,40.71427,-74.00597,United States,,,Inc B441,,1923,15 | 16 | 17 | 18 | 19 | 20,,mei_timeperiod,a,coordinates_supplied,copy_level_provenance_place,MEI,02152090-p007,https://data.cerl.org/mei/02152090,data/sample/mei-pilot.json,
02152090-p008-loc01,02152090,02152090,ib00506000,ib00506000,provenance_place,intermediate,8,1,02152090-p008,02152090-p008-loc01,Williamstown,"Williamstown, MA",Williamstown,GeoNames,4955786,https://www.geonames.org/4955786,42.71202,-73.20372,United States,,,Inc B441,1923,,20,,mei_timeperiod,a,coordinates_supplied,copy_level_provenance_place,MEI,02152090-p008,https://data.cerl.org/mei/02152090,data/sample/mei-pilot.json,
02152090-current,02152090,02152090,ib00506000,ib00506000,current_holding,last,9,1,,,Williams College Library,,,,,,,,US,WillCL,Williams College Library,Inc B441,,,,2026-09-23,current_observation_only,,holding_institution_not_yet_geocoded,current_holding_statement,MEI,02152090,https://data.cerl.org/mei/02152090,data/sample/mei-pilot.json,Observed as the current holding institution; no arrival date is inferred.
02133844-print,02133844,02133844,ib00506000,ib00506000,print_place,first,0,1,,,Basel,Basel,,,,,,,,,,ZBS Rar 109 (1 an),1490,1490,,,gw_extracted_year_range,,place_name_not_yet_geocoded,edition_level_print_statement,GW,04175,https://gesamtkatalogderwiegendrucke.de/docs/GW04175.htm,data/corpus/supplementary-gw-corpus.csv,Printing statement shared by copies of the edition.
02133844-p001-loc01,02133844,02133844,ib00506000,ib00506000,provenance_place,intermediate,1,1,02133844-p001,02133844-p001-loc01,Solothurn,Solothurn,Solothurn,GeoNames,2658564,https://www.geonames.org/2658564,47.20791,7.53714,Switzerland,,,ZBS Rar 109 (1 an),,1568,15 | 16,,mei_timeperiod,a,coordinates_supplied,copy_level_provenance_place,MEI,02133844-p001,https://data.cerl.org/mei/02133844,data/sample/mei-pilot.json,
02133844-p002-loc01,02133844,02133844,ib00506000,ib00506000,provenance_place,intermediate,2,1,02133844-p002,02133844-p002-loc01,Lucerne,Luzern,Lucerne,GeoNames,2659811,https://www.geonames.org/2659811,47.05048,8.30635,Switzerland,,,ZBS Rar 109 (1 an),,,,,undated,a,coordinates_supplied,copy_level_provenance_place,MEI,02133844-p002,https://data.cerl.org/mei/02133844,data/sample/mei-pilot.json,
02133844-p003-loc01,02133844,02133844,ib00506000,ib00506000,provenance_place,intermediate,3,1,02133844-p003,02133844-p003-loc01,Solothurn,Solothurn,Solothurn,GeoNames,2658564,https://www.geonames.org/2658564,47.20791,7.53714,Switzerland,,,ZBS Rar 109 (1 an),,1874,15 | 16 | 17 | 18 | 19,,mei_timeperiod,a,coordinates_supplied,copy_level_provenance_place,MEI,02133844-p003,https://data.cerl.org/mei/02133844,data/sample/mei-pilot.json,
02133844-p004-loc01,02133844,02133844,ib00506000,ib00506000,provenance_place,intermediate,4,1,02133844-p004,02133844-p004-loc01,Solothurn,Solothurn,Solothurn,GeoNames,2658564,https://www.geonames.org/2658564,47.20791,7.53714,Switzerland,,,ZBS Rar 109 (1 an),1883,1930,19 | 20,,mei_timeperiod,a,coordinates_supplied,copy_level_provenance_place,MEI,02133844-p004,https://data.cerl.org/mei/02133844,data/sample/mei-pilot.json,
02133844-p005-loc01,02133844,02133844,ib00506000,ib00506000,provenance_place,intermediate,5,1,02133844-p005,02133844-p005-loc01,Solothurn,Solothurn,Solothurn,GeoNames,2658564,https://www.geonames.org/2658564,47.20791,7.53714,Switzerland,,,ZBS Rar 109 (1 an),1930,,20,,mei_timeperiod,a,coordinates_supplied,copy_level_provenance_place,MEI,02133844-p005,https://data.cerl.org/mei/02133844,data/sample/mei-pilot.json,
02133844-current,02133844,02133844,ib00506000,ib00506000,current_holding,last,6,1,,,"Solothurn, Zentralbibliothek ",,,,,,,,CH,SolothurnZB,"Solothurn, Zentralbibliothek ",ZBS Rar 109 (1 an),,,,2026-09-23,current_observation_only,,holding_institution_not_yet_geocoded,current_holding_statement,MEI,02133844,https://data.cerl.org/mei/02133844,data/sample/mei-pilot.json,Observed as the current holding institution; no arrival date is inferred.
00203573-print,00203573,00203573,ih00370100,ih00370100,print_place,first,0,1,,,Antwerpen,Antwerpen,,,,,,,,,,Gough Missals 40.,1492,1492,,,gw_extracted_year_range,,place_name_not_yet_geocoded,edition_level_print_statement,GW,13403,https://gesamtkatalogderwiegendrucke.de/docs/GW13403.htm,data/corpus/horae-gw-corpus.csv,Printing statement shared by copies of the edition.
00203573-p005-loc01,00203573,00203573,ih00370100,ih00370100,provenance_place,intermediate,5,1,00203573-p005,00203573-p005-loc01,Oxford,Oxford,Oxford,GeoNames,2640729,https://www.geonames.org/2640729,51.75222,-1.25596,United Kingdom,,,Gough Missals 40.,,,,,undated,,coordinates_supplied,copy_level_provenance_place,MEI,00203573-p005,https://data.cerl.org/mei/00203573,data/sample/mei-pilot.json,
00203573-current,00203573,00203573,ih00370100,ih00370100,current_holding,last,6,1,,,"Oxford, Bodleian Library",,,,,,,,GB,OxfordBodley,"Oxford, Bodleian Library",Gough Missals 40.,,,,2026-09-23,current_observation_only,,holding_institution_not_yet_geocoded,current_holding_statement,MEI,00203573,https://data.cerl.org/mei/00203573,data/sample/mei-pilot.json,Observed as the current holding institution; no arrival date is inferred.
00205588-print,00205588,00205588,ih00427100,ih00427100,print_place,first,0,1,,,Antwerpen,Antwerpen,,,,,,,,,,Douce 16.,1492,1492,,,gw_extracted_year_range,,place_name_not_yet_geocoded,edition_level_print_statement,GW,13403,https://gesamtkatalogderwiegendrucke.de/docs/GW13403.htm,data/corpus/horae-gw-corpus.csv,Printing statement shared by copies of the edition.
00205588-p001-loc01,00205588,00205588,ih00427100,ih00427100,provenance_place,intermediate,1,1,00205588-p001,00205588-p001-loc01,London,London,London,GeoNames,2643743,https://www.geonames.org/2643743,51.50853,-0.12574,United Kingdom,,,Douce 16.,1701,1900,18 | 19,,mei_timeperiod,,coordinates_supplied,copy_level_provenance_place,MEI,00205588-p001,https://data.cerl.org/mei/00205588,data/sample/mei-pilot.json,
00205588-p002-loc01,00205588,00205588,ih00427100,ih00427100,provenance_place,intermediate,2,1,00205588-p002,00205588-p002-loc01,Oxford,Oxford,Oxford,GeoNames,2640729,https://www.geonames.org/2640729,51.75222,-1.25596,United Kingdom,,,Douce 16.,,,,,undated,,coordinates_supplied,copy_level_provenance_place,MEI,00205588-p002,https://data.cerl.org/mei/00205588,data/sample/mei-pilot.json,
00205588-current,00205588,00205588,ih00427100,ih00427100,current_holding,last,3,1,,,"Oxford, Bodleian Library",,,,,,,,GB,OxfordBodley,"Oxford, Bodleian Library",Douce 16.,,,,2026-09-23,current_observation_only,,holding_institution_not_yet_geocoded,current_holding_statement,MEI,00205588,https://data.cerl.org/mei/00205588,data/sample/mei-pilot.json,Observed as the current holding institution; no arrival date is inferred.
02000952-print,02000952,02000952,ic00788150,ic00788150,print_place,first,0,1,,,Florenz,Florenz,,,,,,,,,,IA.27029,1477,1477,,,gw_extracted_year_range,,place_name_not_yet_geocoded,edition_level_print_statement,GW,13391,https://gesamtkatalogderwiegendrucke.de/docs/GW13391.htm,data/corpus/horae-gw-corpus.csv,Printing statement shared by copies of the edition.
02000952-p001-loc01,02000952,02000952,ic00788150,ic00788150,provenance_place,intermediate,1,1,02000952-p001,02000952-p001-loc01,London,London,London,GeoNames,2643743,https://www.geonames.org/2643743,51.50853,-0.12574,United Kingdom,,,IA.27029,1891,,19,,mei_timeperiod,a,coordinates_supplied,copy_level_provenance_place,MEI,02000952-p001,https://data.cerl.org/mei/02000952,data/sample/mei-pilot.json,
02000952-current,02000952,02000952,ic00788150,ic00788150,current_holding,last,2,1,,,"London, British Library",,,,,,,,GB,LondonBL,"London, British Library",IA.27029,,,,2026-09-23,current_observation_only,,holding_institution_not_yet_geocoded,current_holding_statement,MEI,02000952,https://data.cerl.org/mei/02000952,data/sample/mei-pilot.json,Observed as the current holding institution; no arrival date is inferred.
00200669-print,00200669,00200669,ic00788150,ic00788150,print_place,first,0,1,,,Florenz,Florenz,,,,,,,,,,Inc.4.B.8.3 (4375),1477,1477,,,gw_extracted_year_range,,place_name_not_yet_geocoded,edition_level_print_statement,GW,13391,https://gesamtkatalogderwiegendrucke.de/docs/GW13391.htm,data/corpus/horae-gw-corpus.csv,Printing statement shared by copies of the edition.
00200669-current,00200669,00200669,ic00788150,ic00788150,current_holding,last,1,1,,,"Cambridge, University Library",,,,,,,,GB,CambridgeUL,"Cambridge, University Library",Inc.4.B.8.3 (4375),,,,2026-09-23,current_observation_only,,holding_institution_not_yet_geocoded,current_holding_statement,MEI,00200669,https://data.cerl.org/mei/00200669,data/sample/mei-pilot.json,Observed as the current holding institution; no arrival date is inferred.
00200671-print,00200671,00200671,ic00788150,ic00788150,print_place,first,0,1,,,Florenz,Florenz,,,,,,,,,,Ed.R 647,1477,1477,,,gw_extracted_year_range,,place_name_not_yet_geocoded,edition_level_print_statement,GW,13391,https://gesamtkatalogderwiegendrucke.de/docs/GW13391.htm,data/corpus/horae-gw-corpus.csv,Printing statement shared by copies of the edition.
00200671-current,00200671,00200671,ic00788150,ic00788150,current_holding,last,1,1,,,Firenze Biblioteca Riccardiana,,,,,,,,IT,FirenzeRicc,Firenze Biblioteca Riccardiana,Ed.R 647,,,,2026-09-23,current_observation_only,,holding_institution_not_yet_geocoded,current_holding_statement,MEI,00200671,https://data.cerl.org/mei/00200671,data/sample/mei-pilot.json,Observed as the current holding institution; no arrival date is inferred.
00200670-print,00200670,00200670,ic00788150,ic00788150,print_place,first,0,1,,,Florenz,Florenz,,,,,,,,,,B. 5. 31,1477,1477,,,gw_extracted_year_range,,place_name_not_yet_geocoded,edition_level_print_statement,GW,13391,https://gesamtkatalogderwiegendrucke.de/docs/GW13391.htm,data/corpus/horae-gw-corpus.csv,Printing statement shared by copies of the edition.
00200670-current,00200670,00200670,ic00788150,ic00788150,current_holding,last,1,1,,,"Firenze, Biblioteca Nazionale Centrale",,,,,,,,IT,FirenzeN,"Firenze, Biblioteca Nazionale Centrale",B. 5. 31,,,,2026-09-23,current_observation_only,,holding_institution_not_yet_geocoded,current_holding_statement,MEI,00200670,https://data.cerl.org/mei/00200670,data/sample/mei-pilot.json,Observed as the current holding institution; no arrival date is inferred.
00559729-print,00559729,00559729,ic00788150,ic00788150,print_place,first,0,1,,,Florenz,Florenz,,,,,,,,,,Inc.4.B.8.3[4375],1477,1477,,,gw_extracted_year_range,,place_name_not_yet_geocoded,edition_level_print_statement,GW,13391,https://gesamtkatalogderwiegendrucke.de/docs/GW13391.htm,data/corpus/horae-gw-corpus.csv,Printing statement shared by copies of the edition.
00559729-p002-loc01,00559729,00559729,ic00788150,ic00788150,provenance_place,intermediate,2,1,00559729-p002,00559729-p002-loc01,Cambridge,Cambridge,Cambridge,GeoNames,2653941,https://www.geonames.org/2653941,52.2,0.11667,United Kingdom,,,Inc.4.B.8.3[4375],,,,,undated,a,coordinates_supplied,copy_level_provenance_place,MEI,00559729-p002,https://data.cerl.org/mei/00559729,data/sample/mei-pilot.json,
00559729-current,00559729,00559729,ic00788150,ic00788150,current_holding,last,3,1,,,"Cambridge, University Library",,,,,,,,GB,CambridgeUL,"Cambridge, University Library",Inc.4.B.8.3[4375],,,,2026-09-23,current_observation_only,,holding_institution_not_yet_geocoded,current_holding_statement,MEI,00559729,https://data.cerl.org/mei/00559729,data/sample/mei-pilot.json,Observed as the current holding institution; no arrival date is inferred.
00200539-print,00200539,00200539,ih00357340,ih00357340,print_place,first,0,1,,,Venedig,Venedig,,,,,,,,,,91.880,1478,1478,,,gw_extracted_year_range,,place_name_not_yet_geocoded,edition_level_print_statement,GW,13360,https://gesamtkatalogderwiegendrucke.de/docs/GW13360.htm,data/corpus/horae-gw-corpus.csv,Printing statement shared by copies of the edition.
00200539-current,00200539,00200539,ih00357340,ih00357340,current_holding,last,1,1,,,"Baltimore MD, The Walters Art Museum Library",,,,,,,,US,BaltimoreMDWalters,"Baltimore MD, The Walters Art Museum Library",91.880,,,,2026-09-23,current_observation_only,,holding_institution_not_yet_geocoded,current_holding_statement,MEI,00200539,https://data.cerl.org/mei/00200539,data/sample/mei-pilot.json,Observed as the current holding institution; no arrival date is inferred.
00201166-print,00201166,00201166,ih00357340,ih00357340,print_place,first,0,1,,,Venedig,Venedig,,,,,,,,,,Vienna,1478,1478,,,gw_extracted_year_range,,place_name_not_yet_geocoded,edition_level_print_statement,GW,13360,https://gesamtkatalogderwiegendrucke.de/docs/GW13360.htm,data/corpus/horae-gw-corpus.csv,Printing statement shared by copies of the edition.
00201166-p001-loc01,00201166,00201166,ih00357340,ih00357340,provenance_place,intermediate,1,1,00201166-p001,00201166-p001-loc01,Vienna,Vienna,Vienna,GeoNames,2761369,https://www.geonames.org/2761369,48.20849,16.37208,Austria,,,Vienna,1905,1905,20,1905,mei_timeperiod,,coordinates_supplied,copy_level_provenance_place,MEI,00201166-p001,https://data.cerl.org/mei/00201166,data/sample/mei-pilot.json,
00201166-current,00201166,00201166,ih00357340,ih00357340,current_holding,last,2,1,,,Historical Copy,,,,,,,,,HistCopy,Historical Copy,Vienna,,,,2026-09-23,current_observation_only,,holding_institution_not_yet_geocoded,current_holding_statement,MEI,00201166,https://data.cerl.org/mei/00201166,data/sample/mei-pilot.json,Observed as the current holding institution; no arrival date is inferred.
02003957-print,02003957,02003957,ih00357360,ih00357360,print_place,first,0,1,,,Neapel,Neapel,,,,,,,,,,A. V. B. VIII. 47,1478,1478,,,gw_extracted_year_range,,place_name_not_yet_geocoded,edition_level_print_statement,GW,13337,https://gesamtkatalogderwiegendrucke.de/docs/GW13337.htm,data/corpus/horae-gw-corpus.csv,Printing statement shared by copies of the edition.
02003957-p001-loc01,02003957,02003957,ih00357360,ih00357360,provenance_place,intermediate,1,1,02003957-p001,02003957-p001-loc01,Naples,Napoli,Naples,GeoNames,3172394,https://www.geonames.org/3172394,40.85216,14.26811,Italy,,,A. V. B. VIII. 47,,1500,15,,mei_timeperiod,a,coordinates_supplied,copy_level_provenance_place,MEI,02003957-p001,https://data.cerl.org/mei/02003957,data/sample/mei-pilot.json,
02003957-p002-loc01,02003957,02003957,ih00357360,ih00357360,provenance_place,intermediate,2,1,02003957-p002,02003957-p002-loc01,Bologna,Bologna,Bologna,GeoNames,3181927,https://www.geonames.org/3181927,44.46667,11.43333,Italy,,,A. V. B. VIII. 47,1701,1800,18,,mei_timeperiod,a,coordinates_supplied,copy_level_provenance_place,MEI,02003957-p002,https://data.cerl.org/mei/02003957,data/sample/mei-pilot.json,
02003957-p003-loc01,02003957,02003957,ih00357360,ih00357360,provenance_place,intermediate,3,1,02003957-p003,02003957-p003-loc01,Bologna,Bologna,Bologna,GeoNames,3181927,https://www.geonames.org/3181927,44.46667,11.43333,Italy,,,A. V. B. VIII. 47,1801,,19,,mei_timeperiod,a,coordinates_supplied,copy_level_provenance_place,MEI,02003957-p003,https://data.cerl.org/mei/02003957,data/sample/mei-pilot.json,
02003957-current,02003957,02003957,ih00357360,ih00357360,current_holding,last,4,1,,,"Bologna, Biblioteca Universitaria",,,,,,,,IT,BolognaU,"Bologna, Biblioteca Universitaria",A. V. B. VIII. 47,,,,2026-09-23,current_observation_only,,holding_institution_not_yet_geocoded,current_holding_statement,MEI,02003957,https://data.cerl.org/mei/02003957,data/sample/mei-pilot.json,Observed as the current holding institution; no arrival date is inferred.
00201167-print,00201167,00201167,ih00357360,ih00357360,print_place,first,0,1,,,Neapel,Neapel,,,,,,,,,,Rome,1478,1478,,,gw_extracted_year_range,,place_name_not_yet_geocoded,edition_level_print_statement,GW,13337,https://gesamtkatalogderwiegendrucke.de/docs/GW13337.htm,data/corpus/horae-gw-corpus.csv,Printing statement shared by copies of the edition.
00201167-p001-loc01,00201167,00201167,ih00357360,ih00357360,provenance_place,intermediate,1,1,00201167-p001,00201167-p001-loc01,Rome,Rome,Rome,GeoNames,3169070,https://www.geonames.org/3169070,41.89193,12.51133,Italy,,,Rome,1681,1681,17,1681,mei_timeperiod,,coordinates_supplied,copy_level_provenance_place,MEI,00201167-p001,https://data.cerl.org/mei/00201167,data/sample/mei-pilot.json,
00201167-current,00201167,00201167,ih00357360,ih00357360,current_holding,last,2,1,,,Historical Copy,,,,,,,,,HistCopy,Historical Copy,Rome,,,,2026-09-23,current_observation_only,,holding_institution_not_yet_geocoded,current_holding_statement,MEI,00201167,https://data.cerl.org/mei/00201167,data/sample/mei-pilot.json,Observed as the current holding institution; no arrival date is inferred.
02003991-print,02003991,02003991,ih00357360,ih00357360,print_place,first,0,1,,,Neapel,Neapel,,,,,,,,,,S. Q. XXIII. A. 44,1478,1478,,,gw_extracted_year_range,,place_name_not_yet_geocoded,edition_level_print_statement,GW,13337,https://gesamtkatalogderwiegendrucke.de/docs/GW13337.htm,data/corpus/horae-gw-corpus.csv,Printing statement shared by copies of the edition.
02003991-p001-loc01,02003991,02003991,ih00357360,ih00357360,provenance_place,intermediate,1,1,02003991-p001,02003991-p001-loc01,Naples,Napoli,Naples,GeoNames,3172394,https://www.geonames.org/3172394,40.85216,14.26811,Italy,,,S. Q. XXIII. A. 44,1478,1500,15,,mei_timeperiod,a,coordinates_supplied,copy_level_provenance_place,MEI,02003991-p001,https://data.cerl.org/mei/02003991,data/sample/mei-pilot.json,
02003991-p002-loc01,02003991,02003991,ih00357360,ih00357360,provenance_place,intermediate,2,1,02003991-p002,02003991-p002-loc01,Naples,Napoli,Naples,GeoNames,3172394,https://www.geonames.org/3172394,40.85216,14.26811,Italy,,,S. Q. XXIII. A. 44,1801,1829,19,,mei_timeperiod,a,coordinates_supplied,copy_level_provenance_place,MEI,02003991-p002,https://data.cerl.org/mei/02003991,data/sample/mei-pilot.json,
02003991-p003-loc01,02003991,02003991,ih00357360,ih00357360,provenance_place,intermediate,3,1,02003991-p003,02003991-p003-loc01,Naples,Napoli,Naples,GeoNames,3172394,https://www.geonames.org/3172394,40.85216,14.26811,Italy,,,S. Q. XXIII. A. 44,1901,1940,20,,mei_timeperiod,a,coordinates_supplied,copy_level_provenance_place,MEI,02003991-p003,https://data.cerl.org/mei/02003991,data/sample/mei-pilot.json,
02003991-p004-loc01,02003991,02003991,ih00357360,ih00357360,provenance_place,intermediate,4,1,02003991-p004,02003991-p004-loc01,Naples,Napoli,Naples,GeoNames,3172394,https://www.geonames.org/3172394,40.85216,14.26811,Italy,,,S. Q. XXIII. A. 44,1940,,20,,mei_timeperiod,a,coordinates_supplied,copy_level_provenance_place,MEI,02003991-p004,https://data.cerl.org/mei/02003991,data/sample/mei-pilot.json,
02003991-current,02003991,02003991,ih00357360,ih00357360,current_holding,last,5,1,,,"Napoli, Biblioteca nazionale Vittorio Emanuele III",,,,,,,,IT,NapoliN,"Napoli, Biblioteca nazionale Vittorio Emanuele III",S. Q. XXIII. A. 44,,,,2026-09-23,current_observation_only,,holding_institution_not_yet_geocoded,current_holding_statement,MEI,02003991,https://data.cerl.org/mei/02003991,data/sample/mei-pilot.json,Observed as the current holding institution; no arrival date is inferred.
02003992-print,02003992,02003992,ih00357360,ih00357360,print_place,first,0,1,,,Neapel,Neapel,,,,,,,,,,"CheckList 1229, Accession no. 19008",1478,1478,,,gw_extracted_year_range,,place_name_not_yet_geocoded,edition_level_print_statement,GW,13337,https://gesamtkatalogderwiegendrucke.de/docs/GW13337.htm,data/corpus/horae-gw-corpus.csv,Printing statement shared by copies of the edition.
02003992-p001-loc01,02003992,02003992,ih00357360,ih00357360,provenance_place,intermediate,1,1,02003992-p001,02003992-p001-loc01,Naples,Napoli,Naples,GeoNames,3172394,https://www.geonames.org/3172394,40.85216,14.26811,Italy,,,"CheckList 1229, Accession no. 19008",1478,1486,15,,mei_timeperiod,a,coordinates_supplied,copy_level_provenance_place,MEI,02003992-p001,https://data.cerl.org/mei/02003992,data/sample/mei-pilot.json,
02003992-p002-loc01,02003992,02003992,ih00357360,ih00357360,provenance_place,intermediate,2,1,02003992-p002,02003992-p002-loc01,Naples,Napoli,Naples,GeoNames,3172394,https://www.geonames.org/3172394,40.85216,14.26811,Italy,,,"CheckList 1229, Accession no. 19008",1486,1500,15,,mei_timeperiod,a,coordinates_supplied,copy_level_provenance_place,MEI,02003992-p002,https://data.cerl.org/mei/02003992,data/sample/mei-pilot.json,
02003992-p003-loc01,02003992,02003992,ih00357360,ih00357360,provenance_place,intermediate,3,1,02003992-p003,02003992-p003-loc01,Valencia,Valencia,Valencia,GeoNames,2509954,https://www.geonames.org/2509954,39.47391,-0.37966,Spain,,,"CheckList 1229, Accession no. 19008",1501,1700,16 | 17,,mei_timeperiod,b,coordinates_supplied,copy_level_provenance_place,MEI,02003992-p003,https://data.cerl.org/mei/02003992,data/sample/mei-pilot.json,Tentative assignment
02003992-p004-loc01,02003992,02003992,ih00357360,ih00357360,provenance_place,intermediate,4,1,02003992-p004,02003992-p004-loc01,Paris,Paris,Paris,GeoNames,6455259,https://www.geonames.org/6455259,48.86,2.34444,France,,,"CheckList 1229, Accession no. 19008",1900,1901,19 | 20,,mei_timeperiod,a,coordinates_supplied,copy_level_provenance_place,MEI,02003992-p004,https://data.cerl.org/mei/02003992,data/sample/mei-pilot.json,
02003992-p005-loc01,02003992,02003992,ih00357360,ih00357360,provenance_place,intermediate,5,1,02003992-p005,02003992-p005-loc01,London,London,London,GeoNames,2643743,https://www.geonames.org/2643743,51.50853,-0.12574,United Kingdom,,,"CheckList 1229, Accession no. 19008",1901,1902,20,,mei_timeperiod,a,coordinates_supplied,copy_level_provenance_place,MEI,02003992-p005,https://data.cerl.org/mei/02003992,data/sample/mei-pilot.json,
02003992-p006-loc01,02003992,02003992,ih00357360,ih00357360,provenance_place,intermediate,6,1,02003992-p006,02003992-p006-loc01,London,Richmond (London),London,GeoNames,2643743,https://www.geonames.org/2643743,51.50853,-0.12574,United Kingdom,,,"CheckList 1229, Accession no. 19008",1902,1908,20,,mei_timeperiod,a,coordinates_supplied,copy_level_provenance_place,MEI,02003992-p006,https://data.cerl.org/mei/02003992,data/sample/mei-pilot.json,
02003992-p007-loc01,02003992,02003992,ih00357360,ih00357360,provenance_place,intermediate,7,1,02003992-p007,02003992-p007-loc01,New York,New York,New York,GeoNames,5128581,https://www.geonames.org/5128581,40.71427,-74.00597,United States,,,"CheckList 1229, Accession no. 19008",1908,1913,20,,mei_timeperiod,a,coordinates_supplied,copy_level_provenance_place,MEI,02003992-p007,https://data.cerl.org/mei/02003992,data/sample/mei-pilot.json,
02003992-p008-loc01,02003992,02003992,ih00357360,ih00357360,provenance_place,intermediate,8,1,02003992-p008,02003992-p008-loc01,New York,New York,New York,GeoNames,5128581,https://www.geonames.org/5128581,40.71427,-74.00597,United States,,,"CheckList 1229, Accession no. 19008",1913,,20,,mei_timeperiod,a,coordinates_supplied,copy_level_provenance_place,MEI,02003992-p008,https://data.cerl.org/mei/02003992,data/sample/mei-pilot.json,
02003992-current,02003992,02003992,ih00357360,ih00357360,current_holding,last,9,1,,,"New York NY, The Morgan Library and Museum",,,,,,,,US,NewYorkNYPierpontMorganLibrary,"New York NY, The Morgan Library and Museum","CheckList 1229, Accession no. 19008",,,,2026-09-23,current_observation_only,,holding_institution_not_yet_geocoded,current_holding_statement,MEI,02003992,https://data.cerl.org/mei/02003992,data/sample/mei-pilot.json,Observed as the current holding institution; no arrival date is inferred.
02003958-print,02003958,02003958,ih00357360,ih00357360,print_place,first,0,1,,,Neapel,Neapel,,,,,,,,,,331,1478,1478,,,gw_extracted_year_range,,place_name_not_yet_geocoded,edition_level_print_statement,GW,13337,https://gesamtkatalogderwiegendrucke.de/docs/GW13337.htm,data/corpus/horae-gw-corpus.csv,Printing statement shared by copies of the edition.
02003958-p001-loc01,02003958,02003958,ih00357360,ih00357360,provenance_place,intermediate,1,1,02003958-p001,02003958-p001-loc01,Firenze,Firenze,,,,,,,,,,331,,1600,15 | 16,,mei_timeperiod,a,name_only,copy_level_provenance_place,MEI,02003958-p001,https://data.cerl.org/mei/02003958,data/sample/mei-pilot.json,
02003958-p002-loc01,02003958,02003958,ih00357360,ih00357360,provenance_place,intermediate,2,1,02003958-p002,02003958-p002-loc01,Florence,Firenze,Florence,GeoNames,3176959,https://www.geonames.org/3176959,43.77925,11.24626,Italy,,,331,1705,1798,18,,mei_timeperiod,a,coordinates_supplied,copy_level_provenance_place,MEI,02003958-p002,https://data.cerl.org/mei/02003958,data/sample/mei-pilot.json,
02003958-p003-loc01,02003958,02003958,ih00357360,ih00357360,provenance_place,intermediate,3,1,02003958-p003,02003958-p003-loc01,Florence,Firenze,Florence,GeoNames,3176959,https://www.geonames.org/3176959,43.77925,11.24626,Italy,,,331,1813,,19,,mei_timeperiod,a,coordinates_supplied,copy_level_provenance_place,MEI,02003958-p003,https://data.cerl.org/mei/02003958,data/sample/mei-pilot.json,
02003958-current,02003958,02003958,ih00357360,ih00357360,current_holding,last,4,1,,,Firenze Biblioteca Riccardiana,,,,,,,,IT,FirenzeRicc,Firenze Biblioteca Riccardiana,331,,,,2026-09-23,current_observation_only,,holding_institution_not_yet_geocoded,current_holding_statement,MEI,02003958,https://data.cerl.org/mei/02003958,data/sample/mei-pilot.json,Observed as the current holding institution; no arrival date is inferred.
02004013-print,02004013,02004013,ih00357360,ih00357360,print_place,first,0,1,,,Neapel,Neapel,,,,,,,,,,Incun. 1478.C3,1478,1478,,,gw_extracted_year_range,,place_name_not_yet_geocoded,edition_level_print_statement,GW,13337,https://gesamtkatalogderwiegendrucke.de/docs/GW13337.htm,data/corpus/horae-gw-corpus.csv,Printing statement shared by copies of the edition.
02004013-p001-loc01,02004013,02004013,ih00357360,ih00357360,provenance_place,intermediate,1,1,02004013-p001,02004013-p001-loc01,Italien,Italien,,,,,,,,,,Incun. 1478.C3,1478,1500,15,,mei_timeperiod,a,name_only,copy_level_provenance_place,MEI,02004013-p001,https://data.cerl.org/mei/02004013,data/sample/mei-pilot.json,
02004013-p002-loc01,02004013,02004013,ih00357360,ih00357360,provenance_place,intermediate,2,1,02004013-p002,02004013-p002-loc01,Paris,Paris,Paris,GeoNames,6455259,https://www.geonames.org/6455259,48.86,2.34444,France,,,Incun. 1478.C3,1902,1902,20,,mei_timeperiod,a,coordinates_supplied,copy_level_provenance_place,MEI,02004013-p002,https://data.cerl.org/mei/02004013,data/sample/mei-pilot.json,
02004013-p003-loc01,02004013,02004013,ih00357360,ih00357360,provenance_place,intermediate,3,1,02004013-p003,02004013-p003-loc01,Lugano,Lugano,Lugano,GeoNames,7286383,https://www.geonames.org/7286383,46.00546,8.97143,Switzerland,,,Incun. 1478.C3,1923,1923,20,,mei_timeperiod,a,coordinates_supplied,copy_level_provenance_place,MEI,02004013-p003,https://data.cerl.org/mei/02004013,data/sample/mei-pilot.json,
02004013-p004-loc01,02004013,02004013,ih00357360,ih00357360,provenance_place,intermediate,4,1,02004013-p004,02004013-p004-loc01,New York,New York,New York,GeoNames,5128581,https://www.geonames.org/5128581,40.71427,-74.00597,United States,,,Incun. 1478.C3,1949,1949,20,,mei_timeperiod,a,coordinates_supplied,copy_level_provenance_place,MEI,02004013-p004,https://data.cerl.org/mei/02004013,data/sample/mei-pilot.json,
02004013-p005-loc01,02004013,02004013,ih00357360,ih00357360,provenance_place,intermediate,5,1,02004013-p005,02004013-p005-loc01,Washington,Washington,Washington,GeoNames,4140963,https://www.geonames.org/4140963,38.89511,-77.03637,United States,,,Incun. 1478.C3,1949,,20,,mei_timeperiod,a,coordinates_supplied,copy_level_provenance_place,MEI,02004013-p005,https://data.cerl.org/mei/02004013,data/sample/mei-pilot.json,
02004013-current,02004013,02004013,ih00357360,ih00357360,current_holding,last,6,1,,,"Washington DC, Library of Congress, Rare Book Division, Lessing J. Rosenwald Collection",,,,,,,,US,WashingtonLoC,"Washington DC, Library of Congress, Rare Book Division, Lessing J. Rosenwald Collection",Incun. 1478.C3,,,,2026-09-23,current_observation_only,,holding_institution_not_yet_geocoded,current_holding_statement,MEI,02004013,https://data.cerl.org/mei/02004013,data/sample/mei-pilot.json,Observed as the current holding institution; no arrival date is inferred.
02004011-print,02004011,02004011,ih00357360,ih00357360,print_place,first,0,1,,,Neapel,Neapel,,,,,,,,,,Arch. B f.43,1478,1478,,,gw_extracted_year_range,,place_name_not_yet_geocoded,edition_level_print_statement,GW,13337,https://gesamtkatalogderwiegendrucke.de/docs/GW13337.htm,data/corpus/horae-gw-corpus.csv,Printing statement shared by copies of the edition.
02004011-p001-loc01,02004011,02004011,ih00357360,ih00357360,provenance_place,intermediate,1,1,02004011-p001,02004011-p001-loc01,Italien,Italien,,,,,,,,,,Arch. B f.43,,1500,15,,mei_timeperiod,a,name_only,copy_level_provenance_place,MEI,02004011-p001,https://data.cerl.org/mei/02004011,data/sample/mei-pilot.json,
02004011-p002-loc01,02004011,02004011,ih00357360,ih00357360,provenance_place,intermediate,2,1,02004011-p002,02004011-p002-loc01,London,London,London,GeoNames,2643743,https://www.geonames.org/2643743,51.50853,-0.12574,United Kingdom,,,Arch. B f.43,1701,1800,18,,mei_timeperiod,a,coordinates_supplied,copy_level_provenance_place,MEI,02004011-p002,https://data.cerl.org/mei/02004011,data/sample/mei-pilot.json,
02004011-p003-loc01,02004011,02004011,ih00357360,ih00357360,provenance_place,intermediate,3,1,02004011-p003,02004011-p003-loc01,Oxford,Oxford,Oxford,GeoNames,2640729,https://www.geonames.org/2640729,51.75222,-1.25596,United Kingdom,,,Arch. B f.43,1701,,18,,mei_timeperiod,a,coordinates_supplied,copy_level_provenance_place,MEI,02004011-p003,https://data.cerl.org/mei/02004011,data/sample/mei-pilot.json,
02004011-current,02004011,02004011,ih00357360,ih00357360,current_holding,last,4,1,,,"Oxford, Bodleian Library",,,,,,,,GB,OxfordBodley,"Oxford, Bodleian Library",Arch. B f.43,,,,2026-09-23,current_observation_only,,holding_institution_not_yet_geocoded,current_holding_statement,MEI,02004011,https://data.cerl.org/mei/02004011,data/sample/mei-pilot.json,Observed as the current holding institution; no arrival date is inferred.
02003961-print,02003961,02003961,ih00357360,ih00357360,print_place,first,0,1,,,Neapel,Neapel,,,,,,,,,,B. G. Inc. 80,1478,1478,,,gw_extracted_year_range,,place_name_not_yet_geocoded,edition_level_print_statement,GW,13337,https://gesamtkatalogderwiegendrucke.de/docs/GW13337.htm,data/corpus/horae-gw-corpus.csv,Printing statement shared by copies of the edition.
02003961-p001-loc01,02003961,02003961,ih00357360,ih00357360,provenance_place,intermediate,1,1,02003961-p001,02003961-p001-loc01,Florence,Florence,Florence,GeoNames,3176959,https://www.geonames.org/3176959,43.77925,11.24626,Italy,,,B. G. Inc. 80,1478,1648,15 | 16 | 17,,mei_timeperiod,,coordinates_supplied,copy_level_provenance_place,MEI,02003961-p001,https://data.cerl.org/mei/02003961,data/sample/mei-pilot.json,
02003961-p002-loc01,02003961,02003961,ih00357360,ih00357360,provenance_place,intermediate,2,1,02003961-p002,02003961-p002-loc01,Paris,Paris,Paris,GeoNames,2988507,https://www.geonames.org/2988507,48.85341,2.3488,France,,,B. G. Inc. 80,1801,1883,19,,mei_timeperiod,a,coordinates_supplied,copy_level_provenance_place,MEI,02003961-p002,https://data.cerl.org/mei/02003961,data/sample/mei-pilot.json,
02003961-p003-loc01,02003961,02003961,ih00357360,ih00357360,provenance_place,intermediate,3,1,02003961-p003,02003961-p003-loc01,Schwarzau am Steinfeld (Vienna)?,Schwarzau am Steinfeld (Vienna)?,,,,,,,,,,B. G. Inc. 80,1883,1907,19 | 20,,mei_timeperiod,a,name_only,copy_level_provenance_place,MEI,02003961-p003,https://data.cerl.org/mei/02003961,data/sample/mei-pilot.json,
02003961-p004-loc01,02003961,02003961,ih00357360,ih00357360,provenance_place,intermediate,4,1,02003961-p004,02003961-p004-loc01,Milan,Milano,Milan,GeoNames,3173435,https://www.geonames.org/3173435,45.46427,9.18951,Italy,,,B. G. Inc. 80,1933,1935,20,,mei_timeperiod,a,coordinates_supplied,copy_level_provenance_place,MEI,02003961-p004,https://data.cerl.org/mei/02003961,data/sample/mei-pilot.json,
02003961-p005-loc01,02003961,02003961,ih00357360,ih00357360,provenance_place,intermediate,5,1,02003961-p005,02003961-p005-loc01,Milan,Milano,Milan,GeoNames,3173435,https://www.geonames.org/3173435,45.46427,9.18951,Italy,,,B. G. Inc. 80,1935,1938,20,,mei_timeperiod,a,coordinates_supplied,copy_level_provenance_place,MEI,02003961-p005,https://data.cerl.org/mei/02003961,data/sample/mei-pilot.json,
02003961-p006-loc01,02003961,02003961,ih00357360,ih00357360,provenance_place,intermediate,6,1,02003961-p006,02003961-p006-loc01,Milan,Milano,Milan,GeoNames,3173435,https://www.geonames.org/3173435,45.46427,9.18951,Italy,,,B. G. Inc. 80,1938,,20,1938,mei_timeperiod,a,coordinates_supplied,copy_level_provenance_place,MEI,02003961-p006,https://data.cerl.org/mei/02003961,data/sample/mei-pilot.json,
02003961-current,02003961,02003961,ih00357360,ih00357360,current_holding,last,7,1,,,"Milano, Biblioteca Nazionale Braidense",,,,,,,,IT,MilanoN,"Milano, Biblioteca Nazionale Braidense",B. G. Inc. 80,,,,2026-09-23,current_observation_only,,holding_institution_not_yet_geocoded,current_holding_statement,MEI,02003961,https://data.cerl.org/mei/02003961,data/sample/mei-pilot.json,Observed as the current holding institution; no arrival date is inferred.
02003959-print,02003959,02003959,ih00357360,ih00357360,print_place,first,0,1,,,Neapel,Neapel,,,,,,,,,,18498.1,1478,1478,,,gw_extracted_year_range,,place_name_not_yet_geocoded,edition_level_print_statement,GW,13337,https://gesamtkatalogderwiegendrucke.de/docs/GW13337.htm,data/corpus/horae-gw-corpus.csv,Printing statement shared by copies of the edition.
02003959-p002-loc01,02003959,02003959,ih00357360,ih00357360,provenance_place,intermediate,2,1,02003959-p002,02003959-p002-loc01,London,London,London,GeoNames,2643743,https://www.geonames.org/2643743,51.50853,-0.12574,United Kingdom,,,18498.1,1807,1836,19,,mei_timeperiod,,coordinates_supplied,copy_level_provenance_place,MEI,02003959-p002,https://data.cerl.org/mei/02003959,data/sample/mei-pilot.json,
02003959-p003-loc01,02003959,02003959,ih00357360,ih00357360,provenance_place,intermediate,3,1,02003959-p003,02003959-p003-loc01,Manchester,Manchester,Manchester,GeoNames,2643123,https://www.geonames.org/2643123,53.48095,-2.23743,United Kingdom,,,18498.1,1899,1908,19 | 20,,mei_timeperiod,a,coordinates_supplied,copy_level_provenance_place,MEI,02003959-p003,https://data.cerl.org/mei/02003959,data/sample/mei-pilot.json,
02003959-p004-loc01,02003959,02003959,ih00357360,ih00357360,provenance_place,intermediate,4,1,02003959-p004,02003959-p004-loc01,Manchester,Manchester,Manchester,GeoNames,2643123,https://www.geonames.org/2643123,53.48095,-2.23743,United Kingdom,,,18498.1,1899,,19,,mei_timeperiod,,coordinates_supplied,copy_level_provenance_place,MEI,02003959-p004,https://data.cerl.org/mei/02003959,data/sample/mei-pilot.json,
02003959-current,02003959,02003959,ih00357360,ih00357360,current_holding,last,5,1,,,"Manchester, University of Manchester, John Rylands Research Institute and Library",,,,,,,,GB,ManchesterJRL,"Manchester, University of Manchester, John Rylands Research Institute and Library",18498.1,,,,2026-09-23,current_observation_only,,holding_institution_not_yet_geocoded,current_holding_statement,MEI,02003959,https://data.cerl.org/mei/02003959,data/sample/mei-pilot.json,Observed as the current holding institution; no arrival date is inferred.
02003960-print,02003960,02003960,ih00357360,ih00357360,print_place,first,0,1,,,Neapel,Neapel,,,,,,,,,,18498.2,1478,1478,,,gw_extracted_year_range,,place_name_not_yet_geocoded,edition_level_print_statement,GW,13337,https://gesamtkatalogderwiegendrucke.de/docs/GW13337.htm,data/corpus/horae-gw-corpus.csv,Printing statement shared by copies of the edition.
02003960-p002-loc01,02003960,02003960,ih00357360,ih00357360,provenance_place,intermediate,2,1,02003960-p002,02003960-p002-loc01,Naples,Napoli,Naples,GeoNames,3172394,https://www.geonames.org/3172394,40.85216,14.26811,Italy,,,18498.2,1747,1819,18 | 19,,mei_timeperiod,a,coordinates_supplied,copy_level_provenance_place,MEI,02003960-p002,https://data.cerl.org/mei/02003960,data/sample/mei-pilot.json,
02003960-p003-loc01,02003960,02003960,ih00357360,ih00357360,provenance_place,intermediate,3,1,02003960-p003,02003960-p003-loc01,Althorp,Althorp,Althorp,GeoNames,7296694,https://www.geonames.org/7296694,52.28107,-1.00095,United Kingdom,,,18498.2,1819,1834,19,,mei_timeperiod,a,coordinates_supplied,copy_level_provenance_place,MEI,02003960-p003,https://data.cerl.org/mei/02003960,data/sample/mei-pilot.json,near Northampton
02003960-p004-loc01,02003960,02003960,ih00357360,ih00357360,provenance_place,intermediate,4,1,02003960-p004,02003960-p004-loc01,Manchester,Manchester,Manchester,GeoNames,2643123,https://www.geonames.org/2643123,53.48095,-2.23743,United Kingdom,,,18498.2,1892,1899,19,,mei_timeperiod,a,coordinates_supplied,copy_level_provenance_place,MEI,02003960-p004,https://data.cerl.org/mei/02003960,data/sample/mei-pilot.json,
02003960-current,02003960,02003960,ih00357360,ih00357360,current_holding,last,5,1,,,"Manchester, University of Manchester, John Rylands Research Institute and Library",,,,,,,,GB,ManchesterJRL,"Manchester, University of Manchester, John Rylands Research Institute and Library",18498.2,,,,2026-09-23,current_observation_only,,holding_institution_not_yet_geocoded,current_holding_statement,MEI,02003960,https://data.cerl.org/mei/02003960,data/sample/mei-pilot.json,Observed as the current holding institution; no arrival date is inferred.
00201576-print,00201576,00201576,ih00357360,ih00357360,print_place,first,0,1,,,Neapel,Neapel,,,,,,,,,,"Kiefer, Pforzheim, 25-27 Sept. 2024, lot 135-352",1478,1478,,,gw_extracted_year_range,,place_name_not_yet_geocoded,edition_level_print_statement,GW,13337,https://gesamtkatalogderwiegendrucke.de/docs/GW13337.htm,data/corpus/horae-gw-corpus.csv,Printing statement shared by copies of the edition.
00201576-p002-loc01,00201576,00201576,ih00357360,ih00357360,provenance_place,intermediate,2,1,00201576-p002,00201576-p002-loc01,Främmestad,Främmestad,Främmestad,GeoNames,2713842,https://www.geonames.org/2713842,58.25,12.68333,Sweden,,,"Kiefer, Pforzheim, 25-27 Sept. 2024, lot 135-352",1899,1899,19,1899,mei_timeperiod,,coordinates_supplied,copy_level_provenance_place,MEI,00201576-p002,https://data.cerl.org/mei/00201576,data/sample/mei-pilot.json,
00201576-p003-loc01,00201576,00201576,ih00357360,ih00357360,provenance_place,intermediate,3,1,00201576-p003,00201576-p003-loc01,Basel,Basel,Basel,GeoNames,2661604,https://www.geonames.org/2661604,47.55839,7.57327,Switzerland,,,"Kiefer, Pforzheim, 25-27 Sept. 2024, lot 135-352",2014,2014,21,2014,mei_timeperiod,,coordinates_supplied,copy_level_provenance_place,MEI,00201576-p003,https://data.cerl.org/mei/00201576,data/sample/mei-pilot.json,
00201576-p004-loc01,00201576,00201576,ih00357360,ih00357360,provenance_place,intermediate,4,1,00201576-p004,00201576-p004-loc01,Pforzheim, Pforzheim,Pforzheim,GeoNames,2853969,https://www.geonames.org/2853969,48.88436,8.69892,Germany,,,"Kiefer, Pforzheim, 25-27 Sept. 2024, lot 135-352",2024,2024,21,,mei_timeperiod,,coordinates_supplied,copy_level_provenance_place,MEI,00201576-p004,https://data.cerl.org/mei/00201576,data/sample/mei-pilot.json,
00201576-current,00201576,00201576,ih00357360,ih00357360,current_holding,last,5,1,,,Trade Copy,,,,,,,,,TradeCopy,Trade Copy,"Kiefer, Pforzheim, 25-27 Sept. 2024, lot 135-352",,,,2026-09-23,current_observation_only,,holding_institution_not_yet_geocoded,current_holding_statement,MEI,00201576,https://data.cerl.org/mei/00201576,data/sample/mei-pilot.json,Observed as the current holding institution; no arrival date is inferred.
02004012-print,02004012,02004012,ih00357360,ih00357360,print_place,first,0,1,,,Neapel,Neapel,,,,,,,,,,Res. Velins 1479,1478,1478,,,gw_extracted_year_range,,place_name_not_yet_geocoded,edition_level_print_statement,GW,13337,https://gesamtkatalogderwiegendrucke.de/docs/GW13337.htm,data/corpus/horae-gw-corpus.csv,Printing statement shared by copies of the edition.
02004012-p001-loc01,02004012,02004012,ih00357360,ih00357360,provenance_place,intermediate,1,1,02004012-p001,02004012-p001-loc01,Italien,Italien,,,,,,,,,,Res. Velins 1479,,1500,15,,mei_timeperiod,a,name_only,copy_level_provenance_place,MEI,02004012-p001,https://data.cerl.org/mei/02004012,data/sample/mei-pilot.json,
02004012-p002-loc01,02004012,02004012,ih00357360,ih00357360,provenance_place,intermediate,2,1,02004012-p002,02004012-p002-loc01,Livorno,Livorno,Livorno,GeoNames,3174659,https://www.geonames.org/3174659,43.54427,10.32615,Italy,,,Res. Velins 1479,1701,1800,18,,mei_timeperiod,a,coordinates_supplied,copy_level_provenance_place,MEI,02004012-p002,https://data.cerl.org/mei/02004012,data/sample/mei-pilot.json,
02004012-p003-loc01,02004012,02004012,ih00357360,ih00357360,provenance_place,intermediate,3,1,02004012-p003,02004012-p003-loc01,Paris,Paris,Paris,GeoNames,6455259,https://www.geonames.org/6455259,48.86,2.34444,France,,,Res. Velins 1479,1701,1800,18,,mei_timeperiod,a,coordinates_supplied,copy_level_provenance_place,MEI,02004012-p003,https://data.cerl.org/mei/02004012,data/sample/mei-pilot.json,
02004012-p004-loc01,02004012,02004012,ih00357360,ih00357360,provenance_place,intermediate,4,1,02004012-p004,02004012-p004-loc01,Paris,Paris,Paris,GeoNames,6455259,https://www.geonames.org/6455259,48.86,2.34444,France,,,Res. Velins 1479,1783,,18,,mei_timeperiod,a,coordinates_supplied,copy_level_provenance_place,MEI,02004012-p004,https://data.cerl.org/mei/02004012,data/sample/mei-pilot.json,
02004012-current,02004012,02004012,ih00357360,ih00357360,current_holding,last,5,1,,,"Paris, Bibliothèque nationale de France",,,,,,,,FR,ParisBN,"Paris, Bibliothèque nationale de France",Res. Velins 1479,,,,2026-09-23,current_observation_only,,holding_institution_not_yet_geocoded,current_holding_statement,MEI,02004012,https://data.cerl.org/mei/02004012,data/sample/mei-pilot.json,Observed as the current holding institution; no arrival date is inferred.
02137556-print,02137556,02137556,ih00420200,ih00420200,print_place,first,0,1,,,Westminster,Westminster,,,,,,,,,,IB.55036,1478,1478,,,gw_extracted_year_range,,place_name_not_yet_geocoded,edition_level_print_statement,GW,13021,https://gesamtkatalogderwiegendrucke.de/docs/GW13021.htm,data/corpus/horae-gw-corpus.csv,Printing statement shared by copies of the edition.
02137556-p001-loc01,02137556,02137556,ih00420200,ih00420200,provenance_place,intermediate,1,1,02137556-p001,02137556-p001-loc01,St Albans,"St Albans, Hertfordshire",St Albans,GeoNames,2638867,https://www.geonames.org/2638867,51.75,-0.33333,United Kingdom,,,IB.55036,1479,1871,15 | 16 | 17 | 18 | 19,,mei_timeperiod,a,coordinates_supplied,copy_level_provenance_place,MEI,02137556-p001,https://data.cerl.org/mei/02137556,data/sample/mei-pilot.json,
02137556-p002-loc01,02137556,02137556,ih00420200,ih00420200,provenance_place,intermediate,2,1,02137556-p002,02137556-p002-loc01,London,London,London,GeoNames,2643743,https://www.geonames.org/2643743,51.50853,-0.12574,United Kingdom,,,IB.55036,1871,,19,,mei_timeperiod,a,coordinates_supplied,copy_level_provenance_place,MEI,02137556-p002,https://data.cerl.org/mei/02137556,data/sample/mei-pilot.json,
02137556-current,02137556,02137556,ih00420200,ih00420200,current_holding,last,3,1,,,"London, British Library",,,,,,,,GB,LondonBL,"London, British Library",IB.55036,,,,2026-09-23,current_observation_only,,holding_institution_not_yet_geocoded,current_holding_statement,MEI,02137556,https://data.cerl.org/mei/02137556,data/sample/mei-pilot.json,Observed as the current holding institution; no arrival date is inferred.
00560456-print,00560456,00560456,ih00429300,ih00429300,print_place,first,0,1,,,Delft,Delft,,,,,,,,,,Inc.5.E.2.2[2815],1480,1480,,,gw_extracted_year_range,,place_name_not_yet_geocoded,edition_level_print_statement,GW,13424,https://gesamtkatalogderwiegendrucke.de/docs/GW13424.htm,data/corpus/horae-gw-corpus.csv,Printing statement shared by copies of the edition.
00560456-p006-loc01,00560456,00560456,ih00429300,ih00429300,provenance_place,intermediate,6,1,00560456-p006,00560456-p006-loc01,Cambridge,Cambridge,Cambridge,GeoNames,2653941,https://www.geonames.org/2653941,52.2,0.11667,United Kingdom,,,Inc.5.E.2.2[2815],,,,,undated,a,coordinates_supplied,copy_level_provenance_place,MEI,00560456-p006,https://data.cerl.org/mei/00560456,data/sample/mei-pilot.json,
00560456-current,00560456,00560456,ih00429300,ih00429300,current_holding,last,7,1,,,"Cambridge, University Library",,,,,,,,GB,CambridgeUL,"Cambridge, University Library",Inc.5.E.2.2[2815],,,,2026-09-23,current_observation_only,,holding_institution_not_yet_geocoded,current_holding_statement,MEI,00560456,https://data.cerl.org/mei/00560456,data/sample/mei-pilot.json,Observed as the current holding institution; no arrival date is inferred.
00560457-print,00560457,00560457,ih00429300,ih00429300,print_place,first,0,1,,,Delft,Delft,,,,,,,,,,SSS.19.16,1480,1480,,,gw_extracted_year_range,,place_name_not_yet_geocoded,edition_level_print_statement,GW,13424,https://gesamtkatalogderwiegendrucke.de/docs/GW13424.htm,data/corpus/horae-gw-corpus.csv,Printing statement shared by copies of the edition.
00560457-p001-loc01,00560457,00560457,ih00429300,ih00429300,provenance_place,intermediate,1,1,00560457-p001,00560457-p001-loc01,Cambridge,Cambridge,Cambridge,GeoNames,2653941,https://www.geonames.org/2653941,52.2,0.11667,United Kingdom,,,SSS.19.16,,,,,undated,a,coordinates_supplied,copy_level_provenance_place,MEI,00560457-p001,https://data.cerl.org/mei/00560457,data/sample/mei-pilot.json,
00560457-current,00560457,00560457,ih00429300,ih00429300,current_holding,last,2,1,,,"Cambridge, University Library",,,,,,,,GB,CambridgeUL,"Cambridge, University Library",SSS.19.16,,,,2026-09-23,current_observation_only,,holding_institution_not_yet_geocoded,current_holding_statement,MEI,00560457,https://data.cerl.org/mei/00560457,data/sample/mei-pilot.json,Observed as the current holding institution; no arrival date is inferred.
02101705-print,02101705,02101705,ih00429300,ih00429300,print_place,first,0,1,,,Delft,Delft,,,,,,,,,,KW 169 G 49,1480,1480,,,gw_extracted_year_range,,place_name_not_yet_geocoded,edition_level_print_statement,GW,13424,https://gesamtkatalogderwiegendrucke.de/docs/GW13424.htm,data/corpus/horae-gw-corpus.csv,Printing statement shared by copies of the edition.
02101705-p005-loc01,02101705,02101705,ih00429300,ih00429300,provenance_place,intermediate,5,1,02101705-p005,02101705-p005-loc01,The Hague,Den Haag,The Hague,GeoNames,2747373,https://www.geonames.org/2747373,52.07667,4.29861,The Netherlands,,,KW 169 G 49,1745,1804,18 | 19,1809,mei_timeperiod,a,coordinates_supplied,copy_level_provenance_place,MEI,02101705-p005,https://data.cerl.org/mei/02101705,data/sample/mei-pilot.json,
02101705-p006-loc01,02101705,02101705,ih00429300,ih00429300,provenance_place,intermediate,6,1,02101705-p006,02101705-p006-loc01,The Hague,Den Haag,The Hague,GeoNames,2747373,https://www.geonames.org/2747373,52.07667,4.29861,The Netherlands,,,KW 169 G 49,1809,,19,1809,mei_timeperiod,a,coordinates_supplied,copy_level_provenance_place,MEI,02101705-p006,https://data.cerl.org/mei/02101705,data/sample/mei-pilot.json,
02101705-current,02101705,02101705,ih00429300,ih00429300,current_holding,last,7,1,,,"Den Haag, Koninklijke Bibliotheek - Nationale Bibliotheek van Nederland",,,,,,,,NL,NLKB,"Den Haag, Koninklijke Bibliotheek - Nationale Bibliotheek van Nederland",KW 169 G 49,,,,2026-09-23,current_observation_only,,holding_institution_not_yet_geocoded,current_holding_statement,MEI,02101705,https://data.cerl.org/mei/02101705,data/sample/mei-pilot.json,Observed as the current holding institution; no arrival date is inferred.
02149728-print,02149728,02149728,ih00429300,ih00429300,print_place,first,0,1,,,Delft,Delft,,,,,,,,,,IA.47112,1480,1480,,,gw_extracted_year_range,,place_name_not_yet_geocoded,edition_level_print_statement,GW,13424,https://gesamtkatalogderwiegendrucke.de/docs/GW13424.htm,data/corpus/horae-gw-corpus.csv,Printing statement shared by copies of the edition.
02149728-p002-loc01,02149728,02149728,ih00429300,ih00429300,provenance_place,intermediate,2,1,02149728-p002,02149728-p002-loc01,London,London,London,GeoNames,2643743,https://www.geonames.org/2643743,51.50853,-0.12574,United Kingdom,,,IA.47112,1718,1753,18,,mei_timeperiod,a,coordinates_supplied,copy_level_provenance_place,MEI,02149728-p002,https://data.cerl.org/mei/02149728,data/sample/mei-pilot.json,
02149728-p003-loc01,02149728,02149728,ih00429300,ih00429300,provenance_place,intermediate,3,1,02149728-p003,02149728-p003-loc01,London,London,London,GeoNames,2643743,https://www.geonames.org/2643743,51.50853,-0.12574,United Kingdom,,,IA.47112,1753,,18,,mei_timeperiod,a,coordinates_supplied,copy_level_provenance_place,MEI,02149728-p003,https://data.cerl.org/mei/02149728,data/sample/mei-pilot.json,
02149728-current,02149728,02149728,ih00429300,ih00429300,current_holding,last,4,1,,,"London, British Library",,,,,,,,GB,LondonBL,"London, British Library",IA.47112,,,,2026-09-23,current_observation_only,,holding_institution_not_yet_geocoded,current_holding_statement,MEI,02149728,https://data.cerl.org/mei/02149728,data/sample/mei-pilot.json,Observed as the current holding institution; no arrival date is inferred.
02150602-print,02150602,02150602,ih00429300,ih00429300,print_place,first,0,1,,,Delft,Delft,,,,,,,,,,61 D 6 KL,1480,1480,,,gw_extracted_year_range,,place_name_not_yet_geocoded,edition_level_print_statement,GW,13424,https://gesamtkatalogderwiegendrucke.de/docs/GW13424.htm,data/corpus/horae-gw-corpus.csv,Printing statement shared by copies of the edition.
02150602-p003-loc01,02150602,02150602,ih00429300,ih00429300,provenance_place,intermediate,3,1,02150602-p003,02150602-p003-loc01,Deventer,Deventer,Deventer,GeoNames,2756987,https://www.geonames.org/2756987,52.255,6.16389,The Netherlands,,,61 D 6 KL,1560,,16,,mei_timeperiod,a,coordinates_supplied,copy_level_provenance_place,MEI,02150602-p003,https://data.cerl.org/mei/02150602,data/sample/mei-pilot.json,
02150602-current,02150602,02150602,ih00429300,ih00429300,current_holding,last,4,1,,,"Deventer, Athenaeumbibliotheek ",,,,,,,,NL,DeventerSAB,"Deventer, Athenaeumbibliotheek ",61 D 6 KL,,,,2026-09-23,current_observation_only,,holding_institution_not_yet_geocoded,current_holding_statement,MEI,02150602,https://data.cerl.org/mei/02150602,data/sample/mei-pilot.json,Observed as the current holding institution; no arrival date is inferred.
00560442-print,00560442,00560442,ih00420300,ih00420300,print_place,first,0,1,,,London,London,,,,,,,,,,Inc.6.J.3.4[3606],1484,1484,,,gw_extracted_year_range,,place_name_not_yet_geocoded,edition_level_print_statement,GW,13013,https://gesamtkatalogderwiegendrucke.de/docs/GW13013.htm,data/corpus/horae-gw-corpus.csv,Printing statement shared by copies of the edition.
00560442-p001-loc01,00560442,00560442,ih00420300,ih00420300,provenance_place,intermediate,1,1,00560442-p001,00560442-p001-loc01,Cambridge,Cambridge,Cambridge,GeoNames,2653941,https://www.geonames.org/2653941,52.2,0.11667,United Kingdom,,,Inc.6.J.3.4[3606],,,,,undated,a,coordinates_supplied,copy_level_provenance_place,MEI,00560442-p001,https://data.cerl.org/mei/00560442,data/sample/mei-pilot.json,
00560442-current,00560442,00560442,ih00420300,ih00420300,current_holding,last,2,1,,,"Cambridge, University Library",,,,,,,,GB,CambridgeUL,"Cambridge, University Library",Inc.6.J.3.4[3606],,,,2026-09-23,current_observation_only,,holding_institution_not_yet_geocoded,current_holding_statement,MEI,00560442,https://data.cerl.org/mei/00560442,data/sample/mei-pilot.json,Observed as the current holding institution; no arrival date is inferred.
00203485-print,00203485,00203485,ih00420300,ih00420300,print_place,first,0,1,,,London,London,,,,,,,,,,Arch. G f.16.,1484,1484,,,gw_extracted_year_range,,place_name_not_yet_geocoded,edition_level_print_statement,GW,13013,https://gesamtkatalogderwiegendrucke.de/docs/GW13013.htm,data/corpus/horae-gw-corpus.csv,Printing statement shared by copies of the edition.
00203485-p006-loc01,00203485,00203485,ih00420300,ih00420300,provenance_place,intermediate,6,1,00203485-p006,00203485-p006-loc01,Oxford,Oxford,Oxford,GeoNames,2640729,https://www.geonames.org/2640729,51.75222,-1.25596,United Kingdom,,,Arch. G f.16.,,,,,undated,,coordinates_supplied,copy_level_provenance_place,MEI,00203485-p006,https://data.cerl.org/mei/00203485,data/sample/mei-pilot.json,
00203485-current,00203485,00203485,ih00420300,ih00420300,current_holding,last,7,1,,,"Oxford, Bodleian Library",,,,,,,,GB,OxfordBodley,"Oxford, Bodleian Library",Arch. G f.16.,,,,2026-09-23,current_observation_only,,holding_institution_not_yet_geocoded,current_holding_statement,MEI,00203485,https://data.cerl.org/mei/00203485,data/sample/mei-pilot.json,Observed as the current holding institution; no arrival date is inferred.
00200540-print,00200540,00200540,ih00357500,ih00357500,print_place,first,0,1,,,Rom,Rom,,,,,,,,,,no. 91,1481,1481,,,gw_extracted_year_range,,place_name_not_yet_geocoded,edition_level_print_statement,GW,13353,https://gesamtkatalogderwiegendrucke.de/docs/GW13353.htm,data/corpus/horae-gw-corpus.csv,Printing statement shared by copies of the edition.
00200540-current,00200540,00200540,ih00357500,ih00357500,current_holding,last,1,1,,,"Macerata, Biblioteca Comunale Mozzi-Borgetti",,,,,,,,IT,MacerataC,"Macerata, Biblioteca Comunale Mozzi-Borgetti",no. 91,,,,2026-09-23,current_observation_only,,holding_institution_not_yet_geocoded,current_holding_statement,MEI,00200540,https://data.cerl.org/mei/00200540,data/sample/mei-pilot.json,Observed as the current holding institution; no arrival date is inferred.
00560452-print,00560452,00560452,ih00426500,ih00426500,print_place,first,0,1,,,Gouda,Gouda,,,,,,,,,,Inc.7.E.3.2[2885],1483,1484,,,gw_extracted_year_range,,place_name_not_yet_geocoded,edition_level_print_statement,GW,13413,https://gesamtkatalogderwiegendrucke.de/docs/GW13413.htm,data/corpus/horae-gw-corpus.csv,Printing statement shared by copies of the edition.
00560452-p003-loc01,00560452,00560452,ih00426500,ih00426500,provenance_place,intermediate,3,1,00560452-p003,00560452-p003-loc01,Cambridge,Cambridge,Cambridge,GeoNames,2653941,https://www.geonames.org/2653941,52.2,0.11667,United Kingdom,,,Inc.7.E.3.2[2885],,,,,undated,a,coordinates_supplied,copy_level_provenance_place,MEI,00560452-p003,https://data.cerl.org/mei/00560452,data/sample/mei-pilot.json,
00560452-current,00560452,00560452,ih00426500,ih00426500,current_holding,last,4,1,,,"Cambridge, University Library",,,,,,,,GB,CambridgeUL,"Cambridge, University Library",Inc.7.E.3.2[2885],,,,2026-09-23,current_observation_only,,holding_institution_not_yet_geocoded,current_holding_statement,MEI,00560452,https://data.cerl.org/mei/00560452,data/sample/mei-pilot.json,Observed as the current holding institution; no arrival date is inferred.
00207797-print,00207797,00207797,ih00485000,ih00485000,print_place,first,0,1,,,Strassburg,Strassburg,,,,,,,,,,Inc. f. G7.1498.1.,1498,1498,,,gw_extracted_year_range,,place_name_not_yet_geocoded,edition_level_print_statement,GW,12969,https://gesamtkatalogderwiegendrucke.de/docs/GW12969.htm,data/corpus/horae-gw-corpus.csv,Printing statement shared by copies of the edition.
00207797-p006-loc01,00207797,00207797,ih00485000,ih00485000,provenance_place,intermediate,6,1,00207797-p006,00207797-p006-loc01,Oxford,Oxford,Oxford,GeoNames,2640729,https://www.geonames.org/2640729,51.75222,-1.25596,United Kingdom,,,Inc. f. G7.1498.1.,,,,,undated,,coordinates_supplied,copy_level_provenance_place,MEI,00207797-p006,https://data.cerl.org/mei/00207797,data/sample/mei-pilot.json,
00207797-current,00207797,00207797,ih00485000,ih00485000,current_holding,last,7,1,,,"Oxford, Bodleian Library",,,,,,,,GB,OxfordBodley,"Oxford, Bodleian Library",Inc. f. G7.1498.1.,,,,2026-09-23,current_observation_only,,holding_institution_not_yet_geocoded,current_holding_statement,MEI,00207797,https://data.cerl.org/mei/00207797,data/sample/mei-pilot.json,Observed as the current holding institution; no arrival date is inferred.
02008999-print,02008999,02008999,ih00485000,ih00485000,print_place,first,0,1,,,Strassburg,Strassburg,,,,,,,,,,Inc 760.5,1498,1498,,,gw_extracted_year_range,,place_name_not_yet_geocoded,edition_level_print_statement,GW,12969,https://gesamtkatalogderwiegendrucke.de/docs/GW12969.htm,data/corpus/horae-gw-corpus.csv,Printing statement shared by copies of the edition.
02008999-p003-loc01,02008999,02008999,ih00485000,ih00485000,provenance_place,intermediate,3,1,02008999-p003,02008999-p003-loc01,Stockholm,Stockholm,Stockholm,GeoNames,2673730,https://www.geonames.org/2673730,59.32938,18.06871,Sweden,,,Inc 760.5,1901,1960,20,,mei_timeperiod,a,coordinates_supplied,copy_level_provenance_place,MEI,02008999-p003,https://data.cerl.org/mei/02008999,data/sample/mei-pilot.json,
02008999-p004-loc01,02008999,02008999,ih00485000,ih00485000,provenance_place,intermediate,4,1,02008999-p004,02008999-p004-loc01,Cambridge,Cambridge,Cambridge,GeoNames,4931972,https://www.geonames.org/4931972,42.3751,-71.10561,United States,,,Inc 760.5,1951,,20,,mei_timeperiod,a,coordinates_supplied,copy_level_provenance_place,MEI,02008999-p004,https://data.cerl.org/mei/02008999,data/sample/mei-pilot.json,
02008999-current,02008999,02008999,ih00485000,ih00485000,current_holding,last,5,1,,,"Cambridge MA, Harvard University, Houghton Library",,,,,,,,US,HarvardHoughton,"Cambridge MA, Harvard University, Houghton Library",Inc 760.5,,,,2026-09-23,current_observation_only,,holding_institution_not_yet_geocoded,current_holding_statement,MEI,02008999,https://data.cerl.org/mei/02008999,data/sample/mei-pilot.json,Observed as the current holding institution; no arrival date is inferred.
02138782-print,02138782,02138782,ih00430500,ih00430500,print_place,first,0,1,,,Leiden,Leiden,,,,,,,,,,001 F 017: 01-02,1494,1494,,,gw_extracted_year_range,,place_name_not_yet_geocoded,edition_level_print_statement,GW,13432,https://gesamtkatalogderwiegendrucke.de/docs/GW13432.htm,data/corpus/horae-gw-corpus.csv,Printing statement shared by copies of the edition.
02138782-p001-loc01,02138782,02138782,ih00430500,ih00430500,provenance_place,intermediate,1,1,02138782-p001,02138782-p001-loc01,Gemeente Den Haag,The Hague,Gemeente Den Haag,GeoNames,2747372,https://www.geonames.org/2747372,52.06866,4.28635,The Netherlands,,,001 F 017: 01-02,,,,,undated,,coordinates_supplied,copy_level_provenance_place,MEI,02138782-p001,https://data.cerl.org/mei/02138782,data/sample/mei-pilot.json,
02138782-p002-loc01,02138782,02138782,ih00430500,ih00430500,provenance_place,intermediate,2,1,02138782-p002,02138782-p002-loc01,Gemeente Den Haag,The Hague,Gemeente Den Haag,GeoNames,2747372,https://www.geonames.org/2747372,52.06866,4.28635,The Netherlands,,,001 F 017: 01-02,,,,,undated,,coordinates_supplied,copy_level_provenance_place,MEI,02138782-p002,https://data.cerl.org/mei/02138782,data/sample/mei-pilot.json,
02138782-current,02138782,02138782,ih00430500,ih00430500,current_holding,last,3,1,,,"Den Haag, Huis van het Boek ",,,,,,,,NL,TheHagueMMW,"Den Haag, Huis van het Boek ",001 F 017: 01-02,,,,2026-09-23,current_observation_only,,holding_institution_not_yet_geocoded,current_holding_statement,MEI,02138782,https://data.cerl.org/mei/02138782,data/sample/mei-pilot.json,Observed as the current holding institution; no arrival date is inferred.
02100561-print,02100561,02100561,ih00430500,ih00430500,print_place,first,0,1,,,Leiden,Leiden,,,,,,,,,,KW 150 G 4 [1],1494,1494,,,gw_extracted_year_range,,place_name_not_yet_geocoded,edition_level_print_statement,GW,13432,https://gesamtkatalogderwiegendrucke.de/docs/GW13432.htm,data/corpus/horae-gw-corpus.csv,Printing statement shared by copies of the edition.
02100561-p003-loc01,02100561,02100561,ih00430500,ih00430500,provenance_place,intermediate,3,1,02100561-p003,02100561-p003-loc01,Amsterdam,Amsterdam,Amsterdam,GeoNames,2759794,https://www.geonames.org/2759794,52.37403,4.88969,The Netherlands,,,KW 150 G 4 [1],1770,1832,18 | 19,,mei_timeperiod,a,coordinates_supplied,copy_level_provenance_place,MEI,02100561-p003,https://data.cerl.org/mei/02100561,data/sample/mei-pilot.json,
02100561-p004-loc01,02100561,02100561,ih00430500,ih00430500,provenance_place,intermediate,4,1,02100561-p004,02100561-p004-loc01,The Hague,The Hague,The Hague,GeoNames,2747373,https://www.geonames.org/2747373,52.07667,4.29861,The Netherlands,,,KW 150 G 4 [1],,1882,15 | 16 | 17 | 18 | 19,1884,mei_timeperiod,a,coordinates_supplied,copy_level_provenance_place,MEI,02100561-p004,https://data.cerl.org/mei/02100561,data/sample/mei-pilot.json,
02100561-p005-loc01,02100561,02100561,ih00430500,ih00430500,provenance_place,intermediate,5,1,02100561-p005,02100561-p005-loc01,The Hague,Den Haag,The Hague,GeoNames,2747373,https://www.geonames.org/2747373,52.07667,4.29861,The Netherlands,,,KW 150 G 4 [1],1884,,19,,mei_timeperiod,a,coordinates_supplied,copy_level_provenance_place,MEI,02100561-p005,https://data.cerl.org/mei/02100561,data/sample/mei-pilot.json,
02100561-current,02100561,02100561,ih00430500,ih00430500,current_holding,last,6,1,,,"Den Haag, Koninklijke Bibliotheek - Nationale Bibliotheek van Nederland",,,,,,,,NL,NLKB,"Den Haag, Koninklijke Bibliotheek - Nationale Bibliotheek van Nederland",KW 150 G 4 [1],,,,2026-09-23,current_observation_only,,holding_institution_not_yet_geocoded,current_holding_statement,MEI,02100561,https://data.cerl.org/mei/02100561,data/sample/mei-pilot.json,Observed as the current holding institution; no arrival date is inferred.
00560462-print,00560462,00560462,ih00431400,ih00431400,print_place,first,0,1,,,Schoonhoven,Schoonhoven,,,,,,,,,,Inc.6.E.13.1[3133],1498,1498,,,gw_extracted_year_range,,place_name_not_yet_geocoded,edition_level_print_statement,GW,13438,https://gesamtkatalogderwiegendrucke.de/docs/GW13438.htm,data/corpus/horae-gw-corpus.csv,Printing statement shared by copies of the edition.
00560462-p003-loc01,00560462,00560462,ih00431400,ih00431400,provenance_place,intermediate,3,1,00560462-p003,00560462-p003-loc01,Cambridge,Cambridge,Cambridge,GeoNames,2653941,https://www.geonames.org/2653941,52.2,0.11667,United Kingdom,,,Inc.6.E.13.1[3133],,,,,undated,a,coordinates_supplied,copy_level_provenance_place,MEI,00560462-p003,https://data.cerl.org/mei/00560462,data/sample/mei-pilot.json,
00560462-current,00560462,00560462,ih00431400,ih00431400,current_holding,last,4,1,,,"Cambridge, University Library",,,,,,,,GB,CambridgeUL,"Cambridge, University Library",Inc.6.E.13.1[3133],,,,2026-09-23,current_observation_only,,holding_institution_not_yet_geocoded,current_holding_statement,MEI,00560462,https://data.cerl.org/mei/00560462,data/sample/mei-pilot.json,Observed as the current holding institution; no arrival date is inferred.
02100225-print,02100225,02100225,ih00431400,ih00431400,print_place,first,0,1,,,Schoonhoven,Schoonhoven,,,,,,,,,,KW 150 G 10 [2],1498,1498,,,gw_extracted_year_range,,place_name_not_yet_geocoded,edition_level_print_statement,GW,13438,https://gesamtkatalogderwiegendrucke.de/docs/GW13438.htm,data/corpus/horae-gw-corpus.csv,Printing statement shared by copies of the edition.
02100225-p003-loc01,02100225,02100225,ih00431400,ih00431400,provenance_place,intermediate,3,1,02100225-p003,02100225-p003-loc01,Rotterdam,Rotterdam,Rotterdam,GeoNames,2747891,https://www.geonames.org/2747891,51.9225,4.47917,The Netherlands,,,KW 150 G 10 [2],,1876,15 | 16 | 17 | 18 | 19,,mei_timeperiod,a,coordinates_supplied,copy_level_provenance_place,MEI,02100225-p003,https://data.cerl.org/mei/02100225,data/sample/mei-pilot.json,
02100225-p004-loc01,02100225,02100225,ih00431400,ih00431400,provenance_place,intermediate,4,1,02100225-p004,02100225-p004-loc01,The Hague,Den Haag,The Hague,GeoNames,2747373,https://www.geonames.org/2747373,52.07667,4.29861,The Netherlands,,,KW 150 G 10 [2],1876,,19,"1876, July 24th",mei_timeperiod,a,coordinates_supplied,copy_level_provenance_place,MEI,02100225-p004,https://data.cerl.org/mei/02100225,data/sample/mei-pilot.json,
02100225-current,02100225,02100225,ih00431400,ih00431400,current_holding,last,5,1,,,"Den Haag, Koninklijke Bibliotheek - Nationale Bibliotheek van Nederland",,,,,,,,NL,NLKB,"Den Haag, Koninklijke Bibliotheek - Nationale Bibliotheek van Nederland",KW 150 G 10 [2],,,,2026-09-23,current_observation_only,,holding_institution_not_yet_geocoded,current_holding_statement,MEI,02100225,https://data.cerl.org/mei/02100225,data/sample/mei-pilot.json,Observed as the current holding institution; no arrival date is inferred.
02138784-print,02138784,02138784,ih00431400,ih00431400,print_place,first,0,1,,,Schoonhoven,Schoonhoven,,,,,,,,,,001 F 028,1498,1498,,,gw_extracted_year_range,,place_name_not_yet_geocoded,edition_level_print_statement,GW,13438,https://gesamtkatalogderwiegendrucke.de/docs/GW13438.htm,data/corpus/horae-gw-corpus.csv,Printing statement shared by copies of the edition.
02138784-p001-loc01,02138784,02138784,ih00431400,ih00431400,provenance_place,intermediate,1,1,02138784-p001,02138784-p001-loc01,Gemeente Den Haag,The Hague,Gemeente Den Haag,GeoNames,2747372,https://www.geonames.org/2747372,52.06866,4.28635,The Netherlands,,,001 F 028,,,,,undated,,coordinates_supplied,copy_level_provenance_place,MEI,02138784-p001,https://data.cerl.org/mei/02138784,data/sample/mei-pilot.json,
02138784-p002-loc01,02138784,02138784,ih00431400,ih00431400,provenance_place,intermediate,2,1,02138784-p002,02138784-p002-loc01,Gemeente Den Haag,The Hague,Gemeente Den Haag,GeoNames,2747372,https://www.geonames.org/2747372,52.06866,4.28635,The Netherlands,,,001 F 028,,,,,undated,,coordinates_supplied,copy_level_provenance_place,MEI,02138784-p002,https://data.cerl.org/mei/02138784,data/sample/mei-pilot.json,
02138784-current,02138784,02138784,ih00431400,ih00431400,current_holding,last,3,1,,,"Den Haag, Huis van het Boek ",,,,,,,,NL,TheHagueMMW,"Den Haag, Huis van het Boek ",001 F 028,,,,2026-09-23,current_observation_only,,holding_institution_not_yet_geocoded,current_holding_statement,MEI,02138784,https://data.cerl.org/mei/02138784,data/sample/mei-pilot.json,Observed as the current holding institution; no arrival date is inferred.
02138785-print,02138785,02138785,ih00431400,ih00431400,print_place,first,0,1,,,Schoonhoven,Schoonhoven,,,,,,,,,,001 F 021,1498,1498,,,gw_extracted_year_range,,place_name_not_yet_geocoded,edition_level_print_statement,GW,13438,https://gesamtkatalogderwiegendrucke.de/docs/GW13438.htm,data/corpus/horae-gw-corpus.csv,Printing statement shared by copies of the edition.
02138785-p001-loc01,02138785,02138785,ih00431400,ih00431400,provenance_place,intermediate,1,1,02138785-p001,02138785-p001-loc01,Gemeente Den Haag,The Hague,Gemeente Den Haag,GeoNames,2747372,https://www.geonames.org/2747372,52.06866,4.28635,The Netherlands,,,001 F 021,,,,,undated,,coordinates_supplied,copy_level_provenance_place,MEI,02138785-p001,https://data.cerl.org/mei/02138785,data/sample/mei-pilot.json,
02138785-p002-loc01,02138785,02138785,ih00431400,ih00431400,provenance_place,intermediate,2,1,02138785-p002,02138785-p002-loc01,Gemeente Den Haag,The Hague,Gemeente Den Haag,GeoNames,2747372,https://www.geonames.org/2747372,52.06866,4.28635,The Netherlands,,,001 F 021,,,,,undated,,coordinates_supplied,copy_level_provenance_place,MEI,02138785-p002,https://data.cerl.org/mei/02138785,data/sample/mei-pilot.json,
02138785-current,02138785,02138785,ih00431400,ih00431400,current_holding,last,3,1,,,"Den Haag, Huis van het Boek ",,,,,,,,NL,TheHagueMMW,"Den Haag, Huis van het Boek ",001 F 021,,,,2026-09-23,current_observation_only,,holding_institution_not_yet_geocoded,current_holding_statement,MEI,02138785,https://data.cerl.org/mei/02138785,data/sample/mei-pilot.json,Observed as the current holding institution; no arrival date is inferred.
00570256-print,00570256,00570256,ih00348050,ih00348050,print_place,first,0,1,,,Leipzig,Leipzig,,,,,,,,,,Rb 69,1495,1495,,,gw_extracted_year_range,,place_name_not_yet_geocoded,edition_level_print_statement,GW,12956,https://gesamtkatalogderwiegendrucke.de/docs/GW12956.htm,data/corpus/horae-gw-corpus.csv,Printing statement shared by copies of the edition.
00570256-p001-loc01,00570256,00570256,ih00348050,ih00348050,provenance_place,intermediate,1,1,00570256-p001,00570256-p001-loc01,Rheinau,Rheinau,Rheinau,GeoNames,11048417,https://www.geonames.org/11048417,47.63277,8.60251,Switzerland,,,Rb 69,1700,1862,17 | 18 | 19,,mei_timeperiod,a,coordinates_supplied,copy_level_provenance_place,MEI,00570256-p001,https://data.cerl.org/mei/00570256,data/sample/mei-pilot.json,
00570256-p002-loc01,00570256,00570256,ih00348050,ih00348050,provenance_place,intermediate,2,1,00570256-p002,00570256-p002-loc01,Zurich,Zürich,Zurich,GeoNames,2657896,https://www.geonames.org/2657896,47.36667,8.55,Switzerland,,,Rb 69,1864,1915,19 | 20,,mei_timeperiod,,coordinates_supplied,copy_level_provenance_place,MEI,00570256-p002,https://data.cerl.org/mei/00570256,data/sample/mei-pilot.json,
00570256-p003-loc01,00570256,00570256,ih00348050,ih00348050,provenance_place,intermediate,3,1,00570256-p003,00570256-p003-loc01,Zurich,Zürich,Zurich,GeoNames,2657896,https://www.geonames.org/2657896,47.36667,8.55,Switzerland,,,Rb 69,1916,,20,,mei_timeperiod,a,coordinates_supplied,copy_level_provenance_place,MEI,00570256-p003,https://data.cerl.org/mei/00570256,data/sample/mei-pilot.json,
00570256-current,00570256,00570256,ih00348050,ih00348050,current_holding,last,4,1,,,"Zürich, Zentralbibliothek",,,,,,,,CH,ZurichZB,"Zürich, Zentralbibliothek",Rb 69,,,,2026-09-23,current_observation_only,,holding_institution_not_yet_geocoded,current_holding_statement,MEI,00570256,https://data.cerl.org/mei/00570256,data/sample/mei-pilot.json,Observed as the current holding institution; no arrival date is inferred.
00200698-print,00200698,00200698,io00049000,io00049000,print_place,first,0,1,,,Ferrara,Ferrara,,,,,,,,,,S. 5. 1. 1,1497,1497,,,gw_extracted_year_range,,place_name_not_yet_geocoded,edition_level_print_statement,GW,13330,https://gesamtkatalogderwiegendrucke.de/docs/GW13330.htm,data/corpus/horae-gw-corpus.csv,Printing statement shared by copies of the edition.
00200698-current,00200698,00200698,io00049000,io00049000,current_holding,last,1,1,,,"Ferrara, Biblioteca Comunale Ariostea",,,,,,,,IT,FerraraC,"Ferrara, Biblioteca Comunale Ariostea",S. 5. 1. 1,,,,2026-09-23,current_observation_only,,holding_institution_not_yet_geocoded,current_holding_statement,MEI,00200698,https://data.cerl.org/mei/00200698,data/sample/mei-pilot.json,Observed as the current holding institution; no arrival date is inferred.
00200702-print,00200702,00200702,io00049000,io00049000,print_place,first,0,1,,,Ferrara,Ferrara,,,,,,,,,,Vélins 1548,1497,1497,,,gw_extracted_year_range,,place_name_not_yet_geocoded,edition_level_print_statement,GW,13330,https://gesamtkatalogderwiegendrucke.de/docs/GW13330.htm,data/corpus/horae-gw-corpus.csv,Printing statement shared by copies of the edition.
00200702-current,00200702,00200702,io00049000,io00049000,current_holding,last,1,1,,,"Paris, Bibliothèque nationale de France",,,,,,,,FR,ParisBN,"Paris, Bibliothèque nationale de France",Vélins 1548,,,,2026-09-23,current_observation_only,,holding_institution_not_yet_geocoded,current_holding_statement,MEI,00200702,https://data.cerl.org/mei/00200702,data/sample/mei-pilot.json,Observed as the current holding institution; no arrival date is inferred.
00200701-print,00200701,00200701,io00049000,io00049000,print_place,first,0,1,,,Ferrara,Ferrara,,,,,,,,,,ChL 1037,1497,1497,,,gw_extracted_year_range,,place_name_not_yet_geocoded,edition_level_print_statement,GW,13330,https://gesamtkatalogderwiegendrucke.de/docs/GW13330.htm,data/corpus/horae-gw-corpus.csv,Printing statement shared by copies of the edition.
00200701-current,00200701,00200701,io00049000,io00049000,current_holding,last,1,1,,,"New York NY, The Morgan Library and Museum",,,,,,,,US,NewYorkNYPierpontMorganLibrary,"New York NY, The Morgan Library and Museum",ChL 1037,,,,2026-09-23,current_observation_only,,holding_institution_not_yet_geocoded,current_holding_statement,MEI,00200701,https://data.cerl.org/mei/00200701,data/sample/mei-pilot.json,Observed as the current holding institution; no arrival date is inferred.
00200700-print,00200700,00200700,io00049000,io00049000,print_place,first,0,1,,,Ferrara,Ferrara,,,,,,,,,,[alfa]. C. 10. 33,1497,1497,,,gw_extracted_year_range,,place_name_not_yet_geocoded,edition_level_print_statement,GW,13330,https://gesamtkatalogderwiegendrucke.de/docs/GW13330.htm,data/corpus/horae-gw-corpus.csv,Printing statement shared by copies of the edition.
00200700-current,00200700,00200700,io00049000,io00049000,current_holding,last,1,1,,,"Modena, Biblioteca Estense Universitaria",,,,,,,,IT,ModenaEst,"Modena, Biblioteca Estense Universitaria",[alfa]. C. 10. 33,,,,2026-09-23,current_observation_only,,holding_institution_not_yet_geocoded,current_holding_statement,MEI,00200700,https://data.cerl.org/mei/00200700,data/sample/mei-pilot.json,Observed as the current holding institution; no arrival date is inferred.
00200699-print,00200699,00200699,io00049000,io00049000,print_place,first,0,1,,,Ferrara,Ferrara,,,,,,,,,,S. 16. 4. 15,1497,1497,,,gw_extracted_year_range,,place_name_not_yet_geocoded,edition_level_print_statement,GW,13330,https://gesamtkatalogderwiegendrucke.de/docs/GW13330.htm,data/corpus/horae-gw-corpus.csv,Printing statement shared by copies of the edition.
00200699-current,00200699,00200699,io00049000,io00049000,current_holding,last,1,1,,,"Ferrara, Biblioteca Comunale Ariostea",,,,,,,,IT,FerraraC,"Ferrara, Biblioteca Comunale Ariostea",S. 16. 4. 15,,,,2026-09-23,current_observation_only,,holding_institution_not_yet_geocoded,current_holding_statement,MEI,00200699,https://data.cerl.org/mei/00200699,data/sample/mei-pilot.json,Observed as the current holding institution; no arrival date is inferred.
00200703-print,00200703,00200703,io00049000,io00049000,print_place,first,0,1,,,Ferrara,Ferrara,,,,,,,,,,Incun. 1497.C3,1497,1497,,,gw_extracted_year_range,,place_name_not_yet_geocoded,edition_level_print_statement,GW,13330,https://gesamtkatalogderwiegendrucke.de/docs/GW13330.htm,data/corpus/horae-gw-corpus.csv,Printing statement shared by copies of the edition.
00200703-current,00200703,00200703,io00049000,io00049000,current_holding,last,1,1,,,"Washington DC, Library of Congress, Rare Book Division, Lessing J. Rosenwald Collection",,,,,,,,US,WashingtonLoC,"Washington DC, Library of Congress, Rare Book Division, Lessing J. Rosenwald Collection",Incun. 1497.C3,,,,2026-09-23,current_observation_only,,holding_institution_not_yet_geocoded,current_holding_statement,MEI,00200703,https://data.cerl.org/mei/00200703,data/sample/mei-pilot.json,Observed as the current holding institution; no arrival date is inferred.
02000909-print,02000909,02000909,io00049000,io00049000,print_place,first,0,1,,,Ferrara,Ferrara,,,,,,,,,,IA.25755,1497,1497,,,gw_extracted_year_range,,place_name_not_yet_geocoded,edition_level_print_statement,GW,13330,https://gesamtkatalogderwiegendrucke.de/docs/GW13330.htm,data/corpus/horae-gw-corpus.csv,Printing statement shared by copies of the edition.
02000909-p001-loc01,02000909,02000909,io00049000,io00049000,provenance_place,intermediate,1,1,02000909-p001,02000909-p001-loc01,Ferrara,Ferrara,Ferrara,GeoNames,6299592,https://www.geonames.org/6299592,44.83333,11.61667,Italy,,,IA.25755,1701,1772,18,,mei_timeperiod,a,coordinates_supplied,copy_level_provenance_place,MEI,02000909-p001,https://data.cerl.org/mei/02000909,data/sample/mei-pilot.json,
02000909-p002-loc01,02000909,02000909,io00049000,io00049000,provenance_place,intermediate,2,1,02000909-p002,02000909-p002-loc01,Ferrara,Ferrara,Ferrara,GeoNames,6299592,https://www.geonames.org/6299592,44.83333,11.61667,Italy,,,IA.25755,1701,1858,18 | 19,,mei_timeperiod,a,coordinates_supplied,copy_level_provenance_place,MEI,02000909-p002,https://data.cerl.org/mei/02000909,data/sample/mei-pilot.json,
02000909-p003-loc01,02000909,02000909,io00049000,io00049000,provenance_place,intermediate,3,1,02000909-p003,02000909-p003-loc01,London,London,London,GeoNames,2643743,https://www.geonames.org/2643743,51.50853,-0.12574,United Kingdom,,,IA.25755,1858,,19,,mei_timeperiod,a,coordinates_supplied,copy_level_provenance_place,MEI,02000909-p003,https://data.cerl.org/mei/02000909,data/sample/mei-pilot.json,
02000909-current,02000909,02000909,io00049000,io00049000,current_holding,last,4,1,,,"London, British Library",,,,,,,,GB,LondonBL,"London, British Library",IA.25755,,,,2026-09-23,current_observation_only,,holding_institution_not_yet_geocoded,current_holding_statement,MEI,02000909,https://data.cerl.org/mei/02000909,data/sample/mei-pilot.json,Observed as the current holding institution; no arrival date is inferred.
00205587-print,00205587,00205587,ih00420580,ih00420580,print_place,first,0,1,,,Paris oder Rouen,Paris oder Rouen,,,,,,,,,,Douce 24.,1495,1495,,,gw_extracted_year_range,,place_name_not_yet_geocoded,edition_level_print_statement,GW,13093,https://gesamtkatalogderwiegendrucke.de/docs/GW13093.htm,data/corpus/horae-gw-corpus.csv,Printing statement shared by copies of the edition.
00205587-p005-loc01,00205587,00205587,ih00420580,ih00420580,provenance_place,intermediate,5,1,00205587-p005,00205587-p005-loc01,London,London,London,GeoNames,2643743,https://www.geonames.org/2643743,51.50853,-0.12574,United Kingdom,,,Douce 24.,1701,1900,18 | 19,,mei_timeperiod,,coordinates_supplied,copy_level_provenance_place,MEI,00205587-p005,https://data.cerl.org/mei/00205587,data/sample/mei-pilot.json,
00205587-p007-loc01,00205587,00205587,ih00420580,ih00420580,provenance_place,intermediate,7,1,00205587-p007,00205587-p007-loc01,Oxford,Oxford,Oxford,GeoNames,2640729,https://www.geonames.org/2640729,51.75222,-1.25596,United Kingdom,,,Douce 24.,,,,,undated,,coordinates_supplied,copy_level_provenance_place,MEI,00205587-p007,https://data.cerl.org/mei/00205587,data/sample/mei-pilot.json,
00205587-current,00205587,00205587,ih00420580,ih00420580,current_holding,last,8,1,,,"Oxford, Bodleian Library",,,,,,,,GB,OxfordBodley,"Oxford, Bodleian Library",Douce 24.,,,,2026-09-23,current_observation_only,,holding_institution_not_yet_geocoded,current_holding_statement,MEI,00205587,https://data.cerl.org/mei/00205587,data/sample/mei-pilot.json,Observed as the current holding institution; no arrival date is inferred.
00212866-print,00212866,00212866,ih00420580,ih00420580,print_place,first,0,1,,,Paris oder Rouen,Paris oder Rouen,,,,,,,,,,Douce 24.,1495,1495,,,gw_extracted_year_range,,place_name_not_yet_geocoded,edition_level_print_statement,GW,13093,https://gesamtkatalogderwiegendrucke.de/docs/GW13093.htm,data/corpus/horae-gw-corpus.csv,Printing statement shared by copies of the edition.
00212866-p002-loc01,00212866,00212866,ih00420580,ih00420580,provenance_place,intermediate,2,1,00212866-p002,00212866-p002-loc01,Oxford,Oxford,Oxford,GeoNames,2640729,https://www.geonames.org/2640729,51.75222,-1.25596,United Kingdom,,,Douce 24.,,,,,undated,,coordinates_supplied,copy_level_provenance_place,MEI,00212866-p002,https://data.cerl.org/mei/00212866,data/sample/mei-pilot.json,
00212866-current,00212866,00212866,ih00420580,ih00420580,current_holding,last,3,1,,,"Oxford, Bodleian Library",,,,,,,,GB,OxfordBodley,"Oxford, Bodleian Library",Douce 24.,,,,2026-09-23,current_observation_only,,holding_institution_not_yet_geocoded,current_holding_statement,MEI,00212866,https://data.cerl.org/mei/00212866,data/sample/mei-pilot.json,Observed as the current holding institution; no arrival date is inferred.
02010269-print,02010269,02010269,ih00427965,ih00427965,print_place,first,0,1,,,Montserrat,Montserrat,,,,,,,,,,MD/H/13 (5),1499,1499,,,gw_extracted_year_range,,place_name_not_yet_geocoded,edition_level_print_statement,GW,13441,https://gesamtkatalogderwiegendrucke.de/docs/GW13441.htm,data/corpus/horae-gw-corpus.csv,Printing statement shared by copies of the edition.
02010269-current,02010269,02010269,ih00427965,ih00427965,current_holding,last,1,1,,,"Madrid, Real Biblioteca",,,,,,,,ES,MadridBPalacioReal,"Madrid, Real Biblioteca",MD/H/13 (5),,,,2026-09-23,current_observation_only,,holding_institution_not_yet_geocoded,current_holding_statement,MEI,02010269,https://data.cerl.org/mei/02010269,data/sample/mei-pilot.json,Observed as the current holding institution; no arrival date is inferred.
02126520-print,02126520,02126520,ih00484300,ih00484300,print_place,first,0,1,,,Krakau,Krakau,,,,,,,,,,I-9,1491,1491,,,gw_extracted_year_range,,place_name_not_yet_geocoded,edition_level_print_statement,GW,13447,https://gesamtkatalogderwiegendrucke.de/docs/GW13447.htm,data/corpus/horae-gw-corpus.csv,Printing statement shared by copies of the edition.
02126520-p002-loc01,02126520,02126520,ih00484300,ih00484300,provenance_place,intermediate,2,1,02126520-p002,02126520-p002-loc01,Zhirovichi,Zhyrovichy,Zhirovichi,GeoNames,618818,https://www.geonames.org/618818,53.0131,25.3443,Belarus,,,I-9,1758,1839,18 | 19,,mei_timeperiod,a,coordinates_supplied,copy_level_provenance_place,MEI,02126520-p002,https://data.cerl.org/mei/02126520,data/sample/mei-pilot.json,
02126520-p003-loc01,02126520,02126520,ih00484300,ih00484300,provenance_place,intermediate,3,1,02126520-p003,02126520-p003-loc01,Vilnius,Vilnius,Vilnius,GeoNames,593116,https://www.geonames.org/593116,54.68916,25.2798,Lithuania,,,I-9,1845,1939,19 | 20,,mei_timeperiod,a,coordinates_supplied,copy_level_provenance_place,MEI,02126520-p003,https://data.cerl.org/mei/02126520,data/sample/mei-pilot.json,
02126520-p004-loc01,02126520,02126520,ih00484300,ih00484300,provenance_place,intermediate,4,1,02126520-p004,02126520-p004-loc01,Vilnius,Vilnius,Vilnius,GeoNames,593116,https://www.geonames.org/593116,54.68916,25.2798,Lithuania,,,I-9,1940,,20,,mei_timeperiod,a,coordinates_supplied,copy_level_provenance_place,MEI,02126520-p004,https://data.cerl.org/mei/02126520,data/sample/mei-pilot.json,
02126520-current,02126520,02126520,ih00484300,ih00484300,current_holding,last,5,1,,,"Vilnius, Lietuvos mokslų akademijos Vrublevskių biblioteka",,,,,,,,LT,VilniusAcad,"Vilnius, Lietuvos mokslų akademijos Vrublevskių biblioteka",I-9,,,,2026-09-23,current_observation_only,,holding_institution_not_yet_geocoded,current_holding_statement,MEI,02126520,https://data.cerl.org/mei/02126520,data/sample/mei-pilot.json,Observed as the current holding institution; no arrival date is inferred.
00200668-print,00200668,00200668,ih00336100,ih00336100,print_place,first,0,1,,,Italien,Italien,,,,,,,,,,8o inc. 4635.10,1500,1500,,,gw_extracted_year_range,,place_name_not_yet_geocoded,edition_level_print_statement,GW,13328,https://gesamtkatalogderwiegendrucke.de/docs/GW13328.htm,data/corpus/horae-gw-corpus.csv,Printing statement shared by copies of the edition.
00200668-current,00200668,00200668,ih00336100,ih00336100,current_holding,last,1,1,,,"Berlin, Staatsbibliothek",,,,,,,,DE,BerlinSB,"Berlin, Staatsbibliothek",8o inc. 4635.10,,,,2026-09-23,current_observation_only,,holding_institution_not_yet_geocoded,current_holding_statement,MEI,00200668,https://data.cerl.org/mei/00200668,data/sample/mei-pilot.json,Observed as the current holding institution; no arrival date is inferred.
00201995-print,00201995,00201995,ih00357370,ih00357370,print_place,first,0,1,,,Venedig,Venedig,,,,,,,,,,1761 I P C.,1500,1500,,,gw_extracted_year_range,,place_name_not_yet_geocoded,edition_level_print_statement,GW,1338820N,https://gesamtkatalogderwiegendrucke.de/docs/GW1338820N.htm,data/corpus/horae-gw-corpus.csv,Printing statement shared by copies of the edition.
00201995-p001-loc01,00201995,00201995,ih00357370,ih00357370,provenance_place,intermediate,1,1,00201995-p001,00201995-p001-loc01,Brescia,Brescia,Brescia,GeoNames,3181554,https://www.geonames.org/3181554,45.53558,10.21472,Italy,,,1761 I P C.,1510,1510,16,1510,mei_timeperiod,,coordinates_supplied,copy_level_provenance_place,MEI,00201995-p001,https://data.cerl.org/mei/00201995,data/sample/mei-pilot.json,
00201995-p002-loc01,00201995,00201995,ih00357370,ih00357370,provenance_place,intermediate,2,1,00201995-p002,00201995-p002-loc01,Brescia,Brescia,Brescia,GeoNames,3181554,https://www.geonames.org/3181554,45.53558,10.21472,Italy,,,1761 I P C.,1511,1530,16,,mei_timeperiod,,coordinates_supplied,copy_level_provenance_place,MEI,00201995-p002,https://data.cerl.org/mei/00201995,data/sample/mei-pilot.json,
00201995-p003-loc01,00201995,00201995,ih00357370,ih00357370,provenance_place,intermediate,3,1,00201995-p003,00201995-p003-loc01,Milan,Milan,Milan,GeoNames,3173435,https://www.geonames.org/3173435,45.46427,9.18951,Italy,,,1761 I P C.,1450,1525,15 | 16,,mei_timeperiod,,coordinates_supplied,copy_level_provenance_place,MEI,00201995-p003,https://data.cerl.org/mei/00201995,data/sample/mei-pilot.json,
00201995-p004-loc01,00201995,00201995,ih00357370,ih00357370,provenance_place,intermediate,4,1,00201995-p004,00201995-p004-loc01,Ljubljana,Ljubljana,Ljubljana,GeoNames,3196359,https://www.geonames.org/3196359,46.05108,14.50513,Slovenia,,,1761 I P C.,1774,,18,,mei_timeperiod,,coordinates_supplied,copy_level_provenance_place,MEI,00201995-p004,https://data.cerl.org/mei/00201995,data/sample/mei-pilot.json,
00201995-current,00201995,00201995,ih00357370,ih00357370,current_holding,last,5,1,,,"Ljubljana, Narodna in univerzitetna knjižnica",,,,,,,,SI,LjubljanaNUK,"Ljubljana, Narodna in univerzitetna knjižnica",1761 I P C.,,,,2026-09-23,current_observation_only,,holding_institution_not_yet_geocoded,current_holding_statement,MEI,00201995,https://data.cerl.org/mei/00201995,data/sample/mei-pilot.json,Observed as the current holding institution; no arrival date is inferred.
00200533-print,00200533,00200533,ih00357350,ih00357350,print_place,first,0,1,,,Neapel,Neapel,,,,,,,,,,(no shelfmark),,,,,gw_date_not_yet_extracted,,place_name_not_yet_geocoded,edition_level_print_statement,GW,1333510,https://gesamtkatalogderwiegendrucke.de/docs/GW1333510.htm,data/corpus/horae-gw-corpus.csv,Printing statement shared by copies of the edition.
00200533-p003-loc01,00200533,00200533,ih00357350,ih00357350,provenance_place,intermediate,3,1,00200533-p003,00200533-p003-loc01,Cranham,Prinknash Abbey,Cranham,GeoNames,6690806,https://www.geonames.org/6690806,51.56565,0.2659,United Kingdom,,,(no shelfmark),1888,2007,19 | 20 | 21,,mei_timeperiod,,coordinates_supplied,copy_level_provenance_place,MEI,00200533-p003,https://data.cerl.org/mei/00200533,data/sample/mei-pilot.json,"Monastery in the Vale of Gloucester in the Diocese of Clifton, near the village of Cranham, Gloucestershire."
00200533-p004-loc01,00200533,00200533,ih00357350,ih00357350,provenance_place,intermediate,4,1,00200533-p004,00200533-p004-loc01,Swindon,Swindon,Swindon,GeoNames,2636389,https://www.geonames.org/2636389,51.55797,-1.78116,United Kingdom,,,(no shelfmark),2007,2007,21,,mei_timeperiod,,coordinates_supplied,copy_level_provenance_place,MEI,00200533-p004,https://data.cerl.org/mei/00200533,data/sample/mei-pilot.json,
00200533-p005-loc01,00200533,00200533,ih00357350,ih00357350,provenance_place,intermediate,5,1,00200533-p005,00200533-p005-loc01,London,London,,GeoNames,2643743,https://www.geonames.org/2643743,,,,,,(no shelfmark),2007,2007,21,,mei_timeperiod,,authority_without_coordinates,copy_level_provenance_place,MEI,00200533-p005,https://data.cerl.org/mei/00200533,data/sample/mei-pilot.json,
00200533-p006-loc01,00200533,00200533,ih00357350,ih00357350,provenance_place,intermediate,6,1,00200533-p006,00200533-p006-loc01,London,London,,GeoNames,2643743,https://www.geonames.org/2643743,,,,,,(no shelfmark),2007,,21,,mei_timeperiod,,authority_without_coordinates,copy_level_provenance_place,MEI,00200533-p006,https://data.cerl.org/mei/00200533,data/sample/mei-pilot.json,
00200533-current,00200533,00200533,ih00357350,ih00357350,current_holding,last,7,1,,,"London, C. Dondi",,,,,,,,GB,LondonCDondi,"London, C. Dondi",(no shelfmark),,,,2026-09-23,current_observation_only,,holding_institution_not_yet_geocoded,current_holding_statement,MEI,00200533,https://data.cerl.org/mei/00200533,data/sample/mei-pilot.json,Observed as the current holding institution; no arrival date is inferred.
00200693-print,00200693,00200693,ic00788600,ic00788600,print_place,first,0,1,,,Florenz,Florenz,,,,,,,,,,B. 5. 32,,,,,gw_date_not_yet_extracted,,place_name_not_yet_geocoded,edition_level_print_statement,GW,13394,https://gesamtkatalogderwiegendrucke.de/docs/GW13394.htm,data/corpus/horae-gw-corpus.csv,Printing statement shared by copies of the edition.
00200693-current,00200693,00200693,ic00788600,ic00788600,current_holding,last,1,1,,,"Firenze, Biblioteca Nazionale Centrale",,,,,,,,IT,FirenzeN,"Firenze, Biblioteca Nazionale Centrale",B. 5. 32,,,,2026-09-23,current_observation_only,,holding_institution_not_yet_geocoded,current_holding_statement,MEI,00200693,https://data.cerl.org/mei/00200693,data/sample/mei-pilot.json,Observed as the current holding institution; no arrival date is inferred.
00200696-print,00200696,00200696,ic00788600,ic00788600,print_place,first,0,1,,,Florenz,Florenz,,,,,,,,,,Rés. B. 2912,,,,,gw_date_not_yet_extracted,,place_name_not_yet_geocoded,edition_level_print_statement,GW,13394,https://gesamtkatalogderwiegendrucke.de/docs/GW13394.htm,data/corpus/horae-gw-corpus.csv,Printing statement shared by copies of the edition.
00200696-current,00200696,00200696,ic00788600,ic00788600,current_holding,last,1,1,,,"Paris, Bibliothèque nationale de France",,,,,,,,FR,ParisBN,"Paris, Bibliothèque nationale de France",Rés. B. 2912,,,,2026-09-23,current_observation_only,,holding_institution_not_yet_geocoded,current_holding_statement,MEI,00200696,https://data.cerl.org/mei/00200696,data/sample/mei-pilot.json,Observed as the current holding institution; no arrival date is inferred.
00200695-print,00200695,00200695,ic00788600,ic00788600,print_place,first,0,1,,,Florenz,Florenz,,,,,,,,,,[alfa]. C.2.4,,,,,gw_date_not_yet_extracted,,place_name_not_yet_geocoded,edition_level_print_statement,GW,13394,https://gesamtkatalogderwiegendrucke.de/docs/GW13394.htm,data/corpus/horae-gw-corpus.csv,Printing statement shared by copies of the edition.
00200695-current,00200695,00200695,ic00788600,ic00788600,current_holding,last,1,1,,,"Modena, Biblioteca Estense Universitaria",,,,,,,,IT,ModenaEst,"Modena, Biblioteca Estense Universitaria",[alfa]. C.2.4,,,,2026-09-23,current_observation_only,,holding_institution_not_yet_geocoded,current_holding_statement,MEI,00200695,https://data.cerl.org/mei/00200695,data/sample/mei-pilot.json,Observed as the current holding institution; no arrival date is inferred.
00200697-print,00200697,00200697,ic00788600,ic00788600,print_place,first,0,1,,,Florenz,Florenz,,,,,,,,,,M VI 021,,,,,gw_date_not_yet_extracted,,place_name_not_yet_geocoded,edition_level_print_statement,GW,13394,https://gesamtkatalogderwiegendrucke.de/docs/GW13394.htm,data/corpus/horae-gw-corpus.csv,Printing statement shared by copies of the edition.
00200697-current,00200697,00200697,ic00788600,ic00788600,current_holding,last,1,1,,,"Siena, Biblioteca Comunale degli Intronati",,,,,,,,IT,SienaC,"Siena, Biblioteca Comunale degli Intronati",M VI 021,,,,2026-09-23,current_observation_only,,holding_institution_not_yet_geocoded,current_holding_statement,MEI,00200697,https://data.cerl.org/mei/00200697,data/sample/mei-pilot.json,Observed as the current holding institution; no arrival date is inferred.
00200694-print,00200694,00200694,ic00788600,ic00788600,print_place,first,0,1,,,Florenz,Florenz,,,,,,,,,,Pal. D. 7. 6. 3,,,,,gw_date_not_yet_extracted,,place_name_not_yet_geocoded,edition_level_print_statement,GW,13394,https://gesamtkatalogderwiegendrucke.de/docs/GW13394.htm,data/corpus/horae-gw-corpus.csv,Printing statement shared by copies of the edition.
00200694-p001-loc01,00200694,00200694,ic00788600,ic00788600,provenance_place,intermediate,1,1,00200694-p001,00200694-p001-loc01,Florence,Florence,Florence,GeoNames,3176959,https://www.geonames.org/3176959,43.77925,11.24626,Italy,,,Pal. D. 7. 6. 3,1498,1505,15 | 16,,mei_timeperiod,,coordinates_supplied,copy_level_provenance_place,MEI,00200694-p001,https://data.cerl.org/mei/00200694,data/sample/mei-pilot.json,
00200694-p002-loc01,00200694,00200694,ic00788600,ic00788600,provenance_place,intermediate,2,1,00200694-p002,00200694-p002-loc01,Florence,Florence,Florence,GeoNames,3176959,https://www.geonames.org/3176959,43.77925,11.24626,Italy,,,Pal. D. 7. 6. 3,1505,1505,16,1505,mei_timeperiod,,coordinates_supplied,copy_level_provenance_place,MEI,00200694-p002,https://data.cerl.org/mei/00200694,data/sample/mei-pilot.json,
00200694-p003-loc01,00200694,00200694,ic00788600,ic00788600,provenance_place,intermediate,3,1,00200694-p003,00200694-p003-loc01,Florence,Florence,Florence,GeoNames,3176959,https://www.geonames.org/3176959,43.77925,11.24626,Italy,,,Pal. D. 7. 6. 3,1745,1771,18,,mei_timeperiod,,coordinates_supplied,copy_level_provenance_place,MEI,00200694-p003,https://data.cerl.org/mei/00200694,data/sample/mei-pilot.json,
00200694-p004-loc01,00200694,00200694,ic00788600,ic00788600,provenance_place,intermediate,4,1,00200694-p004,00200694-p004-loc01,Florence,Firenze,Florence,GeoNames,3176959,https://www.geonames.org/3176959,43.77925,11.24626,Italy,,,Pal. D. 7. 6. 3,1861,,19,,mei_timeperiod,,coordinates_supplied,copy_level_provenance_place,MEI,00200694-p004,https://data.cerl.org/mei/00200694,data/sample/mei-pilot.json,
00200694-current,00200694,00200694,ic00788600,ic00788600,current_holding,last,5,1,,,"Firenze, Biblioteca Nazionale Centrale",,,,,,,,IT,FirenzeN,"Firenze, Biblioteca Nazionale Centrale",Pal. D. 7. 6. 3,,,,2026-09-23,current_observation_only,,holding_institution_not_yet_geocoded,current_holding_statement,MEI,00200694,https://data.cerl.org/mei/00200694,data/sample/mei-pilot.json,Observed as the current holding institution; no arrival date is inferred.
02139272-print,02139272,02139272,ir00360500,ir00360500,print_place,first,0,1,,,Utrecht,Utrecht,,,,,,,,,,001 E 068: 02,1480,1480,,,gw_extracted_year_range,,place_name_not_yet_geocoded,edition_level_print_statement,GW,M39208,https://gesamtkatalogderwiegendrucke.de/docs/GWM39208.htm,data/corpus/supplementary-gw-corpus.csv,Printing statement shared by copies of the edition.
02139272-p001-loc01,02139272,02139272,ir00360500,ir00360500,provenance_place,intermediate,1,1,02139272-p001,02139272-p001-loc01,Gemeente Den Haag,The Hague,Gemeente Den Haag,GeoNames,2747372,https://www.geonames.org/2747372,52.06866,4.28635,The Netherlands,,,001 E 068: 02,,,,,undated,,coordinates_supplied,copy_level_provenance_place,MEI,02139272-p001,https://data.cerl.org/mei/02139272,data/sample/mei-pilot.json,
02139272-p002-loc01,02139272,02139272,ir00360500,ir00360500,provenance_place,intermediate,2,1,02139272-p002,02139272-p002-loc01,Gemeente Den Haag,The Hague,Gemeente Den Haag,GeoNames,2747372,https://www.geonames.org/2747372,52.06866,4.28635,The Netherlands,,,001 E 068: 02,,,,,undated,,coordinates_supplied,copy_level_provenance_place,MEI,02139272-p002,https://data.cerl.org/mei/02139272,data/sample/mei-pilot.json,
02139272-current,02139272,02139272,ir00360500,ir00360500,current_holding,last,3,1,,,"Den Haag, Huis van het Boek ",,,,,,,,NL,TheHagueMMW,"Den Haag, Huis van het Boek ",001 E 068: 02,,,,2026-09-23,current_observation_only,,holding_institution_not_yet_geocoded,current_holding_statement,MEI,02139272,https://data.cerl.org/mei/02139272,data/sample/mei-pilot.json,Observed as the current holding institution; no arrival date is inferred.
02101635-print,02101635,02101635,ir00360500,ir00360500,print_place,first,0,1,,,Utrecht,Utrecht,,,,,,,,,,KW 168 G 42,1480,1480,,,gw_extracted_year_range,,place_name_not_yet_geocoded,edition_level_print_statement,GW,M39208,https://gesamtkatalogderwiegendrucke.de/docs/GWM39208.htm,data/corpus/supplementary-gw-corpus.csv,Printing statement shared by copies of the edition.
02101635-p003-loc01,02101635,02101635,ir00360500,ir00360500,provenance_place,intermediate,3,1,02101635-p003,02101635-p003-loc01,Frenswegen,Frenswegen,Frenswegen,GeoNames,2924979,https://www.geonames.org/2924979,52.45439,7.03698,Germany,,,KW 168 G 42,1763,1817,18 | 19,,mei_timeperiod,a,coordinates_supplied,copy_level_provenance_place,MEI,02101635-p003,https://data.cerl.org/mei/02101635,data/sample/mei-pilot.json,
02101635-p004-loc01,02101635,02101635,ir00360500,ir00360500,provenance_place,intermediate,4,1,02101635-p004,02101635-p004-loc01,The Hague,Den Haag,The Hague,GeoNames,2747373,https://www.geonames.org/2747373,52.07667,4.29861,The Netherlands,,,KW 168 G 42,1829,,19,,mei_timeperiod,a,coordinates_supplied,copy_level_provenance_place,MEI,02101635-p004,https://data.cerl.org/mei/02101635,data/sample/mei-pilot.json,
02101635-current,02101635,02101635,ir00360500,ir00360500,current_holding,last,5,1,,,"Den Haag, Koninklijke Bibliotheek - Nationale Bibliotheek van Nederland",,,,,,,,NL,NLKB,"Den Haag, Koninklijke Bibliotheek - Nationale Bibliotheek van Nederland",KW 168 G 42,,,,2026-09-23,current_observation_only,,holding_institution_not_yet_geocoded,current_holding_statement,MEI,02101635,https://data.cerl.org/mei/02101635,data/sample/mei-pilot.json,Observed as the current holding institution; no arrival date is inferred.
