gw_id,gw_title,gw_heading,print_place_gw,year_from,year_to,language_statement_gw_title,istc_id,gw_url,istc_url,technical_note,corpus_file
02007,"Anna, Hl. Orationes diversae et devotae de S. Anna, de S. Maria, de S. Mauricio et SS. Candido et Exuperio.","Anna, Hl. Orationes diversae et devotae de S. Anna, de S. Maria, de S. Mauricio et SS. Candido et Exuperio. [Leipzig: Konrad Kachelofen], 1495.",Leipzig,1495,1495,,ia00747200,https://gesamtkatalogderwiegendrucke.de/docs/GW02007.htm,https://data.cerl.org/istc/ia00747200,,supplementary-gw-corpus.csv
02008,"Anna, Hl. Orationes et alia pulchra ad S. Annam.","Anna, Hl. Orationes et alia pulchra ad S. Annam.",,,,,,https://gesamtkatalogderwiegendrucke.de/docs/GW02008.htm,,Im GW-Kopf keine ISTC-Verknüpfung gefunden,supplementary-gw-corpus.csv
02011,"Anna, Hl. Von S. Annas Rosenkranz.","Anna, Hl. Von S. Annas Rosenkranz. Erfurt: In S. Pauls Pfarr (Hans Sporer) , [um 1495]. 4°",Erfurt,1495,1495,,ia00747700,https://gesamtkatalogderwiegendrucke.de/docs/GW02011.htm,https://data.cerl.org/istc/ia00747700,,supplementary-gw-corpus.csv
04166,Bertholdus: Zeitglöcklein des Lebens und Leidens Christi.,"Bertholdus: Zeitglöcklein des Lebens und Leidens Christi. Kirchheim: [Markus Reinhard, um 1491]. 8°",Kirchheim,1491,1491,,ib00510800,https://gesamtkatalogderwiegendrucke.de/docs/GW04166.htm,https://data.cerl.org/istc/ib00510800,,supplementary-gw-corpus.csv
04167,"Bertholdus: Zeitglöcklein des Lebens und Leidens Christi. Daran: Birgitta: Orationes, deutsch. — Lob der Glieder Mariae.","Bertholdus: Zeitglöcklein des Lebens und Leidens Christi. Daran: Birgitta: Orationes, deutsch. — Lob der Glieder Mariae. Basel: [Johann Amerbach], 1492. 8°",Basel,1492,1492,deutsch,ib00511000,https://gesamtkatalogderwiegendrucke.de/docs/GW04167.htm,https://data.cerl.org/istc/ib00511000,,supplementary-gw-corpus.csv
04168,Bertholdus: Zeitglöcklein des Lebens und Leidens Christi.,"Bertholdus: Zeitglöcklein des Lebens und Leidens Christi. Basel: [Johann Amerbach], 1492. 8°",Basel,1492,1492,,ib00512000,https://gesamtkatalogderwiegendrucke.de/docs/GW04168.htm,https://data.cerl.org/istc/ib00512000,,supplementary-gw-corpus.csv
04169,"Bertholdus: Zeitglöcklein des Lebens und Leidens Christi. Daran: Pseudo-Augustinus, Aurelius: Oratio de tota passione domini, deutsch.","Bertholdus: Zeitglöcklein des Lebens und Leidens Christi. Daran: Pseudo-Augustinus, Aurelius: Oratio de tota passione domini, deutsch. Nürnberg: Friedrich Creussner, 6.IV.1493. 8°",Nürnberg,1493,1493,deutsch,ib00513000,https://gesamtkatalogderwiegendrucke.de/docs/GW04169.htm,https://data.cerl.org/istc/ib00513000,,supplementary-gw-corpus.csv
04170,Bertholdus: Zeitglöcklein des Lebens und Leidens Christi.,"Bertholdus: Zeitglöcklein des Lebens und Leidens Christi. [Reutlingen: Michael Greyff, um 1494]. 8°",Reutlingen,1494,1494,,ib00514000,https://gesamtkatalogderwiegendrucke.de/docs/GW04170.htm,https://data.cerl.org/istc/ib00514000,,supplementary-gw-corpus.csv
04171,Bertholdus: Zeitglöcklein des Lebens und Leidens Christi. Daran: Lob der Glieder Mariae.,"Bertholdus: Zeitglöcklein des Lebens und Leidens Christi. Daran: Lob der Glieder Mariae. Nürnberg: Kaspar Hochfeder, [14]95. 16°",Nürnberg,1495,1495,,ib00515000,https://gesamtkatalogderwiegendrucke.de/docs/GW04171.htm,https://data.cerl.org/istc/ib00515000,,supplementary-gw-corpus.csv
0417110N,"Bertholdus: Zeitglöcklein des Lebens und Leidens Christi, lat.","Bertholdus: Zeitglöcklein des Lebens und Leidens Christi, lat.",,,,lat.,,https://gesamtkatalogderwiegendrucke.de/docs/GW0417110N.htm,,Im GW-Kopf keine ISTC-Verknüpfung gefunden,supplementary-gw-corpus.csv
04172,"Bertholdus: Zeitglöcklein des Lebens und Leidens Christi, lat.","Bertholdus: Zeitglöcklein des Lebens und Leidens Christi, lat. [Köln: Ulrich Zell, um 1488]. 16°",Köln,1488,1488,lat.,ib00503000,https://gesamtkatalogderwiegendrucke.de/docs/GW04172.htm,https://data.cerl.org/istc/ib00503000,,supplementary-gw-corpus.csv
04173,"Bertholdus: Zeitglöcklein des Lebens und Leidens Christi, lat. Daran: Birgitta: Orationes. — Columna, Aegidius: Hymnus in S. Veronicam.","Bertholdus: Zeitglöcklein des Lebens und Leidens Christi, lat. Daran: Birgitta: Orationes. — Columna, Aegidius: Hymnus in S. Veronicam. Augsburg: Anton Sorg, 1489. 8°",Augsburg,1489,1489,lat.,ib00504000,https://gesamtkatalogderwiegendrucke.de/docs/GW04173.htm,https://data.cerl.org/istc/ib00504000,,supplementary-gw-corpus.csv
04174,"Bertholdus: Zeitglöcklein des Lebens und Leidens Christi, lat. Daran: Pseudo-Augustinus, Aurelius: Oratio de tota passione domini.","Bertholdus: Zeitglöcklein des Lebens und Leidens Christi, lat. Daran: Pseudo-Augustinus, Aurelius: Oratio de tota passione domini. Nürnberg: Friedrich Creussner, 11.V.1489. 8°",Nürnberg,1489,1489,lat.,ib00505000,https://gesamtkatalogderwiegendrucke.de/docs/GW04174.htm,https://data.cerl.org/istc/ib00505000,,supplementary-gw-corpus.csv
04175,"Bertholdus: Zeitglöcklein des Lebens und Leidens Christi, lat.","Bertholdus: Zeitglöcklein des Lebens und Leidens Christi, lat. [Basel: Johann Amerbach, nicht nach 1490]. 8°",Basel,1490,1490,lat.,ib00506000,https://gesamtkatalogderwiegendrucke.de/docs/GW04175.htm,https://data.cerl.org/istc/ib00506000,,supplementary-gw-corpus.csv
04176,"Bertholdus: Zeitglöcklein des Lebens und Leidens Christi, lat.","Bertholdus: Zeitglöcklein des Lebens und Leidens Christi, lat. Köln: Johann Landen, [um 1498]. 8°",Köln,1498,1498,lat.,ib00507000,https://gesamtkatalogderwiegendrucke.de/docs/GW04176.htm,https://data.cerl.org/istc/ib00507000,,supplementary-gw-corpus.csv
0417705N,"Bertholdus: Zeitglöcklein des Lebens und Leidens Christi, franz. von Jean Quentin.","Bertholdus: Zeitglöcklein des Lebens und Leidens Christi, franz. von Jean Quentin. Paris: Etienne Jehannot, [um 1500]. 4°",Paris,1500,1500,franz.,iq00018000,https://gesamtkatalogderwiegendrucke.de/docs/GW0417705N.htm,https://data.cerl.org/istc/iq00018000,,supplementary-gw-corpus.csv
04187,Betrachtung eines andächtigen Menschen beim Rosenkranzgebet.,"Betrachtung eines andächtigen Menschen beim Rosenkranzgebet. [Nürnberg: Anton Koberger], 1492.",Nürnberg,1492,1492,,ib00521500,https://gesamtkatalogderwiegendrucke.de/docs/GW04187.htm,https://data.cerl.org/istc/ib00521500,,supplementary-gw-corpus.csv
04188,"Betrachtungen, begriffen in dem Rosenkranz.","Betrachtungen, begriffen in dem Rosenkranz. Ulm: Konrad Dinckmut, 1494. 8°",Ulm,1494,1494,,ib00521600,https://gesamtkatalogderwiegendrucke.de/docs/GW04188.htm,https://data.cerl.org/istc/ib00521600,,supplementary-gw-corpus.csv
04194,"Beysselius, Jodocus: Rosacea augustissimae christiferae Maria corona etc.","Beysselius, Jodocus: Rosacea augustissimae christiferae Maria corona etc. Antwerpen: Govert Bac, [um 1495]. 4°",Antwerpen,1495,1495,,ib00524000,https://gesamtkatalogderwiegendrucke.de/docs/GW04194.htm,https://data.cerl.org/istc/ib00524000,,supplementary-gw-corpus.csv
04195,"Beysselius, Jodocus: Tria rosacea coronamenta.","Beysselius, Jodocus: Tria rosacea coronamenta. Antwerpen: Govert Bac, 16.I.1495. 4°",Antwerpen,1495,1495,,ib00525000,https://gesamtkatalogderwiegendrucke.de/docs/GW04195.htm,https://data.cerl.org/istc/ib00525000,,supplementary-gw-corpus.csv
04362,Pseudo-Birgitta: Orationes quindecim. Daran: Oratio ad Christum in cruce pendentem.,"Pseudo-Birgitta: Orationes quindecim. Daran: Oratio ad Christum in cruce pendentem. [Venedig: Philippus Petri, um 1475/80]. 4°",Venedig,1475,1480,,ib00677000,https://gesamtkatalogderwiegendrucke.de/docs/GW04362.htm,https://data.cerl.org/istc/ib00677000,,supplementary-gw-corpus.csv
04363,"Pseudo-Birgitta: Orationes quindecim. Daran: Columna, Aegidius: Hymnus in S. Veronicam.","Pseudo-Birgitta: Orationes quindecim. Daran: Columna, Aegidius: Hymnus in S. Veronicam. [Rom: Johann Bulle, um 1478]. 8°",Rom,1478,1478,,ib00677300,https://gesamtkatalogderwiegendrucke.de/docs/GW04363.htm,https://data.cerl.org/istc/ib00677300,,supplementary-gw-corpus.csv
04364,Pseudo-Birgitta: Orationes quindecim.,"Pseudo-Birgitta: Orationes quindecim. [Rom: Stephan Plannck, um 1488/90]. 8°",Rom,1488,1490,,ib00677500,https://gesamtkatalogderwiegendrucke.de/docs/GW04364.htm,https://data.cerl.org/istc/ib00677500,,supplementary-gw-corpus.csv
04365,Pseudo-Birgitta: Orationes quindecim.,"Pseudo-Birgitta: Orationes quindecim. [Rom: Eucharius Silber, um 1490]. 8°",Rom,1490,1490,,ib00677400,https://gesamtkatalogderwiegendrucke.de/docs/GW04365.htm,https://data.cerl.org/istc/ib00677400,,supplementary-gw-corpus.csv
04366,Pseudo-Birgitta: Orationes quindecim.,"Pseudo-Birgitta: Orationes quindecim. [Rom: Stephan Plannck, nach 1491]. 8°",Rom,1491,1491,,ib00678000,https://gesamtkatalogderwiegendrucke.de/docs/GW04366.htm,https://data.cerl.org/istc/ib00678000,,supplementary-gw-corpus.csv
04367,Pseudo-Birgitta: Orationes quindecim. Daran: Jacopone da Todi: VII dolores beatae Mariae (Stabat mater). — Oratio ad Beatam Virginem Mariam.,"Pseudo-Birgitta: Orationes quindecim. Daran: Jacopone da Todi: VII dolores beatae Mariae (Stabat mater). — Oratio ad Beatam Virginem Mariam. [Rom: Johann Besicken, um 1494]. 8°",Rom,1494,1494,,ib00678500,https://gesamtkatalogderwiegendrucke.de/docs/GW04367.htm,https://data.cerl.org/istc/ib00678500,,supplementary-gw-corpus.csv
04368,"Pseudo-Birgitta: Orationes quindecim. Daran: Pseudo-Augustinus, Aurelius: Oratio pro tribulatis.","Pseudo-Birgitta: Orationes quindecim. Daran: Pseudo-Augustinus, Aurelius: Oratio pro tribulatis. [Rom: Stephan Plannck, um 1495]. 8°",Rom,1495,1495,,ib00679000,https://gesamtkatalogderwiegendrucke.de/docs/GW04368.htm,https://data.cerl.org/istc/ib00679000,,supplementary-gw-corpus.csv
04369,"Pseudo-Birgitta: Orationes quindecim. Daran: Pseudo-Augustinus, Aurelius: Oratio pro tribulatis.","Pseudo-Birgitta: Orationes quindecim. Daran: Pseudo-Augustinus, Aurelius: Oratio pro tribulatis. [Rom: Stephan Plannck, um 1495]. 8°",Rom,1495,1495,,ib00679100,https://gesamtkatalogderwiegendrucke.de/docs/GW04369.htm,https://data.cerl.org/istc/ib00679100,,supplementary-gw-corpus.csv
04370,"Pseudo-Birgitta: Orationes quindecim. Daran: Pseudo-Augustinus, Aurelius: Oratio pro tribulatis.","Pseudo-Birgitta: Orationes quindecim. Daran: Pseudo-Augustinus, Aurelius: Oratio pro tribulatis. [Rom: Eucharius Silber, um 1495]. 12°",Rom,1495,1495,,ib00679200,https://gesamtkatalogderwiegendrucke.de/docs/GW04370.htm,https://data.cerl.org/istc/ib00679200,,supplementary-gw-corpus.csv
04371,"Pseudo-Birgitta: Orationes quindecim. Daran: Pseudo-Augustinus, Aurelius: Oratio pro tribulatis.","Pseudo-Birgitta: Orationes quindecim. Daran: Pseudo-Augustinus, Aurelius: Oratio pro tribulatis. [Rom: Eucharius Silber, um 1495]. 8°",Rom,1495,1495,,ib00681500,https://gesamtkatalogderwiegendrucke.de/docs/GW04371.htm,https://data.cerl.org/istc/ib00681500,,supplementary-gw-corpus.csv
04372,"Pseudo-Birgitta: Orationes quindecim. Daran: Pseudo-Augustinus, Aurelius: Oratio pro tribulatis.","Pseudo-Birgitta: Orationes quindecim. Daran: Pseudo-Augustinus, Aurelius: Oratio pro tribulatis. [Rom: Petrus de Turre, um 1499]. 12°",Rom,1499,1499,,ib00679400,https://gesamtkatalogderwiegendrucke.de/docs/GW04372.htm,https://data.cerl.org/istc/ib00679400,,supplementary-gw-corpus.csv
04373,"Pseudo-Birgitta: Orationes quindecim. Daran: Pseudo-Augustinus, Aurelius: Oratio pro tribulatis.","Pseudo-Birgitta: Orationes quindecim. Daran: Pseudo-Augustinus, Aurelius: Oratio pro tribulatis. [Rom: Johann Besicken, um 1499]. 8°",Rom,1499,1499,,ib00679500,https://gesamtkatalogderwiegendrucke.de/docs/GW04373.htm,https://data.cerl.org/istc/ib00679500,,supplementary-gw-corpus.csv
04374,"Pseudo-Birgitta: Orationes quindecim. Daran: Pseudo-Augustinus, Aurelius: Oratio pro tribulatis.","Pseudo-Birgitta: Orationes quindecim. Daran: Pseudo-Augustinus, Aurelius: Oratio pro tribulatis. [Rom: Eucharius Silber, um 1500] [vielmehr Marcellus Silber, nicht vor 1510]. 8°",Rom,1500,1500,,ib00683400,https://gesamtkatalogderwiegendrucke.de/docs/GW04374.htm,https://data.cerl.org/istc/ib00683400,,supplementary-gw-corpus.csv
04375,"Pseudo-Birgitta: Orationes quindecim. Daran: Pseudo-Augustinus, Aurelius: Oratio pro tribulatis.","Pseudo-Birgitta: Orationes quindecim. Daran: Pseudo-Augustinus, Aurelius: Oratio pro tribulatis. [Rom: Eucharius Silber, um 1500] [vielmehr um 1509]. 8°",Rom,1500,1509,,ib00683200,https://gesamtkatalogderwiegendrucke.de/docs/GW04375.htm,https://data.cerl.org/istc/ib00683200,,supplementary-gw-corpus.csv
04376,"Pseudo-Birgitta: Orationes quindecim. Daran: Pseudo-Augustinus, Aurelius: Oratio pro tribulatis.","Pseudo-Birgitta: Orationes quindecim. Daran: Pseudo-Augustinus, Aurelius: Oratio pro tribulatis. [Rom: Eucharius Silber, um 1500]. 8°",Rom,1500,1500,,ib00682700,https://gesamtkatalogderwiegendrucke.de/docs/GW04376.htm,https://data.cerl.org/istc/ib00682700,,supplementary-gw-corpus.csv
04377,"Pseudo-Birgitta: Orationes quindecim. Daran: Pseudo-Augustinus, Aurelius: Oratio pro tribulatis.","Pseudo-Birgitta: Orationes quindecim. Daran: Pseudo-Augustinus, Aurelius: Oratio pro tribulatis. [Rom: Johann Besicken, um 1500]. 8°",Rom,1500,1500,,ib00679850,https://gesamtkatalogderwiegendrucke.de/docs/GW04377.htm,https://data.cerl.org/istc/ib00679850,,supplementary-gw-corpus.csv
0437710N,"Pseudo-Birgitta: Orationes quindecim. Daran: Pseudo-Augustinus, Aurelius: Oratio pro tribulatis.","Pseudo-Birgitta: Orationes quindecim. Daran: Pseudo-Augustinus, Aurelius: Oratio pro tribulatis. [Rom: Eucharius Silber, um 1500]. 8°",Rom,1500,1500,,,https://gesamtkatalogderwiegendrucke.de/docs/GW0437710N.htm,,Im GW-Kopf keine ISTC-Verknüpfung gefunden,supplementary-gw-corpus.csv
04378,"Pseudo-Birgitta: Orationes quindecim. Daran: Pseudo-Augustinus, Aurelius: Oratio pro tribulatis.","Pseudo-Birgitta: Orationes quindecim. Daran: Pseudo-Augustinus, Aurelius: Oratio pro tribulatis. [Rom: Johann Besicken, um 1500]. 8°",Rom,1500,1500,,ib00679900,https://gesamtkatalogderwiegendrucke.de/docs/GW04378.htm,https://data.cerl.org/istc/ib00679900,,supplementary-gw-corpus.csv
04379,"Pseudo-Birgitta: Orationes quindecim. Daran: Pseudo-Augustinus, Aurelius: Oratio pro tribulatis.","Pseudo-Birgitta: Orationes quindecim. Daran: Pseudo-Augustinus, Aurelius: Oratio pro tribulatis. [Rom: Eucharius Silber, um 1500]. 8°",Rom,1500,1500,,ib00680000,https://gesamtkatalogderwiegendrucke.de/docs/GW04379.htm,https://data.cerl.org/istc/ib00680000,,supplementary-gw-corpus.csv
04380,"Pseudo-Birgitta: Orationes quindecim. Daran: Pseudo-Augustinus, Aurelius: Oratio pro tribulatis.","Pseudo-Birgitta: Orationes quindecim. Daran: Pseudo-Augustinus, Aurelius: Oratio pro tribulatis. [Rom: Johann Besicken, um 1500]. 8°",Rom,1500,1500,,ib00680400,https://gesamtkatalogderwiegendrucke.de/docs/GW04380.htm,https://data.cerl.org/istc/ib00680400,,supplementary-gw-corpus.csv
04381,"Pseudo-Birgitta: Orationes quindecim. Daran: Pseudo-Augustinus, Aurelius: Oratio pro tribulatis.","Pseudo-Birgitta: Orationes quindecim. Daran: Pseudo-Augustinus, Aurelius: Oratio pro tribulatis. [Rom: Johann Besicken, um 1500]. 8°",Rom,1500,1500,,ib00680600,https://gesamtkatalogderwiegendrucke.de/docs/GW04381.htm,https://data.cerl.org/istc/ib00680600,,supplementary-gw-corpus.csv
04382,"Pseudo-Birgitta: Orationes quindecim. Daran: Pseudo-Augustinus, Aurelius: Oratio pro tribulatis.","Pseudo-Birgitta: Orationes quindecim. Daran: Pseudo-Augustinus, Aurelius: Oratio pro tribulatis. [Rom: Johann Besicken, nach 1500(?)] [vielmehr Andreas Fritag oder Johann Besicken und Andreas Fritag, um 1494/96]. 8°",Rom,1494,1500,,ib00681000,https://gesamtkatalogderwiegendrucke.de/docs/GW04382.htm,https://data.cerl.org/istc/ib00681000,,supplementary-gw-corpus.csv
04383,"Pseudo-Birgitta: Orationes quindecim. Daran: Pseudo-Augustinus, Aurelius: Oratio pro tribulatis.","Pseudo-Birgitta: Orationes quindecim. Daran: Pseudo-Augustinus, Aurelius: Oratio pro tribulatis. [Rom: Eucharius Silber, nach 1500(?)]. 8°",Rom,1500,1500,,ib00683450,https://gesamtkatalogderwiegendrucke.de/docs/GW04383.htm,https://data.cerl.org/istc/ib00683450,,supplementary-gw-corpus.csv
04384,"Pseudo-Birgitta: Orationes quindecim, deutsch.","Pseudo-Birgitta: Orationes quindecim, deutsch. [Rom: Stephan Plannck, um 1490]. 8°",Rom,1490,1490,deutsch,ib00683700,https://gesamtkatalogderwiegendrucke.de/docs/GW04384.htm,https://data.cerl.org/istc/ib00683700,,supplementary-gw-corpus.csv
0438420N,"Pseudo-Birgitta: Orationes quindecim, deutsch.","Pseudo-Birgitta: Orationes quindecim, deutsch. Augsburg: Erhard Ratdolt auf Veranlassung von Florian Waldauf, 1492.",Augsburg,1492,1492,deutsch,,https://gesamtkatalogderwiegendrucke.de/docs/GW0438420N.htm,,Im GW-Kopf keine ISTC-Verknüpfung gefunden,supplementary-gw-corpus.csv
04385,"Pseudo-Birgitta: Orationes quindecim, deutsch.","Pseudo-Birgitta: Orationes quindecim, deutsch. Zweibrücken: Jörg Gessler, [um 1492]. 8°",Zweibrücken,1492,1492,deutsch,ib00683800,https://gesamtkatalogderwiegendrucke.de/docs/GW04385.htm,https://data.cerl.org/istc/ib00683800,,supplementary-gw-corpus.csv
04386,"Pseudo-Birgitta: Orationes quindecim, deutsch.","Pseudo-Birgitta: Orationes quindecim, deutsch. [Basel: Johann Amerbach, um 1492]. 8°",Basel,1492,1492,deutsch,ib00684000,https://gesamtkatalogderwiegendrucke.de/docs/GW04386.htm,https://data.cerl.org/istc/ib00684000,,supplementary-gw-corpus.csv
04387,"Pseudo-Birgitta: Orationes quindecim, deutsch.","Pseudo-Birgitta: Orationes quindecim, deutsch. [Reutlingen: Michael Greyff, um 1494]. 8°",Reutlingen,1494,1494,deutsch,ib00685000,https://gesamtkatalogderwiegendrucke.de/docs/GW04387.htm,https://data.cerl.org/istc/ib00685000,,supplementary-gw-corpus.csv
04388,"Pseudo-Birgitta: Orationes quindecim, deutsch.","Pseudo-Birgitta: Orationes quindecim, deutsch. [Rom: Stephan Plannck, um 1495]. 8°",Rom,1495,1495,deutsch,ib00685100,https://gesamtkatalogderwiegendrucke.de/docs/GW04388.htm,https://data.cerl.org/istc/ib00685100,,supplementary-gw-corpus.csv
0438805N,"Pseudo-Birgitta: Orationes quindecim, engl.","Pseudo-Birgitta: Orationes quindecim, engl. [Westminster]: William Caxton auf Veranlassung von Elisabeth (von York), Königin von England, und Margaret Beaufort, [um 1491]. 4°",Westminster,1491,1491,engl.,ib00683600,https://gesamtkatalogderwiegendrucke.de/docs/GW0438805N.htm,https://data.cerl.org/istc/ib00683600,,supplementary-gw-corpus.csv
0567010N,"Buchsbaum, Sixt: Unser lieben Frauen Rosenkranz.","Buchsbaum, Sixt: Unser lieben Frauen Rosenkranz. Erfurt: Hans Sporer, 1494.",Erfurt,1494,1494,,ib01268480,https://gesamtkatalogderwiegendrucke.de/docs/GW0567010N.htm,https://data.cerl.org/istc/ib01268480,,supplementary-gw-corpus.csv
05671,"Buchsbaum, Sixt: Unser lieben Frauen Rosenkranz.","Buchsbaum, Sixt: Unser lieben Frauen Rosenkranz. [München: Johann Schobser, nicht vor 1500]. 8°",München,1500,1500,,ib01268520,https://gesamtkatalogderwiegendrucke.de/docs/GW05671.htm,https://data.cerl.org/istc/ib01268520,,supplementary-gw-corpus.csv
05686,Büchlein vom Gebet.,"Büchlein vom Gebet. Augsburg: Johann Froschauer, 1499. 4°",Augsburg,1499,1499,,ib01273000,https://gesamtkatalogderwiegendrucke.de/docs/GW05686.htm,https://data.cerl.org/istc/ib01273000,,supplementary-gw-corpus.csv
12944,Horae.,"Horae. [Deutschland, nach 1500(?)]. 16(?)°",Deutschland,1500,1500,,ih00436430,https://gesamtkatalogderwiegendrucke.de/docs/GW12944.htm,https://data.cerl.org/istc/ih00436430,,horae-gw-corpus.csv
12945,Horae. Cursus hinc inde collecti.,"Horae. Cursus hinc inde collecti. Augsburg: Anton Sorg, 1487. 8°",Augsburg,1487,1487,,ic00990000,https://gesamtkatalogderwiegendrucke.de/docs/GW12945.htm,https://data.cerl.org/istc/ic00990000,,horae-gw-corpus.csv
12946,Horae. Cursus hinc inde collecti.,"Horae. Cursus hinc inde collecti. Augsburg: Anton Sorg, 1489. 8°",Augsburg,1489,1489,,ic00991000,https://gesamtkatalogderwiegendrucke.de/docs/GW12946.htm,https://data.cerl.org/istc/ic00991000,,horae-gw-corpus.csv
12947,Horae. Cursus hinc inde collecti.,"Horae. Cursus hinc inde collecti. Augsburg: Anton Sorg, 1492. 8°",Augsburg,1492,1492,,ic00992000,https://gesamtkatalogderwiegendrucke.de/docs/GW12947.htm,https://data.cerl.org/istc/ic00992000,,horae-gw-corpus.csv
12948,Horae. Officium BMV secundum consuetudinem Romanae curiae.,"Horae. Officium BMV secundum consuetudinem Romanae curiae. Basel: Bernhard Richel, 15.VII.1480. 16°",Basel,1480,1480,,ih00357480,https://gesamtkatalogderwiegendrucke.de/docs/GW12948.htm,https://data.cerl.org/istc/ih00357480,,horae-gw-corpus.csv
12949,Horae. Officium BMV secundum consuetudinem Romanae curiae.,"Horae. Officium BMV secundum consuetudinem Romanae curiae. [Basel: Johann Amerbach, um 1482/86]. 16°",Basel,1482,1486,,ih00357745,https://gesamtkatalogderwiegendrucke.de/docs/GW12949.htm,https://data.cerl.org/istc/ih00357745,,horae-gw-corpus.csv
12950,Horae. Paradisus animae.,"Horae. Paradisus animae. Basel: Michael Wenssler, 1.IV.1491. 16°",Basel,1491,1491,,ip00079500,https://gesamtkatalogderwiegendrucke.de/docs/GW12950.htm,https://data.cerl.org/istc/ip00079500,,horae-gw-corpus.csv
12951,Horae. Paradisus animae.,"Horae. Paradisus animae. Basel: Jakob Wolff, 13.IV.1498. 16°",Basel,1498,1498,,ip00079700,https://gesamtkatalogderwiegendrucke.de/docs/GW12951.htm,https://data.cerl.org/istc/ip00079700,,horae-gw-corpus.csv
12952,Horae.,"Horae. [Ingolstadt: Drucker des Celtis (Johann Kachelofen), um 1492]. 16°",Ingolstadt,1492,1492,,ih00435630,https://gesamtkatalogderwiegendrucke.de/docs/GW12952.htm,https://data.cerl.org/istc/ih00435630,,horae-gw-corpus.csv
12953,Horae nostrae dominae secundum usum ecclesiae Romanae (Almanach 1490–1508).,"Horae nostrae dominae secundum usum ecclesiae Romanae (Almanach 1490–1508). [Kirchheim: Markus Reinhard, nicht vor 1490]. 8°",Kirchheim,1490,1490,,ih00366000,https://gesamtkatalogderwiegendrucke.de/docs/GW12953.htm,https://data.cerl.org/istc/ih00366000,,horae-gw-corpus.csv
12954,Horae nostrae dominae secundum usum ecclesiae Romanae.,"Horae nostrae dominae secundum usum ecclesiae Romanae. [Kirchheim: Markus Reinhard, nicht nach 1491]. 8°",Kirchheim,1491,1491,,ih00365800,https://gesamtkatalogderwiegendrucke.de/docs/GW12954.htm,https://data.cerl.org/istc/ih00365800,,horae-gw-corpus.csv
12955,Horae secundum ordinarium maioris ecclesiae Coloniensis (Köln). Daran: Andreas de Escobar: Modus confitendi.,"Horae secundum ordinarium maioris ecclesiae Coloniensis (Köln). Daran: Andreas de Escobar: Modus confitendi. [Köln: Retro Minores, um 1500]. 16°",Köln,1500,1500,,ih00344000,https://gesamtkatalogderwiegendrucke.de/docs/GW12955.htm,https://data.cerl.org/istc/ih00344000,,horae-gw-corpus.csv
12956,Horae. Orationale secundum ecclesiam Misnensem (Meißen).,"Horae. Orationale secundum ecclesiam Misnensem (Meißen). [Leipzig: Konrad Kachelofen, um 1495]. 8°",Leipzig,1495,1495,,ih00348050,https://gesamtkatalogderwiegendrucke.de/docs/GW12956.htm,https://data.cerl.org/istc/ih00348050,,horae-gw-corpus.csv
12957,Horae. Cursus diversi cum orationibus annexis.,"Horae. Cursus diversi cum orationibus annexis. Leipzig: Melchior Lotter, [14]99. 16°",Leipzig,1499,1499,,ih00427975,https://gesamtkatalogderwiegendrucke.de/docs/GW12957.htm,https://data.cerl.org/istc/ih00427975,,horae-gw-corpus.csv
12958,Horae. Cursus diversi cum orationibus annexis.,"Horae. Cursus diversi cum orationibus annexis. [Leipzig: Melchior Lotter, nach 1500(?)]. 16°",Leipzig,1500,1500,,ih00427977,https://gesamtkatalogderwiegendrucke.de/docs/GW12958.htm,https://data.cerl.org/istc/ih00427977,,horae-gw-corpus.csv
12959,Horae.,"Horae. [Lübeck: Lukas Brandis, um 1477/78; nicht nach 1490]. 8°",Lübeck,1477,1490,,io00051295,https://gesamtkatalogderwiegendrucke.de/docs/GW12959.htm,https://data.cerl.org/istc/io00051295,,horae-gw-corpus.csv
12960,Horae de compassione BMV. Davor: Meditatio brevissima super oratione dominica.,"Horae de compassione BMV. Davor: Meditatio brevissima super oratione dominica. [Lübeck: Matthäus Brandis, um 1488]. 8°",Lübeck,1488,1488,,io00065990,https://gesamtkatalogderwiegendrucke.de/docs/GW12960.htm,https://data.cerl.org/istc/io00065990,,horae-gw-corpus.csv
12961,Horae.,"Horae. Lübeck: [Mohnkopfdrucker (Hans van Ghetelen)], 1489. 16°",Lübeck,1489,1489,,ih00435150,https://gesamtkatalogderwiegendrucke.de/docs/GW12961.htm,https://data.cerl.org/istc/ih00435150,,horae-gw-corpus.csv
12962,Horae. Communis horarum cursus.,"Horae. Communis horarum cursus. [Magdeburg: Moritz Brandis, um 1500]. 16°",Magdeburg,1500,1500,,ih00436400,https://gesamtkatalogderwiegendrucke.de/docs/GW12962.htm,https://data.cerl.org/istc/ih00436400,,horae-gw-corpus.csv
12963,Horae.,"Horae. [Magdeburg: Moritz Brandis, um 1500]. 16°",Magdeburg,1500,1500,,ih00436410,https://gesamtkatalogderwiegendrucke.de/docs/GW12963.htm,https://data.cerl.org/istc/ih00436410,,horae-gw-corpus.csv
12964,Horae. Cursus et orationes.,"Horae. Cursus et orationes. [Memmingen: Albrecht Kunne, um 1483/86]. 16°",Memmingen,1483,1486,,ih00357760,https://gesamtkatalogderwiegendrucke.de/docs/GW12964.htm,https://data.cerl.org/istc/ih00357760,,horae-gw-corpus.csv
12965,Horae. Cursus.,"Horae. Cursus. [Nürnberg: Fratres Ordinis Eremitarum S. Augustini, um 1482]. 16°",Nürnberg,1482,1482,,ih00357380,https://gesamtkatalogderwiegendrucke.de/docs/GW12965.htm,https://data.cerl.org/istc/ih00357380,,horae-gw-corpus.csv
1296550N,Horae. Cursus.,"Horae. Cursus. [Nürnberg: Konrad Zeninger oder Peter Wagner, um 1482/83]. 16°",Nürnberg,1482,1483,,io00065974,https://gesamtkatalogderwiegendrucke.de/docs/GW1296550N.htm,https://data.cerl.org/istc/io00065974,,horae-gw-corpus.csv
12966,Horae. Cursus.,"Horae. Cursus. [Speyer: Peter Drach d.M.], 21.I.1488. 16°",Speyer,1488,1488,,ic00990500,https://gesamtkatalogderwiegendrucke.de/docs/GW12966.htm,https://data.cerl.org/istc/ic00990500,,horae-gw-corpus.csv
12967,Horae. Cursus BMV.,"Horae. Cursus BMV. [Strassburg: Drucker des Henricus Ariminensis (Georg Reyser), um 1478]. 8°",Strassburg,1478,1478,,ih00377490,https://gesamtkatalogderwiegendrucke.de/docs/GW12967.htm,https://data.cerl.org/istc/ih00377490,,horae-gw-corpus.csv
12968,Horae. Cursus BMV.,"Horae. Cursus BMV. [Strassburg: Johann Grüninger, nicht nach 1496]. 8°",Strassburg,1496,1496,,ih00377500,https://gesamtkatalogderwiegendrucke.de/docs/GW12968.htm,https://data.cerl.org/istc/ih00377500,,horae-gw-corpus.csv
12969,"Horae. Hortulus animae. Daran: Duranti, Guillelmus: Rationale divinorum officiorum. Ausz.(?).","Horae. Hortulus animae. Daran: Duranti, Guillelmus: Rationale divinorum officiorum. Ausz.(?). Strassburg: Wilhelm Schaffener, 13.III.1498. 8°",Strassburg,1498,1498,,ih00485000,https://gesamtkatalogderwiegendrucke.de/docs/GW12969.htm,https://data.cerl.org/istc/ih00485000,,horae-gw-corpus.csv
12970,Horae. Hortulus animae.,"Horae. Hortulus animae. Strassburg: Johann Grüninger, [nach 28.III.]1498. 16°",Strassburg,1498,1498,,ih00484700,https://gesamtkatalogderwiegendrucke.de/docs/GW12970.htm,https://data.cerl.org/istc/ih00484700,,horae-gw-corpus.csv
12971,Horae. Hortulus animae.,"Horae. Hortulus animae. Strassburg: Johann Grüninger, 1500. 16°",Strassburg,1500,1500,,ih00485200,https://gesamtkatalogderwiegendrucke.de/docs/GW12971.htm,https://data.cerl.org/istc/ih00485200,,horae-gw-corpus.csv
12972,Horae. Hortulus animae.,"Horae. Hortulus animae. Strassburg: Johann Grüninger, 31.I.1500. 8°",Strassburg,1500,1500,,ih00485300,https://gesamtkatalogderwiegendrucke.de/docs/GW12972.htm,https://data.cerl.org/istc/ih00485300,,horae-gw-corpus.csv
12973,Horae. Hortulus animae.,"Horae. Hortulus animae. Strassburg: Wilhelm Schaffener, 15.III.1500. 16°",Strassburg,1500,1500,,ih00485500,https://gesamtkatalogderwiegendrucke.de/docs/GW12973.htm,https://data.cerl.org/istc/ih00485500,,horae-gw-corpus.csv
12974,Horae. Cursus per totam septimanam.,"Horae. Cursus per totam septimanam. [Stuttgart: Drucker der Erwählung Maximilians (H 10929), um 1486]. 8°",Stuttgart,1486,1486,,ih00427980,https://gesamtkatalogderwiegendrucke.de/docs/GW12974.htm,https://data.cerl.org/istc/ih00427980,,horae-gw-corpus.csv
12975,Horae. Cursus.,"Horae. Cursus. Ulm: Johann Zainer d.Ä., [um 1482]. 8°",Ulm,1482,1482,,ic00989950,https://gesamtkatalogderwiegendrucke.de/docs/GW12975.htm,https://data.cerl.org/istc/ic00989950,,horae-gw-corpus.csv
12976,Horae. Cursus hinc inde collecti.,"Horae. Cursus hinc inde collecti. [Ulm: Konrad Dinckmut, nicht nach 1485]. 8°",Ulm,1485,1485,,ic00993000,https://gesamtkatalogderwiegendrucke.de/docs/GW12976.htm,https://data.cerl.org/istc/ic00993000,,horae-gw-corpus.csv
12977,Horae. Cursus hinc inde collecti.,"Horae. Cursus hinc inde collecti. [Ulm: Konrad Dinckmut, um 1487]. 8°",Ulm,1487,1487,,ic00993500,https://gesamtkatalogderwiegendrucke.de/docs/GW12977.htm,https://data.cerl.org/istc/ic00993500,,horae-gw-corpus.csv
12978,Horae. Cursus.,"Horae. Cursus. [Ulm: Johann Zainer d.Ä., um 1488]. (auf Halbbögen) 8°",Ulm,1488,1488,,ic00989970,https://gesamtkatalogderwiegendrucke.de/docs/GW12978.htm,https://data.cerl.org/istc/ic00989970,,horae-gw-corpus.csv
12979,Horae. Cursus.,"Horae. Cursus. Ulm: Johann Schäffler, 22.IX.1492. 16°",Ulm,1492,1492,,ic00992300,https://gesamtkatalogderwiegendrucke.de/docs/GW12979.htm,https://data.cerl.org/istc/ic00992300,,horae-gw-corpus.csv
12980,Horae. Cursus hinc inde collecti.,"Horae. Cursus hinc inde collecti. Ulm: Johann Schäffler, 1494. 8°",Ulm,1494,1494,,ic00992500,https://gesamtkatalogderwiegendrucke.de/docs/GW12980.htm,https://data.cerl.org/istc/ic00992500,,horae-gw-corpus.csv
12981,"Horae, deutsch.","Horae, deutsch. Augsburg: Günther Zainer, 12.III.1471. 8°",Augsburg,1471,1471,deutsch,ig00112700,https://gesamtkatalogderwiegendrucke.de/docs/GW12981.htm,https://data.cerl.org/istc/ig00112700,,horae-gw-corpus.csv
12982,"Horae, deutsch. Betbüchlein von den sieben Tagzeiten unseres Herrn, auch die sieben Tagzeiten unsrer Frauen, auch von vielen Heiligen und andere Gebete.","Horae, deutsch. Betbüchlein von den sieben Tagzeiten unseres Herrn, auch die sieben Tagzeiten unsrer Frauen, auch von vielen Heiligen und andere Gebete. [Augsburg: Anton Sorg, um 1483].",Augsburg,1483,1483,deutsch,,https://gesamtkatalogderwiegendrucke.de/docs/GW12982.htm,,Im GW-Kopf keine ISTC-Verknüpfung gefunden,horae-gw-corpus.csv
12983,"Horae, deutsch. Curs.","Horae, deutsch. Curs. [Augsburg: Anton Sorg, um 1485]. 8°",Augsburg,1485,1485,deutsch,ih00427995,https://gesamtkatalogderwiegendrucke.de/docs/GW12983.htm,https://data.cerl.org/istc/ih00427995,,horae-gw-corpus.csv
12984,"Horae, deutsch. Curs unserer Lieben Frau.","Horae, deutsch. Curs unserer Lieben Frau. Kirchheim: [Markus Reinhard], 1491. 8°",Kirchheim,1491,1491,deutsch,ih00433400,https://gesamtkatalogderwiegendrucke.de/docs/GW12984.htm,https://data.cerl.org/istc/ih00433400,,horae-gw-corpus.csv
12985,"Horae, deutsch.","Horae, deutsch. [Nürnberg: Drucker der Rochuslegende (H 13928), um 1481]. 8°",Nürnberg,1481,1481,deutsch,ig00113000,https://gesamtkatalogderwiegendrucke.de/docs/GW12985.htm,https://data.cerl.org/istc/ig00113000,,horae-gw-corpus.csv
12986,"Horae, deutsch.","Horae, deutsch. [Nürnberg: Friedrich Creussner, um 1495]. 16°",Nürnberg,1495,1495,deutsch,ih00433500,https://gesamtkatalogderwiegendrucke.de/docs/GW12986.htm,https://data.cerl.org/istc/ih00433500,,horae-gw-corpus.csv
12987,"Horae, deutsch. Die sieben deutschen Curs von Unsrer Lieben Frau.","Horae, deutsch. Die sieben deutschen Curs von Unsrer Lieben Frau. Reutlingen: Michael Greyff, 1492. 8°",Reutlingen,1492,1492,deutsch,ih00429000,https://gesamtkatalogderwiegendrucke.de/docs/GW12987.htm,https://data.cerl.org/istc/ih00429000,,horae-gw-corpus.csv
12988,"Horae, deutsch.","Horae, deutsch. [Ulm: Johann Zainer d.Ä., um 1476]. 8°",Ulm,1476,1476,deutsch,ig00112800,https://gesamtkatalogderwiegendrucke.de/docs/GW12988.htm,https://data.cerl.org/istc/ig00112800,,horae-gw-corpus.csv
12989,"Horae, deutsch.","Horae, deutsch. [Ulm: Konrad Dinckmut, um 1480]. 16°",Ulm,1480,1480,deutsch,ig00112900,https://gesamtkatalogderwiegendrucke.de/docs/GW12989.htm,https://data.cerl.org/istc/ig00112900,,horae-gw-corpus.csv
12990,"Horae, deutsch. Curs.","Horae, deutsch. Curs. Ulm: Konrad Dinckmut, 1484. 8°",Ulm,1484,1484,deutsch,ih00427990,https://gesamtkatalogderwiegendrucke.de/docs/GW12990.htm,https://data.cerl.org/istc/ih00427990,,horae-gw-corpus.csv
12991,"Horae, deutsch.","Horae, deutsch. [Ulm: Konrad Dinckmut, um 1488/91]. 8°",Ulm,1488,1491,deutsch,ih00427998,https://gesamtkatalogderwiegendrucke.de/docs/GW12991.htm,https://data.cerl.org/istc/ih00427998,,horae-gw-corpus.csv
12992,"Horae, deutsch.","Horae, deutsch. [Ulm: Johann Reger, um 1491]. 8°",Ulm,1491,1491,deutsch,ih00433460,https://gesamtkatalogderwiegendrucke.de/docs/GW12992.htm,https://data.cerl.org/istc/ih00433460,,horae-gw-corpus.csv
12993,"Horae, deutsch. Die sieben Curs auf einen jeglichen Tag der Woche.","Horae, deutsch. Die sieben Curs auf einen jeglichen Tag der Woche. Ulm: Konrad Dinckmut, 1491. 8°",Ulm,1491,1491,deutsch,ih00428000,https://gesamtkatalogderwiegendrucke.de/docs/GW12993.htm,https://data.cerl.org/istc/ih00428000,,horae-gw-corpus.csv
12994,"Horae, deutsch. Ein schön deutsch Kalender.","Horae, deutsch. Ein schön deutsch Kalender. Ulm: Johann Reger, 3.VI.1491. 16°",Ulm,1491,1491,deutsch,ik00003600,https://gesamtkatalogderwiegendrucke.de/docs/GW12994.htm,https://data.cerl.org/istc/ik00003600,,horae-gw-corpus.csv
12995,"Horae, deutsch.","Horae, deutsch. [Ulm: Johann Schäffler, um 1493]. 16°",Ulm,1493,1493,deutsch,ih00433480,https://gesamtkatalogderwiegendrucke.de/docs/GW12995.htm,https://data.cerl.org/istc/ih00433480,,horae-gw-corpus.csv
12996,"Horae, deutsch. Die sieben Zeiten von Unserer Lieben Frau.","Horae, deutsch. Die sieben Zeiten von Unserer Lieben Frau. [Urach: Konrad Fyner, um 1482]. 8°",Urach,1482,1482,deutsch,ih00433350,https://gesamtkatalogderwiegendrucke.de/docs/GW12996.htm,https://data.cerl.org/istc/ih00433350,,horae-gw-corpus.csv
12997,"Horae, ripuarisch. Unser Liever Vrauwen getzijde.","Horae, ripuarisch. Unser Liever Vrauwen getzijde. [Köln: Drucker der Getzijden (GW 12997), um 1485]. 8°",Köln,1485,1485,,ih00429200,https://gesamtkatalogderwiegendrucke.de/docs/GW12997.htm,https://data.cerl.org/istc/ih00429200,,horae-gw-corpus.csv
12998,"Horae, niederdeutsch. Cursus to dude.","Horae, niederdeutsch. Cursus to dude. [Leipzig: Konrad Kachelofen, um 1500]. 16°",Leipzig,1500,1500,niederdeutsch,ih00433700,https://gesamtkatalogderwiegendrucke.de/docs/GW12998.htm,https://data.cerl.org/istc/ih00433700,,horae-gw-corpus.csv
12999,"Horae, niederdeutsch.","Horae, niederdeutsch. [Lübeck: Lukas Brandis, um 1478]. 8°",Lübeck,1478,1478,niederdeutsch,ig00113060,https://gesamtkatalogderwiegendrucke.de/docs/GW12999.htm,https://data.cerl.org/istc/ig00113060,,horae-gw-corpus.csv
13000,"Horae, niederdeutsch. Darin: Gesselen, Konrad: Cisioianus.","Horae, niederdeutsch. Darin: Gesselen, Konrad: Cisioianus. [Lübeck: Johann Snell, um 1482]. 16°",Lübeck,1482,1482,niederdeutsch,ig00113080,https://gesamtkatalogderwiegendrucke.de/docs/GW13000.htm,https://data.cerl.org/istc/ig00113080,,horae-gw-corpus.csv
13001,"Horae, niederdeutsch.","Horae, niederdeutsch. [Lübeck: Bartholomäus Ghotan, um 1484]. 8°",Lübeck,1484,1484,niederdeutsch,,https://gesamtkatalogderwiegendrucke.de/docs/GW13001.htm,,Im GW-Kopf keine ISTC-Verknüpfung gefunden,horae-gw-corpus.csv
13002,"Horae, niederdeutsch.","Horae, niederdeutsch. Lübeck: Bartholomäus Ghotan, [um 1484]. 8°",Lübeck,1484,1484,niederdeutsch,ig00113100,https://gesamtkatalogderwiegendrucke.de/docs/GW13002.htm,https://data.cerl.org/istc/ig00113100,,horae-gw-corpus.csv
13003,"Horae, niederdeutsch.","Horae, niederdeutsch. Lübeck: Bartholomäus Ghotan, 1485. 8°",Lübeck,1485,1485,niederdeutsch,ig00113110,https://gesamtkatalogderwiegendrucke.de/docs/GW13003.htm,https://data.cerl.org/istc/ig00113110,,horae-gw-corpus.csv
13004,"Horae, niederdeutsch.","Horae, niederdeutsch. Lübeck: [Mohnkopfdrucker (Hans van Ghetelen)], 1487. 8°",Lübeck,1487,1487,niederdeutsch,ig00113130,https://gesamtkatalogderwiegendrucke.de/docs/GW13004.htm,https://data.cerl.org/istc/ig00113130,,horae-gw-corpus.csv
13005,"Horae, niederdeutsch.","Horae, niederdeutsch. [Lübeck: Bartholomäus Ghotan(?), um 1490]. 32°",Lübeck,1490,1490,niederdeutsch,ig00113135,https://gesamtkatalogderwiegendrucke.de/docs/GW13005.htm,https://data.cerl.org/istc/ig00113135,,horae-gw-corpus.csv
13006,"Horae, niederdeutsch. Seven tyde Unser Liever Vrauwen.","Horae, niederdeutsch. Seven tyde Unser Liever Vrauwen. [Lübeck]: Steffen Arndes, 1496. 8°",Lübeck,1496,1496,niederdeutsch,ig00113138,https://gesamtkatalogderwiegendrucke.de/docs/GW13006.htm,https://data.cerl.org/istc/ig00113138,,horae-gw-corpus.csv
13007,"Horae, niederdeutsch.","Horae, niederdeutsch. [Lübeck: Drucker von Sixtus IV., Ave Maria (Einbl 389), um 1497(?)]. 32°",Lübeck,1497,1497,niederdeutsch,ig00113160,https://gesamtkatalogderwiegendrucke.de/docs/GW13007.htm,https://data.cerl.org/istc/ig00113160,,horae-gw-corpus.csv
13008,"Horae, niederdeutsch. Seven tyde Unser Liever Vrauwen.","Horae, niederdeutsch. Seven tyde Unser Liever Vrauwen. [Lübeck: Steffen Arndes, um 1497]. 8°",Lübeck,1497,1497,niederdeutsch,ig00113150,https://gesamtkatalogderwiegendrucke.de/docs/GW13008.htm,https://data.cerl.org/istc/ig00113150,,horae-gw-corpus.csv
13009,"Horae, niederdeutsch. Seven tyde Unser Liever Vrauwen.","Horae, niederdeutsch. Seven tyde Unser Liever Vrauwen. [Lübeck]: Steffen Arndes, 1497. 8°",Lübeck,1497,1497,niederdeutsch,ig00113140,https://gesamtkatalogderwiegendrucke.de/docs/GW13009.htm,https://data.cerl.org/istc/ig00113140,,horae-gw-corpus.csv
13010,"Horae, niederdeutsch.","Horae, niederdeutsch. [Lübeck: Lukas Brandis(?), um 1499(?)]. 16°",Lübeck,1499,1499,niederdeutsch,ig00113180,https://gesamtkatalogderwiegendrucke.de/docs/GW13010.htm,https://data.cerl.org/istc/ig00113180,,horae-gw-corpus.csv
13011,"Horae, niederdeutsch. Seven tyde Unser Liever Vrauwen.","Horae, niederdeutsch. Seven tyde Unser Liever Vrauwen. [Lübeck]: Steffen Arndes, 1499. 16°",Lübeck,1499,1499,niederdeutsch,ig00113170,https://gesamtkatalogderwiegendrucke.de/docs/GW13011.htm,https://data.cerl.org/istc/ig00113170,,horae-gw-corpus.csv
13012,"Horae, niederdeutsch. Seven tyde Unser Liever Vrauwen.","Horae, niederdeutsch. Seven tyde Unser Liever Vrauwen. [Magdeburg: Albert Ravenstein und Joachim Westval, um 1483/84]. 8°",Magdeburg,1483,1484,niederdeutsch,ig00113090,https://gesamtkatalogderwiegendrucke.de/docs/GW13012.htm,https://data.cerl.org/istc/ig00113090,,horae-gw-corpus.csv
13013,Horae ad usum Sarum (Salisbury).,"Horae ad usum Sarum (Salisbury). [London: Wilhelmus de Machlinia, um 1484]. 8°",London,1484,1484,,ih00420300,https://gesamtkatalogderwiegendrucke.de/docs/GW13013.htm,https://data.cerl.org/istc/ih00420300,,horae-gw-corpus.csv
13014,Horae ad usum Sarum (Salisbury)(?).,"Horae ad usum Sarum (Salisbury)(?). [London: Richard Pynson, um 1493]. 8°",London,1493,1493,,ih00420435,https://gesamtkatalogderwiegendrucke.de/docs/GW13014.htm,https://data.cerl.org/istc/ih00420435,,horae-gw-corpus.csv
13015,Horae ad usum Sarum (Salisbury)(?).,"Horae ad usum Sarum (Salisbury)(?). [London: Richard Pynson, um 1497]. 8°",London,1497,1497,,ih00420600,https://gesamtkatalogderwiegendrucke.de/docs/GW13015.htm,https://data.cerl.org/istc/ih00420600,,horae-gw-corpus.csv
13016,Horae ad usum Sarum (Salisbury).,"Horae ad usum Sarum (Salisbury). [London]: Richard Pynson, [um 1497]. 4°",London,1497,1497,,ih00420700,https://gesamtkatalogderwiegendrucke.de/docs/GW13016.htm,https://data.cerl.org/istc/ih00420700,,horae-gw-corpus.csv
13017,Horae ad usum Sarum (Salisbury).,"Horae ad usum Sarum (Salisbury). London: [Julian Notary, Jean Barbier und I. H.] für Wynkyn de Worde, 3.IV.1497. 8°",London,1497,1497,,ih00420650,https://gesamtkatalogderwiegendrucke.de/docs/GW13017.htm,https://data.cerl.org/istc/ih00420650,,horae-gw-corpus.csv
13018,Horae ad usum Sarum (Salisbury).,"Horae ad usum Sarum (Salisbury). [London: Richard Pynson, um 1498]. 16°",London,1498,1498,,ih00424500,https://gesamtkatalogderwiegendrucke.de/docs/GW13018.htm,https://data.cerl.org/istc/ih00424500,,horae-gw-corpus.csv
13019,Horae ad usum Sarum (Salisbury)(?).,"Horae ad usum Sarum (Salisbury)(?). [London: Richard Pynson, um 1500]. 8°",London,1500,1500,,ih00425400,https://gesamtkatalogderwiegendrucke.de/docs/GW13019.htm,https://data.cerl.org/istc/ih00425400,,horae-gw-corpus.csv
13020,Horae ad usum Sarum (Salisbury)(?).,"Horae ad usum Sarum (Salisbury)(?). [London: Richard Pynson, um 1500]. 8°",London,1500,1500,,ih00425300,https://gesamtkatalogderwiegendrucke.de/docs/GW13020.htm,https://data.cerl.org/istc/ih00425300,,horae-gw-corpus.csv
13021,Horae ad usum Sarum (Salisbury).,"Horae ad usum Sarum (Salisbury). [Westminster: William Caxton, um 1478]. 4°",Westminster,1478,1478,,ih00420200,https://gesamtkatalogderwiegendrucke.de/docs/GW13021.htm,https://data.cerl.org/istc/ih00420200,,horae-gw-corpus.csv
13022,Horae ad usum Sarum (Salisbury).,"Horae ad usum Sarum (Salisbury). [Westminster: William Caxton, um 1484]. 8°",Westminster,1484,1484,,ih00420350; ih00420400,https://gesamtkatalogderwiegendrucke.de/docs/GW13022.htm,https://data.cerl.org/istc/ih00420350; https://data.cerl.org/istc/ih00420400,,horae-gw-corpus.csv
13023,Horae ad usum Sarum (Salisbury)(?).,"Horae ad usum Sarum (Salisbury)(?). [Westminster: William Caxton oder Wynkyn de Worde, um 1491/94]. 8°",Westminster,1491,1494,,,https://gesamtkatalogderwiegendrucke.de/docs/GW13023.htm,,Im GW-Kopf keine ISTC-Verknüpfung gefunden,horae-gw-corpus.csv
13024,Horae ad usum Sarum (Salisbury)(?).,"Horae ad usum Sarum (Salisbury)(?). [Westminster: William Caxton oder Wynkyn de Worde, um 1491/94]. 4°",Westminster,1491,1494,,,https://gesamtkatalogderwiegendrucke.de/docs/GW13024.htm,,Im GW-Kopf keine ISTC-Verknüpfung gefunden,horae-gw-corpus.csv
13025,Horae ad usum Sarum (Salisbury).,"Horae ad usum Sarum (Salisbury). [Westminster: Wynkyn de Worde] auf Veranlassung von Elisabeth (von York), Königin von England, und Margaret Beaufort, [um 1493]. 4°",Westminster,1493,1493,,ih00420450; ih00420520,https://gesamtkatalogderwiegendrucke.de/docs/GW13025.htm,https://data.cerl.org/istc/ih00420450; https://data.cerl.org/istc/ih00420520,,horae-gw-corpus.csv
13026,Horae ad usum Sarum (Salisbury).,"Horae ad usum Sarum (Salisbury). [Westminster: Wynkyn de Worde, um 1493/94]. 4°",Westminster,1493,1494,,ih00420500,https://gesamtkatalogderwiegendrucke.de/docs/GW13026.htm,https://data.cerl.org/istc/ih00420500,,horae-gw-corpus.csv
13027,Horae ad usum Sarum (Salisbury)(?).,"Horae ad usum Sarum (Salisbury)(?). [Westminster: Wynkyn de Worde, um 1494]. 8°",Westminster,1494,1494,,ih00420550,https://gesamtkatalogderwiegendrucke.de/docs/GW13027.htm,https://data.cerl.org/istc/ih00420550,,horae-gw-corpus.csv
13028,Horae ad usum Sarum (Salisbury)(?).,"Horae ad usum Sarum (Salisbury)(?). Westminster: Julian Notary, 2.IV.1500. 64°",Westminster,1500,1500,,ih00425200,https://gesamtkatalogderwiegendrucke.de/docs/GW13028.htm,https://data.cerl.org/istc/ih00425200,,horae-gw-corpus.csv
13029,Horae ad usum Romanum.,"Horae ad usum Romanum. [Genf: Louis Cruse, um 1479]. 24(?)°",Genf,1479,1479,,ih00357400,https://gesamtkatalogderwiegendrucke.de/docs/GW13029.htm,https://data.cerl.org/istc/ih00357400,,horae-gw-corpus.csv
13030,Horae ad usum Gebennensem (Genf).,"Horae ad usum Gebennensem (Genf). [Genf: Louis Cruse, um 1479]. 16°",Genf,1479,1479,,ih00344650,https://gesamtkatalogderwiegendrucke.de/docs/GW13030.htm,https://data.cerl.org/istc/ih00344650,,horae-gw-corpus.csv
13031,Horae ad usum Romanum.,"Horae ad usum Romanum. [Genf: Louis Cruse, um 1480]. 16°",Genf,1480,1480,,ih00357440,https://gesamtkatalogderwiegendrucke.de/docs/GW13031.htm,https://data.cerl.org/istc/ih00357440,,horae-gw-corpus.csv
13032,Horae ad usum Tarantasiensem (Tarentaise).,"Horae ad usum Tarantasiensem (Tarentaise). [Genf(?): Drucker des Missale Romanum (H 11399) (Louis Cruse?) , um 1493/95]. 16°",Genf(?),1493,1495,,ih00425700,https://gesamtkatalogderwiegendrucke.de/docs/GW13032.htm,https://data.cerl.org/istc/ih00425700,,horae-gw-corpus.csv
13033,Horae ad usum Ebroicensem (Évreux).,"Horae ad usum Ebroicensem (Évreux). Goupillières: Michel Andrieu, 8.V.1491. 8°",Goupillières,1491,1491,,ih00344500,https://gesamtkatalogderwiegendrucke.de/docs/GW13033.htm,https://data.cerl.org/istc/ih00344500,,horae-gw-corpus.csv
13034,Horae. Officium BMV secundum usum Romanum.,"Horae. Officium BMV secundum usum Romanum. [Lyon: Jean Trechsel, um 1489]. 16°",Lyon,1489,1489,,ih00362700,https://gesamtkatalogderwiegendrucke.de/docs/GW13034.htm,https://data.cerl.org/istc/ih00362700,,horae-gw-corpus.csv
13035,Horae ad usum Romanum.,"Horae ad usum Romanum. Lyon: Jean Du Pré, 11.IX.1490. 16°",Lyon,1490,1490,,ih00365240,https://gesamtkatalogderwiegendrucke.de/docs/GW13035.htm,https://data.cerl.org/istc/ih00365240,,horae-gw-corpus.csv
13036,Horae.,"Horae. [Lyon: Jean Du Pré, nach 1491(?)]. 4°",Lyon,1491,1491,,ih00328300,https://gesamtkatalogderwiegendrucke.de/docs/GW13036.htm,https://data.cerl.org/istc/ih00328300,,horae-gw-corpus.csv
13037,Horae. Officium BMV secundum usum Romanum.,"Horae. Officium BMV secundum usum Romanum. Lyon: [Nicolaus de Benedictis für] Boninus de Boninis, 20.III.1499. 8°",Lyon,1499,1499,,ih00399360,https://gesamtkatalogderwiegendrucke.de/docs/GW13037.htm,https://data.cerl.org/istc/ih00399360,,horae-gw-corpus.csv
13038,Horae. Officium BMV secundum usum Romanum.,"Horae. Officium BMV secundum usum Romanum. Lyon: [Nicolaus de Benedictis für] Boninus de Boninis, 20.V.1499. 8°",Lyon,1499,1499,,ih00399600,https://gesamtkatalogderwiegendrucke.de/docs/GW13038.htm,https://data.cerl.org/istc/ih00399600,,horae-gw-corpus.csv
13039,Horae.,"Horae. [Lyon(?): Jean de Vingle(?), um 1500]. 16°",Lyon(?),1500,1500,,,https://gesamtkatalogderwiegendrucke.de/docs/GW13039.htm,,Im GW-Kopf keine ISTC-Verknüpfung gefunden,horae-gw-corpus.csv
13040,Horae ad usum Namnetensem (Nantes).,"Horae ad usum Namnetensem (Nantes). Nantes: Etienne Larcher, 27.I.[um 1498]. 8°",Nantes,1498,1498,,ih00348150,https://gesamtkatalogderwiegendrucke.de/docs/GW13040.htm,https://data.cerl.org/istc/ih00348150,,horae-gw-corpus.csv
13041,Horae.,"Horae. [Paris: Pierre Le Rouge(?) für Antoine Vérard, um 1490]. 4°",Paris,1490,1490,,ih00327700,https://gesamtkatalogderwiegendrucke.de/docs/GW13041.htm,https://data.cerl.org/istc/ih00327700,,horae-gw-corpus.csv
13042,Horae ad usum Pictaviensem (Poitiers) (Almanach 1488–1508).,"Horae ad usum Pictaviensem (Poitiers) (Almanach 1488–1508). [Paris: Philippe Pigouchet] für Simon Vostre, 1491. 8°",Paris,1491,1491,,ih00357086,https://gesamtkatalogderwiegendrucke.de/docs/GW13042.htm,https://data.cerl.org/istc/ih00357086,,horae-gw-corpus.csv
13043,Horae ad usum Romanum.,"Horae ad usum Romanum. [Paris: Philippe Pigouchet] für Simon Vostre, [um 1492]. 8°",Paris,1492,1492,,ih00370500,https://gesamtkatalogderwiegendrucke.de/docs/GW13043.htm,https://data.cerl.org/istc/ih00370500,,horae-gw-corpus.csv
13044,Horae ad usum Romanum (Almanach 1489–1508) .,"Horae ad usum Romanum (Almanach 1489–1508) . [Paris: Philippe Pigouchet] für Simon Vostre, 17.XI.1492. 8°",Paris,1492,1492,,,https://gesamtkatalogderwiegendrucke.de/docs/GW13044.htm,,Im GW-Kopf keine ISTC-Verknüpfung gefunden,horae-gw-corpus.csv
13045,Horae ad usum Trecensem (Troyes) (Almanach 1488–1508).,"Horae ad usum Trecensem (Troyes) (Almanach 1488–1508). [Paris: Philippe Pigouchet] für Macé Panthoul in Troyes, 20.VII.1496. 8°",Paris,1496,1496,,ih00427761,https://gesamtkatalogderwiegendrucke.de/docs/GW13045.htm,https://data.cerl.org/istc/ih00427761,,horae-gw-corpus.csv
13046,Horae.,"Horae. [Paris: Etienne Jehannot, nach 1497(?)]. 8°",Paris,1497,1497,,ih00335220,https://gesamtkatalogderwiegendrucke.de/docs/GW13046.htm,https://data.cerl.org/istc/ih00335220,,horae-gw-corpus.csv
13047,Horae ad usum Constantiensem (Coutances) (Almanach 1494–1520).,"Horae ad usum Constantiensem (Coutances) (Almanach 1494–1520). Paris: Thielmann Kerver für Robert Macé in Caen, 4.V.1498. 8°",Paris,1498,1498,,ih00344200,https://gesamtkatalogderwiegendrucke.de/docs/GW13047.htm,https://data.cerl.org/istc/ih00344200,,horae-gw-corpus.csv
13048,Horae ad usum Sarum (Salisbury) (Almanach 1488–1508).,"Horae ad usum Sarum (Salisbury) (Almanach 1488–1508). Paris: Philippe Pigouchet für Simon Vostre, 6.VII.1499. 8°",Paris,1499,1499,,ih00425000,https://gesamtkatalogderwiegendrucke.de/docs/GW13048.htm,https://data.cerl.org/istc/ih00425000,,horae-gw-corpus.csv
13049,Horae ad usum Sarum (Salisbury).,"Horae ad usum Sarum (Salisbury). [Paris(?), um 1500]. 32° oder 64°",Paris(?),1500,1500,,ih00424700,https://gesamtkatalogderwiegendrucke.de/docs/GW13049.htm,https://data.cerl.org/istc/ih00424700,,horae-gw-corpus.csv
13050,Horae ad usum Romanum(?).,"Horae ad usum Romanum(?). [Paris: Jean Bonhomme, um 1486/90]. 16°",Paris,1486,1490,,ih00357890,https://gesamtkatalogderwiegendrucke.de/docs/GW13050.htm,https://data.cerl.org/istc/ih00357890,,horae-gw-corpus.csv
13051,Horae ad usum Sarum (Salisbury).,"Horae ad usum Sarum (Salisbury). [Paris(?): Jean Du Pré(?), um 1488(?)]. 16°",Paris(?),1488,1488,,ih00420330,https://gesamtkatalogderwiegendrucke.de/docs/GW13051.htm,https://data.cerl.org/istc/ih00420330,,horae-gw-corpus.csv
13052,Horae ad usum Rothomagensem (Rouen) oder Sarum (Salisbury).,"Horae ad usum Rothomagensem (Rouen) oder Sarum (Salisbury). [Paris: Georg Wolff, um 1490]. 32°",Paris,1490,1490,,ih00418010,https://gesamtkatalogderwiegendrucke.de/docs/GW13052.htm,https://data.cerl.org/istc/ih00418010,,horae-gw-corpus.csv
13053,Horae ad usum Romanum.,"Horae ad usum Romanum. [Paris: Jean Bonhomme, um 1486/90]. 16°",Paris,1486,1490,,ih00357470,https://gesamtkatalogderwiegendrucke.de/docs/GW13053.htm,https://data.cerl.org/istc/ih00357470,,horae-gw-corpus.csv
13054,Horae ad usum Romanum.,"Horae ad usum Romanum. Paris: [Jean Du Pré] für Antoine Vérard, 21.VIII.1486. 8°",Paris,1486,1486,,ih00324100,https://gesamtkatalogderwiegendrucke.de/docs/GW13054.htm,https://data.cerl.org/istc/ih00324100,,horae-gw-corpus.csv
13055,Horae ad usum Parisiensem (Paris).,"Horae ad usum Parisiensem (Paris). Paris: [Jean Du Pré] für Antoine Vérard, 7.VII.1487. 8°",Paris,1487,1487,,ih00349600,https://gesamtkatalogderwiegendrucke.de/docs/GW13055.htm,https://data.cerl.org/istc/ih00349600,,horae-gw-corpus.csv
13056,Horae ad usum Cenomanensem (Le Mans)(?).,"Horae ad usum Cenomanensem (Le Mans)(?). [Paris: Jean Du Pré(?), um 1492]. 8°",Paris,1492,1492,,ih00343000,https://gesamtkatalogderwiegendrucke.de/docs/GW13056.htm,https://data.cerl.org/istc/ih00343000,,horae-gw-corpus.csv
13057,Horae ad usum Rothomagensem (Rouen).,"Horae ad usum Rothomagensem (Rouen). [Paris oder Rouen: Drucker des Breviarium Rothomagense (GW 5437), um 1480]. 8°",Paris oder Rouen,1480,1480,,ih00417700,https://gesamtkatalogderwiegendrucke.de/docs/GW13057.htm,https://data.cerl.org/istc/ih00417700,,horae-gw-corpus.csv
1305750N,Horae ad usum Romanum.,"Horae ad usum Romanum. Paris: [Antoine Caillaut] für Antoine Vérard, 26.III.1486. 8°",Paris,1486,1486,,,https://gesamtkatalogderwiegendrucke.de/docs/GW1305750N.htm,,Im GW-Kopf keine ISTC-Verknüpfung gefunden,horae-gw-corpus.csv
13058,Horae ad usum Tolosanum (Toulouse).,"Horae ad usum Tolosanum (Toulouse). Paris: [Etienne Jehannot] für Pierre Pasquier, 20.IX.1497. 8°",Paris,1497,1497,,ih00426300,https://gesamtkatalogderwiegendrucke.de/docs/GW13058.htm,https://data.cerl.org/istc/ih00426300,,horae-gw-corpus.csv
13059,Horae.,"Horae. [Paris: Guy Marchant für Antoine Vérard(?), um 1490]. 4°",Paris,1490,1490,,ih00326300,https://gesamtkatalogderwiegendrucke.de/docs/GW13059.htm,https://data.cerl.org/istc/ih00326300,,horae-gw-corpus.csv
13060,Horae ad usum Parisiensem (Paris) (Almanach 1488–1508).,"Horae ad usum Parisiensem (Paris) (Almanach 1488–1508). [Paris: Philippe Pigouchet] für Toussaint de Montjay, 26.IX.1493. 8°",Paris,1493,1493,,ih00351500,https://gesamtkatalogderwiegendrucke.de/docs/GW13060.htm,https://data.cerl.org/istc/ih00351500,,horae-gw-corpus.csv
13061,Horae ad usum Romanum (Almanach 1495–1508).,"Horae ad usum Romanum (Almanach 1495–1508). Paris: Ulrich Gering und Berthold Remboldt, 16.XII.1494. 8°",Paris,1494,1494,,ih00377400,https://gesamtkatalogderwiegendrucke.de/docs/GW13061.htm,https://data.cerl.org/istc/ih00377400,,horae-gw-corpus.csv
13062,Horae ad usum Parisiensem (Paris) (Almanach 1488/1495–1508).,"Horae ad usum Parisiensem (Paris) (Almanach 1488/1495–1508). Paris: Ulrich Gering und Berthold Remboldt, 15.X.[1496(?)]. 8°",Paris,1496,1496,,ih00352500,https://gesamtkatalogderwiegendrucke.de/docs/GW13062.htm,https://data.cerl.org/istc/ih00352500,,horae-gw-corpus.csv
13063,Horae ad usum Romanum(?).,"Horae ad usum Romanum(?). [Paris: Jean Du Pré, um 1487]. 8°",Paris,1487,1487,,,https://gesamtkatalogderwiegendrucke.de/docs/GW13063.htm,,Im GW-Kopf keine ISTC-Verknüpfung gefunden,horae-gw-corpus.csv
13064,Horae ad usum Parisiensem (Paris).,"Horae ad usum Parisiensem (Paris). [Paris: Jean Du Pré, um 1488]. 8°",Paris,1488,1488,,,https://gesamtkatalogderwiegendrucke.de/docs/GW13064.htm,,Im GW-Kopf keine ISTC-Verknüpfung gefunden,horae-gw-corpus.csv
13065,Horae ad usum Romanum.,"Horae ad usum Romanum. [Paris]: Jean Du Pré, [um 1488]. 8°",Paris,1488,1488,,ih00359670,https://gesamtkatalogderwiegendrucke.de/docs/GW13065.htm,https://data.cerl.org/istc/ih00359670,,horae-gw-corpus.csv
13066,Horae ad usum Aeduensem (Autun) (Almanach 1488–1508).,"Horae ad usum Aeduensem (Autun) (Almanach 1488–1508). [Paris: Jean Du Pré, nicht vor 1488]. 8°",Paris,1488,1488,,ih00337700,https://gesamtkatalogderwiegendrucke.de/docs/GW13066.htm,https://data.cerl.org/istc/ih00337700,,horae-gw-corpus.csv
13067,Horae ad usum Romanum (Almanach 1488–1508).,"Horae ad usum Romanum (Almanach 1488–1508). [Paris]: Jean Du Pré, [vor 19.II.1489]. 8°",Paris,1489,1489,,ih00359650,https://gesamtkatalogderwiegendrucke.de/docs/GW13067.htm,https://data.cerl.org/istc/ih00359650,,horae-gw-corpus.csv
13068,Horae ad usum Cenomanensem (Le Mans).,"Horae ad usum Cenomanensem (Le Mans). [Paris]: Jean Du Pré, [um 1489]. 8°",Paris,1489,1489,,,https://gesamtkatalogderwiegendrucke.de/docs/GW13068.htm,,Im GW-Kopf keine ISTC-Verknüpfung gefunden,horae-gw-corpus.csv
13069,Horae ad usum Romanum (Almanach 1488–1508).,"Horae ad usum Romanum (Almanach 1488–1508). Paris: [Jean Du Pré] für Denis Meslier, 14.II.1489/90. 8°",Paris,1489,1490,,ih00364400,https://gesamtkatalogderwiegendrucke.de/docs/GW13069.htm,https://data.cerl.org/istc/ih00364400,,horae-gw-corpus.csv
13070,Horae ad usum Romanum (Almanach 1488–1508).,"Horae ad usum Romanum (Almanach 1488–1508). [Paris: Jean Du Pré, um 1490]. 8°",Paris,1490,1490,,ih00411450,https://gesamtkatalogderwiegendrucke.de/docs/GW13070.htm,https://data.cerl.org/istc/ih00411450,,horae-gw-corpus.csv
13071,Horae ad usum Romanum (Almanach 1488–1508).,"Horae ad usum Romanum (Almanach 1488–1508). [Paris: Jean Du Pré für Antoine Caillaut, um 1491]. 8°",Paris,1491,1491,,ih00369360,https://gesamtkatalogderwiegendrucke.de/docs/GW13071.htm,https://data.cerl.org/istc/ih00369360,,horae-gw-corpus.csv
13072,Horae ad usum Lugdunensem (Lyon) (Almanach 1491–1520).,"Horae ad usum Lugdunensem (Lyon) (Almanach 1491–1520). Paris: [Jean Du Pré(?) , vor 1493(?)]. 8°",Paris,1493,1493,,ih00346000,https://gesamtkatalogderwiegendrucke.de/docs/GW13072.htm,https://data.cerl.org/istc/ih00346000,,horae-gw-corpus.csv
13073,Horae ad usum Romanum (Almanach 1488–1508).,"Horae ad usum Romanum (Almanach 1488–1508). Paris: Philippe Pigouchet, [um 1493]. 8°",Paris,1493,1493,,ih00370600,https://gesamtkatalogderwiegendrucke.de/docs/GW13073.htm,https://data.cerl.org/istc/ih00370600,,horae-gw-corpus.csv
13074,Horae ad usum Parisiensem (Paris) (Almanach 1488–1508).,"Horae ad usum Parisiensem (Paris) (Almanach 1488–1508). [Paris: Philippe Pigouchet] für Simon Vostre, 4.VII.1495. 8°",Paris,1495,1495,,ih00352200,https://gesamtkatalogderwiegendrucke.de/docs/GW13074.htm,https://data.cerl.org/istc/ih00352200,,horae-gw-corpus.csv
13075,Horae ad usum Romanum (Almanach 1488–1508).,"Horae ad usum Romanum (Almanach 1488–1508). [Paris]: Philippe Pigouchet, [August/September 1495]. 8°",Paris,1495,1495,,ih00367000,https://gesamtkatalogderwiegendrucke.de/docs/GW13075.htm,https://data.cerl.org/istc/ih00367000,,horae-gw-corpus.csv
13076,Horae ad usum Romanum.,"Horae ad usum Romanum. Paris: Jean Du Pré, 10.III.1495/96. 8°",Paris,1495,1496,,ih00377650,https://gesamtkatalogderwiegendrucke.de/docs/GW13076.htm,https://data.cerl.org/istc/ih00377650,,horae-gw-corpus.csv
13077,Horae. Getijdenboek.,"Horae. Getijdenboek. [Paris: Johann Higman, vor 1497(?)]. 8°",Paris,1497,1497,,"ih00431350,1",https://gesamtkatalogderwiegendrucke.de/docs/GW13077.htm,"https://data.cerl.org/istc/ih00431350,1",,horae-gw-corpus.csv
13078,Horae ad usum Romanum(?).,"Horae ad usum Romanum(?). [Paris: Etienne Jehannot, um 1497]. 8°",Paris,1497,1497,,ih00392100,https://gesamtkatalogderwiegendrucke.de/docs/GW13078.htm,https://data.cerl.org/istc/ih00392100,,horae-gw-corpus.csv
13079,Horae ad usum Parisiensem (Paris) (Almanach 1490–1508).,"Horae ad usum Parisiensem (Paris) (Almanach 1490–1508). Paris: Pierre Le Dru und Etienne Jehannot, [um 1497]. 8°",Paris,1497,1497,,ih00352800,https://gesamtkatalogderwiegendrucke.de/docs/GW13079.htm,https://data.cerl.org/istc/ih00352800,,horae-gw-corpus.csv
13080,Horae. Getijdenboek (Almanach 1498–1513).,"Horae. Getijdenboek (Almanach 1498–1513). Paris: [Johann Higman] für Willem Houtmaert in Antwerpen, 1497. 8°",Paris,1497,1497,,"ih00431350,2",https://gesamtkatalogderwiegendrucke.de/docs/GW13080.htm,"https://data.cerl.org/istc/ih00431350,2",,horae-gw-corpus.csv
13081,Horae ad usum Romanum (Almanach 1489–1508).,"Horae ad usum Romanum (Almanach 1489–1508). [Paris]: Pierre Le Dru und Etienne Jehannot für Robin Challot, [vor 27.IX.1498]. 8°",Paris,1498,1498,,ih00411200,https://gesamtkatalogderwiegendrucke.de/docs/GW13081.htm,https://data.cerl.org/istc/ih00411200,,horae-gw-corpus.csv
13082,Horae ad usum Romanum (Almanach 1497–1520).,"Horae ad usum Romanum (Almanach 1497–1520). [Paris]: Philippe Pigouchet, [um 1498]. 8°",Paris,1498,1498,,ih00398500,https://gesamtkatalogderwiegendrucke.de/docs/GW13082.htm,https://data.cerl.org/istc/ih00398500,,horae-gw-corpus.csv
13083,Horae ad usum Parisiensem (Paris) (Almanach 1498–1509).,"Horae ad usum Parisiensem (Paris) (Almanach 1498–1509). Paris: Ulrich Gering und Berthold Remboldt, 7.III.1498/99. 8°",Paris,1498,1499,,ih00353000,https://gesamtkatalogderwiegendrucke.de/docs/GW13083.htm,https://data.cerl.org/istc/ih00353000,,horae-gw-corpus.csv
1308350N,Horae ad usum Rothomagensem (Rouen).,"Horae ad usum Rothomagensem (Rouen). Rouen: Jacques Le Forestier, [vor 17.IX.1500]. 8°",Rouen,1500,1500,,ih00419400,https://gesamtkatalogderwiegendrucke.de/docs/GW1308350N.htm,https://data.cerl.org/istc/ih00419400,,horae-gw-corpus.csv
13084,Horae ad usum Cenomanensem (Le Mans) (Almanach 1497–1520).,"Horae ad usum Cenomanensem (Le Mans) (Almanach 1497–1520). [Paris: Philippe Pigouchet] für Simon Vostre, 25.IV.1500. 8°",Paris,1500,1500,,ih00343400,https://gesamtkatalogderwiegendrucke.de/docs/GW13084.htm,https://data.cerl.org/istc/ih00343400,,horae-gw-corpus.csv
13085,Horae ad usum Parisiensem (Paris) (Almanach 1497–1520).,"Horae ad usum Parisiensem (Paris) (Almanach 1497–1520). [Paris: Philippe Pigouchet] für Simon Vostre, 25.IV.1500. 8°",Paris,1500,1500,,ih00356000,https://gesamtkatalogderwiegendrucke.de/docs/GW13085.htm,https://data.cerl.org/istc/ih00356000,,horae-gw-corpus.csv
13086,Horae. Getijdenboek (Almanach 1500–1515).,"Horae. Getijdenboek (Almanach 1500–1515). Paris: Wolfgang Hopyl, 10.IX.1500. 8°",Paris,1500,1500,,ih00433000,https://gesamtkatalogderwiegendrucke.de/docs/GW13086.htm,https://data.cerl.org/istc/ih00433000,,horae-gw-corpus.csv
13087,Horae.,"Horae. [Paris: Pierre Le Rouge, um 1490].",Paris,1490,1490,,,https://gesamtkatalogderwiegendrucke.de/docs/GW13087.htm,,Im GW-Kopf keine ISTC-Verknüpfung gefunden,horae-gw-corpus.csv
1308750N,Horae ad usum Romanum.,"Horae ad usum Romanum. [Paris: Guy Marchant] für Antoine Vérard, 6.XII.1489. 4°",Paris,1489,1489,,,https://gesamtkatalogderwiegendrucke.de/docs/GW1308750N.htm,,Im GW-Kopf keine ISTC-Verknüpfung gefunden,horae-gw-corpus.csv
13088,Horae.,"Horae. Paris: [Jean Du Pré] für Antoine Vérard, 21.VIII.1486. 8°",Paris,1486,1486,,,https://gesamtkatalogderwiegendrucke.de/docs/GW13088.htm,,Im GW-Kopf keine ISTC-Verknüpfung gefunden,horae-gw-corpus.csv
13089,Horae ad usum Romanum.,"Horae ad usum Romanum. [Paris: Guy Marchant] für Antoine Vérard, 5.I.1489/90. 4°",Paris,1489,1490,,ih00324700,https://gesamtkatalogderwiegendrucke.de/docs/GW13089.htm,https://data.cerl.org/istc/ih00324700,,horae-gw-corpus.csv
13090,Horae ad usum Romanum (Almanach 1488–1508).,"Horae ad usum Romanum (Almanach 1488–1508). [Paris: Philippe Pigouchet] für Simon Vostre, 24.XII.1491. 8 °",Paris,1491,1491,,ih00369355,https://gesamtkatalogderwiegendrucke.de/docs/GW13090.htm,https://data.cerl.org/istc/ih00369355,,horae-gw-corpus.csv
13091,Horae ad usum Romanum (Almanach 1488–1508).,"Horae ad usum Romanum (Almanach 1488–1508). [Paris: Philippe Pigouchet] für Simon Vostre, 8.V.1492. 8°",Paris,1492,1492,,ih00370200,https://gesamtkatalogderwiegendrucke.de/docs/GW13091.htm,https://data.cerl.org/istc/ih00370200,,horae-gw-corpus.csv
13092,Horae.,"Horae. [Paris: Drucker der Horae (GW 13092), vor 10.VII.1493]. 4°",Paris,1493,1493,,ih00367600,https://gesamtkatalogderwiegendrucke.de/docs/GW13092.htm,https://data.cerl.org/istc/ih00367600,,horae-gw-corpus.csv
13093,Horae ad usum Sarum (Salisbury).,"Horae ad usum Sarum (Salisbury). [Paris oder Rouen: Drucker der Horae ad usum Sarum (GW 13093)], 1495. 4°",Paris oder Rouen,1495,1495,,ih00420580,https://gesamtkatalogderwiegendrucke.de/docs/GW13093.htm,https://data.cerl.org/istc/ih00420580,,horae-gw-corpus.csv
13094,Horae ad usum Remensem (Reims) (Almanach 1494–1521).,"Horae ad usum Remensem (Reims) (Almanach 1494–1521). Paris: [Jean Du Pré], 17.V.1495. 8°",Paris,1495,1495,,ih00357160,https://gesamtkatalogderwiegendrucke.de/docs/GW13094.htm,https://data.cerl.org/istc/ih00357160,,horae-gw-corpus.csv
13095,Horae ad usum Bisuntinensem (Besançon) (Almanach 1494–1521).,"Horae ad usum Bisuntinensem (Besançon) (Almanach 1494–1521). Paris: [Jean Du Pré], 20.VI.1495. 8°",Paris,1495,1495,,ih00339520,https://gesamtkatalogderwiegendrucke.de/docs/GW13095.htm,https://data.cerl.org/istc/ih00339520,,horae-gw-corpus.csv
13096,Horae ad usum Romanum.,"Horae ad usum Romanum. Paris: [Jean Morand(?)] für Antoine Vérard, 8.VII.1495. 8°",Paris,1495,1495,,ih00377780,https://gesamtkatalogderwiegendrucke.de/docs/GW13096.htm,https://data.cerl.org/istc/ih00377780,,horae-gw-corpus.csv
13097,Horae ad usum Parisiensem (Paris).,"Horae ad usum Parisiensem (Paris). Paris: [Jean Morand(?)] für Antoine Vérard, 8.VII.1495. 8°",Paris,1495,1495,,ih00352300,https://gesamtkatalogderwiegendrucke.de/docs/GW13097.htm,https://data.cerl.org/istc/ih00352300,,horae-gw-corpus.csv
13098,Horae ad usum Romanum (Almanach 1494–1521).,"Horae ad usum Romanum (Almanach 1494–1521). Paris: Jean Du Pré, 18.VII.1495. 8°",Paris,1495,1495,,ih00377790,https://gesamtkatalogderwiegendrucke.de/docs/GW13098.htm,https://data.cerl.org/istc/ih00377790,,horae-gw-corpus.csv
13099,Horae ad usum Santonensem (Saintes).,"Horae ad usum Santonensem (Saintes). [Paris: Etienne Jehannot, um 1498]. 8°",Paris,1498,1498,,ih00419600,https://gesamtkatalogderwiegendrucke.de/docs/GW13099.htm,https://data.cerl.org/istc/ih00419600,,horae-gw-corpus.csv
13100,Horae ad usum Parisiensem (Paris) (Almanach 1497–1520).,"Horae ad usum Parisiensem (Paris) (Almanach 1497–1520). Paris: Thielmann Kerver, 9.IV.1499. 8°",Paris,1499,1499,,ih00354400,https://gesamtkatalogderwiegendrucke.de/docs/GW13100.htm,https://data.cerl.org/istc/ih00354400,,horae-gw-corpus.csv
13101,Horae ad usum Romanum (Almanach 1497–1520).,"Horae ad usum Romanum (Almanach 1497–1520). [Paris]: Georg Wolff und Thielmann Kerver, 26.IV.1499. 8°",Paris,1499,1499,,ih00399500,https://gesamtkatalogderwiegendrucke.de/docs/GW13101.htm,https://data.cerl.org/istc/ih00399500,,horae-gw-corpus.csv
13102,Horae ad usum Cabilonensem (Chalon-sur-Saône) (Almanach 1497–1520).,"Horae ad usum Cabilonensem (Chalon-sur-Saône) (Almanach 1497–1520). [Paris]: Thielmann Kerver für Hugues Pageot in Dijon, 7.X.1499. 8°",Paris,1499,1499,,ih00341500,https://gesamtkatalogderwiegendrucke.de/docs/GW13102.htm,https://data.cerl.org/istc/ih00341500,,horae-gw-corpus.csv
13103,Horae ad usum Romanum (Almanach 1497–1520).,"Horae ad usum Romanum (Almanach 1497–1520). [Paris: André Bocard], 22.X.1500. 8°",Paris,1500,1500,,ih00407000,https://gesamtkatalogderwiegendrucke.de/docs/GW13103.htm,https://data.cerl.org/istc/ih00407000,,horae-gw-corpus.csv
13104,Horae ad usum Romanum (Almanach 1497–1520).,"Horae ad usum Romanum (Almanach 1497–1520). [Paris]: Thielmann Kerver für Gilles Remacle, 5.I.1500/01. 8°",Paris,1500,1501,,ih00411550,https://gesamtkatalogderwiegendrucke.de/docs/GW13104.htm,https://data.cerl.org/istc/ih00411550,,horae-gw-corpus.csv
13105,Horae ad usum Romanum (Almanach 1497–1520).,"Horae ad usum Romanum (Almanach 1497–1520). [Paris: André Bocard], 20.I.1500/01. 8°",Paris,1500,1501,,ih00411600,https://gesamtkatalogderwiegendrucke.de/docs/GW13105.htm,https://data.cerl.org/istc/ih00411600,,horae-gw-corpus.csv
13106,Horae ad usum Parisiensem (Paris) (Almanach 1497–1520).,"Horae ad usum Parisiensem (Paris) (Almanach 1497–1520). [Paris: André Bocard], 20.I.1500/01. 8°",Paris,1500,1501,,ih00411620,https://gesamtkatalogderwiegendrucke.de/docs/GW13106.htm,https://data.cerl.org/istc/ih00411620,,horae-gw-corpus.csv
13107,Horae ad usum Parisiensem (Paris) (Almanach 1497–1520).,"Horae ad usum Parisiensem (Paris) (Almanach 1497–1520). Paris: Thielmann Kerver für Gilles Remacle, 3.II.1500/01. 8°",Paris,1500,1501,,ih00355000,https://gesamtkatalogderwiegendrucke.de/docs/GW13107.htm,https://data.cerl.org/istc/ih00355000,,horae-gw-corpus.csv
13108,Horae ad usum Leodiensem (Liège) (Almanach 1497–1520).,"Horae ad usum Leodiensem (Liège) (Almanach 1497–1520). [Paris]: Thielmann Kerver für Gilles Remacle, 8.II.1500/01. 8°",Paris,1500,1501,,ih00345480,https://gesamtkatalogderwiegendrucke.de/docs/GW13108.htm,https://data.cerl.org/istc/ih00345480,,horae-gw-corpus.csv
13109,Horae ad usum Cameracensem (Cambrai) (Almanach 1497–1520).,"Horae ad usum Cameracensem (Cambrai) (Almanach 1497–1520). [Paris]: Thielmann Kerver für Gilles Remacle, 15.III.1500/01. 8°",Paris,1500,1501,,ih00341800,https://gesamtkatalogderwiegendrucke.de/docs/GW13109.htm,https://data.cerl.org/istc/ih00341800,,horae-gw-corpus.csv
13110,Horae ad usum Romanum (Almanach 1497–1520).,"Horae ad usum Romanum (Almanach 1497–1520). [Paris]: Thielmann Kerver, 10.IV.1500/01. 8°",Paris,1500,1501,,ih00411670,https://gesamtkatalogderwiegendrucke.de/docs/GW13110.htm,https://data.cerl.org/istc/ih00411670,,horae-gw-corpus.csv
13111,Horae ad usum Parisiensem (Paris).,"Horae ad usum Parisiensem (Paris). Paris: Jean Du Pré, 18.II.1487/88. 4°",Paris,1487,1488,,ih00357900,https://gesamtkatalogderwiegendrucke.de/docs/GW13111.htm,https://data.cerl.org/istc/ih00357900,,horae-gw-corpus.csv
13112,Horae ad usum Romanum (Almanach 1489–1508).,"Horae ad usum Romanum (Almanach 1489–1508). Paris: Antoine Vérard, 20.X.1489. 8°",Paris,1489,1489,,ih00362300,https://gesamtkatalogderwiegendrucke.de/docs/GW13112.htm,https://data.cerl.org/istc/ih00362300,,horae-gw-corpus.csv
13113,"Horae ad usum Pictaviensem (Poitiers) (Almanach 1489–1508). Darin: Pseudo-Hieronymus, Sophronius Eusebius: Epistola ad Marcellam, franz.","Horae ad usum Pictaviensem (Poitiers) (Almanach 1489–1508). Darin: Pseudo-Hieronymus, Sophronius Eusebius: Epistola ad Marcellam, franz. Paris: Antoine Vérard, 20.II.1489/90. 8°",Paris,1489,1490,franz.,ih00357050,https://gesamtkatalogderwiegendrucke.de/docs/GW13113.htm,https://data.cerl.org/istc/ih00357050,,horae-gw-corpus.csv
13114,Horae ad usum Romanum (Almanach 1488–1508).,"Horae ad usum Romanum (Almanach 1488–1508). Paris: Jean Du Pré, 1490. 8°",Paris,1490,1490,,ih00365500,https://gesamtkatalogderwiegendrucke.de/docs/GW13114.htm,https://data.cerl.org/istc/ih00365500,,horae-gw-corpus.csv
13115,"Horae. Darin: Pseudo-Hieronymus, Sophronius Eusebius: Epistola ad Marcellam, franz.","Horae. Darin: Pseudo-Hieronymus, Sophronius Eusebius: Epistola ad Marcellam, franz. Paris: Antoine Vérard, 20.VII.1490. 8°",Paris,1490,1490,franz.,ih00325700,https://gesamtkatalogderwiegendrucke.de/docs/GW13115.htm,https://data.cerl.org/istc/ih00325700,,horae-gw-corpus.csv
13116,Horae ad usum Romanum (Almanach 1488–1508).,"Horae ad usum Romanum (Almanach 1488–1508). [Paris]: Jean Du Pré, [nicht vor 1492(?)]. 8°",Paris,1492,1492,,ih00370550,https://gesamtkatalogderwiegendrucke.de/docs/GW13116.htm,https://data.cerl.org/istc/ih00370550,,horae-gw-corpus.csv
13117,Horae ad usum Romanum (Almanach 1492–1508).,"Horae ad usum Romanum (Almanach 1492–1508). Paris: Jean Morand für Geoffroi de Marnef, 12.II.1492/93. 8°",Paris,1492,1493,,ih00371000,https://gesamtkatalogderwiegendrucke.de/docs/GW13117.htm,https://data.cerl.org/istc/ih00371000,,horae-gw-corpus.csv
13118,Horae ad usum Andegavensem (Angers).,"Horae ad usum Andegavensem (Angers). Paris: [Jean Morand] für Enguilbert de Marnef und Jean Alexandre, 7.III.1492/93. 8°",Paris,1492,1493,,ih00338700,https://gesamtkatalogderwiegendrucke.de/docs/GW13118.htm,https://data.cerl.org/istc/ih00338700,,horae-gw-corpus.csv
13119,Horae ad usum Romanum.,"Horae ad usum Romanum. Paris: Laurent Philippe, 10.VII.1493. 4°",Paris,1493,1493,,ih00374200,https://gesamtkatalogderwiegendrucke.de/docs/GW13119.htm,https://data.cerl.org/istc/ih00374200,,horae-gw-corpus.csv
13120,Horae ad usum Cameracensem (Cambrai).,"Horae ad usum Cameracensem (Cambrai). Paris: [Etienne Jehannot] für Johannes de Campis in Cambrai, 26.II.1494/95. 8°",Paris,1494,1495,,ih00341700,https://gesamtkatalogderwiegendrucke.de/docs/GW13120.htm,https://data.cerl.org/istc/ih00341700,,horae-gw-corpus.csv
13121,Horae ad usum Parisiensem (Paris) (Almanach 1495–1508).,"Horae ad usum Parisiensem (Paris) (Almanach 1495–1508). Paris: Michel Toulouse, 3.III.[nicht nach 1496]. 8°",Paris,1496,1496,,ih00352400,https://gesamtkatalogderwiegendrucke.de/docs/GW13121.htm,https://data.cerl.org/istc/ih00352400,,horae-gw-corpus.csv
13122,Horae ad usum Parisiensem (Paris) (Almanach 1493–1508).,"Horae ad usum Parisiensem (Paris) (Almanach 1493–1508). [Paris]: Etienne Jehannot, [um 1497]. 8°",Paris,1497,1497,,ih00352000,https://gesamtkatalogderwiegendrucke.de/docs/GW13122.htm,https://data.cerl.org/istc/ih00352000,,horae-gw-corpus.csv
13123,Horae ad usum Romanum (Almanach 1489–1508).,"Horae ad usum Romanum (Almanach 1489–1508). Paris: Etienne Jehannot, [um 1497/99]. 8°",Paris,1497,1499,,ih00401300,https://gesamtkatalogderwiegendrucke.de/docs/GW13123.htm,https://data.cerl.org/istc/ih00401300,,horae-gw-corpus.csv
13124,Horae ad usum Romanum (Almanach 1489–1508).,"Horae ad usum Romanum (Almanach 1489–1508). [Paris: Etienne Jehannot, um 1497/99]. 8°",Paris,1497,1499,,ih00392150,https://gesamtkatalogderwiegendrucke.de/docs/GW13124.htm,https://data.cerl.org/istc/ih00392150,,horae-gw-corpus.csv
13125,Horae ad usum Romanum (Almanach 1489–1508).,"Horae ad usum Romanum (Almanach 1489–1508). Paris: Etienne Jehannot für Jean Petit, [um 1497/99]. 8°",Paris,1497,1499,,ih00392200,https://gesamtkatalogderwiegendrucke.de/docs/GW13125.htm,https://data.cerl.org/istc/ih00392200,,horae-gw-corpus.csv
13126,Horae ad usum Romanum (Almanach 1493–1508).,"Horae ad usum Romanum (Almanach 1493–1508). [Paris: Etienne Jehannot] für Denis Roce, [um 1497/99]. 8°",Paris,1497,1499,,ih00392300,https://gesamtkatalogderwiegendrucke.de/docs/GW13126.htm,https://data.cerl.org/istc/ih00392300,,horae-gw-corpus.csv
13127,Horae ad usum Redonensem (Rennes) (Almanach 1489–1508).,"Horae ad usum Redonensem (Rennes) (Almanach 1489–1508). [Paris: Etienne Jehannot] für Pierre Regnault in Caen, [um 1497/99]. 8°",Paris,1497,1499,,ih00357140,https://gesamtkatalogderwiegendrucke.de/docs/GW13127.htm,https://data.cerl.org/istc/ih00357140,,horae-gw-corpus.csv
13128,Horae ad usum Sarum (Salisbury).,"Horae ad usum Sarum (Salisbury). [Paris: Etienne Jehannot, um 1497/99]. 8°",Paris,1497,1499,,ih00422300,https://gesamtkatalogderwiegendrucke.de/docs/GW13128.htm,https://data.cerl.org/istc/ih00422300,,horae-gw-corpus.csv
13129,Horae ad usum Sarum (Salisbury).,"Horae ad usum Sarum (Salisbury). [Paris: Etienne Jehannot, um 1497/99]. 8°",Paris,1497,1499,,ih00422500,https://gesamtkatalogderwiegendrucke.de/docs/GW13129.htm,https://data.cerl.org/istc/ih00422500,,horae-gw-corpus.csv
13130,"Horae, niederdeutsch. Seven tyden (Almanach 1500–1520).","Horae, niederdeutsch. Seven tyden (Almanach 1500–1520). Paris: [Johann Philippi, nicht vor 1500]. 8°",Paris,1500,1500,niederdeutsch,ig00113190,https://gesamtkatalogderwiegendrucke.de/docs/GW13130.htm,https://data.cerl.org/istc/ig00113190,,horae-gw-corpus.csv
13131,Horae ad usum Romanum (Almanach 1488–1508).,"Horae ad usum Romanum (Almanach 1488–1508). Paris: [Antoine Caillaut] für Antoine Vérard, 8.I.1488/89. 8°",Paris,1488,1489,,ih00359600,https://gesamtkatalogderwiegendrucke.de/docs/GW13131.htm,https://data.cerl.org/istc/ih00359600,,horae-gw-corpus.csv
13132,Horae ad usum Romanum (Almanach 1488–1508).,"Horae ad usum Romanum (Almanach 1488–1508). Paris: Philippe Pigouchet, 21.II.1491/92. 8°",Paris,1491,1492,,ih00369800,https://gesamtkatalogderwiegendrucke.de/docs/GW13132.htm,https://data.cerl.org/istc/ih00369800,,horae-gw-corpus.csv
13133,Horae ad usum Baiocensem (Bayeux) (Almanach 1488–1508).,"Horae ad usum Baiocensem (Bayeux) (Almanach 1488–1508). [Paris: Philippe Pigouchet, um 1492]. 8°",Paris,1492,1492,,ih00339480,https://gesamtkatalogderwiegendrucke.de/docs/GW13133.htm,https://data.cerl.org/istc/ih00339480,,horae-gw-corpus.csv
13134,Horae ad usum Romanum (Almanach 1488–1508).,"Horae ad usum Romanum (Almanach 1488–1508). Paris: Philippe Pigouchet, [um 1492]. 8°",Paris,1492,1492,,ih00370510,https://gesamtkatalogderwiegendrucke.de/docs/GW13134.htm,https://data.cerl.org/istc/ih00370510,,horae-gw-corpus.csv
13135,Horae ad usum Romanum (Almanach 1488–1508).,"Horae ad usum Romanum (Almanach 1488–1508). Paris: Philippe Pigouchet, [um 1492]. 8°",Paris,1492,1492,,ih00370520,https://gesamtkatalogderwiegendrucke.de/docs/GW13135.htm,https://data.cerl.org/istc/ih00370520,,horae-gw-corpus.csv
13136,Horae ad usum Pictaviensem (Poitiers) (Almanach 1488–1508).,"Horae ad usum Pictaviensem (Poitiers) (Almanach 1488–1508). [Paris: Philippe Pigouchet] für Simon Vostre, 7.V.1492. 8°",Paris,1492,1492,,ih00357087,https://gesamtkatalogderwiegendrucke.de/docs/GW13136.htm,https://data.cerl.org/istc/ih00357087,,horae-gw-corpus.csv
13137,Horae ad usum Romanum (Almanach 1488–1508).,"Horae ad usum Romanum (Almanach 1488–1508). [Paris: Jean Morand(?)] für Jean de Coulonces bzw. Robin Challot, 2.VII.1492. 8°",Paris,1492,1492,,ih00370280,https://gesamtkatalogderwiegendrucke.de/docs/GW13137.htm,https://data.cerl.org/istc/ih00370280,,horae-gw-corpus.csv
13138,Horae ad usum Cenomanensem (Le Mans).,"Horae ad usum Cenomanensem (Le Mans). [Paris: Philippe Pigouchet] für Simon Vostre, 22.II.1492/93. 8°",Paris,1492,1493,,ih00343100,https://gesamtkatalogderwiegendrucke.de/docs/GW13138.htm,https://data.cerl.org/istc/ih00343100,,horae-gw-corpus.csv
13139,Horae ad usum Rothomagensem (Rouen) (Almanach 1488–1508).,"Horae ad usum Rothomagensem (Rouen) (Almanach 1488–1508). [Paris: Philippe Pigouchet] für Pierre Regnault in Caen, 11.III.1492/93. 8°",Paris,1492,1493,,ih00418200,https://gesamtkatalogderwiegendrucke.de/docs/GW13139.htm,https://data.cerl.org/istc/ih00418200,,horae-gw-corpus.csv
1313950N,Horae ad usum Romanum.,"Horae ad usum Romanum. Paris: [Philippe Pigouchet] für Simon Vostre, 19.VI.1493. 8°",Paris,1493,1493,,ih00373800,https://gesamtkatalogderwiegendrucke.de/docs/GW1313950N.htm,https://data.cerl.org/istc/ih00373800,,horae-gw-corpus.csv
13140,Horae ad usum Romanum (Almanach 1489–1508).,"Horae ad usum Romanum (Almanach 1489–1508). [Paris: Philippe Pigouchet] für Simon Vostre, 4.XII.1493. 8°",Paris,1493,1493,,ih00375300,https://gesamtkatalogderwiegendrucke.de/docs/GW13140.htm,https://data.cerl.org/istc/ih00375300,,horae-gw-corpus.csv
13141,Horae ad usum Romanum (Almanach 1488–1508).,"Horae ad usum Romanum (Almanach 1488–1508). [Paris: Philippe Pigouchet, um 1498]. 8°",Paris,1498,1498,,ih00398600,https://gesamtkatalogderwiegendrucke.de/docs/GW13141.htm,https://data.cerl.org/istc/ih00398600,,horae-gw-corpus.csv
1314110,Horae ad usum Trecensem (Troyes) (Almanach 1497–1520).,"Horae ad usum Trecensem (Troyes) (Almanach 1497–1520). [Paris: Philippe Pigouchet] für Macé Panthoul in Troyes, 20.I.1499/1500. 8°",Paris,1499,1500,,ih00427765,https://gesamtkatalogderwiegendrucke.de/docs/GW1314110.htm,https://data.cerl.org/istc/ih00427765,,horae-gw-corpus.csv
13142,Horae ad usum Turonensem (Tours).,"Horae ad usum Turonensem (Tours). [Paris: Jean Du Pré, um 1485]. 16°",Paris,1485,1485,,ih00427830,https://gesamtkatalogderwiegendrucke.de/docs/GW13142.htm,https://data.cerl.org/istc/ih00427830,,horae-gw-corpus.csv
13143,Horae ad usum Romanum.,"Horae ad usum Romanum. [Paris: Jean Du Pré] für Antoine Vérard, 12.IX.1485 [vielmehr 2.IX.1485]. 8°",Paris,1485,1485,,ih00357775,https://gesamtkatalogderwiegendrucke.de/docs/GW13143.htm,https://data.cerl.org/istc/ih00357775,,horae-gw-corpus.csv
13144,Horae.,"Horae. [Paris: Jean Du Pré] für Antoine Vérard, 6.II.1485/86. 8°",Paris,1485,1486,,ih00357785,https://gesamtkatalogderwiegendrucke.de/docs/GW13144.htm,https://data.cerl.org/istc/ih00357785,,horae-gw-corpus.csv
13145,Horae ad usum Romanum (Almanach 1488–1508).,"Horae ad usum Romanum (Almanach 1488–1508). [Paris: Philippe Pigouchet für die Brüder de Marnef, um 1491/92]. 4°",Paris,1491,1492,,ih00359000,https://gesamtkatalogderwiegendrucke.de/docs/GW13145.htm,https://data.cerl.org/istc/ih00359000,,horae-gw-corpus.csv
13146,Horae ad usum Romanum.,"Horae ad usum Romanum. [Paris: Philippe Pigouchet] für Simon Vostre, 5.VIII.1491. 8°",Paris,1491,1491,,ih00369300,https://gesamtkatalogderwiegendrucke.de/docs/GW13146.htm,https://data.cerl.org/istc/ih00369300,,horae-gw-corpus.csv
13147,Horae ad usum Parisiensem (Paris) (Almanach 1488–1508).,"Horae ad usum Parisiensem (Paris) (Almanach 1488–1508). [Paris]: Philippe Pigouchet z.T. für die Brüder de Marnef, 1.XII.1491. 4(?)°",Paris,1491,1491,,ih00351000,https://gesamtkatalogderwiegendrucke.de/docs/GW13147.htm,https://data.cerl.org/istc/ih00351000,,horae-gw-corpus.csv
13148,Horae ad usum Romanum (Almanach 1488–1508).,"Horae ad usum Romanum (Almanach 1488–1508). Paris: Philippe Pigouchet für Simon Vostre, 1.III.1491/92. 8°",Paris,1491,1492,,ih00370000,https://gesamtkatalogderwiegendrucke.de/docs/GW13148.htm,https://data.cerl.org/istc/ih00370000,,horae-gw-corpus.csv
13149,Horae.,"Horae. [Paris: Jean Morand(?), um 1493(?)]. 8°",Paris,1493,1493,,ih00332310,https://gesamtkatalogderwiegendrucke.de/docs/GW13149.htm,https://data.cerl.org/istc/ih00332310,,horae-gw-corpus.csv
13150,Horae ad usum Romanum (Almanach 1489–1508).,"Horae ad usum Romanum (Almanach 1489–1508). [Paris: Philippe Pigouchet für sich selbst und die Brüder de Marnef, um 1493]. 8°",Paris,1493,1493,,ih00363000,https://gesamtkatalogderwiegendrucke.de/docs/GW13150.htm,https://data.cerl.org/istc/ih00363000,,horae-gw-corpus.csv
13151,Horae ad usum Romanum (Almanach 1489–1508).,"Horae ad usum Romanum (Almanach 1489–1508). Paris: [Jean Morand] für Geoffroi de Marnef, 20.VI.1493. 4°",Paris,1493,1493,,ih00374000,https://gesamtkatalogderwiegendrucke.de/docs/GW13151.htm,https://data.cerl.org/istc/ih00374000,,horae-gw-corpus.csv
13152,Horae ad usum Trecensem (Troyes) (Almanach 1489–1508).,"Horae ad usum Trecensem (Troyes) (Almanach 1489–1508). Paris: [Jean Morand] für Geoffroi de Marnef, 13.VIII.1493. 4°",Paris,1493,1493,,ih00427760,https://gesamtkatalogderwiegendrucke.de/docs/GW13152.htm,https://data.cerl.org/istc/ih00427760,,horae-gw-corpus.csv
13153,Horae ad usum Romanum (Almanach 1488–1508).,"Horae ad usum Romanum (Almanach 1488–1508). [Paris: Philippe Pigouchet] für Simon Vostre, 22.VIII.1493. 4°",Paris,1493,1493,,ih00375100,https://gesamtkatalogderwiegendrucke.de/docs/GW13153.htm,https://data.cerl.org/istc/ih00375100,,horae-gw-corpus.csv
13154,Horae ad usum Romanum (Almanach 1488–1508).,"Horae ad usum Romanum (Almanach 1488–1508). [Paris: Philippe Pigouchet] für Simon Vostre, 23.X.1494. 8°",Paris,1494,1494,,ih00377000,https://gesamtkatalogderwiegendrucke.de/docs/GW13154.htm,https://data.cerl.org/istc/ih00377000,,horae-gw-corpus.csv
13155,Horae ad usum Bituricensem (Bourges) (Almanach 1488–1508).,"Horae ad usum Bituricensem (Bourges) (Almanach 1488–1508). [Paris]: Etienne Jehannot [für die Brüder de Marnef, um 1497/99]. 8°",Paris,1497,1499,,ih00339600,https://gesamtkatalogderwiegendrucke.de/docs/GW13155.htm,https://data.cerl.org/istc/ih00339600,,horae-gw-corpus.csv
13156,Horae ad usum Sarum (Salisbury) (Almanach 1494–1520). [Paris: Johann Philippi für Thielmann Kerver in,"Horae ad usum Sarum (Salisbury) (Almanach 1494–1520). [Paris: Johann Philippi für Thielmann Kerver in Paris] und Jean Richard in Rouen, 1497. 8°",Paris,1497,1497,,ih00421000,https://gesamtkatalogderwiegendrucke.de/docs/GW13156.htm,https://data.cerl.org/istc/ih00421000,,horae-gw-corpus.csv
13157,Horae ad usum Romanum (Almanach 1494–1520).,"Horae ad usum Romanum (Almanach 1494–1520). [Paris: Johann Philippi] für Thielmann Kerver, 27.VI.1497. 8°",Paris,1497,1497,,ih00384000,https://gesamtkatalogderwiegendrucke.de/docs/GW13157.htm,https://data.cerl.org/istc/ih00384000,,horae-gw-corpus.csv
13158,Horae ad usum Romanum (Almanach 1494–1520).,"Horae ad usum Romanum (Almanach 1494–1520). [Paris]: Johann Philippi für Thielmann Kerver, 15.VII.1497. 8°",Paris,1497,1497,,ih00386000,https://gesamtkatalogderwiegendrucke.de/docs/GW13158.htm,https://data.cerl.org/istc/ih00386000,,horae-gw-corpus.csv
13159,Horae ad usum Romanum (Almanach 1488–1508).,"Horae ad usum Romanum (Almanach 1488–1508). [Paris: Etienne Jehannot], 15.XI.1497. 8°",Paris,1497,1497,,ih00390400,https://gesamtkatalogderwiegendrucke.de/docs/GW13159.htm,https://data.cerl.org/istc/ih00390400,,horae-gw-corpus.csv
13160,Horae ad usum Santonensem (Saintes) (Almanach 1494–1520). [Paris]: Johann Philippi für Jacques Bezanceau in Poitiers [und Thielmann Kerver in,"Horae ad usum Santonensem (Saintes) (Almanach 1494–1520). [Paris]: Johann Philippi für Jacques Bezanceau in Poitiers [und Thielmann Kerver in Paris], 16.I.1497/98. 8°",Paris,1497,1498,,ih00419700,https://gesamtkatalogderwiegendrucke.de/docs/GW13160.htm,https://data.cerl.org/istc/ih00419700,,horae-gw-corpus.csv
13161,Horae ad usum Pictaviensem (Poitiers) (Almanach 1497–1520).,"Horae ad usum Pictaviensem (Poitiers) (Almanach 1497–1520). [Paris: Georg Wolff und Thielmann Kerver] für Geoffroi de Marnef, 28.VI.1498. 8°",Paris,1498,1498,,ih00357089,https://gesamtkatalogderwiegendrucke.de/docs/GW13161.htm,https://data.cerl.org/istc/ih00357089,,horae-gw-corpus.csv
13162,Horae ad usum Romanum (Almanach 1488–1508).,"Horae ad usum Romanum (Almanach 1488–1508). [Paris]: Etienne Jehannot für Gilles Hardouyn, 31.VIII.1498. 8°",Paris,1498,1498,,ih00394400,https://gesamtkatalogderwiegendrucke.de/docs/GW13162.htm,https://data.cerl.org/istc/ih00394400,,horae-gw-corpus.csv
13163,Horae ad usum Romanum (Almanach 1497–1520).,"Horae ad usum Romanum (Almanach 1497–1520). Paris: Thielmann Kerver, 26.IX.1498. 8°",Paris,1498,1498,,ih00395300,https://gesamtkatalogderwiegendrucke.de/docs/GW13163.htm,https://data.cerl.org/istc/ih00395300,,horae-gw-corpus.csv
13164,Horae ad usum Romanum (Almanach 1488–1508).,"Horae ad usum Romanum (Almanach 1488–1508). [Paris: Etienne Jehannot] für Jean Poitevin, 27.IX.1498. 8°",Paris,1498,1498,,ih00395400,https://gesamtkatalogderwiegendrucke.de/docs/GW13164.htm,https://data.cerl.org/istc/ih00395400,,horae-gw-corpus.csv
1316450N,Horae ad usum Romanum.,"Horae ad usum Romanum. Paris: Thielmann Kerver, 16.V.1499. 8°",Paris,1499,1499,,ih00399750,https://gesamtkatalogderwiegendrucke.de/docs/GW1316450N.htm,https://data.cerl.org/istc/ih00399750,,horae-gw-corpus.csv
13165,Horae ad usum Lemovicensem (Limoges).,"Horae ad usum Lemovicensem (Limoges). Paris: [Etienne Jehannot(?)], 20.II.1499/1500. 8°",Paris,1499,1500,,ih00344900,https://gesamtkatalogderwiegendrucke.de/docs/GW13165.htm,https://data.cerl.org/istc/ih00344900,,horae-gw-corpus.csv
13166,Horae ad usum Romanum (Almanach 1490–1508).,"Horae ad usum Romanum (Almanach 1490–1508). Paris: [Pierre Le Dru] für Jean Poitevin, 8.III.1499/1500. 8°",Paris,1499,1500,,ih00399300,https://gesamtkatalogderwiegendrucke.de/docs/GW13166.htm,https://data.cerl.org/istc/ih00399300,,horae-gw-corpus.csv
13167,Horae ad usum Leodiensem (Liège).,"Horae ad usum Leodiensem (Liège). [Paris: Etienne Jehannot, um 1500]. 8°",Paris,1500,1500,,ih00345900,https://gesamtkatalogderwiegendrucke.de/docs/GW13167.htm,https://data.cerl.org/istc/ih00345900,,horae-gw-corpus.csv
13168,Horae ad usum Rothomagensem (Rouen) (Almanach 1497–1520).,"Horae ad usum Rothomagensem (Rouen) (Almanach 1497–1520). [Paris]: Thielmann Kerver, 24.X.[um 1500]. 8°",Paris,1500,1500,,ih00419200,https://gesamtkatalogderwiegendrucke.de/docs/GW13168.htm,https://data.cerl.org/istc/ih00419200,,horae-gw-corpus.csv
13169,Horae ad usum Romanum (Almanach 1497–1520).,"Horae ad usum Romanum (Almanach 1497–1520). [Paris]: Thielmann Kerver für Gilles Remacle, 26.VI.1500. 8°",Paris,1500,1500,,ih00405900,https://gesamtkatalogderwiegendrucke.de/docs/GW13169.htm,https://data.cerl.org/istc/ih00405900,,horae-gw-corpus.csv
13170,Horae ad usum Catalaunensem (Châlons-sur-Marne) (Almanach 1497–1520).,"Horae ad usum Catalaunensem (Châlons-sur-Marne) (Almanach 1497–1520). Paris: Thielmann Kerver für Gauche Preta in Châlons, 9.VIII.[nach 1500(?)]. 8°",Paris,1500,1500,,ih00342000,https://gesamtkatalogderwiegendrucke.de/docs/GW13170.htm,https://data.cerl.org/istc/ih00342000,,horae-gw-corpus.csv
13171,Horae. Getijdenboek (Almanach 1500–1520).,"Horae. Getijdenboek (Almanach 1500–1520). Paris: Thielmann Kerver, 12.II.1500/01. 8°",Paris,1500,1501,,ih00432800,https://gesamtkatalogderwiegendrucke.de/docs/GW13171.htm,https://data.cerl.org/istc/ih00432800,,horae-gw-corpus.csv
13172,"Horae ad usum Romanum (Almanach 1488–1508). Daran: Pseudo-Hieronymus, Sophronius Eusebius: Epistola ad Marcellam.","Horae ad usum Romanum (Almanach 1488–1508). Daran: Pseudo-Hieronymus, Sophronius Eusebius: Epistola ad Marcellam. [Paris: Antoine Caillaut] für Antoine Vérard, 8.II.1489/90. 8°",Paris,1489,1490,,ih00364200,https://gesamtkatalogderwiegendrucke.de/docs/GW13172.htm,https://data.cerl.org/istc/ih00364200,,horae-gw-corpus.csv
13173,Horae ad usum Romanum.,"Horae ad usum Romanum. [Paris: Pierre Levet] für Antoine Vérard, 20.II.1488/89. 8°",Paris,1488,1489,,ih00360250,https://gesamtkatalogderwiegendrucke.de/docs/GW13173.htm,https://data.cerl.org/istc/ih00360250,,horae-gw-corpus.csv
13174,Horae ad usum Romanum (Almanach 1488–1508).,"Horae ad usum Romanum (Almanach 1488–1508). [Paris: Denis Meslier, um 1490]. 4°",Paris,1490,1490,,ih00369150,https://gesamtkatalogderwiegendrucke.de/docs/GW13174.htm,https://data.cerl.org/istc/ih00369150,,horae-gw-corpus.csv
13175,Horae ad usum Lugdunensem (Lyon).,"Horae ad usum Lugdunensem (Lyon). [Paris: Philippe Pigouchet, um 1492/93]. 8°",Paris,1492,1493,,ih00346300,https://gesamtkatalogderwiegendrucke.de/docs/GW13175.htm,https://data.cerl.org/istc/ih00346300,,horae-gw-corpus.csv
13176,Horae ad usum Sarum (Salisbury).,"Horae ad usum Sarum (Salisbury). [Paris: Philippe Pigouchet] für Jean Richard in Rouen, 1494. 8°",Paris,1494,1494,,ih00420445,https://gesamtkatalogderwiegendrucke.de/docs/GW13176.htm,https://data.cerl.org/istc/ih00420445,,horae-gw-corpus.csv
13177,Horae ad usum Romanum (Almanach 1488–1508).,"Horae ad usum Romanum (Almanach 1488–1508). Paris: Philippe Pigouchet, 19.IV.1494. 8°",Paris,1494,1494,,ih00376000,https://gesamtkatalogderwiegendrucke.de/docs/GW13177.htm,https://data.cerl.org/istc/ih00376000,,horae-gw-corpus.csv
13178,Horae ad usum Carnotensem (Chartres) (Almanach 1488–1508).,"Horae ad usum Carnotensem (Chartres) (Almanach 1488–1508). [Paris: Philippe Pigouchet] für Simon Vostre, 2.VI.1494. 8°",Paris,1494,1494,,ih00341860,https://gesamtkatalogderwiegendrucke.de/docs/GW13178.htm,https://data.cerl.org/istc/ih00341860,,horae-gw-corpus.csv
13179,Horae ad usum Romanum (Almanach 1489–1508).,"Horae ad usum Romanum (Almanach 1489–1508). [Paris: Philippe Pigouchet] für Simon Vostre, 21.VIII.1494. 8°",Paris,1494,1494,,ih00376850,https://gesamtkatalogderwiegendrucke.de/docs/GW13179.htm,https://data.cerl.org/istc/ih00376850,,horae-gw-corpus.csv
13180,Horae ad usum Tullensem (Toul).,"Horae ad usum Tullensem (Toul). [Paris]: Philippe Pigouchet, 9.XII.1494. 8°",Paris,1494,1494,,ih00427770,https://gesamtkatalogderwiegendrucke.de/docs/GW13180.htm,https://data.cerl.org/istc/ih00427770,,horae-gw-corpus.csv
13181,Horae ad usum Romanum (Almanach 1488–1508).,"Horae ad usum Romanum (Almanach 1488–1508). [Paris]: Philippe Pigouchet, 20.XII.1494. 8°",Paris,1494,1494,,ih00377450,https://gesamtkatalogderwiegendrucke.de/docs/GW13181.htm,https://data.cerl.org/istc/ih00377450,,horae-gw-corpus.csv
13182,Horae ad usum Romanum (Almanach 1488–1508).,"Horae ad usum Romanum (Almanach 1488–1508). [Paris: Philippe Pigouchet] für Simon Vostre, 13.III.1494/95. 8°",Paris,1494,1495,,ih00377700,https://gesamtkatalogderwiegendrucke.de/docs/GW13182.htm,https://data.cerl.org/istc/ih00377700,,horae-gw-corpus.csv
13183,Horae ad usum Autissiodorensem (Auxerre) (Almanach 1488–1508).,"Horae ad usum Autissiodorensem (Auxerre) (Almanach 1488–1508). Paris: Philippe Pigouchet für Jean Du Bois [in Auxerre(?)], 1495. 8°",Paris,1495,1495,,ih00339190,https://gesamtkatalogderwiegendrucke.de/docs/GW13183.htm,https://data.cerl.org/istc/ih00339190,,horae-gw-corpus.csv
13184,Horae ad usum Lugdunensem (Lyon) (Almanach 1488–1508).,"Horae ad usum Lugdunensem (Lyon) (Almanach 1488–1508). Paris: Philippe Pigouchet für Toussaint de Montjay, 30.VII.1495. 8°",Paris,1495,1495,,ih00346500,https://gesamtkatalogderwiegendrucke.de/docs/GW13184.htm,https://data.cerl.org/istc/ih00346500,,horae-gw-corpus.csv
13185,Horae ad usum Romanum (Almanach 1488–1508).,"Horae ad usum Romanum (Almanach 1488–1508). [Paris: Philippe Pigouchet] für Simon Vostre, 13.XI.1495. 8°",Paris,1495,1495,,ih00378100,https://gesamtkatalogderwiegendrucke.de/docs/GW13185.htm,https://data.cerl.org/istc/ih00378100,,horae-gw-corpus.csv
13186,Horae ad usum Romanum (Almanach 1488–1508).,"Horae ad usum Romanum (Almanach 1488–1508). [Paris: Philippe Pigouchet] für Simon Vostre, 13.II.1495/96. 8°",Paris,1495,1496,,ih00377600,https://gesamtkatalogderwiegendrucke.de/docs/GW13186.htm,https://data.cerl.org/istc/ih00377600,,horae-gw-corpus.csv
13187,Horae ad usum Romanum (Almanach 1489–1508).,"Horae ad usum Romanum (Almanach 1489–1508). [Paris: Philippe Pigouchet] für Simon Vostre, 22.V.1496. 8°",Paris,1496,1496,,ih00378500,https://gesamtkatalogderwiegendrucke.de/docs/GW13187.htm,https://data.cerl.org/istc/ih00378500,,horae-gw-corpus.csv
13188,Horae ad usum Bituricensem (Bourges) (Almanach 1488–1508).,"Horae ad usum Bituricensem (Bourges) (Almanach 1488–1508). [Paris: Philippe Pigouchet] für Simon Vostre, 19.XII.1496. 8°",Paris,1496,1496,,ih00339800,https://gesamtkatalogderwiegendrucke.de/docs/GW13188.htm,https://data.cerl.org/istc/ih00339800,,horae-gw-corpus.csv
13189,Horae ad usum Romanum (Almanach 1488–1508).,"Horae ad usum Romanum (Almanach 1488–1508). [Paris: Philippe Pigouchet] für Simon Vostre, 23.I.1496/97. 8°",Paris,1496,1497,,ih00380495,https://gesamtkatalogderwiegendrucke.de/docs/GW13189.htm,https://data.cerl.org/istc/ih00380495,,horae-gw-corpus.csv
13190,Horae ad usum Romanum (Almanach 1488–1508).,"Horae ad usum Romanum (Almanach 1488–1508). [Paris: Philippe Pigouchet] für Simon Vostre, 23.I.1496/97. 8°",Paris,1496,1497,,ih00380500,https://gesamtkatalogderwiegendrucke.de/docs/GW13190.htm,https://data.cerl.org/istc/ih00380500,,horae-gw-corpus.csv
13191,Horae ad usum Andegavensem (Angers) (Almanach 1488–1508).,"Horae ad usum Andegavensem (Angers) (Almanach 1488–1508). [Paris: Philippe Pigouchet] für Simon Vostre, 15.II.1496/97. 8°",Paris,1496,1497,,ih00339000,https://gesamtkatalogderwiegendrucke.de/docs/GW13191.htm,https://data.cerl.org/istc/ih00339000,,horae-gw-corpus.csv
13192,Horae ad usum Lugdunensem (Lyon) (Almanach 1488–1508).,"Horae ad usum Lugdunensem (Lyon) (Almanach 1488–1508). [Paris: Philippe Pigouchet] für Simon Vostre, 15.II.1496/97. 8°",Paris,1496,1497,,ih00347000,https://gesamtkatalogderwiegendrucke.de/docs/GW13192.htm,https://data.cerl.org/istc/ih00347000,,horae-gw-corpus.csv
1319250N,Horae ad usum abbatiae Beati Martini de Maceyo (Massay).,"Horae ad usum abbatiae Beati Martini de Maceyo (Massay). [Paris: Etienne Jehannot, um 1497]. 8°",Paris,1497,1497,,ih00373800,https://gesamtkatalogderwiegendrucke.de/docs/GW1319250N.htm,https://data.cerl.org/istc/ih00373800,,horae-gw-corpus.csv
13193,Horae ad usum Rothomagensem (Rouen)(?) (Almanach 1488–1508).,"Horae ad usum Rothomagensem (Rouen)(?) (Almanach 1488–1508). [Paris]: Etienne Jehannot [für Pierre Regnault in Caen, um 1497]. 8°",Paris,1497,1497,,ih00418800,https://gesamtkatalogderwiegendrucke.de/docs/GW13193.htm,https://data.cerl.org/istc/ih00418800,,horae-gw-corpus.csv
13194,Horae ad usum Romanum (Almanach 1488–1508).,"Horae ad usum Romanum (Almanach 1488–1508). [Paris: Etienne Jehannot, um 1497/98]. 8°",Paris,1497,1498,,ih00389000,https://gesamtkatalogderwiegendrucke.de/docs/GW13194.htm,https://data.cerl.org/istc/ih00389000,,horae-gw-corpus.csv
13195,Horae ad usum Romanum (Almanach 1488–1508).,"Horae ad usum Romanum (Almanach 1488–1508). [Paris: Philippe Pigouchet] für Simon Vostre, 17.IV.1497(?). 8°",Paris,1497,1497,,ih00383000,https://gesamtkatalogderwiegendrucke.de/docs/GW13195.htm,https://data.cerl.org/istc/ih00383000,,horae-gw-corpus.csv
13196,Horae ad usum Romanum (Almanach 1488–1508).,"Horae ad usum Romanum (Almanach 1488–1508). [Paris: Philippe Pigouchet] für Simon Vostre, 7.VII.1497. 8°",Paris,1497,1497,,ih00385000,https://gesamtkatalogderwiegendrucke.de/docs/GW13196.htm,https://data.cerl.org/istc/ih00385000,,horae-gw-corpus.csv
13197,Horae ad usum Romanum (Almanach 1488–1508).,"Horae ad usum Romanum (Almanach 1488–1508). [Paris]: Etienne Jehannot, 15.VII.1497. 8°",Paris,1497,1497,,ih00386050,https://gesamtkatalogderwiegendrucke.de/docs/GW13197.htm,https://data.cerl.org/istc/ih00386050,,horae-gw-corpus.csv
13198,Horae ad usum Romanum (Almanach 1488–1508).,"Horae ad usum Romanum (Almanach 1488–1508). [Paris: Philippe Pigouchet] für Simon Vostre, 8.VIII.1497. 8°",Paris,1497,1497,,ih00387000,https://gesamtkatalogderwiegendrucke.de/docs/GW13198.htm,https://data.cerl.org/istc/ih00387000,,horae-gw-corpus.csv
13199,Horae ad usum Romanum (Almanach 1488–1508).,"Horae ad usum Romanum (Almanach 1488–1508). [Paris]: Etienne Jehannot, 21.VIII.1497. 8°",Paris,1497,1497,,ih00388000,https://gesamtkatalogderwiegendrucke.de/docs/GW13199.htm,https://data.cerl.org/istc/ih00388000,,horae-gw-corpus.csv
13200,Horae ad usum Romanum (Almanach 1488–1508).,"Horae ad usum Romanum (Almanach 1488–1508). [Paris]: Etienne Jehannot, 20.X.1497. 8°",Paris,1497,1497,,ih00389800,https://gesamtkatalogderwiegendrucke.de/docs/GW13200.htm,https://data.cerl.org/istc/ih00389800,,horae-gw-corpus.csv
13201,Horae ad usum Baiocensem (Bayeux) (Almanach 1488–1508).,"Horae ad usum Baiocensem (Bayeux) (Almanach 1488–1508). [Paris]: Etienne Jehannot für Pierre Regnault in Caen, 31.X.1497. 8°",Paris,1497,1497,,ih00339490,https://gesamtkatalogderwiegendrucke.de/docs/GW13201.htm,https://data.cerl.org/istc/ih00339490,,horae-gw-corpus.csv
13202,Horae ad usum Romanum (Almanach 1488–1508).,"Horae ad usum Romanum (Almanach 1488–1508). Paris: Philippe Pigouchet, 16.XI.1497. 8°",Paris,1497,1497,,ih00390500,https://gesamtkatalogderwiegendrucke.de/docs/GW13202.htm,https://data.cerl.org/istc/ih00390500,,horae-gw-corpus.csv
13203,Horae ad usum Turonensem (Tours) (Almanach 1488–1508).,"Horae ad usum Turonensem (Tours) (Almanach 1488–1508). [Paris: Philippe Pigouchet] für Simon Vostre, 21.XI.1497. 8°",Paris,1497,1497,,ih00427880,https://gesamtkatalogderwiegendrucke.de/docs/GW13203.htm,https://data.cerl.org/istc/ih00427880,,horae-gw-corpus.csv
13204,Horae ad usum Romanum (Almanach 1488–1508).,"Horae ad usum Romanum (Almanach 1488–1508). Paris: [Philippe Pigouchet] für Simon Vostre, 21.XI.14[97/98(?)]. 8°",Paris,,,,ih00390700,https://gesamtkatalogderwiegendrucke.de/docs/GW13204.htm,https://data.cerl.org/istc/ih00390700,,horae-gw-corpus.csv
13205,Horae ad usum Ebroicensem (Évreux) (Almanach 1488–1508).,"Horae ad usum Ebroicensem (Évreux) (Almanach 1488–1508). [Paris: Philippe Pigouchet] für Simon Vostre, 4.XII.1497. 8°",Paris,1497,1497,,ih00344550,https://gesamtkatalogderwiegendrucke.de/docs/GW13205.htm,https://data.cerl.org/istc/ih00344550,,horae-gw-corpus.csv
13206,Horae ad usum Parisiensem (Paris) (Almanach 1488–1508).,"Horae ad usum Parisiensem (Paris) (Almanach 1488–1508). [Paris: Philippe Pigouchet] für Simon Vostre, 23.XII.1497. 8°",Paris,1497,1497,,ih00352700,https://gesamtkatalogderwiegendrucke.de/docs/GW13206.htm,https://data.cerl.org/istc/ih00352700,,horae-gw-corpus.csv
13207,Horae ad usum Meldensem (Meaux) (Almanach 1488–1508).,"Horae ad usum Meldensem (Meaux) (Almanach 1488–1508). [Paris: Philippe Pigouchet] für Simon Vostre, 25.II.1497/98. 8°",Paris,1497,1498,,ih00347700,https://gesamtkatalogderwiegendrucke.de/docs/GW13207.htm,https://data.cerl.org/istc/ih00347700,,horae-gw-corpus.csv
13208,Horae ad usum Romanum(Almanach 1488–1508).,"Horae ad usum Romanum(Almanach 1488–1508). [Paris: Philippe Pigouchet] für Simon Vostre, 25.II.1497/98. 8°",Paris,1497,1498,,ih00393600,https://gesamtkatalogderwiegendrucke.de/docs/GW13208.htm,https://data.cerl.org/istc/ih00393600,,horae-gw-corpus.csv
13209,Horae ad usum Romanum (Almanach 1488–1508).,"Horae ad usum Romanum (Almanach 1488–1508). [Paris: Philippe Pigouchet] für Simon Vostre, 6.III.1497/98. 8°",Paris,1497,1498,,ih00381100,https://gesamtkatalogderwiegendrucke.de/docs/GW13209.htm,https://data.cerl.org/istc/ih00381100,,horae-gw-corpus.csv
13210,Horae ad usum Bituricensem (Bourges).,"Horae ad usum Bituricensem (Bourges). [Paris: Philippe Pigouchet, vor 22.VIII.1498]. 8°",Paris,1498,1498,,ih00340000,https://gesamtkatalogderwiegendrucke.de/docs/GW13210.htm,https://data.cerl.org/istc/ih00340000,,horae-gw-corpus.csv
13211,Horae ad usum Sarum (Salisbury) (Almanach 1488–1508).,"Horae ad usum Sarum (Salisbury) (Almanach 1488–1508). Paris: Jean Jehannot [mit dem Druckmaterial des Etienne Jehannot] für Nicolaus Lecomte, [14]98. 8°",Paris,1498,1498,,ih00424000,https://gesamtkatalogderwiegendrucke.de/docs/GW13211.htm,https://data.cerl.org/istc/ih00424000,,horae-gw-corpus.csv
13212,Horae ad usum Rothomagensem (Rouen) (Almanach 1488–1508).,"Horae ad usum Rothomagensem (Rouen) (Almanach 1488–1508). [Paris: Philippe Pigouchet] für Simon Vostre, 30.IV.1498. 8°",Paris,1498,1498,,ih00419000,https://gesamtkatalogderwiegendrucke.de/docs/GW13212.htm,https://data.cerl.org/istc/ih00419000,,horae-gw-corpus.csv
13213,Horae ad usum Cenomanensem (Le Mans) (Almanach 1488–1508).,"Horae ad usum Cenomanensem (Le Mans) (Almanach 1488–1508). [Paris]: Etienne Jehannot, 15.V.1498. 8°",Paris,1498,1498,,ih00343200,https://gesamtkatalogderwiegendrucke.de/docs/GW13213.htm,https://data.cerl.org/istc/ih00343200,,horae-gw-corpus.csv
13214,Horae ad usum Cenomanensem (Le Mans) (Almanach 1488–1508).,"Horae ad usum Cenomanensem (Le Mans) (Almanach 1488–1508). [Paris: Etienne Jehannot für Jean Poitevin], 15.V.1498. 8°",Paris,1498,1498,,ih00343210,https://gesamtkatalogderwiegendrucke.de/docs/GW13214.htm,https://data.cerl.org/istc/ih00343210,,horae-gw-corpus.csv
13215,Horae ad usum Parisiensem (Paris) (Almanach 1488–1508).,"Horae ad usum Parisiensem (Paris) (Almanach 1488–1508). [Paris: Etienne Jehannot für Jean Poitevin], 15.V.1498. 8°",Paris,1498,1498,,ih00353500,https://gesamtkatalogderwiegendrucke.de/docs/GW13215.htm,https://data.cerl.org/istc/ih00353500,,horae-gw-corpus.csv
13216,Horae ad usum Sarum (Salisbury) (Almanach 1488–1508).,"Horae ad usum Sarum (Salisbury) (Almanach 1488–1508). Paris: Philippe Pigouchet für Simon Vostre, 16.V.1498. 8°",Paris,1498,1498,,ih00423000,https://gesamtkatalogderwiegendrucke.de/docs/GW13216.htm,https://data.cerl.org/istc/ih00423000,,horae-gw-corpus.csv
13217,Horae ad usum Taruennensem (Thérouanne) (Almanach 1488–1508) .,"Horae ad usum Taruennensem (Thérouanne) (Almanach 1488–1508) . [Paris: Philippe Pigouchet] für Simon Vostre, 9.VI.1498. 8°",Paris,1498,1498,,ih00426000,https://gesamtkatalogderwiegendrucke.de/docs/GW13217.htm,https://data.cerl.org/istc/ih00426000,,horae-gw-corpus.csv
13218,Horae ad usum Carnotensem (Chartres) (Almanach 1488–1508).,"Horae ad usum Carnotensem (Chartres) (Almanach 1488–1508). [Paris: Philippe Pigouchet] für Simon Vostre, 8.VIII.1498. 8°",Paris,1498,1498,,ih00341880,https://gesamtkatalogderwiegendrucke.de/docs/GW13218.htm,https://data.cerl.org/istc/ih00341880,,horae-gw-corpus.csv
13219,Horae ad usum Noviomensem (Noyon) (Almanach 1488–1508).,"Horae ad usum Noviomensem (Noyon) (Almanach 1488–1508). [Paris: Philippe Pigouchet] für Simon Vostre, 8.VIII.1498. 8°",Paris,1498,1498,,ih00349000,https://gesamtkatalogderwiegendrucke.de/docs/GW13219.htm,https://data.cerl.org/istc/ih00349000,,horae-gw-corpus.csv
13220,Horae ad usum Pictaviensem (Poitiers) (Almanach 1488–1508).,"Horae ad usum Pictaviensem (Poitiers) (Almanach 1488–1508). [Paris: Philippe Pigouchet] für Simon Vostre, 8.VIII.1498. 8°",Paris,1498,1498,,ih00357100,https://gesamtkatalogderwiegendrucke.de/docs/GW13220.htm,https://data.cerl.org/istc/ih00357100,,horae-gw-corpus.csv
13221,Horae ad usum Metensem (Metz) (Almanach 1488–1508).,"Horae ad usum Metensem (Metz) (Almanach 1488–1508). [Paris: Philippe Pigouchet] für Jean Magdalene in Metz, 8.XI.1498. 8°",Paris,1498,1498,,ih00348000,https://gesamtkatalogderwiegendrucke.de/docs/GW13221.htm,https://data.cerl.org/istc/ih00348000,,horae-gw-corpus.csv
13222,Horae ad usum Romanum (Almanach 1488–1508).,"Horae ad usum Romanum (Almanach 1488–1508). [Paris: Philippe Pigouchet] für Simon Vostre, 23.XI.1498. 8°",Paris,1498,1498,,ih00397000,https://gesamtkatalogderwiegendrucke.de/docs/GW13222.htm,https://data.cerl.org/istc/ih00397000,,horae-gw-corpus.csv
13223,Horae ad usum Romanum (Almanach 1488–1508).,"Horae ad usum Romanum (Almanach 1488–1508). [Paris: Philippe Pigouchet] für Simon Vostre, 11.XII.1498. 8°",Paris,1498,1498,,ih00397100,https://gesamtkatalogderwiegendrucke.de/docs/GW13223.htm,https://data.cerl.org/istc/ih00397100,,horae-gw-corpus.csv
13224,Horae ad usum Belvacensem (Beauvais) (Almanach 1488–1508).,"Horae ad usum Belvacensem (Beauvais) (Almanach 1488–1508). [Paris: Etienne Jehannot für Jean Poitevin], 20.II.1498/99. 8°",Paris,1498,1499,,ih00339505,https://gesamtkatalogderwiegendrucke.de/docs/GW13224.htm,https://data.cerl.org/istc/ih00339505,,horae-gw-corpus.csv
13225,Horae ad usum Cenomanensem (Le Mans) (Almanach 1488–1508).,"Horae ad usum Cenomanensem (Le Mans) (Almanach 1488–1508). [Paris: Etienne Jehannot für Jean Poitevin], 20.II.1498/99. 8°",Paris,1498,1499,,ih00343300,https://gesamtkatalogderwiegendrucke.de/docs/GW13225.htm,https://data.cerl.org/istc/ih00343300,,horae-gw-corpus.csv
13226,Horae ad usum Turonensem (Tours) (Almanach 1488–1508).,"Horae ad usum Turonensem (Tours) (Almanach 1488–1508). [Paris: Etienne Jehannot für Jean Poitevin], 20.II.1498/99. 8°",Paris,1498,1499,,ih00427890,https://gesamtkatalogderwiegendrucke.de/docs/GW13226.htm,https://data.cerl.org/istc/ih00427890,,horae-gw-corpus.csv
13227,Horae. Les grands suffrages.,"Horae. Les grands suffrages. Paris: [Etienne Jehannot] für Antoine Vérard, [nicht nach 25.X.1499]. 8°",Paris,1499,1499,,ih00335240,https://gesamtkatalogderwiegendrucke.de/docs/GW13227.htm,https://data.cerl.org/istc/ih00335240,,horae-gw-corpus.csv
13228,Horae ad usum Parisiensem (Almanach 1488–1508).,"Horae ad usum Parisiensem (Almanach 1488–1508). [Paris: Etienne Jehannot für Jean Poitevin, um 1499]. 8°",Paris,1499,1499,,ih00354700,https://gesamtkatalogderwiegendrucke.de/docs/GW13228.htm,https://data.cerl.org/istc/ih00354700,,horae-gw-corpus.csv
13229,Horae ad usum Romanum (Almanach 1488–1508).,"Horae ad usum Romanum (Almanach 1488–1508). [Paris: Philippe Pigouchet] für Simon Vostre, 19.IV.1499. 4°",Paris,1499,1499,,ih00399400,https://gesamtkatalogderwiegendrucke.de/docs/GW13229.htm,https://data.cerl.org/istc/ih00399400,,horae-gw-corpus.csv
13230,Horae ad usum Autissiodorensem (Auxerre) (Almanach 1488–1508).,"Horae ad usum Autissiodorensem (Auxerre) (Almanach 1488–1508). [Paris: Philippe Pigouchet] für Simon Vostre, 12.VI.1499. 8°",Paris,1499,1499,,ih00339200,https://gesamtkatalogderwiegendrucke.de/docs/GW13230.htm,https://data.cerl.org/istc/ih00339200,,horae-gw-corpus.csv
13231,Horae ad usum Atrebatensem (Arras) (Almanach 1497–1520).,"Horae ad usum Atrebatensem (Arras) (Almanach 1497–1520). Paris: [Philippe Pigouchet] für Jean Lagache in Arras, 20.XII.1499. 8°",Paris,1499,1499,,ih00339300,https://gesamtkatalogderwiegendrucke.de/docs/GW13231.htm,https://data.cerl.org/istc/ih00339300,,horae-gw-corpus.csv
13232,Horae ad usum Tullensem (Toul) (Almanach 1497–1520).,"Horae ad usum Tullensem (Toul) (Almanach 1497–1520). [Paris: Philippe Pigouchet] für Simon Vostre, 20.XII.1499. 8°",Paris,1499,1499,,ih00427800,https://gesamtkatalogderwiegendrucke.de/docs/GW13232.htm,https://data.cerl.org/istc/ih00427800,,horae-gw-corpus.csv
13233,Horae ad usum Romanum (Almanach 1497–1520).,"Horae ad usum Romanum (Almanach 1497–1520). Paris: Philippe Pigouchet, 11.II.1499/1500. 8°",Paris,1499,1500,,ih00399000,https://gesamtkatalogderwiegendrucke.de/docs/GW13233.htm,https://data.cerl.org/istc/ih00399000,,horae-gw-corpus.csv
13234,Horae ad usum Romanum (Almanach 1497–1520).,"Horae ad usum Romanum (Almanach 1497–1520). [Paris: André Bocard für Antoine Vérard(?), um 1500]. 8°",Paris,1500,1500,,ih00411400,https://gesamtkatalogderwiegendrucke.de/docs/GW13234.htm,https://data.cerl.org/istc/ih00411400,,horae-gw-corpus.csv
13235,Horae ad usum Sarum (Salisbury) (Almanach 1488–1508).,"Horae ad usum Sarum (Salisbury) (Almanach 1488–1508). [Paris: Etienne Jehannot] für Jean Poitevin, [um 1500]. 8°",Paris,1500,1500,,ih00424600,https://gesamtkatalogderwiegendrucke.de/docs/GW13235.htm,https://data.cerl.org/istc/ih00424600,,horae-gw-corpus.csv
13236,Horae.,"Horae. [Paris: Philippe Pigouchet, um 1500]. 8°",Paris,1500,1500,,ih00335280,https://gesamtkatalogderwiegendrucke.de/docs/GW13236.htm,https://data.cerl.org/istc/ih00335280,,horae-gw-corpus.csv
13237,Horae ad usum Romanum (Almanach 1497–1520).,"Horae ad usum Romanum (Almanach 1497–1520). Paris: Thielmann Kerver [für die Brüder de Marnef und Gilles Remacle], 15.III.1500. 8°",Paris,1500,1500,,ih00405050,https://gesamtkatalogderwiegendrucke.de/docs/GW13237.htm,https://data.cerl.org/istc/ih00405050,,horae-gw-corpus.csv
13238,Horae ad usum Lexoviensem (Lisieux) (Almanach 1497–1520).,"Horae ad usum Lexoviensem (Lisieux) (Almanach 1497–1520). [Paris: Philippe Pigouchet] für Simon Vostre, 28.IV.1500. 8°",Paris,1500,1500,,ih00345490,https://gesamtkatalogderwiegendrucke.de/docs/GW13238.htm,https://data.cerl.org/istc/ih00345490,,horae-gw-corpus.csv
13239,Horae ad usum Rothomagensem (Rouen) (Almanach 1497–1520).,"Horae ad usum Rothomagensem (Rouen) (Almanach 1497–1520). [Paris: Philippe Pigouchet] für Simon Vostre, 28.IV.1500. 8°",Paris,1500,1500,,ih00419300,https://gesamtkatalogderwiegendrucke.de/docs/GW13239.htm,https://data.cerl.org/istc/ih00419300,,horae-gw-corpus.csv
13240,Horae ad usum Trecensem (Troyes) (Almanach 1497–1520).,"Horae ad usum Trecensem (Troyes) (Almanach 1497–1520). [Paris: Philippe Pigouchet] für Simon Vostre, 25.VI.1500. 8°",Paris,1500,1500,,ih00427763,https://gesamtkatalogderwiegendrucke.de/docs/GW13240.htm,https://data.cerl.org/istc/ih00427763,,horae-gw-corpus.csv
13241,Horae ad usum Romanum (Almanach 1497–1520).,"Horae ad usum Romanum (Almanach 1497–1520). [Paris: Philippe Pigouchet] für Simon Vostre, 28.VI.1500. 8°",Paris,1500,1500,,ih00406000,https://gesamtkatalogderwiegendrucke.de/docs/GW13241.htm,https://data.cerl.org/istc/ih00406000,,horae-gw-corpus.csv
13242,Horae ad usum Romanum (Almanach 1497–1520).,"Horae ad usum Romanum (Almanach 1497–1520). [Paris: Philippe Pigouchet] für Simon Vostre, 27.VII.1500. 8°",Paris,1500,1500,,ih00406400,https://gesamtkatalogderwiegendrucke.de/docs/GW13242.htm,https://data.cerl.org/istc/ih00406400,,horae-gw-corpus.csv
1324250N,Horae ad usum Sarum (Salisbury) (Almanach 1488–1508).,"Horae ad usum Sarum (Salisbury) (Almanach 1488–1508). Paris: Philippe Pigouchet für Simon Vostre, 7.VIII.1500. 8°",Paris,1500,1500,,,https://gesamtkatalogderwiegendrucke.de/docs/GW1324250N.htm,,Im GW-Kopf keine ISTC-Verknüpfung gefunden,horae-gw-corpus.csv
13243,Horae ad usum Leodiensem (Liège) (Almanach 1497–1520).,"Horae ad usum Leodiensem (Liège) (Almanach 1497–1520). [Paris: Philippe Pigouchet], 12.X.1500. 8°",Paris,1500,1500,,ih00345450,https://gesamtkatalogderwiegendrucke.de/docs/GW13243.htm,https://data.cerl.org/istc/ih00345450,,horae-gw-corpus.csv
13244,Horae ad usum Romanum (Almanach 1497–1520). Daran: Jean Quentin: Examen de conscience.,"Horae ad usum Romanum (Almanach 1497–1520). Daran: Jean Quentin: Examen de conscience. [Paris]: Thielmann Kerver für Guillaume Eustace, 15.III.1500/01. 8°",Paris,1500,1501,,ih00405000,https://gesamtkatalogderwiegendrucke.de/docs/GW13244.htm,https://data.cerl.org/istc/ih00405000,,horae-gw-corpus.csv
13245,Horae ad usum Parisiensem (Paris) (Almanach 1498–1508).,"Horae ad usum Parisiensem (Paris) (Almanach 1498–1508). Paris: [Ulrich Gering und Berthold Remboldt] für Simon Vostre, 8.IX.1498. 4°",Paris,1498,1498,,ih00354000,https://gesamtkatalogderwiegendrucke.de/docs/GW13245.htm,https://data.cerl.org/istc/ih00354000,,horae-gw-corpus.csv
13246,Horae ad usum Romanum (Almanach 1488–1508).,"Horae ad usum Romanum (Almanach 1488–1508). Paris: Jean Du Pré, 4.II.1488/89. 8°",Paris,1488,1489,,ih00360200,https://gesamtkatalogderwiegendrucke.de/docs/GW13246.htm,https://data.cerl.org/istc/ih00360200,,horae-gw-corpus.csv
13247,Horae ad usum Romanum (Almanach 1488–1508).,"Horae ad usum Romanum (Almanach 1488–1508). [Paris: Antoine Vérard, um 1490]. 4°",Paris,1490,1490,,ih00369153,https://gesamtkatalogderwiegendrucke.de/docs/GW13247.htm,https://data.cerl.org/istc/ih00369153,,horae-gw-corpus.csv
13248,Horae ad usum Romanum (Almanach 1488–1508).,"Horae ad usum Romanum (Almanach 1488–1508). [Paris: Philippe Pigouchet] für Simon Vostre, 31.XII.1495. 8°",Paris,1495,1495,,ih00378170,https://gesamtkatalogderwiegendrucke.de/docs/GW13248.htm,https://data.cerl.org/istc/ih00378170,,horae-gw-corpus.csv
13249,Horae ad usum Romanum (Almanach 1488–1508).,"Horae ad usum Romanum (Almanach 1488–1508). [Paris: Philippe Pigouchet] für Simon Vostre, 20.VIII.1496. 4°",Paris,1496,1496,,ih00379000,https://gesamtkatalogderwiegendrucke.de/docs/GW13249.htm,https://data.cerl.org/istc/ih00379000,,horae-gw-corpus.csv
13250,Horae ad usum Romanum (Almanach 1488–1508).,"Horae ad usum Romanum (Almanach 1488–1508). [Paris: Philippe Pigouchet] für Simon Vostre, 20.III.1496/97 bzw. 17.IV.1497. 8°",Paris,1496,1497,,ih00382000,https://gesamtkatalogderwiegendrucke.de/docs/GW13250.htm,https://data.cerl.org/istc/ih00382000,,horae-gw-corpus.csv
13251,Horae ad usum Sarum (Salisbury) (Almanach 1488–1508).,"Horae ad usum Sarum (Salisbury) (Almanach 1488–1508). Paris: [Philippe Pigouchet] für Simon Vostre, [um 1497]. 8°",Paris,1497,1497,,ih00422000,https://gesamtkatalogderwiegendrucke.de/docs/GW13251.htm,https://data.cerl.org/istc/ih00422000,,horae-gw-corpus.csv
13252,Horae ad usum Romanum (Almanach 1488–1508).,"Horae ad usum Romanum (Almanach 1488–1508). [Paris: Philippe Pigouchet] für Simon Vostre, 9.VI.1497. 4°",Paris,1497,1497,,ih00383500,https://gesamtkatalogderwiegendrucke.de/docs/GW13252.htm,https://data.cerl.org/istc/ih00383500,,horae-gw-corpus.csv
13253,Horae ad usum Romanum (Almanach 1488–1508).,"Horae ad usum Romanum (Almanach 1488–1508). [Paris: Philippe Pigouchet] für Simon Vostre, 16.IX.1498. 4°",Paris,1498,1498,,ih00395000,https://gesamtkatalogderwiegendrucke.de/docs/GW13253.htm,https://data.cerl.org/istc/ih00395000,,horae-gw-corpus.csv
13254,Horae ad usum Romanum (Almanach 1488–1508).,"Horae ad usum Romanum (Almanach 1488–1508). [Paris: Philippe Pigouchet] für Simon Vostre, 16.IX.1498. 4°",Paris,1498,1498,,ih00395050,https://gesamtkatalogderwiegendrucke.de/docs/GW13254.htm,https://data.cerl.org/istc/ih00395050,,horae-gw-corpus.csv
13255,Horae ad usum Romanum.,"Horae ad usum Romanum. [Paris: Philippe Pigouchet, um 1499]. 8°",Paris,1499,1499,,ih00401290,https://gesamtkatalogderwiegendrucke.de/docs/GW13255.htm,https://data.cerl.org/istc/ih00401290,,horae-gw-corpus.csv
13256,Horae ad usum Romanum (Almanach 1497–1520).,"Horae ad usum Romanum (Almanach 1497–1520). [Paris: Philippe Pigouchet] für Simon Vostre, 15.X.1499. 8°",Paris,1499,1499,,ih00401000,https://gesamtkatalogderwiegendrucke.de/docs/GW13256.htm,https://data.cerl.org/istc/ih00401000,,horae-gw-corpus.csv
13257,"Horae ad usum Romanum, spanisch.","Horae ad usum Romanum, spanisch. Paris: [Philippe Pigouchet] für Simon Vostre, 22.XI.1499. 8°",Paris,1499,1499,,ih00401270,https://gesamtkatalogderwiegendrucke.de/docs/GW13257.htm,https://data.cerl.org/istc/ih00401270,,horae-gw-corpus.csv
13258,Horae ad usum Romanum (Almanach 1497–1520).,"Horae ad usum Romanum (Almanach 1497–1520). [Paris: André Bocard, um 1500]. 8°",Paris,1500,1500,,ih00401500,https://gesamtkatalogderwiegendrucke.de/docs/GW13258.htm,https://data.cerl.org/istc/ih00401500,,horae-gw-corpus.csv
13259,Horae ad usum Romanum.,"Horae ad usum Romanum. [Paris: Philippe Pigouchet] für Simon Vostre, [um 1500]. 8°",Paris,1500,1500,,ih00410500,https://gesamtkatalogderwiegendrucke.de/docs/GW13259.htm,https://data.cerl.org/istc/ih00410500,,horae-gw-corpus.csv
13260,Horae. Ordinarium BMV ad usum Cisterciensem (Almanach 1497–1520). Daran: Pseudo-Bernardus: Hymni.,"Horae. Ordinarium BMV ad usum Cisterciensem (Almanach 1497–1520). Daran: Pseudo-Bernardus: Hymni. Paris: [Philippe Pigouchet für] Simon Vostre, [um 1500]. 8°",Paris,1500,1500,,ih00343500,https://gesamtkatalogderwiegendrucke.de/docs/GW13260.htm,https://data.cerl.org/istc/ih00343500,,horae-gw-corpus.csv
13261,Horae ad usum Carnotensem (Chartres) (Almanach 1500–1521).,"Horae ad usum Carnotensem (Chartres) (Almanach 1500–1521). [Paris: für(?) Jean de Coulonces, nicht vor 1500]. 8°",Paris,1500,1500,,ih00341900,https://gesamtkatalogderwiegendrucke.de/docs/GW13261.htm,https://data.cerl.org/istc/ih00341900,,horae-gw-corpus.csv
13262,"Horae ad usum Romanum, portugiesisch.","Horae ad usum Romanum, portugiesisch. Paris: [Philippe Pigouchet] für Narcisse Bruno, 13.II.1500/01(?). 8°",Paris,1500,1501,,ih00404000,https://gesamtkatalogderwiegendrucke.de/docs/GW13262.htm,https://data.cerl.org/istc/ih00404000,,horae-gw-corpus.csv
13263,Horae ad usum Romanum (Almanach 1501–1520).,"Horae ad usum Romanum (Almanach 1501–1520). [Paris: Philippe Pigouchet] für Simon Vostre, [nach 1500(?)]. 8°",Paris,1500,1500,,ih00412000,https://gesamtkatalogderwiegendrucke.de/docs/GW13263.htm,https://data.cerl.org/istc/ih00412000,,horae-gw-corpus.csv
13264,Horae ad usum Romanum.,"Horae ad usum Romanum. Paris: Jean Du Pré, 10.V.1488. 4°",Paris,1488,1488,,ih00359640,https://gesamtkatalogderwiegendrucke.de/docs/GW13264.htm,https://data.cerl.org/istc/ih00359640,,horae-gw-corpus.csv
13265,Horae ad usum Romanum.,"Horae ad usum Romanum. Paris: Jean Du Pré, 10.V.1488. 4°",Paris,1488,1488,,ih00359638,https://gesamtkatalogderwiegendrucke.de/docs/GW13265.htm,https://data.cerl.org/istc/ih00359638,,horae-gw-corpus.csv
13266,"Horae ad usum Romanum (Almanach 1488–1508). Daran: Pseudo-Hieronymus, Sophronius Eusebius: Epistola ad Marcellam, franz.","Horae ad usum Romanum (Almanach 1488–1508). Daran: Pseudo-Hieronymus, Sophronius Eusebius: Epistola ad Marcellam, franz. Paris: [Antoine Caillaut] für Antoine Vérard, 8.X.1488. 8°",Paris,1488,1488,franz.,ih00359642,https://gesamtkatalogderwiegendrucke.de/docs/GW13266.htm,https://data.cerl.org/istc/ih00359642,,horae-gw-corpus.csv
13267,Horae ad usum Romanum (Almanach 1488–1508).,"Horae ad usum Romanum (Almanach 1488–1508). Paris: [Jean Du Pré] für Antoine Vérard, 3.IV.1488/89. 8°",Paris,1488,1489,,ih00359635,https://gesamtkatalogderwiegendrucke.de/docs/GW13267.htm,https://data.cerl.org/istc/ih00359635,,horae-gw-corpus.csv
13268,Horae ad usum Romanum (Almanach 1488–1508).,"Horae ad usum Romanum (Almanach 1488–1508). [Paris: Pierre Le Rouge(?)] für Antoine Vérard, 20.VIII.1490. 4°",Paris,1490,1490,,ih00365000,https://gesamtkatalogderwiegendrucke.de/docs/GW13268.htm,https://data.cerl.org/istc/ih00365000,,horae-gw-corpus.csv
13269,Horae ad usum Romanum (Almanach 1488–1508).,"Horae ad usum Romanum (Almanach 1488–1508). [Paris: Denis Meslier, um 1491]. 4°",Paris,1491,1491,,ih00369000,https://gesamtkatalogderwiegendrucke.de/docs/GW13269.htm,https://data.cerl.org/istc/ih00369000,,horae-gw-corpus.csv
13270,Horae ad usum Bituricensem (Bourges) (Almanach 1488–1508).,"Horae ad usum Bituricensem (Bourges) (Almanach 1488–1508). Paris: Denis Meslier, 8.V.[um 1491/92]. 8°",Paris,1491,1492,,ih00339550,https://gesamtkatalogderwiegendrucke.de/docs/GW13270.htm,https://data.cerl.org/istc/ih00339550,,horae-gw-corpus.csv
13271,Horae ad usum Romanum (Almanach 1488–1508). Darin: Jean Quentin: L’horologe de la passion.,"Horae ad usum Romanum (Almanach 1488–1508). Darin: Jean Quentin: L’horologe de la passion. Paris: Pierre Le Rouge für Vincent Commin, 9.V.1491. 8°",Paris,1491,1491,,ih00369170,https://gesamtkatalogderwiegendrucke.de/docs/GW13271.htm,https://data.cerl.org/istc/ih00369170,,horae-gw-corpus.csv
13272,Horae ad usum Romanum (Almanach 1488–1508).,"Horae ad usum Romanum (Almanach 1488–1508). [Paris: Etienne Jehannot für Antoine Vérard, um 1498]. 8°",Paris,1498,1498,,ih00397300,https://gesamtkatalogderwiegendrucke.de/docs/GW13272.htm,https://data.cerl.org/istc/ih00397300,,horae-gw-corpus.csv
13273,Horae ad usum Romanum (Almanach 1488–1508).,"Horae ad usum Romanum (Almanach 1488–1508). [Paris: Jean Poitevin], 2.VII.1498. 8°",Paris,1498,1498,,ih00393700,https://gesamtkatalogderwiegendrucke.de/docs/GW13273.htm,https://data.cerl.org/istc/ih00393700,,horae-gw-corpus.csv
13274,Horae ad usum Romanum (Almanach 1488–1508).,"Horae ad usum Romanum (Almanach 1488–1508). Paris: [Jean Poitevin], 15.X.1498. 8°",Paris,1498,1498,,ih00396000,https://gesamtkatalogderwiegendrucke.de/docs/GW13274.htm,https://data.cerl.org/istc/ih00396000,,horae-gw-corpus.csv
13275,Horae ad usum Romanum.,"Horae ad usum Romanum. Paris: [Jean Morand] für Antoine Vérard, 22.X.1498. 4°",Paris,1498,1498,,ih00396500,https://gesamtkatalogderwiegendrucke.de/docs/GW13275.htm,https://data.cerl.org/istc/ih00396500,,horae-gw-corpus.csv
13276,Horae ad usum Romanum.,"Horae ad usum Romanum. Paris: Antoine Vérard, [vor 25.X.1499]. 8°",Paris,1499,1499,,ih00401250,https://gesamtkatalogderwiegendrucke.de/docs/GW13276.htm,https://data.cerl.org/istc/ih00401250,,horae-gw-corpus.csv
13277,Horae. Heures de Nostre Dame en françoys.,"Horae. Heures de Nostre Dame en françoys. [Paris]: Antoine Vérard, [vor 25.X.1499]. 4°",Paris,1499,1499,,ih00335200,https://gesamtkatalogderwiegendrucke.de/docs/GW13277.htm,https://data.cerl.org/istc/ih00335200,,horae-gw-corpus.csv
13278,Horae(?).,"Horae(?). [Paris: Etienne Jehannot, um 1500]. 8°",Paris,1500,1500,,ih00335270,https://gesamtkatalogderwiegendrucke.de/docs/GW13278.htm,https://data.cerl.org/istc/ih00335270,,horae-gw-corpus.csv
13279,Horae ad usum Romanum (Almanach 1488–1508).,"Horae ad usum Romanum (Almanach 1488–1508). [Paris]: Antoine Vérard, [um 1488/90]. 4°",Paris,1488,1490,,ih00359800,https://gesamtkatalogderwiegendrucke.de/docs/GW13279.htm,https://data.cerl.org/istc/ih00359800,,horae-gw-corpus.csv
13280,Horae ad usum Parisiensem (Almanach 1488–1508).,"Horae ad usum Parisiensem (Almanach 1488–1508). Paris: Antoine Vérard, [um 1490]. 4°",Paris,1490,1490,,ih00350400,https://gesamtkatalogderwiegendrucke.de/docs/GW13280.htm,https://data.cerl.org/istc/ih00350400,,horae-gw-corpus.csv
13281,Horae ad usum Pictaviensem (Poitiers) (Almanach 1488–1508).,"Horae ad usum Pictaviensem (Poitiers) (Almanach 1488–1508). Paris: Antoine Vérard, [um 1490]. 4°",Paris,1490,1490,,ih00357085,https://gesamtkatalogderwiegendrucke.de/docs/GW13281.htm,https://data.cerl.org/istc/ih00357085,,horae-gw-corpus.csv
13282,Horae ad usum Rothomagensem (Rouen) (Almanach 1488–1508).,"Horae ad usum Rothomagensem (Rouen) (Almanach 1488–1508). Paris: Antoine Vérard, [um 1490]. 4°",Paris,1490,1490,,ih00418000,https://gesamtkatalogderwiegendrucke.de/docs/GW13282.htm,https://data.cerl.org/istc/ih00418000,,horae-gw-corpus.csv
13283,Horae ad usum Turonensem (Tours) (Almanach 1488–1508).,"Horae ad usum Turonensem (Tours) (Almanach 1488–1508). Paris: Antoine Vérard, [um 1490]. 4°",Paris,1490,1490,,ih00427840,https://gesamtkatalogderwiegendrucke.de/docs/GW13283.htm,https://data.cerl.org/istc/ih00427840,,horae-gw-corpus.csv
13284,Horae ad usum Romanum (Almanach 1488–1508).,"Horae ad usum Romanum (Almanach 1488–1508). Paris: Jean Du Pré, 9.XII.[um 1490]. 8°",Paris,1490,1490,,ih00359680,https://gesamtkatalogderwiegendrucke.de/docs/GW13284.htm,https://data.cerl.org/istc/ih00359680,,horae-gw-corpus.csv
13285,Horae ad usum Romanum (Almanach 1497–1520).,"Horae ad usum Romanum (Almanach 1497–1520). Paris: Thielmann Kerver für Gilles Remacle, 16.IX.1499. 4°",Paris,1499,1499,,ih00400000,https://gesamtkatalogderwiegendrucke.de/docs/GW13285.htm,https://data.cerl.org/istc/ih00400000,,horae-gw-corpus.csv
13286,Horae ad usum Romanum (Almanach 1497–1520).,"Horae ad usum Romanum (Almanach 1497–1520). [Paris: Thielmann Kerver] für Guillaume Eustace, [um 1500]. 8°",Paris,1500,1500,,ih00408700,https://gesamtkatalogderwiegendrucke.de/docs/GW13286.htm,https://data.cerl.org/istc/ih00408700,,horae-gw-corpus.csv
13287,Horae ad usum Romanum.,"Horae ad usum Romanum. [Paris: Antoine Vérard(?), um 1500(?)]. 4°",Paris,1500,1500,,ih00411000,https://gesamtkatalogderwiegendrucke.de/docs/GW13287.htm,https://data.cerl.org/istc/ih00411000,,horae-gw-corpus.csv
13288,Horae ad usum Cenomanensem (Le Mans) (Almanach 1497–1520). [Paris]: Thielmann Kerver für Jean Petit in,"Horae ad usum Cenomanensem (Le Mans) (Almanach 1497–1520). [Paris]: Thielmann Kerver für Jean Petit in Paris und Pierre Cochery in Le Mans, 29.V.1500. 4°",Paris,1500,1500,,ih00343450,https://gesamtkatalogderwiegendrucke.de/docs/GW13288.htm,https://data.cerl.org/istc/ih00343450,,horae-gw-corpus.csv
13289,Horae ad usum Romanum (Almanach 1488–1508).,"Horae ad usum Romanum (Almanach 1488–1508). [Paris: Antoine Caillaut, um 1490]. 4°",Paris,1490,1490,,ih00359750,https://gesamtkatalogderwiegendrucke.de/docs/GW13289.htm,https://data.cerl.org/istc/ih00359750,,horae-gw-corpus.csv
13290,Horae ad usum Romanum.,"Horae ad usum Romanum. [Paris: Philippe Pigouchet] für Simon Vostre, 11.VII.1491. 4°",Paris,1491,1491,,ih00369200,https://gesamtkatalogderwiegendrucke.de/docs/GW13290.htm,https://data.cerl.org/istc/ih00369200,,horae-gw-corpus.csv
13291,Horae ad usum Romanum (Almanach 1488–1508).,"Horae ad usum Romanum (Almanach 1488–1508). [Paris]: Philippe Pigouchet für Simon Vostre, 5.I.1491/92. 8°",Paris,1491,1492,,ih00369400,https://gesamtkatalogderwiegendrucke.de/docs/GW13291.htm,https://data.cerl.org/istc/ih00369400,,horae-gw-corpus.csv
13292,Horae ad usum Romanum (Almanach 1488–1508).,"Horae ad usum Romanum (Almanach 1488–1508). [Paris: Philippe Pigouchet] für Simon Vostre, 20.I.1491/92. 4°",Paris,1491,1492,,ih00369500,https://gesamtkatalogderwiegendrucke.de/docs/GW13292.htm,https://data.cerl.org/istc/ih00369500,,horae-gw-corpus.csv
13293,Horae ad usum Turonensem (Tours) (Almanach 1489–1508).,"Horae ad usum Turonensem (Tours) (Almanach 1489–1508). Paris: Philippe Pigouchet für Simon Vostre, 13.III.1491/92. 4°",Paris,1491,1492,,ih00427850,https://gesamtkatalogderwiegendrucke.de/docs/GW13293.htm,https://data.cerl.org/istc/ih00427850,,horae-gw-corpus.csv
1329350N,Horae ad usum Romanum.,"Horae ad usum Romanum. [Paris: Philippe Pigouchet, um 1492/93]. 8°",Paris,1492,1493,,ih00370560,https://gesamtkatalogderwiegendrucke.de/docs/GW1329350N.htm,https://data.cerl.org/istc/ih00370560,,horae-gw-corpus.csv
13294,Horae ad usum Romanum (Almanach 1488–1508).,"Horae ad usum Romanum (Almanach 1488–1508). [Paris: Philippe Pigouchet] für Simon Vostre, 2.VIII.1493. 4°",Paris,1493,1493,,ih00375000,https://gesamtkatalogderwiegendrucke.de/docs/GW13294.htm,https://data.cerl.org/istc/ih00375000,,horae-gw-corpus.csv
13295,Horae ad usum Romanum (Almanach 1488–1508).,"Horae ad usum Romanum (Almanach 1488–1508). [Paris: Etienne Jehannot] für Antoine Vérard, [vor 25.X.1499]. 4°",Paris,1499,1499,,ih00392450,https://gesamtkatalogderwiegendrucke.de/docs/GW13295.htm,https://data.cerl.org/istc/ih00392450,,horae-gw-corpus.csv
13296,Horae ad usum Romanum (Almanach 1488–1508).,"Horae ad usum Romanum (Almanach 1488–1508). Paris: Antoine Vérard, [um 1490]. 8°",Paris,1490,1490,,ih00364150,https://gesamtkatalogderwiegendrucke.de/docs/GW13296.htm,https://data.cerl.org/istc/ih00364150,,horae-gw-corpus.csv
13297,Horae ad usum Romanum (Almanach 1494–1520).,"Horae ad usum Romanum (Almanach 1494–1520). [Paris]: Johann Philippi für Thielmann Kerver, 20.XII.1497. 8°",Paris,1497,1497,,ih00392000,https://gesamtkatalogderwiegendrucke.de/docs/GW13297.htm,https://data.cerl.org/istc/ih00392000,,horae-gw-corpus.csv
13298,Horae ad usum Romanum (Almanach 1497–1520).,"Horae ad usum Romanum (Almanach 1497–1520). Paris: Thielmann Kerver, 28.X.1498. 4°",Paris,1498,1498,,ih00396550,https://gesamtkatalogderwiegendrucke.de/docs/GW13298.htm,https://data.cerl.org/istc/ih00396550,,horae-gw-corpus.csv
13299,Horae ad usum Sarum (Salisbury) (Almanach 1500–1521).,"Horae ad usum Sarum (Salisbury) (Almanach 1500–1521). [Paris: Etienne Jehannot(?) oder Jean Jehannot(?), nicht vor 1500]. 8°",Paris,1500,1500,,ih00425500,https://gesamtkatalogderwiegendrucke.de/docs/GW13299.htm,https://data.cerl.org/istc/ih00425500,,horae-gw-corpus.csv
13300,Horae ad usum Romanum (Almanach 1497–1520).,"Horae ad usum Romanum (Almanach 1497–1520). [Paris: André Bocard(?) für] Antoine Vérard, 2.V.1500. 4°",Paris,1500,1500,,ih00405600,https://gesamtkatalogderwiegendrucke.de/docs/GW13300.htm,https://data.cerl.org/istc/ih00405600,,horae-gw-corpus.csv
13301,Horae ad usum Parisiensem (Paris) (Almanach 1497–1520).,"Horae ad usum Parisiensem (Paris) (Almanach 1497–1520). [Paris]: Thielmann Kerver für Guillaume Eustace, 20.VI.1500. 4°",Paris,1500,1500,,ih00357000,https://gesamtkatalogderwiegendrucke.de/docs/GW13301.htm,https://data.cerl.org/istc/ih00357000,,horae-gw-corpus.csv
13302,"Horae ad usum Cenomanensem (Le Mans), Aurelianensem (Orléans) bzw. Turonensem (Tours) (Almanach 1497–1520).","Horae ad usum Cenomanensem (Le Mans), Aurelianensem (Orléans) bzw. Turonensem (Tours) (Almanach 1497–1520). Paris: [André Bocard für Antoine Vérard], 14.VIII.1500. 8°",Paris,1500,1500,,ih00343370,https://gesamtkatalogderwiegendrucke.de/docs/GW13302.htm,https://data.cerl.org/istc/ih00343370,,horae-gw-corpus.csv
13303,Horae ad usum Bituricensem (Bourges) (Almanach 1497–1520).,"Horae ad usum Bituricensem (Bourges) (Almanach 1497–1520). [Paris: André Bocard] für Antoine Vérard, 9.II.1500/01. 4°",Paris,1500,1501,,ih00341000,https://gesamtkatalogderwiegendrucke.de/docs/GW13303.htm,https://data.cerl.org/istc/ih00341000,,horae-gw-corpus.csv
13304,Horae ad usum Turonensem (Tours) (Almanach 1497–1520).,"Horae ad usum Turonensem (Tours) (Almanach 1497–1520). Paris: [André Bocard] für Antoine Vérard, 9.II.1500/01. 8°",Paris,1500,1501,,ih00427893,https://gesamtkatalogderwiegendrucke.de/docs/GW13304.htm,https://data.cerl.org/istc/ih00427893,,horae-gw-corpus.csv
13305,Horae ad usum Romanum (Almanach 1494–1520).,"Horae ad usum Romanum (Almanach 1494–1520). Paris: Georg Wolff und Johann Philippi, 20.IX.1494. 8 °",Paris,1494,1494,,ih00376950,https://gesamtkatalogderwiegendrucke.de/docs/GW13305.htm,https://data.cerl.org/istc/ih00376950,,horae-gw-corpus.csv
13306,Horae ad usum Romanum (Almanach 1488–1508).,"Horae ad usum Romanum (Almanach 1488–1508). [Paris: Philippe Pigouchet] für Simon Vostre, 6.X.1495. 4°",Paris,1495,1495,,ih00378000,https://gesamtkatalogderwiegendrucke.de/docs/GW13306.htm,https://data.cerl.org/istc/ih00378000,,horae-gw-corpus.csv
13307,Horae ad usum Romanum (Almanach 1488–1508).,"Horae ad usum Romanum (Almanach 1488–1508). [Paris: Philippe Pigouchet] für Simon Vostre, 17.IX.1496. 4°",Paris,1496,1496,,ih00380000,https://gesamtkatalogderwiegendrucke.de/docs/GW13307.htm,https://data.cerl.org/istc/ih00380000,,horae-gw-corpus.csv
13308,Horae ad usum Romanum (Almanach 1488–1508).,"Horae ad usum Romanum (Almanach 1488–1508). [Paris: Etienne Jehannot] für Antoine Vérard, [um 1497]. 4 °",Paris,1497,1497,,ih00392430,https://gesamtkatalogderwiegendrucke.de/docs/GW13308.htm,https://data.cerl.org/istc/ih00392430,,horae-gw-corpus.csv
13309,Horae ad usum Romanum (Almanach 1488–1508).,"Horae ad usum Romanum (Almanach 1488–1508). [Paris: Etienne Jehannot] für Antoine Vérard, [um 1497/98]. 4°",Paris,1497,1498,,ih00392400,https://gesamtkatalogderwiegendrucke.de/docs/GW13309.htm,https://data.cerl.org/istc/ih00392400,,horae-gw-corpus.csv
13310,Horae ad usum Romanum (Almanach 1488–1508).,"Horae ad usum Romanum (Almanach 1488–1508). [Paris: Philippe Pigouchet] für Simon Vostre, 4.XI.1497. 4°",Paris,1497,1497,,ih00390000,https://gesamtkatalogderwiegendrucke.de/docs/GW13310.htm,https://data.cerl.org/istc/ih00390000,,horae-gw-corpus.csv
13311,Horae ad usum Romanum (Almanach 1498–1508).,"Horae ad usum Romanum (Almanach 1498–1508). [Paris: Etienne Jehannot, nicht vor 1498]. 4°",Paris,1498,1498,,,https://gesamtkatalogderwiegendrucke.de/docs/GW13311.htm,,Im GW-Kopf keine ISTC-Verknüpfung gefunden,horae-gw-corpus.csv
13312,Horae ad usum Romanum (Almanach 1488–1508).,"Horae ad usum Romanum (Almanach 1488–1508). [Paris: Etienne Jehannot] für Antoine Vérard, 10.VIII.1498. 4°",Paris,1498,1498,,ih00393900,https://gesamtkatalogderwiegendrucke.de/docs/GW13312.htm,https://data.cerl.org/istc/ih00393900,,horae-gw-corpus.csv
13313,Horae ad usum Romanum (Almanach 1488–1508).,"Horae ad usum Romanum (Almanach 1488–1508). [Paris: Etienne Jehannot] für Antoine Vérard, [nach 21.VIII.1498]. 4°",Paris,1498,1498,,ih00397200,https://gesamtkatalogderwiegendrucke.de/docs/GW13313.htm,https://data.cerl.org/istc/ih00397200,,horae-gw-corpus.csv
13314,Horae ad usum Romanum (Almanach 1488–1508).,"Horae ad usum Romanum (Almanach 1488–1508). [Paris: Philippe Pigouchet] für Simon Vostre, 22.VIII.1498. 4°",Paris,1498,1498,,ih00394000,https://gesamtkatalogderwiegendrucke.de/docs/GW13314.htm,https://data.cerl.org/istc/ih00394000,,horae-gw-corpus.csv
13315,Horae ad usum Romanum (Almanach 1497–1520).,"Horae ad usum Romanum (Almanach 1497–1520). [Paris]: Thielmann Kerver für sich selbst, Gilles Remacle und Guillaume Eustace, 14.XI.[1500(?)]. 8°",Paris,1500,1500,,ih00408000,https://gesamtkatalogderwiegendrucke.de/docs/GW13315.htm,https://data.cerl.org/istc/ih00408000,,horae-gw-corpus.csv
13316,Horae ad usum Romanum (Almanach 1488–1508).,"Horae ad usum Romanum (Almanach 1488–1508). Paris: Jean Du Pré, 28.III.1487/88. 4°",Paris,1487,1488,,ih00359630,https://gesamtkatalogderwiegendrucke.de/docs/GW13316.htm,https://data.cerl.org/istc/ih00359630,,horae-gw-corpus.csv
13317,Horae ad usum Romanum (Almanach 1489–1508).,"Horae ad usum Romanum (Almanach 1489–1508). [Paris]: Antoine Vérard, 10.IV.1489/90. 8°",Paris,1489,1490,,ih00360500,https://gesamtkatalogderwiegendrucke.de/docs/GW13317.htm,https://data.cerl.org/istc/ih00360500,,horae-gw-corpus.csv
13318,Horae ad usum Romanum.,"Horae ad usum Romanum. [Paris: Philippe Pigouchet] für Simon Vostre, [um 1500]. 4°",Paris,1500,1500,,ih00410000,https://gesamtkatalogderwiegendrucke.de/docs/GW13318.htm,https://data.cerl.org/istc/ih00410000,,horae-gw-corpus.csv
13319,Horae ad usum Ebroicensem (Évreux).,"Horae ad usum Ebroicensem (Évreux). [Poitiers: Jean Bouyer, um 1479]. 8°",Poitiers,1479,1479,,ih00344400,https://gesamtkatalogderwiegendrucke.de/docs/GW13319.htm,https://data.cerl.org/istc/ih00344400,,horae-gw-corpus.csv
13320,Horae ad usum Andegavensem (Angers).,"Horae ad usum Andegavensem (Angers). Poitiers: Jean Bouyer und Pierre Bellescullée, [um 1489]. 8°",Poitiers,1489,1489,,ih00338300,https://gesamtkatalogderwiegendrucke.de/docs/GW13320.htm,https://data.cerl.org/istc/ih00338300,,horae-gw-corpus.csv
13321,Horae ad usum Sarum (Salisbury)(?).,"Horae ad usum Sarum (Salisbury)(?). [Rouen, um 1494(?)]. 8°",Rouen,1494,1494,,ih00420570,https://gesamtkatalogderwiegendrucke.de/docs/GW13321.htm,https://data.cerl.org/istc/ih00420570,,horae-gw-corpus.csv
13322,Horae ad usum Lexoviensem (Lisieux).,"Horae ad usum Lexoviensem (Lisieux). Rouen: Jacques Le Forestier, 4.X.1494. 8°",Rouen,1494,1494,,,https://gesamtkatalogderwiegendrucke.de/docs/GW13322.htm,,Im GW-Kopf keine ISTC-Verknüpfung gefunden,horae-gw-corpus.csv
13323,Horae ad usum Rothomagensem (Rouen).,"Horae ad usum Rothomagensem (Rouen). Rouen: Jacques Le Forestier, [um 1498]. 8°",Rouen,1498,1498,,,https://gesamtkatalogderwiegendrucke.de/docs/GW13323.htm,,Im GW-Kopf keine ISTC-Verknüpfung gefunden,horae-gw-corpus.csv
13324,Horae ad usum Macloviensem (Saint-Malo) (Almanach 1493–1513?).,"Horae ad usum Macloviensem (Saint-Malo) (Almanach 1493–1513?). Rouen: Jacques Le Forestier für Robert Macé in Caen, 30.V.1498. 8°",Rouen,1498,1498,,ih00347500,https://gesamtkatalogderwiegendrucke.de/docs/GW13324.htm,https://data.cerl.org/istc/ih00347500,,horae-gw-corpus.csv
13325,Horae ad usum Ambianensem (Amiens).,"Horae ad usum Ambianensem (Amiens). Rouen: Jean Le Bourgeois, [um 1499]. 8°",Rouen,1499,1499,,ih00338000,https://gesamtkatalogderwiegendrucke.de/docs/GW13325.htm,https://data.cerl.org/istc/ih00338000,,horae-gw-corpus.csv
13326,Horae ad usum ecclesiae maioris monasterii Turonensis (Marmoutier-lès-Tours).,"Horae ad usum ecclesiae maioris monasterii Turonensis (Marmoutier-lès-Tours). Tours: Mathieu Latheron auf Veranlassung von Jean Turreau, 7.V.1496. 8°",Tours,1496,1496,,ih00427870,https://gesamtkatalogderwiegendrucke.de/docs/GW13326.htm,https://data.cerl.org/istc/ih00427870,,horae-gw-corpus.csv
13327,Horae ad usum Aeduensem (Autun).,"Horae ad usum Aeduensem (Autun). Troyes: Guillaume Le Rouge, 31.I.1493/94. 16°",Troyes,1493,1494,,ih00337800,https://gesamtkatalogderwiegendrucke.de/docs/GW13327.htm,https://data.cerl.org/istc/ih00337800,,horae-gw-corpus.csv
13328,Horae.,"Horae. [Italien: Drucker der Horae (GW 13328), nicht nach 1500]. 8°",Italien,1500,1500,,ih00336100,https://gesamtkatalogderwiegendrucke.de/docs/GW13328.htm,https://data.cerl.org/istc/ih00336100,,horae-gw-corpus.csv
13329,Horae. Officium BMV.,"Horae. Officium BMV. [Ferrara: Andreas Belfortis, um 1475]. 8°",Ferrara,1475,1475,,ih00357290,https://gesamtkatalogderwiegendrucke.de/docs/GW13329.htm,https://data.cerl.org/istc/ih00357290,,horae-gw-corpus.csv
13330,Horae. Officium.,"Horae. Officium. Ferrara: Laurentius de Rubeis, 15.VII.1497. 16°",Ferrara,1497,1497,,io00049000,https://gesamtkatalogderwiegendrucke.de/docs/GW13330.htm,https://data.cerl.org/istc/io00049000,,horae-gw-corpus.csv
13331,Horae. Officium BMV.,"Horae. Officium BMV. Florenz: Nicolaus Laurentii, 5.VII.1483. 8°",Florenz,1483,1483,,ih00357750,https://gesamtkatalogderwiegendrucke.de/docs/GW13331.htm,https://data.cerl.org/istc/ih00357750,,horae-gw-corpus.csv
13332,Horae. Officium BMV secundum usum Romanum.,"Horae. Officium BMV secundum usum Romanum. [Florenz: Francesco di Dino, um 1487]. 8°",Florenz,1487,1487,,ih00357450,https://gesamtkatalogderwiegendrucke.de/docs/GW13332.htm,https://data.cerl.org/istc/ih00357450,,horae-gw-corpus.csv
13333,Horae. Officium BMV.,"Horae. Officium BMV. [Mailand: Antonius Zarotus, um 1475]. 8°",Mailand,1475,1475,,ih00257280,https://gesamtkatalogderwiegendrucke.de/docs/GW13333.htm,https://data.cerl.org/istc/ih00257280,,horae-gw-corpus.csv
13334,Horae. Officium BMV secundum usum Romanum.,"Horae. Officium BMV secundum usum Romanum. Mailand: Christoph Valdarfer, 1.IV.1485. 16°",Mailand,1485,1485,,ih00357772,https://gesamtkatalogderwiegendrucke.de/docs/GW13334.htm,https://data.cerl.org/istc/ih00357772,,horae-gw-corpus.csv
13335,Horae. Officium BMV secundum usum Romanum.,"Horae. Officium BMV secundum usum Romanum. Neapel: Matthias von Olmütz, 11.VI.1476. 16°",Neapel,1476,1476,,ih00357295,https://gesamtkatalogderwiegendrucke.de/docs/GW13335.htm,https://data.cerl.org/istc/ih00357295,,horae-gw-corpus.csv
1333510,Horae. Officium BMV secundum usum Romanum.,"Horae. Officium BMV secundum usum Romanum. Neapel: Matthias von Olmütz, 18.(?)XI.14[76/77(?)]. 16°",Neapel,,,,ih00357350,https://gesamtkatalogderwiegendrucke.de/docs/GW1333510.htm,https://data.cerl.org/istc/ih00357350,,horae-gw-corpus.csv
13336,Horae. Officium BMV.,"Horae. Officium BMV. Neapel: Konrad Guldenmund, 1477. 8°",Neapel,1477,1477,,ih00357297,https://gesamtkatalogderwiegendrucke.de/docs/GW13336.htm,https://data.cerl.org/istc/ih00357297,,horae-gw-corpus.csv
13337,Horae. Officium BMV secundum usum Romanum.,"Horae. Officium BMV secundum usum Romanum. Neapel: Matthias von Olmütz, 10.XI.1478. 8°",Neapel,1478,1478,,ih00357360,https://gesamtkatalogderwiegendrucke.de/docs/GW13337.htm,https://data.cerl.org/istc/ih00357360,,horae-gw-corpus.csv
13338,Horae. Officium BMV secundum usum Romanum.,"Horae. Officium BMV secundum usum Romanum. Neapel: Matthias von Olmütz, 30.VI.1486. 32°",Neapel,1486,1486,,ih00357800,https://gesamtkatalogderwiegendrucke.de/docs/GW13338.htm,https://data.cerl.org/istc/ih00357800,,horae-gw-corpus.csv
13339,Horae. Officium BMV secundum usum Romanum.,"Horae. Officium BMV secundum usum Romanum. Neapel: Matthias von Olmütz, 3.X.1486. 8°",Neapel,1486,1486,,ih00357850,https://gesamtkatalogderwiegendrucke.de/docs/GW13339.htm,https://data.cerl.org/istc/ih00357850,,horae-gw-corpus.csv
13340,Horae. Officium BMV secundum usum Romanum.,"Horae. Officium BMV secundum usum Romanum. [Neapel: Matthias von Olmütz], 3.X.1487. 16°",Neapel,1487,1487,,ih00357930,https://gesamtkatalogderwiegendrucke.de/docs/GW13340.htm,https://data.cerl.org/istc/ih00357930,,horae-gw-corpus.csv
13341,Horae. Officium BMV secundum usum Romanum.,"Horae. Officium BMV secundum usum Romanum. Neapel: Christian Preller, 15.XI.1487. 8°",Neapel,1487,1487,,ih00357950,https://gesamtkatalogderwiegendrucke.de/docs/GW13341.htm,https://data.cerl.org/istc/ih00357950,,horae-gw-corpus.csv
13342,Horae. Officium BMV secundum usum Romanum.,"Horae. Officium BMV secundum usum Romanum. [Neapel]: Matthias von Olmütz, 15.X.1488. 16°",Neapel,1488,1488,,ih00359643,https://gesamtkatalogderwiegendrucke.de/docs/GW13342.htm,https://data.cerl.org/istc/ih00359643,,horae-gw-corpus.csv
13343,Horae. Officium BMV secundum usum Romanum.,"Horae. Officium BMV secundum usum Romanum. Neapel: Matthias von Olmütz, 5.III.1490. 16°",Neapel,1490,1490,,ih00364600,https://gesamtkatalogderwiegendrucke.de/docs/GW13343.htm,https://data.cerl.org/istc/ih00364600,,horae-gw-corpus.csv
13344,Horae. Officium BMV secundum usum Romanum.,"Horae. Officium BMV secundum usum Romanum. Neapel: Christian Preller [für Antoine Gontier], 9.IV.1490. 8°",Neapel,1490,1490,,ih00364800,https://gesamtkatalogderwiegendrucke.de/docs/GW13344.htm,https://data.cerl.org/istc/ih00364800,,horae-gw-corpus.csv
13345,Horae. Officium BMV secundum usum Romanum.,"Horae. Officium BMV secundum usum Romanum. Neapel: Matthias von Olmütz, 10.II.1492. 16°",Neapel,1492,1492,,ih00369700,https://gesamtkatalogderwiegendrucke.de/docs/GW13345.htm,https://data.cerl.org/istc/ih00369700,,horae-gw-corpus.csv
13346,Horae. Officium BMV.,"Horae. Officium BMV. Neapel: Christian Preller, 13.VIII.1495. 8°",Neapel,1495,1495,,ih00377800,https://gesamtkatalogderwiegendrucke.de/docs/GW13346.htm,https://data.cerl.org/istc/ih00377800,,horae-gw-corpus.csv
13347,Horae. Officium BMV secundum usum Romanum.,"Horae. Officium BMV secundum usum Romanum. Neapel: Ayolfus de Cantono, 22.III.1496. 8°",Neapel,1496,1496,,ih00378300,https://gesamtkatalogderwiegendrucke.de/docs/GW13347.htm,https://data.cerl.org/istc/ih00378300,,horae-gw-corpus.csv
13348,Horae. Officium BMV.,"Horae. Officium BMV. Neapel: Christian Preller, 26.III.1496. 8°",Neapel,1496,1496,,ih00378400,https://gesamtkatalogderwiegendrucke.de/docs/GW13348.htm,https://data.cerl.org/istc/ih00378400,,horae-gw-corpus.csv
13349,Horae. Officium BMV.,"Horae. Officium BMV. Neapel: Christian Preller, 22.I.1498. 8°",Neapel,1498,1498,,ih00393400,https://gesamtkatalogderwiegendrucke.de/docs/GW13349.htm,https://data.cerl.org/istc/ih00393400,,horae-gw-corpus.csv
13350,Horae. Officium BMV secundum usum Celestinorum ordinis S. Benedicti.,"Horae. Officium BMV secundum usum Celestinorum ordinis S. Benedicti. Neapel: Martin von Amsterdam für Andreas Ihyracensis, 27.I.1499. 8°",Neapel,1499,1499,,ih00427960,https://gesamtkatalogderwiegendrucke.de/docs/GW13350.htm,https://data.cerl.org/istc/ih00427960,,horae-gw-corpus.csv
13351,Horae. Officium BMV secundum usum Romanum.,"Horae. Officium BMV secundum usum Romanum. [Rom]: Theobald Schenkbecher, [um 1473]. 8°",Rom,1473,1473,,ih00357200,https://gesamtkatalogderwiegendrucke.de/docs/GW13351.htm,https://data.cerl.org/istc/ih00357200,,horae-gw-corpus.csv
13352,Horae.,"Horae. [Rom: Johann Bulle, um 1478/79]. 16°",Rom,1478,1479,,ih00357210,https://gesamtkatalogderwiegendrucke.de/docs/GW13352.htm,https://data.cerl.org/istc/ih00357210,,horae-gw-corpus.csv
13353,Horae. Officium BMV.,"Horae. Officium BMV. Rom: [Georg Herolt], 17.III.1481. 8°",Rom,1481,1481,,ih00357500,https://gesamtkatalogderwiegendrucke.de/docs/GW13353.htm,https://data.cerl.org/istc/ih00357500,,horae-gw-corpus.csv
13354,Horae. Officium BMV secundum usum Romanum.,"Horae. Officium BMV secundum usum Romanum. Turin: Jacobinus Suigus und Nicolaus de Benedictis, 31.I.1495. 8°",Turin,1495,1495,,ih00377550,https://gesamtkatalogderwiegendrucke.de/docs/GW13354.htm,https://data.cerl.org/istc/ih00377550,,horae-gw-corpus.csv
13355,Horae. Officium BMV secundum usum Romanum.,"Horae. Officium BMV secundum usum Romanum. Venedig: Nicolas Jenson, 1474. 16°",Venedig,1474,1474,,ih00357230,https://gesamtkatalogderwiegendrucke.de/docs/GW13355.htm,https://data.cerl.org/istc/ih00357230,,horae-gw-corpus.csv
13356,Horae. Officium BMV secundum usum Romanum.,"Horae. Officium BMV secundum usum Romanum. [Venedig: Nicolas Jenson, um 1475]. 16°",Venedig,1475,1475,,ih00357260,https://gesamtkatalogderwiegendrucke.de/docs/GW13356.htm,https://data.cerl.org/istc/ih00357260,,horae-gw-corpus.csv
13357,Horae. Officium BMV secundum usum Romanum.,"Horae. Officium BMV secundum usum Romanum. [Venedig]: Nicolas Jenson [für(?)] Raphael Zovenzonius, [um 1475]. 16 °",Venedig,1475,1475,,ih00357270,https://gesamtkatalogderwiegendrucke.de/docs/GW13357.htm,https://data.cerl.org/istc/ih00357270,,horae-gw-corpus.csv
13358,Horae. Officium BMV secundum usum Romanum.,"Horae. Officium BMV secundum usum Romanum. Venedig: Nicolas Jenson, 1475. 32°",Venedig,1475,1475,,ih00357250,https://gesamtkatalogderwiegendrucke.de/docs/GW13358.htm,https://data.cerl.org/istc/ih00357250,,horae-gw-corpus.csv
13359,Horae. Officium BMV secundum usum Romanum.,"Horae. Officium BMV secundum usum Romanum. Venedig: Andreas de Paltaszichis, 20.IV.1478. 16°",Venedig,1478,1478,,ih00357300,https://gesamtkatalogderwiegendrucke.de/docs/GW13359.htm,https://data.cerl.org/istc/ih00357300,,horae-gw-corpus.csv
13360,Horae. Officium BMV secundum usum Romanum.,"Horae. Officium BMV secundum usum Romanum. [Venedig: Christoph Arnold], 13.VI.1478. 16°",Venedig,1478,1478,,ih00357340,https://gesamtkatalogderwiegendrucke.de/docs/GW13360.htm,https://data.cerl.org/istc/ih00357340,,horae-gw-corpus.csv
13361,Horae. Officium BMV secundum usum Romanum.,"Horae. Officium BMV secundum usum Romanum. Venedig: Nicolaus Girardengus, 10.XI.1481. 16°",Venedig,1481,1481,,ih00357650,https://gesamtkatalogderwiegendrucke.de/docs/GW13361.htm,https://data.cerl.org/istc/ih00357650,,horae-gw-corpus.csv
13362,Horae. Officium BMV secundum usum Romanum.,"Horae. Officium BMV secundum usum Romanum. [Venedig: Andreas Torresanus] für Johann von Köln, Nicolas Jenson und Genossen, 22.XII.1481. 32°",Venedig,1481,1481,,ih00357700,https://gesamtkatalogderwiegendrucke.de/docs/GW13362.htm,https://data.cerl.org/istc/ih00357700,,horae-gw-corpus.csv
13363,Horae ad usum Salzeburgensem (Salzburg). Mit Beig. von Aurelius Augustinus(?).,"Horae ad usum Salzeburgensem (Salzburg). Mit Beig. von Aurelius Augustinus(?). Venedig: Nikolaus von Frankfurt, 1482. 16°",Venedig,1482,1482,,ih00357740,https://gesamtkatalogderwiegendrucke.de/docs/GW13363.htm,https://data.cerl.org/istc/ih00357740,,horae-gw-corpus.csv
13364,Horae. Officium BMV secundum usum Romanum.,"Horae. Officium BMV secundum usum Romanum. Venedig: Georgius Arrivabene und Paganinus de Paganinis, 1484. 16°",Venedig,1484,1484,,ih00357770,https://gesamtkatalogderwiegendrucke.de/docs/GW13364.htm,https://data.cerl.org/istc/ih00357770,,horae-gw-corpus.csv
13365,Horae. Officium BMV secundum usum Romanum.,"Horae. Officium BMV secundum usum Romanum. Venedig: Johann Leoviller, [um 1485/88]. 8°",Venedig,1485,1488,,ih00357780,https://gesamtkatalogderwiegendrucke.de/docs/GW13365.htm,https://data.cerl.org/istc/ih00357780,,horae-gw-corpus.csv
13366,Horae. Officium BMV secundum usum Romanum.,"Horae. Officium BMV secundum usum Romanum. Venedig: Georgius Arrivabene und Paganinus de Paganinis, 1.IV.1485. 16°",Venedig,1485,1485,,ih00357773,https://gesamtkatalogderwiegendrucke.de/docs/GW13366.htm,https://data.cerl.org/istc/ih00357773,,horae-gw-corpus.csv
13367,Horae. Officia per circuitum anni.,"Horae. Officia per circuitum anni. Venedig: Johann Leoviller, 1486. 16°",Venedig,1486,1486,,ib00939000,https://gesamtkatalogderwiegendrucke.de/docs/GW13367.htm,https://data.cerl.org/istc/ib00939000,,horae-gw-corpus.csv
13368,Horae. Officium BMV secundum usum Romanum.,"Horae. Officium BMV secundum usum Romanum. Venedig: Johann Hamann, 1488. 16°",Venedig,1488,1488,,ih00359730,https://gesamtkatalogderwiegendrucke.de/docs/GW13368.htm,https://data.cerl.org/istc/ih00359730,,horae-gw-corpus.csv
13369,Horae. Officium BMV secundum usum Romanum.,"Horae. Officium BMV secundum usum Romanum. Venedig: Andreas Torresanus, 23.VII.1489. 16 °",Venedig,1489,1489,,ih00361500,https://gesamtkatalogderwiegendrucke.de/docs/GW13369.htm,https://data.cerl.org/istc/ih00361500,,horae-gw-corpus.csv
13370,Horae. Officium BMV secundum usum Romanum.,"Horae. Officium BMV secundum usum Romanum. Venedig: Johann Hamann, 1490. 8°",Venedig,1490,1490,,ih00366400,https://gesamtkatalogderwiegendrucke.de/docs/GW13370.htm,https://data.cerl.org/istc/ih00366400,,horae-gw-corpus.csv
13371,Horae. Officium BMV secundum usum Romanum.,"Horae. Officium BMV secundum usum Romanum. Venedig: Johann Hamann, 4.XII.1490. 32°",Venedig,1490,1490,,ih00365300,https://gesamtkatalogderwiegendrucke.de/docs/GW13371.htm,https://data.cerl.org/istc/ih00365300,,horae-gw-corpus.csv
13372,Horae. Officium BMV secundum usum Romanum.,"Horae. Officium BMV secundum usum Romanum. Venedig: Johann Hamann, 3.XII.1491. 32°",Venedig,1491,1491,,ih00369350,https://gesamtkatalogderwiegendrucke.de/docs/GW13372.htm,https://data.cerl.org/istc/ih00369350,,horae-gw-corpus.csv
13373,Horae. Officium BMV secundum usum Romanum.,"Horae. Officium BMV secundum usum Romanum. Venedig: Theodorus de Ragazonibus, 12.VII.1492. 16°",Venedig,1492,1492,,ih00370300,https://gesamtkatalogderwiegendrucke.de/docs/GW13373.htm,https://data.cerl.org/istc/ih00370300,,horae-gw-corpus.csv
13374,Horae. Officium BMV secundum usum Romanum.,"Horae. Officium BMV secundum usum Romanum. Venedig: Johann Hamann, 4.II.1492/93. 16°",Venedig,1492,1493,,ih00370950,https://gesamtkatalogderwiegendrucke.de/docs/GW13374.htm,https://data.cerl.org/istc/ih00370950,,horae-gw-corpus.csv
13375,Horae. Officium BMV secundum usum Romanum.,"Horae. Officium BMV secundum usum Romanum. Venedig: Johann Hamann, 14[93]. 8°",Venedig,,,,ih00375500,https://gesamtkatalogderwiegendrucke.de/docs/GW13375.htm,https://data.cerl.org/istc/ih00375500,,horae-gw-corpus.csv
13376,Horae. Officium BMV secundum usum Romanum.,"Horae. Officium BMV secundum usum Romanum. Venedig: Johann Emerich, 6.V.1493. 32°",Venedig,1493,1493,,ih00373300,https://gesamtkatalogderwiegendrucke.de/docs/GW13376.htm,https://data.cerl.org/istc/ih00373300,,horae-gw-corpus.csv
13377,Horae ad usum Sarum (Salisbury).,"Horae ad usum Sarum (Salisbury). Venedig: Johann Hamann für Gerard Barrevelt und Frederick Egmondt, 1494. 16°",Venedig,1494,1494,,ih00420440,https://gesamtkatalogderwiegendrucke.de/docs/GW13377.htm,https://data.cerl.org/istc/ih00420440,,horae-gw-corpus.csv
13378,Horae. Officium BMV secundum usum Romanum.,"Horae. Officium BMV secundum usum Romanum. Venedig: Hieronymus de Sanctis, 26.IV.1494. 8°",Venedig,1494,1494,,ih00374500,https://gesamtkatalogderwiegendrucke.de/docs/GW13378.htm,https://data.cerl.org/istc/ih00374500,,horae-gw-corpus.csv
13379,Horae. Officium BMV secundum usum Romanum.,"Horae. Officium BMV secundum usum Romanum. Venedig: Johann Emerich, 30.XI.1494. 16°",Venedig,1494,1494,,ih00377300,https://gesamtkatalogderwiegendrucke.de/docs/GW13379.htm,https://data.cerl.org/istc/ih00377300,,horae-gw-corpus.csv
13380,Horae. Cursus officiorum secundum usum Salzeburgensem (Salzburg).,"Horae. Cursus officiorum secundum usum Salzeburgensem (Salzburg). Venedig: Johann Hamann für Johann Volkarth, 14.XI.1495. 8°",Venedig,1495,1495,,ih00419500,https://gesamtkatalogderwiegendrucke.de/docs/GW13380.htm,https://data.cerl.org/istc/ih00419500,,horae-gw-corpus.csv
13381,Horae. Officium BMV secundum usum Romanum.,"Horae. Officium BMV secundum usum Romanum. Venedig: Johann Emerich für Lucantonio Giunta, 31.VII.1496. 24(?)°",Venedig,1496,1496,,ih00378700,https://gesamtkatalogderwiegendrucke.de/docs/GW13381.htm,https://data.cerl.org/istc/ih00378700,,horae-gw-corpus.csv
13382,Horae. Officium BMV secundum usum Romanum.,"Horae. Officium BMV secundum usum Romanum. Venedig: Johann Emerich für Lucantonio Giunta, 31.VIII.1496. 32°",Venedig,1496,1496,,ih00379100,https://gesamtkatalogderwiegendrucke.de/docs/GW13382.htm,https://data.cerl.org/istc/ih00379100,,horae-gw-corpus.csv
13383,Horae. Officium BMV secundum usum Romanum.,"Horae. Officium BMV secundum usum Romanum. Venedig: [Johann Emerich], 9.V.1497. 32°",Venedig,1497,1497,,ih00383200,https://gesamtkatalogderwiegendrucke.de/docs/GW13383.htm,https://data.cerl.org/istc/ih00383200,,horae-gw-corpus.csv
13384,Horae. Officium BMV secundum usum Romanum.,"Horae. Officium BMV secundum usum Romanum. Venedig: Johann Emerich [für Lucantonio Giunta], 31.VII.1497. 16°",Venedig,1497,1497,,ih00388800,https://gesamtkatalogderwiegendrucke.de/docs/GW13384.htm,https://data.cerl.org/istc/ih00388800,,horae-gw-corpus.csv
13385,Horae. Officium BMV secundum usum Romanum.,"Horae. Officium BMV secundum usum Romanum. Venedig: Johann Hamann für Octavianus Scotus, 1.X.1497. 8°",Venedig,1497,1497,,ih00389500,https://gesamtkatalogderwiegendrucke.de/docs/GW13385.htm,https://data.cerl.org/istc/ih00389500,,horae-gw-corpus.csv
13386,Horae. Compendium deprecationum.,"Horae. Compendium deprecationum. Venedig: Antonius de Zanchis, 14.VII.1498. 8°",Venedig,1498,1498,,ic00790000,https://gesamtkatalogderwiegendrucke.de/docs/GW13386.htm,https://data.cerl.org/istc/ic00790000,,horae-gw-corpus.csv
13387,Horae. Officium BMV secundum usum Romanum.,"Horae. Officium BMV secundum usum Romanum. Venedig: Johann Emerich für Lucantonio Giunta, 30.IX.1498. 16°",Venedig,1498,1498,,ih00395500,https://gesamtkatalogderwiegendrucke.de/docs/GW13387.htm,https://data.cerl.org/istc/ih00395500,,horae-gw-corpus.csv
13388,Horae. Officium BMV.,"Horae. Officium BMV. Venedig: Johann Emerich für Lucantonio Giunta, 21.V.1499. 64°",Venedig,1499,1499,,ih00399800,https://gesamtkatalogderwiegendrucke.de/docs/GW13388.htm,https://data.cerl.org/istc/ih00399800,,horae-gw-corpus.csv
1338820N,Horae. Officium BMV.,"Horae. Officium BMV. [Venedig: Johann Hamann, um 1500]. 32°",Venedig,1500,1500,,ih00357370,https://gesamtkatalogderwiegendrucke.de/docs/GW1338820N.htm,https://data.cerl.org/istc/ih00357370,,horae-gw-corpus.csv
13389,Horae. Officium BMV secundum usum Romanum.,"Horae. Officium BMV secundum usum Romanum. Verona: Boninus de Boninis, 24.X.1481. 24(?)°",Verona,1481,1481,,ih00357600,https://gesamtkatalogderwiegendrucke.de/docs/GW13389.htm,https://data.cerl.org/istc/ih00357600,,horae-gw-corpus.csv
13390,"Horae, ital. Officium BMV secundum consuetudinem Romanae curiae. Darin: Officia confraternitatis flagellantium Bononiae.","Horae, ital. Officium BMV secundum consuetudinem Romanae curiae. Darin: Officia confraternitatis flagellantium Bononiae. Bologna: Ugo Rugerius, 23.II.1498. 2°",Bologna,1498,1498,ital.,io00030200,https://gesamtkatalogderwiegendrucke.de/docs/GW13390.htm,https://data.cerl.org/istc/io00030200,,horae-gw-corpus.csv
13391,"Horae, ital. Compagnia dei Battuti.","Horae, ital. Compagnia dei Battuti. [Florenz: Apud S. Jacobum de Ripoli, nicht nach August 1477]. 4°",Florenz,1477,1477,ital.,ic00788150,https://gesamtkatalogderwiegendrucke.de/docs/GW13391.htm,https://data.cerl.org/istc/ic00788150,,horae-gw-corpus.csv
13392,"Horae, ital. Compagnia dei Battuti.","Horae, ital. Compagnia dei Battuti. Florenz: Johann Petri, 23.XII.1486. 4°",Florenz,1486,1486,ital.,ic00788300,https://gesamtkatalogderwiegendrucke.de/docs/GW13392.htm,https://data.cerl.org/istc/ic00788300,,horae-gw-corpus.csv
13393,"Horae, ital. Compagnia dei Battuti.","Horae, ital. Compagnia dei Battuti. Florenz: Antonio di Francesco, [um 1488]. 4°",Florenz,1488,1488,ital.,ic00788450,https://gesamtkatalogderwiegendrucke.de/docs/GW13393.htm,https://data.cerl.org/istc/ic00788450,,horae-gw-corpus.csv
13394,"Horae, ital. Compagnia dei Battuti.","Horae, ital. Compagnia dei Battuti. Florenz: Laurentius de Morgianis und Johann Petri, 17.II.1[4]93. 4°",Florenz,,,ital.,ic00788600,https://gesamtkatalogderwiegendrucke.de/docs/GW13394.htm,https://data.cerl.org/istc/ic00788600,,horae-gw-corpus.csv
13395,"Horae. Officium BMV, ital. Übers. Johannes Marius Philelphus.","Horae. Officium BMV, ital. Übers. Johannes Marius Philelphus. Venedig: Bernardinus de Choris, 29.III.1488. 16°",Venedig,1488,1488,ital.,io00048800,https://gesamtkatalogderwiegendrucke.de/docs/GW13395.htm,https://data.cerl.org/istc/io00048800,,horae-gw-corpus.csv
13396,"Horae secundum usum Romanum, griech. Mit Privileg.","Horae secundum usum Romanum, griech. Mit Privileg. Venedig: Aldus Manutius, 5.XII.1497. 16°",Venedig,1497,1497,,ih00391000,https://gesamtkatalogderwiegendrucke.de/docs/GW13396.htm,https://data.cerl.org/istc/ih00391000,,horae-gw-corpus.csv
13397,"Horae. Officium BMV, kirchenslawisch.","Horae. Officium BMV, kirchenslawisch. [Venedig(?): Drucker der Horae (GW 13397), um 1495(?)]. 8°",Venedig(?),1495,1495,,ih00378250,https://gesamtkatalogderwiegendrucke.de/docs/GW13397.htm,https://data.cerl.org/istc/ih00378250,,horae-gw-corpus.csv
13398,Horae.,"Horae. [Niederlande, nicht vor 1493]. 16°",Niederlande,1493,1493,,ih00426450,https://gesamtkatalogderwiegendrucke.de/docs/GW13398.htm,https://data.cerl.org/istc/ih00426450,,horae-gw-corpus.csv
13399,Horae ad usum Romanum. Mit Beig. von Petrus de Riga.,"Horae ad usum Romanum. Mit Beig. von Petrus de Riga. Antwerpen: [Gerard Leeu], [14]87. 8°",Antwerpen,1487,1487,,ih00358500,https://gesamtkatalogderwiegendrucke.de/docs/GW13399.htm,https://data.cerl.org/istc/ih00358500,,horae-gw-corpus.csv
13400,Horae. Officium BMV secundum usum Romanum. Daran: Rosarium BMV.,"Horae. Officium BMV secundum usum Romanum. Daran: Rosarium BMV. Antwerpen: Gerard Leeu, 1487. 32°",Antwerpen,1487,1487,,ih00358600,https://gesamtkatalogderwiegendrucke.de/docs/GW13400.htm,https://data.cerl.org/istc/ih00358600,,horae-gw-corpus.csv
13401,Horae ad usum Romanum. Mit Beig. von Petrus de Riga.,"Horae ad usum Romanum. Mit Beig. von Petrus de Riga. Antwerpen: Gerard Leeu, 27.VII.1489. 8°",Antwerpen,1489,1489,,ih00362000,https://gesamtkatalogderwiegendrucke.de/docs/GW13401.htm,https://data.cerl.org/istc/ih00362000,,horae-gw-corpus.csv
13402,Horae ad usum Sarum (Salisbury).,"Horae ad usum Sarum (Salisbury). [Antwerpen: Gerard Leeu oder Adriaan van Liesveldt, nicht vor 30.IV.1491, nicht nach 1492 oder nicht vor 1493/94, nicht nach 1500]. 16°",Antwerpen,1491,1500,,ih00420430,https://gesamtkatalogderwiegendrucke.de/docs/GW13402.htm,https://data.cerl.org/istc/ih00420430,,horae-gw-corpus.csv
13403,Horae ad usum Romanum bzw. Traiectensem (Utrecht).,"Horae ad usum Romanum bzw. Traiectensem (Utrecht). Antwerpen: Gerard Leeu, 13.III.1492. 8°",Antwerpen,1492,1492,,ih00370100; ih00427000; ih00427100,https://gesamtkatalogderwiegendrucke.de/docs/GW13403.htm,https://data.cerl.org/istc/ih00370100; https://data.cerl.org/istc/ih00427000; https://data.cerl.org/istc/ih00427100,,horae-gw-corpus.csv
13404,Horae ad usum Romanum bzw. Traiectensem (Utrecht).,"Horae ad usum Romanum bzw. Traiectensem (Utrecht). Antwerpen: Adriaan van Liesveldt, 22.VI.1494. 8°",Antwerpen,1494,1494,,ih00376500; ih00427500,https://gesamtkatalogderwiegendrucke.de/docs/GW13404.htm,https://data.cerl.org/istc/ih00376500; https://data.cerl.org/istc/ih00427500,,horae-gw-corpus.csv
13405,Horae ad usum Leodiensem (Liège).,"Horae ad usum Leodiensem (Liège). Antwerpen: Adriaan van Liesveldt, 22.VI.1494. 8°",Antwerpen,1494,1494,,ih00345000,https://gesamtkatalogderwiegendrucke.de/docs/GW13405.htm,https://data.cerl.org/istc/ih00345000,,horae-gw-corpus.csv
13406,Horae ad usum Traiectensem (Utrecht).,"Horae ad usum Traiectensem (Utrecht). Antwerpen: Adriaan van Liesveldt, 13.(?)VI.1495. 8°",Antwerpen,1495,1495,,ih00427540,https://gesamtkatalogderwiegendrucke.de/docs/GW13406.htm,https://data.cerl.org/istc/ih00427540,,horae-gw-corpus.csv
13407,Horae ad usum Sarum (Salisbury).,"Horae ad usum Sarum (Salisbury). [Brügge: William Caxton, um 1475]. 8°",Brügge,1475,1475,,ih00420000,https://gesamtkatalogderwiegendrucke.de/docs/GW13407.htm,https://data.cerl.org/istc/ih00420000,,horae-gw-corpus.csv
13408,Horae. Daran: Rosarium BMV.,"Horae. Daran: Rosarium BMV. [Deventer: Richard Paffraet, um 1478]. 16°",Deventer,1478,1478,,ih00357298,https://gesamtkatalogderwiegendrucke.de/docs/GW13408.htm,https://data.cerl.org/istc/ih00357298,,horae-gw-corpus.csv
13409,Horae. Cursus de domina. Daran: Stella clericorum.,"Horae. Cursus de domina. Daran: Stella clericorum. [Deventer: Richard Paffraet, um 1497]. 16°",Deventer,1497,1497,,ih00392130,https://gesamtkatalogderwiegendrucke.de/docs/GW13409.htm,https://data.cerl.org/istc/ih00392130,,horae-gw-corpus.csv
13410,Horae ad usum Windeshemensem.,"Horae ad usum Windeshemensem. [Deventer]: Richard Paffraet, 1497. 16°",Deventer,1497,1497,,ih00427900,https://gesamtkatalogderwiegendrucke.de/docs/GW13410.htm,https://data.cerl.org/istc/ih00427900,,horae-gw-corpus.csv
13411,Horae.,"Horae. [Gent: Arend de Keysere, nicht vor 1487]. 8°",Gent,1487,1487,,ik00000900,https://gesamtkatalogderwiegendrucke.de/docs/GW13411.htm,https://data.cerl.org/istc/ik00000900,,horae-gw-corpus.csv
13412,Horae.,"Horae. [Gent: Arend de Keysere, nicht vor 1487]. 8°",Gent,1487,1487,,ih00427930,https://gesamtkatalogderwiegendrucke.de/docs/GW13412.htm,https://data.cerl.org/istc/ih00427930,,horae-gw-corpus.csv
13413,Horae ad usum Traiectensem (Utrecht)(?).,"Horae ad usum Traiectensem (Utrecht)(?). [Gouda: Gerard Leeu, um 1483/84]. 16°",Gouda,1483,1484,,ih00426500,https://gesamtkatalogderwiegendrucke.de/docs/GW13413.htm,https://data.cerl.org/istc/ih00426500,,horae-gw-corpus.csv
13414,Horae ad usum Canonicorum regularium S. Augustini.,"Horae ad usum Canonicorum regularium S. Augustini. Schoonhoven: Fratres apud S. Michaelem in den Hem, 12.III.1500. 8°",Schoonhoven,1500,1500,,ih00427950,https://gesamtkatalogderwiegendrucke.de/docs/GW13414.htm,https://data.cerl.org/istc/ih00427950,,horae-gw-corpus.csv
13415,Horae sanctae crucis.,"Horae sanctae crucis. Schoonhoven: [Fratres apud S. Michaelem in den Hem, nach 1500(?)]. 8°",Schoonhoven,1500,1500,,ih00437000,https://gesamtkatalogderwiegendrucke.de/docs/GW13415.htm,https://data.cerl.org/istc/ih00437000,,horae-gw-corpus.csv
13416,Horae sanctae crucis.,"Horae sanctae crucis. [Schoonhoven: Fratres apud S. Michaelem in den Hem, nach 1500(?)]. 8°",Schoonhoven,1500,1500,,ih00427970,https://gesamtkatalogderwiegendrucke.de/docs/GW13416.htm,https://data.cerl.org/istc/ih00427970,,horae-gw-corpus.csv
13417,"Horae, niederl. Getijdenboek.","Horae, niederl. Getijdenboek. Antwerpen: Gerard Leeu, 16.VIII.1491. 8°",Antwerpen,1491,1491,niederl.,ih00430300,https://gesamtkatalogderwiegendrucke.de/docs/GW13417.htm,https://data.cerl.org/istc/ih00430300,,horae-gw-corpus.csv
13418,"Horae, niederl. Getijdenboek.","Horae, niederl. Getijdenboek. Antwerpen: Govert Bac, [nicht vor 1493]. 8°",Antwerpen,1493,1493,niederl.,ih00430400,https://gesamtkatalogderwiegendrucke.de/docs/GW13418.htm,https://data.cerl.org/istc/ih00430400,,horae-gw-corpus.csv
13419,"Horae, niederl. Getijdenboek.","Horae, niederl. Getijdenboek. Antwerpen: Adriaan van Liesveldt, 9.VIII.1494. 8°",Antwerpen,1494,1494,niederl.,ih00430450,https://gesamtkatalogderwiegendrucke.de/docs/GW13419.htm,https://data.cerl.org/istc/ih00430450,,horae-gw-corpus.csv
13420,"Horae, niederl. Die seven getijden.","Horae, niederl. Die seven getijden. [Antwerpen: Govert Bac], 1495. 16°",Antwerpen,1495,1495,niederl.,ih00431100,https://gesamtkatalogderwiegendrucke.de/docs/GW13420.htm,https://data.cerl.org/istc/ih00431100,,horae-gw-corpus.csv
13421,"Horae, niederl. Getijdenboek.","Horae, niederl. Getijdenboek. Antwerpen: Adriaan van Liesveldt, 29.VII.1495. 8°",Antwerpen,1495,1495,niederl.,ih00431000,https://gesamtkatalogderwiegendrucke.de/docs/GW13421.htm,https://data.cerl.org/istc/ih00431000,,horae-gw-corpus.csv
13422,"Horae, niederl. Getijdenboek.","Horae, niederl. Getijdenboek. Antwerpen: [Adriaan van Liesveldt, 1498(?)]. 8°",Antwerpen,1498,1498,niederl.,ih00432000,https://gesamtkatalogderwiegendrucke.de/docs/GW13422.htm,https://data.cerl.org/istc/ih00432000,,horae-gw-corpus.csv
13423,"Horae, niederl. Getijdenboek.","Horae, niederl. Getijdenboek. [Brüssel: Fratres vitae communis, nicht vor 9.VI.1481, nicht nach 1484]. 8°",Brüssel,1481,1484,niederl.,ih00429400,https://gesamtkatalogderwiegendrucke.de/docs/GW13423.htm,https://data.cerl.org/istc/ih00429400,,horae-gw-corpus.csv
13424,"Horae, niederl. Getijdenboek (Almanach 1480–1521).","Horae, niederl. Getijdenboek (Almanach 1480–1521). Delft: [Jakob van der Meer], 8.IV.1480. 4°",Delft,1480,1480,niederl.,ih00429300,https://gesamtkatalogderwiegendrucke.de/docs/GW13424.htm,https://data.cerl.org/istc/ih00429300,,horae-gw-corpus.csv
13425,"Horae, niederl. Getijdenboek (Almanach 1480–1521).","Horae, niederl. Getijdenboek (Almanach 1480–1521). Delft: [Jakob van der Meer], 19.VII.1484. 4°",Delft,1484,1484,niederl.,ih00430000,https://gesamtkatalogderwiegendrucke.de/docs/GW13425.htm,https://data.cerl.org/istc/ih00430000,,horae-gw-corpus.csv
13426,"Horae, niederl. Getijdenboek.","Horae, niederl. Getijdenboek. Delft: [Christian Snellaert, nicht vor 29.V.1490, nicht nach 10.VIII.1491]. 8°",Delft,1490,1491,niederl.,ih00430200,https://gesamtkatalogderwiegendrucke.de/docs/GW13426.htm,https://data.cerl.org/istc/ih00430200,,horae-gw-corpus.csv
13427,"Horae, niederl. Getijdenboek.","Horae, niederl. Getijdenboek. Delft: Hendrik Eckert, 1498. 8°",Delft,1498,1498,niederl.,ih00432400,https://gesamtkatalogderwiegendrucke.de/docs/GW13427.htm,https://data.cerl.org/istc/ih00432400,,horae-gw-corpus.csv
13428,"Horae, niederl. Getijdenboek.","Horae, niederl. Getijdenboek. Delft: Hendrik Eckert, 1498 [vielmehr Amsterdam: Jan Seversz, um 1522]. 8°",Delft,1498,1498,niederl.,ih00432600,https://gesamtkatalogderwiegendrucke.de/docs/GW13428.htm,https://data.cerl.org/istc/ih00432600,,horae-gw-corpus.csv
13429,"Horae, niederl. Getijdenboek.","Horae, niederl. Getijdenboek. Gouda: Collacie Broeders, 20.IV.1496. 8°",Gouda,1496,1496,niederl.,ih00427750,https://gesamtkatalogderwiegendrucke.de/docs/GW13429.htm,https://data.cerl.org/istc/ih00427750,,horae-gw-corpus.csv
13430,"Horae, niederl. Getijdenboek.","Horae, niederl. Getijdenboek. Hasselt: [Peregrinus Barmentlo], 1488. 8°",Hasselt,1488,1488,niederl.,ih00430100,https://gesamtkatalogderwiegendrucke.de/docs/GW13430.htm,https://data.cerl.org/istc/ih00430100,,horae-gw-corpus.csv
13431,"Horae, niederl. Getijdenboek.","Horae, niederl. Getijdenboek. Hasselt: [Peregrinus Barmentlo], 1490. 8°",Hasselt,1490,1490,niederl.,ih00430150,https://gesamtkatalogderwiegendrucke.de/docs/GW13431.htm,https://data.cerl.org/istc/ih00430150,,horae-gw-corpus.csv
13432,"Horae, niederl. Getijdenboek.","Horae, niederl. Getijdenboek. Leiden: Hugo Janszoen, 1494–95. 8°",Leiden,1494,1494,niederl.,ih00430500; ih00430600,https://gesamtkatalogderwiegendrucke.de/docs/GW13432.htm,https://data.cerl.org/istc/ih00430500; https://data.cerl.org/istc/ih00430600,,horae-gw-corpus.csv
13433,"Horae, niederl. Getijdenboek.","Horae, niederl. Getijdenboek. Leiden: [Hugo Janszoen], 1497. 8°",Leiden,1497,1497,niederl.,ih00431300,https://gesamtkatalogderwiegendrucke.de/docs/GW13433.htm,https://data.cerl.org/istc/ih00431300,,horae-gw-corpus.csv
13434,"Horae, niederl. Getijdenboek (Almanach 1500–1517).","Horae, niederl. Getijdenboek (Almanach 1500–1517). Leiden: [Hugo Janszoen], 1498. 8°",Leiden,1498,1498,niederl.,ih00432500,https://gesamtkatalogderwiegendrucke.de/docs/GW13434.htm,https://data.cerl.org/istc/ih00432500,,horae-gw-corpus.csv
13435,"Horae, niederl. Getijdenboek.","Horae, niederl. Getijdenboek. Leiden: [Hugo Janszoen], 1500. 8°",Leiden,1500,1500,niederl.,ih00433100,https://gesamtkatalogderwiegendrucke.de/docs/GW13435.htm,https://data.cerl.org/istc/ih00433100,,horae-gw-corpus.csv
13436,"Horae, niederl. Getijdenboek.","Horae, niederl. Getijdenboek. [Leiden: Hugo Janszoen, nach 1500(?)]. 8°",Leiden,1500,1500,niederl.,ih00431500,https://gesamtkatalogderwiegendrucke.de/docs/GW13436.htm,https://data.cerl.org/istc/ih00431500,,horae-gw-corpus.csv
13437,"Horae, niederl. Getijdenboek.","Horae, niederl. Getijdenboek. Schoonhoven: [Fratres apud S. Michaelem in den Hem], 5.X.1496. 8°",Schoonhoven,1496,1496,niederl.,ih00431200,https://gesamtkatalogderwiegendrucke.de/docs/GW13437.htm,https://data.cerl.org/istc/ih00431200,,horae-gw-corpus.csv
13438,"Horae, niederl. Getijdenboek.","Horae, niederl. Getijdenboek. Schoonhoven: [Fratres apud S. Michaelem in den Hem], 28.III.1498. 8°",Schoonhoven,1498,1498,niederl.,ih00431400,https://gesamtkatalogderwiegendrucke.de/docs/GW13438.htm,https://data.cerl.org/istc/ih00431400,,horae-gw-corpus.csv
13439,Horae. Oras de Nostra Dona.,"Horae. Oras de Nostra Dona. Barcelona: Johann Gherlinc, [vor 15.IV.1489].",Barcelona,1489,1489,,,https://gesamtkatalogderwiegendrucke.de/docs/GW13439.htm,,Im GW-Kopf keine ISTC-Verknüpfung gefunden,horae-gw-corpus.csv
13440,Horae. Oras de Nostra Dona.,"Horae. Oras de Nostra Dona. Barcelona: Johann Gherlinc, [nicht vor 15.IV.1489, nicht nach 7.VI.1489(?)].",Barcelona,1489,1489,,,https://gesamtkatalogderwiegendrucke.de/docs/GW13440.htm,,Im GW-Kopf keine ISTC-Verknüpfung gefunden,horae-gw-corpus.csv
13441,Horae secundum ordinem S. Benedicti.,"Horae secundum ordinem S. Benedicti. [Montserrat: Johann Luschner, um 1499]. 8°",Montserrat,1499,1499,,ih00427965,https://gesamtkatalogderwiegendrucke.de/docs/GW13441.htm,https://data.cerl.org/istc/ih00427965,,horae-gw-corpus.csv
13442,Horae ad usum Romanum.,"Horae ad usum Romanum. Valencia: [Drucker des Officium BMV (GW 13442)], 7.XI.1486. 4°",Valencia,1486,1486,,ih00357880,https://gesamtkatalogderwiegendrucke.de/docs/GW13442.htm,https://data.cerl.org/istc/ih00357880,,horae-gw-corpus.csv
13443,"Horae. Hores de la setmana sancta segons lo us de Valencia, lat. u. katalan.","Horae. Hores de la setmana sancta segons lo us de Valencia, lat. u. katalan. Valencia: [Peter Hagembach und Leonhard Hutz] für Jacobus de Villa, 21.II.1494. 4°",Valencia,1494,1494,lat.,ih00438000,https://gesamtkatalogderwiegendrucke.de/docs/GW13443.htm,https://data.cerl.org/istc/ih00438000,,horae-gw-corpus.csv
13444,Horae ad usum Romanum.,"Horae ad usum Romanum. [Zaragoza: Paul Hurus, um 1490]. 4°",Zaragoza,1490,1490,,ih00366800,https://gesamtkatalogderwiegendrucke.de/docs/GW13444.htm,https://data.cerl.org/istc/ih00366800,,horae-gw-corpus.csv
13445,Horae ad usum Romanum.,"Horae ad usum Romanum. Zaragoza: Paul Hurus, 9.III.1499. 8°",Zaragoza,1499,1499,,ih00399350,https://gesamtkatalogderwiegendrucke.de/docs/GW13445.htm,https://data.cerl.org/istc/ih00399350,,horae-gw-corpus.csv
13446,Horae ad usum Romanum.,"Horae ad usum Romanum. Zaragoza: Georg Coci und Genossen, 30.VII.1500. 8°",Zaragoza,1500,1500,,ih00406500,https://gesamtkatalogderwiegendrucke.de/docs/GW13446.htm,https://data.cerl.org/istc/ih00406500,,horae-gw-corpus.csv
13447,"Horae. Horologium secundum ritum laurae S. Sabbae Hierosolimis, kirchenslawisch. (﻿асословєць, Časoslov).","Horae. Horologium secundum ritum laurae S. Sabbae Hierosolimis, kirchenslawisch. (﻿асословєць, Časoslov). Krakau: Sweipolt Fiol, 1491. 4°",Krakau,1491,1491,,ih00484300,https://gesamtkatalogderwiegendrucke.de/docs/GW13447.htm,https://data.cerl.org/istc/ih00484300,,horae-gw-corpus.csv
13448,Horae ad usum Lincopensem (Linköping) et Scarensem (Skara).,"Horae ad usum Lincopensem (Linköping) et Scarensem (Skara). [Vadstena: Monasterium S. Birgittae, vor 15.X.1495]. 8°",Vadstena,1495,1495,,ih00345500,https://gesamtkatalogderwiegendrucke.de/docs/GW13448.htm,https://data.cerl.org/istc/ih00345500,,horae-gw-corpus.csv
M0484310,Orationes. Orazione di Jesu Christi. Daran: Bernardus Claravallensis: Epistola. — Pseudo-Augustinus Aurelius: Oratio in fine vitae dicendi.,"Orationes. Orazione di Jesu Christi. Daran: Bernardus Claravallensis: Epistola. — Pseudo-Augustinus Aurelius: Oratio in fine vitae dicendi. [Venedig: Matteo Capcasa, um 1494]. 16°",Venedig,1494,1494,,io00072600,https://gesamtkatalogderwiegendrucke.de/docs/M0484310.htm,https://data.cerl.org/istc/io00072600,,supplementary-gw-corpus.csv
M07711,"Thomas a Kempis: Meditationes de vita Jesu Christi, deutsch („Der Herzmahner“).","Thomas a Kempis: Meditationes de vita Jesu Christi, deutsch („Der Herzmahner“). Nürnberg: Kaspar Hochfeder, [um 1497]. 16°",Nürnberg,1497,1497,deutsch,ih00135000,https://gesamtkatalogderwiegendrucke.de/docs/M07711.htm,https://data.cerl.org/istc/ih00135000,,supplementary-gw-corpus.csv
M27155,"Nitzschewitz, Hermann: De gulden rosen krans der soten gotliken leve (Rosarium).","Nitzschewitz, Hermann: De gulden rosen krans der soten gotliken leve (Rosarium). [Lüneburg: Johann Lucae]. 4°",Lüneburg,,,,in00259800,https://gesamtkatalogderwiegendrucke.de/docs/M27155.htm,https://data.cerl.org/istc/in00259800,,supplementary-gw-corpus.csv
M27158,"Nitzschewitz, Hermann: Psalterium novum beatae Mariae noviter ad Turci contritionem confectum (Rosarium).","Nitzschewitz, Hermann: Psalterium novum beatae Mariae noviter ad Turci contritionem confectum (Rosarium). Zinna: [Druckerei des Zisterzienserklosters, nicht vor August 1493, nicht nach 9.VII.1496]. 4°",Zinna,1493,1496,,in00260000,https://gesamtkatalogderwiegendrucke.de/docs/M27158.htm,https://data.cerl.org/istc/in00260000,,supplementary-gw-corpus.csv
M28012,Orationes. Deutsches Gebetbüchlein.,"Orationes. Deutsches Gebetbüchlein. Danzig: [Konrad Baumgarten], 1498. 8°",Danzig,1498,1498,deutsch,ig00113230,https://gesamtkatalogderwiegendrucke.de/docs/M28012.htm,https://data.cerl.org/istc/ig00113230,,supplementary-gw-corpus.csv
M28014,"Orationes. Gebete, deutsch.","Orationes. Gebete, deutsch. [Nürnberg: Georg Stuchs]. 16°",Nürnberg,,,deutsch,ig00113137,https://gesamtkatalogderwiegendrucke.de/docs/M28014.htm,https://data.cerl.org/istc/ig00113137,,supplementary-gw-corpus.csv
M28015,Orationes. Gebete für Herzog Wilhelm von Baiern. 1432.,Orationes. Gebete für Herzog Wilhelm von Baiern. 1432. [Bayern: Drucker des Gebetbuchs]. 8°,Bayern,,,,iw00019300,https://gesamtkatalogderwiegendrucke.de/docs/M28015.htm,https://data.cerl.org/istc/iw00019300,,supplementary-gw-corpus.csv
M2802820,"Orationes. Gebete, deutsch.","Orationes. Gebete, deutsch. [Nürnberg oder Basel(?)]. 8°",Nürnberg oder Basel(?),,,deutsch,,https://gesamtkatalogderwiegendrucke.de/docs/M2802820.htm,,Im GW-Kopf keine ISTC-Verknüpfung gefunden,supplementary-gw-corpus.csv
M2802830,"Orationes. Gebete, deutsch.","Orationes. Gebete, deutsch. [Südwestdeutschland (Ulm oder Reutlingen?): Drucker des Myrrhenbüschleins (C 2435), um 1478]. 8°",Südwestdeutschland (Ulm oder Reutlingen?),1478,1478,deutsch,ig00113300,https://gesamtkatalogderwiegendrucke.de/docs/M2802830.htm,https://data.cerl.org/istc/ig00113300,,supplementary-gw-corpus.csv
M28040,Orationes. Die sonntäglichen Gebete.,"Orationes. Die sonntäglichen Gebete. Ulm: Johann Reger, 16.XII.[14]86. 4°",Ulm,1486,1486,,ig00113200,https://gesamtkatalogderwiegendrucke.de/docs/M28040.htm,https://data.cerl.org/istc/ig00113200,,supplementary-gw-corpus.csv
M28044,Orationes et collectae de Christi passione etc.,"Orationes et collectae de Christi passione etc. Augsburg: Christoph Schnaitter, [14]93. 4°",Augsburg,1493,1493,,io00066000,https://gesamtkatalogderwiegendrucke.de/docs/M28044.htm,https://data.cerl.org/istc/io00066000,,supplementary-gw-corpus.csv
M28045,Orationes sacrae ad plenum collectae.,"Orationes sacrae ad plenum collectae. Toledo: [Peter Hagembach], 13.IV.1500. 4°",Toledo,1500,1500,,io00068000,https://gesamtkatalogderwiegendrucke.de/docs/M28045.htm,https://data.cerl.org/istc/io00068000,,supplementary-gw-corpus.csv
M28046,Orationes sacrae ad plenum collectae.,"Orationes sacrae ad plenum collectae. [Venedig: Christophorus de Bottis Cremonensis, um 1491]. 4°",Venedig,1491,1491,,io00067500,https://gesamtkatalogderwiegendrucke.de/docs/M28046.htm,https://data.cerl.org/istc/io00067500,,supplementary-gw-corpus.csv
M2804710,Orationes sacrae ad plenum collectae.,"Orationes sacrae ad plenum collectae. Sevilla: Compañeros Alemanes, 13.XII.1495. 4°",Sevilla,1495,1495,,io00067700,https://gesamtkatalogderwiegendrucke.de/docs/M2804710.htm,https://data.cerl.org/istc/io00067700,,supplementary-gw-corpus.csv
M28048,Orationes sacrae ad plenum collectae.,"Orationes sacrae ad plenum collectae. [Burgos: Friedrich Biel, um 1498]. 4°",Burgos,1498,1498,,io00068600,https://gesamtkatalogderwiegendrucke.de/docs/M28048.htm,https://data.cerl.org/istc/io00068600,,supplementary-gw-corpus.csv
M28049,Orationes sacrae ad plenum collectae.,"Orationes sacrae ad plenum collectae. [Burgos: Friedrich Biel, um 1500]. 4°",Burgos,1500,1500,,io00069000,https://gesamtkatalogderwiegendrucke.de/docs/M28049.htm,https://data.cerl.org/istc/io00069000,,supplementary-gw-corpus.csv
M28050,Orationes sacrae ad plenum collectae.,"Orationes sacrae ad plenum collectae. Salamanca: [Drucker von Antonius Nebrissensis, Gramática castellana (GW 2224) (Antonius Nebrissensis?)], 1500. 4°",Salamanca,1500,1500,,il00194850,https://gesamtkatalogderwiegendrucke.de/docs/M28050.htm,https://data.cerl.org/istc/il00194850,,supplementary-gw-corpus.csv
M2805710,Orationes.,"Orationes. [Nürnberg: Georg Stuchs, um 1500].",Nürnberg,1500,1500,,,https://gesamtkatalogderwiegendrucke.de/docs/M2805710.htm,,Im GW-Kopf keine ISTC-Verknüpfung gefunden,supplementary-gw-corpus.csv
M28061,"Orationes spirituales ex variis auctoribus: Augustino, Joanne XX., Bonifacio, Bonaventura, Alano, Gersone aliisque, collectae.","Orationes spirituales ex variis auctoribus: Augustino, Joanne XX., Bonifacio, Bonaventura, Alano, Gersone aliisque, collectae. [Venedig(?): Adam von Ammergau(?), um 1470]. 8°",Venedig(?),1470,1470,,,https://gesamtkatalogderwiegendrucke.de/docs/M28061.htm,,Im GW-Kopf keine ISTC-Verknüpfung gefunden,supplementary-gw-corpus.csv
M28063,Orationes spirituales ex variis auctoribus.,Orationes spirituales ex variis auctoribus. [Venedig: Adam von Ammergau]. 4°,Venedig,,,,io00069500,https://gesamtkatalogderwiegendrucke.de/docs/M28063.htm,https://data.cerl.org/istc/io00069500,,supplementary-gw-corpus.csv
M28064,Orationes tres in agonia pronuntiandae.,"Orationes tres in agonia pronuntiandae. [Ulm: Johann Zainer d.Ä., um 1490].",Ulm,1490,1490,,in00221200,https://gesamtkatalogderwiegendrucke.de/docs/M28064.htm,https://data.cerl.org/istc/in00221200,,supplementary-gw-corpus.csv
M2806420,Orationes.,"Orationes. [Ulm: Johann Schäffler, um 1500]. 8°",Ulm,1500,1500,,io00065980,https://gesamtkatalogderwiegendrucke.de/docs/M2806420.htm,https://data.cerl.org/istc/io00065980,,supplementary-gw-corpus.csv
M28065,"Orationes tres in agonia pronuntiandae, deutsch.","Orationes tres in agonia pronuntiandae, deutsch. [Ulm: Johann Zainer d.J., um 1490].",Ulm,1490,1490,deutsch,in00221300,https://gesamtkatalogderwiegendrucke.de/docs/M28065.htm,https://data.cerl.org/istc/in00221300,,supplementary-gw-corpus.csv
M28096,Orationes. Orazioni.,"Orationes. Orazioni. [Florenz: Apud S. Jacobum de Ripoli ], 1477.",Florenz,1477,1477,,,https://gesamtkatalogderwiegendrucke.de/docs/M28096.htm,,Im GW-Kopf keine ISTC-Verknüpfung gefunden,supplementary-gw-corpus.csv
M28097,Orationes. Orazioni.,"Orationes. Orazioni. [Florenz: Apud S. Jacobum de Ripoli für] Angelo Cieco, [um 1477].",Florenz,1477,1477,,,https://gesamtkatalogderwiegendrucke.de/docs/M28097.htm,,Im GW-Kopf keine ISTC-Verknüpfung gefunden,supplementary-gw-corpus.csv
M28099,Orationes. Orazioni diverse.,Orationes. Orazioni diverse. [Florenz: Apud S. Jacobum de Ripoli ].,Florenz,,,,,https://gesamtkatalogderwiegendrucke.de/docs/M28099.htm,,Im GW-Kopf keine ISTC-Verknüpfung gefunden,supplementary-gw-corpus.csv
M38879,Rosarium Beatae Mariae Virginis.,"Rosarium Beatae Mariae Virginis. [Magdeburg: Moritz Brandis, um 1498/1500]. 16°",Magdeburg,1498,1500,,ir00320000,https://gesamtkatalogderwiegendrucke.de/docs/M38879.htm,https://data.cerl.org/istc/ir00320000,,supplementary-gw-corpus.csv
M38880,Rosarium beatae Mariae Virginis.,Rosarium beatae Mariae Virginis. [um 1500].,,1500,1500,,,https://gesamtkatalogderwiegendrucke.de/docs/M38880.htm,,Im GW-Kopf keine ISTC-Verknüpfung gefunden,supplementary-gw-corpus.csv
M38882,Rosarium beatae Mariae Virginis etc.,"Rosarium beatae Mariae Virginis etc. [Antwerpen: Gerard Leeu], 1485. 4°",Antwerpen,1485,1485,,,https://gesamtkatalogderwiegendrucke.de/docs/M38882.htm,,Im GW-Kopf keine ISTC-Verknüpfung gefunden,supplementary-gw-corpus.csv
M38885,Rosarium beatae Mariae Virginis.,"Rosarium beatae Mariae Virginis. Antwerpen: [Gerard Leeu], 1487. 8°",Antwerpen,1487,1487,,ir00318860,https://gesamtkatalogderwiegendrucke.de/docs/M38885.htm,https://data.cerl.org/istc/ir00318860,,supplementary-gw-corpus.csv
M38886,Rosarium beatae Mariae Virginis.,"Rosarium beatae Mariae Virginis. Antwerpen: [Gerard Leeu], 1487. 8°",Antwerpen,1487,1487,,ir00318850,https://gesamtkatalogderwiegendrucke.de/docs/M38886.htm,https://data.cerl.org/istc/ir00318850,,supplementary-gw-corpus.csv
M38887,Rosarium beatae Mariae Virginis.,"Rosarium beatae Mariae Virginis. Antwerpen: [Gerard Leeu], 1489. 8°",Antwerpen,1489,1489,,ir00318900,https://gesamtkatalogderwiegendrucke.de/docs/M38887.htm,https://data.cerl.org/istc/ir00318900,,supplementary-gw-corpus.csv
M3888710,Rosarium beatae Mariae Virginis.,"Rosarium beatae Mariae Virginis. Antwerpen: [Gerard Leeu], 1489. 16°",Antwerpen,1489,1489,,ir00319000,https://gesamtkatalogderwiegendrucke.de/docs/M3888710.htm,https://data.cerl.org/istc/ir00319000,,supplementary-gw-corpus.csv
M3888720,Rosarium beatae Mariae Virginis.,Rosarium beatae Mariae Virginis. Gouda: [Gerard Leeu]. 4°,Gouda,,,,ir00318800,https://gesamtkatalogderwiegendrucke.de/docs/M3888720.htm,https://data.cerl.org/istc/ir00318800,,supplementary-gw-corpus.csv
M38892,Rosarium beatae Mariae Virginis. Davor: Centilogium deitatis.,"Rosarium beatae Mariae Virginis. Davor: Centilogium deitatis. [Deventer: Jakob von Breda, um 1495]. 16°",Deventer,1495,1495,,ir00319500,https://gesamtkatalogderwiegendrucke.de/docs/M38892.htm,https://data.cerl.org/istc/ir00319500,,supplementary-gw-corpus.csv
M3889210,Rosarium beatae Mariae Virginis.,"Rosarium beatae Mariae Virginis. [Paris(?), um 1490].",Paris(?),1490,1490,,im00271170,https://gesamtkatalogderwiegendrucke.de/docs/M3889210.htm,https://data.cerl.org/istc/im00271170,,supplementary-gw-corpus.csv
M38900,Rosarium beatae Mariae Virginis.,Rosarium beatae Mariae Virginis. [Paris: Thielmann Kerver]. 8°,Paris,,,,,https://gesamtkatalogderwiegendrucke.de/docs/M38900.htm,,Im GW-Kopf keine ISTC-Verknüpfung gefunden,supplementary-gw-corpus.csv
M38901,Rosarium beatae Mariae Virginis.,"Rosarium beatae Mariae Virginis. Paris: [Jean Mérausse für Jean Petit, um 1500]. 8°",Paris,1500,1500,,ir00320500,https://gesamtkatalogderwiegendrucke.de/docs/M38901.htm,https://data.cerl.org/istc/ir00320500,,supplementary-gw-corpus.csv
M38904,Rosarium beatae Mariae Virginis et alia opuscula.,"Rosarium beatae Mariae Virginis et alia opuscula. Sevilla, 1491. 4°",Sevilla,1491,1491,,,https://gesamtkatalogderwiegendrucke.de/docs/M38904.htm,,Im GW-Kopf keine ISTC-Verknüpfung gefunden,supplementary-gw-corpus.csv
M38907,Rosarium beatae Mariae Virginis.,"Rosarium beatae Mariae Virginis. [Zwolle: Peter van Os, um 1491/92]. 16°",Zwolle,1491,1492,,ip01049460,https://gesamtkatalogderwiegendrucke.de/docs/M38907.htm,https://data.cerl.org/istc/ip01049460,,supplementary-gw-corpus.csv
M38909,"Rosarium, deutsch. Rosenkranz.","Rosarium, deutsch. Rosenkranz. Augsburg. 8°",Augsburg,,,deutsch,,https://gesamtkatalogderwiegendrucke.de/docs/M38909.htm,,Im GW-Kopf keine ISTC-Verknüpfung gefunden,supplementary-gw-corpus.csv
M38911,"Rosarium, deutsch. Rosenkranz.","Rosarium, deutsch. Rosenkranz. Augsburg: Johann Bämler, 15.XI.1477. 4°",Augsburg,1477,1477,deutsch,is00687000,https://gesamtkatalogderwiegendrucke.de/docs/M38911.htm,https://data.cerl.org/istc/is00687000,,supplementary-gw-corpus.csv
M38912,"Rosarium, deutsch. Rosenkranz unserer lieben Frauen.","Rosarium, deutsch. Rosenkranz unserer lieben Frauen. [Augsburg: Johann Schönsperger]. 8°",Augsburg,,,deutsch,ir00321670,https://gesamtkatalogderwiegendrucke.de/docs/M38912.htm,https://data.cerl.org/istc/ir00321670,,supplementary-gw-corpus.csv
M38913,"Rosarium, deutsch. Rosenkranz unserer lieben Frauen.","Rosarium, deutsch. Rosenkranz unserer lieben Frauen. [Basel: Martin Flach, um 1475]. 4°",Basel,1475,1475,deutsch,ir00321000,https://gesamtkatalogderwiegendrucke.de/docs/M38913.htm,https://data.cerl.org/istc/ir00321000,,supplementary-gw-corpus.csv
M38914,"Rosarium, niederdeutsch (Marienpsalter).","Rosarium, niederdeutsch (Marienpsalter). [Magdeburg: Simon Koch, nicht vor 1492]. 8°",Magdeburg,1492,1492,niederdeutsch,ir00321680,https://gesamtkatalogderwiegendrucke.de/docs/M38914.htm,https://data.cerl.org/istc/ir00321680,,supplementary-gw-corpus.csv
M38915,"Rosarium, deutsch. Rosenkranz unserer lieben Frauen.","Rosarium, deutsch. Rosenkranz unserer lieben Frauen. [Strassburg: Heinrich Knoblochtzer, um 1482]. 4°",Strassburg,1482,1482,deutsch,ir00321610,https://gesamtkatalogderwiegendrucke.de/docs/M38915.htm,https://data.cerl.org/istc/ir00321610,,supplementary-gw-corpus.csv
M38916,"Rosarium, deutsch. Rosenkranz unserer lieben Frauen.","Rosarium, deutsch. Rosenkranz unserer lieben Frauen. [Strassburg: Drucker des Breviarium Ratisponense (GW 5433) („Georgius de Spira“)]. 4°",Strassburg,,,deutsch,ir00321600,https://gesamtkatalogderwiegendrucke.de/docs/M38916.htm,https://data.cerl.org/istc/ir00321600,,supplementary-gw-corpus.csv
M38918,"Rosarium, deutsch. Rosenkranz unserer lieben Frauen.","Rosarium, deutsch. Rosenkranz unserer lieben Frauen. [Strassburg: Heinrich Knoblochtzer, vor 1477(?)]. 8°",Strassburg,1477,1477,deutsch,ir00321500,https://gesamtkatalogderwiegendrucke.de/docs/M38918.htm,https://data.cerl.org/istc/ir00321500,,supplementary-gw-corpus.csv
M38920,"Rosarium, deutsch. Rosenkranz unserer lieben Frauen.","Rosarium, deutsch. Rosenkranz unserer lieben Frauen. [Würzburg: Georg Reyser, um 1485]. 8°",Würzburg,1485,1485,deutsch,ir00321630,https://gesamtkatalogderwiegendrucke.de/docs/M38920.htm,https://data.cerl.org/istc/ir00321630,,supplementary-gw-corpus.csv
M38921,"Rosarium, deutsch. Rosenkranz unserer lieben Frauen.","Rosarium, deutsch. Rosenkranz unserer lieben Frauen. [Heidelberg: Heinrich Knoblochtzer], 1495. 4°",Heidelberg,1495,1495,deutsch,ir00321700,https://gesamtkatalogderwiegendrucke.de/docs/M38921.htm,https://data.cerl.org/istc/ir00321700,,supplementary-gw-corpus.csv
M38923,"Rosarium BMV, ital.(?) (Vergine Maria del Rosario).","Rosarium BMV, ital.(?) (Vergine Maria del Rosario). [Florenz: Apud S. Jacobum de Ripoli], 1480.",Florenz,1480,1480,ital.(?),,https://gesamtkatalogderwiegendrucke.de/docs/M38923.htm,,Im GW-Kopf keine ISTC-Verknüpfung gefunden,supplementary-gw-corpus.csv
M38924,"Rosarium BMV, ital.","Rosarium BMV, ital. [Mailand: Leonhard Pachel und Ulrich Scinzenzeller, um 1490]. 24°",Mailand,1490,1490,ital.,ib00938600,https://gesamtkatalogderwiegendrucke.de/docs/M38924.htm,https://data.cerl.org/istc/ib00938600,,supplementary-gw-corpus.csv
M38927,Rosarium virginis Mariae matris.,"Rosarium virginis Mariae matris. Antwerpen, 1487. 8°",Antwerpen,1487,1487,,,https://gesamtkatalogderwiegendrucke.de/docs/M38927.htm,,Im GW-Kopf keine ISTC-Verknüpfung gefunden,supplementary-gw-corpus.csv
M3892910,"Rosarium Beatae Mariae Virginis, niederl.","Rosarium Beatae Mariae Virginis, niederl. Antwerpen: Adriaan van Liesveldt, [um 1500]. 4°",Antwerpen,1500,1500,niederl.,ip01072200,https://gesamtkatalogderwiegendrucke.de/docs/M3892910.htm,https://data.cerl.org/istc/ip01072200,,supplementary-gw-corpus.csv
M38930,Rosarium odor vitae.,"Rosarium odor vitae. [Gaeta: Andreas Fritag, um 1487]. 4°",Gaeta,1487,1487,,ir00318600,https://gesamtkatalogderwiegendrucke.de/docs/M38930.htm,https://data.cerl.org/istc/ir00318600,,supplementary-gw-corpus.csv
M3893050,Rosarium odor vitae.,"Rosarium odor vitae. [Neapel: Matthias von Olmütz, um 1480]. 4°",Neapel,1480,1480,,ir00318590,https://gesamtkatalogderwiegendrucke.de/docs/M3893050.htm,https://data.cerl.org/istc/ir00318590,,supplementary-gw-corpus.csv
M38932,Rosarium odor vitae.,"Rosarium odor vitae. [Neapel: Christian Preller, um 1490]. 4°",Neapel,1490,1490,,ir00318700,https://gesamtkatalogderwiegendrucke.de/docs/M38932.htm,https://data.cerl.org/istc/ir00318700,,supplementary-gw-corpus.csv
M39183,"Rupe, Alanus de: Compendium psalterii beatissimae trinitatis. Davor: Sixtus IV., Papst: Bulla confirmationis et indulgentiarum psalterii virginis Mariae.","Rupe, Alanus de: Compendium psalterii beatissimae trinitatis. Davor: Sixtus IV., Papst: Bulla confirmationis et indulgentiarum psalterii virginis Mariae. [Strassburg(?): Johann Prüss(?), um 1490]. 8°",Strassburg(?),1490,1490,,,https://gesamtkatalogderwiegendrucke.de/docs/M39183.htm,,Im GW-Kopf keine ISTC-Verknüpfung gefunden,supplementary-gw-corpus.csv
M3918420,"Rupe, Alanus de: De psalterio Beatae Mariae Virginis.","Rupe, Alanus de: De psalterio Beatae Mariae Virginis. [Lübeck: Lukas Brandis, um 1478]. 8°",Lübeck,1478,1478,,ir00359000,https://gesamtkatalogderwiegendrucke.de/docs/M3918420.htm,https://data.cerl.org/istc/ir00359000,,supplementary-gw-corpus.csv
M39192,"Rupe, Alanus de: Von dem Psalter und Rosenkranz unserer lieben Frau.","Rupe, Alanus de: Von dem Psalter und Rosenkranz unserer lieben Frau. Augsburg: Anton Sorg, 1492. 4°",Augsburg,1492,1492,,ir00361900,https://gesamtkatalogderwiegendrucke.de/docs/M39192.htm,https://data.cerl.org/istc/ir00361900,,supplementary-gw-corpus.csv
M39193,"Rupe, Alanus de: Von dem Psalter und Rosenkranz unserer lieben Frau.","Rupe, Alanus de: Von dem Psalter und Rosenkranz unserer lieben Frau. Augsburg: Anton Sorg, 1492. 4°",Augsburg,1492,1492,,ir00362000,https://gesamtkatalogderwiegendrucke.de/docs/M39193.htm,https://data.cerl.org/istc/ir00362000,,supplementary-gw-corpus.csv
M39194,"Rupe, Alanus de: Von dem Psalter unserer lieben Frau.","Rupe, Alanus de: Von dem Psalter unserer lieben Frau. Augsburg: Lukas Zeissenmair, 29.VII.1495. 4°",Augsburg,1495,1495,,ir00363100,https://gesamtkatalogderwiegendrucke.de/docs/M39194.htm,https://data.cerl.org/istc/ir00363100,,supplementary-gw-corpus.csv
M39196,"Rupe, Alanus de: Von dem Psalter und Rosenkranz unserer lieben Frau.","Rupe, Alanus de: Von dem Psalter und Rosenkranz unserer lieben Frau. Nürnberg, 1491. 4°",Nürnberg,1491,1491,,,https://gesamtkatalogderwiegendrucke.de/docs/M39196.htm,,Im GW-Kopf keine ISTC-Verknüpfung gefunden,supplementary-gw-corpus.csv
M39197,"Rupe, Alanus de: Von dem Psalter unserer lieben Frau.","Rupe, Alanus de: Von dem Psalter unserer lieben Frau. Ulm: Konrad Dinckmut, 15.III.1483. 4°",Ulm,1483,1483,,ir00361600,https://gesamtkatalogderwiegendrucke.de/docs/M39197.htm,https://data.cerl.org/istc/ir00361600,,supplementary-gw-corpus.csv
M39199,"Rupe, Alanus de: Von dem Psalter unserer lieben Frau.","Rupe, Alanus de: Von dem Psalter unserer lieben Frau. Ulm: Konrad Dinckmut, 1489. 4°",Ulm,1489,1489,,ir00361800,https://gesamtkatalogderwiegendrucke.de/docs/M39199.htm,https://data.cerl.org/istc/ir00361800,,supplementary-gw-corpus.csv
M39200,"Rupe, Alanus de: Von dem Psalter unserer lieben Frau.","Rupe, Alanus de: Von dem Psalter unserer lieben Frau. Ulm: Konrad Dinckmut, 1492. 8°",Ulm,1492,1492,,ir00362900,https://gesamtkatalogderwiegendrucke.de/docs/M39200.htm,https://data.cerl.org/istc/ir00362900,,supplementary-gw-corpus.csv
M39202,"Rupe, Alanus de: Von dem Psalter unserer lieben Frau.","Rupe, Alanus de: Von dem Psalter unserer lieben Frau. Ulm: Konrad Dinckmut, 1492. 4°",Ulm,1492,1492,,ir00363000,https://gesamtkatalogderwiegendrucke.de/docs/M39202.htm,https://data.cerl.org/istc/ir00363000,,supplementary-gw-corpus.csv
M39204,"Rupe, Alanus de: Von dem Psalter unserer lieben Frau.","Rupe, Alanus de: Von dem Psalter unserer lieben Frau. Ulm: Konrad Dinckmut, 1496. 4°",Ulm,1496,1496,,ir00363200,https://gesamtkatalogderwiegendrucke.de/docs/M39204.htm,https://data.cerl.org/istc/ir00363200,,supplementary-gw-corpus.csv
M39205,"Rupe, Alanus de: De utilitate Psalterii Mariae.","Rupe, Alanus de: De utilitate Psalterii Mariae. [Gripsholm: Kartäuserkloster Mariefred], 24.III.1498. 4°",Gripsholm,1498,1498,,ir00361000,https://gesamtkatalogderwiegendrucke.de/docs/M39205.htm,https://data.cerl.org/istc/ir00361000,,supplementary-gw-corpus.csv
M39208,"Rupe, Alanus de: De utilitate Psalterii Marie, niederl.","Rupe, Alanus de: De utilitate Psalterii Marie, niederl. [Utrecht: t. G., nach 30.V.1480]. 4°",Utrecht,1480,1480,niederl.,ir00360500,https://gesamtkatalogderwiegendrucke.de/docs/M39208.htm,https://data.cerl.org/istc/ir00360500,,supplementary-gw-corpus.csv
M41162,Seelenwurzgarten.,"Seelenwurzgarten. Augsburg: Johann Schönsperger, 28.VIII.1484. 2°",Augsburg,1484,1484,,is00366000,https://gesamtkatalogderwiegendrucke.de/docs/M41162.htm,https://data.cerl.org/istc/is00366000,,supplementary-gw-corpus.csv
M41163,Seelenwurzgarten.,"Seelenwurzgarten. Augsburg: Johann Schönsperger, 21.VII.1488. 2°",Augsburg,1488,1488,,is00366200,https://gesamtkatalogderwiegendrucke.de/docs/M41163.htm,https://data.cerl.org/istc/is00366200,,supplementary-gw-corpus.csv
M41165,Seelenwurzgarten.,"Seelenwurzgarten. Augsburg: Johann Schönsperger, 8.VI.1496. 2°",Augsburg,1496,1496,,is00366300,https://gesamtkatalogderwiegendrucke.de/docs/M41165.htm,https://data.cerl.org/istc/is00366300,,supplementary-gw-corpus.csv
M41167,Seelenwurzgarten.,"Seelenwurzgarten. Ulm: Konrad Dinckmut, 26.VII.1483. 2°",Ulm,1483,1483,,is00364000,https://gesamtkatalogderwiegendrucke.de/docs/M41167.htm,https://data.cerl.org/istc/is00364000,,supplementary-gw-corpus.csv
M41170,Seelenwurzgarten.,"Seelenwurzgarten. Ulm: Konrad Dinckmut, 4.X.1483. 2°",Ulm,1483,1483,,is00365000,https://gesamtkatalogderwiegendrucke.de/docs/M41170.htm,https://data.cerl.org/istc/is00365000,,supplementary-gw-corpus.csv
M41173,Seelenwurzgarten.,"Seelenwurzgarten. Ulm: Konrad Dinckmut, 18.XII.1488. 2°",Ulm,1488,1488,,is00366250,https://gesamtkatalogderwiegendrucke.de/docs/M41173.htm,https://data.cerl.org/istc/is00366250,,supplementary-gw-corpus.csv
M41175,Seelenwurzgarten.,"Seelenwurzgarten. Nürnberg: Friedrich Creussner, 1473. 2°",Nürnberg,1473,1473,,is00362000,https://gesamtkatalogderwiegendrucke.de/docs/M41175.htm,https://data.cerl.org/istc/is00362000,,supplementary-gw-corpus.csv
M41177,Seelenwurzgarten.,"Seelenwurzgarten. Nürnberg: Friedrich Creussner, 1474. 2°",Nürnberg,1474,1474,,is00363000,https://gesamtkatalogderwiegendrucke.de/docs/M41177.htm,https://data.cerl.org/istc/is00363000,,supplementary-gw-corpus.csv
M41179,"Seelenwurzgarten, niederdeutsch.","Seelenwurzgarten, niederdeutsch. [Lübeck: Lukas Brandis, 1474]. 2°",Lübeck,1474,1474,niederdeutsch,is00363500,https://gesamtkatalogderwiegendrucke.de/docs/M41179.htm,https://data.cerl.org/istc/is00363500,,supplementary-gw-corpus.csv
XI321H,Horae ad usum Romanum.,"Horae ad usum Romanum. Paris: für Simon Vostre, 2.VI.1498. 8°",Paris,1498,1498,,,https://gesamtkatalogderwiegendrucke.de/docs/GWXI321H.htm,,Im GW-Kopf keine ISTC-Verknüpfung gefunden,horae-gw-corpus.csv
XI427A,Horae. Officium beatae Mariae.,"Horae. Officium beatae Mariae. Venedig: Nicolas Jenson, 1478. 8°",Venedig,1478,1478,,,https://gesamtkatalogderwiegendrucke.de/docs/GWXI427A.htm,,Im GW-Kopf keine ISTC-Verknüpfung gefunden,horae-gw-corpus.csv
XI427B,Horae ad usum Romanum.,"Horae ad usum Romanum. Paris: Philippe Pigouchet für Simon Vostre, 12.IV.1488.",Paris,1488,1488,,,https://gesamtkatalogderwiegendrucke.de/docs/GWXI427B.htm,,Im GW-Kopf keine ISTC-Verknüpfung gefunden,horae-gw-corpus.csv
XI427C,Horae ad usum Romanum.,"Horae ad usum Romanum. [Paris: Philippe Pigouchet] für Simon Vostre, 16.IX.1488. 4°",Paris,1488,1488,,,https://gesamtkatalogderwiegendrucke.de/docs/GWXI427C.htm,,Im GW-Kopf keine ISTC-Verknüpfung gefunden,horae-gw-corpus.csv
XI427D,Horae ad usum Parisiensem (Paris).,"Horae ad usum Parisiensem (Paris). Paris: Philippe Pigouchet, 15.I.1494. 8°",Paris,1494,1494,,,https://gesamtkatalogderwiegendrucke.de/docs/GWXI427D.htm,,Im GW-Kopf keine ISTC-Verknüpfung gefunden,horae-gw-corpus.csv
XI427E,Horae ad usum Romanum.,"Horae ad usum Romanum. Paris: Philippe Pigouchet für Simon Vostre, 13.I.1495/96. 8°",Paris,1495,1496,,,https://gesamtkatalogderwiegendrucke.de/docs/GWXI427E.htm,,Im GW-Kopf keine ISTC-Verknüpfung gefunden,horae-gw-corpus.csv
XI427F,Horae ad usum Parisiensem (Paris).,"Horae ad usum Parisiensem (Paris). Paris: Philippe Pigouchet für Simon Vostre, 14.XII.1497.",Paris,1497,1497,,,https://gesamtkatalogderwiegendrucke.de/docs/GWXI427F.htm,,Im GW-Kopf keine ISTC-Verknüpfung gefunden,horae-gw-corpus.csv
XI427G,Horae ad usum Parisiensem (Paris).,"Horae ad usum Parisiensem (Paris). Paris: Philippe Pigouchet, 24.XII.1497. 8°",Paris,1497,1497,,,https://gesamtkatalogderwiegendrucke.de/docs/GWXI427G.htm,,Im GW-Kopf keine ISTC-Verknüpfung gefunden,horae-gw-corpus.csv
XI428A,Horae ad usum Noviomensem (Noyon).,"Horae ad usum Noviomensem (Noyon). Paris: Philippe Pigouchet für Simon Vostre, 27.VIII.1498. 8°",Paris,1498,1498,,,https://gesamtkatalogderwiegendrucke.de/docs/GWXI428A.htm,,Im GW-Kopf keine ISTC-Verknüpfung gefunden,horae-gw-corpus.csv
XI428B,Horae ad usum Romanum.,"Horae ad usum Romanum. Paris: Thielmann Kerver, 21.IX.1498.",Paris,1498,1498,,,https://gesamtkatalogderwiegendrucke.de/docs/GWXI428B.htm,,Im GW-Kopf keine ISTC-Verknüpfung gefunden,horae-gw-corpus.csv
XI428C,Horae. Heures à l’usage de Verdun.,"Horae. Heures à l’usage de Verdun. Paris: Philippe Pigouchet, 27.X.1498. 8°",Paris,1498,1498,,,https://gesamtkatalogderwiegendrucke.de/docs/GWXI428C.htm,,Im GW-Kopf keine ISTC-Verknüpfung gefunden,horae-gw-corpus.csv
XI428D,Horae ad usum Romanum.,"Horae ad usum Romanum. Paris: Thielmann Kerver, 16.V.1499. 8°",Paris,1499,1499,,,https://gesamtkatalogderwiegendrucke.de/docs/GWXI428D.htm,,Im GW-Kopf keine ISTC-Verknüpfung gefunden,horae-gw-corpus.csv
XI428E,Horae ad usum Carnotensem (Chartres).,"Horae ad usum Carnotensem (Chartres). Paris: Philippe Pigouchet für Simon Vostre, 2.VI.1499. 8°",Paris,1499,1499,,,https://gesamtkatalogderwiegendrucke.de/docs/GWXI428E.htm,,Im GW-Kopf keine ISTC-Verknüpfung gefunden,horae-gw-corpus.csv
XI428F,Horae ad usum Romanum.,"Horae ad usum Romanum. Paris: für Simon Vostre, 20.XII.1499 . 8°",Paris,1499,1499,,,https://gesamtkatalogderwiegendrucke.de/docs/GWXI428F.htm,,Im GW-Kopf keine ISTC-Verknüpfung gefunden,horae-gw-corpus.csv
XI428G,Horae. Officium beatae Mariae.,"Horae. Officium beatae Mariae. Venedig: Gregorius de Gregoriis, 1500. 8°",Venedig,1500,1500,,,https://gesamtkatalogderwiegendrucke.de/docs/GWXI428G.htm,,Im GW-Kopf keine ISTC-Verknüpfung gefunden,horae-gw-corpus.csv
XI428H,Horae ad usum Romanum.,"Horae ad usum Romanum. Paris: Philippe Pigouchet für Simon Vostre, 7.V.1500. 8°",Paris,1500,1500,,,https://gesamtkatalogderwiegendrucke.de/docs/GWXI428H.htm,,Im GW-Kopf keine ISTC-Verknüpfung gefunden,horae-gw-corpus.csv
XI428I,Horae ad usum Romanum.,"Horae ad usum Romanum. [Paris: Philippe Pigouchet] für Simon Vostre, 27.V.1500.",Paris,1500,1500,,,https://gesamtkatalogderwiegendrucke.de/docs/GWXI428I.htm,,Im GW-Kopf keine ISTC-Verknüpfung gefunden,horae-gw-corpus.csv
XI428K,Horae ad usum Romanum.,"Horae ad usum Romanum. Paris: Thielmann Kerver für Guillaume Eustace, 4.VII.1500. 8°",Paris,1500,1500,,,https://gesamtkatalogderwiegendrucke.de/docs/GWXI428K.htm,,Im GW-Kopf keine ISTC-Verknüpfung gefunden,horae-gw-corpus.csv
XI429A,Horae. Officium BMV secundum usum Romanum.,"Horae. Officium BMV secundum usum Romanum. Lyon: [Jacobinus Suigus und Nicolaus de Benedictis für] Boninus de Boninis, 26.VIII.1500. 8°",Lyon,1500,1500,,ih00406550,https://gesamtkatalogderwiegendrucke.de/docs/GWXI429A.htm,https://data.cerl.org/istc/ih00406550,,horae-gw-corpus.csv
XI429B,"Horae. Devotiones et precationes ad BMV, S. Josephum, SS. Joachim et Annam. 4°","Horae. Devotiones et precationes ad BMV, S. Josephum, SS. Joachim et Annam. 4°",,,,,,https://gesamtkatalogderwiegendrucke.de/docs/GWXI429B.htm,,Im GW-Kopf keine ISTC-Verknüpfung gefunden,horae-gw-corpus.csv
XI429C,Horae ad usum curiae Romanae. 8°,Horae ad usum curiae Romanae. 8°,,,,,,https://gesamtkatalogderwiegendrucke.de/docs/GWXI429C.htm,,Im GW-Kopf keine ISTC-Verknüpfung gefunden,horae-gw-corpus.csv
XI429D,Horae. Officium BMV sec. consuetudinem Romanae curiae.,Horae. Officium BMV sec. consuetudinem Romanae curiae. [um 1488]. 12°,,1488,1488,,,https://gesamtkatalogderwiegendrucke.de/docs/GWXI429D.htm,,Im GW-Kopf keine ISTC-Verknüpfung gefunden,horae-gw-corpus.csv
XI436A,Horae.,"Horae. [Kirchheim]: Markus Reinhard, [1490]. 8°",Kirchheim,1490,1490,,,https://gesamtkatalogderwiegendrucke.de/docs/GWXI436A.htm,,Im GW-Kopf keine ISTC-Verknüpfung gefunden,horae-gw-corpus.csv
XI443A,Horae. Hortulus animae.,"Horae. Hortulus animae. Nürnberg: Friedrich Peypus für Johann Koberger, 1500.",Nürnberg,1500,1500,,ih00485700,https://gesamtkatalogderwiegendrucke.de/docs/GWXI443A.htm,https://data.cerl.org/istc/ih00485700,,horae-gw-corpus.csv
XI461AP,"Horae, niederdeutsch.","Horae, niederdeutsch. Leipzig: Konrad Kachelofen, 22.II.1513. 8°",Leipzig,,,niederdeutsch,,https://gesamtkatalogderwiegendrucke.de/docs/GWXI461AP.htm,,Im GW-Kopf keine ISTC-Verknüpfung gefunden,horae-gw-corpus.csv
XI467AP,"Horae, niederdeutsch.","Horae, niederdeutsch. [Lübeck: Steffen Arndes, um 1505]. 8°",Lübeck,1505,1505,niederdeutsch,,https://gesamtkatalogderwiegendrucke.de/docs/GWXI467AP.htm,,Im GW-Kopf keine ISTC-Verknüpfung gefunden,horae-gw-corpus.csv
XI468BP,"Horae, niederländisch. Seven Gebeden.","Horae, niederländisch. Seven Gebeden. [Zwolle: Peter van Os, nach 1500]. 8°",Zwolle,1500,1500,niederl.,ig00111800,https://gesamtkatalogderwiegendrucke.de/docs/GWXI468BP.htm,https://data.cerl.org/istc/ig00111800,,horae-gw-corpus.csv
XI483A,Horae ad usum Romanum.,Horae ad usum Romanum. Paris. 8°,Paris,,,,,https://gesamtkatalogderwiegendrucke.de/docs/GWXI483A.htm,,Im GW-Kopf keine ISTC-Verknüpfung gefunden,horae-gw-corpus.csv
XI483B,Horae ad usum Parisiensem.,Horae ad usum Parisiensem. Paris. 4°,Paris,,,,,https://gesamtkatalogderwiegendrucke.de/docs/GWXI483B.htm,,Im GW-Kopf keine ISTC-Verknüpfung gefunden,horae-gw-corpus.csv
XI483C,Horae ad usum Romanum.,"Horae ad usum Romanum. Paris: [Philippe Pigouchet für] Enguilbert und Geoffroi de Marnef, [um 1489(?)]. 8°",Paris,1489,1489,,,https://gesamtkatalogderwiegendrucke.de/docs/GWXI483C.htm,,Im GW-Kopf keine ISTC-Verknüpfung gefunden,horae-gw-corpus.csv
XI483D,Horae. Officium BMV.,"Horae. Officium BMV. Paris: Philippe Pigouchet für Simon Vostre, 1484. 4°",Paris,1484,1484,,,https://gesamtkatalogderwiegendrucke.de/docs/GWXI483D.htm,,Im GW-Kopf keine ISTC-Verknüpfung gefunden,horae-gw-corpus.csv
XI483E,Horae. Officium BMV.,"Horae. Officium BMV. Paris: Jean Poitevin, 1488. 8°",Paris,1488,1488,,,https://gesamtkatalogderwiegendrucke.de/docs/GWXI483E.htm,,Im GW-Kopf keine ISTC-Verknüpfung gefunden,horae-gw-corpus.csv
XI483F,Horae ad usum Parisiensem.,"Horae ad usum Parisiensem. Paris, 1500. 4°",Paris,1500,1500,,,https://gesamtkatalogderwiegendrucke.de/docs/GWXI483F.htm,,Im GW-Kopf keine ISTC-Verknüpfung gefunden,horae-gw-corpus.csv
XI486A,Horae ad usum Ebroicensem (Évreux) (Almanach 1513–1530).,Horae ad usum Ebroicensem (Évreux) (Almanach 1513–1530). Paris: für Simon Vostre. 4°,Paris,,,,,https://gesamtkatalogderwiegendrucke.de/docs/GWXI486A.htm,,Im GW-Kopf keine ISTC-Verknüpfung gefunden,horae-gw-corpus.csv
XI487A,Horae ad usum Romanum. 4 (64?)°,Horae ad usum Romanum. 4 (64?)°,,,,,,https://gesamtkatalogderwiegendrucke.de/docs/GWXI487A.htm,,Im GW-Kopf keine ISTC-Verknüpfung gefunden,horae-gw-corpus.csv
XI506AP,"Horae ad usum Anbianensem (Amiens), franz.","Horae ad usum Anbianensem (Amiens), franz. Paris: [Philippe Pigouchet für Simon Vostre, um 1502]. 8°",Paris,1502,1502,franz.,,https://gesamtkatalogderwiegendrucke.de/docs/GWXI506AP.htm,,Im GW-Kopf keine ISTC-Verknüpfung gefunden,horae-gw-corpus.csv
XI519A,Horae ad usum Romanum.,Horae ad usum Romanum. Paris: Thielmann Kerver für Gilles Remacle. 8°,Paris,,,,ih00412350,https://gesamtkatalogderwiegendrucke.de/docs/GWXI519A.htm,https://data.cerl.org/istc/ih00412350,,horae-gw-corpus.csv
XI519B,Horae ad usum Romanum.,Horae ad usum Romanum. Paris: Guillaume Anabat für Gilles und Germain Hardouyn. 4°,Paris,,,,,https://gesamtkatalogderwiegendrucke.de/docs/GWXI519B.htm,,Im GW-Kopf keine ISTC-Verknüpfung gefunden,horae-gw-corpus.csv
XI549AP,Horae ad usum Romanum (Almanach 1489-1508).,Horae ad usum Romanum (Almanach 1489-1508). [Paris: Antoine Verard]. 8°,Paris,,,,,https://gesamtkatalogderwiegendrucke.de/docs/GWXI549AP.htm,,Im GW-Kopf keine ISTC-Verknüpfung gefunden,horae-gw-corpus.csv
XI553A,Horae ad usum Romanum (Almanach 1516–1530). 12°,Horae ad usum Romanum (Almanach 1516–1530). 12°,,,,,,https://gesamtkatalogderwiegendrucke.de/docs/GWXI553A.htm,,Im GW-Kopf keine ISTC-Verknüpfung gefunden,horae-gw-corpus.csv
XI553AP,Horae ad usum Romanum.,"Horae ad usum Romanum. [Paris: Thielmann Kerver, nach 1500]. 8°",Paris,1500,1500,,,https://gesamtkatalogderwiegendrucke.de/docs/GWXI553AP.htm,,Im GW-Kopf keine ISTC-Verknüpfung gefunden,horae-gw-corpus.csv
XI553B,Horae ad usum Sarum (Salisbury) (Almanach 1503–1520).,Horae ad usum Sarum (Salisbury) (Almanach 1503–1520). [Paris: Guillaume Le Rouge] für Antoine Vérard. 4°,Paris,,,,,https://gesamtkatalogderwiegendrucke.de/docs/GWXI553B.htm,,Im GW-Kopf keine ISTC-Verknüpfung gefunden,horae-gw-corpus.csv
XI553C,Horae ad usum Sarum (Salisbury).,Horae ad usum Sarum (Salisbury). [Paris: Pierre Le Dru(?) für Jean Poitevin]. 8°,Paris,,,,ih00425600,https://gesamtkatalogderwiegendrucke.de/docs/GWXI553C.htm,https://data.cerl.org/istc/ih00425600,,horae-gw-corpus.csv
XI598A,Horae ad usum Romanum.,Horae ad usum Romanum. Paris: Nicolas Higman für Simon Vostre. 8°,Paris,,,,ih00417200; ih00417300,https://gesamtkatalogderwiegendrucke.de/docs/GWXI598A.htm,https://data.cerl.org/istc/ih00417200; https://data.cerl.org/istc/ih00417300,,horae-gw-corpus.csv
XI598B,"Horae ad usum Romanum, spanisch.","Horae ad usum Romanum, spanisch. Paris: Nicolas Higman für Simon Vostre, [um 1520]. 4°",Paris,,,,ih00401280,https://gesamtkatalogderwiegendrucke.de/docs/GWXI598B.htm,https://data.cerl.org/istc/ih00401280,,horae-gw-corpus.csv
XI599A,Horae ad usum Namnetensem (Nantes) (Almanach 1502–1520).,Horae ad usum Namnetensem (Nantes) (Almanach 1502–1520). Paris: [Philippe Pigouchet] für Simon Vostre. 8°,Paris,,,,ih00348200,https://gesamtkatalogderwiegendrucke.de/docs/GWXI599A.htm,https://data.cerl.org/istc/ih00348200,,horae-gw-corpus.csv
XI599B,Horae ad usum Parisiensem.,Horae ad usum Parisiensem. [Paris: für Antoine Vérard(?)]. 8°,Paris,,,,"ih00357020,1",https://gesamtkatalogderwiegendrucke.de/docs/GWXI599B.htm,"https://data.cerl.org/istc/ih00357020,1",,horae-gw-corpus.csv
XI612A,Horae. Les Grandes Suffrages.,Horae. Les Grandes Suffrages. [Paris]: für Simon Vostre.,Paris,,,,,https://gesamtkatalogderwiegendrucke.de/docs/GWXI612A.htm,,Im GW-Kopf keine ISTC-Verknüpfung gefunden,horae-gw-corpus.csv
XI612BP,Horae ad usum Sarum (Salisbury).,"Horae ad usum Sarum (Salisbury). [Paris: Jean Barbier, um 1510].",Paris,,,,ih00420620,https://gesamtkatalogderwiegendrucke.de/docs/GWXI612BP.htm,https://data.cerl.org/istc/ih00420620,,horae-gw-corpus.csv
XI622AP,Horae ad usum Romanum.,"Horae ad usum Romanum. Paris: Nicolas Higman, nach 1500. 8°",Paris,1500,1500,,,https://gesamtkatalogderwiegendrucke.de/docs/GWXI622AP.htm,,Im GW-Kopf keine ISTC-Verknüpfung gefunden,horae-gw-corpus.csv
XI633A,Horae ad usum Romanum.,Horae ad usum Romanum. Paris: Guillaume Anabat für Gilles und Germain Hardouyn. 4°,Paris,,,,ih00415000,https://gesamtkatalogderwiegendrucke.de/docs/GWXI633A.htm,https://data.cerl.org/istc/ih00415000,,horae-gw-corpus.csv
XI633B,Horae ad usum Parisiensem (Almanach 1525–1545) .,Horae ad usum Parisiensem (Almanach 1525–1545) . Paris: Pierre Roffet. 4°,Paris,,,,,https://gesamtkatalogderwiegendrucke.de/docs/GWXI633B.htm,,Im GW-Kopf keine ISTC-Verknüpfung gefunden,horae-gw-corpus.csv
XI633CP,Horae ad usum Romanum.,"Horae ad usum Romanum. Paris: Philippe Pigouchet, nach 1500. 8°",Paris,1500,1500,,,https://gesamtkatalogderwiegendrucke.de/docs/GWXI633CP.htm,,Im GW-Kopf keine ISTC-Verknüpfung gefunden,horae-gw-corpus.csv
XI643A,Horae ad usum Parisiensem (Paris) bzw. Turonensem (Tours) (Almanach 1497–1520).,"Horae ad usum Parisiensem (Paris) bzw. Turonensem (Tours) (Almanach 1497–1520). [Paris: André Bocard] für Antoine Vérard, 14.VIII.1500. 8°",Paris,1500,1500,,ih00339470; ih00427895,https://gesamtkatalogderwiegendrucke.de/docs/GWXI643A.htm,https://data.cerl.org/istc/ih00339470; https://data.cerl.org/istc/ih00427895,,horae-gw-corpus.csv
XI646A,Horae ad usum Romanum (Almanach 1497–1520).,Horae ad usum Romanum (Almanach 1497–1520). [Paris: Thielmann Kerver]. 8°,Paris,,,,ih00393100,https://gesamtkatalogderwiegendrucke.de/docs/GWXI646A.htm,https://data.cerl.org/istc/ih00393100,,horae-gw-corpus.csv
XI646B,Horae ad usum Romanum (Almanach 1500–1521).,Horae ad usum Romanum (Almanach 1500–1521). Paris: für Antoine Vérard. 8°,Paris,,,,,https://gesamtkatalogderwiegendrucke.de/docs/GWXI646B.htm,,Im GW-Kopf keine ISTC-Verknüpfung gefunden,horae-gw-corpus.csv
XI654A,Horae ad usum Parisiensem.,"Horae ad usum Parisiensem. [Paris, 1500]. 8°",Paris,1500,1500,,ih00357030,https://gesamtkatalogderwiegendrucke.de/docs/GWXI654A.htm,https://data.cerl.org/istc/ih00357030,,horae-gw-corpus.csv
XI655A,Horae ad usum Romanum (Almanach 1497–1520).,"Horae ad usum Romanum (Almanach 1497–1520). Paris: Antoine Chappiel für Germain Hardouyn, 5.X. 8°",Paris,,,,ih00412500,https://gesamtkatalogderwiegendrucke.de/docs/GWXI655A.htm,https://data.cerl.org/istc/ih00412500,,horae-gw-corpus.csv
XI655BP,Horae ad usum Romanum.,"Horae ad usum Romanum. Paris: Félix Baligault, um 1507/1508. 8°",Paris,1507,1508,,ih00408800,https://gesamtkatalogderwiegendrucke.de/docs/GWXI655BP.htm,https://data.cerl.org/istc/ih00408800,,horae-gw-corpus.csv
XI674A,Horae. Officium BMV.,Horae. Officium BMV. [um 1474]. 16°,,1474,1474,,,https://gesamtkatalogderwiegendrucke.de/docs/GWXI674A.htm,,Im GW-Kopf keine ISTC-Verknüpfung gefunden,horae-gw-corpus.csv
XI674B,Horae. Officium BMV.,Horae. Officium BMV. Venedig: Nicolas Jenson. 18°,Venedig,,,,,https://gesamtkatalogderwiegendrucke.de/docs/GWXI674B.htm,,Im GW-Kopf keine ISTC-Verknüpfung gefunden,horae-gw-corpus.csv
XI693A,Horae. Compendium deprecationum.,"Horae. Compendium deprecationum. Venedig: Bernardinus de Vitalibus, Januar 14[9]3. 8°",Venedig,,,,ic00790500,https://gesamtkatalogderwiegendrucke.de/docs/GWXI693A.htm,https://data.cerl.org/istc/ic00790500,,horae-gw-corpus.csv
XI695A,"Horae. Officium BMV, ital.","Horae. Officium BMV, ital. Florenz, 1482.",Florenz,1482,1482,ital.,,https://gesamtkatalogderwiegendrucke.de/docs/GWXI695A.htm,,Im GW-Kopf keine ISTC-Verknüpfung gefunden,horae-gw-corpus.csv
XI701A,Horae beatae virginis Mariae Romanae.,"Horae beatae virginis Mariae Romanae. Antwerpen, 1488. 8°",Antwerpen,1488,1488,,,https://gesamtkatalogderwiegendrucke.de/docs/GWXI701A.htm,,Im GW-Kopf keine ISTC-Verknüpfung gefunden,horae-gw-corpus.csv
XI712A,"Horae, niederl. Getijdenboek. 8°","Horae, niederl. Getijdenboek. 8°",,,,niederl.,,https://gesamtkatalogderwiegendrucke.de/docs/GWXI712A.htm,,Im GW-Kopf keine ISTC-Verknüpfung gefunden,horae-gw-corpus.csv
