provenance_id,mei_id,provenance_sequence,time_start,time_end,centuries,certainty,provenance_types,source_codes,acquisition_method,note,area_codes,agent_count,agent_names,agent_owner_ids,agent_roles,agent_types,agent_dates,agent_external_ids,agents_json,binding_note,binding_date,binding_type,binding_status,cover_material,board_material,binding_height,binding_width,binding_depth,decoration_note,rubrication_note,rubrication_date,manuscript_note,stamps_note,shelfmark_evidence,price_amount,price_currency,price_note,evidence_date,place_count,additional_evidence_json
00559195-p001,00559195,1,,,,a,,,,"Inc.7.A.4.1[342]:  Provenance:  Inscribed 'Hinricus Recharen [?]' on leaf n8 verso, 16th century.  Inscribed 'Phillipps's sale, 1869, lot 57' (Bradshaw's note in lower right corner of upper pastedown) and no. '57' on paper spine label.  Bought of CJ Stewart on 28 June 1869 through the Rustat Fund. UkCU,Inc.7.A.4.1[343]:  Provenance:  Jean Patrice August Madden, his bookplate with motto 'Torcular calcavi solus' and stamped number '899146' on upper pastedown.  Madden's sale, Versailles,14-22 April 1890, lot 1027.3, ('no 1027.3' in pencil on bookplate and on inserted paper slip).",e-uk-en,1,Cambridge University Library,3463,R390,corporate,,http://thesaurus.cerl.org/record/cnc00002301,"[{""characterisation"":[""noc""],""externalId"":[""http://thesaurus.cerl.org/record/cnc00002301""],""name"":""Cambridge University Library"",""ownerId"":3463,""professionOrType"":[""lib""],""role"":""R390"",""type"":""corporate"",""variants"":[""Cambridge, University, Library"",""University Library, Cambridge"",""University of Cambridge, Cambridge University Library"",""University of Cambridge, Library"",""University of Cambridge, University Library""]}]",,,,,,,,,,,,,,,,,,,,1,
02010644-p001,02010644,1,1481,1500,15,a,l,a,,,,0,,,,,,,,,,,,,,,,,Initials are supplied in red (partly oxidised). ,,,,,,,,,,0,
02010644-p002,02010644,2,1541,1600,16,a,a,a,,On a2r: `1545 fest [...]' in light-brown ink.  On b3v: `Your owne sublyng Batilel G. 1545/6' in brown ink. On b7v and d1v: `[An]no 1546' in brown ink.,e-uk,0,,,,,,,,,,,,,,,,,,,,"16th century, mss notes (from palaeographical evidence). ",,,,,,,0,"{""msFrequency"":""a""}"
02010644-p003,02010644,3,,1604,15 | 16 | 17,a,n,,,"This book is described in the catalogue of Whitgift's library (LPL, MS Film 21, f. 172).",e-uk,1,"Whitgift, John <Archbishop of Canterbury>",3522,R390,person,1530 - 1604,http://thesaurus.cerl.org/record/cnp00552955,"[{""characterisation"":[""rel""],""dates"":""1530 - 1604"",""externalId"":[""http://thesaurus.cerl.org/record/cnp00552955""],""gender"":""1002"",""name"":""Whitgift, John <Archbishop of Canterbury>"",""ownerId"":""3522"",""role"":""R390"",""type"":""person"",""variants"":[""Whitgifte, John""]}]",Gold-tooled Arms of John Whitgift on both covers,t,c,e,b,g,,,,,,,,,,,,,,1,"{""edges"":""b"",""gauffered"":""d"",""titling"":[""b""],""tooling"":""b"",""writingOnEdges"":""d""}"
02010644-p004,02010644,4,1604,1610,17,a,n,,a,"This book is described in the catalogue of Bancroft's library (LPL, LR/F/1, f. 33r). He probably bought it in agreement with Whitgift's relatives after the latter's death (see: David Pearson, The Libraries of English Bishops, 1600-40, in: The Library, 6th ser., XIV (1992), p. 256). ",e-uk,1,"Bancroft, Richard",3464,R390,person,1544 - 1610,http://thesaurus.cerl.org/record/cnp01306934,"[{""characterisation"":[""rel""],""dates"":""1544 - 1610"",""externalId"":[""http://thesaurus.cerl.org/record/cnp01306934""],""gender"":""1002"",""name"":""Bancroft, Richard"",""note"":""Archbishop of Canterbury (1604-1610)"",""ownerId"":""3464"",""role"":""R390"",""type"":""person""}]",,,,,,,,,,,,,,,,,,,,1,
02010644-p005,02010644,5,1610,,17,a,n,,c,This book was bequeathed by Bancroft to Lambeth Palace Library that he founded in 1610 according to his will.  ,e-uk,1,"London, Lambeth Palace Library",3462,R390,corporate,1610 -,http://thesaurus.cerl.org/record/cnc00021687,"[{""characterisation"":[""rel""],""dates"":""1610 - "",""externalId"":[""http://thesaurus.cerl.org/record/cnc00021687""],""name"":""London, Lambeth Palace Library"",""ownerId"":""3462"",""role"":""R390"",""type"":""corporate""}]",,,,,,,,,,,,,,,,,,,,1,
02010644-p006,02010644,6,,1664,17,a,o,a,e,The shelfmark indicates that this book was kept in Cambridge from 1648/9 to 1664. ,e-uk,1,Cambridge University Library,3463,R390,corporate,,http://thesaurus.cerl.org/record/cnc00002301,"[{""characterisation"":[""noc""],""externalId"":[""http://thesaurus.cerl.org/record/cnc00002301""],""name"":""Cambridge University Library"",""ownerId"":""3463"",""role"":""R390"",""type"":""corporate"",""variants"":[""Cambridge, University, Library"",""University Library, Cambridge"",""University of Cambridge, Cambridge University Library"",""University of Cambridge, Library"",""University of Cambridge, University Library""]}]",,,,,,,,,,,,,,,"[{""note"":""On the front paste-down and in Cambridge catalogue (153r): `C. nu. 32.' in black ink"",""pattern"":""43""}]",,,,,1,
02010644-p007,02010644,7,1664,,17,a,o,,e,"This book is described in the catalogue of the books returning from Cambridge in 1664 (LPL, Printed books, 1684-1691, LR/F/9).",e-uk,1,"London, Lambeth Palace Library",3462,R399,corporate,1610 -,http://thesaurus.cerl.org/record/cnc00021687,"[{""characterisation"":[""rel""],""dates"":""1610 - "",""externalId"":[""http://thesaurus.cerl.org/record/cnc00021687""],""name"":""London, Lambeth Palace Library"",""ownerId"":""3462"",""role"":""R399"",""type"":""corporate""}]",,,,,,,,,,,,,,Octagonal stamp of `Bibliotheca Lambethana' in black ink,"[{""note"":""In the catalogue (f. 18r): `7. T. 1.'"",""pattern"":""40""}]",,,,,1,
00559194-p001,00559194,1,,,,,,,,,,1,"Madden, John Patrick Auguste",2733,R390,person,1808-1889,"http://thesaurus.cerl.org/record/cnp01101423 | https://aeolus.bodleian.ox.ac.uk/collections/incunables/provenances_for_mei.xml#xpointer(//*[@id=""2258""])","[{""dates"":""1808-1889"",""externalId"":[""http://thesaurus.cerl.org/record/cnp01101423"",""https://aeolus.bodleian.ox.ac.uk/collections/incunables/provenances_for_mei.xml#xpointer(//*[@id=\""2258\""])""],""name"":""Madden, John Patrick Auguste"",""ownerId"":""2733"",""role"":""R390"",""type"":""person"",""variants"":[""Madden, Jean-Patrice-Auguste"",""Madden, John Patrick Auguste""]}]",,,,,,,,,,,,,,,,,,,,0,
00559194-p002,00559194,2,,,,a,,,,"Inc.7.A.4.1[342]:  Provenance:  Inscribed 'Hinricus Recharen [?]' on leaf n8 verso, 16th century.  Inscribed 'Phillipps's sale, 1869, lot 57' (Bradshaw's note in lower right corner of upper pastedown) and no. '57' on paper spine label.  Bought of CJ Stewart on 28 June 1869 through the Rustat Fund. UkCU,Inc.7.A.4.1[343]:  Provenance:  Jean Patrice August Madden, his bookplate with motto 'Torcular calcavi solus' and stamped number '899146' on upper pastedown.  Madden's sale, Versailles,14-22 April 1890, lot 1027.3, ('no 1027.3' in pencil on bookplate and on inserted paper slip).",e-uk-en,1,Cambridge University Library,3463,R390,corporate,,http://thesaurus.cerl.org/record/cnc00002301,"[{""characterisation"":[""noc""],""externalId"":[""http://thesaurus.cerl.org/record/cnc00002301""],""name"":""Cambridge University Library"",""ownerId"":3463,""professionOrType"":[""lib""],""role"":""R390"",""type"":""corporate"",""variants"":[""Cambridge, University, Library"",""University Library, Cambridge"",""University of Cambridge, Cambridge University Library"",""University of Cambridge, Library"",""University of Cambridge, University Library""]}]",,,,,,,,,,,,,,,,,,,,1,
02010646-p001,02010646,1,1481,1500,15,a,l,a,,,,0,,,,,,,,,,,,,,,,,Initials are supplied in red (partly oxidised). ,,,,,,,,,,0,
02010646-p002,02010646,2,,,,a,m,a,,,,0,,,,,,,,,,,,,,,,,,,,"16th century, anonymous, mss notes (from palaeographical evidence). ",,,,,,,0,"{""msFrequency"":""a""}"
02010646-p003,02010646,3,1501,1600,16,a,a,,,On the last leaf: erased inscription `Roberti Plerker? [...]' in light-brown ink,e-uk,0,,,,,,,,,,,,,,,,,,,,,,,,,,,0,
02010646-p004,02010646,4,1581,1610,16 | 17,a,n,,,"This book is described in the catalogue of Whitgift's library (LPL, MS Film 21, f. 172).",e-uk,1,"Whitgift, John <Archbishop of Canterbury>",3522,R390,person,1530 - 1604,http://thesaurus.cerl.org/record/cnp00552955,"[{""characterisation"":[""rel""],""dates"":""1530 - 1604"",""externalId"":[""http://thesaurus.cerl.org/record/cnp00552955""],""gender"":""1002"",""name"":""Whitgift, John <Archbishop of Canterbury>"",""ownerId"":""3522"",""role"":""R390"",""type"":""person"",""variants"":[""Whitgifte, John""]}]",Gold-tooled Arms of John Whitgift on both covers,t,c,e,b,g,,,,,,,,,,,,,,1,"{""edges"":""b"",""gauffered"":""d"",""titling"":[""b""],""tooling"":""b"",""writingOnEdges"":""d""}"
02010646-p005,02010646,5,1601,1610,17,a,n,,a,"This book is described in the catalogue of Bancroft's library (LPL, LR/F/1, f. 33r). He probably bought it in agreement with Whitgift's relatives after the latter's death (see: David Pearson, The Libraries of English Bishops, 1600-40, in: The Library, 6th ser., XIV (1992), p. 256). ",e-uk,1,"Bancroft, Richard",3464,R390,person,1544 - 1610,http://thesaurus.cerl.org/record/cnp01306934,"[{""characterisation"":[""rel""],""dates"":""1544 - 1610"",""externalId"":[""http://thesaurus.cerl.org/record/cnp01306934""],""gender"":""1002"",""name"":""Bancroft, Richard"",""note"":""Archbishop of Canterbury (1604 - 1610)"",""ownerId"":""3464"",""role"":""R390"",""type"":""person""}]",,,,,,,,,,,,,,,,,,,,1,
02010646-p006,02010646,6,1601,1650,17,a,n,,c,This book was bequeathed by Bancroft to Lambeth Palace Library that he founded in 1610 according to his will.  ,e-uk,1,"London, Lambeth Palace Library",3462,R390,corporate,1610 -,http://thesaurus.cerl.org/record/cnc00021687,"[{""characterisation"":[""rel""],""dates"":""1610 - "",""externalId"":[""http://thesaurus.cerl.org/record/cnc00021687""],""name"":""London, Lambeth Palace Library"",""ownerId"":""3462"",""role"":""R390"",""type"":""corporate""}]",,,,,,,,,,,,,,,,,,,,1,
02010646-p007,02010646,7,1641,1670,17,a,o,a,e,The shelfmark indicates that this book was kept in Cambridge from 1648/9 to 1664. ,e-uk,1,Cambridge University Library,3463,R390,corporate,,http://thesaurus.cerl.org/record/cnc00002301,"[{""characterisation"":[""noc""],""externalId"":[""http://thesaurus.cerl.org/record/cnc00002301""],""name"":""Cambridge University Library"",""ownerId"":""3463"",""role"":""R390"",""type"":""corporate"",""variants"":[""Cambridge, University, Library"",""University Library, Cambridge"",""University of Cambridge, Cambridge University Library"",""University of Cambridge, Library"",""University of Cambridge, University Library""]}]",,,,,,,,,,,,,,,"[{""note"":""On the front paste-down and in Cambridge catalogue (153r): `C. nu. 32.' in black ink"",""pattern"":""43""}]",,,,,1,
02010646-p008,02010646,8,1661,,17,a,o,,e,"This book is described in the catalogue of the books returning from Cambridge in 1664 (LPL, Printed books, 1684-1691, LR/F/9).",e-uk,1,"London, Lambeth Palace Library",3462,R399,corporate,1610 -,http://thesaurus.cerl.org/record/cnc00021687,"[{""characterisation"":[""rel""],""dates"":""1610 - "",""externalId"":[""http://thesaurus.cerl.org/record/cnc00021687""],""name"":""London, Lambeth Palace Library"",""ownerId"":""3462"",""role"":""R399"",""type"":""corporate""}]",,,,,,,,,,,,,,Octagonal stamp of `Bibliotheca Lambethana' in black ink,"[{""note"":""In the catalogue (f. 18r): `7. T. 1.'"",""pattern"":""40""}]",,,,,1,
02010645-p001,02010645,1,1481,1500,15,a,l,a,,,,0,,,,,,,,,,,,,,,,,Initials are supplied in red (partly oxidised).,,,,,,,,,,0,
02010645-p002,02010645,2,,,,a,m,a,,,,0,,,,,,,,,,,,,,,,,,,,"16th century, anonymous, mss notes (from palaeographical evidence). ",,,,,,,0,"{""msFrequency"":""a""}"
02010645-p003,02010645,3,1581,1610,16 | 17,a,n,,,"This book is described in the catalogue of Whitgift's library (LPL, MS Film 21, f. 172).",e-uk,1,"Whitgift, John <Archbishop of Canterbury>",3522,R390,person,1530 - 1604,http://thesaurus.cerl.org/record/cnp00552955,"[{""characterisation"":[""rel""],""dates"":""1530 - 1604"",""externalId"":[""http://thesaurus.cerl.org/record/cnp00552955""],""gender"":""1002"",""name"":""Whitgift, John <Archbishop of Canterbury>"",""ownerId"":""3522"",""role"":""R390"",""type"":""person"",""variants"":[""Whitgifte, John""]}]",Gold-tooled Arms of John Whitgift on both covers,t,c,e,b,g,,,,,,,,,,,,,,1,"{""edges"":""b"",""gauffered"":""d"",""titling"":[""b""],""tooling"":""b"",""writingOnEdges"":""d""}"
02010645-p004,02010645,4,1601,1610,17,a,n,,a,"This book is described in the catalogue of Bancroft's library (LPL, LR/F/1, f. 33r). He probably bought it in agreement with Whitgift's relatives after the latter's death (see: David Pearson, The Libraries of English Bishops, 1600-40, in: The Library, 6th ser., XIV (1992), p. 256). ",e-uk,1,"Bancroft, Richard",3464,R390,person,1544 - 1610,http://thesaurus.cerl.org/record/cnp01306934,"[{""characterisation"":[""rel""],""dates"":""1544 - 1610"",""externalId"":[""http://thesaurus.cerl.org/record/cnp01306934""],""gender"":""1002"",""name"":""Bancroft, Richard"",""note"":""Archbishop of Canterbury (1604 - 1610)"",""ownerId"":""3464"",""role"":""R390"",""type"":""person""}]",,,,,,,,,,,,,,,,,,,,1,
02010645-p005,02010645,5,1601,1650,17,a,n,,c,This book was bequeathed by Bancroft to Lambeth Palace Library that he founded in 1610 according to his will.  ,e-uk,1,"London, Lambeth Palace Library",3462,R390,corporate,1610 -,http://thesaurus.cerl.org/record/cnc00021687,"[{""characterisation"":[""rel""],""dates"":""1610 - "",""externalId"":[""http://thesaurus.cerl.org/record/cnc00021687""],""name"":""London, Lambeth Palace Library"",""ownerId"":""3462"",""role"":""R390"",""type"":""corporate""}]",,,,,,,,,,,,,,,,,,,,1,
02010645-p006,02010645,6,1641,1670,17,a,o,a,e,The shelfmark indicates that this book was kept in Cambridge from 1648/9 to 1664. ,e-uk,1,Cambridge University Library,3463,R390,corporate,,http://thesaurus.cerl.org/record/cnc00002301,"[{""characterisation"":[""noc""],""externalId"":[""http://thesaurus.cerl.org/record/cnc00002301""],""name"":""Cambridge University Library"",""ownerId"":""3463"",""role"":""R390"",""type"":""corporate"",""variants"":[""Cambridge, University, Library"",""University Library, Cambridge"",""University of Cambridge, Cambridge University Library"",""University of Cambridge, Library"",""University of Cambridge, University Library""]}]",,,,,,,,,,,,,,,"[{""note"":""On the front paste-down and in Cambridge catalogue (153r): `C. nu. 32.' in black ink"",""pattern"":""43""}]",,,,,1,
02010645-p007,02010645,7,1661,,17,a,o,,e,"This book is described in the catalogue of the books returning from Cambridge in 1664 (LPL, Printed books, 1684-1691, LR/F/9).",e-uk,1,"London, Lambeth Palace Library",3462,R399,corporate,1610 -,http://thesaurus.cerl.org/record/cnc00021687,"[{""characterisation"":[""rel""],""dates"":""1610 - "",""externalId"":[""http://thesaurus.cerl.org/record/cnc00021687""],""name"":""London, Lambeth Palace Library"",""ownerId"":""3462"",""role"":""R399"",""type"":""corporate""}]",,,,,,,,,,,,,,Octagonal stamp of `Bibliotheca Lambethana' in black ink,"[{""note"":""In the catalogue (f. 18r): `7. T. 1.'"",""pattern"":""40""}]",,,,,1,
02176494-p001,02176494,1,1474,1511,15 | 16,b,k,a | g,g,,e-gw,1,"Cologne, binder, Drache I",00029724,R110,corporate,1474-1511,https://www.hist-einband.de/de/werkstattdetails.html?entityID=500951s,"[{""characterisation"":[""noc""],""dates"":""1474-1511"",""externalId"":[""https://www.hist-einband.de/de/werkstattdetails.html?entityID=500951s""],""name"":""Cologne, binder, Drache I"",""ownerId"":""00029724"",""professionOrType"":[""bkt""],""role"":""R110"",""type"":""corporate"",""variants"":[""Köln Drache Ia"",""Drachen I"",""Köln Brigittenkloster"",""Brigittenkloster L. b.""]}]","Calfskin binding over wood, with lines created by a scoring tool and blind-stamped with seven embossing stamps.",s,c,a,b,c,120,68,82,,,,,,,,,,15th/16th century,1,"{""edges"":""d"",""furniture"":""1"",""gauffered"":""d"",""titling"":[""c""],""tooling"":""a"",""writingOnEdges"":""d""}"
02176494-p002,02176494,2,1486,1500,15,a,l,a,g,Dates assumed,e-gx,1,"Anonymous rubricator, Germany",00027870,R680,person,1486-1500,,"[{""characterisation"":[""unk""],""dates"":""1486-1500"",""gender"":""1003"",""name"":""Anonymous rubricator, Germany"",""ownerId"":""00027870"",""professionOrType"":[""unk""],""role"":""R680"",""type"":""person""}]",,,,,,,,,,,"Rubrication with red ink: pen initials, paragraph signs",,,,,,,,15th century,1,"{""hasPenInitials"":""1"",""hasRubrication"":""1""}"
02176494-p003,02176494,3,1852,,19,a,a | h | o,a,,No information about purchase or donation in GNM library accession journal.,e-gx,1,"Nürnberg, Germanisches Nationalmuseum",00033981,R399,corporate,1852-,https://explore.gnd.network/gnd/36441-1 | http://data.cerl.org/thesaurus/cnc00036568,"[{""characterisation"":[""noc""],""dates"":""1852-"",""externalId"":[""https://explore.gnd.network/gnd/36441-1"",""http://data.cerl.org/thesaurus/cnc00036568""],""gender"":""1003"",""name"":""Nürnberg, Germanisches Nationalmuseum"",""ownerId"":""00033981"",""professionOrType"":[""mus""],""role"":""R399"",""type"":""corporate"",""variants"":[""Nuremberg, Germanisches National Museum""]}]",,,,,,,,,,,,,,,,,,,[1851?-],1,
02115001-p001,02115001,1,,,,a,,,,,e-au,1,"Wien, Österreichische  Nationalbibliothek",2839,R399,corporate,,http://thesaurus.cerl.org/record/cnc00020465 | https://aeolus.bodleian.ox.ac.uk/collections/incunables/provenances_for_mei.xml#xpointer(//*[@id= | https://www.onb.ac.at/en/about-us/650th-anniversary/timeline/,"[{""characterisation"":[""noc""],""externalId"":[""http://thesaurus.cerl.org/record/cnc00020465"",""https://aeolus.bodleian.ox.ac.uk/collections/incunables/provenances_for_mei.xml#xpointer(//*[@id="",""https://www.onb.ac.at/en/about-us/650th-anniversary/timeline/""],""name"":""Wien, Österreichische  Nationalbibliothek"",""ownerId"":2839,""professionOrType"":[""lib""],""role"":""R399"",""type"":""corporate"",""variants"":[""Wien, Österreichische Nationalbibliothek"",""Vienne (Autriche), Österreichische Nationalbibliothek"",""Vienna, Hofbibliothek"",""Vienna, Bibliotheca Regia"",""Vienna, Österreichische Nationalbibliothek""]}]",,,,,,,,,,,,,,,,,,,,1,
00559196-p001,00559196,1,,,,a,,,,,e-uk-en,1,Cambridge University Library,3463,R390,corporate,,http://thesaurus.cerl.org/record/cnc00002301,"[{""characterisation"":[""noc""],""externalId"":[""http://thesaurus.cerl.org/record/cnc00002301""],""name"":""Cambridge University Library"",""ownerId"":3463,""professionOrType"":[""lib""],""role"":""R390"",""type"":""corporate"",""variants"":[""Cambridge, University, Library"",""University Library, Cambridge"",""University of Cambridge, Cambridge University Library"",""University of Cambridge, Library"",""University of Cambridge, University Library""]}]",Inc.6.C.1.5[2333]: Binding: Nineteenth-century full olive grained morocco; turn-ins gilt rolled; spine direct-lettered in gilt: Horologium devotionis.,,,,,,,,,"Inc.6.C.1.5[2333]: Decoration: Red initials and red paragraph marks , capial strokes and underlining throughout; extensive staining from rubricator's ink on sig. e4v; first three woodcuts crudely stained in yellow. Item number one in volume, bound with ISTC im00432000 (Meditationes de vita et beneficiis Jesu Christi, sive Gratiarum actiones ([Basel: Johann Amerbach and Johann Petri de Langendorff, not after 1489]). UkCU,Inc.5.C.1.5[2335]: Decoration: red and blue initials; red paragraph marks, capital strokes and underlining throughout. Item number two in volume; bound with ISTC im00432000 (Meditationes de vita et beneficiis Jesu Christi, sive Gratiarum actiones ([Basel: Johann Amerbach and Johann Petri de Langendorff, not after 1489])) and ISTC ig00177000 (Gerardus de Zutphania De spiritualibus ascensionibus ([Basel: Johann Amerbach and Johann Petri de Langendorff, not after 1489])).",,,,,,,,,,1,
02135612-p001,02135612,1,,,,,,,,,,1,Universitätsbibliothek Tübingen,00028883,R399,,,https://thesaurus.cerl.org/cgi-bin/record.pl?rid=cnc00025088 | https://thesaurus.cerl.org/cgi-bin/record.pl?rid=cnc00005655 | https://thesaurus.cerl.org/cgi-bin/record.pl?rid=cnc00013333,"[{""externalId"":[""https://thesaurus.cerl.org/cgi-bin/record.pl?rid=cnc00025088"",""https://thesaurus.cerl.org/cgi-bin/record.pl?rid=cnc00005655"",""https://thesaurus.cerl.org/cgi-bin/record.pl?rid=cnc00013333""],""name"":""Universitätsbibliothek Tübingen"",""ownerId"":""00028883"",""role"":""R399"",""variants"":[""Tübingen, Universitätsbibliothek "","" Tuebingen UB"",""Tübingen, Eberhard-Karls-Universität"",""Tubingen UB""]}]",,,,,,,,,,,,,,,,,,,,1,
02138264-p001,02138264,1,,,,,,,,"abdij van Tegernsee (volgens de veilingcatalogus ‘on lit sur les gardes ‘‘Attinet magistro de Gernsee, 1496’’ ’. Deze inscriptie, nu niet meer aanwezig, moet gelezen worden als ‘attinet monasterio Tegernsee’); Hofbibliothek München (zie A-1163).",,0,,,,,,,,,,,,,,,,,,,,,,,,,,,1,
02138264-p002,02138264,2,,,,,,,,,e-ne,1,"Westreenen van Tiellandt, Willem Hendrik Jacob van",00016628,R390,person,,http://thesaurus.cerl.org/record/cnp01397346 | http://thesaurus.cerl.org/record/cnp02141281 | http://thesaurus.cerl.org/record/cnp01259036,"[{""externalId"":[""http://thesaurus.cerl.org/record/cnp01397346"",""http://thesaurus.cerl.org/record/cnp02141281"",""http://thesaurus.cerl.org/record/cnp01259036""],""name"":""Westreenen van Tiellandt, Willem Hendrik Jacob van"",""ownerId"":""00016628"",""professionOrType"":[""lic""],""role"":""R390"",""type"":""person"",""variants"":[""Westreenen Van Tiellandt, Willem Hendrik Jacob van"",""Westreenen Van Tiellandt, Willem Hendrik Jacob Baron van""]}]",,,,,,,,,,,,,,,,,,,,1,
02138264-p003,02138264,3,,,,,,,,"Verwerving: veiling P***, Parijs, R. Merlin (CP: Fournel), 13-2-1839, lot 10, 5 francs. Via boekhandel Tilliard, Parijs (AR 14-3-1839, FA 157/003r). / Beschrijving: catalogue FA 136/156.",e-ne,1,Museum Meermanno | Huis van het boek,00016814,R399,corporate,,,"[{""name"":""Museum Meermanno | Huis van het boek"",""ownerId"":""00016814"",""professionOrType"":[""lib""],""role"":""R399"",""type"":""corporate"",""variants"":[""The Hague, Museum Meermanno "",""Museum Meermanno-Westreenianum"",""Museum Meermanno | Huis van het Boek""]}]","bij aankoop (1) in convoluut met (2) A-1163, (3) A-0545, (4) A-0758, ex. 2 en (5) -A-1033. Door W. Carbentus werd de inhoud van het convoluut over drie banden verdeeld: (1) A-0238 in convoluut met (2) A-1163 en (3) A-0545; (4) A-0758, ex. 2 en (5) A-1033 ieder apart.",,,,,,,,,,,,,,,,,,,1,
00201811-p001,00201811,1,,,,b,l,b,,,,0,,,,,,,,,,,,,,,,,Silografia colorata,,,,,,,,,,0,"{""hasIllustrationsByHand"":1}"
00201811-p002,00201811,2,,,,b,u,b,,,e-it,1,"Mantova, Francescani, San Francesco, OFM",00010197,R390,corporate,XIV sec.-1805,,"[{""characterisation"":[""rel""],""dates"":""XIV sec.-1805"",""name"":""Mantova, Francescani, San Francesco, OFM"",""ownerId"":""00010197"",""professionOrType"":[""cle""],""role"":""R390"",""type"":""corporate"",""variants"":[""Mantua, Franciscans, St Francis, OFM""]}]",,,,,,,,,,,,,,,,,,,,1,
00201811-p003,00201811,3,1901,2000,20,b,,b,,,e-it,0,,,,,,,,Legatura di restauro,x,c,,a,g,,,,,,,,,"[{""note"":""V.A.6.""}]",,,,,0,
02128157-p001,02128157,1,1490,1550,15 | 16,a,l,a,x,,,0,,,,,,,,,,,,,,,,,"Iniziali, segni di paragrafo e maiuscole toccate in rosso; silografie acquerellate.",,,,,,,,,,0,"{""hasIllustrationsByHand"":""1"",""hasPenInitials"":""1""}"
02128157-p002,02128157,2,1501,1782,16 | 17 | 18,,,,,,e-it,1,"Monastero di Santa Maria Agnus Dei e Sant'Ambrogio, Garegnano",1275,R390,corporate,1349-1782,,"[{""characterisation"":[""rel""],""dates"":""1349-1782"",""name"":""Monastero di Santa Maria Agnus Dei e Sant'Ambrogio, Garegnano"",""ownerId"":""1275"",""professionOrType"":[""rei""],""role"":""R390"",""type"":""corporate"",""variants"":[""Garegnano (Milan0), Certosini, Santa Maria Agnus Dei e Sant'Ambrogio, OCart""]}]",,,,,,,,,,,,,,,,,,,,1,
02128157-p003,02128157,3,1782,,18,a,,a,,,e-it,1,"Milano, Biblioteca Nazionale Braidense",2832,R399,corporate,1770-,http://thesaurus.cerl.org/record/cnc00011849,"[{""characterisation"":[""noc""],""dates"":""1770-"",""externalId"":[""http://thesaurus.cerl.org/record/cnc00011849""],""name"":""Milano, Biblioteca Nazionale Braidense"",""ownerId"":""2832"",""professionOrType"":[""lib""],""role"":""R399"",""type"":""corporate"",""variants"":[""Imperial Regia Bibliotheca Mediolanensis""]}]",,,,,,,,,,,,,,,,,,,,1,
02013740-p001,02013740,1,1490,1500,15,a,k | l,a | c,,,e-gx,0,,,,,,,,"Contemporary calf (rebacked), ruled and blocked in blind, with four impressions -- two on each cover -- of historiated block (52 x 77 mm.) bordered with text: Deus det nobis suam pacem et post mortem vitam eternam. Amen; silk ties at fore-edge. Identified as German by Scott Husby; not found in EBDB.",s,c,e,b,g,161,117,15,,"Initials added in alternating red and blue (one large one in red and blue, ""puzzle"" style); paragraph marks and underlining in red.",15th century,,,,,,,,0,"{""edges"":""d"",""furniture"":1,""gauffered"":""d"",""hasPenInitials"":1,""hasRubrication"":1,""titling"":[""z""],""tooling"":""a"",""writingOnEdges"":""d""}"
02013740-p002,02013740,2,1940,1945,20,a,a,a | c,,With Adler's signature and date 1940.,n-us-nj,1,"Adler, Elmer",4732,R320,person,1884-1962,http://thesaurus.cerl.org/record/cnp01882316,"[{""characterisation"":[""noc""],""dates"":""1884-1962"",""externalId"":[""http://thesaurus.cerl.org/record/cnp01882316""],""gender"":1002,""name"":""Adler, Elmer"",""ownerId"":4732,""professionOrType"":[""ule""],""role"":""R320"",""type"":""person""}]",,,,,,,,,,,,,,,,,,,,1,
02013740-p003,02013740,3,1945,,20,a,e,a | c,b,Gift of Elmer Adler.,n-us-nj,1,Princeton University Library,3530,R399,corporate,1750-,http://thesaurus.cerl.org/record/cnc00019995 | http://library.princeton.edu/about/history,"[{""characterisation"":[""noc""],""dates"":""1750-"",""externalId"":[""http://thesaurus.cerl.org/record/cnc00019995"",""http://library.princeton.edu/about/history""],""name"":""Princeton University Library"",""ownerId"":3530,""professionOrType"":[""uni""],""role"":""R399"",""type"":""corporate""}]",,,,,,,,,,,,,,,,,,,,1,
00202805-p001,00202805,1,1801,1900,19,,,,," Provenance: Purchased at sale, Catalogue of Books and Manuscripts . . . (London: Christie, Manson, and Woods, 30 July 1889), lot 6, for £1. 1. 0.",,1,"Anonymous sale, 1889: Catalogue of Books and Manuscripts...",00011178,,per,1889 - 1889,https://aeolus.bodleian.ox.ac.uk/collections/incunables/provenances_for_mei.xml#xpointer(//*[@id=,"[{""dates"":""1889 - 1889"",""externalId"":[""https://aeolus.bodleian.ox.ac.uk/collections/incunables/provenances_for_mei.xml#xpointer(//*[@id=""],""name"":""Anonymous sale, 1889: Catalogue of Books and Manuscripts..."",""note"":""(London: Christie, Manson, and Woods, 30 July 1889)."",""ownerId"":""00011178"",""type"":""per"",""variants"":[""London, Anonymous sale, 1889""]}]",,,,,,,,,,,,,,,,,,,,0,
00202805-p002,00202805,2,,,,,,,,,e-uk,1,"Oxford, Bodleian library",4209,,corporate,1602 -,http://thesaurus.cerl.org/record/cnc00013057,"[{""characterisation"":[""noc""],""dates"":""1602 -"",""externalId"":[""http://thesaurus.cerl.org/record/cnc00013057""],""name"":""Oxford, Bodleian library"",""ownerId"":4209,""professionOrType"":[""uni""],""type"":""corporate""}]",,,,,,,,,,,,,,,,,,,,1,
02152090-p001,02152090,1,1490,1500,15,a,m,a,,,ew,1,"Anonymous Annotator, Switzerland or Germany",00037857,R020,person,1490-1500,,"[{""characterisation"":[""unk""],""dates"":""1490-1500"",""gender"":""1003"",""name"":""Anonymous Annotator, Switzerland or Germany"",""ownerId"":""00037857"",""professionOrType"":[""unk""],""role"":""R020"",""type"":""person""}]",,,,,,,,,,,,,Marginal notes and manicule on leaf f6r-v only.,,,,,,,1,"{""hasMsComments"":""1"",""hasMsExtractedKeywords"":""1"",""hasMsReadingMarks"":""1"",""msFrequency"":""a"",""msLocation"":""d""}"
02152090-p002,02152090,2,1500,1525,15 | 16,a,l,a,,,ew,1,"Anonymous rubricator, Switzerland or Germany",00037858,R680,person,1500-1525,,"[{""characterisation"":[""unk""],""dates"":""1500-1525"",""gender"":""1003"",""name"":""Anonymous rubricator, Switzerland or Germany"",""ownerId"":""00037858"",""professionOrType"":[""unk""],""role"":""R680"",""type"":""person""}]",,,,,,,,,,Woodcut on d8r colored; other woodcuts uncolored.,"Initials, paragraph marks, capital strokes, and underlining added in red on leaves d1.8 only.",Early 16th century?,,,,,,,,1,"{""hasIllustrationsByHand"":""1"",""hasPartialRubrication"":""1"",""hasPenInitials"":""1""}"
02152090-p003,02152090,3,1875,1890,19,a,s,a,,"Remains of a clipped bookseller's description on front free endleaf 2r, with item number ""7818"". Dates conjectural.",e-uk-en,1,"Anonymous bookseller, England",00025770,R160,person,1875-1890,,"[{""characterisation"":[""noc""],""dates"":""1875-1890"",""gender"":""1002"",""name"":""Anonymous bookseller, England"",""ownerId"":""00025770"",""professionOrType"":[""bkt""],""role"":""R160"",""type"":""person""}]",,,,,,,,,,,,,,,,,,,,1,
02152090-p004,02152090,4,1890,1910,19 | 20,a,k | m,a,a,"Erased note of prices for purchase and binding on front free endleaf 2r, partially legible: ""Paid 5/[13?]/[9?] Book £[2?/---] Binding [---]"". Dates conjectural.",e-uk-en,2,"Anonymous, England | London, J. & J. Leighton",00037859 | 3536,R390 | R110,person | corporate,1819 - 1937,http://thesaurus.cerl.org/record/cnc00020540,"[{""characterisation"":[""unk""],""gender"":""1003"",""name"":""Anonymous, England"",""ownerId"":""00037859"",""professionOrType"":[""unk""],""role"":""R390"",""type"":""person""},{""characterisation"":[""noc""],""dates"":""1819 - 1937"",""externalId"":[""http://thesaurus.cerl.org/record/cnc00020540""],""name"":""London, J. & J. Leighton"",""ownerId"":""3536"",""professionOrType"":[""bkt""],""role"":""R110"",""type"":""corporate""}]","Full dark reddish brown goatskin; gilt spine title; board edges with a single gold rule; turn-ins with gold and blind rules; all edges gilt; stamp on front pastedown: ""Leighton Brewer St"".",w,c,b,b,g,161,112,11,,,,,,,2,GBP,Price partially erased.,,1,"{""edges"":""a"",""furniture"":""0"",""gauffered"":""d"",""titling"":[""b""],""tooling"":""c"",""writingOnEdges"":""d""}"
02152090-p005,02152090,5,1917,1917,20,a,s,e,,"Item 1929 in part 2 of the Leighton catalogue, ""Early printed books arranged by presses""; offered for £12.",e-uk-en,1,"London, J. & J. Leighton",3536,R160,corporate,1819 - 1937,http://thesaurus.cerl.org/record/cnc00020540,"[{""characterisation"":[""noc""],""dates"":""1819 - 1937"",""externalId"":[""http://thesaurus.cerl.org/record/cnc00020540""],""name"":""London, J. & J. Leighton"",""ownerId"":""3536"",""professionOrType"":[""bkt""],""role"":""R160"",""type"":""corporate""}]",,,,,,,,,,,,,,,,12,GBP,Offering price; not that which was paid by Leighton.,,1,
02152090-p006,02152090,6,1917,1921,20,a,r | s,a | g,,"Martini's collation note on front pastedown: ""Collated complete J. Martini"".  Item 75 in his catalogue 17, offered at $135; that price is also on the front pastedown, erased but legible, underneath a line below ""MCN.-"" (gives the appearance of a price code, but questionable, given the offering and discounted sale prices). Sold to Alfred Clark Chapin, 30 April 1921, at the discounted price of $120.",n-us,1,"Martini, Giuseppe",3532,R160,person,1870 - 1944,http://thesaurus.cerl.org/record/cnp01257482 | https://aeolus.bodleian.ox.ac.uk/collections/incunables/provenances_for_mei.xml#xpointer(//*[@id= | https://lccn.loc.gov/nr99009017,"[{""characterisation"":[""noc""],""dates"":""1870 - 1944"",""externalId"":[""http://thesaurus.cerl.org/record/cnp01257482"",""https://aeolus.bodleian.ox.ac.uk/collections/incunables/provenances_for_mei.xml#xpointer(//*[@id="",""https://lccn.loc.gov/nr99009017""],""gender"":""1002"",""name"":""Martini, Giuseppe "",""ownerId"":""3532"",""professionOrType"":[""bkt""],""role"":""R160"",""type"":""person"",""variants"":[""Martini, Joseph""]}]",,,,,,,,,,,,,,,,,,,,1,
02152090-p007,02152090,7,,1923,15 | 16 | 17 | 18 | 19 | 20,a,s,a | c | g,a,"Purchased from Martini, 30 April 1921, for $120.",n-us-ny,1,"Chapin, Alfred Clark",00016191,R320,person,1848-1936,https://specialcollections.williams.edu/chapin/alfred-clark-chapin-1848-1936/ | https://lccn.loc.gov/n2020027093 | https://en.wikipedia.org/wiki/Alfred_C._Chapin,"[{""characterisation"":[""noc""],""dates"":""1848-1936"",""externalId"":[""https://specialcollections.williams.edu/chapin/alfred-clark-chapin-1848-1936/"",""https://lccn.loc.gov/n2020027093"",""https://en.wikipedia.org/wiki/Alfred_C._Chapin""],""gender"":""1002"",""name"":""Chapin, Alfred Clark"",""ownerId"":""00016191"",""professionOrType"":[""pol""],""role"":""R320"",""type"":""person""}]",,,,,,,,,,,,,,,,120,U.S. dollars,,,1,
02152090-p008,02152090,8,1923,,20,a,e | s,a | c | g,b,"The gift of Alfred Clark Chapin at the founding of the Chapin Library at Williams College, February 1923.  Bookplate of the Chapin Library.",n-us-ma,1,"Williamstown MA, Williams College",00016195,R399,corporate,1793-,,"[{""characterisation"":[""noc""],""dates"":""1793-"",""name"":""Williamstown MA, Williams College"",""ownerId"":""00016195"",""professionOrType"":[""uni""],""role"":""R399"",""type"":""corporate"",""variants"":[""Williamstown MA, Williams College, Chapin Library""]}]",,,,,,,,,,,,,,,,,,,,1,
02133844-p001,02133844,1,,1568,15 | 16,a,a,a,,"Handschriftlicher Vermerk: ""Erhardus Hirsiger""; handschriftliche Notiz Ende 15. Jh. auf dem Vorderspiegel (""her gabriel ..."", erster Vorbesitzer?)",e-sz,1,"Hirsinger, Erhard",00027929,R390,person,-1568,http://d-nb.info/gnd/1166900002,"[{""dates"":""-1568"",""externalId"":[""http://d-nb.info/gnd/1166900002""],""name"":""Hirsinger, Erhard"",""ownerId"":""00027929"",""role"":""R390"",""type"":""person""}]","Rotgefärbtes Schafleder mit Streicheisenlinien auf Holzdeckeln, Blindprägung: Lilienpalmette in Raute und Schriftband ""ave maria"", eine Metallschliesse (Architekturmotiv, Buchstaben ""ar"")",,,,,,,,,,"Rubriziert, rote Lombarden und Paragraphzeichen, Holzschnitte koloriert (Rot-, Gelb- und Grüntöne)",,,,,,,,,1,
02133844-p002,02133844,2,,,,a,a,a,a,"Handschriftlicher Besitzvermerk auf Titelseite: ""Sum Guilielmi Tryphaei Lucernensis. Emptus Salodori apud insigne equi ...""",e-sz,1,"Bletz, Hugo Wilhelmus",00028051,R390,person,1538-1600,http://d-nb.info/gnd/1031550445,"[{""dates"":""1538-1600"",""externalId"":[""http://d-nb.info/gnd/1031550445""],""name"":""Bletz, Hugo Wilhelmus"",""ownerId"":""00028051"",""role"":""R390"",""type"":""person""}]",,,,,,,,,,,,,,,,,,,,1,
02133844-p003,02133844,3,,1874,15 | 16 | 17 | 18 | 19,a,e,a,,Exlibris der Kapitelbibliothek (Wegmann 6641),e-sz,1,Stift St. Ursus Solothurn,00027884,R390,corporate,,http://d-nb.info/gnd/105266587X | https://www.helvetiasacra.ch/fr/database/114 | http://www.hls-dhs-dss.ch/textes/i/I12122.php,"[{""externalId"":[""http://d-nb.info/gnd/105266587X"",""https://www.helvetiasacra.ch/fr/database/114"",""http://www.hls-dhs-dss.ch/textes/i/I12122.php""],""name"":""Stift St. Ursus Solothurn"",""ownerId"":""00027884"",""role"":""R390"",""type"":""corporate"",""variants"":[""Solothurn, Stift St. Ursus "",""Soleure, Chapitre collégial, S. Ours"",""Soleure, Chapitre cathédral"",""Solothurn, Kollegiatstift"",""Solothurn, Domkapitel"",""Solothurn, Collegial chapter"",""Solothurn, Cathedral chapter""]}]",,,,,,,,,,,,,,,,,,,,1,
02133844-p004,02133844,4,1883,1930,19 | 20,a,,c,,,e-sz,1,Kantonsbibliothek Solothurn,00027885,R390,corporate,,http://d-nb.info/gnd/5049329-2,"[{""externalId"":[""http://d-nb.info/gnd/5049329-2""],""name"":""Kantonsbibliothek Solothurn"",""ownerId"":""00027885"",""role"":""R390"",""type"":""corporate"",""variants"":[""Solothurn, Kantonsbibliothek"",""Solothurn, Kantonsbibliothek""]}]",,,,,,,,,,,,,,,,,,,,1,
02133844-p005,02133844,5,1930,,20,a,,a,e,,e-sz,1,Zentralbibliothek Solothurn,00027859,R399,corporate,,,"[{""name"":""Zentralbibliothek Solothurn"",""ownerId"":""00027859"",""professionOrType"":[""lib""],""role"":""R399"",""type"":""corporate"",""variants"":[""Solothurn, Zentralbibliothek""]}]", ,,,,,,,,,,,,,,,,,,,1,
02128155-p001,02128155,1,1489,1550,15 | 16,a,l | m,a,x,,,0,,,,,,,,,,,,,,,,,"Iniziali, segni di paragrafo e maiuscole toccate in rosso.",,,Sporadici notabilia della medesima mano responsabile delle iniziali a inchiostro rosso.,,,,,,,0,"{""hasMsExtractedKeywords"":""1"",""hasMsReadingMarks"":""1"",""hasMsStructuring"":""1"",""hasPenInitials"":""1"",""msFrequency"":""a"",""msLocation"":""c""}"
02128155-p002,02128155,2,1501,1600,16,a,k,a,x,,,0,,,,,,,,"Legatura cinquecentesca in piena pelle su piatti in cartone; una cornice esterna decorata a motivi antiquari; nello specchio tre bande giustapposte, di cui la centrale riprende gli stessi fregi della cornice esterna. Tracce di due legacci non conservati.",t,c,a,b,g,150,120,32,,,,,,,,,,,0,"{""edges"":""d"",""furniture"":""1"",""gauffered"":""d"",""titling"":[""z""],""tooling"":""a"",""writingOnEdges"":""d""}"
02128155-p003,02128155,3,1501,1600,16,a,a,a,x,"Al contropiatto posteriore nota di possesso di mano cinquecentesca: ""Cartuusia [sic] Mediolani"".",e-it,1,"Monastero di Santa Maria Agnus Dei e Sant'Ambrogio, Garegnano",1275,R390,corporate,1349-1782,,"[{""characterisation"":[""rel""],""dates"":""1349-1782"",""name"":""Monastero di Santa Maria Agnus Dei e Sant'Ambrogio, Garegnano"",""ownerId"":""1275"",""professionOrType"":[""rei""],""role"":""R390"",""type"":""corporate"",""variants"":[""Garegnano (Milan0), Certosini, Santa Maria Agnus Dei e Sant'Ambrogio, OCart""]}]",,,,,,,,,,,,,,,,,,,,1,
02128155-p004,02128155,4,1782,,18,a,o,a,e,"Al contropiatto anteriore segnatura di collocazione ""AP. XIX. 10"" e altra nota ""Inv. 3199 a 3202 L."". Timbro della Biblioteca Braidense.",e-it,1,"Milano, Biblioteca Nazionale Braidense",2832,R399,corporate,1770-,http://thesaurus.cerl.org/record/cnc00011849,"[{""characterisation"":[""noc""],""dates"":""1770-"",""externalId"":[""http://thesaurus.cerl.org/record/cnc00011849""],""name"":""Milano, Biblioteca Nazionale Braidense"",""ownerId"":""2832"",""professionOrType"":[""lib""],""role"":""R399"",""type"":""corporate"",""variants"":[""Imperial Regia Bibliotheca Mediolanensis""]}]",,,,,,,,,,,,,,"Timbro ellissoidale a inchiostro rosso con sigla ""I R B M"" [Imperialis Regia Bibliotheca Mediolanensis] in uso dal 1780 al 1831.",,,,,,1,
02128158-p001,02128158,1,1491,1550,15 | 16,a,l,a,x,,,0,,,,,,,,,,,,,,,,,"Iniziali, segni di paragrafo e maiuscole toccate in rosso.",,,,,,,,,,0,
02128158-p002,02128158,2,1501,1782,16 | 17 | 18,a,,a,,,e-it,1,"Monastero di Santa Maria Agnus Dei e Sant'Ambrogio, Garegnano",1275,R390,corporate,1349-1782,,"[{""characterisation"":[""rel""],""dates"":""1349-1782"",""name"":""Monastero di Santa Maria Agnus Dei e Sant'Ambrogio, Garegnano"",""ownerId"":""1275"",""professionOrType"":[""rei""],""role"":""R390"",""type"":""corporate"",""variants"":[""Garegnano (Milan0), Certosini, Santa Maria Agnus Dei e Sant'Ambrogio, OCart""]}]",,,,,,,,,,,,,,,,,,,,1,
02128158-p003,02128158,3,1782,,18,a,,a,,,e-it,1,"Milano, Biblioteca Nazionale Braidense",2832,R399,corporate,1770-,http://thesaurus.cerl.org/record/cnc00011849,"[{""characterisation"":[""noc""],""dates"":""1770-"",""externalId"":[""http://thesaurus.cerl.org/record/cnc00011849""],""name"":""Milano, Biblioteca Nazionale Braidense"",""ownerId"":""2832"",""professionOrType"":[""lib""],""role"":""R399"",""type"":""corporate"",""variants"":[""Imperial Regia Bibliotheca Mediolanensis""]}]",,,,,,,,,,,,,,,,,,,,1,
02128156-p001,02128156,1,1489,1550,15 | 16,a,l,a,x,,,0,,,,,,,,,,,,,,,,,"Iniziali, segni di paragrafo e maiuscole toccate in rosso.",,,,,,,,,,0,"{""hasPenInitials"":""1""}"
02128156-p002,02128156,2,1501,1782,16 | 17 | 18,a,n,a,x,"Alla c. a1r, di mano seicentesca: >""Auctore R. Patre D. Dionijsio a Rickel carthusiano. Consule Theodorum Petreium in sua Bibliotheca Cartusiana fo. 68"",",e-it,1,"Monastero di Santa Maria Agnus Dei e Sant'Ambrogio, Garegnano",1275,R390,corporate,1349-1782,,"[{""characterisation"":[""rel""],""dates"":""1349-1782"",""name"":""Monastero di Santa Maria Agnus Dei e Sant'Ambrogio, Garegnano"",""ownerId"":""1275"",""professionOrType"":[""rei""],""role"":""R390"",""type"":""corporate"",""variants"":[""Garegnano (Milan0), Certosini, Santa Maria Agnus Dei e Sant'Ambrogio, OCart""]}]",,,,,,,,,,,,,,,,,,,,1,
02128156-p003,02128156,3,1782,,18,a,,a,,,e-it,1,"Milano, Biblioteca Nazionale Braidense",2832,R399,corporate,1770-,http://thesaurus.cerl.org/record/cnc00011849,"[{""characterisation"":[""noc""],""dates"":""1770-"",""externalId"":[""http://thesaurus.cerl.org/record/cnc00011849""],""name"":""Milano, Biblioteca Nazionale Braidense"",""ownerId"":""2832"",""professionOrType"":[""lib""],""role"":""R399"",""type"":""corporate"",""variants"":[""Imperial Regia Bibliotheca Mediolanensis""]}]",,,,,,,,,,,,,,,,,,,,1,
02115003-p001,02115003,1,,,,a,,,,,e-au,1,"Wien, Österreichische  Nationalbibliothek",2839,R399,corporate,,http://thesaurus.cerl.org/record/cnc00020465 | https://aeolus.bodleian.ox.ac.uk/collections/incunables/provenances_for_mei.xml#xpointer(//*[@id= | https://www.onb.ac.at/en/about-us/650th-anniversary/timeline/,"[{""characterisation"":[""noc""],""externalId"":[""http://thesaurus.cerl.org/record/cnc00020465"",""https://aeolus.bodleian.ox.ac.uk/collections/incunables/provenances_for_mei.xml#xpointer(//*[@id="",""https://www.onb.ac.at/en/about-us/650th-anniversary/timeline/""],""name"":""Wien, Österreichische  Nationalbibliothek"",""ownerId"":2839,""professionOrType"":[""lib""],""role"":""R399"",""type"":""corporate"",""variants"":[""Wien, Österreichische Nationalbibliothek"",""Vienne (Autriche), Österreichische Nationalbibliothek"",""Vienna, Hofbibliothek"",""Vienna, Bibliotheca Regia"",""Vienna, Österreichische Nationalbibliothek""]}]",,,,,,,,,,,,,,,,,,,,1,
00200716-p001,00200716,1,1520,1542,16,a,k,a | c,,"""Spes"" panel (Fogelmark variant A, without ""Charitas"") on both covers; Fogelmark argues that this variant was not used after 1542, and was first used in the 1520s.",e-be,1,"Pandelaert, Jacob",00010263,R110,person,,http://viaf.org/viaf/182573234,"[{""characterisation"":[""noc""],""externalId"":[""http://viaf.org/viaf/182573234""],""gender"":""1002"",""name"":""Pandelaert, Jacob"",""ownerId"":""00010263"",""professionOrType"":[""bkt""],""role"":""R110"",""type"":""person"",""variants"":[""I. P.""]}]","Walsh describes the binding as having the Spes panels mounted on modern boards, but they seem rather to be 16th-century boards, rebacked; pastedowns are leaves of a 13th-century Latin liturgical ms. on parchment, including neumes. Leather of front cover torn, repaired with stitching.",t,c,e,b,c,,,,,,,,,,,,,,1,"{""edges"":""d"",""furniture"":""0"",""gauffered"":""d"",""titling"":[""z""],""tooling"":""a"",""writingOnEdges"":""d""}"
00200716-p002,00200716,2,1933,1933,20,a,n,f,x,"Purchased by Philip Hofer from the Lucerne branch of Gilhofer and Ranschburg in 1933, according to his acquisition records.",e-sz,1,Gilhofer & Ranschburg,3658,R160,corporate,1884-,http://thesaurus.cerl.org/record/cnc00021688 | https://www.ilab.org/eng/booksellers_main_page/fiction/Gilhofer_Ranschburg.html | http://gilburg.com/abus1.php | https://inlibris.com/our-history/ | https://www.lexikon-provenienzforschung.org/gilhofer-und-ranschburg,"[{""characterisation"":[""noc""],""dates"":""1884-"",""externalId"":[""http://thesaurus.cerl.org/record/cnc00021688"",""https://www.ilab.org/eng/booksellers_main_page/fiction/Gilhofer_Ranschburg.html"",""http://gilburg.com/abus1.php"",""https://inlibris.com/our-history/"",""https://www.lexikon-provenienzforschung.org/gilhofer-und-ranschburg""],""name"":""Gilhofer & Ranschburg"",""ownerId"":""3658"",""professionOrType"":[""bkt""],""role"":""R160"",""type"":""corporate"",""variants"":[""Inlibris Gilhofer Nfg."",""Antiquariat Gilhofer"",""Gilhofer KG""]}]",,,,,,,,,,,,,,,,,,,,1,
00200716-p003,00200716,3,1933,1942,20,a,e,a | c,a,Hofer's booklabel on front pastedown.,n-us-ma,1,"Hofer, Philip",3566,R320,person,1898 - 1984,http://thesaurus.cerl.org/record/cnp01427434 | https://dictionaryofarthistorians.org/hoferp.htm,"[{""characterisation"":[""noc""],""dates"":""1898 - 1984"",""externalId"":[""http://thesaurus.cerl.org/record/cnp01427434"",""https://dictionaryofarthistorians.org/hoferp.htm""],""gender"":""1002"",""name"":""Hofer, Philip"",""ownerId"":""3566"",""professionOrType"":[""scl""],""role"":""R320"",""type"":""person""}]",,,,,,,,,,,,,,,,,,,,1,
00200716-p004,00200716,4,1942,,20,a,e,a | c,b,"Gift of Philip Hofer, 28 February 1942.",n-us-ma,1,Harvard College Library,3523,R399,corporate,1636-,http://thesaurus.cerl.org/record/cnc00007523,"[{""characterisation"":[""noc""],""dates"":""1636-"",""externalId"":[""http://thesaurus.cerl.org/record/cnc00007523""],""name"":""Harvard College Library"",""ownerId"":""3523"",""professionOrType"":[""uni""],""role"":""R399"",""type"":""corporate"",""variants"":[""Harvard Library"",""Bibliotheca Harvardiana, Cambridge, Mass."",""College Library, Cambridge, Mass."",""HCL"",""Harvard College Library, Cambridge, Mass."",""Harvard College, Cambridge, Mass., Bibliotheca Harvardiana"",""Harvard College, Cambridge, Mass., Harvard Library"",""Harvard College, Cambridge, Mass., Widener Library"",""Harvard University Library"",""Harvard University, College Library"",""Harvard University, Faculty of Arts and Sciences, Library"",""Harvard University, Cambridge, Mass., Bibliotheca Harvardiana"",""Harvard University, Cambridge, Mass., College Library"",""Harvard University, Cambridge, Mass., Faculty of Arts and Sciences, Library"",""Harvard University, Cambridge, Mass., Widener Library <Harvard College>"",""Widener Library, Cambridge, Mass., Harvard College""]}]",,,,,,,,,,,,,,,,,,,,1,
00559197-p001,00559197,1,,,,,,,,,,1,"Sandars, Samuel",00018468,R390,person,1837-1894,,"[{""dates"":""1837-1894"",""name"":""Sandars, Samuel"",""ownerId"":""00018468"",""role"":""R390"",""type"":""person""}]",,,,,,,,,,,,,,,,,,,,0,
00559197-p002,00559197,2,,,,a,,,,"Description of the volume from an unidentified English sale bound between upper free endpapers.  Samuel Sandars, his address with date '1893' on verso of first upper free endpaper.  Sandars bequest in 1894.",e-uk-en,1,Cambridge University Library,3463,R390,corporate,,http://thesaurus.cerl.org/record/cnc00002301,"[{""characterisation"":[""noc""],""externalId"":[""http://thesaurus.cerl.org/record/cnc00002301""],""name"":""Cambridge University Library"",""ownerId"":3463,""professionOrType"":[""lib""],""role"":""R390"",""type"":""corporate"",""variants"":[""Cambridge, University, Library"",""University Library, Cambridge"",""University of Cambridge, Cambridge University Library"",""University of Cambridge, Library"",""University of Cambridge, University Library""]}]","Blind-tooled green morocco over pasteboards, with marbled paper pastedowns and conjoint free endpapers, England, 19th century.",,,,,,,,,,,,,,,,,,,1,
00559198-p001,00559198,1,,,,,,,,,,1,"Stoltzin, Catharina",00018574,R390,person,15th cent.,,"[{""dates"":""15th cent."",""name"":""Stoltzin, Catharina"",""ownerId"":""00018574"",""role"":""R390"",""type"":""person""}]",,,,,,,,,,,,,,,,,,,,0,
00559198-p002,00559198,2,,,,,,,,,,1,"Bradshaw, Henry",00018465,R390,person,1831-1886,,"[{""dates"":""1831-1886"",""name"":""Bradshaw, Henry"",""ownerId"":""00018465"",""role"":""R390"",""type"":""person""}]",,,,,,,,,,,,,,,,,,,,0,
00559198-p003,00559198,3,,,,,,,,,,1,"Culemann, F. G. H. (Friedrich Georg Hermann)",3354,R390,person,1811-1886,http://thesaurus.cerl.org/record/cnp01448059 | https://archive.org/details/bub_gb_1WVbAAAAQAAJ/page/n7/mode/1up,"[{""dates"":""1811-1886"",""externalId"":[""http://thesaurus.cerl.org/record/cnp01448059"",""https://archive.org/details/bub_gb_1WVbAAAAQAAJ/page/n7/mode/1up""],""name"":""Culemann, F. G. H. (Friedrich Georg Hermann)"",""ownerId"":""3354"",""role"":""R390"",""type"":""person"",""variants"":[""Culemann, Friedrich Georg Hermann"",""Culemann, Friedrich G. Herm.""]}]",,,,,,,,,,,,,,,,,,,,0,
00559198-p004,00559198,4,,,,a,,,,Fifteenth-century MSS. annotation to verso of sig. a1 of first bound item: Catharina Stoltzin. Nineteenth-century printed book label to front pastedown: University Library Cambridge from the Library of Henry Bradshaw 1886. MSS. annotation in Bradshaw's hand on front flyleaf: Culemann sale (Sotheby's Feb. 10. 1870) Lot 583. Â£20.0.0. Annotation: Occasional contemporary annotation [cropped by binder] in first bound item (cf. quire B) and underlining throughout all three bound items.,e-uk-en,1,Cambridge University Library,3463,R390,corporate,,http://thesaurus.cerl.org/record/cnc00002301,"[{""characterisation"":[""noc""],""externalId"":[""http://thesaurus.cerl.org/record/cnc00002301""],""name"":""Cambridge University Library"",""ownerId"":""3463"",""professionOrType"":[""lib""],""role"":""R390"",""type"":""corporate"",""variants"":[""Cambridge, University, Library"",""University Library, Cambridge"",""University of Cambridge, Cambridge University Library"",""University of Cambridge, Library"",""University of Cambridge, University Library""]}]","Eighteenth-century full calf; double blind fillet to form a border; gilt tooled on inner hinge; rebacked, spine entirely replaced; direct-lettered in gilt.",,,,,,,,,,,,,,,,,,,1,
02115000-p001,02115000,1,,,,a,,,,,e-au,1,"Wien, Österreichische  Nationalbibliothek",2839,R399,corporate,,http://thesaurus.cerl.org/record/cnc00020465 | https://aeolus.bodleian.ox.ac.uk/collections/incunables/provenances_for_mei.xml#xpointer(//*[@id= | https://www.onb.ac.at/en/about-us/650th-anniversary/timeline/,"[{""characterisation"":[""noc""],""externalId"":[""http://thesaurus.cerl.org/record/cnc00020465"",""https://aeolus.bodleian.ox.ac.uk/collections/incunables/provenances_for_mei.xml#xpointer(//*[@id="",""https://www.onb.ac.at/en/about-us/650th-anniversary/timeline/""],""name"":""Wien, Österreichische  Nationalbibliothek"",""ownerId"":2839,""professionOrType"":[""lib""],""role"":""R399"",""type"":""corporate"",""variants"":[""Wien, Österreichische Nationalbibliothek"",""Vienne (Autriche), Österreichische Nationalbibliothek"",""Vienna, Hofbibliothek"",""Vienna, Bibliotheca Regia"",""Vienna, Österreichische Nationalbibliothek""]}]",,,,,,,,,,,,,,,,,,,,1,
02115009-p001,02115009,1,,,,a,,,,,e-au,1,"Wien, Österreichische  Nationalbibliothek",2839,R399,corporate,,http://thesaurus.cerl.org/record/cnc00020465 | https://aeolus.bodleian.ox.ac.uk/collections/incunables/provenances_for_mei.xml#xpointer(//*[@id= | https://www.onb.ac.at/en/about-us/650th-anniversary/timeline/,"[{""characterisation"":[""noc""],""externalId"":[""http://thesaurus.cerl.org/record/cnc00020465"",""https://aeolus.bodleian.ox.ac.uk/collections/incunables/provenances_for_mei.xml#xpointer(//*[@id="",""https://www.onb.ac.at/en/about-us/650th-anniversary/timeline/""],""name"":""Wien, Österreichische  Nationalbibliothek"",""ownerId"":2839,""professionOrType"":[""lib""],""role"":""R399"",""type"":""corporate"",""variants"":[""Wien, Österreichische Nationalbibliothek"",""Vienne (Autriche), Österreichische Nationalbibliothek"",""Vienna, Hofbibliothek"",""Vienna, Bibliotheca Regia"",""Vienna, Österreichische Nationalbibliothek""]}]",,,,,,,,,,,,,,,,,,,,1,
02100631-p001,02100631,1,1493,1500,15,a,l,a,g,,,1,Anonymous,00016856,R680,,1451-1500,,"[{""dates"":""1451-1500"",""name"":""Anonymous"",""ownerId"":""00016856"",""role"":""R680"",""variants"":[""Anonymous ""]}]",,,,,,,,,,,"Red initial letters, capital letters and underlining ",,,,,,,,,0,"{""hasRubrication"":""1""}"
02100631-p002,02100631,2,1501,1600,16,a,m,a,x,,,1,Anonymous,00015873,R020,,1501-1600,,"[{""dates"":""1501-1600"",""name"":""Anonymous"",""ownerId"":""00015873"",""role"":""R020"",""variants"":[""Anonymous ""]}]",,,,,,,,,,,,,A faded few notes throughout the book in different hands. On the title page in red pencil: '144'.,,,,,,,0,"{""hasMsComments"":""1"",""msFrequency"":""b"",""msLocation"":""c""}"
02100631-p003,02100631,3,1866,,19,a,h | o | s,a,a,"Acquired via M. Nijhoff in 1866, see: Aanwinstenregister F, p. 73 (Accessions, The Hague, KB, Archives).",e-ne,2,"Koninklijke Bibliotheek - Nationale Bibliotheek van Nederland | Nijhoff, Martinus",4014 | 00013595,R399 | R160,corporate | person,1798- | 1826-1894,http://thesaurus.cerl.org/record/cnc00011239,"[{""characterisation"":[""noc""],""dates"":""1798-"",""externalId"":[""http://thesaurus.cerl.org/record/cnc00011239""],""name"":""Koninklijke Bibliotheek - Nationale Bibliotheek van Nederland"",""ownerId"":""4014"",""professionOrType"":[""lib""],""role"":""R399"",""type"":""corporate"",""variants"":[""The Hague, Koninklijke Bibliotheek"",""Den Haag, Koninklijke Bibliotheek"",""Den Haag, KB""]},{""characterisation"":[""noc""],""dates"":""1826-1894"",""gender"":""1002"",""name"":""Nijhoff, Martinus "",""ownerId"":""00013595"",""professionOrType"":[""bkt""],""role"":""R160"",""type"":""person""}]",Half leather binding with marbled paper on boards.,w,c,b,k,g,,,,,,,,Stamp of KB ,"[{""note"":""53c [Olim]""}]",,,,1866,1,"{""edges"":""d"",""gauffered"":""d"",""titling"":[""b""],""tooling"":""b"",""writingOnEdges"":""d""}"
00559203-p001,00559203,1,1801,1881,19,,n,,,Lot 469 in part 1 of the sale of Francois Vergauwen (1884).,e-be,1,"Vergauwen, François-Joseph",00014860,R390,person,1801-1881,http://thesaurus.cerl.org/record/cnp01447984,"[{""characterisation"":[""noc""],""dates"":""1801-1881"",""externalId"":[""http://thesaurus.cerl.org/record/cnp01447984""],""gender"":""1002"",""name"":""Vergauwen, François-Joseph"",""ownerId"":""00014860"",""professionOrType"":[""pol""],""role"":""R390"",""type"":""person"",""variants"":[""Franz Vergauwen""]}]",,,,,,,,,,,,,,,,,,,,1,
00559203-p002,00559203,2,1884,1892,19,,,,,Lot 122 in January 1892 sale.,e-be,1,"Kockx, Pierre",00019260,R160,person,,,"[{""characterisation"":[""noc""],""gender"":""1002"",""name"":""Kockx, Pierre"",""ownerId"":""00019260"",""professionOrType"":[""bkt""],""role"":""R160"",""type"":""person"",""variants"":[""Librairie Pierre Kockx""]}]",,,,,,,,,,,,,,,,,,,,1,
00559203-p003,00559203,3,1892,,19,a,,,," Lot 59 in an unidentified sale? (auctioneer's slip inserted loosely). Bought at the sale of P. Kockx of Antwerp (January 1892), lot 122, using money from the Rustat Fund (its bookplate).",e-uk-en,1,Cambridge University Library,3463,R399,corporate,,http://thesaurus.cerl.org/record/cnc00002301,"[{""characterisation"":[""noc""],""externalId"":[""http://thesaurus.cerl.org/record/cnc00002301""],""name"":""Cambridge University Library"",""ownerId"":""3463"",""professionOrType"":[""lib""],""role"":""R399"",""type"":""corporate"",""variants"":[""Cambridge, University, Library"",""University Library, Cambridge"",""University of Cambridge, Cambridge University Library"",""University of Cambridge, Library"",""University of Cambridge, University Library""]}]",Nineteenth-century quarter morocco.,,,,,,,,,"Initials, paragraph marks and capital strokes supplied and headings underlined in red.",,,,,,,,,,1,
02160790-p001,02160790,1,,,15,,,,,,n-us-dc,1,"Washington, D.C., Library of Congress",4116,,cor,1800-,http://thesaurus.cerl.org/record/cnc00012752,"[{""dates"":""1800-"",""externalId"":[""http://thesaurus.cerl.org/record/cnc00012752""],""name"":""Washington, D.C., Library of Congress"",""ownerId"":""4116"",""type"":""cor"",""variants"":[""LOC""]}]",,,,,,,,,,,,,,,,,,,,1,
02122495-p001,02122495,1,,,,a,m,a,,"Manuscript inscriptions in Latin, among others Psalm 6, prayers.",,1,"Anonymous, 16th c.",,,person,,,"[{""name"":""Anonymous, 16th c."",""type"":""person""}]",,,,,,,,,,,,,,,,,,,,0,
02122495-p002,02122495,2,,1838,15 | 16 | 17 | 18 | 19,a,a,a,,Inscription: W.O.7455.,e-un,1,"Wronowski, Stanisław",00021712,R390,person,1733-1839,coat of arms: TOPÓR; sw,"[{""characterisation"":[""ari""],""dates"":""1733-1839"",""externalId"":[""coat of arms: TOPÓR; sw""],""gender"":1002,""name"":""Wronowski, Stanisław"",""ownerId"":""00021712"",""professionOrType"":[""law""],""role"":""R390"",""type"":""person""}]",,,,,,,,,,,,,,,,,,,,1,
02122495-p003,02122495,3,1838,1946,19 | 20,a,m | o,a,b,Manuscript bibliographical note on the front endleaf by Ludwik Bernacki (Ossolineum director) dated 8/8 [19]29.,e-un,1,"Lviv, Ossolineum",00015685,,corporate,1817-1946,,"[{""dates"":""1817-1946"",""name"":""Lviv, Ossolineum"",""ownerId"":""00015685"",""professionOrType"":[""lib""],""type"":""corporate"",""variants"":[""Ossoliński National Institute""]}]","In the past probably bound together with Historia et descriptio urbis Romae [Roma, J. Besicken, post 1500?], Mirabilia urbis Romae [Roma, St. Planck, post 1491], Divisiones decem nationum [Roma, J. Besicken et Sig. Mayr, ca 1493/4], Lunarium ab anno 1494 usque ad annum 1550 [Roma, J. Besicken et Sig. Mayr, 1493/4]. The volume was split into separate titles probably in the middle of the 19th c. in the Ossolineum bindery.",w,,,g,g,,,,,,,,Numeric stamp: 22.949B.,,,,,"1838, 1929",1,
02122495-p004,02122495,4,1946,,20,a,h | o,a,g,,e-pl,1,"Wrocław, Ossolineum",00021732,R399,corporate,1946-,,"[{""dates"":""1946-"",""name"":""Wrocław, Ossolineum"",""ownerId"":""00021732"",""professionOrType"":[""lib""],""role"":""R399"",""type"":""corporate"",""variants"":[""Wroclaw, Ossolineum""]}]",,,,,,,,,,,,,,,,,,,,1,
02161112-p001,02161112,1,1918,1930,20,,,,,[1918 marks the approximate time after which Vollbehr's activity as bookseller began],e-gx,1,"Vollbehr, Otto Heinrich Friedrich",2820,,per,1869-1946,http://thesaurus.cerl.org/record/cnp01427211 | https://de.wikipedia.org/wiki/Otto_Vollbehr,"[{""dates"":""1869-1946"",""externalId"":[""http://thesaurus.cerl.org/record/cnp01427211"",""https://de.wikipedia.org/wiki/Otto_Vollbehr""],""gender"":""1002"",""name"":""Vollbehr, Otto Heinrich Friedrich"",""ownerId"":""2820"",""type"":""per""}]",,,,,,,,,,,,,,,,,,,,1,
02161112-p002,02161112,2,1930,,20,,,,a,Part of the collection of incunabula purchased by Act of Congress in 1930. ,n-us-dc,1,"Washington, D.C., Library of Congress",4116,,cor,1800-,http://thesaurus.cerl.org/record/cnc00012752,"[{""dates"":""1800-"",""externalId"":[""http://thesaurus.cerl.org/record/cnc00012752""],""name"":""Washington, D.C., Library of Congress"",""ownerId"":""4116"",""type"":""cor"",""variants"":[""LOC""]}]",,,,,,,,,,,,,,,,,,,,1,
02126874-p001,02126874,1,,,,a,,a,,,e-it,1,"Milano, Biblioteca Nazionale Braidense",2832,R399,corporate,1770-,http://thesaurus.cerl.org/record/cnc00011849,"[{""characterisation"":[""noc""],""dates"":""1770-"",""externalId"":[""http://thesaurus.cerl.org/record/cnc00011849""],""name"":""Milano, Biblioteca Nazionale Braidense"",""ownerId"":""2832"",""professionOrType"":[""lib""],""role"":""R399"",""type"":""corporate"",""variants"":[""Imperial Regia Bibliotheca Mediolanensis""]}]",,,,,,,,,,,,,,,,,,,,1,
02115031-p001,02115031,1,,,,a,,,,,e-au,1,"Wien, Österreichische  Nationalbibliothek",2839,R399,corporate,,http://thesaurus.cerl.org/record/cnc00020465 | https://aeolus.bodleian.ox.ac.uk/collections/incunables/provenances_for_mei.xml#xpointer(//*[@id= | https://www.onb.ac.at/en/about-us/650th-anniversary/timeline/,"[{""characterisation"":[""noc""],""externalId"":[""http://thesaurus.cerl.org/record/cnc00020465"",""https://aeolus.bodleian.ox.ac.uk/collections/incunables/provenances_for_mei.xml#xpointer(//*[@id="",""https://www.onb.ac.at/en/about-us/650th-anniversary/timeline/""],""name"":""Wien, Österreichische  Nationalbibliothek"",""ownerId"":2839,""professionOrType"":[""lib""],""role"":""R399"",""type"":""corporate"",""variants"":[""Wien, Österreichische Nationalbibliothek"",""Vienne (Autriche), Österreichische Nationalbibliothek"",""Vienna, Hofbibliothek"",""Vienna, Bibliotheca Regia"",""Vienna, Österreichische Nationalbibliothek""]}]",,,,,,,,,,,,,,,,,,,,1,
02126877-p001,02126877,1,1501,1600,16,a,m,a,x,,,0,,,,,,,,,,,,,,,,,,,,,,,,,,,0,"{""hasMsCensorshipMarks"":""1"",""msFrequency"":""a"",""msLocation"":""d""}"
02126877-p002,02126877,2,,,,a,,a,,,e-it,1,"Milano, Biblioteca Nazionale Braidense",2832,R399,corporate,1770-,http://thesaurus.cerl.org/record/cnc00011849,"[{""characterisation"":[""noc""],""dates"":""1770-"",""externalId"":[""http://thesaurus.cerl.org/record/cnc00011849""],""name"":""Milano, Biblioteca Nazionale Braidense"",""ownerId"":""2832"",""professionOrType"":[""lib""],""role"":""R399"",""type"":""corporate"",""variants"":[""Imperial Regia Bibliotheca Mediolanensis""]}]",,,,,,,,,,,,,,,,,,,,1,
02156758-p001,02156758,1,,1925,15 | 16 | 17 | 18 | 19 | 20,,,,,,e-gx,1,"Vollbehr, Otto Heinrich Friedrich",2820,,per,1869-1946,http://thesaurus.cerl.org/record/cnp01427211 | https://de.wikipedia.org/wiki/Otto_Vollbehr,"[{""dates"":""1869-1946"",""externalId"":[""http://thesaurus.cerl.org/record/cnp01427211"",""https://de.wikipedia.org/wiki/Otto_Vollbehr""],""gender"":""1002"",""name"":""Vollbehr, Otto Heinrich Friedrich"",""ownerId"":""2820"",""type"":""per""}]",,,,,,,,,,,,,,,,,,,,1,
02156758-p002,02156758,2,1925,1927,20,,,,a,"Vollbehr, Dec. 2, 1925",n-us-ca,1,"Huntington, Henry Edwards",3291,,per,1850 - 1927,http://thesaurus.cerl.org/record/cnp01447942 | https://lccn.loc.gov/n79142584,"[{""dates"":""1850 - 1927"",""externalId"":[""http://thesaurus.cerl.org/record/cnp01447942"",""https://lccn.loc.gov/n79142584""],""gender"":""1002"",""name"":""Huntington, Henry Edwards"",""ownerId"":""3291"",""type"":""per""}]",,,,,,,,,,,,,,,,,,,,1,
02156758-p003,02156758,3,1927,,20,,,,c,Henry Huntington founded the library to house his collection.,n-us-ca,1,"San Marino, CA, The Huntington",00015692,,cor,1927-,https://lccn.loc.gov/n79049138,"[{""dates"":""1927-"",""externalId"":[""https://lccn.loc.gov/n79049138""],""name"":""San Marino, CA, The Huntington"",""ownerId"":""00015692"",""type"":""cor"",""variants"":[""Huntington Library"",""Henry E. Huntington Library and Art Gallery"",""Huntington Library, Art Collections, and Botanical Gardens"",""Huntington Library, Art Gallery and Botanical Gardens""]}]",,,,,,,,,,,,,,,,,,,,1,
02126879-p001,02126879,1,,,,a,,a,,,e-it,1,"Milano, Biblioteca Nazionale Braidense",2832,R399,corporate,1770-,http://thesaurus.cerl.org/record/cnc00011849,"[{""characterisation"":[""noc""],""dates"":""1770-"",""externalId"":[""http://thesaurus.cerl.org/record/cnc00011849""],""name"":""Milano, Biblioteca Nazionale Braidense"",""ownerId"":""2832"",""professionOrType"":[""lib""],""role"":""R399"",""type"":""corporate"",""variants"":[""Imperial Regia Bibliotheca Mediolanensis""]}]",,,,,,,,,,,,,,,,,,,,1,
02126872-p001,02126872,1,1901,2000,20,a,k,a,x,,,0,,,,,,,,Legatura moderna in pergamena su piatti in cartone.,x,c,b,a,g,140,110,22,,,,,,,,,,,0,"{""edges"":""d"",""furniture"":""0"",""gauffered"":""d"",""tooling"":""d"",""writingOnEdges"":""d""}"
02126872-p002,02126872,2,1780,,18,a,h | o,a,x,"Al contropiatto ant. nota a segnalare la presenza di illustrazioni. Al recto della c. di guardia anteriore segnatura di collocazione ""AN. XVI. 33"". Alla c. A1r timbro della Biblioteca Braidense.",e-it,1,"Milano, Biblioteca Nazionale Braidense",2832,R399,corporate,1770-,http://thesaurus.cerl.org/record/cnc00011849,"[{""characterisation"":[""noc""],""dates"":""1770-"",""externalId"":[""http://thesaurus.cerl.org/record/cnc00011849""],""name"":""Milano, Biblioteca Nazionale Braidense"",""ownerId"":""2832"",""professionOrType"":[""lib""],""role"":""R399"",""type"":""corporate"",""variants"":[""Imperial Regia Bibliotheca Mediolanensis""]}]",,,,,,,,,,,,,,"Timbro ellissoidale a inchiostro rosso con sigla ""I R B M"" [Imperialis Regia Bibliotheca Mediolanensis] in uso dal 1780 al 1831.",,,,,,1,
02126876-p001,02126876,1,,,,a,,a,,,e-it,1,"Milano, Biblioteca Nazionale Braidense",2832,R399,corporate,1770-,http://thesaurus.cerl.org/record/cnc00011849,"[{""characterisation"":[""noc""],""dates"":""1770-"",""externalId"":[""http://thesaurus.cerl.org/record/cnc00011849""],""name"":""Milano, Biblioteca Nazionale Braidense"",""ownerId"":""2832"",""professionOrType"":[""lib""],""role"":""R399"",""type"":""corporate"",""variants"":[""Imperial Regia Bibliotheca Mediolanensis""]}]",,,,,,,,,,,,,,,,,,,,1,
02126878-p001,02126878,1,,,,a,,a,,,e-it,1,"Milano, Biblioteca Nazionale Braidense",2832,R399,corporate,1770-,http://thesaurus.cerl.org/record/cnc00011849,"[{""characterisation"":[""noc""],""dates"":""1770-"",""externalId"":[""http://thesaurus.cerl.org/record/cnc00011849""],""name"":""Milano, Biblioteca Nazionale Braidense"",""ownerId"":""2832"",""professionOrType"":[""lib""],""role"":""R399"",""type"":""corporate"",""variants"":[""Imperial Regia Bibliotheca Mediolanensis""]}]",,,,,,,,,,,,,,,,,,,,1,
02126875-p001,02126875,1,,,,a,,a,,,e-it,1,"Milano, Biblioteca Nazionale Braidense",2832,R399,corporate,1770-,http://thesaurus.cerl.org/record/cnc00011849,"[{""characterisation"":[""noc""],""dates"":""1770-"",""externalId"":[""http://thesaurus.cerl.org/record/cnc00011849""],""name"":""Milano, Biblioteca Nazionale Braidense"",""ownerId"":""2832"",""professionOrType"":[""lib""],""role"":""R399"",""type"":""corporate"",""variants"":[""Imperial Regia Bibliotheca Mediolanensis""]}]",,,,,,,,,,,,,,,,,,,,1,
02126873-p001,02126873,1,,,,a,,a,,,e-it,1,"Milano, Biblioteca Nazionale Braidense",2832,R399,corporate,1770-,http://thesaurus.cerl.org/record/cnc00011849,"[{""characterisation"":[""noc""],""dates"":""1770-"",""externalId"":[""http://thesaurus.cerl.org/record/cnc00011849""],""name"":""Milano, Biblioteca Nazionale Braidense"",""ownerId"":""2832"",""professionOrType"":[""lib""],""role"":""R399"",""type"":""corporate"",""variants"":[""Imperial Regia Bibliotheca Mediolanensis""]}]",,,,,,,,,,,,,,,,,,,,1,
02146268-p001,02146268,1,1500,1550,15 | 16,a,k,a,x,,,1,Anonymous,00017233,R020,person,1450 - 1550,,"[{""characterisation"":[""unk""],""dates"":""1450 - 1550"",""gender"":""1003"",""name"":""Anonymous"",""ownerId"":""00017233"",""professionOrType"":[""unk""],""role"":""R020"",""type"":""person""}]","Bound in the 16th c. in brown leather over card board (?), both covers tooled in blind. Heavily damaged (burned?), repaired in the 60' of the 20th c. ",t,c,e,b,g,136,105,24,No decoration,No rubrication.,,,,,,,,,0,"{""edges"":""d"",""furniture"":""0"",""gauffered"":""d"",""titling"":[""z""],""tooling"":""a"",""writingOnEdges"":""d""}"
02146268-p002,02146268,2,1619,1700,17,a,a | m,a,x,On the left flyleaf of the first work in the composite volume: Ad usum P[at]ris Raijmundi Klonowicz Ord[ini]s Praedic[artoru]m Anno 1619. ,e-pl,1,"Klonowicz, Rajmund",00034615,R390,person,1600-1700,,"[{""characterisation"":[""rel""],""dates"":""1600-1700"",""gender"":""1002"",""name"":""Klonowicz, Rajmund"",""ownerId"":""00034615"",""professionOrType"":[""cle""],""role"":""R390"",""type"":""person""}]",,,,,,,,,,No decoration.,No rubrication.,,"Occasional manuscript notes, not cropped, occasional reading marks on margins, NB, underlining, correction. In one or two 17th c. hands.",,,,,,1619,1,"{""hasMsComments"":""1"",""hasMsCorrections"":""1"",""hasMsReadingMarks"":""1"",""msFrequency"":""b"",""msLocation"":""d"",""provenanceImage"":[{""display"":""Ownership inscription (first work in the composite volume)"",""url"":""http://arkyves.org/r/view/cerlpda_1c45b/him_CERLPDA""}]}"
02146268-p003,02146268,3,1650,1750,17 | 18,a,m,a,,,,1,Anonymous,00016931,R020,person,1650-1750,,"[{""characterisation"":[""unk""],""dates"":""1650-1750"",""gender"":""1003"",""name"":""Anonymous"",""ownerId"":""00016931"",""professionOrType"":[""unk""],""role"":""R020"",""type"":""person""}]",,,,,,,,,,,,,"On the verso of last leaf a poem in Polish by unknown poet: ""Precz Pirry, głazy Memfis Piramidy Precz terminalne Kolosy Alcidy... "", then in the same hand: Finis coronat opus mmpp. ",,,,,,,0,"{""msFrequency"":""a"",""msLocation"":""d""}"
02146268-p004,02146268,4,1700,1864,17 | 18 | 19,a,a,a,,Inscription on the recto of left flyleaf of the first work in the composite volume: Ad Usum Fr[atr]is Alexandri Popkiewicz ; continued in different hand: Franciscani pro Conventu Łagiewn[icensi] - beginning of the 18th c.,e-pl,2,"Popkiewicz, Aleksander | Łagiewniki (Łódź), Franciscans OFM",00034605 | 00034616,R390,person | corporate,1700-1800 | 1680-1864,,"[{""dates"":""1700-1800"",""gender"":""1002"",""name"":""Popkiewicz, Aleksander"",""ownerId"":""00034605"",""professionOrType"":[""cle""],""role"":""R390"",""type"":""person"",""variants"":[""Popkiewicz, Alexander""]},{""characterisation"":[""rel""],""dates"":""1680-1864"",""name"":""Łagiewniki (Łódź), Franciscans OFM"",""ownerId"":""00034616"",""professionOrType"":[""rei""],""role"":""R390"",""type"":""corporate"",""variants"":[""Łagiewniki (Łódź), Franciscans, S. Antonius, OFM"",""Łagiewniki, Franciszkanie"",""Franciszkanie - Łódź - Łagiewniki"",""Conventus Łagievnicensis"",""Conventus Lagievnicensis""]}]",,,,,,,,,,,,,,,,,,,,1,"{""msFrequency"":""c"",""msLocation"":""d""}"
02146268-p005,02146268,5,1907,,20,a,h,a,,,e-pl,1,"Warsaw, Public Library",00034636,R399,corporate,1907-,https://en.wikipedia.org/wiki/Warsaw_Public_Library_–_Central_Library_of_the_Masovian_Voivodeship | http://katalog.nukat.edu.pl/lib/authority?id=133054&theme=nukat,"[{""dates"":""1907-"",""externalId"":[""https://en.wikipedia.org/wiki/Warsaw_Public_Library_–_Central_Library_of_the_Masovian_Voivodeship"",""http://katalog.nukat.edu.pl/lib/authority?id=133054&theme=nukat""],""name"":""Warsaw, Public Library"",""ownerId"":""00034636"",""professionOrType"":[""lib""],""role"":""R399"",""type"":""corporate"",""variants"":[""Biblioteka Publiczna w Warszawie"",""Biblioteka Publiczna m.st. Warszawy "",""Biblioteka Główna Województwa Mazowieckiego"",""Biblioteka na Koszykowej""]}]",,,,,,,,,,,,,,Modern stamps.,,,,,,1,
02146351-p001,02146351,1,1500,1550,15 | 16,a,k,a,x,,,1,Anonymous,00017233,R020,person,1450 - 1550,,"[{""characterisation"":[""unk""],""dates"":""1450 - 1550"",""gender"":""1003"",""name"":""Anonymous"",""ownerId"":""00017233"",""professionOrType"":[""unk""],""role"":""R020"",""type"":""person""}]","Bound in the 16th c. in brown leather over card board (?), both covers tooled in blind. Heavily damaged (burned?), repaired in the 60' of the 20th c. ",t,c,e,b,g,136,105,24,No decoration,No rubrication.,,,,,,,,,0,"{""edges"":""d"",""furniture"":""0"",""gauffered"":""d"",""titling"":[""z""],""tooling"":""a"",""writingOnEdges"":""d""}"
02146351-p002,02146351,2,1619,,17,a,a,a,,On the left flyleaf of the first work in the composite volume: Ad usum P[at]ris Raijmundi Klonowicz Ord[ini]s Praedic[artoru]m Anno 1619.,e-pl,1,"Klonowicz, Rajmund",00034615,R390,person,1600-1700,,"[{""characterisation"":[""rel""],""dates"":""1600-1700"",""gender"":""1002"",""name"":""Klonowicz, Rajmund"",""ownerId"":""00034615"",""professionOrType"":[""cle""],""role"":""R390"",""type"":""person""}]",,,,,,,,,,,,,,,,,,,,1,"{""provenanceImage"":[{""display"":""Ownership inscription (first work in the composite volume)"",""url"":""http://arkyves.org/r/view/cerlpda_1c45b/him_CERLPDA""}]}"
02146351-p003,02146351,3,1650,1750,17 | 18,,m,,,,e-pl,1,Anonymous,00016931,R020,person,1650-1750,,"[{""characterisation"":[""unk""],""dates"":""1650-1750"",""gender"":""1003"",""name"":""Anonymous"",""ownerId"":""00016931"",""professionOrType"":[""unk""],""role"":""R020"",""type"":""person""}]",,,,,,,,,,,,,Prayer in Latin and in Polish on the ,,,,,,Second half of the 17th c.,1,
02146351-p004,02146351,4,1700,1864,17 | 18 | 19,a,a,a,,Inscription on the recto of left flyleaf of the first work in the composite volume: Ad Usum Fr[atr]is Alexandri Popkiewicz ; continued in different hand: Franciscani pro Conventu Łagiewn[icensi] - beginning of the 18th c.,e-pl,2,"Popkiewicz, Aleksander | Łagiewniki (Łódź), Franciscans OFM",00034605 | 00034616,R390,person | corporate,1700-1800 | 1680-1864,,"[{""dates"":""1700-1800"",""gender"":""1002"",""name"":""Popkiewicz, Aleksander"",""ownerId"":""00034605"",""professionOrType"":[""cle""],""role"":""R390"",""type"":""person"",""variants"":[""Popkiewicz, Alexander""]},{""characterisation"":[""rel""],""dates"":""1680-1864"",""name"":""Łagiewniki (Łódź), Franciscans OFM"",""ownerId"":""00034616"",""professionOrType"":[""rei""],""role"":""R390"",""type"":""corporate"",""variants"":[""Łagiewniki (Łódź), Franciscans, S. Antonius, OFM"",""Łagiewniki, Franciszkanie"",""Franciszkanie - Łódź - Łagiewniki"",""Conventus Łagievnicensis"",""Conventus Lagievnicensis""]}]",,,,,,,,,,,,,,,,,,,,1,
02146351-p005,02146351,5,1907,,20,,h,,,,e-pl,1,"Warsaw, Public Library",00034636,R399,corporate,1907-,https://en.wikipedia.org/wiki/Warsaw_Public_Library_–_Central_Library_of_the_Masovian_Voivodeship | http://katalog.nukat.edu.pl/lib/authority?id=133054&theme=nukat,"[{""dates"":""1907-"",""externalId"":[""https://en.wikipedia.org/wiki/Warsaw_Public_Library_–_Central_Library_of_the_Masovian_Voivodeship"",""http://katalog.nukat.edu.pl/lib/authority?id=133054&theme=nukat""],""name"":""Warsaw, Public Library"",""ownerId"":""00034636"",""professionOrType"":[""lib""],""role"":""R399"",""type"":""corporate"",""variants"":[""Biblioteka Publiczna w Warszawie"",""Biblioteka Publiczna m.st. Warszawy "",""Biblioteka Główna Województwa Mazowieckiego"",""Biblioteka na Koszykowej""]}]",,,,,,,,,,,,,,Modern stamps.,,,,,,1,
02146266-p001,02146266,1,1500,1550,15 | 16,a,a | m,a,x,On G8 v. cut off ownership inscriprion [?]: …. nom[en] si possessoris si cognoscit.,,1,Anonymous,00017233,R020,person,1450 - 1550,,"[{""characterisation"":[""unk""],""dates"":""1450 - 1550"",""gender"":""1003"",""name"":""Anonymous"",""ownerId"":""00017233"",""professionOrType"":[""unk""],""role"":""R020"",""type"":""person""}]","Bound in the 16th c. in brown leather over card board (?), both covers tooled in blind. Heavily damaged (burned?), repaired in the 60' of the 20th c. ",t,c,e,b,g,136,105,24,No decoration,No rubrication.,,"Note on the left flyleaf: Augustum semper Romanum Imperatorum. Above note by the same hand, ereased. A few manuscript notes (cropped). Inscriptions in the same hand on the recto of right flyleaf (vanished) confirm that works were bound together in sammelband already in the 16th c. ",,,,,,,0,"{""edges"":""d"",""furniture"":""0"",""gauffered"":""d"",""hasMsComments"":""1"",""hasMsExtractedKeywords"":""1"",""msFrequency"":""b"",""msLocation"":""d"",""titling"":[""z""],""tooling"":""a"",""writingOnEdges"":""d""}"
02146266-p002,02146266,2,1619,1650,17,a,a | m,a,x,Ad usum P[at]ris Raijmundi Klonowicz Ord[ini]s Praedic[artoru]m Anno 1619. ,e-pl,1,"Klonowicz, Rajmund",00034615,R390,person,1600-1700,,"[{""characterisation"":[""rel""],""dates"":""1600-1700"",""gender"":""1002"",""name"":""Klonowicz, Rajmund"",""ownerId"":""00034615"",""professionOrType"":[""cle""],""role"":""R390"",""type"":""person""}]",,,,,,,,,,,,,"A few notes (eg. E4 r. ), maybe in hand of Klonowicz, longer note (…) on recto of E5. ",,,,,,1619,1,"{""hasMsComments"":""1"",""hasMsExtractedKeywords"":""1"",""msFrequency"":""b"",""msLocation"":""d"",""provenanceImage"":[{""display"":""Ownership inscription of Rajmund Klonowicz"",""url"":""http://arkyves.org/r/view/cerlpda_1c45b/him_CERLPDA""}]}"
02146266-p003,02146266,3,1650,1750,17 | 18,a,,a,x,"Inscription on the recto of A3: Pro Bibliotheca… - erased and scratched out, probably from the 17th c.",,1,Anonymous,00016931,R020,person,1650-1750,,"[{""characterisation"":[""unk""],""dates"":""1650-1750"",""gender"":""1003"",""name"":""Anonymous"",""ownerId"":""00016931"",""professionOrType"":[""unk""],""role"":""R020"",""type"":""person""}]",,,,,,,,,,,,,Bibliographical note : historiographiae … probably in different 17th c. hand than inscription at top of A3 r.,,,,,,,0,"{""provenanceImage"":[{""display"":""Scratched out inscription"",""url"":""http://arkyves.org/r/view/cerlpda_e865c/him_CERLPDA""}]}"
02146266-p004,02146266,4,1700,1864,17 | 18 | 19,a,a,a,,Inscription on the recto of left flyleaf: Ad Usum Fr[atr]is Alexandri Popkiewicz ; continued in different hand: Franciscani pro Conventu Łagiewn[icensi] – pocz. XVIII w. ,e-pl,2,"Popkiewicz, Aleksander | Łagiewniki (Łódź), Franciscans OFM",00034605 | 00034616,R390,person | corporate,1700-1800 | 1680-1864,,"[{""dates"":""1700-1800"",""gender"":""1002"",""name"":""Popkiewicz, Aleksander"",""ownerId"":""00034605"",""professionOrType"":[""cle""],""role"":""R390"",""type"":""person"",""variants"":[""Popkiewicz, Alexander""]},{""characterisation"":[""rel""],""dates"":""1680-1864"",""name"":""Łagiewniki (Łódź), Franciscans OFM"",""ownerId"":""00034616"",""professionOrType"":[""rei""],""role"":""R390"",""type"":""corporate"",""variants"":[""Łagiewniki (Łódź), Franciscans, S. Antonius, OFM"",""Łagiewniki, Franciszkanie"",""Franciszkanie - Łódź - Łagiewniki"",""Conventus Łagievnicensis"",""Conventus Lagievnicensis""]}]",,,,,,,,,,,,,"Notes: on E4 recto illegible date, maybe 1734?, in the same hand note on G3 r.: Proba Calami Anno 1739 , extraction of keywords on C1 r.",,,,,,,1,"{""hasMsComments"":""1"",""hasMsExtractedKeywords"":""1"",""hasPenTrials"":""1"",""msFrequency"":""b"",""msLocation"":""d""}"
02146266-p005,02146266,5,1907,,20,,h,,,,e-pl,1,"Warsaw, Public Library",00034636,R399,corporate,1907-,https://en.wikipedia.org/wiki/Warsaw_Public_Library_–_Central_Library_of_the_Masovian_Voivodeship | http://katalog.nukat.edu.pl/lib/authority?id=133054&theme=nukat,"[{""dates"":""1907-"",""externalId"":[""https://en.wikipedia.org/wiki/Warsaw_Public_Library_–_Central_Library_of_the_Masovian_Voivodeship"",""http://katalog.nukat.edu.pl/lib/authority?id=133054&theme=nukat""],""name"":""Warsaw, Public Library"",""ownerId"":""00034636"",""professionOrType"":[""lib""],""role"":""R399"",""type"":""corporate"",""variants"":[""Biblioteka Publiczna w Warszawie"",""Biblioteka Publiczna m.st. Warszawy "",""Biblioteka Główna Województwa Mazowieckiego"",""Biblioteka na Koszykowej""]}]",,,,,,,,,,,,,,Modern stamps.,,,,,,1,
02017047-p001,02017047,1,1601,1700,17,a,,a,,,,1,Anonymous,00017180,R020,person,1601-1700,,"[{""characterisation"":[""unk""],""dates"":""1601-1700"",""gender"":""1003"",""name"":""Anonymous"",""ownerId"":""00017180"",""professionOrType"":[""unk""],""role"":""R020"",""type"":""person""}]",,,,,,,,,,,,,,,,,,,,0,"{""hasMsComments"":""1"",""hasMsDrawings"":""1"",""hasMsReadingMarks"":""1"",""msFrequency"":""c"",""msLocation"":""d""}"
02017047-p002,02017047,2,1750,,18,a,e,a,x,Exlibris on verso of the board,e-ur-li,1,"Vilnius, University Library",00015705,R399,corporate,1570,,"[{""characterisation"":[""noc""],""dates"":""1570"",""name"":""Vilnius, University Library"",""ownerId"":""00015705"",""professionOrType"":[""lib""],""role"":""R399"",""type"":""corporate"",""variants"":[""Vilniaus universiteto biblioteka"","" Виленская публичная библиотека "",""Biblioteka uniwersytetu Stefana Batorego w Wilnie"",""Vilniaus Stepono Batoro universiteto biblioteka"",""Vilniaus jėzuitų akademijos biblioteka"",""Bibliotheca Academiae Vilnensis"",""Vilniaus jėzuitų kolegija"",""Collegium Vilnense Societatis Jesu""]}]",,v,c,b,b,g,130,100,40,,,,,,,,,,,1,"{""edges"":""c"",""furniture"":""0"",""gauffered"":""d"",""titling"":[""b""],""tooling"":""a"",""writingOnEdges"":""d""}"
02017044-p001,02017044,1,1601,1700,17,a,,a,,,,1,Anonymous,00017180,R020,person,1601-1700,,"[{""characterisation"":[""unk""],""dates"":""1601-1700"",""gender"":""1003"",""name"":""Anonymous"",""ownerId"":""00017180"",""professionOrType"":[""unk""],""role"":""R020"",""type"":""person""}]",,,,,,,,,,,,,,,,,,,,0,"{""hasMsComments"":""1"",""msFrequency"":""b"",""msLocation"":""b""}"
02017044-p002,02017044,2,1750,,18,a,e,a,x,Exlibris on verso of the board,e-ur-li,1,"Vilnius, University Library",00015705,R399,corporate,1570,,"[{""characterisation"":[""noc""],""dates"":""1570"",""name"":""Vilnius, University Library"",""ownerId"":""00015705"",""professionOrType"":[""lib""],""role"":""R399"",""type"":""corporate"",""variants"":[""Vilniaus universiteto biblioteka"","" Виленская публичная библиотека "",""Biblioteka uniwersytetu Stefana Batorego w Wilnie"",""Vilniaus Stepono Batoro universiteto biblioteka"",""Vilniaus jėzuitų akademijos biblioteka"",""Bibliotheca Academiae Vilnensis"",""Vilniaus jėzuitų kolegija"",""Collegium Vilnense Societatis Jesu""]}]",,v,c,b,b,g,130,101,40,,,,,,"[{""note"":""A. 48 8/11\nPencil inscription""}]",,,,,1,"{""edges"":""c"",""furniture"":""0"",""gauffered"":""d"",""titling"":[""b""],""tooling"":""a"",""writingOnEdges"":""d""}"
02017105-p001,02017105,1,1501,1550,16,a,,a,,,e-pl,1,Anonymous,00021120,R020,person,1450-1550,,"[{""characterisation"":[""unk""],""dates"":""1450-1550"",""gender"":""1003"",""name"":""Anonymous"",""ownerId"":""00021120"",""professionOrType"":[""unk""],""role"":""R020"",""type"":""person"",""variants"":[""Anonymous, Poland""]}]",,,,,,,,,,,,,Red ink inscriptions about Poland with dates 1273-1498,,,,,,,0,"{""hasPersonalNotes"":""1"",""msFrequency"":""b"",""msLocation"":""b""}"
02017105-p002,02017105,2,1601,1700,17,a,,a,,,,1,Anonymous,00017180,R020,,1601-1700,,"[{""characterisation"":[""unk""],""dates"":""1601-1700"",""gender"":""1003"",""name"":""Anonymous"",""ownerId"":""00017180"",""professionOrType"":[""unk""],""role"":""R020""}]",,,,,,,,,,,,,Black ink inscriptions with names Michał Parcaunski [?]; Poveinski [?],,,,,,,0,"{""hasMsReadingMarks"":""1"",""hasPersonalNotes"":""1"",""msFrequency"":""a""}"
02017105-p003,02017105,3,1750,,18,a,e | i,a,x,Exlibris on verso of the board,e-ur-li,1,"Vilnius, University Library",00015705,R399,corporate,1570,,"[{""characterisation"":[""noc""],""dates"":""1570"",""name"":""Vilnius, University Library"",""ownerId"":""00015705"",""professionOrType"":[""lib""],""role"":""R399"",""type"":""corporate"",""variants"":[""Vilniaus universiteto biblioteka"","" Виленская публичная библиотека "",""Biblioteka uniwersytetu Stefana Batorego w Wilnie"",""Vilniaus Stepono Batoro universiteto biblioteka"",""Vilniaus jėzuitų akademijos biblioteka"",""Bibliotheca Academiae Vilnensis"",""Vilniaus jėzuitų kolegija"",""Collegium Vilnense Societatis Jesu""]}]",,v,c,b,b,g,130,100,40,,,,,,,,,,,1,"{""edges"":""c"",""furniture"":""0"",""gauffered"":""d"",""titling"":[""b""],""tooling"":""a"",""writingOnEdges"":""d""}"
02017156-p001,02017156,1,1497,1550,15 | 16,a,,a,,,,1,Anonymous,00017233,R020,person,1450-1550,,"[{""characterisation"":[""unk""],""dates"":""1450-1550"",""gender"":""1003"",""name"":""Anonymous"",""ownerId"":""00017233"",""professionOrType"":[""unk""],""role"":""R020"",""type"":""person""}]",,,,,,,,,,,,,Red ink inscriptions,,,,,,,0,"{""hasMsReadingMarks"":""1"",""hasPersonalNotes"":""1"",""hasRubrication"":""1"",""msFrequency"":""c"",""msLocation"":""c""}"
02017156-p002,02017156,2,1600,1700,16 | 17,a,,a,,,,1,Anonymous,00017168,R020,person,1600-1700,,"[{""characterisation"":[""unk""],""dates"":""1600-1700"",""gender"":""1003"",""name"":""Anonymous"",""ownerId"":""00017168"",""professionOrType"":[""unk""],""role"":""R020"",""type"":""person""}]",,,,,,,,,,,,,,,,,,,,0,"{""hasMsExtractedKeywords"":""1"",""hasMsReadingMarks"":""1"",""hasPersonalNotes"":""1"",""msFrequency"":""c""}"
02017156-p003,02017156,3,1750,,18,a,e,a,x,Exlibris on verso of the board,e-ur-li,1,"Vilnius, University Library",00015705,R399,corporate,1570,,"[{""characterisation"":[""noc""],""dates"":""1570"",""name"":""Vilnius, University Library"",""ownerId"":""00015705"",""professionOrType"":[""lib""],""role"":""R399"",""type"":""corporate"",""variants"":[""Vilniaus universiteto biblioteka"","" Виленская публичная библиотека "",""Biblioteka uniwersytetu Stefana Batorego w Wilnie"",""Vilniaus Stepono Batoro universiteto biblioteka"",""Vilniaus jėzuitų akademijos biblioteka"",""Bibliotheca Academiae Vilnensis"",""Vilniaus jėzuitų kolegija"",""Collegium Vilnense Societatis Jesu""]}]",,v,c,b,b,g,130,100,40,,,,,,"[{""note"":""Pencil inscription on the title page"",""pattern"":""A 48 8/14""}]",,,,,1,"{""edges"":""c"",""furniture"":""0"",""gauffered"":""d"",""titling"":[""b""],""tooling"":""a"",""writingOnEdges"":""d""}"
02017051-p001,02017051,1,1701,1800,18,a,,a,,,,1,Anonymous,00016848,R020,person,1701-1800,,"[{""characterisation"":[""unk""],""dates"":""1701-1800"",""gender"":""1003"",""name"":""Anonymous"",""ownerId"":""00016848"",""professionOrType"":[""unk""],""role"":""R020"",""type"":""person""}]",,,,,,,,,,,,,,,,,,,,0,"{""hasMsComments"":""1"",""msFrequency"":""a""}"
02017051-p002,02017051,2,1750,,18,a,e,a,x,Exlibris on verso of the board,e-ur-li,1,"Vilnius, University Library",00015705,R399,corporate,1570,,"[{""characterisation"":[""noc""],""dates"":""1570"",""name"":""Vilnius, University Library"",""ownerId"":""00015705"",""professionOrType"":[""lib""],""role"":""R399"",""type"":""corporate"",""variants"":[""Vilniaus universiteto biblioteka"","" Виленская публичная библиотека "",""Biblioteka uniwersytetu Stefana Batorego w Wilnie"",""Vilniaus Stepono Batoro universiteto biblioteka"",""Vilniaus jėzuitų akademijos biblioteka"",""Bibliotheca Academiae Vilnensis"",""Vilniaus jėzuitų kolegija"",""Collegium Vilnense Societatis Jesu""]}]",,v,c,b,b,g,130,100,40,,,,,,,,,,,1,"{""edges"":""c"",""furniture"":""0"",""gauffered"":""d"",""titling"":[""b""],""tooling"":""a"",""writingOnEdges"":""d""}"
02017053-p001,02017053,1,1701,1800,18,a,,a,,,,1,Anonymous,00016848,R020,,1701-1800,,"[{""characterisation"":[""unk""],""dates"":""1701-1800"",""gender"":""1003"",""name"":""Anonymous"",""ownerId"":""00016848"",""professionOrType"":[""unk""],""role"":""R020""}]",,,,,,,,,,,,,,,,,,,,0,"{""hasPersonalNotes"":""1"",""msFrequency"":""a"",""msLocation"":""d""}"
02017053-p002,02017053,2,1750,,18,a,e,a,x,Exlibris on verso of the board,e-ur-li,1,"Vilnius, University Library",00015705,R399,corporate,1570,,"[{""characterisation"":[""noc""],""dates"":""1570"",""name"":""Vilnius, University Library"",""ownerId"":""00015705"",""professionOrType"":[""lib""],""role"":""R399"",""type"":""corporate"",""variants"":[""Vilniaus universiteto biblioteka"","" Виленская публичная библиотека "",""Biblioteka uniwersytetu Stefana Batorego w Wilnie"",""Vilniaus Stepono Batoro universiteto biblioteka"",""Vilniaus jėzuitų akademijos biblioteka"",""Bibliotheca Academiae Vilnensis"",""Vilniaus jėzuitų kolegija"",""Collegium Vilnense Societatis Jesu""]}]",,v,c,b,b,g,130,100,40,,,,,,,,,,,1,"{""edges"":""c"",""furniture"":""0"",""gauffered"":""d"",""titling"":[""b""],""tooling"":""a"",""writingOnEdges"":""d""}"
02017050-p001,02017050,1,1701,1800,18,a,,a,,,,1,Anonymous,00017730,R020,person,1701-1840,,"[{""characterisation"":[""unk""],""dates"":""1701-1840"",""gender"":""1003"",""name"":""Anonymous"",""ownerId"":""00017730"",""professionOrType"":[""unk""],""role"":""R020"",""type"":""person"",""variants"":[""Anonymous, Poland or Lithuania""]}]",,,,,,,,,,,,,Inscription in Polish in the end of book,,,,,,,0,"{""hasPersonalNotes"":""1"",""msFrequency"":""b"",""msLocation"":""d""}"
02017050-p002,02017050,2,1750,,18,a,e,a,x,Exlibris on verso of the board,e-ur-li,1,"Vilnius, University Library",00015705,R399,corporate,1570,,"[{""characterisation"":[""noc""],""dates"":""1570"",""name"":""Vilnius, University Library"",""ownerId"":""00015705"",""professionOrType"":[""lib""],""role"":""R399"",""type"":""corporate"",""variants"":[""Vilniaus universiteto biblioteka"","" Виленская публичная библиотека "",""Biblioteka uniwersytetu Stefana Batorego w Wilnie"",""Vilniaus Stepono Batoro universiteto biblioteka"",""Vilniaus jėzuitų akademijos biblioteka"",""Bibliotheca Academiae Vilnensis"",""Vilniaus jėzuitų kolegija"",""Collegium Vilnense Societatis Jesu""]}]",,v,c,b,b,g,130,100,40,,,,,,,,,,,1,"{""edges"":""c"",""furniture"":""0"",""gauffered"":""d"",""titling"":[""b""],""tooling"":""a"",""writingOnEdges"":""d""}"
02017125-p001,02017125,1,1501,1540,16,a,,a,,,,1,Anonymous,00016920,R680,person,1480-1540,,"[{""characterisation"":[""unk""],""dates"":""1480-1540"",""gender"":""1003"",""name"":""Anonymous"",""ownerId"":""00016920"",""professionOrType"":[""art""],""role"":""R680"",""type"":""person"",""variants"":[""Anonymous ""]}]",,,,,,,,,,,,,Red and black  ink inscriptions,,,,,,,0,"{""hasMsExtractedKeywords"":""1"",""hasMsReadingMarks"":""1"",""hasRubrication"":""1"",""msFrequency"":""b"",""msLocation"":""b""}"
02017125-p002,02017125,2,1601,1700,17,a,,a,,,,1,Anonymous,00017180,R020,person,1601-1700,,"[{""characterisation"":[""unk""],""dates"":""1601-1700"",""gender"":""1003"",""name"":""Anonymous"",""ownerId"":""00017180"",""professionOrType"":[""unk""],""role"":""R020"",""type"":""person""}]",,,,,,,,,,,,,,,,,,,,0,"{""hasMsExtractedKeywords"":""1"",""hasPersonalNotes"":""1"",""msFrequency"":""b"",""msLocation"":""d""}"
02017125-p003,02017125,3,1750,,18,a,e | o,a,x,Exlibris on verso of the board,e-ur-li,1,"Vilnius, University Library",00015705,R399,corporate,1570,,"[{""characterisation"":[""noc""],""dates"":""1570"",""name"":""Vilnius, University Library"",""ownerId"":""00015705"",""professionOrType"":[""lib""],""role"":""R399"",""type"":""corporate"",""variants"":[""Vilniaus universiteto biblioteka"","" Виленская публичная библиотека "",""Biblioteka uniwersytetu Stefana Batorego w Wilnie"",""Vilniaus Stepono Batoro universiteto biblioteka"",""Vilniaus jėzuitų akademijos biblioteka"",""Bibliotheca Academiae Vilnensis"",""Vilniaus jėzuitų kolegija"",""Collegium Vilnense Societatis Jesu""]}]",,v,c,b,b,g,130,100,40,,,,,,"[{""note"":""48 8/13\nPencil inscription on a2""}]",,,,,1,"{""edges"":""c"",""furniture"":""0"",""gauffered"":""d"",""titling"":[""b""],""tooling"":""a"",""writingOnEdges"":""d""}"
02017103-p001,02017103,1,1501,1540,16,a,,a,,,,1,Anonymous,00016920,R680,,1480-1540,,"[{""characterisation"":[""unk""],""dates"":""1480-1540"",""gender"":""1003"",""name"":""Anonymous"",""ownerId"":""00016920"",""professionOrType"":[""unk""],""role"":""R680"",""variants"":[""Anonymous ""]}]",,,,,,,,,,,"Rubrications in red, decoloured",,,,,,,,,0,"{""hasRubrication"":""1""}"
02017103-p002,02017103,2,1601,1700,17,a,,a,,,,1,Anonymous,00017180,R020,person,1601-1700,,"[{""characterisation"":[""unk""],""dates"":""1601-1700"",""gender"":""1003"",""name"":""Anonymous"",""ownerId"":""00017180"",""professionOrType"":[""unk""],""role"":""R020"",""type"":""person""}]",,,,,,,,,,,,,Inscriptions in Latin and Polish,,,,,,,0,"{""hasMsComments"":""1"",""hasMsDrawings"":""1"",""hasMsExtractedKeywords"":""1"",""hasMsReadingMarks"":""1"",""msFrequency"":""c"",""msLocation"":""c""}"
02017103-p003,02017103,3,1750,,18,a,e | o,a,x,Exlibris on verso of the board,e-ur-li,1,"Vilnius, University Library",00015705,R399,corporate,1570,,"[{""characterisation"":[""noc""],""dates"":""1570"",""name"":""Vilnius, University Library"",""ownerId"":""00015705"",""professionOrType"":[""lib""],""role"":""R399"",""type"":""corporate"",""variants"":[""Vilniaus universiteto biblioteka"","" Виленская публичная библиотека "",""Biblioteka uniwersytetu Stefana Batorego w Wilnie"",""Vilniaus Stepono Batoro universiteto biblioteka"",""Vilniaus jėzuitų akademijos biblioteka"",""Bibliotheca Academiae Vilnensis"",""Vilniaus jėzuitų kolegija"",""Collegium Vilnense Societatis Jesu""]}]",,v,c,b,b,g,130,100,40,,,,,,"[{""note"":""A 48 8/12\nPencil inscriptions in the end of book""}]",,,,,1,"{""edges"":""c"",""furniture"":""0"",""gauffered"":""d"",""titling"":[""b""],""tooling"":""a"",""writingOnEdges"":""d""}"
00201176-p001,00201176,1,,,,a,k,a | c,,,,0,,,,,,,,"Late 19th-early 20th century black goatskin; covers with triple rule frame in blind; spine title in gold; stiff paper endleaves (2 at each end) printed with decorative vertical strips in blue, brown, and reddish brown; turn-ins with triple gold rules; board edges with gold rules along each edge.",w,c,b,b,g,140,98,,,,,,,,,,,,0,"{""edges"":""d"",""furniture"":0,""gauffered"":""d"",""titling"":[""b""],""tooling"":""c"",""writingOnEdges"":""d""}"
00201176-p002,00201176,2,1910,1945,20,a,e | p,a | c,,"Princeton bookplate and accession note record the volume as the gift of Mather, 31 October 1945.",n-us-nj,1,"Mather, Frank Jewett <Jr.>",4716,R320,person,1868 - 1953,http://thesaurus.cerl.org/record/cnp01882303 | https://dictionaryofarthistorians.org/matherf.htm,"[{""characterisation"":[""noc""],""dates"":""1868 - 1953"",""externalId"":[""http://thesaurus.cerl.org/record/cnp01882303"",""https://dictionaryofarthistorians.org/matherf.htm""],""gender"":1002,""name"":""Mather, Frank Jewett <Jr.>"",""ownerId"":4716,""professionOrType"":[""ule""],""role"":""R320"",""type"":""person""}]",,,,,,,,,,,,,,,,,,,,1,
00201176-p003,00201176,3,1945,,20,a,e | p,a | c,b,"Gift of Mather, 1945.",n-us-nj,1,Princeton University Library,3530,R399,corporate,1750-,http://thesaurus.cerl.org/record/cnc00019995 | http://library.princeton.edu/about/history,"[{""characterisation"":[""noc""],""dates"":""1750-"",""externalId"":[""http://thesaurus.cerl.org/record/cnc00019995"",""http://library.princeton.edu/about/history""],""name"":""Princeton University Library"",""ownerId"":3530,""professionOrType"":[""uni""],""role"":""R399"",""type"":""corporate""}]",,,,,,,,,,,,,,,,,,,,1,
02125857-p001,02125857,1,,,,,,,x,,,0,,,,,,,,,,,,,,,,,,,,,,,,,,,0,
02125857-p002,02125857,2,,,,a,,a | c,,,n-us-nj,1,Princeton University Library,3530,R399,corporate,1750-,http://thesaurus.cerl.org/record/cnc00019995 | http://library.princeton.edu/about/history,"[{""characterisation"":[""noc""],""dates"":""1750-"",""externalId"":[""http://thesaurus.cerl.org/record/cnc00019995"",""http://library.princeton.edu/about/history""],""name"":""Princeton University Library"",""ownerId"":""3530"",""professionOrType"":[""uni""],""role"":""R399"",""type"":""corporate""}]",,,,,,,,,,,,,,,,,,,,1,
02149283-p001,02149283,1,1500,1600,15 | 16,a,k | m,a,,,,1,"Anonymous, Europe",00023550,R020,corporate,1500-1600,,"[{""characterisation"":[""rel""],""dates"":""1500-1600"",""name"":""Anonymous, Europe"",""ownerId"":""00023550"",""professionOrType"":[""rei""],""role"":""R020"",""type"":""corporate"",""variants"":[""Anonymous religious institution""]}]",Bound in prarchment covered (later?) with brown leather and paper (heavily damaged). ,t,a,a,b,z,132,93,,No decoration.,,,"Note ""PAP"" (provenance?) on a4 v. ",,,,,,,0,"{""edges"":""d"",""furniture"":""0"",""gauffered"":""d"",""msFrequency"":""a"",""msLocation"":""a"",""titling"":[""z""],""tooling"":""d"",""writingOnEdges"":""d""}"
02149283-p002,02149283,2,1919,,20,a,,a,,Modern stamps.,e-lv,1,"Riga, National Library of Latvia",00030144,R399,corporate,1919-,,"[{""characterisation"":[""noc""],""dates"":""1919-"",""name"":""Riga, National Library of Latvia"",""ownerId"":""00030144"",""professionOrType"":[""lib""],""role"":""R399"",""type"":""corporate""}]",,,,,,,,,,,,,,,,,,,,1,
02149284-p001,02149284,1,1500,1600,15 | 16,a,k | m,a,,,,1,"Anonymous, Europe",00023550,R020,corporate,1500-1600,,"[{""characterisation"":[""rel""],""dates"":""1500-1600"",""name"":""Anonymous, Europe"",""ownerId"":""00023550"",""professionOrType"":[""rei""],""role"":""R020"",""type"":""corporate"",""variants"":[""Anonymous religious institution""]}]",Bound in prarchment covered (later?) with brown leather and paper (heavily damaged). ,t,a,a,b,z,132,93,,No decoration.,,,"Note ""PAP"" (provenance?) on a2 r. Illustration on [a1] r. coloured in red ink. ",,,,,,,0,"{""edges"":""d"",""furniture"":""0"",""gauffered"":""d"",""hasIllustrationsByHand"":""1"",""msFrequency"":""a"",""msLocation"":""a"",""titling"":[""z""],""tooling"":""d"",""writingOnEdges"":""d""}"
02149284-p002,02149284,2,1919,,20,a,,a,,Modern stamps.,e-lv,1,"Riga, National Library of Latvia",00030144,R399,corporate,1919-,,"[{""characterisation"":[""noc""],""dates"":""1919-"",""name"":""Riga, National Library of Latvia"",""ownerId"":""00030144"",""professionOrType"":[""lib""],""role"":""R399"",""type"":""corporate""}]",,,,,,,,,,,,,,,,,,,,1,
02149282-p001,02149282,1,1500,1600,15 | 16,a,k | m,a,,,,1,"Anonymous, Europe",00023550,R020,corporate,1500-1600,,"[{""characterisation"":[""rel""],""dates"":""1500-1600"",""name"":""Anonymous, Europe"",""ownerId"":""00023550"",""professionOrType"":[""rei""],""role"":""R020"",""type"":""corporate"",""variants"":[""Anonymous religious institution""]}]",Bound in prarchment covered (later?) with brown leather and paper (heavily damaged). ,t,a,a,b,z,132,93,,No decoration.,,,"Note ""Nota[n]dum"" on [a1] r., initial ""N"" coloured in with ink.",,,,,,,0,"{""edges"":""d"",""furniture"":""0"",""gauffered"":""d"",""hasIllustrationsByHand"":""1"",""hasMsReadingMarks"":""1"",""msFrequency"":""a"",""msLocation"":""a"",""titling"":[""z""],""tooling"":""d"",""writingOnEdges"":""d""}"
02149282-p002,02149282,2,1919,,20,a,,a,,Modern stamps.,e-lv,1,"Riga, National Library of Latvia",00030144,R399,corporate,1919-,,"[{""characterisation"":[""noc""],""dates"":""1919-"",""name"":""Riga, National Library of Latvia"",""ownerId"":""00030144"",""professionOrType"":[""lib""],""role"":""R399"",""type"":""corporate""}]",,,,,,,,,,,,,,,,,,,,1,
02149280-p001,02149280,1,1500,1600,15 | 16,a,k | m,a,,,,1,"Anonymous, Europe",00023550,R020,corporate,1500-1600,,"[{""characterisation"":[""rel""],""dates"":""1500-1600"",""name"":""Anonymous, Europe"",""ownerId"":""00023550"",""professionOrType"":[""rei""],""role"":""R020"",""type"":""corporate"",""variants"":[""Anonymous religious institution""]}]",Bound in prarchment covered (later?) with brown leather and paper (heavily damaged). ,t,a,a,b,z,132,93,,No decoration.,,,"""PAP"" written a few times in whole book on the top of the page (provenance?), underlining. One longer note in Latin (16th c.) on the blank recto of the last leaf.",,,,,,,0,"{""edges"":""d"",""furniture"":""0"",""gauffered"":""d"",""hasMsReadingMarks"":""1"",""msFrequency"":""b"",""msLocation"":""d"",""titling"":[""z""],""tooling"":""d"",""writingOnEdges"":""d""}"
02149280-p002,02149280,2,1919,,20,a,,a,,Modern stamps.,e-lv,1,"Riga, National Library of Latvia",00030144,R399,corporate,1919-,,"[{""characterisation"":[""noc""],""dates"":""1919-"",""name"":""Riga, National Library of Latvia"",""ownerId"":""00030144"",""professionOrType"":[""lib""],""role"":""R399"",""type"":""corporate""}]",,,,,,,,,,,,,,,,,,,,1,
02154984-p001,02154984,1,,1888,15 | 16 | 17 | 18 | 19,,,,a,,e-ch,1,"Riant, Paul Edouard Didier <comte>",3713,,,1836 - 1888,http://thesaurus.cerl.org/record/cnp01427517 | http://thesaurus.cerl.org/record/cnp01511772 | http://hcl.harvard.edu/libraries/houghton/collections/early_manuscripts/bibliographies/riant.cfm | http://pds.lib.harvard.edu/pds/view/2573358?n=19428&printThumbnails=no,"[{""dates"":""1836 - 1888"",""externalId"":[""http://thesaurus.cerl.org/record/cnp01427517"",""http://thesaurus.cerl.org/record/cnp01511772"",""http://hcl.harvard.edu/libraries/houghton/collections/early_manuscripts/bibliographies/riant.cfm"",""http://pds.lib.harvard.edu/pds/view/2573358?n=19428&printThumbnails=no""],""gender"":""1002"",""name"":""Riant, Paul Edouard Didier <comte>"",""ownerId"":""3713"",""variants"":[""Riant, Paul"",""Riant, Paul Edouard Didier"",""Riant, Paul É."",""Riant, Paul Édouard Didier"",""Riant, Paul-Edouard-Didier"",""Riant, Comte""]}]",,,,,,,,,,,,,,,,,,,,1,
02154984-p002,02154984,2,1899,,19,,,,a,,n-us-ma,1,Harvard Library,3523,,,1636-,http://thesaurus.cerl.org/record/cnc00007523,"[{""dates"":""1636-"",""externalId"":[""http://thesaurus.cerl.org/record/cnc00007523""],""name"":""Harvard Library"",""ownerId"":""3523"",""variants"":[""Bibliotheca Harvardiana, Cambridge, Mass."",""College Library, Cambridge, Mass."",""HCL"",""Harvard College Library, Cambridge, Mass."",""Harvard College, Cambridge, Mass., Bibliotheca Harvardiana"",""Harvard College, Cambridge, Mass., Harvard Library"",""Harvard College, Cambridge, Mass., Widener Library"",""Harvard University Library"",""Harvard University, College Library"",""Harvard University, Faculty of Arts and Sciences, Library"",""Harvard University, Cambridge, Mass., Bibliotheca Harvardiana"",""Harvard University, Cambridge, Mass., College Library"",""Harvard University, Cambridge, Mass., Faculty of Arts and Sciences, Library"",""Harvard University, Cambridge, Mass., Widener Library <Harvard College>"",""Widener Library, Cambridge, Mass., Harvard College""]}]",,,,,,,,,,,,,,,,,,,,1,
02160423-p001,02160423,1,,1910,15 | 16 | 17 | 18 | 19 | 20,,,,,,e-fr,1,"Essling, Victor Massena, Duc de Rivoli e Prince D'",00010040,,,1836-1910,,"[{""dates"":""1836-1910"",""gender"":""1002"",""name"":""Essling, Victor Massena, Duc de Rivoli e Prince D'"",""ownerId"":""00010040""}]",,,,,,,,,,,,,,,,,,,,1,
02160423-p002,02160423,2,,,,,,,a,,n-us-pa,1,"Rosenwald, Lessing Julius",2843,,,1891 - 1979,http://thesaurus.cerl.org/record/cnp01427232 | https://en.wikipedia.org/wiki/Lessing_J._Rosenwald | http://www.americanantiquarian.org/proceedings/44539319.pdf,"[{""dates"":""1891 - 1979"",""externalId"":[""http://thesaurus.cerl.org/record/cnp01427232"",""https://en.wikipedia.org/wiki/Lessing_J._Rosenwald"",""http://www.americanantiquarian.org/proceedings/44539319.pdf""],""gender"":""1002"",""name"":""Rosenwald, Lessing Julius"",""ownerId"":""2843"",""variants"":[""Rosenwald, Lessing J.""]}]",,,,,,,,,,,,,,,,,,,,1,
02160423-p003,02160423,3,1954,,20,,,,b,Between 1943-1980 books from the Rosenwald collection gradually arrived at the Library of Congress. ,n-us-dc,1,"Washington, D.C., Library of Congress",4116,,,1800-,http://thesaurus.cerl.org/record/cnc00012752,"[{""dates"":""1800-"",""externalId"":[""http://thesaurus.cerl.org/record/cnc00012752""],""name"":""Washington, D.C., Library of Congress"",""ownerId"":""4116"",""variants"":[""LOC""]}]",,,,,,,,,,,,,,,,,,,,1,
02178325-p001,02178325,1,,,,a,h,a,x,,e-it,1,Biblioteca Angelica,00016233,R390,corporate,1604-,,"[{""dates"":""1604-"",""name"":""Biblioteca Angelica"",""ownerId"":""00016233"",""professionOrType"":[""lib""],""role"":""R390"",""type"":""corporate"",""variants"":[""Roma, Biblioteca Angelica""]}]",Legatura in pergamena semifloscia con titolo ms. sul dorso; indice ms. all'inizio del volume,u,a,a,a,g,180,13,1,,,,Numerazione ms.,"Sulla prima pagina, timbro ovale con iscrizione ""Bibliotheca Angelica"" in corsivo su tre righe, probabilmente realizzato dopo il passaggio allo Stato Italiano

","[{""note"":""LL.1.33/8\n""},{""note"":""p.5.56/8""}]",,,,,1,"{""edges"":""d"",""furniture"":""0"",""gauffered"":""d"",""hasMsStructuring"":""1"",""msFrequency"":""a"",""msLocation"":""c"",""titling"":[""a""],""tooling"":""d""}"
02012277-p001,02012277,1,1801,,19,a,n,ax,a,"La miscellanea, con il presente incunabolo, venne acquistata dalla Biblioteca il 28 maggio 1889, cfr. Archivio della Biblioteca, Rendiconti 1889, quietanza n. 3.",e-it,2,"Bludowsky, Ugo <libraio antiquario; fl. 1880> | Venezia, Biblioteca Nazionale Marciana",4319 | 3479,R160 | R399,person | corporate,1468 -,http://thesaurus.cerl.org/record/cnp01882105 | http://thesaurus.cerl.org/record/cnc00013896,"[{""characterisation"":[""ari""],""externalId"":[""http://thesaurus.cerl.org/record/cnp01882105""],""gender"":1002,""name"":""Bludowsky, Ugo <libraio antiquario; fl. 1880>"",""ownerId"":4319,""role"":""R160"",""type"":""person"",""typeOrProfession"":[""bkt""]},{""characterisation"":[""noc""],""dates"":""1468 -"",""externalId"":[""http://thesaurus.cerl.org/record/cnc00013896""],""name"":""Venezia, Biblioteca Nazionale Marciana"",""ownerId"":3479,""role"":""R399"",""type"":""corporate"",""typeOrProfession"":[""lib""],""variants"":[""Venise (Italie), Biblioteca nazionale Marciana"",""Venice (Italy), Marciana National Library"",""Venedig (Italien), Bibliothek Marciana""]}]",Legatura del 20. sec. in pergamena rigida.,x,c,b,a,g,,,,,,,,,,70,lire,Miscellanea acquistata dall'antiquario Bludowsky per il prezzo complessivo di 70 lire.,,1,"{""edges"":""d"",""furniture"":0,""gauffered"":""d"",""tooling"":""d"",""writingOnEdges"":""d""}"
02012280-p001,02012280,1,1801,,19,a,n,ax,a,"La miscellanea, con il presente incunabolo, venne acquistata dalla Biblioteca il 28 maggio 1889, cfr. Archivio della Biblioteca, Rendiconti 1889, quietanza n. 3.",e-it,1,"Bludowsky, Ugo <libraio antiquario; fl. 1880>",4319,R160,person,,http://thesaurus.cerl.org/record/cnp01882105,"[{""characterisation"":[""ari""],""externalId"":[""http://thesaurus.cerl.org/record/cnp01882105""],""gender"":1002,""name"":""Bludowsky, Ugo <libraio antiquario; fl. 1880>"",""ownerId"":4319,""role"":""R160"",""type"":""person"",""typeOrProfession"":[""bkt""]}]",Legatura del 20. sec. in pergamena rigida.,x,c,b,a,g,,,,,,,,,,70,lire,Miscellanea acquistata dall'antiquario Bludowsky per il prezzo complessivo di 70 lire.,,1,"{""edges"":""d"",""furniture"":0,""gauffered"":""d"",""tooling"":""d"",""writingOnEdges"":""d""}"
02012280-p002,02012280,2,,,,,,,,,e-it,1,"Venezia, Biblioteca Nazionale Marciana",,R399,corporate,,,"[{""name"":""Venezia, Biblioteca Nazionale Marciana"",""role"":""R399"",""type"":""corporate""}]",,,,,,,,,,,,,,,,,,,,0,
00570038-p001,00570038,1,1700,1915,17 | 18 | 19 | 20,,o | s,,,"Genaues Eingangsdatum unbekannt, vor 1744 in der Stadtbibliothek Zürich (vgl. Cat. Tig., Bd. 1, S. 168)",e-sz,1,Stadtbibliothek Zürich,00026279,R390,corporate,,http://d-nb.info/gnd/17078-1,"[{""characterisation"":[""noc""],""externalId"":[""http://d-nb.info/gnd/17078-1""],""name"":""Stadtbibliothek Zürich"",""ownerId"":""00026279"",""professionOrType"":[""lib""],""role"":""R390"",""type"":""corporate"",""variants"":[""Zürich, Stadtbibliothek "",""Bürgerbibliothek Zürich"",""Bibliotheca Tigurinorum civica"",""Bibliotheca Tigurina""]}]",,,,,,,,,,,,,,,"[{""note"":""G 207""}]",,,,,1,
00570038-p002,00570038,2,1916,,20,a,,,e,,e-sz,1,"Zürich, Zentralbibliothek",00022261,R399,corporate,,CERL Thesaurus cnc00009164,"[{""characterisation"":[""noc""],""externalId"":[""CERL Thesaurus cnc00009164""],""name"":""Zürich, Zentralbibliothek"",""ownerId"":""00022261"",""professionOrType"":[""lib""],""role"":""R399"",""type"":""corporate"",""variants"":[""Zentralbibliothek, Zürich"","" Zurich Central Library ""]}]",,,,,,,,,,,,,,,,,,,,1,
00212673-p001,00212673,1,1501,1700,16 | 17,,,,,,,1,"Selden, John (1584-1654)",00014265,,per,1584 - 1654,https://aeolus.bodleian.ox.ac.uk/collections/incunables/provenances_for_mei.xml#xpointer(//*[@id=,"[{""dates"":""1584 - 1654"",""externalId"":[""https://aeolus.bodleian.ox.ac.uk/collections/incunables/provenances_for_mei.xml#xpointer(//*[@id=""],""gender"":1002,""name"":""Selden, John (1584-1654)"",""note"":""while his manuscripts were bequeathed to the Bodleian, his printed books were presented to the Bodleian in 1659 by the executors of John Selden's will; see Macray 110-23; SC II 594-5; D. M. Baratt, `The Library of John Selden and its Later History', BLR 3 (1951), 128-42; John Sparrow, `The Earlier Owners of Books in John Selden's Library', BQR 6 (1931), 263-71; The Bodleian Library in the Seventeenth Century, Guide to an Exhibition (Oxford, 1951), 43-7; Philip 47-8; Rogers, Treasures, 121, 130-1; A. L. Rowse, Four Caroline Portraits (London, 1993), 125-55; Graham Parry, The Trophies of Time: English Antiquaries of the Seventeenth Century (Oxford, 1995), ch. 4; Toomer, Eastern Wisedome, ad indicem, esp. 64-71; Sandra Naiman, `John Selden (1584-1654)', in Pre-Nineteenth-century British Book-collectors and Bibliographers, ed. William Baker and Kenneth Womack, DLB 213 (Detroit, Washington DC, and London, 1999), 297-306; Reid Barbour, John Selden: Measures of the Holy Commonwealth in Seventeenth-century England (Toronto, 2003); the catalogue now kept as MS. Selden supra 111 was drawn up at Selden's house in London, probably shortly after his death; MS. Broxb. 84.10 and MS. Add. C. 40 were drawn up at the Bodleian Library in 1672, the former for Chief Justice Vaughan, the other for another of Selden's executors; some of Selden's books bear his motto `περί παντός την ελευθερίαν'."",""ownerId"":""00014265"",""type"":""per"",""variants"":[""Selden, John""]}]",,,,,,,,,,,,,,,,,,,,0,
00212673-p002,00212673,2,,,,,,,,,e-uk,1,"Oxford, Bodleian library",4209,,corporate,1602 -,http://thesaurus.cerl.org/record/cnc00013057,"[{""characterisation"":[""noc""],""dates"":""1602 -"",""externalId"":[""http://thesaurus.cerl.org/record/cnc00013057""],""name"":""Oxford, Bodleian library"",""ownerId"":4209,""professionOrType"":[""uni""],""type"":""corporate""}]",,,,,,,,,,,,,,,,,,,,1,
02012278-p001,02012278,1,1801,,19,a,n,ax,a,"La miscellanea, con il presente incunabolo, venne acquistata dalla Biblioteca il 28 maggio 1889, cfr. Archivio della Biblioteca, Rendiconti 1889, quietanza n. 3.",e-it,2,"Bludowsky, Ugo <libraio antiquario; fl. 1880> | Venezia, Biblioteca Nazionale Marciana",4319 | 3479,R160 | R399,person | corporate,1468 -,http://thesaurus.cerl.org/record/cnp01882105 | http://thesaurus.cerl.org/record/cnc00013896,"[{""characterisation"":[""ari""],""externalId"":[""http://thesaurus.cerl.org/record/cnp01882105""],""gender"":1002,""name"":""Bludowsky, Ugo <libraio antiquario; fl. 1880>"",""ownerId"":4319,""role"":""R160"",""type"":""person"",""typeOrProfession"":[""bkt""]},{""characterisation"":[""noc""],""dates"":""1468 - "",""externalId"":[""http://thesaurus.cerl.org/record/cnc00013896""],""name"":""Venezia, Biblioteca Nazionale Marciana"",""ownerId"":3479,""role"":""R399"",""type"":""corporate"",""typeOrProfession"":[""lib""],""variants"":[""Venise (Italie), Biblioteca nazionale Marciana"",""Venice (Italy), Marciana National Library"",""Venedig (Italien), Bibliothek Marciana""]}]",Legatura del 20. sec. in pergamena rigida.,x,c,b,a,g,,,,,,,,,,70,lire,Miscellanea acquistata dall'antiquario Bludowsky per il prezzo complessivo di 70 lire.,,1,"{""edges"":""d"",""furniture"":0,""gauffered"":""d"",""tooling"":""d"",""writingOnEdges"":""d""}"
02161113-p001,02161113,1,1918,1930,20,,,,,[1918 marks the approximate time after which Vollbehr's activity as bookseller began],e-gx,1,"Vollbehr, Otto Heinrich Friedrich",2820,,per,1869-1946,http://thesaurus.cerl.org/record/cnp01427211 | https://de.wikipedia.org/wiki/Otto_Vollbehr,"[{""dates"":""1869-1946"",""externalId"":[""http://thesaurus.cerl.org/record/cnp01427211"",""https://de.wikipedia.org/wiki/Otto_Vollbehr""],""gender"":""1002"",""name"":""Vollbehr, Otto Heinrich Friedrich"",""ownerId"":""2820"",""type"":""per""}]",,,,,,,,,,,,,,,,,,,,1,
02161113-p002,02161113,2,1930,,20,,,,a,Part of the collection of incunabula purchased by Act of Congress in 1930. ,n-us-dc,1,"Washington, D.C., Library of Congress",4116,,cor,1800-,http://thesaurus.cerl.org/record/cnc00012752,"[{""dates"":""1800-"",""externalId"":[""http://thesaurus.cerl.org/record/cnc00012752""],""name"":""Washington, D.C., Library of Congress"",""ownerId"":""4116"",""type"":""cor"",""variants"":[""LOC""]}]",,,,,,,,,,,,,,,,,,,,1,
02101265-p001,02101265,1,1486,1550,15 | 16,a,k | l,a,g,,,1,Anonymous,00017848,R390,person,1451-1550,,"[{""dates"":""1451-1550"",""name"":""Anonymous "",""ownerId"":""00017848"",""role"":""R390"",""type"":""person"",""variants"":[""Anonymous""]}]",Dark brown leather binding. Tooled decoration on both boards consisting of a pattern of lines with a simple design of a pot with flowers hanging over in the middle. The back board is in a better state than the front board. Simple tooled lines on the spine. Part of the metal furniture is missing.,t,c,a,b,c,,,,,"The rubrication has been printed along with the rest of the text. The blank spaces for the initials were never filled in, apart from some in the first part of book, which were very likely done by a former owner.",,,,,,,,,0,"{""edges"":""b"",""furniture"":""1"",""gauffered"":""d"",""hasPartialRubrication"":""1"",""tooling"":""a"",""writingOnEdges"":""d""}"
02101265-p002,02101265,2,1724,1804,18 | 19,a,m | s,a,x,"This book is mentioned in the list of incunabula acquired from the collection of Jacob Visser, see inc. 266  in: Catalogus der verzameling van […] wijlen den heer Mr. J. Visser […] voor de Koninklijke Bibliotheek […] aangekocht en overgenomen. [Den Haag, ca. 1809-1810] (The Hague, KB, 77 K 27). 
",e-ne,1,"Visser, Jacob",00016480,R390,person,1724-1804,,"[{""characterisation"":[""noc""],""dates"":""1724-1804"",""gender"":""1002"",""name"":""Visser, Jacob"",""ownerId"":""00016480"",""professionOrType"":[""law""],""role"":""R390"",""type"":""person""}]",,,,,,,,,,,,,Fourth front endleaf (recto): 'Officia per Car[illegible] Ann[illegible] Canonica venetris [underlined] per Joannem de Ballis [underlined] 1486. / leteris [?] rubro nigris',,,,,,1809,1,"{""hasPersonalNotes"":""1"",""msFrequency"":""a"",""msLocation"":""a""}"
02101265-p003,02101265,3,1809,,19,a,h | o | s,a,a,"Acquired from the collection of Jacob Visser, see inc. 266  in: Catalogus der verzameling van […] wijlen den heer Mr. J. Visser […] voor de Koninklijke Bibliotheek […] aangekocht en overgenomen [The Hague, ca. 1809-1810] (The Hague, KB, 77 K 27).
",e-ne,1,Koninklijke Bibliotheek - Nationale Bibliotheek van Nederland,4014,R399,corporate,1798-,http://thesaurus.cerl.org/record/cnc00011239,"[{""characterisation"":[""noc""],""dates"":""1798-"",""externalId"":[""http://thesaurus.cerl.org/record/cnc00011239""],""name"":""Koninklijke Bibliotheek - Nationale Bibliotheek van Nederland"",""ownerId"":""4014"",""professionOrType"":[""lib""],""role"":""R399"",""type"":""corporate"",""variants"":[""The Hague, Koninklijke Bibliotheek"",""Den Haag, Koninklijke Bibliotheek"",""Den Haag, KB""]}]",,,,,,,,,,,,,,"Stamp of KB, used between 1867-1880. See: https://www.kb.nl/sites/default/files/150e13.jpg","[{""note"":""II 11 [Olim]""}]",,,,,1,
00200684-p001,00200684,1,,,,,,,,,e-pl,1,"Szczyrzyc, Cistercians, OCist",00041005,R399,corporate,1234-,,"[{""characterisation"":[""rel""],""dates"":""1234-"",""gender"":""1002"",""name"":""Szczyrzyc, Cistercians, OCist"",""ownerId"":""00041005"",""professionOrType"":[""rei""],""role"":""R399"",""type"":""corporate"",""variants"":[""Opactwo OO.Cystersów w Szczyrzycu""]}]",,,,,,,,,,,,,,,,,,,,1,
02000952-p001,02000952,1,1891,,19,a,,cf,a,"Bought in July, 1900",e-uk,1,British Museum Library,3442,R399,corporate,1753-,https://aeolus.bodleian.ox.ac.uk/collections/incunables/provenances_for_mei.xml#xpointer(//*[@id= | http://www.bl.uk/reshelp/findhelprestype/prbooks/provenanceresearch/provenanceresearch.html,"[{""characterisation"":[""noc""],""dates"":""1753-"",""externalId"":[""https://aeolus.bodleian.ox.ac.uk/collections/incunables/provenances_for_mei.xml#xpointer(//*[@id="",""http://www.bl.uk/reshelp/findhelprestype/prbooks/provenanceresearch/provenanceresearch.html""],""name"":""British Museum Library"",""ownerId"":3442,""role"":""R399"",""type"":""corporate"",""variants"":[""London, British Museum Library, since 1973 The British Library"",""British Museum, London, Bibliotheca Britannica"",""British Museum, London, King's Library"",""King's Library, London"",""British Museum. Department of Printed Books"",""British Museum. Department of Manuscripts""]}]",,,,,,,,,,,,,,,,,,,,1,
00559729-p001,00559729,1,,,,,,,,,,1,"De Landau, Horace, barone",00013077,R390,person,1824-1903,https://aeolus.bodleian.ox.ac.uk/collections/incunables/provenances_for_mei.xml#xpointer(//*[@id= | http://thesaurus.cerl.org/record/cnp01884915,"[{""dates"":""1824-1903"",""externalId"":[""https://aeolus.bodleian.ox.ac.uk/collections/incunables/provenances_for_mei.xml#xpointer(//*[@id="",""http://thesaurus.cerl.org/record/cnp01884915""],""name"":""De Landau, Horace, barone"",""ownerId"":""00013077"",""role"":""R390"",""type"":""person"",""variants"":[""Landau, Horace; Baron"",""Landau, Orazio""]}]",,,,,,,,,,,,,,,,,,,,0,
00559729-p002,00559729,2,,,,a,,,,"Bookplate of Baron Horace de Landau, with monogram 'HL', doubled and interlaced, and coronet, on upper pastedown, bearing his number '4283'.  Marked 'n.e B.e ix.' in brown on first upper free endpaper.  Bought of Davis and Orioli through the Wilson-Barkworth Fund on 5 August 1953, with armorial bookplate 'Liber emptus ex legato Arturi Bromby Wilson-Barkworth' and purchase note on upper pastedown.",e-uk-en,1,Cambridge University Library,3463,R390,corporate,,http://thesaurus.cerl.org/record/cnc00002301,"[{""characterisation"":[""noc""],""externalId"":[""http://thesaurus.cerl.org/record/cnc00002301""],""name"":""Cambridge University Library"",""ownerId"":""3463"",""professionOrType"":[""lib""],""role"":""R390"",""type"":""corporate"",""variants"":[""Cambridge, University, Library"",""University Library, Cambridge"",""University of Cambridge, Cambridge University Library"",""University of Cambridge, Library"",""University of Cambridge, University Library""]}]","Blind-tooled purple morocco over wooden boards, with crest [head of dog with bone in mouth] gilt at foot of spine, 19th century.",,,,,,,,,"Initials in alternating blue and red supplied by hand, Italy, Florence [?], late 15th century.",,,"Guide letters supplied by hand, Italy, Florence [?], late 15th century.  Names of Sane, Blagius and Margherita added to the litanies on leaves f1v-f2r in contemporary hand (mercantesca).",,,,,,,1,
00559730-p001,00559730,1,,,,,,,,,e-it,1,"Strozzi family, of Florence",4380,R390,person,,http://thesaurus.cerl.org/record/cnp00554025,"[{""externalId"":[""http://thesaurus.cerl.org/record/cnp00554025""],""name"":""Strozzi family, of Florence"",""ownerId"":""4380"",""role"":""R390"",""type"":""person"",""variants"":[""Strozzi, family of Florence""]}]",,,,,,,,,,,,,,,,,,,,1,
00559730-p002,00559730,2,1865,1939,19 | 20,,e,,,,e-it,1,"Ginori Conti, Piero",4214,R390,person,1865-1939,http://thesaurus.cerl.org/record/cnp01256559,"[{""characterisation"":[""ari""],""dates"":""1865-1939"",""externalId"":[""http://thesaurus.cerl.org/record/cnp01256559""],""gender"":""1002"",""name"":""Ginori Conti, Piero"",""ownerId"":""4214"",""professionOrType"":[""pol""],""role"":""R390"",""type"":""person"",""variants"":[""Ginori-Conti, Pietro""]}]",,,,,,,,,,,,,,,,,,,,1,
00559730-p003,00559730,3,1953,1965,20,,,,,,e-it,1,"Chiesa, Carlo Alberto",00011823,R160,person,1926 - 1998,https://aeolus.bodleian.ox.ac.uk/collections/incunables/provenances_for_mei.xml#xpointer(//*[@id=,"[{""characterisation"":[""noc""],""dates"":""1926 - 1998"",""externalId"":[""https://aeolus.bodleian.ox.ac.uk/collections/incunables/provenances_for_mei.xml#xpointer(//*[@id=""],""gender"":""1002"",""name"":""Chiesa, Carlo Alberto "",""ownerId"":""00011823"",""professionOrType"":[""bus""],""role"":""R160"",""type"":""person""}]",,,,,,,,,,,,,,,,,,,,1,
00559730-p004,00559730,4,1965,,20,a,,,a,"A member of the Strozzi family of Florence: crowned armorial Strozzi bookstamp ((three crescents above an eagle) with motto 'Expecto' on leaf [A1] recto, Italy, Florence, late 18th century.  Marked 'soxx.xxx / GC6' in upper left corner of upper pastedown.  Armorial bookplate of Piero Ginori Conti.  Bought of Carlo Alberto Chiesa of Milan on 1 February 1965.",e-uk-en,1,Cambridge University Library,3463,R390,corporate,,http://thesaurus.cerl.org/record/cnc00002301,"[{""characterisation"":[""noc""],""externalId"":[""http://thesaurus.cerl.org/record/cnc00002301""],""name"":""Cambridge University Library"",""ownerId"":""3463"",""professionOrType"":[""lib""],""role"":""R390"",""type"":""corporate"",""variants"":[""Cambridge, University, Library"",""University Library, Cambridge"",""University of Cambridge, Cambridge University Library"",""University of Cambridge, Library"",""University of Cambridge, University Library""]}]","Blind-tooled brown morocco over pasteboards, Italy, Florence [?], late 15th or early 16th century; restored.",,,,,,,,,,,,"Marginal manuscript notes in Italian on leaves c4 recto, h1 verso and K1 verso, late 15th or early 16th century.",,,,,,,1,
00200694-p001,00200694,1,1498,1505,15 | 16,,a,,,a note on a1r: «Questo libro si e dalbertaccio diachopo di ser verdiano de rimbotti e de sua figliuoli che del sopera ditto albertaccio discienderanno nemmo[] I altri che loro possa tener e(?) piu che 3 di sotopena di schomunichazione papale e chonptro albertacci deto libro adi 23 di maggio 1505 da Michele di birgochacini chartolaio chosto lire una e soldi dieci L. 1 S. 10»,e-it,1,"Caccini, Michele, bookseller",00030017,R160,person,1498-1505,,"[{""dates"":""1498-1505"",""gender"":""1002"",""name"":""Caccini, Michele, bookseller"",""ownerId"":""00030017"",""professionOrType"":[""bkt""],""role"":""R160"",""type"":""person""}]",,,,,,,,,,,,,,,,,,,,1,
00200694-p002,00200694,2,1505,1505,16,,a,,a,"a note on a1r: «Questo libro si e dalbertaccio diachopo di ser verdiano de rimbotti e de sua figliuoli che del sopera ditto albertaccio discienderanno nemmo[] I altri che loro possa tener e(?) piu che 3 di sotopena di schomunichazione papale e chonptro albertacci deto libro adi 23 di maggio 1505 da Michele di birgochacini chartolaio chosto lire una e soldi dieci L. 1 S. 10» in a later hand «Questo libro d’Albertaccio, d’Iacopo, di d. Verdiano, d’Antonio, di d. Donato de Rimbotti – La qual famiglia discende da S. Miniato al Tedesco» [today San Miniato, in the province of Pisa]",e-it,1,"Rimbotti, Albertaccio di Jacopo di Verdiano de",00030018,R390,person,1505,,"[{""dates"":""1505"",""gender"":""1002"",""name"":""Rimbotti, Albertaccio di Jacopo di Verdiano de"",""note"":""Floruit"",""ownerId"":""00030018"",""role"":""R390"",""type"":""person""}]",,,,,,,,,,,,,,,,1.10,Lire,1 lira 10 soldi in Florence 1510,1505,1,
00200694-p003,00200694,3,1745,1771,18,,n | o,,,,e-it,1,"Firenze, Biblioteca Palatina Medicea Lotaringia",00021108,R390,corporate,1745-1771,,"[{""characterisation"":[""ari""],""dates"":""1745-1771"",""name"":""Firenze, Biblioteca Palatina Medicea Lotaringia"",""ownerId"":""00021108"",""professionOrType"":[""lib""],""role"":""R390"",""type"":""corporate"",""variants"":[""Firenze, Biblioteca Palatina Mediceo Lotaringia"",""Florence, Biblioteca Palatina Mediceo Lotaringia""]}]",,,,,,,,,,,,,,,"[{""note"":""D. 3, 6, 24 in purple ink, crossed out""}]",,,,,1,"{""provenanceImage"":[{""note"":""Fossius II (1794), pp. 75-76""}]}"
00200694-p004,00200694,4,1861,,19,,,,,,e-it,1,"Firenze, Biblioteca Nazionale Centrale",00010761,,corporate,1861-,http://www.bncf.firenze.sbn.it,"[{""characterisation"":[""noc""],""dates"":""1861-"",""externalId"":[""http://www.bncf.firenze.sbn.it""],""name"":""Firenze, Biblioteca Nazionale Centrale"",""ownerId"":""00010761"",""professionOrType"":[""lib""],""type"":""corporate"",""variants"":[""Bibliotheca Publica Florentina"",""Magliabechi Library"",""National Central Library of Florence"",""Magliabechiana""]}]",,,,,,,,,,,,,,,,,,,,1,
02136284-p001,02136284,1,,,,,,,,(Bl. 2a) Benediktinerkloster Weingarten (Besitzverm. 16./17. Jh.).,,1,Benediktiner Weingarten,00028888,R390,,,,"[{""name"":""Benediktiner Weingarten"",""ownerId"":""00028888"",""role"":""R390"",""variants"":[""Benediktiner Weingarten, OSB""]}]",,,,,,,,,,,,,,,,,,,,1,
02136284-p002,02136284,2,,,,,,,,(Bl. 2a) Stuttgart: Königliche Handbibliothek (durchgestrichener Stempel).,,1,Königliche Handbibliothek Stuttgart,00028776,R390,,,https://books.google.com/books?id=2mKckyfFbtkC&pg=PA285&lpg=PA285&dq=%22königliche+handbibliothek%22+%22königliche+hofbibliothek%22&source=bl&ots=TcMnhp_G0N&sig=XYPhONwngZENxE3ApL-bFRCS80M&hl=en&sa=X&ved=0ahUKEwiHheLxoe7YAhUiSt8KHb06AVcQ6AEIXDAK#v=onepage&q=%22königliche%20handbibliothek%22%20%22königliche%20hofbibliothek%22&f=false,"[{""externalId"":[""https://books.google.com/books?id=2mKckyfFbtkC&pg=PA285&lpg=PA285&dq=%22königliche+handbibliothek%22+%22königliche+hofbibliothek%22&source=bl&ots=TcMnhp_G0N&sig=XYPhONwngZENxE3ApL-bFRCS80M&hl=en&sa=X&ved=0ahUKEwiHheLxoe7YAhUiSt8KHb06AVcQ6AEIXDAK#v=onepage&q=%22königliche%20handbibliothek%22%20%22königliche%20hofbibliothek%22&f=false""],""name"":""Königliche Handbibliothek Stuttgart"",""ownerId"":""00028776"",""role"":""R390"",""variants"":["" Stuttgart, Königliche Handbibliothek"",""Königliche Hofbibliothek""]}]",,,,,,,,,,,,,,,,,,,,1,
02136284-p003,02136284,3,,,,,,,,Tübingen: Wilhelmsstift (alte Signatur V 1550 a). 1935 an die UB abgegeben.,,1,Wilhelmsstift Tübingen,00028915,R390,,,,"[{""name"":""Wilhelmsstift Tübingen"",""ownerId"":""00028915"",""role"":""R390""}]",,,,,,,,,,,,,,,,,,,,1,
02136284-p004,02136284,4,,,,,,,,,,1,Zweig frei,00028803,R110,,,,"[{""name"":""Zweig frei"",""ownerId"":""00028803"",""role"":""R110""}]","Blindgeprägter roter Lederband über Holz. Einzelstempel und Streicheisenlinien. Werkstatt: Süd-Württemberg, Zweig frei (EBDB w003079). Reste einer Schließe. Blattweiser. Lagenschutzstreifen. Auf beiden Spiegeln Fragmente einer Perg.-Hs.: Augustinus, Sermones (zweite Hälfte 14. Jh.).",,,,,,,,,,,,,,,,,,,1,"{""bindingDescription"":[""http://www.hist-einband.de/?ws=w003079""]}"
02136284-p005,02136284,5,,,,,,,,,,1,Universitätsbibliothek Tübingen,00028883,R399,,,https://thesaurus.cerl.org/cgi-bin/record.pl?rid=cnc00025088 | https://thesaurus.cerl.org/cgi-bin/record.pl?rid=cnc00005655 | https://thesaurus.cerl.org/cgi-bin/record.pl?rid=cnc00013333,"[{""externalId"":[""https://thesaurus.cerl.org/cgi-bin/record.pl?rid=cnc00025088"",""https://thesaurus.cerl.org/cgi-bin/record.pl?rid=cnc00005655"",""https://thesaurus.cerl.org/cgi-bin/record.pl?rid=cnc00013333""],""name"":""Universitätsbibliothek Tübingen"",""ownerId"":""00028883"",""role"":""R399"",""variants"":[""Tübingen, Universitätsbibliothek "","" Tuebingen UB"",""Tübingen, Eberhard-Karls-Universität"",""Tubingen UB""]}]",,,,,,,,,,,,,,,,,,,,1,
02124929-p001,02124929,1,1888,1901,19 | 20,a,h,a | c,,On front flyleaf.,,1,Blunson & Co.,00010209,R110,corporate,1888-1901,,"[{""characterisation"":[""noc""],""dates"":""1888-1901"",""name"":""Blunson & Co. "",""ownerId"":""00010209"",""professionOrType"":[""bkt""],""role"":""R110"",""type"":""corporate"",""variants"":[""Blunson & Co.""]}]","Modern black morocco with gilt rolled borders, spine and turn-ins, gilt edges and marbled endpapers by Blunson & Co.",w,c,b,b,g,134,113,33,,,,,,,,,,,0,"{""edges"":""a"",""furniture"":""0"",""gauffered"":""d"",""titling"":[""b""],""tooling"":""a"",""writingOnEdges"":""d""}"
02124929-p002,02124929,2,1944,1944,20,a,s,a | c,x,,e-uk-en,1,"Rosenthal, Albi",00014088,R160,person,1914-2004,https://aeolus.bodleian.ox.ac.uk/collections/incunables/provenances_for_mei.xml#xpointer(//*[@id=,"[{""characterisation"":[""noc""],""dates"":""1914-2004"",""externalId"":[""https://aeolus.bodleian.ox.ac.uk/collections/incunables/provenances_for_mei.xml#xpointer(//*[@id=""],""gender"":""1002"",""name"":""Rosenthal, Albi"",""ownerId"":""00014088"",""professionOrType"":[""bkt""],""role"":""R160"",""type"":""person"",""variants"":[""Rosenthal, Albrecht Gabriel""]}]",,,,,,,,,,,,,,,,,,,,1,
02124929-p003,02124929,3,1944,,20,a,e | h | o,a | c,a,"Bought by the Library from A. Rosenthal, Ltd. with the Lauriston Castle Fund 24 May 1944.",e-uk-st,1,National Library of Scotland,00017371,R399,corporate,1925-,,"[{""characterisation"":[""noc""],""dates"":""1925-"",""name"":""National Library of Scotland"",""ownerId"":""00017371"",""professionOrType"":[""lib""],""role"":""R399"",""type"":""corporate""}]",,,,,,,,,,,,,,,,,,,,1,
02135886-p001,02135886,1,,,,,,,,,,1,Universitätsbibliothek Tübingen,00028883,R399,,,https://thesaurus.cerl.org/cgi-bin/record.pl?rid=cnc00025088 | https://thesaurus.cerl.org/cgi-bin/record.pl?rid=cnc00005655 | https://thesaurus.cerl.org/cgi-bin/record.pl?rid=cnc00013333,"[{""externalId"":[""https://thesaurus.cerl.org/cgi-bin/record.pl?rid=cnc00025088"",""https://thesaurus.cerl.org/cgi-bin/record.pl?rid=cnc00005655"",""https://thesaurus.cerl.org/cgi-bin/record.pl?rid=cnc00013333""],""name"":""Universitätsbibliothek Tübingen"",""ownerId"":""00028883"",""role"":""R399"",""variants"":[""Tübingen, Universitätsbibliothek "","" Tuebingen UB"",""Tübingen, Eberhard-Karls-Universität"",""Tubingen UB""]}]",,,,,,,,,,,,,,,,,,,,1,
02120861-p001,02120861,1,,,,a,,,,,e-au,1,"Wien, Österreichische  Nationalbibliothek",2839,R399,corporate,,http://thesaurus.cerl.org/record/cnc00020465 | https://aeolus.bodleian.ox.ac.uk/collections/incunables/provenances_for_mei.xml#xpointer(//*[@id= | https://www.onb.ac.at/en/about-us/650th-anniversary/timeline/,"[{""characterisation"":[""noc""],""externalId"":[""http://thesaurus.cerl.org/record/cnc00020465"",""https://aeolus.bodleian.ox.ac.uk/collections/incunables/provenances_for_mei.xml#xpointer(//*[@id="",""https://www.onb.ac.at/en/about-us/650th-anniversary/timeline/""],""name"":""Wien, Österreichische  Nationalbibliothek"",""ownerId"":2839,""professionOrType"":[""lib""],""role"":""R399"",""type"":""corporate"",""variants"":[""Wien, Österreichische Nationalbibliothek"",""Vienne (Autriche), Österreichische Nationalbibliothek"",""Vienna, Hofbibliothek"",""Vienna, Bibliotheca Regia"",""Vienna, Österreichische Nationalbibliothek""]}]",,,,,,,,,,,,,,,,,,,,1,
00559789-p001,00559789,1,,,,,,,,,,1,"Bradshaw, Henry",00018465,R390,person,1831-1886,,"[{""dates"":""1831-1886"",""name"":""Bradshaw, Henry"",""ownerId"":""00018465"",""role"":""R390"",""type"":""person""}]",,,,,,,,,,,,,,,,,,,,0,
00559789-p002,00559789,2,,,,,,,,,,1,"Regensburg, Benedictines, S. Emmeramus, OSB",00013973,R390,corporate,,https://aeolus.bodleian.ox.ac.uk/collections/incunables/provenances_for_mei.xml#xpointer(//*[@id= | https://data.cerl.org/thesaurus/cnc00012045 | https://hdbg.eu/kloster/index.php/detail/geschichte?id=KS0329 | https://lccn.loc.gov/n82157536 | https://klosterdatenbank.adw-goe.de/gsn/60329,"[{""externalId"":[""https://aeolus.bodleian.ox.ac.uk/collections/incunables/provenances_for_mei.xml#xpointer(//*[@id="",""https://data.cerl.org/thesaurus/cnc00012045"",""https://hdbg.eu/kloster/index.php/detail/geschichte?id=KS0329"",""https://lccn.loc.gov/n82157536"",""https://klosterdatenbank.adw-goe.de/gsn/60329""],""name"":""Regensburg, Benedictines, S. Emmeramus, OSB"",""ownerId"":""00013973"",""role"":""R390"",""type"":""corporate"",""variants"":[""Regensburg, Benediktinerabtei, St. Emmeram, OSB"",""Abtei St. Emmeran, Regensburg"",""Abtei St. Emmeram, Ratisbonne"",""Benediktinerabtei St. Emmeram"",""Kloster Sankt Emmeram"",""Benediktinerkloster St. Emmeram"",""Regensburg (Germany). St. Emmeram Monastery"",""Monasterii S. Emmerami"",""St. Emmeram’s Abbey"",""Reichsabtei Sankt Emmeram""]}]",,,,,,,,,,,,,,,,,,,,0,
00559789-p003,00559789,3,,,,a,,,,"An erased inscription on leaf [pi1] recto, 15th [?] century, and an unidentified inscription on leaf y8 recto, 16th century.  Inscribed 'Monasterii S. Emmerami. Ratisbo[ne]', on leaf [pi1] recto, i.e. the Benedictine monastery of SS. Emmeramus, Georgius, Secundarius, Dionysius, Wolfgangus, at Regensburg, Germany, 18th century.  Priced 'n/d/-' within a decorated initial on leaf [con8] verso and on lower pastedown, 19th century.  From the library of Henry Bradshaw, 1886 (printed label).",e-uk-en,1,Cambridge University Library,3463,R390,corporate,,http://thesaurus.cerl.org/record/cnc00002301,"[{""characterisation"":[""noc""],""externalId"":[""http://thesaurus.cerl.org/record/cnc00002301""],""name"":""Cambridge University Library"",""ownerId"":""3463"",""professionOrType"":[""lib""],""role"":""R390"",""type"":""corporate"",""variants"":[""Cambridge, University, Library"",""University Library, Cambridge"",""University of Cambridge, Cambridge University Library"",""University of Cambridge, Library"",""University of Cambridge, University Library""]}]","Red leather [sheepskin ?] over unbevelled wooden boards, sewn on two double-cord bands, with endbands on single cord core with herringbone stitching, with parchment guards at centre of gatherings, a rectangular decorated brass catch at centre of the front edge of upper board, and a reversed leather fastening strap and decorated brass clasp, with 'YHS' monogram, secured by a rectangular decorated brass plaquette and three brass nails to the centre of the fore-edge of lower board, and reversed leather tabs at fore-edge of leaves to mark the beginning of prayers, Germany, Regensburg [?], late 15th or early 16th century.",,,,,,,,,"Puzzle initial in red and blue with marginal extension and pen-flourished decoration in light purple on leaf a1 recto, initials in alternating red and blue, some with reserved decoration and/or extensions, highlighting of printed capitals and underlining of captions in red, all supplied by hand, Germany, Regensburg [?], late 15th century.",,,,,,,,,,1,
02118529-p001,02118529,1,,,,a,,,,,e-au,1,"Wien, Österreichische  Nationalbibliothek",2839,R399,corporate,,http://thesaurus.cerl.org/record/cnc00020465 | https://aeolus.bodleian.ox.ac.uk/collections/incunables/provenances_for_mei.xml#xpointer(//*[@id= | https://www.onb.ac.at/en/about-us/650th-anniversary/timeline/,"[{""characterisation"":[""noc""],""externalId"":[""http://thesaurus.cerl.org/record/cnc00020465"",""https://aeolus.bodleian.ox.ac.uk/collections/incunables/provenances_for_mei.xml#xpointer(//*[@id="",""https://www.onb.ac.at/en/about-us/650th-anniversary/timeline/""],""name"":""Wien, Österreichische  Nationalbibliothek"",""ownerId"":2839,""professionOrType"":[""lib""],""role"":""R399"",""type"":""corporate"",""variants"":[""Wien, Österreichische Nationalbibliothek"",""Vienne (Autriche), Österreichische Nationalbibliothek"",""Vienna, Hofbibliothek"",""Vienna, Bibliotheca Regia"",""Vienna, Österreichische Nationalbibliothek""]}]",,,,,,,,,,,,,,,,,,,,1,
02136285-p001,02136285,1,,,,,,,,(Bl. 1a) Sum Christophori Göswini Gamundiani Besitzvermerk von 1577; außerdem auf dem vord. Deckel C G G // 1577 geprägt. Christoph Göswein Vorbesitzer und Schreiber der beigeb. Hss.,,1,"Göswein, Christoph",00028543,R390,per,,,"[{""name"":""Göswein, Christoph"",""ownerId"":""00028543"",""role"":""R390"",""type"":""per""}]",,,,,,,,,,,,,,,,,,,,0,
02136285-p002,02136285,2,,,,,,,,"Wahrscheinlich über die Deutschordensbibliothek Mergentheim in die UB Tübingen, vgl. Brinkhus / Mentzel-Reuters, Einl. S. 33.",,1,Deutscher Orden Mergentheim,00028519,R390,cor,,,"[{""name"":""Deutscher Orden Mergentheim"",""ownerId"":""00028519"",""role"":""R390"",""type"":""cor""}]",,,,,,,,,,,,,,,,,,,,1,
02136285-p003,02136285,3,,,,,,,,,,1,Universitätsbibliothek Tübingen,00028883,R399,,,https://thesaurus.cerl.org/cgi-bin/record.pl?rid=cnc00025088 | https://thesaurus.cerl.org/cgi-bin/record.pl?rid=cnc00005655 | https://thesaurus.cerl.org/cgi-bin/record.pl?rid=cnc00013333,"[{""externalId"":[""https://thesaurus.cerl.org/cgi-bin/record.pl?rid=cnc00025088"",""https://thesaurus.cerl.org/cgi-bin/record.pl?rid=cnc00005655"",""https://thesaurus.cerl.org/cgi-bin/record.pl?rid=cnc00013333""],""name"":""Universitätsbibliothek Tübingen"",""ownerId"":""00028883"",""role"":""R399"",""variants"":[""Tübingen, Universitätsbibliothek "","" Tuebingen UB"",""Tübingen, Eberhard-Karls-Universität"",""Tubingen UB""]}]","Kalblederband über Holz, datiert 1577. Platten und Monogramm C G G. Gleiche Platten beim Druck Gf 799 4° (aus dem Besitz der Gmünder Augustiner-Eremiten). Reste von zwei Schließen. Je 4 Eckbeschläge auf den Deckeln. Auf beiden Spiegeln Kupferstiche eingeklebt (vorn Christus, hinten Maria). Schnitt rot. Blattweiser (rotes Leder).",,,,,,,,,,,,,,,,,,,1,
02120860-p001,02120860,1,,,,a,,,,,e-au,1,"Wien, Österreichische  Nationalbibliothek",2839,R399,corporate,,http://thesaurus.cerl.org/record/cnc00020465 | https://aeolus.bodleian.ox.ac.uk/collections/incunables/provenances_for_mei.xml#xpointer(//*[@id= | https://www.onb.ac.at/en/about-us/650th-anniversary/timeline/,"[{""characterisation"":[""noc""],""externalId"":[""http://thesaurus.cerl.org/record/cnc00020465"",""https://aeolus.bodleian.ox.ac.uk/collections/incunables/provenances_for_mei.xml#xpointer(//*[@id="",""https://www.onb.ac.at/en/about-us/650th-anniversary/timeline/""],""name"":""Wien, Österreichische  Nationalbibliothek"",""ownerId"":2839,""professionOrType"":[""lib""],""role"":""R399"",""type"":""corporate"",""variants"":[""Wien, Österreichische Nationalbibliothek"",""Vienne (Autriche), Österreichische Nationalbibliothek"",""Vienna, Hofbibliothek"",""Vienna, Bibliotheca Regia"",""Vienna, Österreichische Nationalbibliothek""]}]",,,,,,,,,,,,,,,,,,,,1,
02120859-p001,02120859,1,,,,a,,,,,e-au,1,"Wien, Österreichische  Nationalbibliothek",2839,R399,corporate,,http://thesaurus.cerl.org/record/cnc00020465 | https://aeolus.bodleian.ox.ac.uk/collections/incunables/provenances_for_mei.xml#xpointer(//*[@id= | https://www.onb.ac.at/en/about-us/650th-anniversary/timeline/,"[{""characterisation"":[""noc""],""externalId"":[""http://thesaurus.cerl.org/record/cnc00020465"",""https://aeolus.bodleian.ox.ac.uk/collections/incunables/provenances_for_mei.xml#xpointer(//*[@id="",""https://www.onb.ac.at/en/about-us/650th-anniversary/timeline/""],""name"":""Wien, Österreichische  Nationalbibliothek"",""ownerId"":2839,""professionOrType"":[""lib""],""role"":""R399"",""type"":""corporate"",""variants"":[""Wien, Österreichische Nationalbibliothek"",""Vienne (Autriche), Österreichische Nationalbibliothek"",""Vienna, Hofbibliothek"",""Vienna, Bibliotheca Regia"",""Vienna, Österreichische Nationalbibliothek""]}]",,,,,,,,,,,,,,,,,,,,1,
02136283-p001,02136283,1,,,,,,,,Benediktinerkloster Weingarten ?,,1,Benediktiner Weingarten,00028888,R390,cor,,,"[{""name"":""Benediktiner Weingarten"",""ownerId"":""00028888"",""role"":""R390"",""type"":""cor"",""variants"":[""Benediktiner Weingarten, OSB""]}]",,,,,,,,,,,,,,,,,,,,1,
02136283-p002,02136283,2,,,,,,,,,,1,P. A.,00028864,R110,,,,"[{""name"":""P. A."",""ownerId"":""00028864"",""role"":""R110""}]","Blindgeprägter Lederband über Holz mit Ovid-Cicero-Rolle und Platte Christkind mit Reichsapfel und Halskette. Werkstatt: P. A. (Haebler I, 24: vielleicht in der Gegend von Weingarten, Mitte 16. Jh.).",,,,,,,,,,,,,,,,,,,1,
02136283-p003,02136283,3,,,,,,,,,,1,Universitätsbibliothek Tübingen,00028883,R399,,,https://thesaurus.cerl.org/cgi-bin/record.pl?rid=cnc00025088 | https://thesaurus.cerl.org/cgi-bin/record.pl?rid=cnc00005655 | https://thesaurus.cerl.org/cgi-bin/record.pl?rid=cnc00013333,"[{""externalId"":[""https://thesaurus.cerl.org/cgi-bin/record.pl?rid=cnc00025088"",""https://thesaurus.cerl.org/cgi-bin/record.pl?rid=cnc00005655"",""https://thesaurus.cerl.org/cgi-bin/record.pl?rid=cnc00013333""],""name"":""Universitätsbibliothek Tübingen"",""ownerId"":""00028883"",""role"":""R399"",""variants"":[""Tübingen, Universitätsbibliothek "","" Tuebingen UB"",""Tübingen, Eberhard-Karls-Universität"",""Tubingen UB""]}]",,,,,,,,,,,,,,,,,,,,1,
02120572-p001,02120572,1,,,,a,,,,,e-au,1,"Wien, Österreichische  Nationalbibliothek",2839,R399,corporate,,http://thesaurus.cerl.org/record/cnc00020465 | https://aeolus.bodleian.ox.ac.uk/collections/incunables/provenances_for_mei.xml#xpointer(//*[@id= | https://www.onb.ac.at/en/about-us/650th-anniversary/timeline/,"[{""characterisation"":[""noc""],""externalId"":[""http://thesaurus.cerl.org/record/cnc00020465"",""https://aeolus.bodleian.ox.ac.uk/collections/incunables/provenances_for_mei.xml#xpointer(//*[@id="",""https://www.onb.ac.at/en/about-us/650th-anniversary/timeline/""],""name"":""Wien, Österreichische  Nationalbibliothek"",""ownerId"":2839,""professionOrType"":[""lib""],""role"":""R399"",""type"":""corporate"",""variants"":[""Wien, Österreichische Nationalbibliothek"",""Vienne (Autriche), Österreichische Nationalbibliothek"",""Vienna, Hofbibliothek"",""Vienna, Bibliotheca Regia"",""Vienna, Österreichische Nationalbibliothek""]}]",,,,,,,,,,,,,,,,,,,,1,
02138640-p001,02138640,1,,,,,,,,"veiling J.G.F.B. Kloss, Londen, Sotheby's, 7-5-1835, lot 4028, voor £ 0: 2: 0 verkocht aan Abraham Auerbach.",,0,,,,,,,,,,,,,,,,,,,,,,,,,,,1,
02138640-p002,02138640,2,,,,,,,,,e-ne,1,"Westreenen van Tiellandt, Willem Hendrik Jacob van",00016628,R390,person,,http://thesaurus.cerl.org/record/cnp01397346 | http://thesaurus.cerl.org/record/cnp02141281 | http://thesaurus.cerl.org/record/cnp01259036,"[{""externalId"":[""http://thesaurus.cerl.org/record/cnp01397346"",""http://thesaurus.cerl.org/record/cnp02141281"",""http://thesaurus.cerl.org/record/cnp01259036""],""name"":""Westreenen van Tiellandt, Willem Hendrik Jacob van"",""ownerId"":""00016628"",""professionOrType"":[""lic""],""role"":""R390"",""type"":""person"",""variants"":[""Westreenen Van Tiellandt, Willem Hendrik Jacob van"",""Westreenen Van Tiellandt, Willem Hendrik Jacob Baron van""]}]",,,,,,,,,,,,,,,,,,,,1,
02138640-p003,02138640,3,,,,,,,,"Verwerving: boekhandel Longman, Londen, catalogue 1836, lot 1614, £ 0: 6: 0 (AR 9-7-1836, FA 156/023v).",e-ne,1,Museum Meermanno | Huis van het boek,00016814,R399,corporate,,,"[{""name"":""Museum Meermanno | Huis van het boek"",""ownerId"":""00016814"",""professionOrType"":[""lib""],""role"":""R399"",""type"":""corporate"",""variants"":[""The Hague, Museum Meermanno "",""Museum Meermanno-Westreenianum"",""Museum Meermanno | Huis van het Boek""]}]","de buidelband van dit werk werd beschreven door J.A. Szirmai (‘The girdle book of the Museum Meermanno-Westreenianum’, in: Quaerendo 17 (1988), 17-34), die tevens een reconstructie vervaardigde van de band in zijn oorspronkelijke staat (zie Boek, band, kunst. Catalogus van boekbanden door J.A. Szirmai (Amsterdam 1984), 104-105.). Ook deze replica bevindt zich in het museum (Obj. 2543).",,,,,,,,,,,,,,,,,,,1,
02130968-p001,02130968,1,,,,,k,,g,several stamps on the binding can be identified in the Einbanddatenbank as belonging to Hinrich Coster (EBDBD w000948),e-gx,1,"Coster, Hinrich",00026684,,person,,,"[{""characterisation"":[""noc""],""gender"":""1002"",""name"":""Coster, Hinrich"",""ownerId"":""00026684"",""professionOrType"":[""bkt""],""type"":""person""}]",a stamp with a gryffin (EBDB s005005) and one with a pelican (s014587). Clasp still in place.,s,c,a,b,c,150,110,35,,,,,,,,,,,1,"{""edges"":""d"",""furniture"":""0"",""gauffered"":""d"",""titling"":[""z""],""tooling"":""a"",""writingOnEdges"":""d""}"
02130968-p002,02130968,2,1482,1550,15 | 16,,m,,x,,e-gx,1,,00017233,R390,person,,,"[{""characterisation"":[""rel""],""note"":""probably clergy"",""ownerId"":""00017233"",""professionOrType"":[""cle""],""role"":""R390"",""type"":""person"",""variants"":[""Anonymous""]}]",,,,,,,,,,,Blue and red initials inserted by hand.,,"Manusript notes on the paste down, partly in a mixed language from Latin and Middle Low German; 'Sanctus Conradus'; '[...] Leve suster alheyt'. 
Manuscript additions in the calendar part, mostly saints' names.
A few markers in cross shape throughout the text.
Another note on the back paste-down: '[...] xpi constantynopelen cussen'",,,,,,,0,"{""hasLaterRubrication"":""1"",""hasMsReadingMarks"":""1"",""hasMsSupplements"":""1"",""hasPersonalNotes"":""1"",""hasRubrication"":""1"",""msFrequency"":""b"",""msLocation"":""d""}"
02130968-p003,02130968,3,,,,a,o,,x,It is unknown when the book was acquired by or transferred to the library.,e-gx,2,"Wolfenbüttel, Herzog August Bibliothek",00020579,,corporate,1572-,http://thesaurus.cerl.org/record/cnc00012741,"[{""type"":""corporate""},{""dates"":""1572-"",""externalId"":[""http://thesaurus.cerl.org/record/cnc00012741""],""name"":""Wolfenbüttel, Herzog August Bibliothek"",""ownerId"":""00020579"",""professionOrType"":[""lib""],""type"":""corporate""}]",,,,,,,,,,,,,"A bibliographical note in blue ink on the front paste-down, dating from 10th July 1963: 'Borchl.-Claussen 47 sonst nur in Kopenhagen und früher (bis 1945) in Lübeck, aber beide unvollständig'",,,,,,,1,
02131168-p001,02131168,1,1450,1517,15 | 16,,,,g,,e-gx,1,Hildesheim Christuskopf,00017907,R110,corporate,c. 1450-1517,,"[{""characterisation"":[""noc""],""dates"":""c. 1450-1517"",""name"":""Hildesheim Christuskopf"",""ownerId"":""00017907"",""professionOrType"":[""bkt""],""role"":""R110"",""type"":""corporate"",""variants"":[""Hildesheim Fraterherren im Lüchtenhof"",""Rostock Mohnkopf"",""Rostock Klus Rispe""]}]","brown leather binding, the stamps (e.g. Einbanddatenbank EBDB s005462, s005011, s005036) can be attributed to the Hildesheim Christuskopf workshop (w000207). The clasp is still in place",s,c,a,b,c,158,105,54,,,,,,,,,,1484-1517,1,"{""furniture"":""1""}"
02131168-p002,02131168,2,1484,1572,15 | 16,,,,,"A 16th century hand notes on the front flyleaf: 'Aus Steterburgk einkommen, 18 Marcii Anno [15]72'",e-gx,1,Augustinian Canonesses Steterburg,00026775,R390,corporate,1000-1939,,"[{""characterisation"":[""rel""],""dates"":""1000-1939"",""gender"":""1001"",""name"":""Augustinian Canonesses Steterburg"",""ownerId"":""00026775"",""professionOrType"":[""cle""],""role"":""R390"",""type"":""corporate"",""variants"":[""Steterburg, Augustinian Canonesses ""]}]",,,,,,,,,,"The owner glued in seven small leather strips as book marks on the edges of the pages to mark the beginning of new or important text passages. Those are: the beginning of the meditation on the soul following Christ when he bore the cross, of the seven psalms, of the Vorsmak (each part of the book marked seperately, i.e. the preface, the actual meditation on the passion, the ars moriendi, and the instructions for confession and within this last part also the prayer which you are supposed to speak before confession) (on the Vorsmak see Wiechmann, Sterbevorbereitung, 2019). Some pages show adhesive residues where small images had been glued in. These were removed in the 19th century (see Kruse, Stiftsbibliotheken, 2016, p. 187)","Some added initials, underlinings and red marks by hand.",,some corrections by hand,,,,,,1572,1,"{""hasIllustrationsStamped"":""1"",""hasMsCorrections"":""1"",""hasRubrication"":""1"",""msFrequency"":""a"",""msLocation"":""c""}"
02131168-p003,02131168,3,1572,,16,,,,,came to the library from Steterburg in 1572,e-gx,1,"Wolfenbüttel, Herzog August Bibliothek",00020579,R399,corporate,1572-,http://thesaurus.cerl.org/record/cnc00012741,"[{""dates"":""1572-"",""externalId"":[""http://thesaurus.cerl.org/record/cnc00012741""],""name"":""Wolfenbüttel, Herzog August Bibliothek"",""ownerId"":""00020579"",""professionOrType"":[""lib""],""role"":""R399"",""type"":""corporate""}]",,,,,,,,,,,,,,,,,,,1572,1,
00560115-p001,00560115,1,,,,,,,,,,1,"Schröder, Hermann",00019272,R390,person,fl. 1824-1828,,"[{""dates"":""fl. 1824-1828"",""name"":""Schröder, Hermann"",""ownerId"":""00019272"",""role"":""R390"",""type"":""person""}]",,,,,,,,,,,,,,,,,,,,0,
00560115-p002,00560115,2,,,,,,,,,,1,"Heller, Ludwig",00019273,R390,person,fl. ca. 1840,,"[{""dates"":""fl. ca. 1840"",""name"":""Heller, Ludwig"",""ownerId"":""00019273"",""role"":""R390"",""type"":""person""}]",,,,,,,,,,,,,,,,,,,,0,
00560115-p003,00560115,3,,,,,,,,,,1,"Deecke, Ernst",00019274,R390,person,1805-1862,,"[{""dates"":""1805-1862"",""name"":""Deecke, Ernst"",""ownerId"":""00019274"",""role"":""R390"",""type"":""person""}]",,,,,,,,,,,,,,,,,,,,0,
00560115-p004,00560115,4,,,,,,,,,,1,"Culemann, F. G. H. (Friedrich Georg Hermann)",3354,R390,person,1811-1886,http://thesaurus.cerl.org/record/cnp01448059 | https://archive.org/details/bub_gb_1WVbAAAAQAAJ/page/n7/mode/1up,"[{""dates"":""1811-1886"",""externalId"":[""http://thesaurus.cerl.org/record/cnp01448059"",""https://archive.org/details/bub_gb_1WVbAAAAQAAJ/page/n7/mode/1up""],""name"":""Culemann, F. G. H. (Friedrich Georg Hermann)"",""ownerId"":""3354"",""role"":""R390"",""type"":""person"",""variants"":[""Culemann, Friedrich Georg Hermann"",""Culemann, Friedrich G. Herm.""]}]",,,,,,,,,,,,,,,,,,,,0,
00560115-p005,00560115,5,,,,,,,,,,1,Stadtbibliothek Lübeck,00019275,R390,corporate,,,"[{""name"":""Stadtbibliothek Lübeck"",""ownerId"":""00019275"",""role"":""R390"",""type"":""corporate""}]",,,,,,,,,,,,,,,,,,,,0,
00560115-p006,00560115,6,,,,a,,,,"Stamp 'Dupl. ex Bibl. Lubecens[is]' on leaf a1 recto, from the Stadtbibliothek of LuÌbeck, Germany, early 19th century.  Inscribed 'V: 1092 / Hermann SchroÌder / LubeÌck, 1828, 27 October' on upper right corner of leaf a1 recto.  Inscribed 'Dr Heller' on the same leaf , identifiable as Ludwig Heller, of LuÌbeck, Germany, 19th century.  Inscribed 'Dr Deecke on same leaf, identifiable with Ernst Ludwig Heinrich Deecke of LuÌbeck.  Inscribed 'Ex libris FGH Culemann Hannover' on upper pastedown, i.e. Friedrich Georg Hermann Culemann, Senator of Hannover.  Bought by Quaritch for the library at Culemann's sale, Sotheby's, London, February 1870, lot 7, for Â£ 2-19-0, through the Worts Fund: round paper label marked '7' and Bradshaw's note on upper pastedown.",e-uk-en,1,Cambridge University Library,3463,R390,corporate,,http://thesaurus.cerl.org/record/cnc00002301,"[{""characterisation"":[""noc""],""externalId"":[""http://thesaurus.cerl.org/record/cnc00002301""],""name"":""Cambridge University Library"",""ownerId"":""3463"",""professionOrType"":[""lib""],""role"":""R390"",""type"":""corporate"",""variants"":[""Cambridge, University, Library"",""University Library, Cambridge"",""University of Cambridge, Cambridge University Library"",""University of Cambridge, Library"",""University of Cambridge, University Library""]}]","Blind-tooled brown calf over wooden boards, sewn on three double-split bands, with two fastening leather straps with brass clasps at fore-edge of lower board, two rectangular brass catches at fore-edge of upper board, and parchment pastedowns, Germany, possibly LuÌbeck, late 15th century; blind tools include a finial (EBDB s014597) used by Hinrick Coster at LuÌbeck betweeen 1455 and 1486 (EBDB w000948), a swan similar to that used by the Coster-Schule I workshop at LuÌbeck around 1466 (EBDB w001540: EBDB s008630), a diaper motif filled with four-leaf flowers similar to a tool used by the Herz umkraÌnzt workshop at LuÌbeck (EBDB w001411: EBDB s014344), and a three-petal flower with leaves within a circle, unidentified.",,,,,,,,,"Initials in red, some with reserved decoration, paragraph marks, highlighting of printed capitals, and underlining of captions supplied by hand in red, Germany, LuÌbeck [?], late 15th century.",,,"A few marginal manuscript notabilia in cursive hand, Germany, 16th century.",,,,,,,1,
02131176-p001,02131176,1,1478,1507,15 | 16,,,,g,"The stamps used on the binding (EInbanddatenbank (EBDB) s015055, s028370, s037611) can be attributed to the binding workshop Antoniter-Werkstatt in Lübeck w000244",e-gx,1,Antonius-Meister II,00017985,R110,person,-1507,EBDB w000244,"[{""characterisation"":[""rel""],""dates"":""-1507"",""externalId"":[""EBDB w000244""],""gender"":""1002"",""name"":""Antonius-Meister II"",""ownerId"":""00017985"",""professionOrType"":[""bkt""],""role"":""R110"",""type"":""person""}]","clasp wanted, only the brass plates on the front on back board are extant",s,c,a,b,c,149,112,60,,,,,,,,,,,1,"{""furniture"":""1"",""tooling"":""a""}"
02131176-p002,02131176,2,,,,,,,,owner's inscription on 149r (according to the pencil foliation): '1538 GBF peter bußeck' accompanied by some pen doodles,e-gx,1,Peter Bußeck,00026778,R390,person,16th century,,"[{""dates"":""16th century"",""gender"":""1002"",""name"":""Peter Bußeck"",""ownerId"":""00026778"",""role"":""R390"",""type"":""person""}]",,,,,,,,,,,,,,,,,,,1538,0,
02131176-p003,02131176,3,1501,1600,16,,,,,Note by a 16th century hand on the front fly leaf: 'In hoc libro continetur dei cultus. Ergo valde vtilis est omnibus christianis hominibus' (not the same hand as the owner's inscirption),e-gx,1,"Anonymous, Germany",00022207,,person,,,"[{""characterisation"":[""unk""],""name"":""Anonymous, Germany"",""ownerId"":""00022207"",""professionOrType"":[""unk""],""type"":""person""}]",,,,,,,,,,,,,,,,,,,,0,
02131176-p004,02131176,4,1572,,16,,,,,,e-gx,1,"Wolfenbüttel, Herzog August Bibliothek",00020579,,corporate,1572-,http://thesaurus.cerl.org/record/cnc00012741,"[{""dates"":""1572-"",""externalId"":[""http://thesaurus.cerl.org/record/cnc00012741""],""name"":""Wolfenbüttel, Herzog August Bibliothek"",""ownerId"":""00020579"",""professionOrType"":[""lib""],""type"":""corporate""}]",,,,,,,,,,,,,"pencil notes by a 20th century hand on the front fly leaf: '[Bedebok.] Lübeck: Bartholomäus Ghotan 1485. Copinger. 4842. Borchling-Claussen. 84.
Pencil foliation throughout the book (leaving out some pages)",,,,,,,1,"{""msFrequency"":""a""}"
02131171-p001,02131171,1,1450,1550,15 | 16,,,,g,,e-gx,1,Anonymous,00017295,R110,person,1450-1550,,"[{""characterisation"":[""noc""],""dates"":""1450-1550"",""gender"":""1003"",""name"":""Anonymous"",""ownerId"":""00017295"",""professionOrType"":[""bkt""],""role"":""R110"",""type"":""person""}]",clasp wanted.,t,c,a,b,c,143,105,53,,,,,,,,,,,0,
02131171-p002,02131171,2,1512,1604,16 | 17,,,,a,An inscirption in the back pastedown reads: 'Barwerth Broitzem est possessor huius libri (cato inquit) Rem tuam custodi',e-gx,1,Bernd von Broitzem,00026776,R390,,,,"[{""gender"":""1002"",""name"":""Bernd von Broitzem"",""ownerId"":""00026776"",""role"":""R390""}]",,,,,,,,,,,"the printed initials are coulored in by hand in red and green, perhaps already made by an earlier owner",,,,,,,,,1,
02131171-p003,02131171,3,1500,1600,15 | 16,,,,,an inscription ont he front paste down reads 'Es vorgett mannich gut gras in einem deiffen grunde es vorgett mannich gutt radt in eines armen mannes munde 1564 // A d M 1564'. It is not the same hand as from the note in the back,e-gx,1,Anonymous,00017286,R390,person,1500-1600,,"[{""characterisation"":[""noc""],""dates"":""1500-1600"",""gender"":""1003"",""name"":""Anonymous"",""ownerId"":""00017286"",""role"":""R390"",""type"":""person""}]",,,,,,,,,,,,,,,,,,,1564,0,
02131171-p004,02131171,4,1572,,16,,,,,,e-gx,1,"Wolfenbüttel, Herzog August Bibliothek",00020579,R399,corporate,1572-,http://thesaurus.cerl.org/record/cnc00012741,"[{""dates"":""1572-"",""externalId"":[""http://thesaurus.cerl.org/record/cnc00012741""],""name"":""Wolfenbüttel, Herzog August Bibliothek"",""ownerId"":""00020579"",""professionOrType"":[""lib""],""role"":""R399"",""type"":""corporate""}]",,,,,,,,,,,,,,,,,,,,1,
02131190-p001,02131190,1,1497,1550,15 | 16,,,,g,,e-gx,1,Anonymous,00017295,R110,person,1450-1550,,"[{""characterisation"":[""noc""],""dates"":""1450-1550"",""gender"":""1003"",""name"":""Anonymous"",""ownerId"":""00017295"",""professionOrType"":[""bkt""],""role"":""R110"",""type"":""person""}]",The clasp is missing. The stamps on the binding could not be identified,s,c,a,b,c,109,80,41,,,,,,,,,,,0,"{""tooling"":""a""}"
02131190-p002,02131190,2,1497,1550,15 | 16,,,,,"on the back pastedown, which now loosely lies in the end of the book, there is an owner's inscription, which was later crossed out and is hard to decipher: It reads 'dyt bock hort hans/haus(?) vreterh[...]/vraterh[...](?)' either poiting to a male name or to a house of brethren of the common life. As the glue marks on the paste down seem to reach over this inscription it might even be from another person who owned the book which the pastedown was taken from.  This pastedown  is from a printed almanac, also in Middle Low German, which mentions the phrases 'Meyster Marcus schynagel' and 'astronimus van Crakow'",e-gx,1,Anonymous,00017296,R390,person,1450-1550,,"[{""characterisation"":[""unk""],""dates"":""1450-1550"",""gender"":""1003"",""name"":""Anonymous"",""ownerId"":""00017296"",""professionOrType"":[""unk""],""role"":""R390"",""type"":""person""}]",,,,,,,,,,,,,,,,,,,,0,
02131190-p003,02131190,3,1572,,16,,,,,,e-gx,1,"Wolfenbüttel, Herzog August Bibliothek",00020579,R399,corporate,1572-,http://thesaurus.cerl.org/record/cnc00012741,"[{""dates"":""1572-"",""externalId"":[""http://thesaurus.cerl.org/record/cnc00012741""],""name"":""Wolfenbüttel, Herzog August Bibliothek"",""ownerId"":""00020579"",""professionOrType"":[""lib""],""role"":""R399"",""type"":""corporate""}]",,,,,,,,,,,,,"on the front fly leaf some pen notes by a 20th century hand: 'bedebock (bruchtnisse (?)) Lübeck: Steffen Arndes um 1497. Borchling u. Claussen. 287. 168 Bll.'
younger pencil notes by another hand: 'nicht verfilmbar. Th 204'",,,,,,,1,"{""msFrequency"":""a""}"
02120377-p001,02120377,1,,,,a,,,,,e-au,1,"Wien, Österreichische  Nationalbibliothek",2839,R399,corporate,,http://thesaurus.cerl.org/record/cnc00020465 | https://aeolus.bodleian.ox.ac.uk/collections/incunables/provenances_for_mei.xml#xpointer(//*[@id= | https://www.onb.ac.at/en/about-us/650th-anniversary/timeline/,"[{""characterisation"":[""noc""],""externalId"":[""http://thesaurus.cerl.org/record/cnc00020465"",""https://aeolus.bodleian.ox.ac.uk/collections/incunables/provenances_for_mei.xml#xpointer(//*[@id="",""https://www.onb.ac.at/en/about-us/650th-anniversary/timeline/""],""name"":""Wien, Österreichische  Nationalbibliothek"",""ownerId"":2839,""professionOrType"":[""lib""],""role"":""R399"",""type"":""corporate"",""variants"":[""Wien, Österreichische Nationalbibliothek"",""Vienne (Autriche), Österreichische Nationalbibliothek"",""Vienna, Hofbibliothek"",""Vienna, Bibliotheca Regia"",""Vienna, Österreichische Nationalbibliothek""]}]",,,,,,,,,,,,,,,,,,,,1,
02100528-p001,02100528,1,1495,1550,15 | 16,a,l,a,g,,,1,,,R680,,,,"[{""role"":""R680""}]",,,,,,,,,,,"Red rubrication for capital letters, initials and some decoration in circular shapes.",,,,,,,,,0,"{""hasRubrication"":""1""}"
02100528-p002,02100528,2,1567,1819,16 | 17 | 18 | 19,a,e,a,x,Exlibris: 'Ad Bibliothecam Principalem Arausio-Nassauiensem Dillenburgicam'. Handwritten under the Exlibris: '4845'. Manuscript note on title page: ( v.p. 4779.izz4.o),e-gx,1,"Dillenburg, Oranje Nassau Bibliotheek",00016769,R390,corporate,1567-1821,,"[{""characterisation"":[""noc""],""dates"":""1567-1821"",""name"":""Dillenburg, Oranje Nassau Bibliotheek"",""ownerId"":""00016769"",""professionOrType"":[""lib""],""role"":""R390"",""type"":""corporate"",""variants"":[""Bibliotheca Principalis Arausio Nassauiensis""]}]",Probably bound while in the possession of the library. 16th century calf leather binding. Blind tooling on the front and back board and a paper onlay in the spine with a handwritten title. Remains of metal furniture.,t,c,b,b,c,,,,,,,,,,,,,,1,"{""edges"":""d"",""furniture"":""1"",""gauffered"":""d"",""titling"":[""d""],""tooling"":""a"",""writingOnEdges"":""d""}"
02100528-p003,02100528,3,1819,,19,a,h | o | s,a,e,Book arrived at the KB in 1819 as part of the Dillenburg Library collection. Donation by king William I.,e-ne,1,Koninklijke Bibliotheek - Nationale Bibliotheek van Nederland,4014,R399,corporate,1798-,http://thesaurus.cerl.org/record/cnc00011239,"[{""characterisation"":[""noc""],""dates"":""1798-"",""externalId"":[""http://thesaurus.cerl.org/record/cnc00011239""],""name"":""Koninklijke Bibliotheek - Nationale Bibliotheek van Nederland"",""ownerId"":""4014"",""professionOrType"":[""lib""],""role"":""R399"",""type"":""corporate"",""variants"":[""The Hague, Koninklijke Bibliotheek"",""Den Haag, Koninklijke Bibliotheek"",""Den Haag, KB""]}]",,,,,,,,,,,,,,"Stamp of KB, used between 1867-1880. See: https://www.kb.nl/sites/default/files/150e13.jpg
","[{""note"":""II 18 [Olim] ""}]",,,,,1,
00200531-p001,00200531,1,,,,,,,,,e-uk,1,"Cambridge, Trinity College",00016155,R399,corporate,,,"[{""characterisation"":[""noc""],""name"":""Cambridge, Trinity College"",""ownerId"":""00016155"",""professionOrType"":[""uni""],""role"":""R399"",""type"":""corporate""}]",,,,,,,,,,,,,,,,,,,,1,
00205575-p001,00205575,1,1701,1900,18 | 19,,,,,Provenance: Francis Douce (1757-1834); armorial book-plate.,e-uk-en,1,"Douce, Francis (1757-1834)",00012106,R390,per,1757 - 1834,http://thesaurus.cerl.org/record/cnp01319667,"[{""characterisation"":[""noc""],""dates"":""1757 - 1834"",""externalId"":[""http://thesaurus.cerl.org/record/cnp01319667""],""gender"":1002,""name"":""Douce, Francis (1757-1834)"",""note"":""Keeper of Manuscripts at the British Museum, bequeathed his collection to the Bodleian Library; see Catalogue of the Printed Books and Manuscripts Bequeathed by Francis Douce to the Bodleian Library (Oxford, 1840); Macray 326; Craster 15-16; `Francis Douce 1757-1834', BQR 7 (1934), 359-84; Munby, Connoisseurs, esp. 35-56; David Rogers, `Francis Douce's Manuscripts: Some Hitherto Unrecognized Provenances', in Studies in the Book Trade in Honour of Graham Pollard (Oxford, 1975), 315-40; Douce Legacy; P. R. Harris, A History of the British Museum Library 1753-1973 (London, 1998), ad indicem; I. G. Philip, `The Bodleian Library', in Nineteenth-Century Oxford, Part I, ed. M. G. Brock and M. C. Curthoys, The History of the University of Oxford, 6 (Oxford, 1997), 585-97, at 593."",""ownerId"":""00012106"",""professionOrType"":[""scl""],""role"":""R390"",""type"":""per"",""variants"":[""Douce, Francis""]}]",,,,,,,,,,,,,,,,,,,,1,
00205575-p002,00205575,2,,,,,,,,,e-uk,1,"Oxford, Bodleian library",4209,,corporate,1602 -,http://thesaurus.cerl.org/record/cnc00013057,"[{""characterisation"":[""noc""],""dates"":""1602 -"",""externalId"":[""http://thesaurus.cerl.org/record/cnc00013057""],""name"":""Oxford, Bodleian library"",""ownerId"":4209,""professionOrType"":[""uni""],""type"":""corporate""}]",,,,,,,,,,,,,,,,,,,,1,
00206443-p001,00206443,1,1601,1800,17 | 18,,,,,Provenance: Nicolas Joseph Foucault (1643-1721); armorial book-plate: 'Ex bibliotheca Nicolai Joseph Foucault comitis consistoriani'; his circular book-label partly visible at tail of the spine.,,1,"Foucault, Nicolas Joseph (1643-1721)",00012333,,per,1643 - 1721,"https://aeolus.bodleian.ox.ac.uk/collections/incunables/provenances_for_mei.xml#xpointer(//*[@id=""1300""])","[{""dates"":""1643 - 1721"",""externalId"":[""https://aeolus.bodleian.ox.ac.uk/collections/incunables/provenances_for_mei.xml#xpointer(//*[@id=\""1300\""])""],""gender"":1002,""name"":""Foucault, Nicolas Joseph (1643-1721)"",""note"":""see DBF XIV 593-5; armorial book-plate. For Foucault's library see Roger Middleton, 'Chrétien de Troyes at Auction: Nicolas-Joseph Foucault and other Eighteenth-century Collectors', in Medievalism and 'manière gothique' in Enlightenment France, ed. Peter Damian-Grint (Oxford, 2006), 261-83."",""ownerId"":""00012333"",""type"":""per""}]",,,,,,,,,,,,,,,,,,,,0,
00206443-p002,00206443,2,1601,1800,17 | 18,,,,,Richard Rawlinson (1690-1755).,,1,"Rawlinson, Richard (1690-1755)",00013955,,per,1690 - 1755,https://aeolus.bodleian.ox.ac.uk/collections/incunables/provenances_for_mei.xml#xpointer(//*[@id= | http://thesaurus.cerl.org/record/cnp00403572 | https://bookowners.online/Richard_Rawlinson_1690-1755,"[{""dates"":""1690 - 1755"",""externalId"":[""https://aeolus.bodleian.ox.ac.uk/collections/incunables/provenances_for_mei.xml#xpointer(//*[@id="",""http://thesaurus.cerl.org/record/cnp00403572"",""https://bookowners.online/Richard_Rawlinson_1690-1755""],""name"":""Rawlinson, Richard (1690-1755)"",""note"":""nonjuring bishop; made numerous donations in his lifetime and bequeathed to the Bodleian Library his manuscripts and those printed books which contained manuscript notes; Rawlinson's books include some owned by Thomas Hearne, who bequeathed all his manuscripts and printed books with manuscript notes to William Bedford, from whose widow Rawlinson bought them; see Macray 231-51, Stanley Gillam, `Thomas Hearne's Library', BLR 12 (1985), 52-64, at 60-1; William Younger Fletcher, `The Rawlinsons and their Collections', Transactions of the Bibliographical Society, 5 (1899), 67-86; Georgian Rawlinson Tashjian, David R. Tashjian, and Brian J. Enright, Richard Rawlinson: A Tercentenary Memorial (Kalamazoo, Mich., 1990); DNB; B. J. Enright `Rawlinson and the Chandlers', BLR 4 (1953), 216-17, repr. with modifications in Tashjian, Tashjian, and Enright, 121-32; idem, `Richard Rawlinson Collector, Antiquary, and Topographer', unpublished D.Phil. thesis, University of Oxford, 1956; idem, `“I Collect and I Preserve”: Richard Rawlinson 1690-1755 and Eighteenth-century Book Collecting. Portrait of a Bibliophile XXVIII', Book Collector, 39 (1990), 27-54, repr. in The Pleasures of Bibliophily: Fifty Years of `The Book Collector' (London, 2003), 205-23; Robert A. Shaddy, `Thomas Rawlinson (1681-1725) and Richard Rawlinson (1690-1755)', in Pre-Nineteenth-century British Book- collectors and Bibliographers, ed. William Baker and Kenneth Womack, DLB 213 (Detroit, Washington DC, and London, 1999), 288-96; SC III 177-8."",""ownerId"":""00013955"",""type"":""per"",""variants"":[""Rawlinson, Richard""]}]",,,,,,,,,,,,,,,,,,,,0,
00206443-p003,00206443,3,,,,,,,,,e-uk,1,"Oxford, Bodleian library",4209,,corporate,1602 -,http://thesaurus.cerl.org/record/cnc00013057,"[{""characterisation"":[""noc""],""dates"":""1602 -"",""externalId"":[""http://thesaurus.cerl.org/record/cnc00013057""],""name"":""Oxford, Bodleian library"",""ownerId"":4209,""professionOrType"":[""uni""],""type"":""corporate""}]",,,,,,,,,,,,,,,,,,,,1,
02013655-p001,02013655,1,1920,1953,20,a,e,a | c,,Acquisition date conjectural; given to Princeton by Reed's widow.,n-us-pa,1,"Reed, David Aiken",4416,R390,person,1880 - 1953,http://thesaurus.cerl.org/record/cnp01882195,"[{""characterisation"":[""noc""],""dates"":""1880 - 1953"",""externalId"":[""http://thesaurus.cerl.org/record/cnp01882195""],""gender"":1002,""name"":""Reed, David Aiken"",""ownerId"":4416,""professionOrType"":[""pol""],""role"":""R390"",""type"":""person""}]",,,,,,,,,,,,,,,,,,,,1,
02013655-p002,02013655,2,1953,,20,a,e,a | c,b,Gift of Mrs. Reed shortly after David Reed's death.,n-us-nj,1,Princeton University Library,3530,R399,corporate,1750-,http://thesaurus.cerl.org/record/cnc00019995 | http://library.princeton.edu/about/history,"[{""characterisation"":[""noc""],""dates"":""1750-"",""externalId"":[""http://thesaurus.cerl.org/record/cnc00019995"",""http://library.princeton.edu/about/history""],""name"":""Princeton University Library"",""ownerId"":3530,""professionOrType"":[""uni""],""role"":""R399"",""type"":""corporate""}]",,,,,,,,,,,,,,,,,,,,1,
02132447-p001,02132447,1,1799,1883,18 | 19,a,k,a,x,,,2,"Lortic Frères <Bookbinders> | Borbone-Parma, Carlo Ludovico di",4691 | 2836,R110 | R390,corporate | person,1884 - 1891 | 1799 - 1883,http://thesaurus.cerl.org/record/cnc00026193 | http://thesaurus.cerl.org/record/cnp00574913 | http://viaf.org/viaf/48296149,"[{""characterisation"":[""noc""],""dates"":""1884 - 1891"",""externalId"":[""http://thesaurus.cerl.org/record/cnc00026193""],""name"":""Lortic Frères <Bookbinders>"",""ownerId"":""4691"",""professionOrType"":[""bkt""],""role"":""R110"",""type"":""corporate""},{""characterisation"":[""roy""],""dates"":""1799 - 1883"",""externalId"":[""http://thesaurus.cerl.org/record/cnp00574913"",""http://viaf.org/viaf/48296149""],""gender"":""1002"",""name"":""Borbone-Parma, Carlo Ludovico di"",""ownerId"":""2836"",""professionOrType"":[""pol""],""role"":""R390"",""type"":""person"",""variants"":[""Charles Louis, duc de Bourbon-Parma "",""Charles-Louis de Bourbon, comte de Villafranca"",""Carlo Ludovico, re d'Etruria"",""Carlo II di Parma""]}]",Legatura Lortic in pelle su piatti in cartone con armi dei Parma-Borbone impresse in oro ai piatti e monogramma al dorso. Tagli dorati e guardie marmorizzate.,w,c,b,b,g,150,100,15,,,,,,,,,,,0,"{""edges"":""a"",""furniture"":""0"",""gauffered"":""d"",""titling"":[""b""],""tooling"":""b"",""writingOnEdges"":""d""}"
02132447-p002,02132447,2,1883,1907,19 | 20,a,,a,,,e-au,1,"Borbone-Parma, Carlo Ludovico di",2836,R390,person,1799 - 1883,http://thesaurus.cerl.org/record/cnp00574913 | http://viaf.org/viaf/48296149,"[{""characterisation"":[""roy""],""dates"":""1799 - 1883"",""externalId"":[""http://thesaurus.cerl.org/record/cnp00574913"",""http://viaf.org/viaf/48296149""],""gender"":""1002"",""name"":""Borbone-Parma, Carlo Ludovico di"",""ownerId"":""2836"",""professionOrType"":[""pol""],""role"":""R390"",""type"":""person"",""variants"":[""Charles Louis, duc de Bourbon-Parma "",""Charles-Louis de Bourbon, comte de Villafranca"",""Carlo Ludovico, re d'Etruria"",""Carlo II di Parma""]}]",,,,,,,,,,,,,,,,,,,,1,
02132447-p003,02132447,3,1932,1936,20,a,,a,,"Cfr: La biblioteca liturgica dei Duchi di Parma, Milano-Roma, Hoepli, 1934, n. 114.",e-it,1,Libreria Internazionale Ulrico Hoepli,96,R160,corporate,1870,https://aeolus.bodleian.ox.ac.uk/collections/incunables/provenances_for_mei.xml#xpointer(//*[@id= | https://lccn.loc.gov/n83139024 | https://data.cerl.org/thesaurus/cnc00011848,"[{""characterisation"":[""noc""],""dates"":""1870"",""externalId"":[""https://aeolus.bodleian.ox.ac.uk/collections/incunables/provenances_for_mei.xml#xpointer(//*[@id="",""https://lccn.loc.gov/n83139024"",""https://data.cerl.org/thesaurus/cnc00011848""],""name"":""Libreria Internazionale Ulrico Hoepli"",""ownerId"":""96"",""professionOrType"":[""bkt""],""role"":""R160"",""type"":""corporate"",""variants"":[""Milan, Libreria Internazionale Ulrico Hoepli"",""Hoepli, Ulrich"",""Libreria Antiquaria Ulrico Hoepli""]}]",,,,,,,,,,,,,,,,,,,,1,
02132447-p004,02132447,4,1936,1938,20,a,,a,a,,e-it,1,"Gerli, Paolo <Conte di Villagaeta>",2833,R390,person,1888 - 1965,http://thesaurus.cerl.org/record/cnp01427222,"[{""characterisation"":[""noc""],""dates"":""1888 - 1965"",""externalId"":[""http://thesaurus.cerl.org/record/cnp01427222""],""gender"":""1002"",""name"":""Gerli, Paolo <Conte di Villagaeta>"",""ownerId"":""2833"",""professionOrType"":[""bus""],""role"":""R390"",""type"":""person""}]",,,,,,,,,,,,,,,,,,,,1,
02132447-p005,02132447,5,1938,,20,a,o,a,b,"Al dorso della custodia esterna etichetta con segnatura di collocazione ""B.G. Inc. 69"".",e-it,1,"Milano, Biblioteca Nazionale Braidense",2832,R399,corporate,1770-,http://thesaurus.cerl.org/record/cnc00011849,"[{""characterisation"":[""noc""],""dates"":""1770-"",""externalId"":[""http://thesaurus.cerl.org/record/cnc00011849""],""name"":""Milano, Biblioteca Nazionale Braidense"",""ownerId"":""2832"",""professionOrType"":[""lib""],""role"":""R399"",""type"":""corporate"",""variants"":[""Imperial Regia Bibliotheca Mediolanensis""]}]",,,,,,,,,,,,,,,,,,,,1,
00205572-p001,00205572,1,,,,,,,,Provenance: Johannes Jucundus(?) (sixteenth century); inscription on a1r: 'Ex libris Joan: Jucun: [ ] ij d.' ,,1,"Jucundus(?), Johannes (sixteenth century)",00012951,,per,,"https://aeolus.bodleian.ox.ac.uk/collections/incunables/provenances_for_mei.xml#xpointer(//*[@id=""1927""])","[{""externalId"":[""https://aeolus.bodleian.ox.ac.uk/collections/incunables/provenances_for_mei.xml#xpointer(//*[@id=\""1927\""])""],""name"":""Jucundus(?), Johannes (sixteenth century)"",""note"":""possibly to be identified with Jucundus the Humanist (1434-1515), for whom see EI XVII 159."",""ownerId"":""00012951"",""type"":""per""}]",,,,,,,,,,,,,,,,,,,,0,
00205572-p002,00205572,2,1701,1900,18 | 19,,,,,Francis Douce (1757-1834); armorial book-plate.,e-uk-en,1,"Douce, Francis (1757-1834)",00012106,R390,per,1757 - 1834,http://thesaurus.cerl.org/record/cnp01319667,"[{""characterisation"":[""noc""],""dates"":""1757 - 1834"",""externalId"":[""http://thesaurus.cerl.org/record/cnp01319667""],""gender"":1002,""name"":""Douce, Francis (1757-1834)"",""note"":""Keeper of Manuscripts at the British Museum, bequeathed his collection to the Bodleian Library; see Catalogue of the Printed Books and Manuscripts Bequeathed by Francis Douce to the Bodleian Library (Oxford, 1840); Macray 326; Craster 15-16; `Francis Douce 1757-1834', BQR 7 (1934), 359-84; Munby, Connoisseurs, esp. 35-56; David Rogers, `Francis Douce's Manuscripts: Some Hitherto Unrecognized Provenances', in Studies in the Book Trade in Honour of Graham Pollard (Oxford, 1975), 315-40; Douce Legacy; P. R. Harris, A History of the British Museum Library 1753-1973 (London, 1998), ad indicem; I. G. Philip, `The Bodleian Library', in Nineteenth-Century Oxford, Part I, ed. M. G. Brock and M. C. Curthoys, The History of the University of Oxford, 6 (Oxford, 1997), 585-97, at 593."",""ownerId"":""00012106"",""professionOrType"":[""scl""],""role"":""R390"",""type"":""per"",""variants"":[""Douce, Francis""]}]",,,,,,,,,,,,,,,,,,,,1,
00205572-p003,00205572,3,,,,,,,,,e-uk,1,"Oxford, Bodleian library",4209,,corporate,1602 -,http://thesaurus.cerl.org/record/cnc00013057,"[{""characterisation"":[""noc""],""dates"":""1602 -"",""externalId"":[""http://thesaurus.cerl.org/record/cnc00013057""],""name"":""Oxford, Bodleian library"",""ownerId"":4209,""professionOrType"":[""uni""],""type"":""corporate""}]",,,,,,,,,,,,,,,,,,,,1,
02154630-p001,02154630,1,1497,1599,15 | 16,a,k | l,a,,,,0,,,,,,,,"Full leather over boards. Double blind fillet forming two concentric frames, with gilt leaf stamp in the outer and inner corners; gilt diamond shape centrepiece. Two small holes are visible along the fore-edge, in both boards, possibly traces of former ties or clasps. 
Three raised bands on the spine, with loss of covering leather.",t,c,a,b,g,146,97,22,Plain initials alternating red and blue.,,,"On front pastedown: ""fasola"".",,,,,,,0,"{""edges"":""a"",""gauffered"":""a"",""hasRubrication"":""1"",""tooling"":""c"",""writingOnEdges"":""d""}"
02154630-p002,02154630,2,1888,,19,a,h | m | o | p,,,"Front pastedown: date of acquisition along with accession number; bibliographic information and current shelfmark written in pencil.
Back pastedown: former shelfmark and price ""2.15.0"".
Three round labels forming current shelfmark on the spine.",,1,"London, Victoria and Albert Museum, National Art Library",00038911,R399,corporate,1837,,"[{""characterisation"":[""noc""],""dates"":""1837"",""name"":""London, Victoria and Albert Museum, National Art Library"",""ownerId"":""00038911"",""professionOrType"":[""lib""],""role"":""R399"",""type"":""corporate""}]",,,,,,,,,,,,,,"Library stamp of front pastedown, a4r, d1r, e8r, h1r, l5r.",,,,,,0,
00560427-p001,00560427,1,,,,,,,,,,1,"Crawford, Alexander Crawford Lindsay, Earl of",00018578,R390,person,1812-1880,http://www.oxforddnb.com.silk.library.umass.edu:2048/view/article/16686?docPos=12 | https://thesaurus.cerl.org/record/cnp00468625,"[{""dates"":""1812-1880"",""externalId"":[""http://www.oxforddnb.com.silk.library.umass.edu:2048/view/article/16686?docPos=12"",""  https://thesaurus.cerl.org/record/cnp00468625""],""name"":""Crawford, Alexander Crawford Lindsay, Earl of"",""ownerId"":""00018578"",""role"":""R390"",""type"":""person"",""variants"":[""Lindsay, Alexander William, 25th Earl of Crawford and 8th Earl of Balcarres""]}]",,,,,,,,,,,,,,,,,,,,0,
00560427-p002,00560427,2,,,,,,,,,,1,"Sandars, Samuel",00018468,R390,person,1837-1894,,"[{""dates"":""1837-1894"",""name"":""Sandars, Samuel"",""ownerId"":""00018468"",""role"":""R390"",""type"":""person""}]",,,,,,,,,,,,,,,,,,,,0,
00560427-p003,00560427,3,,,,a,,,,"Inscribed 'Lindsay . 1827 . Aug.' in upper left corner of upper pastedown, i.e. Alexander William Crawford Lindsay, 25th Earl of Crawford.  Not listed in the sales of the Bibliotheca Lindesiana by his son, James Ludovic Lindsay, 26th Earl of Crawford, Sotheby's, 13-24 June 1887 and 19-22 June 1889, unless identifiable with lot 670 in the 1889 sale mistakenly described as 'as usum Romanum' and printed by M. G. Johannot in 1488.  Description from an unknown English sale catalogue pasted onto upper free endpaper.  Samuel Sandars, his armorial bookplate, with motto 'Non bos in lingua', on upper pastedown, and note on upper free endpaper.  Given by Sandars in 1894.",e-uk-en,1,Cambridge University Library,3463,R390,corporate,,http://thesaurus.cerl.org/record/cnc00002301,"[{""characterisation"":[""noc""],""externalId"":[""http://thesaurus.cerl.org/record/cnc00002301""],""name"":""Cambridge University Library"",""ownerId"":3463,""professionOrType"":[""lib""],""role"":""R390"",""type"":""corporate"",""variants"":[""Cambridge, University, Library"",""University Library, Cambridge"",""University of Cambridge, Cambridge University Library"",""University of Cambridge, Library"",""University of Cambridge, University Library""]}]","Gilt-tooled olive morocco over pasteboards, France, Paris [?], early 18th [?] century.",,,,,,,,,,,,,,,,,,,1,
00205573-p001,00205573,1,1701,1900,18 | 19,,,,,Provenance: Francis Douce (1757-1834); armorial book-plate.,e-uk-en,1,"Douce, Francis (1757-1834)",00012106,R390,per,1757 - 1834,http://thesaurus.cerl.org/record/cnp01319667,"[{""characterisation"":[""noc""],""dates"":""1757 - 1834"",""externalId"":[""http://thesaurus.cerl.org/record/cnp01319667""],""gender"":1002,""name"":""Douce, Francis (1757-1834)"",""note"":""Keeper of Manuscripts at the British Museum, bequeathed his collection to the Bodleian Library; see Catalogue of the Printed Books and Manuscripts Bequeathed by Francis Douce to the Bodleian Library (Oxford, 1840); Macray 326; Craster 15-16; `Francis Douce 1757-1834', BQR 7 (1934), 359-84; Munby, Connoisseurs, esp. 35-56; David Rogers, `Francis Douce's Manuscripts: Some Hitherto Unrecognized Provenances', in Studies in the Book Trade in Honour of Graham Pollard (Oxford, 1975), 315-40; Douce Legacy; P. R. Harris, A History of the British Museum Library 1753-1973 (London, 1998), ad indicem; I. G. Philip, `The Bodleian Library', in Nineteenth-Century Oxford, Part I, ed. M. G. Brock and M. C. Curthoys, The History of the University of Oxford, 6 (Oxford, 1997), 585-97, at 593."",""ownerId"":""00012106"",""professionOrType"":[""scl""],""role"":""R390"",""type"":""per"",""variants"":[""Douce, Francis""]}]",,,,,,,,,,,,,,,,,,,,1,
00205573-p002,00205573,2,,,,,,,,,e-uk,1,"Oxford, Bodleian library",4209,,corporate,1602 -,http://thesaurus.cerl.org/record/cnc00013057,"[{""characterisation"":[""noc""],""dates"":""1602 -"",""externalId"":[""http://thesaurus.cerl.org/record/cnc00013057""],""name"":""Oxford, Bodleian library"",""ownerId"":4209,""professionOrType"":[""uni""],""type"":""corporate""}]",,,,,,,,,,,,,,,,,,,,1,
00205574-p001,00205574,1,,,,,,,,"Provenance: Vaux-de-Cernay, Ile-de-France, Cistercians; coat of arms: azure, three crescents argent two and one, and in chief three fleur-de-lis or, barwise; the shield suspended from a pastoral staff.",,1,"Vaux-de-Cernay, Île-de-France, Cistercians",00014837,,per,,"https://aeolus.bodleian.ox.ac.uk/collections/incunables/provenances_for_mei.xml#xpointer(//*[@id=""3763""])","[{""externalId"":[""https://aeolus.bodleian.ox.ac.uk/collections/incunables/provenances_for_mei.xml#xpointer(//*[@id=\""3763\""])""],""name"":""Vaux-de-Cernay, Île-de-France, Cistercians"",""note"":""azure, three crescents argent two and one, and in chief three fleurs-de-lis or, barwise; the shield suspended from a pastoral staff; see Jacques Meurgey de Tupigny, Armorial de l'Église de France: évêchés, chapîtres, paroisses, abbayes, prieurés, couvents, corporations et communautés religieuses (Mâcon, 1938), 278; see Cottineau II 3308-9."",""ownerId"":""00014837"",""type"":""per""}]",,,,,,,,,,,,,,,,,,,,0,
00205574-p002,00205574,2,1701,1900,18 | 19,,,,,Francis Douce (1757-1834); armorial book-plate.,e-uk-en,1,"Douce, Francis (1757-1834)",00012106,R390,per,1757 - 1834,http://thesaurus.cerl.org/record/cnp01319667,"[{""characterisation"":[""noc""],""dates"":""1757 - 1834"",""externalId"":[""http://thesaurus.cerl.org/record/cnp01319667""],""gender"":1002,""name"":""Douce, Francis (1757-1834)"",""note"":""Keeper of Manuscripts at the British Museum, bequeathed his collection to the Bodleian Library; see Catalogue of the Printed Books and Manuscripts Bequeathed by Francis Douce to the Bodleian Library (Oxford, 1840); Macray 326; Craster 15-16; `Francis Douce 1757-1834', BQR 7 (1934), 359-84; Munby, Connoisseurs, esp. 35-56; David Rogers, `Francis Douce's Manuscripts: Some Hitherto Unrecognized Provenances', in Studies in the Book Trade in Honour of Graham Pollard (Oxford, 1975), 315-40; Douce Legacy; P. R. Harris, A History of the British Museum Library 1753-1973 (London, 1998), ad indicem; I. G. Philip, `The Bodleian Library', in Nineteenth-Century Oxford, Part I, ed. M. G. Brock and M. C. Curthoys, The History of the University of Oxford, 6 (Oxford, 1997), 585-97, at 593."",""ownerId"":""00012106"",""professionOrType"":[""scl""],""role"":""R390"",""type"":""per"",""variants"":[""Douce, Francis""]}]",,,,,,,,,,,,,,,,,,,,1,
00205574-p003,00205574,3,,,,,,,,,e-uk,1,"Oxford, Bodleian library",4209,,corporate,1602 -,http://thesaurus.cerl.org/record/cnc00013057,"[{""characterisation"":[""noc""],""dates"":""1602 -"",""externalId"":[""http://thesaurus.cerl.org/record/cnc00013057""],""name"":""Oxford, Bodleian library"",""ownerId"":4209,""professionOrType"":[""uni""],""type"":""corporate""}]",,,,,,,,,,,,,,,,,,,,1,
00211918-p001,00211918,1,1601,1800,17 | 18,,,,,Provenance: Richard Rawlinson (1690-1755).,,1,"Rawlinson, Richard (1690-1755)",00013955,,per,1690 - 1755,https://aeolus.bodleian.ox.ac.uk/collections/incunables/provenances_for_mei.xml#xpointer(//*[@id= | http://thesaurus.cerl.org/record/cnp00403572 | https://bookowners.online/Richard_Rawlinson_1690-1755,"[{""dates"":""1690 - 1755"",""externalId"":[""https://aeolus.bodleian.ox.ac.uk/collections/incunables/provenances_for_mei.xml#xpointer(//*[@id="",""http://thesaurus.cerl.org/record/cnp00403572"",""https://bookowners.online/Richard_Rawlinson_1690-1755""],""name"":""Rawlinson, Richard (1690-1755)"",""note"":""nonjuring bishop; made numerous donations in his lifetime and bequeathed to the Bodleian Library his manuscripts and those printed books which contained manuscript notes; Rawlinson's books include some owned by Thomas Hearne, who bequeathed all his manuscripts and printed books with manuscript notes to William Bedford, from whose widow Rawlinson bought them; see Macray 231-51, Stanley Gillam, `Thomas Hearne's Library', BLR 12 (1985), 52-64, at 60-1; William Younger Fletcher, `The Rawlinsons and their Collections', Transactions of the Bibliographical Society, 5 (1899), 67-86; Georgian Rawlinson Tashjian, David R. Tashjian, and Brian J. Enright, Richard Rawlinson: A Tercentenary Memorial (Kalamazoo, Mich., 1990); DNB; B. J. Enright `Rawlinson and the Chandlers', BLR 4 (1953), 216-17, repr. with modifications in Tashjian, Tashjian, and Enright, 121-32; idem, `Richard Rawlinson Collector, Antiquary, and Topographer', unpublished D.Phil. thesis, University of Oxford, 1956; idem, `“I Collect and I Preserve”: Richard Rawlinson 1690-1755 and Eighteenth-century Book Collecting. Portrait of a Bibliophile XXVIII', Book Collector, 39 (1990), 27-54, repr. in The Pleasures of Bibliophily: Fifty Years of `The Book Collector' (London, 2003), 205-23; Robert A. Shaddy, `Thomas Rawlinson (1681-1725) and Richard Rawlinson (1690-1755)', in Pre-Nineteenth-century British Book- collectors and Bibliographers, ed. William Baker and Kenneth Womack, DLB 213 (Detroit, Washington DC, and London, 1999), 288-96; SC III 177-8."",""ownerId"":""00013955"",""type"":""per"",""variants"":[""Rawlinson, Richard""]}]",,,,,,,,,,,,,,,,,,,,0,
00211918-p002,00211918,2,,,,,,,,,e-uk,1,"Oxford, Bodleian library",4209,,corporate,1602 -,http://thesaurus.cerl.org/record/cnc00013057,"[{""characterisation"":[""noc""],""dates"":""1602 -"",""externalId"":[""http://thesaurus.cerl.org/record/cnc00013057""],""name"":""Oxford, Bodleian library"",""ownerId"":4209,""professionOrType"":[""uni""],""type"":""corporate""}]",,,,,,,,,,,,,,,,,,,,1,
00570256-p001,00570256,1,1700,1862,17 | 18 | 19,a,n,,x,"Aus dem Besitz des Klosters Rheinau, genaues Erwerbungsdatum unbekeannt",e-sz,1,Kloster Rheinau,00026281,R390,corporate,,http://d-nb.info/gnd/4374885-5 | http://thesaurus.cerl.org/record/cnc00021551,"[{""characterisation"":[""rel""],""externalId"":[""http://d-nb.info/gnd/4374885-5"",""http://thesaurus.cerl.org/record/cnc00021551""],""name"":""Kloster Rheinau"",""note"":""vorbesitzende Institution"",""ownerId"":""00026281"",""professionOrType"":[""rei""],""role"":""R390"",""type"":""corporate"",""variants"":[""Rheinau, Benedictines, OSB"",""Benediktinerabtei Rheinau"",""Monasterium Rhenaugensis"",""Monasterium B.M.V. Rhenoviensis"",""Kloster Rheinau""]}]","Dunkler Ledereinband; Buchrücken mit Sprengpapier überzogen (Rheinau, 18. Jh.)",,,,b,,,,,,,,Hs. Notiz auf Bl. I8v/K1r,,,,,,,1,
00570256-p002,00570256,2,1864,1915,19 | 20,,h,,e,Stempel der Kantonsbibliothek Zürich auf Bl. 2r,e-sz,1,Kantonsbibliothek Zürich,00026285,R390,corporate,,http://d-nb.info/gnd/1087122244,"[{""characterisation"":[""noc""],""externalId"":[""http://d-nb.info/gnd/1087122244""],""name"":""Kantonsbibliothek Zürich"",""ownerId"":""00026285"",""professionOrType"":[""lib""],""role"":""R390"",""type"":""corporate"",""variants"":["" Zürich, Kantonsbibliothek"",""Zurich Cantonal Library""]}]",,,,,,,,,,,,,,,,,,,,1,
00570256-p003,00570256,3,1916,,20,a,,,e,,e-sz,1,"Zürich, Zentralbibliothek",00022261,R399,corporate,,CERL Thesaurus cnc00009164,"[{""characterisation"":[""noc""],""externalId"":[""CERL Thesaurus cnc00009164""],""name"":""Zürich, Zentralbibliothek"",""ownerId"":""00022261"",""professionOrType"":[""lib""],""role"":""R399"",""type"":""corporate"",""variants"":[""Zentralbibliothek, Zürich"","" Zurich Central Library ""]}]",,,,,,,,,,,,,,,,,,,,1,
00560428-p001,00560428,1,,,,,,,,,,1,"Sandars, Samuel",00018468,R390,person,1837-1894,,"[{""dates"":""1837-1894"",""name"":""Sandars, Samuel"",""ownerId"":""00018468"",""role"":""R390"",""type"":""person""}]",,,,,,,,,,,,,,,,,,,,0,
00560428-p002,00560428,2,,,,a,,,,"Bought of J. & J. Leighton in 13 December 1893 for Â£ 52.10 [original provisional invoice, dated 13 December 1893, enclosed in volume] by Samuel Sandars, his armorial bookplate, with motto 'Non bos in lingua', on upper pastedown and purchase note with coded price 'KA/T/-' and 'XII/3' in pencil on lower right corner of verso of first upper free endpaper. Given by Sandars in 1894.",e-uk-en,1,Cambridge University Library,3463,R390,corporate,,http://thesaurus.cerl.org/record/cnc00002301,"[{""characterisation"":[""noc""],""externalId"":[""http://thesaurus.cerl.org/record/cnc00002301""],""name"":""Cambridge University Library"",""ownerId"":3463,""professionOrType"":[""lib""],""role"":""R390"",""type"":""corporate"",""variants"":[""Cambridge, University, Library"",""University Library, Cambridge"",""University of Cambridge, Cambridge University Library"",""University of Cambridge, Library"",""University of Cambridge, University Library""]}]","Blind-tooled brown morocco over pasteboards, with gilt-tooling on turns-in, gilt paper pastedowns and conjoint free endpapers, and gilt bookblock edges, signed by Thivet, France, Paris, 19th century.",,,,,,,,,,,,,,,,,,,1,
00201212-p001,00201212,1,1751,1800,18,,k,,,,e-it,0,,,,,,,,"Legatura in velluto cremisi, su piatti in legno. Tracce di legacci. In Trivulziana esistono legature simili riconducibili all'area italiana e databili alla seconda metà del XVIII secolo.",v,c,b,i,c,201,144,26,,,,,,,,,,1751 - 1800,0,"{""edges"":""a"",""furniture"":""0"",""gauffered"":""d"",""titling"":[""z""],""tooling"":""d"",""writingOnEdges"":""d""}"
00201212-p002,00201212,2,,,,,e,,,Il libro è passato nella raccolta Trivulzio a seguito del matrimonio di Gian Giacomo Trivulzio con Giulia Amalia Barbiano di Belgiojoso celebratosi nel 1864.,e-it,1,"Barbiano di Belgiojoso, Famiglia",2959,R390,person,,http://thesaurus.cerl.org/record/cnp00666191,"[{""characterisation"":[""ari""],""externalId"":[""http://thesaurus.cerl.org/record/cnp00666191""],""name"":""Barbiano di Belgiojoso, Famiglia"",""ownerId"":""2959"",""role"":""R390"",""type"":""person"",""variants"":[""Belgioioso, Familie"",""Belgiojoso, Familie""]}]",,,,,,,,,,,,,,,,,,,-1864,1,
00201212-p003,00201212,3,1935,,20,,,,,,e-it,1,"Milano, Archivio storico civico e Biblioteca Trivulziana",1471,,corporate,1935-,,"[{""characterisation"":[""noc""],""dates"":""1935-"",""name"":""Milano, Archivio storico civico e Biblioteca Trivulziana"",""ownerId"":""1471"",""professionOrType"":[""lib""],""type"":""corporate""}]",,,,,,,,,,,,,,,,,,,,1,
02018713-p001,02018713,1,1864,1946,19 | 20,a,e,a,x,Bookplate and booklabel of C. W. Dyson Perrins on front pastedown. Lot 434 in the 5 November 1946 Sotheby's sale of Perrins's books.,e-uk-en,1,"Perrins, Charles William Dyson",00013793,R390,person,1864-1958,https://aeolus.bodleian.ox.ac.uk/collections/incunables/provenances_for_mei.xml#xpointer(//*[@id= | https://ies.sas.ac.uk/research/research-projects/cultivate-mss-project/cast-characters/charles-dyson-perrins-1864-1958-collector,"[{""characterisation"":[""noc""],""dates"":""1864-1958"",""externalId"":[""https://aeolus.bodleian.ox.ac.uk/collections/incunables/provenances_for_mei.xml#xpointer(//*[@id="",""https://ies.sas.ac.uk/research/research-projects/cultivate-mss-project/cast-characters/charles-dyson-perrins-1864-1958-collector""],""gender"":""1002"",""name"":""Perrins, Charles William Dyson"",""ownerId"":""00013793"",""professionOrType"":[""bus""],""role"":""R390"",""type"":""person""}]",,,,,,,,,,,,,,,,,,,,1,
02018713-p002,02018713,2,1946,,20,,,,,,e-uk-st,1,National Library of Scotland,00017371,R399,corporate,1925-,,"[{""characterisation"":[""noc""],""dates"":""1925-"",""name"":""National Library of Scotland"",""ownerId"":""00017371"",""professionOrType"":[""lib""],""role"":""R399"",""type"":""corporate""}]",,,,,,,,,,,,,,,,,,,,1,
02131208-p001,02131208,1,1497,1500,15,a,q,a,,,e-fr,1,"Anonymous rubricator, France",00026840,R680,person,1497-1500,,"[{""characterisation"":[""unk""],""dates"":""1497-1500"",""gender"":""1003"",""name"":""Anonymous rubricator, France"",""ownerId"":""00026840"",""professionOrType"":[""unk""],""role"":""R680"",""type"":""person""}]",,,,,,,,,,,"Initials either in gold on a brown ground, or alternating red and blue; line-end infill in red and blue; faint red ruling.",15th century,,,,,,,,1,"{""hasPenInitials"":""1"",""hasRubrication"":""1""}"
02131208-p002,02131208,2,1849,1883,19,a,b | d | e | k,a,,"Armorial bookplate on front free endleaf 2r (as the Count of Villafranca), with the number ""111"" in ink below (the entry number in the Alès bibliography) and  ""182"" in pencil in upper right corner (the entry number in the first edition of Bohatta's bibliography); arms of the Duke of Parma on front cover.",e-au,2,"Borbone-Parma, Carlo Ludovico di | Lortic, Pierre-Marcelin",2836 | 3793,R390 | R110,person,1799 - 1883 | 1822 - 1892,http://thesaurus.cerl.org/record/cnp00574913 | http://viaf.org/viaf/48296149 | http://thesaurus.cerl.org/record/cnp01398911,"[{""characterisation"":[""roy""],""dates"":""1799 - 1883"",""externalId"":[""http://thesaurus.cerl.org/record/cnp00574913"",""http://viaf.org/viaf/48296149""],""gender"":""1002"",""name"":""Borbone-Parma, Carlo Ludovico di"",""ownerId"":""2836"",""professionOrType"":[""pol""],""role"":""R390"",""type"":""person"",""variants"":[""Charles Louis, duc de Bourbon-Parma "",""Charles-Louis de Bourbon, comte de Villafranca"",""Carlo Ludovico, re d'Etruria"",""Carlo II di Parma""]},{""characterisation"":[""noc""],""dates"":""1822 - 1892"",""externalId"":[""http://thesaurus.cerl.org/record/cnp01398911""],""gender"":""1002"",""name"":""Lortic, Pierre-Marcelin"",""ownerId"":""3793"",""professionOrType"":[""bkt""],""role"":""R110"",""type"":""person"",""variants"":[""Lortic, Pierre-Marcellin""]}]","Brown goatskin, gilt; all edges gilt and gauffered; inner boards of blue goatskin, decorated with alternating fleur-de-lis and crowned ""B"" monogram, gilt, with a center figure of a woman reading, standing on a serpent, made of inlaid red, tan, and black leather; first free endleaf at either end covered with blue silk (facing the inner board); stamped on lower front turn-in: ""Lortic"".",w,c,b,b,g,147,98,21,,,,,,,,,,,1,"{""edges"":""a"",""furniture"":""0"",""gauffered"":""a"",""titling"":[""b""],""tooling"":""b"",""writingOnEdges"":""d""}"
02131208-p003,02131208,3,1848,1907,19 | 20,a,s,a,c,"Inherited from his father; the collection was broken up upon his death.  Lot 122 in the 1932 Paris auction; sold for 18,100 (francs) according to a priced copy in the Grolier Club, New York.",e-au,1,"Borbone-Parma, Roberto",2835,R390,person,1848 - 1907,http://thesaurus.cerl.org/record/cnp01427221,"[{""characterisation"":[""ari""],""dates"":""1848 - 1907"",""externalId"":[""http://thesaurus.cerl.org/record/cnp01427221""],""gender"":""1002"",""name"":""Borbone-Parma, Roberto"",""ownerId"":""2835"",""professionOrType"":[""unk""],""role"":""R390"",""type"":""person"",""variants"":[""Bourbon-Parma"",""Robert de Bourbon, duke of Parma""]}]",,,,,,,,,,,,,,,,"18,100",French francs,Currency assumed from the location of the auction (Paris).,,1,
02131208-p004,02131208,4,1932,1935,20,a,e | s,a | e,,Bookplate on front free endleaf 2r; lot 1070 in the 1938 sale of his library. Acquisition date conjectural.,n-us-ny,1,"Bishop, Cortlandt Field",00021107,R390,person,1870-1935,https://en.wikipedia.org/wiki/Cortlandt_F._Bishop | https://lccn.loc.gov/n85239145,"[{""characterisation"":[""noc""],""dates"":""1870-1935"",""externalId"":[""https://en.wikipedia.org/wiki/Cortlandt_F._Bishop"",""https://lccn.loc.gov/n85239145""],""gender"":""1002"",""name"":""Bishop, Cortlandt Field"",""ownerId"":""00021107"",""professionOrType"":[""bus""],""role"":""R390"",""type"":""person"",""variants"":[""Bishop, Cortland F."",""Bishop, Courtland F.""]}]",,,,,,,,,,,,,,,,,,,,1,
02131208-p005,02131208,5,1938,1948,20,a,e,a,,Bookplate on front free endleaf 1v.,n-us,1,"Collins, Mary Schell",00025973,R390,person,1864-1948,,"[{""characterisation"":[""noc""],""dates"":""1864-1948"",""gender"":""1001"",""name"":""Collins, Mary Schell"",""ownerId"":""00025973"",""professionOrType"":[""unk""],""role"":""R390"",""type"":""person"",""variants"":[""Schell, Mary F.""]}]",,,,,,,,,,,,,,,,,,,,1,
02131208-p006,02131208,6,1948,1963,20,a,s,a | f,c,Recorded in 1965 as the bequest of Dorothea Schmedtgen Collins to Wellesley. Presumably inherited from Mary Schell Collins.,n-us-pa,1,"Collins, Dorothea Schmedtgen",00025949,R320,person,1902-1963,,"[{""characterisation"":[""noc""],""dates"":""1902-1963"",""gender"":""1001"",""name"":""Collins, Dorothea Schmedtgen"",""ownerId"":""00025949"",""professionOrType"":[""unk""],""role"":""R320"",""type"":""person""}]",,,,,,,,,,,,,,,,,,,,1,
02131208-p007,02131208,7,1965,,20,a,e,a | c,c,Recorded in 1965 as the bequest of Dorothea Schmedtgen Collins.,n-us-ma,1,"Wellesley, Massachusetts, Wellesley College",00025019,R399,corporate,1870-,https://www.wellesley.edu/about/wellesleyfacts | https://lccn.loc.gov/n83028985,"[{""characterisation"":[""noc""],""dates"":""1870-"",""externalId"":[""https://www.wellesley.edu/about/wellesleyfacts"",""https://lccn.loc.gov/n83028985""],""name"":""Wellesley, Massachusetts, Wellesley College"",""ownerId"":""00025019"",""professionOrType"":[""uni""],""role"":""R399"",""type"":""corporate"",""variants"":[""Wellesley Female Seminary""]}]",,,,,,,,,,,,,,,,,,,,1,
00211919-p001,00211919,1,1601,1800,17 | 18,,,,,Provenance: Richard Rawlinson (1690-1755): 'C & P' on front pastedown.,,1,"Rawlinson, Richard (1690-1755)",00013955,,per,1690 - 1755,https://aeolus.bodleian.ox.ac.uk/collections/incunables/provenances_for_mei.xml#xpointer(//*[@id= | http://thesaurus.cerl.org/record/cnp00403572 | https://bookowners.online/Richard_Rawlinson_1690-1755,"[{""dates"":""1690 - 1755"",""externalId"":[""https://aeolus.bodleian.ox.ac.uk/collections/incunables/provenances_for_mei.xml#xpointer(//*[@id="",""http://thesaurus.cerl.org/record/cnp00403572"",""https://bookowners.online/Richard_Rawlinson_1690-1755""],""name"":""Rawlinson, Richard (1690-1755)"",""note"":""nonjuring bishop; made numerous donations in his lifetime and bequeathed to the Bodleian Library his manuscripts and those printed books which contained manuscript notes; Rawlinson's books include some owned by Thomas Hearne, who bequeathed all his manuscripts and printed books with manuscript notes to William Bedford, from whose widow Rawlinson bought them; see Macray 231-51, Stanley Gillam, `Thomas Hearne's Library', BLR 12 (1985), 52-64, at 60-1; William Younger Fletcher, `The Rawlinsons and their Collections', Transactions of the Bibliographical Society, 5 (1899), 67-86; Georgian Rawlinson Tashjian, David R. Tashjian, and Brian J. Enright, Richard Rawlinson: A Tercentenary Memorial (Kalamazoo, Mich., 1990); DNB; B. J. Enright `Rawlinson and the Chandlers', BLR 4 (1953), 216-17, repr. with modifications in Tashjian, Tashjian, and Enright, 121-32; idem, `Richard Rawlinson Collector, Antiquary, and Topographer', unpublished D.Phil. thesis, University of Oxford, 1956; idem, `“I Collect and I Preserve”: Richard Rawlinson 1690-1755 and Eighteenth-century Book Collecting. Portrait of a Bibliophile XXVIII', Book Collector, 39 (1990), 27-54, repr. in The Pleasures of Bibliophily: Fifty Years of `The Book Collector' (London, 2003), 205-23; Robert A. Shaddy, `Thomas Rawlinson (1681-1725) and Richard Rawlinson (1690-1755)', in Pre-Nineteenth-century British Book- collectors and Bibliographers, ed. William Baker and Kenneth Womack, DLB 213 (Detroit, Washington DC, and London, 1999), 288-96; SC III 177-8."",""ownerId"":""00013955"",""type"":""per"",""variants"":[""Rawlinson, Richard""]}]",,,,,,,,,,,,,,,,,,,,0,
00211919-p002,00211919,2,,,,,,,,,e-uk,1,"Oxford, Bodleian library",4209,,corporate,1602 -,http://thesaurus.cerl.org/record/cnc00013057,"[{""characterisation"":[""noc""],""dates"":""1602 -"",""externalId"":[""http://thesaurus.cerl.org/record/cnc00013057""],""name"":""Oxford, Bodleian library"",""ownerId"":4209,""professionOrType"":[""uni""],""type"":""corporate""}]",,,,,,,,,,,,,,,,,,,,1,
02134902-p001,02134902,1,,,,a,k,a,,"""Goeffroin - Noël "" on binding.",e-fr,1,"Goeffroin, Noël",,R390,person,,,"[{""gender"":""1002"",""name"":""Goeffroin, Noël "",""role"":""R390"",""type"":""person""}]",,u,c,a,b,g,,,,,,,,,,,,,16/17th c.,0,"{""titling"":[""b""],""tooling"":""b""}"
02134902-p002,02134902,2,1757,1829,18 | 19,a,a | o,a,,Manuscript notes on endpaper with former owner's initials and shelfmark.,e-pl,1,"Woronicz, Jan Paweł",,R390,person,1757-1829,,"[{""characterisation"":[""rel""],""dates"":""1757-1829"",""gender"":""1002"",""name"":""Woronicz, Jan Paweł"",""note"":""Bishop of Kraków (1816-1829); archbishop of Warsaw (1828-1829)"",""professionOrType"":[""cle""],""role"":""R390"",""type"":""person""}]",,,,,,,,,,,,,"On endpaper: initials: ""JW"" = Jan Woronicz; shelfmark: ""H.16""; inscription about donation of this book to Ossoliński Institute in Lviv: ""Ofiaruje JW Biskup krakowski Woro- | -nicz do Instytutu Narodowego Imienia Osso- | -lińskiego we Lwowie na ręce | Henryka Lubomirskiego | dziedzicznego kuratora."".",,"[{""note"":""H.16""}]",,,,19th c.,1,
02134902-p003,02134902,3,1817,1946,19 | 20,a,h | o,a,b,Stamp with former shelfmark: “42.748”.,e-un,1,"Lviv, Ossolineum",00015685,R390,corporate,1817-1946,,"[{""dates"":""1817-1946"",""name"":""Lviv, Ossolineum"",""ownerId"":""00015685"",""professionOrType"":[""lib""],""role"":""R390"",""type"":""corporate"",""variants"":[""Ossoliński National Institute""]}]",,,,,,,,,,,,,,"Oval stamp on title page (verso): ""Instytut | Ossolińskiego"".","[{""note"":""42748""}]",,,,19th c.,1,
02134902-p004,02134902,4,1946,,20,a,h | o,a,e,"Paper label with current shelfmark: ""XV-14"".",e-pl,1,"Wroclaw, Ossolineum",00021732,R399,corporate,1946-now,,"[{""characterisation"":[""noc""],""dates"":""1946-now"",""name"":""Wroclaw, Ossolineum"",""ownerId"":""00021732"",""professionOrType"":[""lib""],""role"":""R399"",""type"":""corporate""}]",,,,,,,,,,,,,,Oval stamp on the last page: “Bibl. Z.N.iM. | Ossolińskich”.,,,,,20th c.,1,
02177634-p001,02177634,1,1497,1510,15 | 16,a,l,a | c,,,e-fr,1,"Anonymous rubricator, France",00026840,R680,person,1497-1510,,"[{""characterisation"":[""unk""],""dates"":""1497-1510"",""gender"":""1003"",""name"":""Anonymous rubricator, France"",""ownerId"":""00026840"",""professionOrType"":[""unk""],""role"":""R680"",""type"":""person""}]",,,,,,,,,,"Fully rubricated, and the initials coloured ",,,,,,,,,,1,"{""hasIlluminations"":""1"",""hasRubrication"":""1""}"
02177634-p002,02177634,2,1660,1753,17 | 18,a,a,a | g,,"On a vellum fly-leaf is written: Bibliothecae Sloanianae, with Sloane's library number Min: 255 (earlier numbers 76 and 141 have been crossed out). Entered in his library catalogue, BL Sloane MS 3972C vol.5 p.1481, suggesting an acquisition around 1714",e-uk,1,"Sloane, Sir Hans",00014339,R390,person,1660 - 1753,https://aeolus.bodleian.ox.ac.uk/collections/incunables/provenances_for_mei.xml#xpointer(//*[@id= | http://www.bl.uk/catalogues/sloane/ | http://thesaurus.cerl.org/record/cnp01337565,"[{""characterisation"":[""noc""],""dates"":""1660 - 1753"",""externalId"":[""https://aeolus.bodleian.ox.ac.uk/collections/incunables/provenances_for_mei.xml#xpointer(//*[@id="",""http://www.bl.uk/catalogues/sloane/"",""http://thesaurus.cerl.org/record/cnp01337565""],""gender"":""1002"",""name"":""Sloane, Sir Hans"",""ownerId"":""00014339"",""professionOrType"":[""phy""],""role"":""R390"",""type"":""person""}]",Bound in old (French?) vellum,u,a,b,a,g,,,,,,,,,,,,,,1,
02177634-p003,02177634,3,1753,,18,a,h,a | c,a,With the black MVSEVM BRITANNICVM stamp applied to books bought from Sloane's executors,e-uk,1,"London, British Museum Library, since 1973 The British Library",3442,R399,corporate,1753-,https://aeolus.bodleian.ox.ac.uk/collections/incunables/provenances_for_mei.xml#xpointer(//*[@id= | http://www.bl.uk/reshelp/findhelprestype/prbooks/provenanceresearch/provenanceresearch.html,"[{""characterisation"":[""noc""],""dates"":""1753-"",""externalId"":[""https://aeolus.bodleian.ox.ac.uk/collections/incunables/provenances_for_mei.xml#xpointer(//*[@id="",""http://www.bl.uk/reshelp/findhelprestype/prbooks/provenanceresearch/provenanceresearch.html""],""name"":""London, British Museum Library, since 1973 The British Library"",""ownerId"":""3442"",""professionOrType"":[""lib""],""role"":""R399"",""type"":""corporate"",""variants"":[""British Museum, London, Bibliotheca Britannica"",""British Museum, London, King's Library"",""King's Library, London"",""British Museum. Department of Printed Books"",""British Museum. Department of Manuscripts""]}]",,,,,,,,,,,,,,,,,,,,1,
02020083-p001,02020083,1,1498,1498,15,a,l,a | b,x,"Poitevin's printer's device is the first leaf of the text block. Rhodes notes that this device has been missed out of the authoritative list of printers' devices by Renouard (A Catalogue of Incunabula in all the Libraries of Oxford University outside the Bodleian (Oxford: Clarendon Press, 1982), p.179). ",e-fr,1,"Poitevin, John",00017997,R610,person,1498-1518,"Poitevin, Jean | Poitevin, Johannes","[{""characterisation"":[""noc""],""dates"":""1498-1518"",""externalId"":[""Poitevin, Jean"",""Poitevin, Johannes""],""gender"":1002,""name"":""Poitevin, John"",""ownerId"":""00017997"",""professionOrType"":[""bkt""],""role"":""R610"",""type"":""person""}]",,,,,,,,,,,,,,,,,,,1498,1,
02020083-p002,02020083,2,1501,1600,16,a,a,a,x,"There is one note on the inside of the front cover, written on a paper endleaf that has been loosely fixed to the board: ""Le Lreilles (?) de Sainct Martin"" and another on 1b: ""P. Pasquier"".",e-fr,1,Anonymous,00017998,R020,person,1501-1600,,"[{""characterisation"":[""unk""],""dates"":""1501-1600"",""gender"":1003,""name"":""Anonymous"",""ownerId"":""00017998"",""professionOrType"":[""unk""],""role"":""R020"",""type"":""person""}]",,,,,,,,,,,,,As above - one short inscription and a signature.,,,,,,1501-1600,1,"{""hasAutograph"":1,""msFrequency"":""a"",""msLocation"":""a""}"
02020083-p003,02020083,3,,,,a,k,a,x,"Bound in leather with a gilt Crucifixion stamp at the centre of the front and back boards. The vestiges of metal furniture can be seen on the front and back boards, and appear to have been filed down.",e,1,Anonymous,00017221,R110,person,1601-1700,,"[{""characterisation"":[""unk""],""dates"":""1601-1700"",""gender"":1003,""name"":""Anonymous"",""ownerId"":""00017221"",""professionOrType"":[""unk""],""role"":""R110"",""type"":""person""}]",,u,c,b,b,c,180,110,35,,,,,,,,,,1601-1700,1,"{""edges"":""a"",""furniture"":1,""gauffered"":""d"",""titling"":[""z""],""tooling"":""b"",""writingOnEdges"":""d""}"
02020083-p004,02020083,4,1800,,18,a,e,a,x,"It is unknown when Balliol College acquired this book, however, there is a Balliol bookplate fixed into the inside front cover that can be dated to c. 1800 (the widely-used etched armorial device with swags above and ""LIBER COLL BALL OXON"" on a ribbon beneath.",e-uk,1,"Oxford, Balliol College",3453,R399,corporate,,http://thesaurus.cerl.org/record/cnc00008754,"[{""characterisation"":[""noc""],""externalId"":[""http://thesaurus.cerl.org/record/cnc00008754""],""name"":""Oxford, Balliol College "",""ownerId"":3453,""professionOrType"":[""uni""],""role"":""R399"",""type"":""corporate""}]",,,,,,,,,,,,,,,,,,,1800,1,
02128182-p001,02128182,1,1501,1510,16,a,l,a | c,,,e-fr,1,"Anonymous rubricator, France",00025504,R680,person,1501-1510,,"[{""characterisation"":[""unk""],""dates"":""1501-1510"",""gender"":""1003"",""name"":""Anonymous rubricator, France"",""ownerId"":""00025504"",""professionOrType"":[""unk""],""role"":""R680"",""type"":""person""}]",,,,,,,,,,Initials added in gold on alternating red or blue ground.,Capital strokes in yellow (many faint or perhaps not added); pages ruled in red (underlining of text generally visible; other lines often faint or faded away).,early 16th century,,,,,,,,1,"{""hasIlluminations"":""1"",""hasOrnamentalLetters"":""1"",""hasPenInitials"":""1"",""hasRubrication"":""1""}"
02128182-p002,02128182,2,1650,1700,17,a,k,a,,,e-fr,1,"Anonymous binder, France",00027435,R110,person,1650-1700,,"[{""characterisation"":[""unk""],""dates"":""1650-1700"",""gender"":""1003"",""name"":""Anonymous binder, France"",""ownerId"":""00027435"",""professionOrType"":[""bkt""],""role"":""R110"",""type"":""person""}]","Late 17th-century (?) blind-tooled black goatskin, with triple-rule frames on covers, the inner frame with corner ornaments, all edges gilt, 2 fore-edge pin clasps (pins on edge of back cover; strap nails and remains of straps on front cover).",u,c,b,b,g,190,123,39,,,,,,,,,,,1,"{""edges"":""a"",""furniture"":""1"",""gauffered"":""d"",""titling"":[""z""],""tooling"":""a"",""writingOnEdges"":""d""}"
02128182-p003,02128182,3,1700,1800,17 | 18,a,e | k,a,,"From catalogue: bookplate with initials ""R.D."" in an oval with a goose at right, with motto ""Jesus Maria"" inside crown of thorns above.",e-fr,1,R. D.,00025533,R390,person,,,"[{""characterisation"":[""unk""],""gender"":""1003"",""name"":""R. D."",""ownerId"":""00025533"",""professionOrType"":[""unk""],""role"":""R390"",""type"":""person"",""variants"":[""D., R.""]}]",,,,,,,,,,,,,,,,,,,,1,
02128182-p004,02128182,4,1850,1866,19,a,s,a | c | g,,"Bequeathed to his son, David Wolfe Bruce; no. 82 in the catalogue of the son's gift to the Grolier Club cited above. Acquisition date conjectural.",n-us-ny,1,"Bruce, George",2275,R390,person,1781-1866,https://en.wikipedia.org/wiki/George_Bruce_(industrialist) | https://circuitousroot.com/artifice/letters/press/noncomptype/typography/bruce/index.html,"[{""characterisation"":[""noc""],""dates"":""1781-1866"",""externalId"":[""https://en.wikipedia.org/wiki/George_Bruce_(industrialist)"",""https://circuitousroot.com/artifice/letters/press/noncomptype/typography/bruce/index.html""],""gender"":""1002"",""name"":""Bruce, George"",""ownerId"":""2275"",""professionOrType"":[""bus""],""role"":""R390"",""type"":""person""}]",,,,,,,,,,,,,,,,,,,,1,
02128182-p005,02128182,5,1866,1894,19,a,e | s,a | c | g,c,"Inherited from his father in 1866; gift to the Grolier Club, 1894. No. 82 in the catalogues cited above.",n-us-ny,1,"Bruce, David Wolfe",3612,R320,person,1824-1895,http://thesaurus.cerl.org/record/cnp01467632 | https://en.wikipedia.org/wiki/George_Bruce_(industrialist),"[{""characterisation"":[""noc""],""dates"":""1824-1895"",""externalId"":[""http://thesaurus.cerl.org/record/cnp01467632"",""https://en.wikipedia.org/wiki/George_Bruce_(industrialist)""],""gender"":""1002"",""name"":""Bruce, David Wolfe"",""ownerId"":""3612"",""professionOrType"":[""bus""],""role"":""R320"",""type"":""person""}]",,,,,,,,,,,,,,,,,,,,1,
02128182-p006,02128182,6,1894,,19,a,e | s,a | c | f,b,"Gift of David Wolfe Bruce, 1894",n-us-ny,1,Grolier Club,3611,R399,corporate,1884 -,http://thesaurus.cerl.org/record/cnc00011834,"[{""characterisation"":[""noc""],""dates"":""1884 - "",""externalId"":[""http://thesaurus.cerl.org/record/cnc00011834""],""name"":""Grolier Club"",""ownerId"":""3611"",""professionOrType"":[""lib""],""role"":""R399"",""type"":""corporate"",""variants"":[""New York NY, Grolier Club""]}]",,,,,,,,,,,,,,,,,,,,1,
00560429-p001,00560429,1,,,,,,,,,,1,"Surtees, Robert",00019449,R390,person,1779-1834,,"[{""dates"":""1779-1834"",""name"":""Surtees, Robert"",""ownerId"":""00019449"",""role"":""R390"",""type"":""person""}]",,,,,,,,,,,,,,,,,,,,0,
00560429-p002,00560429,2,,,,a,,,,"On a1 verso an apparent presentation inscription, partly washed out: 'C [...] F a mr [?] Iohan m[...]d p[...] [...]d'. Front fly leaf inscribed: 'Robt Surtees to John Palmer 29th May 1825'. Given by Francis Jenkisnon, December 1908 (printed book label).",e-uk-en,1,Cambridge University Library,3463,R390,corporate,,http://thesaurus.cerl.org/record/cnc00002301,"[{""characterisation"":[""noc""],""externalId"":[""http://thesaurus.cerl.org/record/cnc00002301""],""name"":""Cambridge University Library"",""ownerId"":3463,""professionOrType"":[""lib""],""role"":""R390"",""type"":""corporate"",""variants"":[""Cambridge, University, Library"",""University Library, Cambridge"",""University of Cambridge, Cambridge University Library"",""University of Cambridge, Library"",""University of Cambridge, University Library""]}]",Seventeenth- or early eighteenth-century gold tooled calf with centrepieces of the Crucifixion (upper cover) and the Annunciation (lower). The Crucifixion stamp incorporates the letter S to the right of the figure of Mary.,,,,,,,,,Initials and paragraph marks supplied in alternating red and blue.,,,,,,,,,,1,
00200522-p001,00200522,1,1474,1525,15 | 16,a,l,b,,,e-it,1,"Anonymous, Italy",00010351,,person,1475 - 1525,,"[{""characterisation"":[""unk""],""dates"":""1475 - 1525"",""gender"":""1003"",""name"":""Anonymous, Italy"",""ownerId"":""00010351"",""professionOrType"":[""unk""],""type"":""person""}]",,,,,,,,,,A few initials are supplied in red. ,,,,,,,,,,1,"{""hasOrnamentalLetters"":""1""}"
00200522-p002,00200522,2,1711,1785,18,a,n,b,x,,e-it,1,"Rossi, Nicola",00014093,R390,person,1711-1785,https://aeolus.bodleian.ox.ac.uk/collections/incunables/provenances_for_mei.xml#xpointer(//*[@id=,"[{""characterisation"":[""rel""],""dates"":""1711-1785"",""externalId"":[""https://aeolus.bodleian.ox.ac.uk/collections/incunables/provenances_for_mei.xml#xpointer(//*[@id=""],""gender"":""1002"",""name"":""Rossi, Nicola"",""ownerId"":""00014093"",""professionOrType"":[""cle""],""role"":""R390"",""type"":""person"",""variants"":[""monogram B C"",""monogram BC""]}]",,,,,,,,,,,,,,,,,,,,1,
00200522-p003,00200522,3,1786,1792,18,a,n,b,a,,e-it,1,"Corsini, Bartolomeo",00017338,R390,person,1729 - 1792,"https://aeolus.bodleian.ox.ac.uk/collections/incunables/provenances_for_mei.xml#xpointer(//*[@id=""3463""])","[{""characterisation"":[""ari""],""dates"":""1729 - 1792"",""externalId"":[""https://aeolus.bodleian.ox.ac.uk/collections/incunables/provenances_for_mei.xml#xpointer(//*[@id=\""3463\""])""],""gender"":""1002"",""name"":""Corsini, Bartolomeo"",""ownerId"":""00017338"",""professionOrType"":[""bus""],""role"":""R390"",""type"":""person""}]",,,,,,,,,,,,,,,,,,,,1,
00200522-p004,00200522,4,1733,,18,a,,b,c,,e-it,1,"Rome, Biblioteca Corsiniana",00014072,R399,corporate,,,"[{""characterisation"":[""noc""],""name"":""Rome, Biblioteca Corsiniana"",""ownerId"":""00014072"",""professionOrType"":[""lib""],""role"":""R399"",""type"":""corporate"",""variants"":[""Roma, Biblioteca Corsiniana"",""Roma, Bibliotheca Corsinia nova"",""Roma, Bibliotheca Corsinia vetus"",""Corsini, Lorenzo""]}]",,,,,,,,,,,,,,,,,,,,1,
02000020-p001,02000020,1,1481,1500,15,,l,,,,e-it,1,"Anonymous, Italy",00010603,R390,person,,,"[{""characterisation"":[""unk""],""gender"":1001,""name"":""Anonymous, Italy"",""ownerId"":""00010603"",""professionOrType"":[""unk""],""role"":""R390"",""type"":""person""}]",,,,,,,,,,"Italian style illumination (possibly Venice, possibly female owner).  On [c1r] the initial is supplied in pink, blue, and green, inside the letter the Virgin and child surrounded by a yellow border; within a border of red, blue, and green floral decoration, gold vine stem decoration, and gold bezants; in the wreath an erased coat of arms. Other main initials are supplied in the same colours within a gold square ground edged in black, containing a profile of David praying, a skull, a cross, a dove. Other main initials contain only floral decoration. Other initials are in red or blue with violet or red penwork decoration, or simply in red or blue. ",,,,,,,,,,1,"{""hasOrnamentalLetters"":1,""hasRubrication"":1}"
02000020-p002,02000020,2,1525,1575,16,a,m,b,,Approximate dates.,e-it,1,"Anonymous, Italy",00010673,R020,person,1525 - 1575,,"[{""characterisation"":[""unk""],""dates"":""1525 - 1575"",""gender"":1003,""name"":""Anonymous, Italy"",""ownerId"":""00010673"",""professionOrType"":[""unk""],""role"":""R020"",""type"":""person""}]",,,,,,,,,,,,,"Arabic numbers added to the calendar in a sixteenth-century Italian hand, brown ink, then washed. On 24 May is added in capitals ""AFRE MARTIRE"". on [d2v] ""Iube ipsa"" in the same hand. Catch word ""et iusti"" in the middle of the lower margin on [f2v]; on [f7r] an initial in imitation of contemporary style, badly executed. ""IV 21"" crossed out an ""IV 28"" added on front pastedown in pencil. ",,,,,,1501 - 1600,0,"{""hasMsCompletions"":1,""hasMsExtractedKeywords"":1,""hasMsStructuring"":1,""hasMsSupplements"":1}"
02000020-p003,02000020,3,1796,1854,18 | 19,a,n,b,,"The collection was put together in the years 1838-54 while he was in Vienna and the Veneto was under Austrian rule. It included c.2200 incunables which he had purchased from Venetian booksellers such as Canciani, as is evident from no. 5c below, as well as at London auction sales; after his death the collection was given to the Jesuits in 1855 and was by them eventually deposited with the Vatican Library in 1922 (Dondi, 2016, p.247). See below. ",e-it,1,"De Rossi, Giovanni Francesco",00010765,R390,person,1796 - 1854,,"[{""characterisation"":[""ari""],""dates"":""1796 - 1854"",""gender"":1002,""name"":""De Rossi, Giovanni Francesco"",""ownerId"":""00010765"",""professionOrType"":[""bus""],""role"":""R390"",""type"":""person"",""variants"":[""Rossi, Giovanni Francesco"",""De Rossi, Gian Francesco""]}]",,,,,,,,,,,,,,,,,,,,1,
02000020-p004,02000020,4,1855,1922,19 | 20,a,n,b,b,,e-it,1,"Roma, Gesuiti, Collegio Romano, SJ",3639,R390,corporate,1551-1873,http://thesaurus.cerl.org/record/cnc00011809,"[{""characterisation"":[""rel""],""dates"":""1551-1873"",""externalId"":[""http://thesaurus.cerl.org/record/cnc00011809""],""name"":""Roma, Gesuiti, Collegio Romano, SJ"",""ownerId"":3639,""professionOrType"":[""lib""],""role"":""R390"",""type"":""corporate"",""variants"":[""Roma, Gesuiti, Biblioteca del Collegio Romano, SJ"",""Jesuitas"",""Jesuites"",""Jesuits"",""Collegio Romano, Biblioteca"",""Roma, Bibliotheca Collegii Romani, SJ"",""Jesuiten""]}]",,,,,,,,,,,,,,,,,,,,1,
02000020-p005,02000020,5,,,,a,n,b,e,,,1,"Città del Vaticano, Biblioteca Apostolica Vaticana",00010766,R399,corporate,1450 -,http://thesaurus.cerl.org/record/cnc00012811,"[{""characterisation"":[""rel""],""dates"":""1450 - "",""externalId"":["" http://thesaurus.cerl.org/record/cnc00012811""],""name"":""Città del Vaticano, Biblioteca Apostolica Vaticana"",""ownerId"":""00010766"",""professionOrType"":[""lib""],""role"":""R399"",""type"":""corporate"",""variants"":[""Rome, Vatican Library""]}]",,,,,,,,,,,,,,,,,,,,1,
02007622-p001,02007622,1,1474,1500,15,a,l,b | c,,,e-it,1,Master of the Rimini Ovid,00015582,,person,1450-1500,,"[{""characterisation"":[""unk""],""dates"":""1450-1500"",""gender"":1002,""name"":""Master of the Rimini Ovid"",""ownerId"":""00015582"",""professionOrType"":[""bkt""],""type"":""person""}]",,,,,,,,,,"All'incipit delle ore della Vergine, un frontespizio con monumento architettonico a timpano curvilineo, sopra il quale appare come se fosse appeso un foglio contenente il testo; ai lati, fregi con perle ed elementi di scultura dipinta, e nel margine inferiore, due tritoni dai lunghi capelli biondi reggono uno stemma, purtroppo rovinato; nella stessa carta, vignetta rettangolare contenente l'iniziale 'D' e la raffigurazione della Vergine con il Bambino e un angelo; nel timpano in alto, appare la figura di Dio Padre benedicente. Iniziali decorate alle altre ore della Vergine accompagnate da fregi con fiori, perle e putti; iniziale 'D' con teschio all'incipit dell'ufficio dei defunti. Area veneta. La miniatura è attribuibile al Maestro dell'Ovidio di Rimini (cfr. Simonetta Nicolini, 'Maestro dell'Ovidio di Rimini', in 'Dizionario biografico dei miniatori italiani. Secoli IX-XVI', a cura di Milvia Bollati, Milano 2004, pp. 612-614).",,,,,,,,,,1,"{""hasIlluminations"":1}"
02007622-p002,02007622,2,1451,1500,15,a,b,b,,"Unidentified contemporary arms on [alr], faded: possibly sable, two branches in saltire vert (Dondi, 2016, p. 245-247).",e-it,1,"Anonymous, Italy",00015499,,person,1451 - 1500,,"[{""characterisation"":[""unk""],""dates"":""1451 - 1500"",""gender"":1003,""name"":""Anonymous, Italy"",""ownerId"":""00015499"",""professionOrType"":[""unk""],""type"":""person""}]",,,,,,,,,,,,,,,,,,,,0,"{""hasCoatOfArms"":1}"
02007622-p003,02007622,3,1501,1600,16,a,a,b,x,"On first front paper endleaf, the name ""Sra: Marta Melina"" appears as mark of ownership (Dondi, 2016, p. 246).",e-it,1,"Melina, Marta",00017365,R390,person,1501 - 1600,,"[{""characterisation"":[""rel""],""dates"":""1501 - 1600"",""gender"":1001,""name"":""Melina, Marta"",""ownerId"":""00017365"",""professionOrType"":[""cle""],""role"":""R390"",""type"":""person""}]",,,,,,,,,,,,,,,,,,,1501 - 1600,1,
02007622-p004,02007622,4,1651,1750,17 | 18,a,a,b,x,"Unidentified ownership note in a sixteenth/seventeenth-centtury hand on [a1r]: ""hoc officium est mei / Josephi (?) Parochia (?/Lacchia..) Caprudensis..."" (Dondi, 2016, p.246).",e-it,1,Josephus,00017370,R390,person,1551 - 1750,,"[{""characterisation"":[""unk""],""dates"":""1551 - 1750"",""gender"":1002,""name"":""Josephus"",""ownerId"":""00017370"",""professionOrType"":[""unk""],""role"":""R390"",""type"":""person""}]",,,,,,,,,,,,,,,,,,,,1,
02007622-p005,02007622,5,1701,1720,18,a,n,b,x,"Alvarotti's collection included rare and valuable early Venetian and Paduan editions, generally with previous ownership, lay and ecclesiastical, from the Veneto; his incunable does not bear any of the distinctive marks identified in other Alvarotti editions, apart from the subject and bibliographical interest (Dondi, 2016, p. 246). ",e-it,1,"Alvarotti, Alfonso",819,R390,person,1687-1720,,"[{""characterisation"":[""ari""],""dates"":""1687-1720"",""gender"":1002,""name"":""Alvarotti, Alfonso"",""ownerId"":819,""professionOrType"":[""scl""],""role"":""R390"",""type"":""person""}]",,,,,,,,,,,,,,,,,,,,1,
02007622-p006,02007622,6,1700,1800,17 | 18,a,k,b | c,,,e-it,0,,,,,,,,"Eighteenth-century black leather over wooden boards, remains of one metal clasp hinging from centre of upper cover, one metal catch in lower cover. Sprinkled blue edges. 79 x 57 x 30 mm. ",v,c,b,b,c,79,57,30,,,,,,,,,,,0,"{""edges"":""b"",""furniture"":1,""gauffered"":""d"",""writingOnEdges"":""d""}"
02007622-p007,02007622,7,1720,,18,a,h,c,,,e-it,1,"Padova, Seminario vescovile",2734,R399,corporate,1670-,http://thesaurus.cerl.org/record/cnc00020548,"[{""characterisation"":[""rel""],""dates"":""1670-"",""externalId"":[""http://thesaurus.cerl.org/record/cnc00020548""],""name"":""Padova, Seminario vescovile"",""note"":""La biblioteca del Seminario Vescovile di Padova venne avviata dal vescovo Gregorio Barbarigo (1625-1697) contestualmente alla fondazione del Seminario nel 1670. L'acquisto nel 1720 della biblioteca del conte padovano Alfonso Alvarotti costituì il nucleo originario della raccolta di incunaboli. Il fondo si accrebbe poi lentamente per vari lasciti e donazioni durante il corso del sec. XVIII, avendo infine un rapido e forte incremento al tempo delle soppressioni napoleoniche e poi del Regno d'Italia, quando affluirono in biblioteca numerosi incunaboli delle corporazioni soppresse"",""ownerId"":2734,""role"":""R399"",""type"":""corporate""}]",,,,,,,,,,,,,,,,,,,,1,
02018734-p001,02018734,1,1474,1525,15 | 16,a,l | m,a | b,x,,e-it,1,"Anonymous, Italy",00010351,R390,person,1475 - 1525,,"[{""characterisation"":[""unk""],""dates"":""1475 - 1525"",""gender"":1003,""name"":""Anonymous, Italy"",""ownerId"":""00010351"",""professionOrType"":[""unk""],""role"":""R390"",""type"":""person""}]",,,,,,,,,,"Venetian style historiated initials are supplied in blue and other colours with leafy edges in green and red; inside the letter a yellow ring and a human figure, in front or profile; floral and foliate extensions from the letter into the margins in blue, green, red, yellow, gold bezants, and some gold/brown penwork. Other main initials are supplied in gold with purple penwork or in blue with red penwork; smaller initials in red or blue with purple or red penwork.",,,In the calendar a 15/16th-century Italian hand in brown ink added: 6 Oct. «s. Magni»; 8 Oct. «s. Marci» (really Martini).,,,,,,,1,"{""hasMsCompletions"":1,""hasMsSupplements"":1,""hasPenInitials"":1,""hasRubrication"":1,""msFrequency"":""a"",""msLocation"":""a""}"
02018734-p002,02018734,2,1525,1575,16,a,a,a | b,x,In the upper margin of [o1r] the name «Ab[...]» written in a sixteenth-century Italian hand in fine brown ink has been erased.,e-it,1,"Anonymous, Italy",00010673,R390,person,1525 - 1575,,"[{""characterisation"":[""unk""],""dates"":""1525 - 1575"",""gender"":1003,""name"":""Anonymous, Italy"",""ownerId"":""00010673"",""professionOrType"":[""unk""],""role"":""R390"",""type"":""person""}]",,,,,,,,,,,,,,,,,,,,0,
02018734-p003,02018734,3,1791,1830,18 | 19,a,k | n,a | b,x,See bibliographic evidence.,e-it,1,"Castiglioni di Cingoli, Francesco Saverio",2651,R390,person,1761-1830,http://thesaurus.cerl.org/record/cnp00898223,"[{""characterisation"":[""rel""],""dates"":""1761-1830"",""externalId"":[""http://thesaurus.cerl.org/record/cnp00898223""],""gender"":1002,""name"":""Castiglioni di Cingoli, Francesco Saverio"",""ownerId"":2651,""professionOrType"":[""cle""],""role"":""R390"",""type"":""person"",""variants"":[""Castiglioni, Francesco S."",""Castiglioni, Francesco Saverio"",""Castiglioni, Franciscus Xaverius"",""Pio, Papa, VIII."",""Saverio, Francesco"",""Saverio Castiglioni, Francesco"",""Saverio-Castiglioni, Francesco"",""Francesco Saverio Castiglioni di Cing0li""]}]",Eighteenth-century(?) red velvet over wooden boards; on rear parchment pastedown exlibris of the restauration laboratory of Badia di Grottaferrata. ,v,c,b,i,c,89,65,35,,,,,,,,,,,1,"{""edges"":""d"",""furniture"":0,""gauffered"":""d"",""titling"":[""z""],""tooling"":""d"",""writingOnEdges"":""d""}"
02018734-p004,02018734,4,1830,1935,19 | 20,a,n,a | b,c,"At Francesco Saverio Castiglioni's death the collection was kept together and augmented by his heirs, Marchesi Castiglioni di Cingoli.",e-it,1,"Castiglioni di Cingoli, famiglia",00017378,R390,person,1599-1850,,"[{""characterisation"":[""ari""],""dates"":""1599-1850"",""name"":""Castiglioni di Cingoli, famiglia"",""ownerId"":""00017378"",""professionOrType"":[""unk""],""role"":""R390"",""type"":""person"",""variants"":[""Castiglione, famiglia""]}]",,,,,,,,,,,,,,,,,,,,1,
02018734-p005,02018734,5,1935,,20,a,n | o,a | b,a,"In 1935 it was purchased by the Comune, Province, and State jointly and placed in the Biblioteca Comunale of Macerata.",e-it,1,"Macerata, Biblioteca Comunale",172,R399,corporate,1787-,,"[{""dates"":""1787-"",""name"":""Macerata, Biblioteca Comunale"",""ownerId"":172,""role"":""R399"",""type"":""corporate"",""variants"":[""Macerata, Biblioteca Comunale Mozzi-Borgetti"",""Macerata, Biblioteca Comunale Mozzi Borgetti""]}]",,,,,,,,,,,,,,,,,,,,1,
02108409-p001,02108409,1,1474,,15,a,l,a,,,,0,,,,,,,,,,,,,,,,,Iniziali dorate su campo policromo e decorate a bianchi girari nel campo interno. Iniziali semplici rosse e blu alternate.,,,,,,,,,,0,"{""hasOrnamentalLetters"":1}"
02108409-p002,02108409,2,1601,1700,17,a,a | k,a,x,"Al verso dell'ultima carta, di mano secentesca: ""offizio di Andrea del Bene[di]c[t]i (?) Copreno"". Al taglio di testa, manoscritto ""O."".",e-it,0,,,,,,,,Legatura in seta su piatti in cartone. Attualmente conservato in una custodia in cartone rivestita in tela.,u,c,b,i,g,80,60,35,,,,,,,,,,,1,"{""edges"":""d"",""furniture"":0,""gauffered"":""d"",""titling"":[""z""],""tooling"":""d"",""writingOnEdges"":""b""}"
02108409-p003,02108409,3,,,,a,a,a,x,"Al verso dell'ultima carta, manoscritto: ""Di Giacomo C[...]ali"", sbiadita e di difficile lettura.",,0,,,,,,,,,,,,,,,,,,,,,,,,,,1740,0,
02108409-p004,02108409,4,1935,,20,a,,a,,,e-it,1,Archivio storico civico e Biblioteca Trivulziana,1471,R399,corporate,,,"[{""characterisation"":[""noc""],""name"":""Archivio storico civico e Biblioteca Trivulziana"",""ownerId"":1471,""professionOrType"":[""lib""],""role"":""R399"",""type"":""corporate"",""variants"":[""Milano, Archivio storico civico e Biblioteca Trivulziana""]}]",,,,,,,,,,,,,,,,,,,,1,
02000466-p001,02000466,1,,1500,15,a,b,a,,"On [c1r] coat of arms of the Calbo (left) and Viaro (right) families of Venice; on the left-hand side, quarterly, 1 and 4 or, 2 gules, a cross argent, 3 gules. On the right-hand side, gules, a pale argent; MORANDO DI CUSTOZA, [Venezia] no. 645 and 3299. Probably in the possession of the family of Girolamo Calbo († 1492), fu Pregadi, who married in 1467 a Viaro de S. Stefano «quondam Mattio q: Luca»; see BARBARO.",e-it,1,Girolamo Calbo,158,R390,person,d. 1492,,"[{""characterisation"":[""ari""],""dates"":""d. 1492"",""gender"":""1002"",""name"":""Girolamo Calbo"",""ownerId"":""158"",""role"":""R390"",""type"":""person"",""variants"":[""Calbo, Girolamo"",""Calbus, Hieronymus""]}]",,,,,,,,,,Venetian style decoration.,,,,,,,,,,1,
02000466-p002,02000466,2,1721,1810,18 | 19,a,n,a,,"the copy described by Sardini [1796-98] who declared to have seen it from Canonici. His printed books, apparently some 3,500 bibles and 2,000 other volumes, went to Girolamo Cardina, who after 1807 sold everything to the Venice bookseller and publisher Adolfo Cesare (active from c.1770, †1818), specialized in manuscripts and incunabula.",e-it,1,"Canonici, Matteo Luigi, SJ",00011717,R390,person,1727 - 1805,https://aeolus.bodleian.ox.ac.uk/collections/incunables/provenances_for_mei.xml#xpointer(//*[@id=,"[{""characterisation"":[""rel""],""dates"":""1727 - 1805"",""externalId"":[""https://aeolus.bodleian.ox.ac.uk/collections/incunables/provenances_for_mei.xml#xpointer(//*[@id=""],""gender"":""1002"",""name"":""Canonici, Matteo Luigi, SJ"",""ownerId"":""00011717"",""professionOrType"":[""cle""],""role"":""R390"",""type"":""person"",""variants"":[""Canonici, Matteo Luigi, SJ ""]}]",,,,,,,,,,,,,,,,,,,,1,
02000466-p003,02000466,3,1701,1850,18 | 19,a,h,a,,"«The Grenville Library» stamp in green ink, on rear endleaf; also armorial label gilt on parchement pasted onto front pastedown; see Bibliotheca Grenvilliana, II p. 501b. he bequeathed his collection to the British Museum in 1846.",e-uk,1,Thomas Grenville,3443,R390,person,1755-1846,http://thesaurus.cerl.org/record/cnp01275700 | https://aeolus.bodleian.ox.ac.uk/collections/incunables/provenances_for_mei.xml#xpointer(//*[@id=,"[{""characterisation"":[""ari""],""dates"":""1755-1846"",""externalId"":[""http://thesaurus.cerl.org/record/cnp01275700"",""https://aeolus.bodleian.ox.ac.uk/collections/incunables/provenances_for_mei.xml#xpointer(//*[@id=""],""gender"":""1002"",""name"":""Thomas Grenville"",""ownerId"":""3443"",""role"":""R390"",""type"":""person"",""variants"":[""Grenville, Thomas""]}]",,,,,,,,,,,,,,,,,,,,1,
02000466-p004,02000466,4,1841,,19,a,h,a,c,Grenville bequeathed his collection to the British Museum in 1846.,e-uk,1,British Museum library,3442,R399,corporate,,https://aeolus.bodleian.ox.ac.uk/collections/incunables/provenances_for_mei.xml#xpointer(//*[@id= | http://www.bl.uk/reshelp/findhelprestype/prbooks/provenanceresearch/provenanceresearch.html,"[{""characterisation"":[""noc""],""externalId"":[""https://aeolus.bodleian.ox.ac.uk/collections/incunables/provenances_for_mei.xml#xpointer(//*[@id="",""http://www.bl.uk/reshelp/findhelprestype/prbooks/provenanceresearch/provenanceresearch.html""],""name"":""British Museum library"",""ownerId"":""3442"",""role"":""R399"",""type"":""corporate"",""variants"":[""London, British Museum Library, since 1973 The British Library"",""British Museum, London, Bibliotheca Britannica"",""British Museum, London, King's Library"",""King's Library, London"",""British Museum. Department of Printed Books"",""British Museum. Department of Manuscripts""]}]","Nineteenth-century black chagrin, with one metal clasp hinging from the upper cover, in shell form, the other missing, and two metal catches in the lower cover; marbled pastedowns, all nineteenth-century. Edges gilt and gauffered in an earlier period, possibly in the sixteenth century. 86 x 63 x 35 mm.",w,c,b,b,g,,,,,,,,,,,,,,1,"{""edges"":""a"",""furniture"":""1"",""gauffered"":""a""}"
02002946-p001,02002946,1,,,,a,a | b | m,b,,"In the lower border of [clr], within a wreath, his coat of arms; azure, a chevron or, between 3 sparrows proper (2 and 1). On [A8r] instead of the colophon: ""Questo libro si e de Tiburcio Passaroto oreuexe da Bologna: 1474"". On [b8v] his circular trade mark, in brown ink: ""T + P"". (See Dondi for bibliography, page 5). ",e-it,1,"Passerotti, Tiburzio",00017344,R390,person,1444 - 1524,,"[{""characterisation"":[""noc""],""dates"":""1444 - 1524"",""gender"":""1002"",""name"":""Passerotti, Tiburzio"",""ownerId"":""00017344"",""professionOrType"":[""art""],""role"":""R390"",""type"":""person"",""variants"":[""Tiburcio Passaroto"",""Passaroto, Tiburcio""]}]",,,,,,,,,,,,,"On [A8v] manuscript additions in brown ink and red capitals, in the rotunda hand of Tiburcio Passaroto: ""Qui habitat in adiutorio [...]""; in a subsequent gathering they continue with ""Or. ad diuum Augustinum. O dulcissime domine IC...; Or. s Petronii. Exultet domine populus tuus in sancti Petronii confessoris tui atque pontificis commemoratione ut cuius uotiva letantur officio releuemur auxilio. Or s Chrisiphori. Deus qui beatum Christophorum martirum tuum virtute constantie [...] feliciter mereamur"". ",,,,,,1474,1,"{""hasMsStructuring"":""1"",""hasMsSupplements"":""1"",""msFrequency"":""a"",""msLocation"":""a""}"
02002946-p002,02002946,2,1474,1505,15 | 16,a,l,b,,,e-it,1,Pico Master,2590,R430,person,1460 - 1505,,"[{""characterisation"":[""noc""],""dates"":""1460 - 1505"",""gender"":""1002"",""name"":""Pico Master"",""ownerId"":""2590"",""professionOrType"":[""art"",""bkt""],""role"":""R430"",""type"":""person"",""variants"":[""Maestro del Plinio di Giovanni Pico della Mirandola"",""Maestro del Plinio di Pico"",""Maestro di Pico""]}]",,,,,,,,,,"Contemporary Venetian decoration, in the style of the Pico Master, the Ferrara-trained illuminator who was active in Venice and Ferrara c.1460 - c. 1505, but continuously in Venice in the years 1469 - 1495. Main initials are supplied in green, pink, and blue intertwined acanthus leaves, sometimes resembling ribbons, on a gold ground, with extensions to form a border of floral pink, blue, and green within circular gold vine stems. On [clr] 7-line initial with the Virgin and child; on [n3r] 6-line initial with David praying; on [rlr] 5-line initial with a skull; on [z6r] 6-line initial with a cross; on [A3r] 6-line initial with decorative leaves. Other initials in red or blue with violet or red penwork decoration. (See Dondi, page 4 for bibliography).",,,,,,,,,,1,"{""hasIlluminations"":""1"",""hasOrnamentalLetters"":""1""}"
02002946-p003,02002946,3,1500,1600,15 | 16,a,a,b,,"Erased inscription on [alr], fine brown ink, probably sixteenth century: ""[...] Rivellensis / Paduas"". ",e-it,1,Anonymous Rivella (Padua),00017349,R390,,,,"[{""gender"":""1003"",""name"":""Anonymous Rivella (Padua)"",""ownerId"":""00017349"",""role"":""R390""}]",,,,,,,,,,,,,,,,,,,,1,
02002946-p004,02002946,4,1733,,18,a,a,b,,"Inscription on [A8r] in brown ink, just below the colophon: ""Nunc est ad usum Iacobi Antonii Rossi medicine Doctoris Rivellensis 1733"". (See Dondi, page 5 for bibliography). ",e-it,1,"Rossi, Jacobus Antonius",00017355,R390,person,1700 - 1760,,"[{""characterisation"":[""noc""],""dates"":""1700 - 1760"",""gender"":""1002"",""name"":""Rossi, Jacobus Antonius "",""ownerId"":""00017355"",""professionOrType"":[""phy""],""role"":""R390"",""type"":""person""}]",,,,,,,,,,,,,,,,,,,1733,1,
02002946-p005,02002946,5,1801,1829,19,a,n,b,,"The book was in Del Mayno's possession in 1817, as cited bz Giustiniani (1817), publication which Del Mayno edited, p. 130 (with transcription of Passaroto's inscription), but not in Giustiniani's 1793 edition, suggesting possibly that Del Mayno acquired the volume after 1793. (See Dondi, page 5). ",e-it,1,"del Mayno, Carlo <of Naples>",2831,R390,person,- 1829,http://thesaurus.cerl.org/record/cnp01427225,"[{""characterisation"":[""noc""],""dates"":""- 1829"",""externalId"":[""http://thesaurus.cerl.org/record/cnp01427225""],""gender"":""1002"",""name"":""del Mayno, Carlo <of Naples>"",""ownerId"":""2831"",""professionOrType"":[""bkt""],""role"":""R390"",""type"":""person"",""variants"":[""del Mayno, Carlo""]}]",,,,,,,,,,,,,,,,,,,,1,
02002946-p006,02002946,6,1747,1825,18 | 19,a,n,b,a,"See Vincenzo Trombetta La Biblioteca Capuana del cardinale Serra Cassano. Serra must have purchased the book from Del Mayno before 1819, as his whole library was bought in 1819/20 by Spencer (see below).  (See Dondi, page 6).",e-it,1,"Serra, Luigi <4th Duca di Cassano (Napoli)>",2642,R390,person,1747 - 1825,http://thesaurus.cerl.org/record/cnp01427218 | https://www.treccani.it/enciclopedia/serra-di-cassano-luigi_(Dizionario-Biografico) | https://lccn.loc.gov/no2012013657,"[{""characterisation"":[""ari""],""dates"":""1747 - 1825"",""externalId"":[""http://thesaurus.cerl.org/record/cnp01427218"",""https://www.treccani.it/enciclopedia/serra-di-cassano-luigi_(Dizionario-Biografico)"",""https://lccn.loc.gov/no2012013657""],""gender"":""1002"",""name"":""Serra, Luigi <4th Duca di Cassano (Napoli)>"",""ownerId"":""2642"",""professionOrType"":[""bkt""],""role"":""R390"",""type"":""person"",""variants"":[""Serra, Luigi, Duca di Cassano"",""Cassano Serra, Luigi, duca di Cassano"",""Serra, Luigi, 4th Duca di Cassano (Napoli)""]}]",,,,,,,,,,,,,,,,,,,,1,
02002946-p007,02002946,7,1820,1834,19,a,n,b,a,"Spencer bought Del Mayno's whole library in 1819/20. (See Dondi, page 6).",e-uk,1,"Spencer, George John, 2nd Earl Spencer",00014395,R390,person,1758 - 1834,,"[{""characterisation"":[""ari""],""dates"":""1758 - 1834"",""gender"":""1002"",""name"":""Spencer, George John, 2nd Earl Spencer"",""ownerId"":""00014395"",""professionOrType"":[""pol""],""role"":""R390"",""type"":""person""}]",,,,,,,,,,,,,,,,,,,,1,
02002946-p008,02002946,8,1892,1899,19,a,n,b,,"The Spencer collection was purchased from Spencer's grandson in 1892 by Enriqueta Augustina Tennant (1843-1908), third wife of the manufacturer, merchant, and philantropist John Rylands, to become part of the John Rylands Library of Manchester, which she founded in 1899. (See Dondi, page 6). ",e-uk,1,"Tennant, Enriqueta Augustina",00030211,R390,person,1843 - 1908,http://thesaurus.cerl.org/record/cnp01427217,"[{""characterisation"":[""noc""],""dates"":""1843 - 1908"",""externalId"":[""http://thesaurus.cerl.org/record/cnp01427217""],""gender"":""1001"",""name"":""Tennant, Enriqueta Augustina "",""ownerId"":""00030211"",""professionOrType"":[""bus""],""role"":""R390"",""type"":""person"",""variants"":[""Rylands, Enriqueta Augustina "",""Tennant, Enriqueta Augustina""]}]",,,,,,,,,,,,,,,,,,,,1,
02002946-p009,02002946,9,1900,,19,a,n,b,b,,e-uk,1,"Manchester, John Rylands University Library",00016201,R399,corporate,1900,,"[{""characterisation"":[""noc""],""dates"":""1900"",""name"":""Manchester, John Rylands University Library"",""ownerId"":""00016201"",""professionOrType"":[""lib""],""role"":""R399"",""type"":""corporate"",""variants"":[""John Rylands Library""]}]",,,,,,,,,,,,,,,,,,,,1,
02003507-p001,02003507,1,,1500,15,a,b,a,,,e-it,1,"Grimaldi, family <of Genova>",2798,R390,person,1475 -,http://thesaurus.cerl.org/record/cnp01303744,"[{""characterisation"":[""ari""],""dates"":""1475 - "",""externalId"":[""http://thesaurus.cerl.org/record/cnp01303744""],""gender"":1003,""name"":""Grimaldi, family <of Genova>"",""ownerId"":2798,""role"":""R390"",""type"":""person""}]",,,,,,,,,,,,,,,,,,,,1,
02003507-p002,02003507,2,1701,,18,a,h,a,e,"From present location of copy. This copy must have been acquired between 1730 and 1904, probably with books coming from suppressed monasteries during the Napoleonic period; but not from the Jesuits (personal communication)",e-it,1,"Turin, Royal University Library",00022179,R399,corporate,1723 -,https://thesaurus.cerl.org/record/cnc00011835,"[{""characterisation"":[""noc""],""dates"":""1723 - "",""externalId"":[""https://thesaurus.cerl.org/record/cnc00011835""],""name"":""Turin, Royal University Library"",""ownerId"":""00022179"",""role"":""R399"",""type"":""corporate"",""variants"":[""Torino, Biblioteca Nazionale Universitaria"",""Torino, Biblioteca del Regio Ateneo"",""Bibliotheca Taurinensis Athenaei"",""Turin, Royal University Library""]}]",,,,,,,,,,,,,,,,,,,,1,
02003132-p001,02003132,1,,,,,,,,,,1,"Milano, Biblioteca Trivulziana",1471,R399,corporate,,,"[{""name"":""Milano, Biblioteca Trivulziana"",""ownerId"":1471,""role"":""R399"",""type"":""corporate"",""variants"":[""Milano, Archivio storico civico e Biblioteca Trivulziana""]}]",,,,,,,,,,,,,,,,,,,,0,
02003305-p001,02003305,1,1475,1500,15,a,l,a | c | x,,,e-it,1,"Anonymous artist, Bologna, Italy",00025506,R430,person,1475-1480,,"[{""characterisation"":[""unk""],""dates"":""1475-1480"",""gender"":""1002"",""name"":""Anonymous artist, Bologna, Italy"",""ownerId"":""00025506"",""professionOrType"":[""art""],""role"":""R430"",""type"":""person""}]",,,,,,,,,,"""Large initials are supplied in green or pink on a square gold ground edged in black; they contain floral and foliate decoration in green, blue, and pink with extensions to form a frame, also decorated with tight concentric circles filigreed in gold penwork, very fine; typical of the Ferrara manuscript decoration style which was practised in Bologna"" (Lilian Armstrong, cited by Dondi).",Other initials in red or blue with violet or red penwork decoration.,15th century,,,,,,,,1,"{""hasIlluminations"":""1"",""hasOrnamentalLetters"":""1"",""hasPenInitials"":""1"",""hasRubrication"":""1""}"
02003305-p002,02003305,2,1860,1876,19,a,s,a | c | g,g,"Attributed to Hagué by various sources, including the Firmin-Didot sale catalogue.",e-be,1,"Hagué, Louis",00021065,,person,1823-1891,,"[{""characterisation"":[""noc""],""dates"":""1823-1891"",""gender"":""1002"",""name"":""Hagué, Louis"",""ownerId"":""00021065"",""professionOrType"":[""bkt""],""type"":""person"",""variants"":[""Hague, Louis""]}]","""Late nineteenth-century gold-tooled calf over pasteboards with knot-work in darker brown leather and gold bezants, in the style of French Renaissance bindings, probably by Louis Hagué"" (Dondi, p. 254). All edges gilt. Conservation work by Carolyn Horton & Associates in September 1975 (detailed on a slip mounted at end).",w,c,b,b,g,88,65,38,,,,,,,,,,,1,"{""edges"":""a"",""furniture"":""0"",""gauffered"":""d"",""titling"":[""z""],""tooling"":""b"",""writingOnEdges"":""d""}"
02003305-p003,02003305,3,1820,1876,19,a,n,c | e,,"Lot 151 in the 26 May 1879 sale of his library, Paris; sold for 880 francs to ""Labitte"", i.e. Adolphe Labitte, named on the title page of the sale catalogue as an assistant to the auctioneer, and as ""libraire de la Bibliothèque nationale"".",e-fr,1,"Firmin-Didot, Ambroise",4406,R390,person,1790-1876,http://thesaurus.cerl.org/record/cnp01325752,"[{""characterisation"":[""noc""],""dates"":""1790-1876"",""externalId"":[""http://thesaurus.cerl.org/record/cnp01325752""],""gender"":""1002"",""name"":""Firmin-Didot, Ambroise"",""ownerId"":""4406"",""professionOrType"":[""bkt""],""role"":""R390"",""type"":""person"",""variants"":[""Firmin-Didot, Ambrosius""]}]",,,,,,,,,,,,,,,,,,,,1,
02003305-p004,02003305,4,1879,1882,19,a,s,e | g,a,"Named as the purchaser in an annotated copy of the sale catalogue (Grolier Club, copy 1) for 880 francs.",e-fr,1,"Labitte, Adolphe",00021067,R160,person,1832-1882,http://histoire-bibliophilie.blogspot.com/2014/06/labitte-ou-la-passion-de-lexpertise.html,"[{""characterisation"":[""noc""],""dates"":""1832-1882"",""externalId"":[""http://histoire-bibliophilie.blogspot.com/2014/06/labitte-ou-la-passion-de-lexpertise.html""],""gender"":""1002"",""name"":""Labitte, Adolphe"",""ownerId"":""00021067"",""professionOrType"":[""bkt""],""role"":""R160"",""type"":""person""}]",,,,,,,,,,,,,,,,880,French francs,,,1,
02003305-p005,02003305,5,1882,1930,19 | 20,a,e,a | c | f,c,"Bequest of Mrs. William Loring Andrews to the Grolier Club, 1930.",n-us-ny,2,"Andrews, William Loring | Andrews, Jane Elizabeth Crane",2777 | 00024643,R320,person,1837 - 1920 | 1840-1930,http://thesaurus.cerl.org/record/cnp01303717 | https://hdl.handle.net/2027/umn.31951001989540p | https://en.wikipedia.org/wiki/William_Loring_Andrews,"[{""characterisation"":[""noc""],""dates"":""1837 - 1920"",""externalId"":[""http://thesaurus.cerl.org/record/cnp01303717"",""https://hdl.handle.net/2027/umn.31951001989540p"",""https://en.wikipedia.org/wiki/William_Loring_Andrews""],""gender"":""1002"",""name"":""Andrews, William Loring"",""ownerId"":""2777"",""professionOrType"":[""scl""],""role"":""R320"",""type"":""person""},{""characterisation"":[""noc""],""dates"":""1840-1930"",""gender"":""1001"",""name"":""Andrews, Jane Elizabeth Crane"",""ownerId"":""00024643"",""professionOrType"":[""unk""],""role"":""R320"",""type"":""person"",""variants"":[""Andrews, Mrs. William Loring""]}]",,,,,,,,,,,,,,,,,,,,1,
02003305-p006,02003305,6,1930,,20,a,e,a | c | f,c,"Bequest of Mrs William Loring Andrews, 1930; printed label on rear pastedown.",n-us,1,"Grolier Club, New York City",3611,R399,corporate,1884 -,http://thesaurus.cerl.org/record/cnc00011834,"[{""characterisation"":[""noc""],""dates"":""1884 - "",""externalId"":[""http://thesaurus.cerl.org/record/cnc00011834""],""name"":""Grolier Club, New York City"",""ownerId"":""3611"",""professionOrType"":[""lib""],""role"":""R399"",""type"":""corporate"",""variants"":[""New York NY, Grolier Club""]}]",,,,,,,,,,,,,,,,,,,,1,
02003758-p001,02003758,1,,1500,15,a,n,a,,,e-gx,1,"Schedel, Hermann",2817,R390,person,1410 - 1485,http://thesaurus.cerl.org/record/cnp01258298,"[{""characterisation"":[""noc""],""dates"":""1410 - 1485"",""externalId"":[""http://thesaurus.cerl.org/record/cnp01258298""],""gender"":1002,""name"":""Schedel, Hermann"",""ownerId"":2817,""role"":""R390"",""type"":""person"",""typeOrProfession"":[""scl""],""variants"":[""Hermann, Schedel""]}]","According to Kyriss II p. 121 and IV pp. 100-1, bound in Nuremberg by the ""Successor of the Minorites binder"" active during the years 1476-1521.",s,c,a,b,c,,,,"German style. Main initials are supplied in red or blue with blue or red penwork decoration; other initials and paragraph marks are is red or blue, sometimes with cadelle decoration. ",,,,,,,,,,1,"{""edges"":""d"",""furniture"":1,""gauffered"":""d"",""hasPenInitials"":""true"",""tooling"":""a"",""writingOnEdges"":""d""}"
02003758-p002,02003758,2,,1600,15 | 16,a,,a,,,e-gx,1,"Schedel, Hartmann",2816,R390,person,1440 - 1514,http://thesaurus.cerl.org/record/cnp01258297,"[{""characterisation"":[""noc""],""dates"":""1440 - 1514"",""externalId"":[""http://thesaurus.cerl.org/record/cnp01258297""],""gender"":1002,""name"":""Schedel, Hartmann"",""ownerId"":2816,""role"":""R390"",""type"":""person"",""typeOrProfession"":[""scl""],""variants"":[""Hartmann, Schedel"",""Hartmannus, Schedelius"",""Schedel, D. H."",""Schedel, Hartman"",""Schedelius, Hartmannus""]}]",,,,,,,,,,,,,,,,,,,,1,
02003758-p003,02003758,3,1501,1600,16,a,a,a,c,"A note in the calendar, 31 January: 'Isto die promotus fui in atrium magistrum A. S.'",e-gx,1,"Schedel, Anton",2815,,person,1490 - 1535,http://thesaurus.cerl.org/record/cnp01258296,"[{""characterisation"":[""noc""],""dates"":""1490 - 1535"",""externalId"":[""http://thesaurus.cerl.org/record/cnp01258296""],""gender"":1002,""name"":""Schedel, Anton"",""ownerId"":2815,""type"":""person"",""typeOrProfession"":[""stu""]}]",,,,,,,,,,,,,,,,,,,,1,
02003758-p004,02003758,4,1501,1600,16,a,n,a,a,"The library of Hartmann Schedel, some 2,000 books, was sold to Fugger in 1552.",e-gx,1,"Fugger, Johann Jakob",2814,R390,person,1516-1575,http://thesaurus.cerl.org/record/cnp01256457,"[{""characterisation"":[""noc""],""dates"":""1516-1575"",""externalId"":[""http://thesaurus.cerl.org/record/cnp01256457""],""gender"":1002,""name"":""Fugger, Johann Jakob"",""ownerId"":2814,""role"":""R390"",""type"":""person"",""typeOrProfession"":[""bus""],""variants"":[""Fuggerus""]}]",,,,,,,,,,,,,,,,,,,,1,
02003758-p005,02003758,5,1501,1600,16,a,n,a,a,"Albrecht V purchased the Fugger collection, some 12,000 volumes, in 1571",e-gx,1,"Albrecht <Bayern, Herzog, V.>",2813,R390,person,1528 - 1579,http://thesaurus.cerl.org/record/cnp00397313,"[{""characterisation"":[""ari""],""dates"":""1528 - 1579"",""externalId"":[""http://thesaurus.cerl.org/record/cnp00397313""],""gender"":1002,""name"":""Albrecht <Bayern, Herzog, V.>"",""ownerId"":2813,""role"":""R390"",""type"":""person"",""variants"":[""Albrecht V., Herzog von Bayern"",""Albert, Bayern, Herzog"",""Albert, Bayern, Herzog, V."",""Albert, der Großmütige"",""Albert, von Baiern"",""Albertus, Bavaria, Dux, V."",""Albrecht, der Grossmüthige""]}]",,,,,,,,,,,,,,,,,,,,1,
02003758-p006,02003758,6,,,,,,,,,,1,"München, Königliche Hof- und Staatsbibliothek",00013535,R399,corporate,,,"[{""name"":""München, Königliche Hof- und Staatsbibliothek"",""ownerId"":""00013535"",""role"":""R399"",""type"":""corporate"",""variants"":[""München, Bayerische Staatsbibliothek"",""Munich, Royal Library"",""Bibliotheca regia Monacensis"",""München, Königliche Hof- und Staatsbibliothek"",""Munchen, Koninklijke Bibliotheek""]}]",,,,,,,,,,,,,,,,,,,,0,
00200528-p001,00200528,1,1450,1575,15 | 16,a,l,b,,,e-it,1,"Anonymous, Ferrara",00017385,R430,person,1450 - 1525,,"[{""dates"":""1450 - 1525"",""gender"":1003,""name"":""Anonymous, Ferrara"",""ownerId"":""00017385"",""professionOrType"":[""art""],""role"":""R430"",""type"":""person""}]",,,,,,,,,,"On [c1r] the initial is supplied in pink with white penwork on a square gold ground; it contains the Virgin and child; a border of floral and foliate blue, pink, green, and gold bezants and a design in black filigree; in the lower margin an empty wreath; all in Ferrara style. The border is edged in gold and then in blue. Other principal initials are supplied in purple with white penwork, on a gold ground often oxidized, with blue, purple, and green foliate extensions and gold bezants in black filigree; on [m4r] the initial contains a profile of King David; on [p7v] a skull in front view; on [x7v] a cross. Other initials are supplied in red or blue. Guide-letters for the rubricator in a fine black ink.",,,,,,,,,,1,"{""hasIlluminations"":1,""hasOrnamentalLetters"":1,""hasPenInitials"":1}"
00200528-p002,00200528,2,1501,1600,16,a,a,b,x,"On recto of front parchment endleaf the note ""Questo off[ici]o e della M. ill. Sig Emilia Gandelina q:[uondam] del q. M. ill. et ecmo sig. Lucio Cap[ello?] GentilAuomo Vice[n]za"". Ferrara 1556; on the same leaf the note ""Pie'no [...] Ferar 56"" (Dondi, 2016, p. 262).",e-it,1,"Gandelina, Emilia",00017392,R390,person,,,"[{""characterisation"":[""noc""],""gender"":1001,""name"":""Gandelina, Emilia"",""ownerId"":""00017392"",""professionOrType"":[""unk""],""role"":""R390"",""type"":""person""}]",,,,,,,,,,,,,,,,,,,1556,1,
00200528-p003,00200528,3,1785,1826,18 | 19,a,n,b,a,"This copy has been traced back to Williams on bibliographical evidence (Van Praet); on front paper endleaf: ""Prima edizione dell'Uffizio della B.V."" followed by the price ""10.10.0"" all in pencil, probably the price paid by Williams (Dondi, 2016, p. 262). ",e-uk,1,"Williams, Theodore",00015047,R390,person,1785 - 1875,"https://aeolus.bodleian.ox.ac.uk/collections/incunables/provenances_for_mei.xml#xpointer(//*[@id=""3979""])","[{""characterisation"":[""rel""],""dates"":""1785 - 1875"",""externalId"":[""https://aeolus.bodleian.ox.ac.uk/collections/incunables/provenances_for_mei.xml#xpointer(//*[@id=\""3979\""])""],""gender"":1002,""name"":""Williams, Theodore "",""ownerId"":""00015047"",""professionOrType"":[""cle""],""role"":""R390"",""type"":""person"",""variants"":[""Williams, Theodore (1785-1875)""]}]",,,,,,,,,,,,,,,,10.10.0,Lsd,,,1,
00200528-p004,00200528,4,1813,1850,19,a,n | r,b,a,"According to the annotated catalogue in the British Library (11901 k. 17), Payne bought the lot 1265 (""480 [...] 1473"") for £8.0.0. It appears therefore that Payne and Foss purchased on behalf of the Royal Library of Paris. On the verso of the front parchment endleaf ""13471"" in the lower right-hand corner, in pencil, ""Théol. n. 112"" in brown ink (Dondi, 2016, p.262). ",e-uk-en,1,Payne & Foss,4190,R160,corporate,1813-1850,http://thesaurus.cerl.org/record/cnc00018441 | http://pinakes.irht.cnrs.fr/notices/copistepossesseur/id/2202,"[{""characterisation"":[""noc""],""dates"":""1813-1850"",""externalId"":[""http://thesaurus.cerl.org/record/cnc00018441"",""http://pinakes.irht.cnrs.fr/notices/copistepossesseur/id/2202""],""name"":""Payne & Foss"",""ownerId"":4190,""professionOrType"":[""bkt""],""role"":""R160"",""type"":""corporate"",""variants"":[""London, Payne & Foss""]}]",,,,,,,,,,,,,,,,8.0.0,Lsd,,5 Apr. 1827,1,
00200528-p005,00200528,5,1368,1871,15 | 16 | 17 | 18 | 19,a,n | o | r,b,a,"The book was probably bought for the Paris Royal Library by Payne and Foss at Williams' sale for ""8 liv. st"" (see above). 
On the verso of the front parchment endleaf ""13471"" in the lower right-hand corner, in pencil, ""Théol. n. 112"" in brown ink (Dondi, 2016, p. 262). ",e-fr,1,"Paris, Bibliothèque nationale de France, BnF",00015143,,corporate,1368 - 1849,,"[{""characterisation"":[""ari""],""dates"":""1368 - 1849"",""name"":""Paris, Bibliothèque nationale de France, BnF"",""ownerId"":""00015143"",""professionOrType"":[""lib""],""type"":""corporate"",""variants"":[""Paris, Bibliothèque Impériale"",""Paris, Bibliothèque Nationale"",""Paris, Bibliothèque du Roi""]}]",,w,c,b,b,,91,68,32,,,,,,,8.0.0,Lsd,,5 Apr. 1827,1,"{""edges"":""a"",""gauffered"":""d"",""titling"":[""z""],""tooling"":""b"",""writingOnEdges"":""d""}"
00200527-p001,00200527,1,1401,1500,15,a,l | m,b,,,e-it,1,Anonymous Ferrara,00017385,,,1450 - 1525,,"[{""dates"":""1450 - 1525"",""gender"":1003,""name"":""Anonymous Ferrara"",""ownerId"":""00017385"",""variants"":[""Anonymous, Ferrara""]}]",,,,,,,,,,"On [c1r] a seven-line initial D is supplied in pink on a gold square ground edged in black; it contains the Virgin and child on a blue ground edged in yellow, with extensions in blue, pink, and green acanthus leaves. The leaf presents a three quarter floral border with gold vine-stem decoration and gold bezants, all in Ferrara style. Other main initials in the same style, sometimes in blue instead of pink, often with white penwork; they contain: David playing, a skull in profile, a cross, a dove. Other initials are supplied in blue or red. ",,,,,,,,,,1,"{""hasIlluminations"":1,""hasOrnamentalLetters"":1}"
00200527-p002,00200527,2,1368,1871,15 | 16 | 17 | 18 | 19,a,k | n,b,a,The book was acquired by the Royal Library in 1819 and then passed to the Bibliothèque Nationale de France by institutional transfer. ,e-fr,1,"Paris, Bibliothèque nationale de France, BnF",00015143,R399,corporate,1368 - 1849,,"[{""characterisation"":[""ari""],""dates"":""1368 - 1849"",""name"":""Paris, Bibliothèque nationale de France, BnF"",""ownerId"":""00015143"",""professionOrType"":[""lib""],""role"":""R399"",""type"":""corporate"",""variants"":[""Paris, Bibliothèque Impériale"",""Paris, Bibliothèque Nationale"",""Paris, Bibliothèque du Roi""]}]","Nineteenth-century gold-tooled red morocco, with gilt edges, gilt turn-ins, blue marbled pastedowns, and pink bookmark. ",w,c,b,b,,96,67,24,,,,,,,,,,1819,1,"{""edges"":""a"",""furniture"":0,""gauffered"":""d"",""titling"":[""z""],""tooling"":""b"",""writingOnEdges"":""d""}"
02124407-p001,02124407,1,1475,1550,15 | 16,a,l,a,,,e-it,1,"Anonymous, Italy",00023380,R390,,,,"[{""characterisation"":[""unk""],""gender"":""1003"",""name"":""Anonymous, Italy"",""ownerId"":""00023380"",""professionOrType"":[""unk""],""role"":""R390""}]",,,,,,,,,,"Lettere iniziali alternativamente in rosso e azzurro. Iniziali e capilettera filigranate alle carte numerate (a matita): 31v, 44r, 48v, 52v, 56r, 59v, 67v, 121v.",,,,,,,,,,0,"{""hasPartialRubrication"":""1"",""hasPenInitials"":""1""}"
02124407-p002,02124407,2,1854,1854,19,a,n,a,x,Per la provenienza vedi la nota su E.A. Cicogna.,e-it,3,"Canciani, Gaetano | Borbone-Parma, Luisa Carlotta di | De Rossi, Giovanni Francesco",00017646 | 00010796 | 00010765,R390,person,1801-1869 | 1802 - 1857 | 1796 - 1854,,"[{""characterisation"":[""noc""],""dates"":""1801-1869"",""gender"":""1002"",""name"":""Canciani, Gaetano"",""ownerId"":""00017646"",""professionOrType"":[""bkt""],""role"":""R390"",""type"":""person""},{""characterisation"":[""ari""],""dates"":""1802 - 1857"",""gender"":""1001"",""name"":""Borbone-Parma, Luisa Carlotta di"",""ownerId"":""00010796"",""professionOrType"":[""unk""],""role"":""R390"",""type"":""person"",""variants"":[""Borbone, Maria Luisa Carlotta di (principessa di Sassonia)"",""Bourbon, Louise-Charlotte de""]},{""characterisation"":[""ari""],""dates"":""1796 - 1854"",""gender"":""1002"",""name"":""De Rossi, Giovanni Francesco"",""ownerId"":""00010765"",""professionOrType"":[""unk""],""role"":""R390"",""type"":""person"",""variants"":[""Rossi, Giovanni Francesco"",""De Rossi, Gian Francesco""]}]",,,,,,,,,,,,,,,,,,,,1,
02124407-p003,02124407,3,1854,1868,19,a,a | o,a,b,"Sul contropiatto anteriore collocazione dell'attuale Biblioteca indicante la provenienza Cicogna.
Precedono il testo 9 carte manoscritte da E.A. Cicogna. Sulla sesta carta manoscritta Cicogna racconta il: 'modo con cui ottenni questo veramente raro officietto. Essendo venuto a Venezia nell'estate 1854 il chiarissimo Sig. commendatore Francesco Rossi figlio del fu Gherardo di Roma, colla principessa Carlotta di Borbone, duchessa di Sassonia, sua moglie, comperò fra varii preziosi libri anche questo Officietto dal librario Gaetano Canciani il quale fu così buono di cederglielo per sole lire sedici austriache. A questa notizia, mi lamentai, a dir vero col Canciani, .... '. 
Francesco Rossi di lì a poco si ammalerà e morirà nel settembre del 1854 a Venezia. Cicogna, per non perdere il libro d'ore,  si mise  in contatto la duchessa Carlotta di Borbone, che nel frattempo era partita da Venezia, e riuscirà poi a farsi regalare l'opera.
In fine altra annotazione manoscritta contenente una breve nota di Cicogna su Raffaele Zovenzenio.",e-it,1,"Cicogna, Emmanuele Antonio",2678,R390,person,1789 - 1868,http://thesaurus.cerl.org/record/cnp01369797,"[{""characterisation"":[""noc""],""dates"":""1789 - 1868"",""externalId"":[""http://thesaurus.cerl.org/record/cnp01369797""],""gender"":""1002"",""name"":""Cicogna, Emmanuele Antonio "",""ownerId"":""2678"",""professionOrType"":[""cse""],""role"":""R390"",""type"":""person"",""variants"":[""Cicogna, Emanuele""]}]","Legatura in piena pergamena ottocentesca, precede carta a1 un bifolio manoscritto su pergamena coevo al testo contenente un'invocazione.",w,a,b,a,z,91,72,30,,,,,,"[{""note"":""Sul contropiatto anteriore 'RacCic Inc. 5'"",""pattern"":""87""}]",,,,,1,"{""edges"":""d"",""furniture"":""0"",""gauffered"":""d"",""titling"":[""a""],""tooling"":""d"",""writingOnEdges"":""d""}"
02124407-p004,02124407,4,1868,,19,a,h | o,a | b | c,c,"Emmanuele Antonio Cicogna lasciò la sua biblioteca al Museo civico per disposizione testamentaria del 1865, perfezionata alla sua morte tre anni dopo.",e-it,1,"Venezia, Biblioteca del Museo Correr",3551,R399,corporate,1830 -,http://thesaurus.cerl.org/record/cnc00011837,"[{""characterisation"":[""noc""],""dates"":""1830 -"",""externalId"":[""http://thesaurus.cerl.org/record/cnc00011837""],""name"":""Venezia, Biblioteca del Museo Correr"",""ownerId"":""3551"",""professionOrType"":[""lib""],""role"":""R399"",""type"":""corporate"",""variants"":[""Biblioteca d’Arte e di Storia Veneziana"",""Biblioteca del Civico Museo Correr"",""Fondazione Musei Civici Veneziani""]}]",,,,,,,,,,,,,,,,,,,,1,
00200530-p001,00200530,1,1475,1500,15,a,k | l | m,a | b,,,e-it,1,"Anonymous, Italy",00022453,R680,person,1475 - 1500,,"[{""characterisation"":[""unk""],""dates"":""1475 - 1500"",""gender"":1003,""name"":""Anonymous, Italy"",""ownerId"":""00022453"",""professionOrType"":[""unk""],""role"":""R680"",""type"":""person""}]","Contemporary parchment, probably Italian, «Officium parvu(m) B. Marię V.» on the spine in light brown ink, in an Italian hand.",s,c,a,a,g,125,89,29,"On [a1r] a 6-line initial D is supplied in pink within a square gold ground edged in black; inside the letter the Virgin and child; in the lower border pink floral decoration with groups of three gold bezants. Other main initials are supplied in the same style, with the area enclosed by the letter in blue with red, green, and yellow floral and foliate decoration, some highlighting in white.","Other initials and paragraph marks are in red or blue, the large ones with violet or red penwork decoration.",15th century,"In upper margin of [a1r]: «iubeas esse co(n)sortes p(er)» in a contemporary Italian hand, light brown ink.",,,,,,,0,"{""edges"":""d"",""furniture"":0,""gauffered"":""d"",""hasIlluminations"":1,""hasOrnamentalLetters"":1,""hasPenInitials"":1,""hasPersonalNotes"":1,""hasRubrication"":1,""msFrequency"":""a"",""msLocation"":""a"",""titling"":[""a""],""tooling"":""d"",""writingOnEdges"":""d""}"
00200530-p002,00200530,2,1501,1700,16 | 17,a,m,a | b,,,e-it,1,"Anonymous, Italy",00016901,R570,person,1501-1700,,"[{""characterisation"":[""unk""],""dates"":""1501-1700"",""gender"":1003,""name"":""Anonymous, Italy"",""ownerId"":""00016901"",""professionOrType"":[""unk""],""role"":""R570"",""type"":""person""}]",,,,,,,,,,,,,"""80."" in brown ink on the upper right-hand corner of the rear pastedown, in an early sixteenth/seventeenth-century hand.",,,,,,,0,"{""hasPersonalNotes"":1,""msFrequency"":""a"",""msLocation"":""d""}"
00200530-p003,00200530,3,1879,1903,19 | 20,a,s,b | e,,"Ludwig Rosenthal (1840-1928) bookseller of Munich; Catalogue 28, 1879, no. 4429, on sale for 250 Marks (no imprint but assigned to [c.1488]; ""on parchment; initials in gold and colours. 164 leaves. 12o. Bound in parchment; not in Hain nor Panzer; with 8 leaves in manuscript from the beginning of the sixteenth century)""; again in Catalogue 80, 1892, no. 2694 on sale for 350 Marks (no imprint but assigned to «[Neapoli: Matthias Moravus, vers 1475.] ""Impression en caract. rom. rouges et noires sur vèlin, les initiales peintes en or et couleurs. 104 ff. In 12o. Vél. Hain 11986? Van Praet I. 149 Jolie impression sur vèlin; 8 ff. supplés à la plume, d'une écriture du temps»)"". Probably unsold until 1903.",e-gx,1,"Munich, Ludwig Rosenthal’s Antiquariat",00016684,R160,corporate,1859-,,"[{""characterisation"":[""noc""],""dates"":""1859-"",""name"":""Munich, Ludwig Rosenthal’s Antiquariat"",""ownerId"":""00016684"",""professionOrType"":[""bkt""],""role"":""R160"",""type"":""corporate"",""variants"":[""Ludwig Rosenthal's Antiquariaat""]}]",,,,,,,,,,,,,,,,,,,,1,
00200530-p004,00200530,4,1903,1919,20,a,e | m,a | b | f,a,"Bookplate of Wilhelm Richter, ""Bibliotheca Richteriana"", on front pastedown. Acquisition note in pencil on rear free endleaf 1v: ""München, 1903"", with his bibliographical note; listed (under ""Matthias Moravus"", and with format ""32o"") as no. 105 on p. 24 of his typescript inventory (titled on cover ""Bibliothek Richter, Wilhelm. 1919"") in the Huntington Library, with purchase price listed as ""350 M."" (i.e. German marks).",e-gx,1,"Richter, Wilhelm",4403,R390,person,1853-1919,http://thesaurus.cerl.org/record/cnp01882125,"[{""characterisation"":[""noc""],""dates"":""1853-1919"",""externalId"":[""http://thesaurus.cerl.org/record/cnp01882125""],""gender"":1002,""name"":""Richter, Wilhelm"",""ownerId"":4403,""professionOrType"":[""scl""],""role"":""R390"",""type"":""person""}]",,,,,,,,,,,,,,,,350,German marks,,,1,
00200530-p005,00200530,5,1924,1924,20,a,s,b | g,a,Recorded as purchased by Henry E. Huntington from Rosenbach in October 1924.,n-us-pa,1,Rosenbach Company,00015333,R160,corporate,1903-1953,http://thesaurus.cerl.org/record/cnp01427860,"[{""characterisation"":[""noc""],""dates"":""1903-1953"",""externalId"":[""http://thesaurus.cerl.org/record/cnp01427860""],""name"":""Rosenbach Company"",""ownerId"":""00015333"",""professionOrType"":[""bkt""],""role"":""R160"",""type"":""corporate"",""variants"":[""Philadelphia PA, Rosenbach Company""]}]",,,,,,,,,,,,,,,,,,,,1,
00200530-p006,00200530,6,1924,1927,20,a,s,b | g,a,Recorded as purchased by Henry E. Huntington from Rosenbach in October 1924.,n-us-ca,1,"Huntington, Henry Edwards",3291,R390,person,1850 - 1927,http://thesaurus.cerl.org/record/cnp01447942 | https://lccn.loc.gov/n79142584,"[{""characterisation"":[""noc""],""dates"":""1850 - 1927"",""externalId"":[""http://thesaurus.cerl.org/record/cnp01447942"",""https://lccn.loc.gov/n79142584""],""gender"":1002,""name"":""Huntington, Henry Edwards"",""ownerId"":3291,""professionOrType"":[""bus""],""role"":""R390"",""type"":""person""}]",,,,,,,,,,,,,,,,,,,,1,
00200530-p007,00200530,7,1927,,20,a,s,a | b | c,c,Huntington founded the library to house his collection.,n-us-ca,1,The Huntington,00015692,R399,corporate,,https://lccn.loc.gov/n79049138,"[{""characterisation"":[""noc""],""externalId"":[""https://lccn.loc.gov/n79049138""],""name"":""The Huntington"",""ownerId"":""00015692"",""professionOrType"":[""lib""],""role"":""R399"",""type"":""corporate"",""variants"":[""San Marino, CA, The Huntington"",""Huntington Library"",""Henry E. Huntington Library and Art Gallery"",""Huntington Library, Art Collections, and Botanical Gardens"",""Huntington Library, Art Gallery and Botanical Gardens""]}]",,,,,,,,,,,,,,,,,,,,1,
02124443-p001,02124443,1,1478,1525,15 | 16,a,l,a,,,e-it,1,"Anonymous, Italy",00010351,R430,person,1475 - 1525,,"[{""characterisation"":[""unk""],""dates"":""1475 - 1525"",""gender"":1003,""name"":""Anonymous, Italy"",""ownerId"":""00010351"",""professionOrType"":[""unk""],""role"":""R430"",""type"":""person""}]",,,,,,,,,," Lettere iniziali alternativamente in rosso e blu;  miniature alle carte (numerate a matita): 7, 89, 119,  177.",,,,,,,,,,0,"{""hasIlluminations"":1,""hasPenInitials"":1}"
02124443-p002,02124443,2,1827,1868,19,a,a | o,a,x,Sul verso della prima carta di guardia è incollata l'etichetta della attuale Biblioteca indicante la provenienza Cicogna.,e-it,1,"Cicogna, Emmanuele Antonio",2678,R390,person,1789 - 1868,http://thesaurus.cerl.org/record/cnp01369797,"[{""characterisation"":[""noc""],""dates"":""1789 - 1868"",""externalId"":[""http://thesaurus.cerl.org/record/cnp01369797""],""gender"":1002,""name"":""Cicogna, Emmanuele Antonio "",""ownerId"":2678,""professionOrType"":[""cse""],""role"":""R390"",""type"":""person"",""variants"":[""Cicogna, Emanuele""]}]",Legatura e custodia ottocentesche in cuoio marrone chiaro su cartoncino rigido; due nervi. Tagli colorati.,w,c,b,b,g,80,61,31,,,," Sul bifolio che precede il testo breve descrizione del volumetto di E.A. Cicogna: 'Il presente esemplare corrisponde alla descrizione che di simile ne fa il Catalogue des livres imprimes sur velin (Paris, 1822) a p. 25 del primo volume ed è impresso nel 1478 da Andrea  de Paltascichiis Catharensem' [sul verso]: 'mancano alcune carte del calendario'; in fine: ' manca l'ultima carta che forse deve essere la data della edizione'.
Sul contropiatto: 'Emmanuele Cicogna possessore | Venezia 1827 | Maggio'.",,"[{""note"":""Sul verso dell'ultima carta du guardia: 'Emm. Cicogna colto 49'."",""pattern"":87}]",,,,,1,"{""edges"":""b"",""furniture"":0,""gauffered"":""d"",""titling"":[""z""],""tooling"":""d"",""writingOnEdges"":""d""}"
02124443-p003,02124443,3,1868,,19,a,n | o,a | b,c,"Emmanuele Antonio lasciò la sua biblioteca al Museo civico per disposizione testamentaria del 1865, eseguita alla sua morte tre anni dopo.",e-it,1,"Venezia, Biblioteca del Museo Correr",3551,R399,corporate,1830 -,http://thesaurus.cerl.org/record/cnc00011837,"[{""characterisation"":[""noc""],""dates"":""1830 -"",""externalId"":[""http://thesaurus.cerl.org/record/cnc00011837""],""name"":""Venezia, Biblioteca del Museo Correr"",""ownerId"":3551,""professionOrType"":[""lib""],""role"":""R399"",""type"":""corporate"",""variants"":[""Biblioteca d’Arte e di Storia Veneziana"",""Biblioteca del Civico Museo Correr"",""Fondazione Musei Civici Veneziani""]}]",,,,,,,,,,,,,Numerazione e segnatura (errata) delle carte a matita recenti.,,,,,,,1,
00560430-p001,00560430,1,,,,,,,,,,1,"Manzoni, Giacomo",2711,R390,person,1816-1889,http://thesaurus.cerl.org/record/cnp00573294 | https://www-arkyves-org.access.authkb.kb.nl/r/view/cerlpda_e3193/him_CERLPDA,"[{""dates"":""1816-1889"",""externalId"":[""http://thesaurus.cerl.org/record/cnp00573294"",""https://www-arkyves-org.access.authkb.kb.nl/r/view/cerlpda_e3193/him_CERLPDA""],""name"":""Manzoni, Giacomo"",""ownerId"":""2711"",""role"":""R390"",""type"":""person"",""variants"":[""Manzoni, Jacques"",""Manzoni, Jacobus"",""Manzoni, Conte Giacomo"",""Manzoni, Jacopo""]}]",,,,,,,,,,,,,,,,,,,,0,
00560430-p002,00560430,2,,,,a,,,,"Count Giacomo Manzoni, minister of the Roman Republic in 1849, linguist and philologist, his bookplate [two circles, one inscribed 'Ex libris Jacobi Manzoni', the second with crest: out of a comital coronet a demi bull salient] on upper left corner of upper pastedown.  Marked 'II.D.117' and '3498' in red ink on verso of first upper free endpaper.  Rev. Hilton Bothamley of Trinity College, Cambridge;  given by him in 1893 (note on fourth upper free endpape, minister of the Roman Republic in 1849, linguist and philologistr).",e-uk-en,1,Cambridge University Library,3463,R390,corporate,,http://thesaurus.cerl.org/record/cnc00002301,"[{""characterisation"":[""noc""],""externalId"":[""http://thesaurus.cerl.org/record/cnc00002301""],""name"":""Cambridge University Library"",""ownerId"":""3463"",""professionOrType"":[""lib""],""role"":""R390"",""type"":""corporate"",""variants"":[""Cambridge, University, Library"",""University Library, Cambridge"",""University of Cambridge, Cambridge University Library"",""University of Cambridge, Library"",""University of Cambridge, University Library""]}]","Gilt-tooled black morocco over pasteboards, with marbled paper pastedowns and conjoint free endpapers, Italy [?], late 19th century.",,,,,,,,,"Illumination and decoration:  Large initials in red with white tracery decoration, set against grounds of gold with foliate decoration in red and blue highlighted in white, and full borders with foliate decoration in blue, red, green and gold, at beginning of offices;  initials in gold set against grounds of purple and/or blue with white tracery decoration;  initials in blue or gold with penwork decoration in contrasting red or blue, sometimes extending into the margins;  bounding lines and horizontal ruling in light purple;  all supplied by hand, France, late 1470s-1480s.",,,,,,,,,,1,
02018770-p001,02018770,1,1451,1500,15,a,m,a | b,x,,e-it,1,"Anonymous, Italy",00015499,R390,person,1451 - 1500,,"[{""characterisation"":[""unk""],""dates"":""1451 - 1500"",""gender"":""1003"",""name"":""Anonymous, Italy"",""ownerId"":""00015499"",""professionOrType"":[""unk""],""role"":""R390"",""type"":""person""}]",,,,,,,,,,,,,"Some missing leaves are supplied in manuscript, in a contemporary formal Gothic hand, probably Venetian, with same decorative borders, at the opening pages of the Office of the Virgin ""Ad primam, Ad tertiam, etc."".",,,,,,,1,"{""hasMsCompletions"":""1"",""msFrequency"":""c"",""msLocation"":""d""}"
02018770-p002,02018770,2,1501,1550,16,a,l,a | b,x,,e-fr,1,"Anonymous, France, 1501 -1550",00010910,R390,person,1501 - 1550,,"[{""characterisation"":[""unk""],""dates"":""1501 - 1550"",""gender"":""1003"",""name"":""Anonymous, France, 1501 -1550"",""ownerId"":""00010910"",""professionOrType"":[""unk""],""role"":""R390"",""type"":""person"",""variants"":[""Anonymous, France""]}]",,,,,,,,,,"French style borders. Main intials are supplied in red with white penwork on gold ground with foliate and floral decoration blue and orange. Other initials are in gold on red with white penwork, the area enclosed by the letter is blue with white penwork; or reverse. Other small initials are in gold with black penwork or in blue with red penwork.",,,,,,,,,,0,"{""hasOrnamentalLetters"":""1"",""hasPenInitials"":""1"",""hasRubrication"":""1""}"
02018770-p003,02018770,3,1850,1893,19,a,e | k,a | b,a,"Printed bookplate:""ex-libris Jacobi Manzoni""; see GELLI pl. LXXVIII, no. 441.",e-it,1,"Manzoni, Giacomo",2711,R399,person,1816-1889,http://thesaurus.cerl.org/record/cnp00573294 | https://www-arkyves-org.access.authkb.kb.nl/r/view/cerlpda_e3193/him_CERLPDA,"[{""characterisation"":[""ari""],""dates"":""1816-1889"",""externalId"":[""http://thesaurus.cerl.org/record/cnp00573294"",""https://www-arkyves-org.access.authkb.kb.nl/r/view/cerlpda_e3193/him_CERLPDA""],""gender"":""1002"",""name"":""Manzoni, Giacomo"",""ownerId"":""2711"",""professionOrType"":[""pol""],""role"":""R399"",""type"":""person"",""variants"":[""Manzoni, Jacques"",""Manzoni, Jacobus"",""Manzoni, Conte Giacomo"",""Manzoni, Jacopo""]}]","Nineteenth-century gold-tooled dark brown morocco, with marbled pastedowns.",w,c,b,b,g,85,65,31,,,,,,,,,,,1,"{""edges"":""d"",""gauffered"":""d"",""titling"":[""z""],""tooling"":""b"",""writingOnEdges"":""d""}"
02018770-p004,02018770,4,1893,1893,19,,n,,,"Manzoni's library was sold at auction in Rome, at the Sangiorgi Antiquarian Library. His sale, with an introduction by Ernesto Monaci, ""Bibliotheca manzoniana"".",e-it,1,"Sangiorgi, Giuseppe",00017404,R160,person,1850-1928,,"[{""characterisation"":[""noc""],""dates"":""1850-1928"",""gender"":""1002"",""name"":""Sangiorgi, Giuseppe "",""ownerId"":""00017404"",""professionOrType"":[""bkt""],""role"":""R160"",""type"":""person"",""variants"":[""Sangiorgi Antiquarian Gallery""]}]",,,,,,,,,,,,,,,,,,,,1,
02018770-p005,02018770,5,1416,,15,,,,,,e-uk,1,Cambridge University Library,3463,R399,corporate,1416-,http://thesaurus.cerl.org/record/cnc00002301,"[{""characterisation"":[""noc""],""dates"":""1416-"",""externalId"":[""http://thesaurus.cerl.org/record/cnc00002301""],""name"":""Cambridge University Library"",""ownerId"":""3463"",""professionOrType"":[""lib""],""role"":""R399"",""type"":""corporate"",""variants"":[""Cambridge, University, Library"",""University Library, Cambridge"",""University of Cambridge, Cambridge University Library"",""University of Cambridge, Library"",""University of Cambridge, University Library""]}]",,,,,,,,,,,,,,,,,,,,1,
00201166-p001,00201166,1,1905,1905,20,,n,,,"Imperfections: wanting c5 = 21, e3 = 35, and f1 = 41. 
Bohatta refers to a copy of this edition in possession of Franz Trau (Vienna 1842-1905); his sale Katalog der Bücher-Sammlung Franz Trau, Vienna, Gilhofer &Ranschburg, 27-28 Oct. 1905, lot 297 «Unbeschriebene Inkunabel. O. O. u. Dr., doch nach dem eingestreuten ital. Text. (fol. 21, 35, 41 u. ff.) zu schliessen, ein ital. Druck, u. z. mit derselben Type hergestellt, wie das von Olschki in der Bibliofilia IV. S. 104-105 beschriebene u. von ihm der Offizin des Mathias Moravus in Neapel zugewiesene Breviarium Romanum ca. 1477. Eine Eigentümlichkeit des Druckes ist das sehr häufige Fehlen der Initialen u. Versalien u. die starke, bis auf einzelne Buchstaben gehende Abkürzung einzelner Worte». The book must have sold then as it is not listed in the sale of Franz Trau junior, Sammlung Franz Trau Wien, Vienna, Gilhofer &Ranschburg, 1935-37 (spec. part III Manuskripte Kupferstiche und Bücher).
",e-au,1,"Trau, Franz",00010497,R390,person,1842-1905,,"[{""characterisation"":[""noc""],""dates"":""1842-1905"",""gender"":1002,""name"":""Trau, Franz"",""ownerId"":""00010497"",""role"":""R390"",""type"":""person""}]",,,,,,,,,,,,,,,,,,,1905,1,
00200533-p001,00200533,1,1500,1600,15 | 16,,a,,a,"Inscription on recto of the rear parchment endleaf, light brown ink: 'Fr. Albertus Menghini | emit die 25 Julii ...'",e-it,1,"Menghini, Alberto",00029309,R390,person,1500-1600,,"[{""characterisation"":[""rel""],""dates"":""1500-1600"",""gender"":""1002"",""name"":""Menghini, Alberto"",""note"":""Approximate dates"",""ownerId"":""00029309"",""professionOrType"":[""cle""],""role"":""R390"",""type"":""person"",""variants"":[""Menghini, Fr. Alberto""]}]","16th-century Italian blind-tooled leather over pasteboards, remains of two leather clasps nailed to the upper cover, two metal catches in the lower cover; red edges",t,c,a,b,g,86,64,25,"On [h7r] and [i2r] the large initials P and D are supplied in blue on a gold ground, the area enclosed by the letter in green; with red, blue, and green floral and foliate decoration, gold filigree, and small gold bezants, to form an inner boarder. Other main initials are supplied in gold on a blue or red shaped ground (Gothic style), the area enclosed by the letter in red or blue with white spiral penwork decoratrion. Other initials are supplied in red or blue with purple or red penwork decoration; capitals are touched with yellow wash.",,,"On recto of the read parchment endleaf a note in a 16th-century Italian hand, brown ink: ' offitio B.M.V. de M[...]'. In the lower margin of [b2v] 4 staves in brown ink with the note 'primi toni', in the following leaf 'secundi toni', on [b3r] terzzi toni', on its verso 'quarti toni'; in the lower boder of [f2r] 'Gio.Fran(ces)co [...]'. In the litanies on [i2r] the names of the non-Italian saints Dionisi coum soc, venerated in Paris, Godeardus, bishop of Hildesheim (+1038) and of Gertrudis, abbess of Nivelles (+659), have been erased, probably because regarded as foreign by the later user.",,,,,,,0,"{""edges"":""b"",""furniture"":""1"",""hasOrnamentalLetters"":""1""}"
00200533-p002,00200533,2,1706,1706,18,,a,,a,"Inscription on front pastedown, dark brown ink: 'Questo libro e' di Giulia | no Rossi, comprato questo(?) di 3 Agosto 1706'.",e-it,1,"Rossi, Giuliano",00029310,R390,person,1706,,"[{""dates"":""1706"",""gender"":""1002"",""name"":""Rossi, Giuliano"",""note"":""Floruit"",""ownerId"":""00029310"",""role"":""R390"",""type"":""person""}]",,,,,,,,,,,,,,,,,,,,0,
00200533-p003,00200533,3,1888,2007,19 | 20 | 21,,e,,c,Knox bequeathed his library to the Abbey. Printed bookplate on the rear pastedown: 'Ronald Knox Library | Prinknash Abbey'.,e-uk,2,"Knox, Ronald Arbuthnott OSB | Prinknash Abbey, Benedictines, OSB",00029311 | 00029312,R390,person | corporate,1888-1957 | 1928-,,"[{""characterisation"":[""rel""],""dates"":""1888-1957"",""gender"":""1002"",""name"":""Knox, Ronald Arbuthnott OSB"",""ownerId"":""00029311"",""professionOrType"":[""cle""],""role"":""R390"",""type"":""person""},{""characterisation"":[""rel""],""dates"":""1928-"",""name"":""Prinknash Abbey, Benedictines, OSB"",""ownerId"":""00029312"",""professionOrType"":[""rei""],""role"":""R390"",""type"":""corporate""}]",,,,,,,,,,,,,,,,,,,,1,
00200533-p004,00200533,4,2007,2007,21,,,,a,The book was sold to the bookseller in 2007.,e-uk,1,Dominic Winter sales,00041014,R160,corporate,2007,,"[{""dates"":""2007"",""name"":""Dominic Winter sales"",""ownerId"":""00041014"",""professionOrType"":[""bkt""],""role"":""R160"",""type"":""corporate""}]",,,,,,,,,,,,,,,,,,,,1,
00200533-p005,00200533,5,2007,2007,21,,,,a,Purchased by Quaritch from Dominic Winter sales,e-uk-en,1,"London, Bernard Quaritch Ltd.",3460,R160,corporate,1899-,http://thesaurus.cerl.org/record/cnc00003966 | http://www.quaritch.com/about/our-history/ | https://lccn.loc.gov/n84093217,"[{""characterisation"":[""noc""],""dates"":""1899-"",""externalId"":[""http://thesaurus.cerl.org/record/cnc00003966"",""http://www.quaritch.com/about/our-history/"",""https://lccn.loc.gov/n84093217""],""name"":""London, Bernard Quaritch Ltd."",""ownerId"":""3460"",""professionOrType"":[""bkt""],""role"":""R160"",""type"":""corporate"",""variants"":[""Quaritch Ltd., London"",""Bernard Quaritch (Firm)""]}]",,,,,,,,,,,,,,,,,,,,1,
00200533-p006,00200533,6,2007,,21,,,,a,Purchased from Quaritch in July 2007,e-uk,1,"Dondi, Cristina",00015494,R399,person,1968-,,"[{""characterisation"":[""noc""],""dates"":""1968-"",""gender"":""1001"",""name"":""Dondi, Cristina"",""ownerId"":""00015494"",""professionOrType"":[""scl""],""role"":""R399"",""type"":""person""}]",,,,,,,,,,,,,,,,,,,,1,
02003957-p001,02003957,1,,1500,15,a,b,a,,"Unidentified coat of arms: or, a lion rampant sable impaling or a bend azure three cinquefoils argent, all surmounted in base by 5 bendlets gules.",e-it,1,Anonymous,2334,R390,person,,,"[{""name"":""Anonymous"",""ownerId"":2334,""role"":""R390"",""type"":""person""}]",,,,,,,,,,Initial with Virgin and Child; full border. Poor quality Neapolitan style.,,,"Below the colophon manuscript notes in a 15th-century humanist hand, brown ink, signed at the end 'C. B.'",,,,,,,1,"{""msFrequency"":""b""}"
02003957-p002,02003957,2,1701,1800,18,a,m,a,,"Unidentified religious institution of Bologna. '23' on the verso of the old paper endleaf in brown ink in the upper left-hand corner, possibly the pressmark of the institution.",e-it,1,Anonymous,2581,R390,corporate,,,"[{""characterisation"":[""rel""],""name"":""Anonymous"",""ownerId"":2581,""role"":""R390"",""type"":""corporate""}]",,,,,,,,,,,,,,,,,,,,1,
02003957-p003,02003957,3,1801,,19,a,h,a,e,The incunable is listed in a ms catalogue of the manuscripts from suppressed religious institutions which entered the library in 1801. Various stamps can be dated to the same period.,e-it,1,"Bologna, Biblioteca Universitaria",2827,R399,corporate,,http://thesaurus.cerl.org/record/cnc00011846,"[{""characterisation"":[""noc""],""externalId"":[""http://thesaurus.cerl.org/record/cnc00011846""],""name"":""Bologna, Biblioteca Universitaria"",""ownerId"":2827,""role"":""R399"",""type"":""corporate"",""variants"":[""Bologna, Biblioteca dell'Istituto di Scienze""]}]",,x,c,b,b,g,,,,,,,,,,,,,,1,"{""edges"":""a"",""furniture"":0,""gauffered"":""a"",""tooling"":""a""}"
00201167-p001,00201167,1,1681,1681,17,,n,,,"A copy was in the library of Francesco Barberini, where it is listed in the 1681 catalogue of his collection, Index bibliothecae que Franciscus Barberinus S.R.E. Cardinalis...redditit, 2 vols, Rome, Typis Barberinis, excudebat Michael Hercules, 1681, II, p. 134 «Officium BMV Neap. 1478. 12.32». The collection was acquired by Pope Leo XIII for the Vatican library in 1902.  It is likely that the book is actually one of the surviving copies.",e-it,1,"Barberini, Francesco",00010498,R390,person,1597-1679,,"[{""characterisation"":[""rel""],""dates"":""1597-1679"",""gender"":1002,""name"":""Barberini, Francesco "",""note"":""Cardinal"",""ownerId"":""00010498"",""professionOrType"":[""cle""],""role"":""R390"",""type"":""person"",""variants"":[""Barberini, Francesco""]}]",,,,,,,,,,,,,,,,,,,1681,1,
02003991-p001,02003991,1,1478,1500,15,a,b,a,,"Unidentified coat of arms: azure, a leopard proper, langued and collared gules, holding an insect (bee? butterfly?) of the second, surmounted by a chevron reversed argent thereon three lion's pows erased of the second.",e-it,1,Anonymous,2334,R390,person,,,"[{""characterisation"":[""noc""],""name"":""Anonymous"",""ownerId"":2334,""role"":""R390"",""type"":""person""}]",,,,,,,,,,"Neapolitan style decoration, by Matteo Felice (active Naples 1467-93) ",,,,,,,,,,1,
02003991-p002,02003991,2,1801,1829,19,a,n,a,,"Giustiniani, Saggio storico-critico sulla tipografia del Regno di Napoli, Naples, 1817, p. 120.",e-it,1,"del Mayno, Carlo <of Naples>",2831,R390,person,- 1829,http://thesaurus.cerl.org/record/cnp01427225,"[{""characterisation"":[""noc""],""dates"":""- 1829"",""externalId"":[""http://thesaurus.cerl.org/record/cnp01427225""],""gender"":1002,""name"":""del Mayno, Carlo <of Naples>"",""note"":""other surname possibly Ivagnez"",""ownerId"":2831,""role"":""R390"",""type"":""person"",""variants"":[""del Mayno, Carlo""]}]",,,,,,,,,,,,,,,,,,,,1,
02003991-p003,02003991,3,1901,1940,20,a,a,a,,Petillo's name on the front cover in black ink.,e-it,1,"Petillo, Ferdinando <of Naples>",2830,R390,person,,http://thesaurus.cerl.org/record/cnp01427226,"[{""externalId"":[""http://thesaurus.cerl.org/record/cnp01427226""],""gender"":1002,""name"":""Petillo, Ferdinando <of Naples>"",""note"":""1930s"",""ownerId"":2830,""role"":""R390"",""type"":""person"",""variants"":[""Petillo, Ferdinando""]}]",,,,,,,,,,,,,,,,,,,,1,
02003991-p004,02003991,4,1940,,20,a,n,a,a,Purchased from Petillo by the library in the 1930s.,e-it,1,"Napoli, Biblioteca Nazionale Vittorio Emanuele III",4584,R399,corporate,,http://thesaurus.cerl.org/record/cnc00019925,"[{""characterisation"":[""noc""],""externalId"":[""http://thesaurus.cerl.org/record/cnc00019925""],""name"":""Napoli, Biblioteca Nazionale Vittorio Emanuele III"",""ownerId"":4584,""professionOrType"":[""lib""],""role"":""R399"",""type"":""corporate"",""variants"":[""Naples (Italie), Biblioteca nazionale Vittorio Emanuele III""]}]",,,,,,,,,,,,,,,,,,,,1,
02003992-p001,02003992,1,1478,1486,15,a,b,a,,"Arms of the family: quarterly, one and four or five bendlets in ermine, two and three gules, five hearts argents (2, 1, 2).",e-it,1,"di Guevara, Pietro <Grand Seneschal to King Ferdinand I of Naples>",2862,R390,person,1450 - 1486,http://thesaurus.cerl.org/record/cnp01427227,"[{""characterisation"":[""ari""],""dates"":""1450 - 1486"",""externalId"":[""http://thesaurus.cerl.org/record/cnp01427227""],""gender"":1002,""name"":""di Guevara, Pietro <Grand Seneschal to King Ferdinand I of Naples>"",""ownerId"":2862,""role"":""R390"",""type"":""person""}]",,,,,,,,,,Lavishly decorated.,,,,,,,,,,1,
02003992-p002,02003992,2,1486,1500,15,a,,a,e,"Having died a rebel, Pietro de Guevara's possessions were confiscated by the Crown, and his books entered the Aragonese Library of Naples.",e-it,1,"Naples, Aragonese Library <kingdom of Aragon>",2861,R390,corporate,,http://thesaurus.cerl.org/record/cnc00011851,"[{""characterisation"":[""roy""],""externalId"":[""http://thesaurus.cerl.org/record/cnc00011851""],""name"":""Naples, Aragonese Library <kingdom of Aragon>"",""ownerId"":2861,""role"":""R390"",""type"":""corporate"",""variants"":[""Naples, Aragonese Royal Library""]}]",,,,,,,,,,,,,,,,,,,,1,
02003992-p003,02003992,3,1501,1700,16 | 17,b,m,a,,,e-sp,2,"Blanco, Josef <Don> | Cazeres, Isabela de <Donna>",2860 | 2859,R390,person,,http://thesaurus.cerl.org/record/cnp01427228 | http://thesaurus.cerl.org/record/cnp01427229,"[{""characterisation"":[""rel""],""externalId"":[""http://thesaurus.cerl.org/record/cnp01427228""],""gender"":1002,""name"":""Blanco, Josef <Don>"",""ownerId"":2860,""role"":""R390"",""type"":""person""},{""characterisation"":[""noc""],""externalId"":[""http://thesaurus.cerl.org/record/cnp01427229""],""gender"":1001,""name"":""Cazeres, Isabela de <Donna>"",""ownerId"":2859,""role"":""R390"",""type"":""person""}]",,,,,,,,,,,,,,,,,,,,1,
02003992-p004,02003992,4,1900,1901,19 | 20,a,n,a,,"Bulletin de la librairie Damascene Morgand, 49, 1900-1901, no. 37855, on sale for 2500.",e-fr,1,"Damascene Morgand, Librairie, Paris",2858,R160,corporate,1840 - 1898,http://thesaurus.cerl.org/record/cnc00011861 | https://books.google.com/books?id=5fi7AAAAIAAJ | https://aeolus.bodleian.ox.ac.uk/collections/incunables/provenances_for_mei.xml#xpointer(//*[@id=,"[{""characterisation"":[""noc""],""dates"":""1840 - 1898"",""externalId"":[""http://thesaurus.cerl.org/record/cnc00011861"",""https://books.google.com/books?id=5fi7AAAAIAAJ"",""https://aeolus.bodleian.ox.ac.uk/collections/incunables/provenances_for_mei.xml#xpointer(//*[@id=""],""name"":""Damascene Morgand, Librairie, Paris"",""ownerId"":2858,""professionOrType"":[""bkt""],""role"":""R160"",""type"":""corporate"",""variants"":[""Paris, Librairie Damascene Morgand"",""Fatout & Morgand"",""Damascene Morgand"",""Edouard Rahir et Cie""]}]",,,,,,,,,,,,,,,,2500,,,,1,
02003992-p005,02003992,5,1901,1902,20,a,n,a,a,"A collection of books and manuscripts, London, 20 June 1902, lot 180; sold to Cockerell for £75 according to Book-Prices Current, 1902, no. 6382",e-uk,1,"Sotheby, Wilkinson and Hodge, London Auctioneers",2381,R065,corporate,1902,,"[{""characterisation"":[""noc""],""dates"":1902,""name"":""Sotheby, Wilkinson and Hodge, London Auctioneers"",""ownerId"":2381,""professionOrType"":[""bkt""],""role"":""R065"",""type"":""corporate"",""variants"":[""London, Sotheby's "",""Sotheby"",""Sotheby, Wilkinson and Hodge"",""Sotheby & Co."",""S. Leigh Sotheby & John Wilkinson""]}]",,,,,,,,,,,,,,,,,,,,1,
02003992-p006,02003992,6,1902,1908,20,a,n,a,a,"Purchased at the Sotheby, Wilkinson and Hodge sale, 1902, for £75",e-uk,1,"Cockerell, Sidney Carlyle <sir>",2857,R390,person,1867 - 1962,http://thesaurus.cerl.org/record/cnp01427235,"[{""characterisation"":[""noc""],""dates"":""1867 - 1962"",""externalId"":[""http://thesaurus.cerl.org/record/cnp01427235""],""gender"":1002,""name"":""Cockerell, Sidney Carlyle <sir>"",""ownerId"":2857,""professionOrType"":[""bkt"",""scl""],""role"":""R390"",""type"":""person"",""variants"":[""Cockerell, Sydney Carlyle, Sir""]}]",,,,,,,,,,,,,,,,75,GBP,in 1902,,1,
02003992-p007,02003992,7,1908,1913,20,a,n,a,a,"On rear paper endleaf: 'purchased from Mr Sidney Cockerell Dec. 1908, 750'.",n-us,1,"Morgan, John Pierpont <senior>",2856,R390,person,1837 - 1913,http://thesaurus.cerl.org/record/cnp01427236,"[{""characterisation"":[""noc""],""dates"":""1837 - 1913"",""externalId"":[""http://thesaurus.cerl.org/record/cnp01427236""],""gender"":1002,""name"":""Morgan, John Pierpont <senior>"",""ownerId"":2856,""role"":""R390"",""type"":""person""}]",,,,,,,,,,,,,,,,,,,,1,
02003992-p008,02003992,8,1913,,20,a,,a,b,The public institution was founded by J. P. Morgan Junior (1867-1943) in memory of his father in 1924.,n-us,1,"New York, Pierpont Morgan Library",2855,R399,corporate,1924 -,http://thesaurus.cerl.org/record/cnc00011865,"[{""characterisation"":[""noc""],""dates"":""1924 - "",""externalId"":[""http://thesaurus.cerl.org/record/cnc00011865""],""name"":""New York, Pierpont Morgan Library"",""ownerId"":2855,""professionOrType"":[""lib""],""role"":""R399"",""type"":""corporate""}]",,,,,,,,,,,,,,,,,,,,1,
02003958-p001,02003958,1,,1600,15 | 16,a,b,a,,"Unidentified coat of arms: 6 mountains [colour?] (3+2+1), surmounted by 3 crosses or; possibly a religious institution?",e-it,1,Anonymous,2334,,person,,,"[{""name"":""Anonymous"",""ownerId"":2334,""type"":""person""}]",,,,,,,,,,"Much worn late 15th-century Italian style decoration, of the Ferrara-Rome style.",,,,,,,,,,1,
02003958-p002,02003958,2,1705,1798,18,a,n,a,,"The incunable is listed in a ms catalogue of Gabriello Riccardi's manuscripts, with pressmark: 'III.II.689'.",e-it,1,"Riccardi, Gabriello Maria Orazio Pasquale Gaetano",2854,R390,person,1705 - 1798,http://thesaurus.cerl.org/record/cnp01427216,"[{""characterisation"":[""rel""],""dates"":""1705 - 1798"",""externalId"":[""http://thesaurus.cerl.org/record/cnp01427216""],""gender"":1002,""name"":""Riccardi, Gabriello Maria Orazio Pasquale Gaetano"",""ownerId"":2854,""role"":""R390"",""type"":""person""}]",,,c,b,a,g,,,,,,,,,,,,,,1,"{""edges"":""b"",""furniture"":0,""gauffered"":""d"",""titling"":[""a""],""tooling"":""d"",""writingOnEdges"":""d""}"
02003958-p003,02003958,3,1813,,19,a,u,a,a,,e-it,1,"Firenze, Biblioteca Riccardiana",2853,R399,corporate,,http://thesaurus.cerl.org/record/cnc00011847,"[{""characterisation"":[""noc""],""externalId"":[""http://thesaurus.cerl.org/record/cnc00011847""],""name"":""Firenze, Biblioteca Riccardiana"",""note"":""The Riccardi collection was purchased by the city of Florence in 1813, it became in 1815 the public library of the Granducato of Tuscany, and eventually was given to the Italian state. "",""ownerId"":2853,""role"":""R399"",""type"":""corporate""}]",,,,,,,,,,,,,,,,,,,,1,
02004013-p001,02004013,1,1478,1500,15,a,l,a,,,e-it,0,,,,,,,,,,,,,,,,,"Main initials are supplied in pink with blue and green acanthus leaves decoration within a square gold ground edged in black; full foliate borders, but also birds, strawberries, and gold dots. Empty wreath supported by two putti.",,,,,,,,,,1,
02004013-p002,02004013,2,1902,1902,20,a,n,a,,Mentioned as owner in a note of Sidney Cockerell left in his copy (now Bodleian Library).,e-fr,1,"Rahir, Edouard <Paris bookseller>",2845,R390,person,1862 - 1924,http://thesaurus.cerl.org/record/cnp01427230 | https://ipi.cerl.org/cgi-bin/search.pl?query=00027006,"[{""characterisation"":[""noc""],""dates"":""1862 - 1924"",""externalId"":[""http://thesaurus.cerl.org/record/cnp01427230"",""https://ipi.cerl.org/cgi-bin/search.pl?query=00027006""],""gender"":1002,""name"":""Rahir, Edouard <Paris bookseller>"",""ownerId"":2845,""role"":""R390"",""type"":""person""}]",,,,,,,,,,,,,,,,,,,,1,
02004013-p003,02004013,3,1923,1923,20,a,n,a,,The Morgan copy contains a note referring to the perfect copy on vellum offered by Martini Dec. 1923 for £ st. 250.,e-sz,1,"Martini, Giuseppe / Joseph <Lugano bookseller>",3532,R160,person,1870 - 1944,http://thesaurus.cerl.org/record/cnp01257482 | https://aeolus.bodleian.ox.ac.uk/collections/incunables/provenances_for_mei.xml#xpointer(//*[@id= | https://lccn.loc.gov/nr99009017,"[{""characterisation"":[""noc""],""dates"":""1870 - 1944"",""externalId"":[""http://thesaurus.cerl.org/record/cnp01257482"",""https://aeolus.bodleian.ox.ac.uk/collections/incunables/provenances_for_mei.xml#xpointer(//*[@id="",""https://lccn.loc.gov/nr99009017""],""gender"":1002,""name"":""Martini, Giuseppe / Joseph <Lugano bookseller>"",""ownerId"":3532,""role"":""R160"",""type"":""person"",""variants"":[""Martini, Giuseppe "",""Martini, Joseph""]}]",,,,,,,,,,,,,,,,250,GBP,£250 in 1923.,,1,
02004013-p004,02004013,4,1949,1949,20,a,n,a,,ex inf. Rosenwald Curator.,n-us,1,"Schab, William H.",3728,R160,person,1887 - 1975,"http://thesaurus.cerl.org/record/cnp00213102 | https://aeolus.bodleian.ox.ac.uk/collections/incunables/provenances_for_mei.xml#xpointer(//*[@id=""3229""])","[{""characterisation"":[""noc""],""dates"":""1887 - 1975"",""externalId"":[""http://thesaurus.cerl.org/record/cnp00213102"",""https://aeolus.bodleian.ox.ac.uk/collections/incunables/provenances_for_mei.xml#xpointer(//*[@id=\""3229\""])""],""gender"":1002,""name"":""Schab, William H."",""ownerId"":3728,""role"":""R160"",""type"":""person"",""variants"":[""Schab, William Henry"",""Schab, Wilhelm Heinrich""]}]",,,,,,,,,,,,,,,,,,,,1,
02004013-p005,02004013,5,1949,,20,a,e,a,a,"Rosenwald purchased this incunable from Schab in Nov. 1949, having already pledged his collection to the nation in 1943.",n-us,2,"Library of Congress <Etats-Unis> | Rosenwald, Lessing Julius",4116 | 2843,R399 | R320,corporate | person,1800 - | 1891 - 1979,http://thesaurus.cerl.org/record/cnc00012752 | http://thesaurus.cerl.org/record/cnp01427232 | https://en.wikipedia.org/wiki/Lessing_J._Rosenwald | http://www.americanantiquarian.org/proceedings/44539319.pdf,"[{""characterisation"":[""noc""],""dates"":""1800 -"",""externalId"":[""http://thesaurus.cerl.org/record/cnc00012752""],""name"":""Library of Congress <Etats-Unis>"",""ownerId"":4116,""professionOrType"":[""lib""],""role"":""R399"",""type"":""corporate"",""variants"":[""Washington, D.C., Library of Congress"",""LOC""]},{""characterisation"":[""noc""],""dates"":""1891 - 1979"",""externalId"":[""http://thesaurus.cerl.org/record/cnp01427232"",""https://en.wikipedia.org/wiki/Lessing_J._Rosenwald"",""http://www.americanantiquarian.org/proceedings/44539319.pdf""],""gender"":1002,""name"":""Rosenwald, Lessing Julius"",""ownerId"":2843,""professionOrType"":[""bus""],""role"":""R320"",""type"":""person"",""variants"":[""Rosenwald, Lessing J.""]}]",,,,,,,,,,,,,,,,,,,,1,
02004011-p001,02004011,1,,1500,15,a,l,a,,,e-it,0,,,,,,,,,,,,,,,,,"Historiated initials are supplied in pink on a gold ground edged in black. Some floral borders are supplied in pink, blue, and green within a gold filigree (Veneto?) ",,,,,,,,,,1,"{""hasIlluminations"":""true"",""hasOramentalLetters"":""true"",""hasPenInitials"":""true"",""hasRubrication"":""true""}"
02004011-p002,02004011,2,1701,1800,18,a,o,a,,Former shelfmark: MS Rawl. 756.,e-uk,1,"Rawlinson, Richard <LL.D.>",4343,R390,person,1690 - 1755,http://thesaurus.cerl.org/record/cnp00403572,"[{""characterisation"":[""rel""],""dates"":""1690 - 1755"",""externalId"":[""http://thesaurus.cerl.org/record/cnp00403572""],""gender"":1002,""name"":""Rawlinson, Richard <LL.D.>"",""ownerId"":4343,""role"":""R390"",""type"":""person"",""typeOrProfession"":[""cle""],""variants"":[""Rawlinson, Richard"",""Impartial mind"",""Member of the University"",""Philoxon"",""Rawlinson, Ricard"",""Philoxon""]}]",,,,,,,,,,,,,,,,,,,,1,
02004011-p003,02004011,3,1701,,18,a,o,a,c,"Acquired by the library after 1738, possibly from Richard Rawlinson",e-uk,1,"Oxford, Bodleian Library",4209,R399,corporate,1602-,http://thesaurus.cerl.org/record/cnc00013057,"[{""characterisation"":[""noc""],""dates"":""1602-"",""externalId"":[""http://thesaurus.cerl.org/record/cnc00013057""],""name"":""Oxford, Bodleian Library"",""ownerId"":4209,""role"":""R399"",""type"":""corporate"",""typeOrProfession"":[""uni""],""variants"":[""Oxford, Bodleian library""]}]",Bound for the Bodleian.,w,c,b,b,g,,,,,,,,,,,,,,1,
02003961-p001,02003961,1,1478,1648,15 | 16 | 17,,b,,,"On [m1r] within a wreath, a coat of arms: per pale and barry counterchanged, or and gules; see Ceramelli Papiani [identified by Martin Davies, Dec. 2025]",e-it,1,"Serragli, family of Florence",00040110,R390,,-1648,,"[{""characterisation"":[""ari""],""dates"":""-1648"",""name"":""Serragli, family of Florence"",""ownerId"":""00040110"",""role"":""R390""}]",,,,,,,,,,,,,,,,,,,,1,"{""provenanceImage"":[{""display"":""Ceramelli Papiani, Blasoni delle famiglie toscane"",""url"":""https://archiviodistatofirenze.cultura.gov.it/ceramellipapiani/index.php?page=Famiglia&id=6960""}]}"
02003961-p002,02003961,2,1801,1883,19,a,e,a,,Printed label: 'Bibliotheque liturgique de S. A. R. Charles Louis de Bourbon comte de Villafranca' no. 491. The incunable must have been acquired by his grandson and continuator of the collection.,e-fr,1,Carlo Ludovico di Borbone-Parma,2836,R390,person,1799 - 1883,http://thesaurus.cerl.org/record/cnp00574913 | http://viaf.org/viaf/48296149,"[{""characterisation"":[""ari""],""dates"":""1799 - 1883"",""externalId"":[""http://thesaurus.cerl.org/record/cnp00574913"",""http://viaf.org/viaf/48296149""],""gender"":""1002"",""name"":""Carlo Ludovico di Borbone-Parma"",""note"":""King of Etruria 1803-7, Duke of Lucca 1824-47, Duke of Parma 1847-49, Count of Villafranca 1849-83"",""ownerId"":""2836"",""role"":""R390"",""type"":""person"",""variants"":[""Borbone-Parma, Carlo Ludovico di"",""Charles Louis, duc de Bourbon-Parma "",""Charles-Louis de Bourbon, comte de Villafranca"",""Carlo Ludovico, re d'Etruria"",""Carlo II di Parma""]}]",Blue morocco with marbled pastedowns.,w,c,b,b,g,,,,,,,,,,,,,,1,
02003961-p003,02003961,3,1883,1907,19 | 20,a,n,a,c,"The collection was sold in Paris in 1932 by Hoepli. Some 2000 volumes were sold at auction in Milan in 1936, and purchased en bloc by Gerli.",e-au,1,"Borbone, Roberto <Parma, Duca, I> <Duke of Parma 1854-59>",2835,R390,person,1848 - 1907,http://thesaurus.cerl.org/record/cnp01427221,"[{""characterisation"":[""ari""],""dates"":""1848 - 1907"",""externalId"":[""http://thesaurus.cerl.org/record/cnp01427221""],""gender"":""1002"",""name"":""Borbone, Roberto <Parma, Duca, I> <Duke of Parma 1854-59>"",""ownerId"":""2835"",""role"":""R390"",""type"":""person"",""variants"":[""Borbone-Parma, Roberto"",""Bourbon-Parma"",""Robert de Bourbon, duke of Parma""]}]",,,,,,,,,,,,,,,,,,,,1,
02003961-p004,02003961,4,1933,1935,20,a,n,a,,,e-it,1,Libreria Internazionale Ulrico Hoepli,96,R160,corporate,,https://aeolus.bodleian.ox.ac.uk/collections/incunables/provenances_for_mei.xml#xpointer(//*[@id= | https://lccn.loc.gov/n83139024 | https://data.cerl.org/thesaurus/cnc00011848,"[{""characterisation"":[""noc""],""externalId"":[""https://aeolus.bodleian.ox.ac.uk/collections/incunables/provenances_for_mei.xml#xpointer(//*[@id="",""https://lccn.loc.gov/n83139024"",""https://data.cerl.org/thesaurus/cnc00011848""],""name"":""Libreria Internazionale Ulrico Hoepli"",""ownerId"":""96"",""professionOrType"":[""bkt""],""role"":""R160"",""type"":""corporate"",""variants"":[""Milan, Libreria Internazionale Ulrico Hoepli"",""Hoepli, Ulrich"",""Libreria Antiquaria Ulrico Hoepli""]}]",,,,,,,,,,,,,,,,,,,,1,
02003961-p005,02003961,5,1935,1938,20,a,n,a,a,"Gerli purchased from Hoepli, en bloc, the circa 2,000 volumes left unsold and donated them to the nation; they entered Brera in 1938",e-it,1,"Gerli, Paolo <Conte di Villagaeta>",2833,R320,person,1888 - 1965,http://thesaurus.cerl.org/record/cnp01427222,"[{""characterisation"":[""noc""],""dates"":""1888 - 1965"",""externalId"":[""http://thesaurus.cerl.org/record/cnp01427222""],""gender"":""1002"",""name"":""Gerli, Paolo <Conte di Villagaeta>"",""note"":""Born in Lyon, lived in Milan, died in Bellagio"",""ownerId"":""2833"",""role"":""R320"",""type"":""person""}]",,,,,,,,,,,,,,,,,,,,1,
02003961-p006,02003961,6,1938,,20,a,o,a,b,Evidence from shelfmark. Count Gerli donated the volumes in 1938.,e-it,1,"Milano, Biblioteca Nazionale Braidense",2832,R399,corporate,,http://thesaurus.cerl.org/record/cnc00011849,"[{""characterisation"":[""noc""],""externalId"":[""http://thesaurus.cerl.org/record/cnc00011849""],""name"":""Milano, Biblioteca Nazionale Braidense"",""ownerId"":""2832"",""professionOrType"":[""lib""],""role"":""R399"",""type"":""corporate"",""variants"":[""Imperial Regia Bibliotheca Mediolanensis""]}]",,,,,,,,,,,,,,,,,,,1938,1,
02003959-p001,02003959,1,1478,1500,15,b,l,a,,"Possibly decorated by the Master of Jean Charpentier (d. 1505), an artist active betw. 1475 and 1490 in the Tours-Angers area (inf. from C. Yvard). unidentified coat of arms : a lion rampant facing left, green, and possibly a star between front raised pows.",e-fr,1,Anonymous,2334,R390,person,,,"[{""name"":""Anonymous"",""ownerId"":""2334"",""role"":""R390"",""type"":""person""}]",,,,,,,,,,,,,,,,,,,,0,
02003959-p002,02003959,2,1807,1836,19,,k,,,,e-uk,1,"Lewis, Charles",3444,R110,person,1786 - 1836,http://thesaurus.cerl.org/record/cnp01427865,"[{""characterisation"":[""noc""],""dates"":""1786 - 1836"",""externalId"":[""http://thesaurus.cerl.org/record/cnp01427865""],""gender"":""1002"",""name"":""Lewis, Charles"",""ownerId"":""3444"",""professionOrType"":[""bkt""],""role"":""R110"",""type"":""person"",""variants"":[""Lewis, C.""]}]",,,,,,,,,,,,,,,,,,,,1,
02003959-p003,02003959,3,1899,1908,19 | 20,a,,a,,The John Rylands Library of Manchester was founded by Mrs Rylands in 1899 as a memorial to her husband.,e-uk,1,"Rylands, Enriqueta Augustina",00030211,R320,person,1843 - 1908,http://thesaurus.cerl.org/record/cnp01427217,"[{""characterisation"":[""noc""],""dates"":""1843 - 1908"",""externalId"":[""http://thesaurus.cerl.org/record/cnp01427217""],""gender"":""1001"",""name"":""Rylands, Enriqueta Augustina "",""note"":""3rd wife of John Rylands 1801-1888"",""ownerId"":""00030211"",""role"":""R320"",""type"":""person"",""variants"":[""Tennant, Enriqueta Augustina""]}]",Bound by Charles Lewis (1786-1836).,w,c,b,b,g,,,,,,,,,,,,,,1,"{""edges"":""a""}"
02003959-p004,02003959,4,1899,,19,,,,,,e-uk,1,"Manchester, John Rylands University Library",00016201,R399,corporate,1899-,,"[{""characterisation"":[""noc""],""dates"":""1899-"",""name"":""Manchester, John Rylands University Library"",""ownerId"":""00016201"",""professionOrType"":[""lib""],""role"":""R399"",""type"":""corporate"",""variants"":[""John Rylands Library""]}]",,,,,,,,,,,,,,,,,,,,1,
02003960-p001,02003960,1,1501,1600,16,a,m,a,,"A ms prayer in a 16th-century Italian humanist hand, written for a man, added at the beginning of the office of the dead.",e-it,1,Anonymous,3504,R390,person,,http://thesaurus.cerl.org/record/cnp00045139,"[{""externalId"":[""http://thesaurus.cerl.org/record/cnp00045139""],""gender"":""1002"",""name"":""Anonymous"",""ownerId"":""3504"",""role"":""R390"",""type"":""person""}]",,,,,,,,,,Unfinished floral border.,,,,,,,,,,0,"{""msFrequency"":""a""}"
02003960-p002,02003960,2,1747,1819,18 | 19,a,n,a,,,e-it,1,"Serra, Luigi <4th Duca di Cassano (Napoli)>",2642,R390,person,1747 - 1825,http://thesaurus.cerl.org/record/cnp01427218 | https://www.treccani.it/enciclopedia/serra-di-cassano-luigi_(Dizionario-Biografico) | https://lccn.loc.gov/no2012013657,"[{""characterisation"":[""ari""],""dates"":""1747 - 1825"",""externalId"":[""http://thesaurus.cerl.org/record/cnp01427218"",""https://www.treccani.it/enciclopedia/serra-di-cassano-luigi_(Dizionario-Biografico)"",""https://lccn.loc.gov/no2012013657""],""gender"":""1002"",""name"":""Serra, Luigi <4th Duca di Cassano (Napoli)>"",""ownerId"":""2642"",""role"":""R390"",""type"":""person"",""variants"":[""Serra, Luigi, Duca di Cassano"",""Cassano Serra, Luigi, duca di Cassano"",""Serra, Luigi, 4th Duca di Cassano (Napoli)""]}]",,,,,,,,,,,,,,,,,,,,1,
02003960-p003,02003960,3,1819,1834,19,a,n,a,a,Spencer bought Serra's whole library in 1819/20.,e-uk,1,"Spencer, George John",14395,R390,person,1758 - 1834,,"[{""characterisation"":[""ari""],""dates"":""1758 - 1834"",""gender"":""1002"",""name"":""Spencer, George John"",""ownerId"":""14395"",""professionOrType"":[""pol""],""role"":""R390"",""type"":""person"",""variants"":[null]}]",,,,,,,,,,,,,,,,,,,,1,
02003960-p004,02003960,4,1892,1899,19,a,k,a,a,"The Spencer collection was purchased in 1892 to become part of the John Rylands Library of Manchester, which she founded in 1899 as a memorial to her husband.",e-uk,1,"Rylands, Enriqueta Augustina",00030211,R320,person,1843 - 1908,http://thesaurus.cerl.org/record/cnp01427217,"[{""characterisation"":[""noc""],""dates"":""1843 - 1908"",""externalId"":[""http://thesaurus.cerl.org/record/cnp01427217""],""gender"":""1001"",""name"":""Rylands, Enriqueta Augustina "",""note"":""3rd wife of John Rylands 1801-1888"",""ownerId"":""00030211"",""role"":""R320"",""type"":""person"",""variants"":[""Tennant, Enriqueta Augustina""]}]",Bound by Charles Lewis (1786-1836). Gold-tooled blue morocco stamped in gold with 'JR' initials.,w,c,b,b,g,,,,,,,,,,,,,,1,"{""tooling"":""b""}"
02003960-p005,02003960,5,1899,,19,,,,b,,e-uk,1,"Manchester, John Rylands University Library",00016201,R399,corporate,1899-,,"[{""characterisation"":[""noc""],""dates"":""1899-"",""name"":""Manchester, John Rylands University Library"",""ownerId"":""00016201"",""professionOrType"":[""lib""],""role"":""R399"",""type"":""corporate"",""variants"":[""John Rylands Library""]}]",,,,,,,,,,,,,,,,,,,,0,
00201576-p001,00201576,1,1478,1500,15,,l | m,,,,e-it,0,,,,,,,,,,,,,,,,,"Main initials are supplied in pink with blue and green acanthus leaves decoration within a square gold ground edged in black; with floral and foliate extensions into the margin, within filegree and gold bezants. The style is quite similar to the initials supplied in the Washinton copy of this edition. Other initials are supplied in blue with red penwork decoration. Small initials in red or blue.",,,"Some manuscript scribbles in the lower margins; in the upper righ-hand corners of the rectos early manuscript foliation in Arabic numerals, in brown ink.   ",,,,,,,0,"{""hasMsStructuring"":""1"",""hasOrnamentalLetters"":""1"",""msFrequency"":""a"",""msLocation"":""c""}"
00201576-p002,00201576,2,1899,1899,19,,a,,,"His ownership note in manuscript, dated 1899",e-sw,1,"Hierta, Per",00010718,R390,person,1864-1924,,"[{""characterisation"":[""ari""],""dates"":""1864-1924"",""gender"":""1002"",""name"":""Hierta, Per"",""note"":""Baron"",""ownerId"":""00010718"",""role"":""R390"",""type"":""person""}]","Nineteenth-century black morocco, from Hedberg, Stockholm",w,c,b,b,g,,,,,,,,,,,,,1899,1,
00201576-p003,00201576,3,2014,2014,21,,n,,,"Bücher und Handschriften des 12.-18. Jahrhunderts. Auktion 11, Basel, 24 Oct. 2014, lot 9, for 30,000 Swiss Francs.",e-sz,2,Moirandat Company AG,00010126,R065,corporate,1988-,,"[{""type"":""corporate""},{""characterisation"":[""noc""],""dates"":""1988-"",""name"":""Moirandat Company AG"",""ownerId"":""00010126"",""professionOrType"":[""bkt""],""role"":""R065"",""type"":""corporate""}]",,,,,,,,,,,,,,,,,,,2014,1,
00201576-p004,00201576,4,2024,2024,21,,n,,,"now for sale at Kiefer (Pforzheim) 25-27 Sept 2024, lot 135-352, estimated price 7.500,00 €; 
cf. https://www.kiefer.de/auktion_artikel_details.aspx?KatNr=352; (ex inf. Falk Eisermann)",e-gx,1,Kiefer Auction House,00037901,R065,corporate,2024,,"[{""characterisation"":[""noc""],""dates"":""2024"",""name"":""Kiefer Auction House"",""note"":""Floruit"",""ownerId"":""00037901"",""professionOrType"":[""bkt""],""role"":""R065"",""type"":""corporate""}]",,,,,,,,,,,,,,,,,,,,1,
02004012-p001,02004012,1,,1500,15,a,l,a,,"Erased coat of arms within a circular wreath edged in orange, held by two putti.",e-it,0,,,,,,,,,,,,,,,,,"Contemporary Italian decoration, possibly Venetian.",,,,,,,,,,1,
02004012-p002,02004012,2,1701,1800,18,a,n,a,,"A catalogue of the collection was published in Livorno 1756. After his death the son Prosper sold it to the French Consul in Livorno, who purchased it on behalf of the duc de la Valliere.",e-it,1,"Jackson, George <British Consul at Genoa and Livorno>",2869,R390,person,- 1766,http://thesaurus.cerl.org/record/cnp01427234,"[{""characterisation"":[""noc""],""dates"":""- 1766"",""externalId"":[""http://thesaurus.cerl.org/record/cnp01427234""],""gender"":1001,""name"":""Jackson, George <British Consul at Genoa and Livorno>"",""ownerId"":2869,""role"":""R390"",""type"":""person""}]",,,,,,,,,,,,,,,,,,,,1,
02004012-p003,02004012,3,1701,1800,18,a,n,a,a,"La Vallière purchased Jackson's collection for 30,000 livres tournois in oct. 1775. His Paris auction catalogue, 1783, I lot 311. Sold for 3l 19s according to annotated Bodleian copy.",e-fr,1,"La Vallière, Louis César de La Baume Le Blanc <duc de>",00013054,R390,person,1708 - 1780,https://aeolus.bodleian.ox.ac.uk/collections/incunables/provenances_for_mei.xml#xpointer(//*[@id= | http://thesaurus.cerl.org/record/cnp01101562,"[{""characterisation"":[""ari""],""dates"":""1708 - 1780"",""externalId"":[""https://aeolus.bodleian.ox.ac.uk/collections/incunables/provenances_for_mei.xml#xpointer(//*[@id="",""http://thesaurus.cerl.org/record/cnp01101562""],""gender"":1002,""name"":""La Vallière, Louis César de La Baume Le Blanc <duc de>"",""ownerId"":""00013054"",""role"":""R390"",""type"":""person"",""variants"":[""La Baume Le Blanc de La Vallière, Louis César de"",""La Baume-Le-Blanc, Louis César de"",""Le Blanc de la Vallière, Louis César de LaBaume"",""La Valliere"",""Duc de La Vallière""]}]",,,,,,,,,,,,,,,,3l 19s,GBP,this must be a conversion of the annotator.,,1,
02004012-p004,02004012,4,1783,,18,a,o,a,a,Probably purchased at La Valliere's sale.,e-fr,1,Bibliothèque Nationale (de France) <Paris>,00015143,R399,corporate,,,"[{""characterisation"":[""noc""],""name"":""Bibliothèque Nationale (de France) <Paris>"",""ownerId"":""00015143"",""role"":""R399"",""type"":""corporate"",""variants"":[""Paris, Bibliothèque nationale de France, BnF"",""Paris, Bibliothèque Impériale"",""Paris, Bibliothèque Nationale"",""Paris, Bibliothèque du Roi""]}]",,,,,,,,,,,,,,,,,,,,1,
00201995-p001,00201995,1,1510,1510,16,,a,,,"In Philelphus’ book, marginal notes in a neat fifteenth-century humanist hand, light-brown-green ink, extracting key words. On the last leaf, after some notes in Latin and Greek, an inscription in Italian, dated 18 Mar. 1510: «In Christi nomine amen. Et sia noto et manifesto come la reuerentia fe patre Pietro de Bonetti se obliga a celebrare ogni sabbato una messa a la ecclesia de Sancta Maria de la Consolatione in Bressa Ad instantia de M.co. Io. Baptista di Bonetti suo fratello (?) questo come zanoso(?) adi 18 de Mazo 1510 [...] M.ro Zuanne di Bonetti suo padre [...]».
The note relates that father Pietro Bonetti, a priest, promises to celebrate a mass every Saturday in the church of S. Maria de la Consolazione, Brescia, on request of his brother, Giovanni Battista Bonetti, for some reason relating to their father, probably to commemorate his death.",e-it,1,"Bonetti, Giovanni Battista",00027830,R390,person,1479-1510,,"[{""characterisation"":[""noc""],""dates"":""1479-1510"",""gender"":""1002"",""name"":""Bonetti, Giovanni Battista"",""note"":""Floruit"",""ownerId"":""00027830"",""professionOrType"":[""sct""],""role"":""R390"",""type"":""person""}]",,,,,,,,,,,,,,,,,,,1510,1,
00201995-p002,00201995,2,1511,1530,16,,a,,,"on [*]1v, blank, of Philelphus’ book, in a shaky hand, brown ink: «Hic liber est Joannis Baptistae Beneuoli Brixiani grammatici».",e-it,1,"Benevolo, Giovanni Battista",1684,R390,person,1511- 1530,,"[{""characterisation"":[""noc""],""dates"":""1511- 1530"",""gender"":""1002"",""name"":""Benevolo, Giovanni Battista "",""ownerId"":""1684"",""professionOrType"":[""sct""],""role"":""R390"",""type"":""person"",""variants"":[""Bonetti, Giovanni Battista""]}]",,,,,,,,,,,,,,,,,,,,1,
00201995-p003,00201995,3,1450,1525,15 | 16,,a,,,,e-it,1,"Capitaneus de Landriano, Hieronymus",00015490,R390,person,1525,VIAF ID: 30604357,"[{""characterisation"":[""unk""],""dates"":""1525"",""externalId"":[""VIAF ID: 30604357""],""gender"":""1002"",""name"":""Capitaneus de Landriano, Hieronymus "",""ownerId"":""00015490"",""professionOrType"":[""sct""],""role"":""R390"",""type"":""person"",""variants"":[""Capitaneus, Hieronymus""]}]",,,,,,,,,,,,,,,,,,,,1,
00201995-p004,00201995,4,1774,,18,,,,,,e-xv,1,"Ljubljana, National and University Library",00015290,,corporate,,,"[{""gender"":""1003"",""name"":""Ljubljana, National and University Library"",""ownerId"":""00015290"",""professionOrType"":[""lib""],""type"":""corporate"",""variants"":[""NUK""]}]",,,,,,,,,,,,,,,,,,,,1,
02123970-p001,02123970,1,1487,1525,15 | 16,a,l,a,,,e-it,1,"Anonymous, Italy",00010351,R430,person,1475 - 1525,,"[{""characterisation"":[""unk""],""dates"":""1475 - 1525"",""gender"":1003,""name"":""Anonymous, Italy"",""ownerId"":""00010351"",""professionOrType"":[""unk""],""role"":""R430"",""type"":""person""}]",,,,,,,,,," Lettere iniziali alternativamente in rosso e blu, iniziali filigranate, miniate le iniziali alle carte numerate 86, 90, 116, 165.",,,,,,,,,,0,"{""hasIlluminations"":1,""hasPenInitials"":1}"
02123970-p002,02123970,2,1836,1865,19,a,a | o,a,x,"Al centro del contropiatto anteriore è incollata l'etichetta della attuale Biblioteca indicante la provenienza Cicogna. 
Sulla guardia anteriore nota editoriale manoscritta di Cicogna datata 'agosto 1836'. Sul recto dell'ultima carta di guardia: 'Biblioteca Cicogna | Colto trenta'.
",e-it,1,"Cicogna, Emmanuele Antonio",2678,R390,person,1789 - 1868,http://thesaurus.cerl.org/record/cnp01369797,"[{""characterisation"":[""noc""],""dates"":""1789 - 1868"",""externalId"":[""http://thesaurus.cerl.org/record/cnp01369797""],""gender"":1002,""name"":""Cicogna, Emmanuele Antonio "",""ownerId"":2678,""professionOrType"":[""cse""],""role"":""R390"",""type"":""person"",""variants"":[""Cicogna, Emanuele""]}]",Legatura e custodia ottocentesche in cuoio marrone scuro su cartoncino rigido con impressioni a secco; quattro nervi. Lacerato uno dei lati della parte superiore della custodia. Sul dorso della custodia impressi in oro: 'Offic. B. M. V. | Nic. Jenson | Sine anno'. Sulla legatura fori causati da tarli.,w,c,b,b,g,145,100,37,,,,"Sulla carta di guardia lunga nota di E.A. Cicogna in cui raffronta il proprio esemplare (che ritiene essere l'edizione  'Venetiis, Nicolaus Jenson, circa 1474') con l'edizione presente a Parigi e descritta nel 'Catalogue des livres imprimés sur vélin ... Paris 1822...': 
'Officium beatae Marie Virginis ... Venetiis Nicolaus Jenson, circa 1474 in 8°. Editions en beaux caractires ronds ...con 163 f. Così si legge a p. 99 del libro Catalogue des livres imprimè sur velin de la Biblioteque du roi. Tome primier. Paris 1822 al §112. Ma stando a questa descrizione l'esemplare di Parigi è imperfetto, giacchè quello ha 163 carte, e il presente ne ha 204. Ecco la distinzione delle carte nel presente [... ] | Emmanuele Cicogna | possessore agosto 1836'. 
",,,,,,,1,"{""edges"":""a"",""furniture"":0,""gauffered"":""a"",""titling"":[""z""],""tooling"":""a"",""writingOnEdges"":""d""}"
02123970-p003,02123970,3,1868,,19,a,n | o,a | b,c,"Emmanuele Antonio lasciò la sua biblioteca al Museo civico per disposizione testamentaria del 1865, eseguita alla sua morte tre anni dopo.",e-it,1,"Venezia, Biblioteca del Museo Correr",3551,R399,corporate,1830 -,http://thesaurus.cerl.org/record/cnc00011837,"[{""characterisation"":[""noc""],""dates"":""1830 -"",""externalId"":[""http://thesaurus.cerl.org/record/cnc00011837""],""name"":""Venezia, Biblioteca del Museo Correr"",""ownerId"":3551,""professionOrType"":[""lib""],""role"":""R399"",""type"":""corporate"",""variants"":[""Biblioteca d’Arte e di Storia Veneziana"",""Biblioteca del Civico Museo Correr"",""Fondazione Musei Civici Veneziani""]}]",,,,,,,,,,,,,Numerazione e segnatura (errata) delle carte a matita recenti.,,,,,,,1,
00560431-p001,00560431,1,,,,a,,,,"Given by Francis Jenkinson, 1913.",e-uk-en,1,Cambridge University Library,3463,R390,corporate,,http://thesaurus.cerl.org/record/cnc00002301,"[{""characterisation"":[""noc""],""externalId"":[""http://thesaurus.cerl.org/record/cnc00002301""],""name"":""Cambridge University Library"",""ownerId"":3463,""professionOrType"":[""lib""],""role"":""R390"",""type"":""corporate"",""variants"":[""Cambridge, University, Library"",""University Library, Cambridge"",""University of Cambridge, Cambridge University Library"",""University of Cambridge, Library"",""University of Cambridge, University Library""]}]","Known only from parts of proof-sheets used as pastedowns, printed in Bonhomme's 74G and 74G*. Distinguished from another such 16° proof-sheet (BL IA.39856, binding) by having 17 lines to the page.",,,,,,,,,,,,,,,,,,,1,
00570693-p001,00570693,1,1596,,16,a,a,,,"Handschriftliche Notiz im Vorsatz: „Hunc librum Georgius Sigeristus pastor ecclesiae Buchbergensis… offert d. Joanni Andreae de Croario cum… apud me 26 decembris anno [15]96“
",e-sz,1,"Sigrist, Georg",00027207,R390,person,,,"[{""characterisation"":[""rel""],""name"":""Sigrist, Georg"",""note"":""Verfasser einer handschriftlichen Widmung"",""ownerId"":""00027207"",""professionOrType"":[""cle""],""role"":""R390"",""type"":""person""}]",,,,,,,,,,,,,,,,,,,,1,
00570693-p002,00570693,2,1596,,16,a,,,,Siehe Anmerkung zu Sigrist,,1,Johann Andreas von Croario,00027206,R570,person,,,"[{""name"":""Johann Andreas von Croario"",""ownerId"":""00027206"",""role"":""R570"",""type"":""person"",""variants"":[""Croario, Johann Andreas von ""]}]",,,,,,,,,,,,,,,,,,,,0,
00570693-p003,00570693,3,1700,1862,17 | 18 | 19,a,a | k,,,"Handschriftlich. Besitzeintrag auf Bl. 1r: „Sum monasterii Rhenoviensis“. Eingangsdatum unbekannt.
",e-sz,1,Kloster Rheinau,00026281,R390,corporate,,http://d-nb.info/gnd/4374885-5 | http://thesaurus.cerl.org/record/cnc00021551,"[{""characterisation"":[""rel""],""externalId"":[""http://d-nb.info/gnd/4374885-5"",""http://thesaurus.cerl.org/record/cnc00021551""],""name"":""Kloster Rheinau"",""note"":""vorbesitzende Institution"",""ownerId"":""00026281"",""professionOrType"":[""rei""],""role"":""R390"",""type"":""corporate"",""variants"":[""Rheinau, Benedictines, OSB"",""Benediktinerabtei Rheinau"",""Monasterium Rhenaugensis"",""Monasterium B.M.V. Rhenoviensis"",""Kloster Rheinau""]}]","Dunkler Ledereinband des 15. Jh. mit Stempelverzierungen; Buchrücken restauriert (Rheinau, 18. Jh.).",,,,b,,,,,,,,,,,,,,,1,"{""tooling"":""a""}"
00570693-p004,00570693,4,1864,1915,19 | 20,,h,,e,,e-sz,1,Kantonsbibliothek Zürich,00026285,R390,corporate,,http://d-nb.info/gnd/1087122244,"[{""characterisation"":[""noc""],""externalId"":[""http://d-nb.info/gnd/1087122244""],""name"":""Kantonsbibliothek Zürich"",""ownerId"":""00026285"",""professionOrType"":[""lib""],""role"":""R390"",""type"":""corporate"",""variants"":["" Zürich, Kantonsbibliothek"",""Zurich Cantonal Library""]}]",,,,,,,,,,,,,,,,,,,,1,
00570693-p005,00570693,5,1916,,20,a,,,e,,e-sz,1,"Zürich, Zentralbibliothek",00022261,R399,corporate,,CERL Thesaurus cnc00009164,"[{""characterisation"":[""noc""],""externalId"":[""CERL Thesaurus cnc00009164""],""name"":""Zürich, Zentralbibliothek"",""ownerId"":""00022261"",""professionOrType"":[""lib""],""role"":""R399"",""type"":""corporate"",""variants"":[""Zentralbibliothek, Zürich"","" Zurich Central Library ""]}]",,,,,,,,,,,,,,,,,,,,1,
00570696-p001,00570696,1,,,,a,,,,,,1,Kloster Rheinau,00026281,R390,corporate,,http://d-nb.info/gnd/4374885-5 | http://thesaurus.cerl.org/record/cnc00021551,"[{""externalId"":[""http://d-nb.info/gnd/4374885-5"",""http://thesaurus.cerl.org/record/cnc00021551""],""name"":""Kloster Rheinau"",""note"":""vorbesitzende Institution"",""ownerId"":""00026281"",""role"":""R390"",""type"":""corporate"",""variants"":[""Rheinau, Benedictines, OSB"",""Benediktinerabtei Rheinau"",""Monasterium Rhenaugensis"",""Monasterium B.M.V. Rhenoviensis"",""Kloster Rheinau""]}]",,,,,,,,,,,,,,,,,,,,0,
00570696-p002,00570696,2,,,,a,,,,,,1,"Sigrist, Georg",00027207,R570,person,,,"[{""name"":""Sigrist, Georg"",""note"":""Verfasser einer handschriftlichen Widmung"",""ownerId"":""00027207"",""role"":""R570"",""type"":""person""}]",,,,,,,,,,,,,,,,,,,,0,
00570696-p003,00570696,3,,,,a,,,,,,1,Johann Andreä von Croaria,00027206,R390,person,,,"[{""name"":""Johann Andreä von Croaria"",""note"":""Empfänger einer handschriftlichen Widmung"",""ownerId"":""00027206"",""role"":""R390"",""type"":""person"",""variants"":[""Croario, Johann Andreas von ""]}]",,,,,,,,,,,,,,,,,,,,0,
00570696-p004,00570696,4,,,,a,,,,"Hs. Notiz auf dem letzten Vorsatzbl.: ""Hunc librum Georgius Sigeristus pastor ecclesiae Buchbergensis ... d. Joani Andreae de Croario cum ... apud me 26 decembris anno [15]96""; hs. Notiz auf Bl. 1r: ""Sum monasterii Rhenoviensis""; Stempel der Kantonsbibliothek Zürich auf Bl. 1v.",e-sz,1,"Zürich, Zentralbibliothek",00022261,R399,corporate,,CERL Thesaurus cnc00009164,"[{""characterisation"":[""noc""],""externalId"":[""CERL Thesaurus cnc00009164""],""name"":""Zürich, Zentralbibliothek"",""ownerId"":""00022261"",""professionOrType"":[""lib""],""role"":""R399"",""type"":""corporate"",""variants"":[""Zentralbibliothek, Zürich"","" Zurich Central Library ""]}]",Dunkler Ledereinband mit Einzelstempeln (15. Jh.); Buchrücken restauriert (Rheinau 18. Jh.).,,,,,,,,,,,,,,,,,,,1,
02117004-p001,02117004,1,,,,a,,,,,e-au,1,"Wien, Österreichische  Nationalbibliothek",2839,R399,corporate,,http://thesaurus.cerl.org/record/cnc00020465 | https://aeolus.bodleian.ox.ac.uk/collections/incunables/provenances_for_mei.xml#xpointer(//*[@id= | https://www.onb.ac.at/en/about-us/650th-anniversary/timeline/,"[{""characterisation"":[""noc""],""externalId"":[""http://thesaurus.cerl.org/record/cnc00020465"",""https://aeolus.bodleian.ox.ac.uk/collections/incunables/provenances_for_mei.xml#xpointer(//*[@id="",""https://www.onb.ac.at/en/about-us/650th-anniversary/timeline/""],""name"":""Wien, Österreichische  Nationalbibliothek"",""ownerId"":2839,""professionOrType"":[""lib""],""role"":""R399"",""type"":""corporate"",""variants"":[""Wien, Österreichische Nationalbibliothek"",""Vienne (Autriche), Österreichische Nationalbibliothek"",""Vienna, Hofbibliothek"",""Vienna, Bibliotheca Regia"",""Vienna, Österreichische Nationalbibliothek""]}]",,,,,,,,,,,,,,,,,,,,1,
02126336-p001,02126336,1,1901,2000,20,a,m,a,x,"dates approximate; since one note is in French, the area of the former owner could be France",e,1,"Anonymous, 1901-2000",00021443,R390,,1901-2000,,"[{""dates"":""1901-2000"",""name"":""Anonymous, 1901-2000"",""ownerId"":""00021443"",""role"":""R390""}]",,,,,,,,,,,,,"recto: ""Memmingen, Kunne. Brevier? type 71""",,,,,,,0,"{""msFrequency"":""b""}"
02126336-p002,02126336,2,1963,,20,a,o | s,a,x,earliest date possible,n-us-ct,1,Beinecke Rare Book & Manuscript Library,00015289,R399,corporate,,,"[{""characterisation"":[""noc""],""name"":""Beinecke Rare Book & Manuscript Library"",""ownerId"":""00015289"",""professionOrType"":[""lib""],""role"":""R399"",""type"":""corporate""}]",,,,,,,,,,,,,,,,,,,,1,
00570569-p001,00570569,1,,,,,,,,,,0,,,,,,,,"Dunkler Ledereinband, Mittelschliesse",s,,,b,,,,,Eine rote Lombarde auf Bl. 1r,,,Handschriftliche Foliierung (15. Jh.),,,,,,,0,"{""furniture"":""1"",""hasPartialRubrication"":""1""}"
00570569-p002,00570569,2,,,,,,,,Handschr. Notiz mit Bleistift auf Bl. 52v: „Johan Heinrich Neumann“,,1,"Neumann, Johann Heinrich",,R570,,,,"[{""name"":""Neumann, Johann Heinrich"",""role"":""R570""}]",,,,,,,,,,,,,,,,,,,,0,
00570569-p003,00570569,3,1835,1915,19 | 20,a,o,,,,e-sz,1,Kantonsbibliothek Zürich,00026285,R390,corporate,,http://d-nb.info/gnd/1087122244,"[{""characterisation"":[""noc""],""externalId"":[""http://d-nb.info/gnd/1087122244""],""name"":""Kantonsbibliothek Zürich"",""note"":""vorbesitzende Institution"",""ownerId"":""00026285"",""professionOrType"":[""lib""],""role"":""R390"",""type"":""corporate"",""variants"":["" Zürich, Kantonsbibliothek"",""Zurich Cantonal Library""]}]",,,,,,,,,,,,,,,"[{""note"":""II DD 231""}]",,,,,1,
00570569-p004,00570569,4,1916,,20,a,,,e,,e-sz,1,"Zürich, Zentralbibliothek",00022261,R399,corporate,,CERL Thesaurus cnc00009164,"[{""characterisation"":[""noc""],""externalId"":[""CERL Thesaurus cnc00009164""],""name"":""Zürich, Zentralbibliothek"",""ownerId"":""00022261"",""professionOrType"":[""lib""],""role"":""R399"",""type"":""corporate"",""variants"":[""Zentralbibliothek, Zürich"","" Zurich Central Library ""]}]",,,,,,,,,,,,,,,,,,,,1,
00200552-p001,00200552,1,,,,,,,,,e-uk,1,"London, British Museum Library, since 1973 The British Library",3442,R399,corporate,1753-,https://aeolus.bodleian.ox.ac.uk/collections/incunables/provenances_for_mei.xml#xpointer(//*[@id= | http://www.bl.uk/reshelp/findhelprestype/prbooks/provenanceresearch/provenanceresearch.html,"[{""characterisation"":[""noc""],""dates"":""1753-"",""externalId"":[""https://aeolus.bodleian.ox.ac.uk/collections/incunables/provenances_for_mei.xml#xpointer(//*[@id="",""http://www.bl.uk/reshelp/findhelprestype/prbooks/provenanceresearch/provenanceresearch.html""],""name"":""London, British Museum Library, since 1973 The British Library"",""ownerId"":""3442"",""professionOrType"":[""lib""],""role"":""R399"",""type"":""corporate"",""variants"":[""British Museum, London, Bibliotheca Britannica"",""British Museum, London, King's Library"",""King's Library, London"",""British Museum. Department of Printed Books"",""British Museum. Department of Manuscripts""]}]",,,,,,,,,,,,,,,,,,,,1,
00200558-p001,00200558,1,1486,1600,15 | 16,a,b | k | l,a | b,,"Arms of the Torelli family of Naples (argent an ox passant or) on a1r, within the lower border. Dates conjectural.",e-it,1,Torelli family,00022490,R390,,,,"[{""characterisation"":[""ari""],""name"":""Torelli family"",""ownerId"":""00022490"",""professionOrType"":[""unk""],""role"":""R390""}]","Contemporary Italian, probably Neapolitan, gold-tooled black goatskin: concentric frames of knotted work, marks of a clasp and catch in the middle of the fore-edge, catch-plate on the front cover.",s,c,a,b,c,113,80,29,"Cuts colored. The pages facing the cuts present blue, red, and green floral borders with gold bezants, edged in gold and black; some orange in the curls of the edges of the letter and in the border, and some flowers; the work of a contemporary Neapolitan artist according to Quaritch. Main initials are supplied in blue with white penwork on a gold ground edged in black; inside the letter a circle in gold filled with red/purple colouring with floral design of the same, in different shades. Other main initials are supplied in gold on a shaped blue ground with white penwork, inside the letter red/purple with white penwork.",Other initials in red or blue (generally blue over printed red initial) with violet or red penwork decoration.,,,,,,,,,1,"{""edges"":""a"",""furniture"":1,""gauffered"":""d"",""hasCoatOfArms"":1,""hasIlluminations"":1,""hasIllustrationsByHand"":1,""hasOrnamentalLetters"":1,""hasPenInitials"":1,""hasRubrication"":1,""titling"":[""b""],""tooling"":""b"",""writingOnEdges"":""d""}"
00200558-p002,00200558,2,1875,1892,19,a,e | s,b | e,,"Lot 33 in the Paris sale catalogue of his library, January 1894.",e-it,1,"Maglione, Benedetto",00013273,R390,person,1841 - 1892,https://aeolus.bodleian.ox.ac.uk/collections/incunables/provenances_for_mei.xml#xpointer(//*[@id=,"[{""characterisation"":[""noc""],""dates"":""1841 - 1892"",""externalId"":[""https://aeolus.bodleian.ox.ac.uk/collections/incunables/provenances_for_mei.xml#xpointer(//*[@id=""],""name"":""Maglione, Benedetto"",""ownerId"":""00013273"",""professionOrType"":[""scl""],""role"":""R390"",""type"":""person""}]",,,,,,,,,,,,,,,,,,,,1,
00200558-p003,00200558,3,1894,1894,19,a,s,g,a,"Purchased by Quaritch at the Maglione sale. Offered in catalogue 140, 15 April 1894 (item 1182; described as 18mo; £72).",e-uk,1,"Quaritch, Bernard",3644,R160,person,1819 - 1899,http://thesaurus.cerl.org/record/cnp01401825 | http://thesaurus.cerl.org/record/cnp01507092 | http://thesaurus.cerl.org/record/cnp00385892,"[{""characterisation"":[""noc""],""dates"":""1819 - 1899"",""externalId"":[""http://thesaurus.cerl.org/record/cnp01401825"",""http://thesaurus.cerl.org/record/cnp01507092"",""http://thesaurus.cerl.org/record/cnp00385892""],""gender"":1002,""name"":""Quaritch, Bernard"",""ownerId"":3644,""professionOrType"":[""bkt""],""role"":""R160"",""type"":""person"",""variants"":[""Bernard Alexander Christian Quaritch"",""Quaritch"",""Anglicus, Ducange"",""Ducange, Anglicus""]}]",,,,,,,,,,,,,,,,72/0/0,pounds sterling,"Price at which the book was offered, not what Quaritch paid.",,1,
00200558-p004,00200558,4,1894,1926,19 | 20,a,s,g,a,"Sold to Rosenbach, probably in early 1926, who immediately sold it to Henry E. Huntington. Probably purchased from Quaritch.",n-us-ny,1,"White, William Augustus",00022491,R390,person,1843-1927,https://lccn.loc.gov/nr92006281,"[{""characterisation"":[""noc""],""dates"":""1843-1927"",""externalId"":[""https://lccn.loc.gov/nr92006281""],""gender"":1002,""name"":""White, William Augustus"",""ownerId"":""00022491"",""professionOrType"":[""bus""],""role"":""R390"",""type"":""person"",""variants"":[""White, William A.""]}]",,,,,,,,,,,,,,,,,,,,1,
00200558-p005,00200558,5,1926,1926,20,a,s,c,a,Recorded as purchased by Henry E. Huntington from Rosenbach in February 1926.,n-us-pa,1,Rosenbach Company,00015333,R160,corporate,1903-1953,http://thesaurus.cerl.org/record/cnp01427860,"[{""characterisation"":[""noc""],""dates"":""1903-1953"",""externalId"":[""http://thesaurus.cerl.org/record/cnp01427860""],""name"":""Rosenbach Company"",""ownerId"":""00015333"",""professionOrType"":[""bkt""],""role"":""R160"",""type"":""corporate"",""variants"":[""Philadelphia PA, Rosenbach Company""]}]",,,,,,,,,,,,,,,,,,,,1,
00200558-p006,00200558,6,1926,1927,20,a,s,f,a,Recorded as purchased from Rosenbach in February 1926.,n-us-ca,1,"Huntington, Henry Edwards",3291,R320,person,1850 - 1927,http://thesaurus.cerl.org/record/cnp01447942 | https://lccn.loc.gov/n79142584,"[{""characterisation"":[""noc""],""dates"":""1850 - 1927"",""externalId"":[""http://thesaurus.cerl.org/record/cnp01447942"",""https://lccn.loc.gov/n79142584""],""gender"":1002,""name"":""Huntington, Henry Edwards"",""ownerId"":3291,""professionOrType"":[""bus""],""role"":""R320"",""type"":""person""}]",,,,,,,,,,,,,,,,,,,,1,
00200558-p007,00200558,7,1927,,20,a,s,f,c,Donated by Henry E. Huntington at the founding of his library.,n-us-ca,1,The Huntington,00015692,R399,corporate,,https://lccn.loc.gov/n79049138,"[{""characterisation"":[""noc""],""externalId"":[""https://lccn.loc.gov/n79049138""],""name"":""The Huntington"",""ownerId"":""00015692"",""professionOrType"":[""lib""],""role"":""R399"",""type"":""corporate"",""variants"":[""San Marino, CA, The Huntington"",""Huntington Library"",""Henry E. Huntington Library and Art Gallery"",""Huntington Library, Art Collections, and Botanical Gardens"",""Huntington Library, Art Gallery and Botanical Gardens""]}]",,,,,,,,,,,,,,,,,,,,1,
02149767-p001,02149767,1,1486,1500,15,b,,a,,,e-sp,0,,,,,,,,,,,,,,,,,"Border and initial illumination in red, blue green, and gold on leaves a1r, c6v, e8v, f8v, i4r, k3r, p1r, r3r, t1r, x8r, D3r, and D7r; other large initials in gold, red and blue and small initials in either red and blue or gold and blue.",,,,,,,,,,0,"{""hasIlluminations"":""1"",""hasRubrication"":""1""}"
02149767-p002,02149767,2,1700,1800,17 | 18,b,a | k,a,,,e-sp,0,,,,,,,,"Brown calf over wooden boards, late 17th-18th century; on both covers, a fine gold-tooled outer border, golden flowers in the corners that are repeated in the center in a rhomboidal composition; spine with four supports and two symmetrical horizontal golden tools in the inter-spaces; metal clasps; marbled paper endpapers with comb pattern. All edges gilt.
",v,c,b,b,c,169,121,51,,,,,,,,,,,0,"{""edges"":""a"",""furniture"":""1"",""gauffered"":""d"",""msFrequency"":""a"",""msLocation"":""d"",""titling"":[""z""],""tooling"":""b"",""writingOnEdges"":""d""}"
02149767-p003,02149767,3,1921,1924,20,a,m | s,a | e,a,"Sotheby (London) sale, 18-20 April 1921:470. Bought by Quaritch for £185 (Book-auction records, 1920-21, p. 491). 
In pencil on last flyleaf: ""Bernard Quaritch Ltd | Max Privett | 27/4/21"".
Quaritch, ""A catalogue of books printed in Europe during the fifteenth & sixteenth centuries"", March 1923, I:326 (£315).",e-uk-en,1,"London, Bernard Quaritch Ltd.",3460,R160,corporate,1899-,http://thesaurus.cerl.org/record/cnc00003966 | http://www.quaritch.com/about/our-history/ | https://lccn.loc.gov/n84093217,"[{""characterisation"":[""noc""],""dates"":""1899-"",""externalId"":[""http://thesaurus.cerl.org/record/cnc00003966"",""http://www.quaritch.com/about/our-history/"",""https://lccn.loc.gov/n84093217""],""name"":""London, Bernard Quaritch Ltd."",""ownerId"":""3460"",""professionOrType"":[""bkt""],""role"":""R160"",""type"":""corporate"",""variants"":[""Quaritch Ltd., London"",""Bernard Quaritch (Firm)""]}]",,,,,,,,,,,,,,,,185,GBP,,"1921, 1923",1,"{""hasMsCollation"":""1"",""msLocation"":""d""}"
02149767-p004,02149767,4,1924,1925,20,b,s,c,x,"Item 111 in a bound volume of typewritten notes titled ""Catalogue of Incunabula: 1459-1500. Purchased from Rosenbach 24 Feb. 1925"". Huntington Library, office of the Curator of Rare Books.
Recorded as acquired by Henry E. Huntington from Rosenbach on 24 Feb. 1925 (see the Huntington Library online catalogue).",n-us-pa,1,Rosenbach Company,00015333,R160,corporate,1903-1953,http://thesaurus.cerl.org/record/cnp01427860,"[{""characterisation"":[""noc""],""dates"":""1903-1953"",""externalId"":[""http://thesaurus.cerl.org/record/cnp01427860""],""name"":""Rosenbach Company"",""ownerId"":""00015333"",""professionOrType"":[""bkt""],""role"":""R160"",""type"":""corporate"",""variants"":[""Philadelphia PA, Rosenbach Company""]}]",,,,,,,,,,,,,,,,,,"Presumably purchased from the Quaritch catalogue, but price unknown.",24 February 1925,1,
02149767-p005,02149767,5,1925,1927,20,a,s,c,a,"Item 111 in a bound volume of typewritten notes titled ""Catalogue of Incunabula: 1459-1500. Purchased from Rosenbach 24 Feb. 1925"". Huntington Library, office of the Curator of Rare Books.
Recorded as acquired by Henry E. Huntington from Rosenbach on 24 Feb. 1925 (see the Huntington Library online catalogue).",n-us-ca,1,"Huntington, Henry Edwards",3291,R390,person,1850-1927,http://thesaurus.cerl.org/record/cnp01447942 | https://lccn.loc.gov/n79142584,"[{""characterisation"":[""noc""],""dates"":""1850-1927"",""externalId"":[""http://thesaurus.cerl.org/record/cnp01447942"",""https://lccn.loc.gov/n79142584""],""gender"":""1002"",""name"":""Huntington, Henry Edwards "",""ownerId"":""3291"",""professionOrType"":[""bus""],""role"":""R390"",""type"":""person"",""variants"":[""Huntington, Henry Edwards""]}]",,,,,,,,,,,,,,,,,,,,1,
02149767-p006,02149767,6,1927,,20,a,s,a | c,c,Huntington founded the library to house his collection.,n-us-ca,1,The Huntington,00015692,R399,corporate,1927-,https://lccn.loc.gov/n79049138,"[{""characterisation"":[""noc""],""dates"":""1927-"",""externalId"":[""https://lccn.loc.gov/n79049138""],""name"":""The Huntington"",""ownerId"":""00015692"",""professionOrType"":[""lib""],""role"":""R399"",""type"":""corporate"",""variants"":[""San Marino, CA, The Huntington"",""Huntington Library"",""Henry E. Huntington Library and Art Gallery"",""Huntington Library, Art Collections, and Botanical Gardens"",""Huntington Library, Art Gallery and Botanical Gardens""]}]",,,,,,,,,,,,,,,,,,,,1,
00200559-p001,00200559,1,1487,1500,15,,b | k | l | m,,,"Arms of the Galliciano family (the identification with Antonio Galliciano is conjectural): on a1r coat of arms in the lower panel of the border; azure, a cock proper crested and jellopped, on a chief argent two flowers(?) gules. Ownership mark heavily erased on verso of front parchment endleaf: ""1488 De [------]"", not certainly related to the arms or decoration.",e-it,1,"Galliciano, Antonio",00010729,R390,person,,,"[{""characterisation"":[""noc""],""gender"":""1002"",""name"":""Galliciano, Antonio"",""ownerId"":""00010729"",""professionOrType"":[""pol""],""role"":""R390"",""type"":""person""}]","Contemporary Neapolitan richly gold-tooled leather, gilt edges; marks (three holes in triangular order) of a clasp plate and latch, no longer present.",s,c,a,b,,103,72,26,"Woodcuts painted over in gold and colours. On a1r, f2r, h3r, l7r, and m2r full borders are supplied in gold and colours, by a close follower of Matteo Felice (fl. 1467-1493), perhaps a member of his workshop. On a1r and f2r the border contains putti, a peacock, a hare, foliate decoration in blue, purple, and green, filigree and gold bezants, all enclosed within a frame of gold and another of blue. On h3r and l7r the border contains also a bird; on m2r there is a stag and one putto wears a breastplate.  Main initials contain the following miniatures: on e7v Virgin and child, on f2r David praying, on h3r a coffin covered by a drape, behind stand a priest and fours monks praying, with a tall pole with cross on top, on l7r Christ on the cross, surrounded by the instruments of the Passion, on m2r Descent of the Holy Spirit. The initials on e7v, f2r, h3r, l7r, m2r, are supplied in purple with green foliate edges and blue inside the letter, all with white penwork, within a gold ground, and with floral extension from the letter into the margin in blue, purple, green, and gold bezants. Other main initials are supplied in gold on a shaped blue ground with white penwork, the area enclosed by the letter is purple with white penwork, or the reverse; sometimes it can also consist of a chequered ground red and blue; occasionally a pen extension from the letter forms foliate decoration and gold bezants. In the calendar the letters «KL» are supplied in gold with violet penwork. On a1r coat of arms in the lower panel of the border; azure, a cock proper crested and jellopped, on a chief argent two flowers(?) gules.",,,,,,,,,,1,"{""edges"":""a"",""furniture"":""1"",""gauffered"":""d"",""hasCoatOfArms"":""1"",""hasIlluminations"":""1"",""hasIllustrationsByHand"":""1"",""hasOrnamentalLetters"":""1"",""titling"":[""z""],""tooling"":""a"",""writingOnEdges"":""d""}"
00200559-p002,00200559,2,1500,1600,15 | 16,a,m,a | c,,,e-it,0,,,,,,,,,,,,,,,,,,,,"Additions to the calendar in a sixteenth-century hand: 17 Sept. «Stigmata sancti Francisci»; in the upper margin of [A9r] «Sancti Caroli Cardinalis Borromei Archiep Mediolan. »; next to s Prosdocimi (7 Nov.) added «Patavini», all in the same hand. Bound at the end are nine parchment leaves of manuscript prayers and suffrages, with painted miniatures of St George killing the dragon; St Jacobus ap; St Augustine; St Sebastianus; Leonardus cf; Cristophoro; Antonio cf; the crucifixion, behind, a landscape, next, the prayer: «Domine deus meus si feci uel commisi... ». These additions begin with capitals in blue with red penwork decoration. -- More prayers in a later hand, in Latin and in Italian, washed. -- Arabic numerals were added to calendar in an early hand. In the litanies, «Nicolae de Tollentino» was added in the margin between Innocentes and Stephane; «sce Anelle» was added after Ianuari, «sce Iuliane» before Nicolae; a name now erased before Bernarde; «Sancta Anna» before M. Magdalena; «Sta Martha» between Agatha and Clara; all in a contemporary hand, brown ink.",,,,,,,0,"{""hasMsDrawings"":""1"",""hasMsSupplements"":""1"",""msFrequency"":""b"",""msLocation"":""a""}"
00200559-p003,00200559,3,1796,1796,18,a,a,a | c,,"Inscription on front flyleaf: ""dato dal Dottor Martini Siena 1796"".",e-it,1,Martini <Dottore>,00010730,R390,person,,,"[{""characterisation"":[""noc""],""gender"":""1002"",""name"":""Martini <Dottore>"",""ownerId"":""00010730"",""professionOrType"":[""scl""],""role"":""R390"",""type"":""person""}]",,,,,,,,,,,,,,,,,,,,1,
00200559-p004,00200559,4,1850,1909,19 | 20,a,e,a | c | e,,"Armorial bookplate; lot 38 in the Leclerc sale of his library, Paris 1909.",e-fr,1,"Rattier, Léon",00010731,R390,person,1824-,,"[{""characterisation"":[""noc""],""dates"":""1824-"",""gender"":""1002"",""name"":""Rattier, Léon"",""ownerId"":""00010731"",""professionOrType"":[""unk""],""role"":""R390"",""type"":""person"",""variants"":[""Rattier, Victor Léon""]}]",,,,,,,,,,,,,,,,,,,,1,
00200559-p005,00200559,5,1939,1939,20,a,s,g,,Recorded by Hofer as purchased from Thiébaud in June 1939. Acquisition date conjectural.,e-fr,1,"Thiébaud, Jules",00010893,R160,person,fl. 1920-1966,http://viaf.org/viaf/160148606,"[{""characterisation"":[""noc""],""dates"":""fl. 1920-1966"",""externalId"":[""http://viaf.org/viaf/160148606""],""gender"":""1002"",""name"":""Thiébaud, Jules"",""ownerId"":""00010893"",""professionOrType"":[""bkt""],""role"":""R160"",""type"":""person"",""variants"":[""Thiebaud, J.""]}]",,,,,,,,,,,,,,,,,,,,1,
00200559-p006,00200559,6,1939,1984,20,a,e,a | c | f,a,Hofer's records show purchase from Thiébaud in June 1939 for 1000 French francs.,n-us-ma,1,"Hofer, Philip",3566,R320,person,1898 - 1984,http://thesaurus.cerl.org/record/cnp01427434 | https://dictionaryofarthistorians.org/hoferp.htm,"[{""characterisation"":[""noc""],""dates"":""1898 - 1984"",""externalId"":[""http://thesaurus.cerl.org/record/cnp01427434"",""https://dictionaryofarthistorians.org/hoferp.htm""],""gender"":""1002"",""name"":""Hofer, Philip"",""ownerId"":""3566"",""professionOrType"":[""scl""],""role"":""R320"",""type"":""person""}]",,,,,,,,,,,,,,,,1000,French francs,,,1,
00200559-p007,00200559,7,1984,,20,a,e,a | c,b,"Gift of Philip Hofer in honor of Eleanor M. Garvey, May 1984.",n-us-ma,1,Harvard College Library,3523,R399,corporate,1636-,http://thesaurus.cerl.org/record/cnc00007523,"[{""characterisation"":[""noc""],""dates"":""1636-"",""externalId"":[""http://thesaurus.cerl.org/record/cnc00007523""],""name"":""Harvard College Library"",""ownerId"":""3523"",""professionOrType"":[""uni""],""role"":""R399"",""type"":""corporate"",""variants"":[""Harvard Library"",""Bibliotheca Harvardiana, Cambridge, Mass."",""College Library, Cambridge, Mass."",""HCL"",""Harvard College Library, Cambridge, Mass."",""Harvard College, Cambridge, Mass., Bibliotheca Harvardiana"",""Harvard College, Cambridge, Mass., Harvard Library"",""Harvard College, Cambridge, Mass., Widener Library"",""Harvard University Library"",""Harvard University, College Library"",""Harvard University, Faculty of Arts and Sciences, Library"",""Harvard University, Cambridge, Mass., Bibliotheca Harvardiana"",""Harvard University, Cambridge, Mass., College Library"",""Harvard University, Cambridge, Mass., Faculty of Arts and Sciences, Library"",""Harvard University, Cambridge, Mass., Widener Library <Harvard College>"",""Widener Library, Cambridge, Mass., Harvard College""]}]",,,,,,,,,,,,,,,,,,,,1,
02132409-p001,02132409,1,1491,1600,15 | 16,a,l,a,x,,,0,,,,,,,,,,,,,,,,,Iniziali miniate. Alcune silografie acquarellate.,,,,,,,,,,0,"{""hasIllustrationsByHand"":""1"",""hasOrnamentalLetters"":""1""}"
02132409-p002,02132409,2,1501,1600,16,a,k,a,x,,,0,,,,,,,,Recupero di parte dei piatti della legatura antica: doppia cornice concentrica con fregio centrale; 4 corolle stilizzate agli angoli esterni. Il dorso moderno.,t,c,e,b,g,195,140,25,,,,,,,,,,,0,"{""edges"":""d"",""furniture"":""0"",""gauffered"":""d"",""titling"":[""b""],""tooling"":""b"",""writingOnEdges"":""d""}"
02132409-p003,02132409,3,1630,1718,17 | 18,a,a,a,x,"Al margine inferiore di c. a1r: ""Stephanus Baluzius Tutelensis"".",e-fr,1,"Baluze, Étienne",1328,R390,person,1630-1718,https://thesaurus.cerl.org/cgi-bin/record.pl?rid=cnp01255888 | https://thesaurus.cerl.org/cgi-bin/record.pl?rid=cnp01447969 | https://thesaurus.cerl.org/cgi-bin/record.pl?rid=cnp01343572,"[{""characterisation"":[""noc""],""dates"":""1630-1718"",""externalId"":[""https://thesaurus.cerl.org/cgi-bin/record.pl?rid=cnp01255888"",""https://thesaurus.cerl.org/cgi-bin/record.pl?rid=cnp01447969"",""https://thesaurus.cerl.org/cgi-bin/record.pl?rid=cnp01343572""],""gender"":""1002"",""name"":""Baluze, Étienne"",""ownerId"":""1328"",""professionOrType"":[""scl""],""role"":""R390"",""type"":""person"",""variants"":[""Balluzius, Stephanus"",""Baluse, Étienne"",""Baluze, Stephan"",""Baluze, Stephanus"",""Baluzius, Etienne"",""Baluzius, Stephanus"",""Baluzius Tutelensis, Stephanus ""]}]",,,,,,,,,,,,,,,,,,,,1,
02132409-p004,02132409,4,1801,1900,19,a,a,a,x,"Al margine inferiore di c. a1r: ""Esther Gillbee""; la stessa nota ripetuta alla c. m4v",,1,"Gillbee, Esther",00027383,R390,person,1801-1900,,"[{""dates"":""1801-1900"",""gender"":""1001"",""name"":""Gillbee, Esther"",""ownerId"":""00027383"",""role"":""R390"",""type"":""person""}]",,,,,,,,,,,,,,,,,,,,0,
02132409-p005,02132409,5,,1883,15 | 16 | 17 | 18 | 19,a,e,a,x,Al contropiatto anteriore ex libris: “Bibliotheque liturgique de S. A. R. Charles Louis de Bourbon comte de Villafranca” n° 177,,1,"Borbone-Parma, Carlo Ludovico di",2836,R390,person,1799 - 1883,http://thesaurus.cerl.org/record/cnp00574913 | http://viaf.org/viaf/48296149,"[{""characterisation"":[""roy""],""dates"":""1799 - 1883"",""externalId"":[""http://thesaurus.cerl.org/record/cnp00574913"",""http://viaf.org/viaf/48296149""],""gender"":""1002"",""name"":""Borbone-Parma, Carlo Ludovico di"",""ownerId"":""2836"",""professionOrType"":[""pol""],""role"":""R390"",""type"":""person"",""variants"":[""Charles Louis, duc de Bourbon-Parma "",""Charles-Louis de Bourbon, comte de Villafranca"",""Carlo Ludovico, re d'Etruria"",""Carlo II di Parma""]}]",,,,,,,,,,,,,,,,,,,,0,
02132409-p006,02132409,6,1883,1907,19 | 20,a,,a,,,e-au,1,"Borbone-Parma, Roberto",2835,R390,person,1848 - 1907,http://thesaurus.cerl.org/record/cnp01427221,"[{""characterisation"":[""ari""],""dates"":""1848 - 1907"",""externalId"":[""http://thesaurus.cerl.org/record/cnp01427221""],""gender"":""1002"",""name"":""Borbone-Parma, Roberto"",""ownerId"":""2835"",""role"":""R390"",""type"":""person"",""variants"":[""Bourbon-Parma"",""Robert de Bourbon, duke of Parma""]}]",,,,,,,,,,,,,,,,,,,,1,
02132409-p007,02132409,7,1932,1936,20,a,,a,,"Cfr: La biblioteca liturgica dei Duchi di Parma, Milano-Roma, Hoepli, 1934, n. 115.",e-it,1,Libreria Internazionale Ulrico Hoepli,96,R160,corporate,1870,https://aeolus.bodleian.ox.ac.uk/collections/incunables/provenances_for_mei.xml#xpointer(//*[@id= | https://lccn.loc.gov/n83139024 | https://data.cerl.org/thesaurus/cnc00011848,"[{""characterisation"":[""noc""],""dates"":""1870"",""externalId"":[""https://aeolus.bodleian.ox.ac.uk/collections/incunables/provenances_for_mei.xml#xpointer(//*[@id="",""https://lccn.loc.gov/n83139024"",""https://data.cerl.org/thesaurus/cnc00011848""],""name"":""Libreria Internazionale Ulrico Hoepli"",""ownerId"":""96"",""professionOrType"":[""bkt""],""role"":""R160"",""type"":""corporate"",""variants"":[""Milan, Libreria Internazionale Ulrico Hoepli"",""Hoepli, Ulrich"",""Libreria Antiquaria Ulrico Hoepli""]}]",,,,,,,,,,,,,,,,,,,,1,
02132409-p008,02132409,8,1936,1938,20,a,,a,a,,e-it,1,"Gerli, Paolo <Conte di Villagaeta>",2833,R390,person,1888 - 1965,http://thesaurus.cerl.org/record/cnp01427222,"[{""characterisation"":[""noc""],""dates"":""1888 - 1965"",""externalId"":[""http://thesaurus.cerl.org/record/cnp01427222""],""gender"":""1002"",""name"":""Gerli, Paolo <Conte di Villagaeta>"",""ownerId"":""2833"",""professionOrType"":[""bus""],""role"":""R390"",""type"":""person""}]",,,,,,,,,,,,,,,,,,,,1,
02132409-p009,02132409,9,1938,,20,a,o,a,x,"Al dorso etichetta con segnatura di collocazione: ""B.G. Inc. 49"".",e-it,1,"Milano, Biblioteca Nazionale Braidense",2832,R399,corporate,1770-,http://thesaurus.cerl.org/record/cnc00011849,"[{""characterisation"":[""noc""],""dates"":""1770-"",""externalId"":[""http://thesaurus.cerl.org/record/cnc00011849""],""name"":""Milano, Biblioteca Nazionale Braidense"",""ownerId"":""2832"",""professionOrType"":[""lib""],""role"":""R399"",""type"":""corporate"",""variants"":[""Imperial Regia Bibliotheca Mediolanensis""]}]",,,,,,,,,,,,,,,,,,,,1,
00201173-p001,00201173,1,1950,1950,20,,n,,,Stolen in 1950 (GW),e-au,1,"Vienna, Österreichisches Museum für angewandte Kunst (MAK)",00010500,R390,corporate,,,"[{""characterisation"":[""noc""],""name"":""Vienna, Österreichisches Museum für angewandte Kunst (MAK)"",""ownerId"":""00010500"",""professionOrType"":[""lib""],""role"":""R390"",""type"":""corporate""}]",,,,,,,,,,,,,,,,,,,1950,1,
00211925-p001,00211925,1,1601,1800,17 | 18,,,,,Possibly Richard Rawlinson (1690-1755); several of Foucault's books reached the Bodleian Library via Rawlinson.,,1,"Rawlinson, Richard (1690-1755)",00013955,,per,1690 - 1755,https://aeolus.bodleian.ox.ac.uk/collections/incunables/provenances_for_mei.xml#xpointer(//*[@id= | http://thesaurus.cerl.org/record/cnp00403572 | https://bookowners.online/Richard_Rawlinson_1690-1755,"[{""dates"":""1690 - 1755"",""externalId"":[""https://aeolus.bodleian.ox.ac.uk/collections/incunables/provenances_for_mei.xml#xpointer(//*[@id="",""http://thesaurus.cerl.org/record/cnp00403572"",""https://bookowners.online/Richard_Rawlinson_1690-1755""],""name"":""Rawlinson, Richard (1690-1755)"",""note"":""nonjuring bishop; made numerous donations in his lifetime and bequeathed to the Bodleian Library his manuscripts and those printed books which contained manuscript notes; Rawlinson's books include some owned by Thomas Hearne, who bequeathed all his manuscripts and printed books with manuscript notes to William Bedford, from whose widow Rawlinson bought them; see Macray 231-51, Stanley Gillam, `Thomas Hearne's Library', BLR 12 (1985), 52-64, at 60-1; William Younger Fletcher, `The Rawlinsons and their Collections', Transactions of the Bibliographical Society, 5 (1899), 67-86; Georgian Rawlinson Tashjian, David R. Tashjian, and Brian J. Enright, Richard Rawlinson: A Tercentenary Memorial (Kalamazoo, Mich., 1990); DNB; B. J. Enright `Rawlinson and the Chandlers', BLR 4 (1953), 216-17, repr. with modifications in Tashjian, Tashjian, and Enright, 121-32; idem, `Richard Rawlinson Collector, Antiquary, and Topographer', unpublished D.Phil. thesis, University of Oxford, 1956; idem, `“I Collect and I Preserve”: Richard Rawlinson 1690-1755 and Eighteenth-century Book Collecting. Portrait of a Bibliophile XXVIII', Book Collector, 39 (1990), 27-54, repr. in The Pleasures of Bibliophily: Fifty Years of `The Book Collector' (London, 2003), 205-23; Robert A. Shaddy, `Thomas Rawlinson (1681-1725) and Richard Rawlinson (1690-1755)', in Pre-Nineteenth-century British Book- collectors and Bibliographers, ed. William Baker and Kenneth Womack, DLB 213 (Detroit, Washington DC, and London, 1999), 288-96; SC III 177-8."",""ownerId"":""00013955"",""type"":""per"",""variants"":[""Rawlinson, Richard""]}]",,,,,,,,,,,,,,,,,,,,0,
00211925-p002,00211925,2,,,,,,,,,e-uk,1,"Oxford, Bodleian library",4209,,corporate,1602 -,http://thesaurus.cerl.org/record/cnc00013057,"[{""characterisation"":[""noc""],""dates"":""1602 -"",""externalId"":[""http://thesaurus.cerl.org/record/cnc00013057""],""name"":""Oxford, Bodleian library"",""ownerId"":4209,""professionOrType"":[""uni""],""type"":""corporate""}]",,,,,,,,,,,,,,,,,,,,1,
00204061-p001,00204061,1,1601,1700,17,,,,,"Provenance: Brouyneau, provost of Thouars (seventeenth century); on [*1r] and F5r: 'Ex libris Brouyneau preuost de thouars'; coat of arms: gules, a church or, on [*1r] and [**8v].",,1,"Brouyneau, [ ] (seventeenth century)",00011601,,per,,"https://aeolus.bodleian.ox.ac.uk/collections/incunables/provenances_for_mei.xml#xpointer(//*[@id=""553""])","[{""externalId"":[""https://aeolus.bodleian.ox.ac.uk/collections/incunables/provenances_for_mei.xml#xpointer(//*[@id=\""553\""])""],""name"":""Brouyneau, [ ] (seventeenth century)"",""note"":""Provost of Thouars, Poitou."",""ownerId"":""00011601"",""type"":""per""}]",,,,,,,,,,,,,,,,,,,,0,
00204061-p002,00204061,2,1601,1800,17 | 18,,,,,Nicolas Joseph Foucault (1643-1721); armorial book-plate: 'Ex bibliotheca Nicolai Joseph Foucault comitis consistoriani'.,,1,"Foucault, Nicolas Joseph (1643-1721)",00012333,,per,1643 - 1721,"https://aeolus.bodleian.ox.ac.uk/collections/incunables/provenances_for_mei.xml#xpointer(//*[@id=""1300""])","[{""dates"":""1643 - 1721"",""externalId"":[""https://aeolus.bodleian.ox.ac.uk/collections/incunables/provenances_for_mei.xml#xpointer(//*[@id=\""1300\""])""],""gender"":1002,""name"":""Foucault, Nicolas Joseph (1643-1721)"",""note"":""see DBF XIV 593-5; armorial book-plate. For Foucault's library see Roger Middleton, 'Chrétien de Troyes at Auction: Nicolas-Joseph Foucault and other Eighteenth-century Collectors', in Medievalism and 'manière gothique' in Enlightenment France, ed. Peter Damian-Grint (Oxford, 2006), 261-83."",""ownerId"":""00012333"",""type"":""per""}]",,,,,,,,,,,,,,,,,,,,0,
00204061-p003,00204061,3,,,,,,,,,e-uk,1,"Oxford, Bodleian library",4209,,corporate,1602 -,http://thesaurus.cerl.org/record/cnc00013057,"[{""characterisation"":[""noc""],""dates"":""1602 -"",""externalId"":[""http://thesaurus.cerl.org/record/cnc00013057""],""name"":""Oxford, Bodleian library"",""ownerId"":4209,""professionOrType"":[""uni""],""type"":""corporate""}]",,,,,,,,,,,,,,,,,,,,1,
02000453-p001,02000453,1,,1500,15,a,l,a,,,e-it,0,,,,,,,,,,,,,,,,,Italian style decoration in gold and colours.,,,,,,,,,,1,
02000453-p002,02000453,2,1501,1600,16,a,k,a,,,e-it,0,,,,,,,,"Modern brown morocco over original wooden boards, with 16th-century Venetian blind- and gold-tooled black morocco covers pasted over, the Aldine (i.e. ivy) leaf at each corner, and a roundel at the intersection of the fillets coloured red; see De Marinis, Legatura, II no. 2119. Restaured in 1976 by F.G.P. di Paolo Ferraris, Turin. 107 x 75 x 40 mm.",t,c,e,b,c,,,,,,,,,,,,,,1,"{""tooling"":""c""}"
02000453-p003,02000453,3,1791,1870,18 | 19,a,a,a,a,"Bibliographical notes in Italian on front endleaf, probably by Cicogna; at the bottom, in a different hand 'Biblioteca Cicogna collo trenta'. Cicogna generally purchased his books from the Venetian booksellers Cesare, Canciani, Bianconi or Milesi (Spina p. 300).",e-it,1,Emmanuele Antonio Cicogna,2678,R390,person,1789-1868,http://thesaurus.cerl.org/record/cnp01369797,"[{""characterisation"":[""noc""],""dates"":""1789-1868"",""externalId"":[""http://thesaurus.cerl.org/record/cnp01369797""],""gender"":1002,""name"":""Emmanuele Antonio Cicogna"",""ownerId"":2678,""role"":""R390"",""type"":""person"",""variants"":[""Cicogna, Emmanuele Antonio "",""Cicogna, Emanuele""]}]",,,,,,,,,,,,,,,,,,,,1,
02000453-p004,02000453,4,1861,,19,a,,a,c,Cicogna bequeathed his library to the municipality of Venice in 1865; the collection was placed in the Civico Museo founded by Teodoro Correr in 1830; SPINA p. 295-6.,e-it,1,"Venezia, Biblioteca del Museo Correr",515,,corporate,1830-,,"[{""characterisation"":[""noc""],""dates"":""1830-"",""name"":""Venezia, Biblioteca del Museo Correr"",""ownerId"":515,""type"":""corporate"",""variants"":[null]}]",,,,,,,,,,,,,,,,,,,,1,
02000453-p005,02000453,5,,,,,,,,,e-it,1,"Venezia, Biblioteca del Museo Correr",,R399,corporate,,,"[{""name"":""Venezia, Biblioteca del Museo Correr"",""role"":""R399"",""type"":""corporate""}]",,,,,,,,,,,,,,,,,,,,0,
02118389-p001,02118389,1,,,,a,,,,,e-au,1,"Wien, Österreichische  Nationalbibliothek",2839,R399,corporate,,http://thesaurus.cerl.org/record/cnc00020465 | https://aeolus.bodleian.ox.ac.uk/collections/incunables/provenances_for_mei.xml#xpointer(//*[@id= | https://www.onb.ac.at/en/about-us/650th-anniversary/timeline/,"[{""characterisation"":[""noc""],""externalId"":[""http://thesaurus.cerl.org/record/cnc00020465"",""https://aeolus.bodleian.ox.ac.uk/collections/incunables/provenances_for_mei.xml#xpointer(//*[@id="",""https://www.onb.ac.at/en/about-us/650th-anniversary/timeline/""],""name"":""Wien, Österreichische  Nationalbibliothek"",""ownerId"":2839,""professionOrType"":[""lib""],""role"":""R399"",""type"":""corporate"",""variants"":[""Wien, Österreichische Nationalbibliothek"",""Vienne (Autriche), Österreichische Nationalbibliothek"",""Vienna, Hofbibliothek"",""Vienna, Bibliotheca Regia"",""Vienna, Österreichische Nationalbibliothek""]}]",,,,,,,,,,,,,,,,,,,,1,
00200576-p001,00200576,1,1490,1525,15 | 16,,l,,,,e-it,1,"Anonymous, Italy",00010351,R390,,1475-1525,,"[{""dates"":""1475-1525"",""name"":""Anonymous, Italy"",""ownerId"":""00010351"",""role"":""R390""}]",,,,,,,,,,"Esemplare con molte vignette colorate; iniziali miniate alle carte: 1, 9, 14, 20, 22, 25, 27, 32, 49, 52, 71, 105, 118, 122.",,,,,,,,,,0,"{""hasIlluminations"":""1""}"
00200576-p002,00200576,2,1701,1750,18,,k,,,,e-it,1,"Anonymous, Italy",00010410,R390,,1701-1750,,"[{""dates"":""1701-1750"",""name"":""Anonymous, Italy"",""ownerId"":""00010410"",""role"":""R390""}]",Legatura settecentesca in cuoio su cartoncino rigido; quattro nervi; tracce di due fermagli. Dorso in fase di distacco. Tagli dorati. Contropiatti in carta silografica.,,,b,b,g,129,95,30,,,,,,,,,,,0,"{""edges"":""a"",""furniture"":""1"",""gauffered"":""d"",""titling"":[""z""],""tooling"":""a"",""writingOnEdges"":""d""}"
00200576-p003,00200576,3,1811,1811,19,,o,,,Sulla prima carta di guardia è incollata l'etichetta della attuale Biblioteca indicante la provenienza Correr. Sul contropiatto anteriore è incollato un cartiglio con manoscritto a penna: '1811 | Officium B.M.V. | in Pergamena'. ,e-it,1,"Correr, Teodoro",3552,R390,person,1750 - 1830,http://thesaurus.cerl.org/record/cnp01279456,"[{""characterisation"":[""ari""],""dates"":""1750 - 1830"",""externalId"":[""http://thesaurus.cerl.org/record/cnp01279456""],""gender"":""1002"",""name"":""Correr, Teodoro"",""ownerId"":""3552"",""professionOrType"":[""scl""],""role"":""R390"",""type"":""person"",""variants"":[""Corrarius, Theodorus"",""Correr, Teodoro Maria Francesco Gasparo""]}]",,,,,,,,,,,,,,,"[{""note"":""Sul recto della prima carta di guardia precedente segnatura di collocazione: 'B. I | d | 3'.""}]",,,,,1,
00200576-p004,00200576,4,1830,,19,,h | o,,c,La raccolta di teodoro Correr ricevuta per lascito dalla città di Venezia nel 1830 divenne il nucleo fondante della Biblioteca e dei Musei Civici Veneziani.,e-it,1,"Venezia, Biblioteca del Museo Correr",3551,R399,corporate,1830 -,http://thesaurus.cerl.org/record/cnc00011837,"[{""characterisation"":[""noc""],""dates"":""1830 -"",""externalId"":[""http://thesaurus.cerl.org/record/cnc00011837""],""name"":""Venezia, Biblioteca del Museo Correr"",""ownerId"":""3551"",""professionOrType"":[""lib""],""role"":""R399"",""type"":""corporate"",""variants"":[""Biblioteca d’Arte e di Storia Veneziana"",""Biblioteca del Civico Museo Correr"",""Fondazione Musei Civici Veneziani""]}]",,,,,,,,,,,,,,,,,,,,1,
02154453-p001,02154453,1,1475,1525,15 | 16,a,m,a,,,e-it,1,"Anonymous, Italy",00010603,R020,person,1475-1525,,"[{""characterisation"":[""unk""],""dates"":""1475-1525"",""gender"":""1003"",""name"":""Anonymous, Italy"",""ownerId"":""00010603"",""professionOrType"":[""unk""],""role"":""R020"",""type"":""person""}]",,,,,,,,,,,,,,,,,,,,1,"{""msFrequency"":""b"",""msLocation"":""a""}"
02154453-p002,02154453,2,1687,1740,17 | 18,a,a,a,b,"On leaf a2r 'F. Ioseph Zammit dedit et donat'. 
Zammit had donated his library, consisting mostly but not exclusevely of medical works, to the hospital  Sacra Infermeria in Valletta.",e-mm,2,"Zammit, Giuseppe | Valletta, Sacra Infermeria of the Order of St John of Jerusalem",00039167 | 00039172,R390,person | corporate,1650-1740 | 1574-1800,,"[{""characterisation"":[""rel""],""dates"":""1650-1740"",""gender"":""1002"",""name"":""Zammit, Giuseppe"",""ownerId"":""00039167"",""professionOrType"":[""hos""],""role"":""R390"",""type"":""person""},{""characterisation"":[""rel""],""dates"":""1574-1800"",""gender"":""1003"",""name"":""Valletta, Sacra Infermeria of the Order of St John of Jerusalem"",""ownerId"":""00039172"",""professionOrType"":[""hos""],""role"":""R390"",""type"":""corporate""}]",,,,,,,,,,,,,,,,,,,1687,1,
02154453-p003,02154453,3,1797,,18,a,e | k | s,a,e,"In 1797 the  National library acquired the book collection of Professor Zammit, which came from the Sacred Infirmary of the Order.
On a paper label affixed to the rear pastdown ex libris 'Regia Bibliotheca Melitensis' (20th century) and accession mark: 46641
",e-mm,1,Biblioteca Nazionale della Valletta,00029167,R399,corporate,1555-,,"[{""characterisation"":[""unk""],""dates"":""1555-"",""gender"":""1003"",""name"":""Biblioteca Nazionale della Valletta"",""ownerId"":""00029167"",""professionOrType"":[""lib""],""role"":""R399"",""type"":""corporate"",""variants"":[""National Library of Malta"",""Bibliotheca Tanseana ; Malta Public Library; Royal Malta Library ; Regia Bibliotheca Melitensis""]}]","Binding in gilt imitation leather, detached and smooth spine with blind -stampeds decorations. On the recto of the the front flyleaf is typewritten  that the binding was rebound in May 1955.
 ",x,c,b,b,g,145,98,35,,,,,,,,,,1797,1,"{""edges"":""d"",""furniture"":""0"",""gauffered"":""d"",""titling"":[""z""],""tooling"":""a"",""writingOnEdges"":""d""}"
00560432-p001,00560432,1,,,,,,,,,,1,"Pettre, Jeanne",00019450,R390,person,active 1565,,"[{""dates"":""active 1565"",""name"":""Pettre, Jeanne"",""ownerId"":""00019450"",""role"":""R390"",""type"":""person""}]",,,,,,,,,,,,,,,,,,,,0,
00560432-p002,00560432,2,,,,,,,,,,1,"Naylor, Richard Christopher",00019451,R390,person,1814-1899,,"[{""dates"":""1814-1899"",""name"":""Naylor, Richard Christopher"",""ownerId"":""00019451"",""role"":""R390"",""type"":""person""}]",,,,,,,,,,,,,,,,,,,,0,
00560432-p003,00560432,3,,,,,,,,,,1,"Straker, Mary",00019452,R390,person,,,"[{""name"":""Straker, Mary"",""ownerId"":""00019452"",""role"":""R390"",""type"":""person""}]",,,,,,,,,,,,,,,,,,,,0,
00560432-p004,00560432,4,,,,a,,,,"On the verso of an inserted leaf at the front: 'Ces heures sont aÌ Ieanne Pettre par don que luy on a faict sa Tante Damoyselle Hilleiry de faulx, Vesue de feu Hugues des moynes A Nancy Le .7. Iuillet 1565.' Below this a memento mori (colour drawing of a skull; repeated on leaf 4b of the manuscript at end). Presented by Francis Jenkinson, February 10, 1922. Acquired by him from 'Mrs [Mary] Straker ... daughter of [Richard Christopher] Naylor, of Kelmarsh Hall, Northampton among whose things she found this book ...' (note in his hand inserted loosely). Decoration: Woodcuts hand coloured; all initials and blank line-endings illuminated. Annotations: Two additional prayers concerning St Francis on the inserted leaf, fifteenth century.",e-uk-en,1,Cambridge University Library,3463,R390,corporate,,http://thesaurus.cerl.org/record/cnc00002301,"[{""characterisation"":[""noc""],""externalId"":[""http://thesaurus.cerl.org/record/cnc00002301""],""name"":""Cambridge University Library"",""ownerId"":3463,""professionOrType"":[""lib""],""role"":""R390"",""type"":""corporate"",""variants"":[""Cambridge, University, Library"",""University Library, Cambridge"",""University of Cambridge, Cambridge University Library"",""University of Cambridge, Library"",""University of Cambridge, University Library""]}]",Eighteenth-century French gold tooled red morocco; marbled end papers; gilt edges.,,,,,,,,,,,,,,,,,,,1,
00560433-p001,00560433,1,,,,,,,,,,1,"Sandars, Samuel",00018468,R390,person,1837-1894,,"[{""dates"":""1837-1894"",""name"":""Sandars, Samuel"",""ownerId"":""00018468"",""role"":""R390"",""type"":""person""}]",,,,,,,,,,,,,,,,,,,,0,
00560433-p002,00560433,2,,,,a,,,,"Sold for Â£42 by an unidentified nineteenth-century English bookseller (slip from catalogue tipped to front free end paper). Bookplate of Samuel Sandars. Bequeathed by him, 1894.",e-uk-en,1,Cambridge University Library,3463,R390,corporate,,http://thesaurus.cerl.org/record/cnc00002301,"[{""characterisation"":[""noc""],""externalId"":[""http://thesaurus.cerl.org/record/cnc00002301""],""name"":""Cambridge University Library"",""ownerId"":3463,""professionOrType"":[""lib""],""role"":""R390"",""type"":""corporate"",""variants"":[""Cambridge, University, Library"",""University Library, Cambridge"",""University of Cambridge, Cambridge University Library"",""University of Cambridge, Library"",""University of Cambridge, University Library""]}]",Nineteenth-century (?) red velvet.,,,,,,,,,On parchment. Decoration: Initials illuminated and coloured; text ruled in red.,,,,,,,,,,1,
02015650-p001,02015650,1,1491,1550,15 | 16,a,l,a,x,,,0,,,,,,,,,,,,,,,,,Iniziali miniate dorate in inchiostro blu e rosso.,,,,,,,,,,0,"{""hasOrnamentalLetters"":""1""}"
02015650-p002,02015650,2,1750,1900,18 | 19,a,k,a,x,,e-it,0,,,,,,,,Legatura in mezza pelle con carta marmorizzata.,w,c,b,k,g,200,140,250,,,,,,,,,,,0,"{""edges"":""d"",""furniture"":""0"",""gauffered"":""d"",""titling"":[""b""],""tooling"":""d"",""writingOnEdges"":""d""}"
02015650-p003,02015650,3,1829,1849,19,a,p | s,a | g,a,"Al contropiatto anteriore: ""OP 2241"" (i volumi raccolti dall'Oppizzoni recano il suo monogramma OP seguito dal numero progressivo corrispondente a quello del suo registro degli acquisti, cioè il ""Catalogo dei libri acquistati ..."").
Il ""Catalogo de' libri acquistati dal fu monsignor Gaetano Oppizzoni"" riporta l'acquisto di questo volume in data 17 gennaio 1829.",e-it,1,"Oppizzoni, Gaetano",00015737,R390,person,1768-1849,,"[{""characterisation"":[""rel""],""dates"":""1768-1849"",""gender"":""1002"",""name"":""Oppizzoni, Gaetano"",""ownerId"":""00015737"",""professionOrType"":[""cle""],""role"":""R390"",""type"":""person""}]",,,,,,,,,,,,,,,,4,,Prezzo complessivo per l'acquisto di due opere.,,1,
02015650-p004,02015650,4,1849,1852,19,a,s,g,c,Il conte Antonio Greppi era per testamento erede universale di monsignor Gaetano Oppizzoni.,e-it,1,"Greppi, Antonio",00027333,R390,person,1790-1878,,"[{""characterisation"":[""ari""],""dates"":""1790-1878"",""gender"":""1002"",""name"":""Greppi, Antonio"",""ownerId"":""00027333"",""role"":""R390"",""type"":""person""}]",,,,,,,,,,,,,,,,,,,,1,
02015650-p005,02015650,5,1852,,19,a,h | o | s,a,b,"Il conte Antonio Greppi decise la ""cessione in uso perpetuo"" dei libri di monsignor Gaetano Oppizzoni alla Biblioteca Capitolare del Duomo di Milano; tale cessione (documentata dall’atto notarile rogato dal notaio Giuseppe Alberti e attestata dal timbro apposto per l’occasione sul volume), non in piena proprietà, voleva garantire l'integrità della raccolta nel caso di future confische. La donazione costituì il nucleo di partenza per la ricostruzione della Biblioteca Capitolare, dispersa a seguito delle soppressioni degli enti religiosi disposte dalla Repubblica Cisalpina.",e-it,1,"Milano, Biblioteca del Capitolo Metropolitano",00015742,R399,corporate,701-,,"[{""characterisation"":[""rel""],""dates"":""701-"",""gender"":""1003"",""name"":""Milano, Biblioteca del Capitolo Metropolitano"",""ownerId"":""00015742"",""professionOrType"":[""lib""],""role"":""R399"",""type"":""corporate""}]",,,,,,,,,,,,,,"A c. a2r, timbro circolare in inchiostro nero recante lo stemma della famiglia Oppizzoni (troncato, nel 1° d'oro all'aquila di nero coronata del campo; nel 2° d'argento a tre palle di rosso, 2 e 1; lo scudo è accollato all'aquila bicipite imperiale) con legenda nella corona esterna: BIB. OPPIZZONI. CAP. METROPOL. MILANO.",,,,,,1,
02125063-p001,02125063,1,1450,1550,15 | 16,a,l,a,,,e-fr,1,"Anonymous illuminator, France",00023766,R430,person,1450-1550,,"[{""characterisation"":[""noc""],""dates"":""1450-1550"",""gender"":""1003"",""name"":""Anonymous illuminator, France"",""ownerId"":""00023766"",""professionOrType"":[""art""],""role"":""R430"",""type"":""person""}]",,,,,,,,,,"circle of Jean Pichore (C. ZÖHL, Jean Pichore: Buchmaler, Graphiker und Verleger in Paris um 1500, Turnhout 2004).
Texts within uncoloured woodcut borders decorated with beasts, birds, flowers and leaves. Ornamental and historiated uncoloured woodcut initials.
 b.1r: illumination representing St. John the Evangelist writing his Gospel under the firm glance of the eagle, sitting in a green landscape, within an architectural frame with two columns;c.1r: illumination representing the Annunciation  within an architectural frame with three columns; c.8v: illumination representing the  Visitation within a gold architectural frame with columns; d.5v: illumination representing the Crucifixion  within a frame; d7v: illumination representing the Nativity within a gold architectural frame with columns
e.1v: illumination representing the Annunciation to the Shepherds within a gold architectural frame with columns; e.3r: illumination representing the Epiphany within a gold architectural frame with columns; e.4v: : illumination representing the Presentation to the Temple within a gold architectural frame with columns; e.6v: illumination representing the flight into Egypt, within a gold architectural frame with columns; f.1r: illumination representing the Coronation of the Virgin within a gold architectural frame with columns; f7v: illumination representing David penitent with the psalter kneeling on the landscape and an angel within a gold architectural frame with columns; h1r: illumination representing three skeletons dancing  in the landscape within a gold architectural frame with columns; i6v: uncoloured woodcut representing the Trinity within a decorated frame.
",,,,,,,,,,0,"{""hasIlluminations"":""1"",""hasIllustrationsByHand"":""1"",""hasIllustrationsStamped"":""1"",""hasOrnamentalLetters"":""1""}"
02125063-p002,02125063,2,1701,1800,18,a,k,a,x,,e,1,Anonymous binder,00023170,,person,1701-1800,,"[{""characterisation"":[""unk""],""dates"":""1701-1800"",""gender"":""1002"",""name"":""Anonymous binder"",""ownerId"":""00023170"",""professionOrType"":[""bkt""],""type"":""person""}]",,v,c,b,b,g,193,131,29,,,,,,,,,,,0,"{""edges"":""b"",""furniture"":""0"",""gauffered"":""d"",""titling"":[""b""],""tooling"":""b"",""writingOnEdges"":""d""}"
02125063-p003,02125063,3,1701,1800,18,a,m,a,x,,e-fr,1,"anonymous, France (1701-1800)",00023799,R020,person,1701-1800,,"[{""characterisation"":[""noc""],""dates"":""1701-1800"",""gender"":""1003"",""name"":""anonymous, France (1701-1800)"",""ownerId"":""00023799"",""professionOrType"":[""unk""],""role"":""R020"",""type"":""person""}]",,,,,,,,,,,,,"three hands, comments in French (.e.g: faict par mois)",,,,,,,0,"{""hasMsComments"":""1"",""hasMsLectureNotes"":""1"",""hasMsSupplements"":""1"",""hasPersonalNotes"":""1"",""msFrequency"":""b"",""msLocation"":""c""}"
02125063-p004,02125063,4,1758,1824,18 | 19,a,m,a,x,,e-uk-en,1,"Hawkins, John Sidney",00023802,R160,person,1758-1842,,"[{""characterisation"":[""noc""],""dates"":""1758-1842"",""gender"":""1002"",""name"":""Hawkins, John Sidney"",""ownerId"":""00023802"",""professionOrType"":[""bkt""],""role"":""R160"",""type"":""person""}]",,,,,,,,,,,,,"""ex libris J.S. Hawkins""",,,,,,,0,"{""hasPersonalNotes"":""1"",""msFrequency"":""a"",""msLocation"":""a""}"
02125063-p005,02125063,5,1801,1900,19,a,m,a,x,,e,1,Anonymous bookseller (1801-1900),00023803,R160,person,1801-1900,,"[{""characterisation"":[""noc""],""dates"":""1801-1900"",""gender"":""1003"",""name"":""Anonymous bookseller (1801-1900)"",""ownerId"":""00023803"",""professionOrType"":[""bkt""],""role"":""R160"",""type"":""person""}]",,,,,,,,,,,,,,,,,,,,0,"{""hasPersonalNotes"":""1"",""msFrequency"":""a"",""msLocation"":""a""}"
02125063-p006,02125063,6,1824,1873,19,a,m,a,x,,e-uk-en,1,"Tite, William, Sir",00019729,R390,person,1798-1873,https://doi.org/10.1093/ref:odnb/27479 | https://lccn.loc.gov/n88101280,"[{""characterisation"":[""noc""],""dates"":""1798-1873"",""externalId"":[""https://doi.org/10.1093/ref:odnb/27479"",""https://lccn.loc.gov/n88101280""],""gender"":""1002"",""name"":""Tite, William, Sir"",""ownerId"":""00019729"",""professionOrType"":[""art""],""role"":""R390"",""type"":""person""}]",,,,,,,,,,,,,"""ex libris W. Tite""",,,,,,,1,"{""hasPersonalNotes"":""1"",""msFrequency"":""a"",""msLocation"":""a""}"
02125063-p007,02125063,7,1870,1935,19 | 20,a,e,a,x,,n-us-ny,1,"Bishop, Cortlandt F.",00021107,R390,person,1870-1935,https://en.wikipedia.org/wiki/Cortlandt_F._Bishop | https://lccn.loc.gov/n85239145,"[{""characterisation"":[""noc""],""dates"":""1870-1935"",""externalId"":[""https://en.wikipedia.org/wiki/Cortlandt_F._Bishop"",""https://lccn.loc.gov/n85239145""],""gender"":""1002"",""name"":""Bishop, Cortlandt F. "",""ownerId"":""00021107"",""professionOrType"":[""bus""],""role"":""R390"",""type"":""person"",""variants"":[""Bishop, Cortlandt Field"",""Bishop, Cortland F."",""Bishop, Courtland F.""]}]",,,,,,,,,,,,,,,,,,,,1,
02125063-p008,02125063,8,1886,1970,19 | 20,a,a | s,a,x,,n-us,1,"Beinecke, Edwin J.",00023743,R390,person,1886-1970,,"[{""characterisation"":[""noc""],""dates"":""1886-1970"",""gender"":""1002"",""name"":""Beinecke, Edwin J."",""ownerId"":""00023743"",""professionOrType"":[""bus""],""role"":""R390"",""type"":""person""}]",,,,,,,,,,,,,,,,,,,,1,
02125063-p009,02125063,9,1945,1963,20,a,h | s,a,b,,,1,Yale University. Library,00019286,R390,corporate,,,"[{""name"":""Yale University. Library"",""ownerId"":""00019286"",""professionOrType"":[""unk""],""role"":""R390"",""type"":""corporate"",""variants"":[""Yale University Library""]}]",,,,,,,,,,,,,,Yale University Library (with motto: lux et veritas),,,,,,0,
02125063-p010,02125063,10,1963,,20,a,h | s,a,e,,n-us-ct,1,Beinecke Rare Book & Manuscript Library,00015289,R399,corporate,,,"[{""characterisation"":[""noc""],""name"":""Beinecke Rare Book & Manuscript Library"",""ownerId"":""00015289"",""professionOrType"":[""lib""],""role"":""R399"",""type"":""corporate""}]",,,,,,,,,,,,,,,,,,,,1,
00203573-p001,00203573,1,1401,1600,15 | 16,,,,,Provenance: Petrus Rodolphi (fifteenth/sixteenth century); his name in an early hand on front endleaf: 'Petrus Rodolphi presbiter'.,,1,"Rodolphi, Petrus (fifteenth/sixteenth century)",00014054,,per,,"https://aeolus.bodleian.ox.ac.uk/collections/incunables/provenances_for_mei.xml#xpointer(//*[@id=""3089""])","[{""externalId"":[""https://aeolus.bodleian.ox.ac.uk/collections/incunables/provenances_for_mei.xml#xpointer(//*[@id=\""3089\""])""],""name"":""Rodolphi, Petrus (fifteenth/sixteenth century)"",""note"":""priest."",""ownerId"":""00014054"",""type"":""per""}]",,,,,,,,,,,,,,,,,,,,0,
00203573-p002,00203573,2,1601,1800,17 | 18,,,,,"Richard Rawlinson (1690-1755); armorial book-plate: see Howe, Book Plates, 24628.",,1,"Rawlinson, Richard (1690-1755)",00013955,,per,1690 - 1755,https://aeolus.bodleian.ox.ac.uk/collections/incunables/provenances_for_mei.xml#xpointer(//*[@id= | http://thesaurus.cerl.org/record/cnp00403572 | https://bookowners.online/Richard_Rawlinson_1690-1755,"[{""dates"":""1690 - 1755"",""externalId"":[""https://aeolus.bodleian.ox.ac.uk/collections/incunables/provenances_for_mei.xml#xpointer(//*[@id="",""http://thesaurus.cerl.org/record/cnp00403572"",""https://bookowners.online/Richard_Rawlinson_1690-1755""],""name"":""Rawlinson, Richard (1690-1755)"",""note"":""nonjuring bishop; made numerous donations in his lifetime and bequeathed to the Bodleian Library his manuscripts and those printed books which contained manuscript notes; Rawlinson's books include some owned by Thomas Hearne, who bequeathed all his manuscripts and printed books with manuscript notes to William Bedford, from whose widow Rawlinson bought them; see Macray 231-51, Stanley Gillam, `Thomas Hearne's Library', BLR 12 (1985), 52-64, at 60-1; William Younger Fletcher, `The Rawlinsons and their Collections', Transactions of the Bibliographical Society, 5 (1899), 67-86; Georgian Rawlinson Tashjian, David R. Tashjian, and Brian J. Enright, Richard Rawlinson: A Tercentenary Memorial (Kalamazoo, Mich., 1990); DNB; B. J. Enright `Rawlinson and the Chandlers', BLR 4 (1953), 216-17, repr. with modifications in Tashjian, Tashjian, and Enright, 121-32; idem, `Richard Rawlinson Collector, Antiquary, and Topographer', unpublished D.Phil. thesis, University of Oxford, 1956; idem, `“I Collect and I Preserve”: Richard Rawlinson 1690-1755 and Eighteenth-century Book Collecting. Portrait of a Bibliophile XXVIII', Book Collector, 39 (1990), 27-54, repr. in The Pleasures of Bibliophily: Fifty Years of `The Book Collector' (London, 2003), 205-23; Robert A. Shaddy, `Thomas Rawlinson (1681-1725) and Richard Rawlinson (1690-1755)', in Pre-Nineteenth-century British Book- collectors and Bibliographers, ed. William Baker and Kenneth Womack, DLB 213 (Detroit, Washington DC, and London, 1999), 288-96; SC III 177-8."",""ownerId"":""00013955"",""type"":""per"",""variants"":[""Rawlinson, Richard""]}]",,,,,,,,,,,,,,,,,,,,0,
00203573-p003,00203573,3,1701,1800,18,,,,,Edward Betham (1707-1783).,,1,"Betham, Edward (1707-1783)",00011453,,per,1707 - 1783,https://aeolus.bodleian.ox.ac.uk/collections/incunables/provenances_for_mei.xml#xpointer(//*[@id=,"[{""dates"":""1707 - 1783"",""externalId"":[""https://aeolus.bodleian.ox.ac.uk/collections/incunables/provenances_for_mei.xml#xpointer(//*[@id=""],""name"":""Betham, Edward (1707-1783)"",""note"":""Fellow of King's College, Cambridge; see DNB."",""ownerId"":""00011453"",""type"":""per""}]",,,,,,,,,,,,,,,,,,,,0,
00203573-p004,00203573,4,1701,1900,18 | 19,,,,,Richard Gough (1735-1809); inscription on front pastedown: 'R. G. e libris Ed. Betham 1784'.,,1,"Gough, Richard (1735-1809)",00012517,,per,1735 - 1809,"https://aeolus.bodleian.ox.ac.uk/collections/incunables/provenances_for_mei.xml#xpointer(//*[@id=""1489""])","[{""dates"":""1735 - 1809"",""externalId"":[""https://aeolus.bodleian.ox.ac.uk/collections/incunables/provenances_for_mei.xml#xpointer(//*[@id=\""1489\""])""],""name"":""Gough, Richard (1735-1809)"",""note"":""bequeathed to the Bodleian Library large sections of his collections, including the pre-Reformation service books, which are of particular note here; A Catalogue of Books Relating to British Topography and Saxon and Northern Literature Bequeathed to the Bodleian Library... by Richard Gough (Oxford, 1814); DNB; Macray 285-90; Craster 79; I. G.Philip, `The Bodleian Library', in Nineteenth-Century Oxford, Part I, ed. M. G. Brock and M. C. Curthoys, The History of the University of Oxford, 6 (Oxford, 1997), 585-97, at 591-2; Rosemary Sweet, Antiquaries: The Discovery of the Past in Eighteenth-century Britain (London and New York, 2004), ad indicem."",""ownerId"":""00012517"",""type"":""per"",""variants"":[""Gough, Richard""]}]",,,,,,,,,,,,,,,,,,,,0,
00203573-p005,00203573,5,,,,,,,,,e-uk,1,"Oxford, Bodleian library",4209,,corporate,1602 -,http://thesaurus.cerl.org/record/cnc00013057,"[{""characterisation"":[""noc""],""dates"":""1602 -"",""externalId"":[""http://thesaurus.cerl.org/record/cnc00013057""],""name"":""Oxford, Bodleian library"",""ownerId"":4209,""professionOrType"":[""uni""],""type"":""corporate""}]",,,,,,,,,,,,,,,,,,,,1,
00211923-p001,00211923,1,1601,1800,17 | 18,,,,,"Provenance: Richard Rawlinson (1690-1755); engraving on front pastedown: 'Sigillum Universitatis Oxoniensis diplomati Ric. Rawlinson, pro gradu Doctoris Legum appensum'.",,1,"Rawlinson, Richard (1690-1755)",00013955,,per,1690 - 1755,https://aeolus.bodleian.ox.ac.uk/collections/incunables/provenances_for_mei.xml#xpointer(//*[@id= | http://thesaurus.cerl.org/record/cnp00403572 | https://bookowners.online/Richard_Rawlinson_1690-1755,"[{""dates"":""1690 - 1755"",""externalId"":[""https://aeolus.bodleian.ox.ac.uk/collections/incunables/provenances_for_mei.xml#xpointer(//*[@id="",""http://thesaurus.cerl.org/record/cnp00403572"",""https://bookowners.online/Richard_Rawlinson_1690-1755""],""name"":""Rawlinson, Richard (1690-1755)"",""note"":""nonjuring bishop; made numerous donations in his lifetime and bequeathed to the Bodleian Library his manuscripts and those printed books which contained manuscript notes; Rawlinson's books include some owned by Thomas Hearne, who bequeathed all his manuscripts and printed books with manuscript notes to William Bedford, from whose widow Rawlinson bought them; see Macray 231-51, Stanley Gillam, `Thomas Hearne's Library', BLR 12 (1985), 52-64, at 60-1; William Younger Fletcher, `The Rawlinsons and their Collections', Transactions of the Bibliographical Society, 5 (1899), 67-86; Georgian Rawlinson Tashjian, David R. Tashjian, and Brian J. Enright, Richard Rawlinson: A Tercentenary Memorial (Kalamazoo, Mich., 1990); DNB; B. J. Enright `Rawlinson and the Chandlers', BLR 4 (1953), 216-17, repr. with modifications in Tashjian, Tashjian, and Enright, 121-32; idem, `Richard Rawlinson Collector, Antiquary, and Topographer', unpublished D.Phil. thesis, University of Oxford, 1956; idem, `“I Collect and I Preserve”: Richard Rawlinson 1690-1755 and Eighteenth-century Book Collecting. Portrait of a Bibliophile XXVIII', Book Collector, 39 (1990), 27-54, repr. in The Pleasures of Bibliophily: Fifty Years of `The Book Collector' (London, 2003), 205-23; Robert A. Shaddy, `Thomas Rawlinson (1681-1725) and Richard Rawlinson (1690-1755)', in Pre-Nineteenth-century British Book- collectors and Bibliographers, ed. William Baker and Kenneth Womack, DLB 213 (Detroit, Washington DC, and London, 1999), 288-96; SC III 177-8."",""ownerId"":""00013955"",""type"":""per"",""variants"":[""Rawlinson, Richard""]}]",,,,,,,,,,,,,,,,,,,,0,
00211923-p002,00211923,2,,,,,,,,,e-uk,1,"Oxford, Bodleian library",4209,,corporate,1602 -,http://thesaurus.cerl.org/record/cnc00013057,"[{""characterisation"":[""noc""],""dates"":""1602 -"",""externalId"":[""http://thesaurus.cerl.org/record/cnc00013057""],""name"":""Oxford, Bodleian library"",""ownerId"":4209,""professionOrType"":[""uni""],""type"":""corporate""}]",,,,,,,,,,,,,,,,,,,,1,
00211922-p001,00211922,1,1601,1800,17 | 18,,,,,Provenance: Richard Rawlinson (1690-1755).,,1,"Rawlinson, Richard (1690-1755)",00013955,,per,1690 - 1755,https://aeolus.bodleian.ox.ac.uk/collections/incunables/provenances_for_mei.xml#xpointer(//*[@id= | http://thesaurus.cerl.org/record/cnp00403572 | https://bookowners.online/Richard_Rawlinson_1690-1755,"[{""dates"":""1690 - 1755"",""externalId"":[""https://aeolus.bodleian.ox.ac.uk/collections/incunables/provenances_for_mei.xml#xpointer(//*[@id="",""http://thesaurus.cerl.org/record/cnp00403572"",""https://bookowners.online/Richard_Rawlinson_1690-1755""],""name"":""Rawlinson, Richard (1690-1755)"",""note"":""nonjuring bishop; made numerous donations in his lifetime and bequeathed to the Bodleian Library his manuscripts and those printed books which contained manuscript notes; Rawlinson's books include some owned by Thomas Hearne, who bequeathed all his manuscripts and printed books with manuscript notes to William Bedford, from whose widow Rawlinson bought them; see Macray 231-51, Stanley Gillam, `Thomas Hearne's Library', BLR 12 (1985), 52-64, at 60-1; William Younger Fletcher, `The Rawlinsons and their Collections', Transactions of the Bibliographical Society, 5 (1899), 67-86; Georgian Rawlinson Tashjian, David R. Tashjian, and Brian J. Enright, Richard Rawlinson: A Tercentenary Memorial (Kalamazoo, Mich., 1990); DNB; B. J. Enright `Rawlinson and the Chandlers', BLR 4 (1953), 216-17, repr. with modifications in Tashjian, Tashjian, and Enright, 121-32; idem, `Richard Rawlinson Collector, Antiquary, and Topographer', unpublished D.Phil. thesis, University of Oxford, 1956; idem, `“I Collect and I Preserve”: Richard Rawlinson 1690-1755 and Eighteenth-century Book Collecting. Portrait of a Bibliophile XXVIII', Book Collector, 39 (1990), 27-54, repr. in The Pleasures of Bibliophily: Fifty Years of `The Book Collector' (London, 2003), 205-23; Robert A. Shaddy, `Thomas Rawlinson (1681-1725) and Richard Rawlinson (1690-1755)', in Pre-Nineteenth-century British Book- collectors and Bibliographers, ed. William Baker and Kenneth Womack, DLB 213 (Detroit, Washington DC, and London, 1999), 288-96; SC III 177-8."",""ownerId"":""00013955"",""type"":""per"",""variants"":[""Rawlinson, Richard""]}]",,,,,,,,,,,,,,,,,,,,0,
00211922-p002,00211922,2,,,,,,,,,e-uk,1,"Oxford, Bodleian library",4209,,corporate,1602 -,http://thesaurus.cerl.org/record/cnc00013057,"[{""characterisation"":[""noc""],""dates"":""1602 -"",""externalId"":[""http://thesaurus.cerl.org/record/cnc00013057""],""name"":""Oxford, Bodleian library"",""ownerId"":4209,""professionOrType"":[""uni""],""type"":""corporate""}]",,,,,,,,,,,,,,,,,,,,1,
00200226-p001,00200226,1,1600,1642,16 | 17,,a,,,"Il libro fu donato da Bacchini a Simone Preti nel 1642, cfr. blocco successivo. ",e-it,1,"Bacchini, Francesco",00010036,R320,person,16?,,"[{""dates"":""16?"",""gender"":1002,""name"":""Bacchini, Francesco"",""ownerId"":""00010036"",""role"":""R320"",""type"":""person"",""variants"":[""Bacchini, Franco""]}]",,,,,,,,,,,,,,,,,,,1642,0,
00200226-p002,00200226,2,,1600,15 | 16,,a,,b,"Sull'ultimo foglio, s4v, in inchiostro marrone, si legge l'iscrizione: 'Questo libro è di me Simone Preti, il qual mi fu donato da Messer Fran(ces)co Bacchini. Anno Domini MDC42 | Questo libro è di me Simone Preti il qual mi fu donato da M. Fran(ces)co Bacchini. Anno domini MDC42'. ",e-it,1,"Petri, Simone",00010037,,person,16?,,"[{""dates"":""16?"",""gender"":1002,""name"":""Petri, Simone"",""ownerId"":""00010037"",""type"":""person"",""variants"":[""Preti, Simone""]}]",,,,,,,,,,,,,,,,,,,1642,0,
00200226-p003,00200226,3,1700,1800,17 | 18,,a,,,"Sull'ultimo foglio s4v, in inchiostro nero, Pannoncini inframezza l'iscrizione di Preti 'Questo libro è di me ...' scrivendo 'anche di me' a metà della pagina, e poi il suo nome 'Pannoncini Gaetano', con lo stesso inchiostro, sul margine inferiore. ",e-it,1,"Pannoncini, Gaetano",00010038,R390,person,17?-18?,,"[{""characterisation"":[""unk""],""dates"":""17?-18?"",""gender"":1002,""name"":""Pannoncini, Gaetano"",""ownerId"":""00010038"",""professionOrType"":[""unk""],""role"":""R390"",""type"":""person""}]",,,,,,,,,,,,,,,,,,,,0,
00200226-p004,00200226,4,1860,1910,19 | 20,,k,,x,,e-fr,1,"Essling, Victor Masséna, duca di Rivoli, principe d'",,R390,person,1836-1910,,"[{""characterisation"":[""ari""],""dates"":""1836-1910"",""gender"":1002,""name"":""Essling, Victor Masséna, duca di Rivoli, principe d'"",""professionOrType"":[""scl""],""role"":""R390"",""type"":""person""}]","Legatura in tutta pelle, probabilmente di ad opera di Lortic. Contropiatti e guardie in carta pavonata; tagli dorati. Sul dorso titolo, luogo e data di stampa impressi in oro sulla spina, insieme al monogramma VM. Ex libris di Essling ('Victor et fidelis' tra due leoni rampanti) impresso sui due piatti anteriore e posteriore.  ",x,c,b,b,g,146,102,30,,,,,,,,,,1890-1900,1,"{""edges"":""a"",""furniture"":0,""gauffered"":""d"",""titling"":[""b""],""tooling"":""b"",""writingOnEdges"":""d""}"
00200226-p005,00200226,5,1939,1977,20,,n,,,,e-it,1,"Cini, Vittorio",139,R390,person,1885,,"[{""characterisation"":[""ari""],""dates"":1885,""gender"":1002,""name"":""Cini, Vittorio"",""note"":1977,""ownerId"":139,""professionOrType"":[""pol""],""role"":""R390"",""type"":""person""}]",,,,,,,,,,,,,,,,,,,,1,
02018645-p001,02018645,1,1625,1642,17,a,a,a,x,"Alla c. s4v sono presenti due note manoscritte, vergate dalla medesima mano (la prima con ductus più regolare), che recitano le medesime parole: 'Questo libro è di me Simone Preti il qual mi fu donato da mr. Fran.co Bacchini anno domini MDC42'. Esse attestano la donazione del volume al possessore seguente (v.).",e-it,1,"Bacchini, Francesco",00017328,R390,person,1625-1660,,"[{""characterisation"":[""unk""],""dates"":""1625-1660"",""gender"":1002,""name"":""Bacchini, Francesco"",""ownerId"":""00017328"",""professionOrType"":[""unk""],""role"":""R390"",""type"":""person""}]",,,,,,,,,,,,,,,,,,,1642,0,
02018645-p002,02018645,2,1642,1670,17,a,a,a,b,Vedi provenienza precedente.,e-it,1,"Preti, Simone",00017329,R390,person,1630-1670,,"[{""characterisation"":[""unk""],""dates"":""1630-1670"",""gender"":1002,""name"":""Preti, Simone"",""ownerId"":""00017329"",""professionOrType"":[""unk""],""role"":""R390"",""type"":""person""}]",,,,,,,,,,,,,,,,,,,1642,0,
02018645-p003,02018645,3,1820,1850,19,a,a,a,x,"Alla c. s4v, dove già è presente l'altra duplice nota di possesso (v. provenienze precedenti), si trovano le scritte, vergate dalla medesima elegante mano, 'anche di me' e, nel margine inferiore, 'Pannoncini Gaetano'.",e-it,1,"Pannoncini, Gaetano",00017330,R390,person,1800-1850,,"[{""characterisation"":[""unk""],""dates"":""1800-1850"",""gender"":1002,""name"":""Pannoncini, Gaetano"",""ownerId"":""00017330"",""professionOrType"":[""unk""],""role"":""R390"",""type"":""person""}]",,,,,,,,,,,,,,,,,,,,0,
02018645-p004,02018645,4,1850,1930,19 | 20,a,d | k,a,x,,e-fr,2,"Essling, Victor Masséna, Duc de Rivoli e Prince D' | Lortic, Pierre-Marcelin",00010040 | 3793,R390 | R110,person,1836-1910 | 1822 - 1892,http://thesaurus.cerl.org/record/cnp01398911,"[{""characterisation"":[""ari""],""dates"":""1836-1910"",""gender"":1002,""name"":""Essling, Victor Masséna, Duc de Rivoli e Prince D'"",""ownerId"":""00010040"",""professionOrType"":[""acd"",""scl""],""role"":""R390"",""type"":""person"",""variants"":[""Essling, Victor Massena, Duc de Rivoli e Prince D'""]},{""characterisation"":[""noc""],""dates"":""1822 - 1892"",""externalId"":[""http://thesaurus.cerl.org/record/cnp01398911""],""gender"":1002,""name"":""Lortic, Pierre-Marcelin"",""ownerId"":3793,""professionOrType"":[""bkt""],""role"":""R110"",""type"":""person"",""variants"":[""Lortic, Pierre-Marcellin""]}]","Legatura in marocchino di colore nocciola chiaro, contropiatti e guardie in carta pavonata; tagli dorati. Sui piatti, stemma araldico del Principe d'Essling, impresso in oro, con motto 'Victor et fidelis'. Sul dorso titolo, luogo e data di pubblicazione impressi in oro alternati al monogramma VM (Victor Masséna); unghiatura con decorazioni dorate. Legatura M. Lortic (come impresso in oro in basso nel contropiatto anteriore). All'angolo superiore sinistro del verso del foglio di guardia anteriore, numero manoscritto a inchiostro blu/viola: '2680', probabile numero d'ingresso nella biblioteca Essling.",w,c,b,b,g,148,102,30,,,,,,,,,,,1,"{""edges"":""a"",""furniture"":0,""gauffered"":""d"",""titling"":[""b""],""tooling"":""b"",""writingOnEdges"":""d""}"
02018645-p005,02018645,5,1939,1960,20,a,o,a,a,"Nel 1939 Vittorio Cini comprò, su consiglio di Tammaro de Marinis, una larga parte della biblioteca Essling, con particolare riguardo per i libri veneziani e illustrati.",e-it,1,"Cini, Vittorio",139,R390,person,1885-1977,,"[{""characterisation"":[""ari""],""dates"":""1885-1977"",""gender"":1002,""name"":""Cini, Vittorio"",""ownerId"":139,""professionOrType"":[""bus""],""role"":""R390"",""type"":""person""}]",,,,,,,,,,,,,,,,6000,Lira,"Sul recto del foglio di guardia posteriore è segnato a matita '₤ 6000', prezzo verosimilmente legato all'acquisto operato da Vittorio Cini, giacché il passaggio successivo, al possessore attuale, avvenne tramite donazione.",,1,
02018645-p006,02018645,6,1961,,20,a,o,a,b,,e-it,1,"Venezia, Fondazione Giorgio Cini",138,R399,corporate,1951,,"[{""characterisation"":[""noc""],""dates"":1951,""name"":""Venezia, Fondazione Giorgio Cini"",""ownerId"":138,""professionOrType"":[""acd""],""role"":""R399"",""type"":""corporate""}]",,,,,,,,,,,,,,,,,,,,1,
02011381-p001,02011381,1,,1600,15 | 16,,,a,,,,0,,,,,,,,,,,,,,,,,Capitals and line fillers illuminated.,,,"Date in colophon [80a] ""iiii. xx et"" (following 'centz') has been partly erased and amended in ms to ""et xxx""",,,,,,,0,"{""hasIlluminations"":""true"",""hasMsCompletions"":""true"",""msFrequency"":""a""}"
02011381-p002,02011381,2,1871,1900,19,,a,abc,,"Ms inscription ""William Hughes Willshire, M.D. 1876"" on front flyleaf.",,1,"Willshire, William Hughes",3520,R390,person,1816 - 1899,http://thesaurus.cerl.org/record/cnp01447933,"[{""characterisation"":[""noc""],""dates"":""1816 - 1899"",""externalId"":[""http://thesaurus.cerl.org/record/cnp01447933""],""gender"":1002,""name"":""Willshire, William Hughes"",""ownerId"":3520,""role"":""R390"",""type"":""person"",""typeOrProfession"":[""phy""]}]",,,,,,,,,,,,,,,,,,,,0,
02011381-p003,02011381,3,1891,,19,,e,abc,,"Bookplate: ""Willshire bequest, 1899"" on front pastedown.",,1,Guildhall library <Londres>,3485,,corporate,1425 - 9999,http://thesaurus.cerl.org/record/cnc00013895,"[{""characterisation"":[""noc""],""dates"":""1425 - 9999"",""externalId"":[""http://thesaurus.cerl.org/record/cnc00013895""],""name"":""Guildhall library <Londres>"",""ownerId"":3485,""type"":""corporate"",""typeOrProfession"":[""lib""],""variants"":[""London, Guildhall library"",""Londres (GB), Guildhall library""]}]",,x,c,b,,,,,,,,,,,,,,,,1,"{""titling"":[""b""]}"
02011381-p004,02011381,4,,,,,,,,,,1,"London, Guildhall Library",,R399,corporate,,,"[{""name"":""London, Guildhall Library"",""role"":""R399"",""type"":""corporate""}]",,,,,,,,,,,,,,,,,,,,0,
02013677-p001,02013677,1,1926,1953,20,a,e,a | c,,Given to Princeton by Mrs. Reed shortly after David Reed's death.,n-us-pa,1,"Reed, David Aiken",4416,R390,person,1880 - 1953,http://thesaurus.cerl.org/record/cnp01882195,"[{""characterisation"":[""noc""],""dates"":""1880 - 1953"",""externalId"":[""http://thesaurus.cerl.org/record/cnp01882195""],""gender"":1002,""name"":""Reed, David Aiken"",""ownerId"":4416,""professionOrType"":[""pol""],""role"":""R390"",""type"":""person""}]",,,,,,,,,,,,,,,,,,,,1,
02013677-p002,02013677,2,1953,,20,a,e,a | c,b,"Gift of Mrs. Reed, 1953.",n-us-nj,1,Princeton University Library,3530,R399,corporate,1750-,http://thesaurus.cerl.org/record/cnc00019995 | http://library.princeton.edu/about/history,"[{""characterisation"":[""noc""],""dates"":""1750-"",""externalId"":[""http://thesaurus.cerl.org/record/cnc00019995"",""http://library.princeton.edu/about/history""],""name"":""Princeton University Library"",""ownerId"":3530,""professionOrType"":[""uni""],""role"":""R399"",""type"":""corporate""}]",,,,,,,,,,,,,,,,,,,,1,
00202346-p001,00202346,1,,,,b,l | m,b,,,,0,,,,,,,,,,,,,,,,,Iniziali in rosso e blu,,,Note ms.,,,,,,,0,
00202346-p002,00202346,2,1530,1530,16,b,a,b,,,e-it,1,"Usberti, Giuseppe",00010982,R390,person,1530,,"[{""characterisation"":[""unk""],""dates"":1530,""gender"":1002,""name"":""Usberti, Giuseppe"",""ownerId"":""00010982"",""professionOrType"":[""unk""],""role"":""R390"",""type"":""person""}]",,,,,,,,,,,,,,,,,,,1 maggio 1530,0,
00202346-p003,00202346,3,,,,b,a,b,,,e-it,1,"Cani, Bernardino",00010983,R390,person,,,"[{""characterisation"":[""unk""],""gender"":1002,""name"":""Cani, Bernardino"",""ownerId"":""00010983"",""professionOrType"":[""unk""],""role"":""R390"",""type"":""person""}]",,,,,,,,,,,,,,,,,,,,0,
00202346-p004,00202346,4,,,,b,a,b,,,e-it,1,"Bacchella, Cristoforo, presbitero",00010984,R390,person,,,"[{""characterisation"":[""rel""],""gender"":1002,""name"":""Bacchella, Cristoforo, presbitero"",""ownerId"":""00010984"",""professionOrType"":[""cle""],""role"":""R390"",""type"":""person""}]",,,,,,,,,,,,,,,,,,,,0,
00202346-p005,00202346,5,,,,b,k,b,,,,0,,,,,,,,Legatura esposta in Federici-Macchi 2014; riprodotta in Macchi 2015; censita in CLEM,,c,,g,g,,,,,,,,,"[{""note"":""I.F.28""}]",,,,,0,
02000343-p001,02000343,1,,1600,15 | 16,a,a,a,,,e-it,0,,,,,,,,,,,,,,,,,,,,"Una correzione interlineare al foglio i5r in mano coeva, o primo cinquecentesca, inchiostro marrone.",,,,,,,0,"{""msFrequency"":""a""}"
02000343-p002,02000343,2,1801,1900,19,a,,,a,,e-it,2,"Sotheby, Wilkinson & Hodge",2287,R390 | R160,person | corporate,,,"[{""gender"":1003,""note"":""Collezionista italiano, morto entro il 1901"",""ownerId"":2287,""role"":""R390"",""type"":""person""},{""characterisation"":[""noc""],""name"":""Sotheby, Wilkinson & Hodge"",""note"":""Vendita Londra, 17 luglio 1901, lotto 456 "",""ownerId"":2287,""role"":""R160"",""type"":""corporate"",""variants"":[null]}]",Legatura del 19 secolo a riproduzione di ferri italiani del 15 secolo; doublures in oro; controguardie marmorizzate; tagli dorati; di Joly R.D. 134 x 99 x 28 mm.,w,c,b,b,g,,,,,,,,,,,,,,0,"{""edges"":""a"",""furniture"":0,""gauffered"":""d"",""tooling"":""c"",""writingOnEdges"":""d""}"
02000343-p003,02000343,3,1901,2000,20,a,,e,,"Secondo Book-prices Current, 15, 1901, no. 6594 il volume fu acquistato all'asta di Sotheby da Rossi per £395.",e-it,1,Luigi Rossi,141,R390,person,1826-1906,,"[{""characterisation"":[""rel""],""dates"":""1826-1906"",""gender"":1002,""name"":""Luigi Rossi"",""note"":""di Novellara di Reggio Emilia. Prete nel 1846; Assistente bibliotecario Modena Biblioteca Universitaria 1859-86, poi alla Bibl. Estense fino al 1889, poi alla Bibl. Palatina di Parma fino al 1893; Frati p. 503 "",""ownerId"":141,""role"":""R390"",""type"":""person"",""variants"":[""Rossi, Luigi ""]}]",,,,,,,,,,,,,,,,395,UK £,,,0,
02000343-p004,02000343,4,1878,1969,19 | 20,a,e,,,Etichetta rettangolare con il nome impresso a stampa.,e-it,1,"De Marinis, Tammaro",2325,R390,person,1878-1969,http://thesaurus.cerl.org/record/cnc00026139,"[{""characterisation"":[""noc""],""dates"":""1878-1969"",""externalId"":["" http://thesaurus.cerl.org/record/cnc00026139""],""gender"":1002,""name"":""De Marinis, Tammaro "",""ownerId"":2325,""professionOrType"":[""bkt""],""role"":""R390"",""type"":""person"",""variants"":[""De Marinis, Tammaro"",""De Marinis, Tamaro"",""Florence, Librairie Ancienne T. De Marinis &C."",""Firenze, Libreria antica Tammaro De Marinis &C.  ""]}]",,,,,,,,,,,,,,,,,,,,0,
02000343-p005,02000343,5,1921,1960,20,a,,,a,La collezione de Marinis fu acquistata nel 1924 dalla Libreria Antiquaria Hoepli di Milano e successivamente venduta a due riprese.,e-it,1,Vittorio Cini,139,R390,person,1885-1977,,"[{""characterisation"":[""ari""],""dates"":""1885-1977"",""gender"":1002,""name"":""Vittorio Cini"",""note"":""Conte; industriale."",""ownerId"":139,""role"":""R390"",""type"":""person"",""variants"":[""Cini, Vittorio""]}]",,,,,,,,,,,,,,,,,,,,0,
02000343-p006,02000343,6,1951,,20,a,,,b,"Donato dal conte Cini nel 1951, anno della creazione della Fondazione a suo nome.",e-it,1,"Venezia, Fondazione Giorgio Cini",138,R399,corporate,1951-,,"[{""characterisation"":[""unk""],""dates"":""1951-"",""name"":""Venezia, Fondazione Giorgio Cini"",""ownerId"":138,""role"":""R399"",""type"":""corporate""}]",,,,,,,,,,,,,,,,,,,,1,
00200588-p001,00200588,1,1493,1550,15 | 16,b,b | l,a | x,,"Possibly Dandolo family of Venice, fifteenth/sixteenth century; see decoration and coat of arms in the printed shield between the two dolphins of the border decoration, on d1r: per fess azure and gules; Morando di Custoza, [Venezia] no. 1035 (actually reversed, gules and azure).",e-it,1,Dandolo <family>,00010745,R390,,,,"[{""characterisation"":[""noc""],""name"":""Dandolo <family>"",""ownerId"":""00010745"",""professionOrType"":[""unk""],""role"":""R390""}]",,,,,,,,,,"A few borders and initials illuminated in gold and colours (generally the initials are in blue, purple and green, on gold; the same selection of colours used to decorate the border, the background coloured with yellow wash) on d1r, d8v, e3r, e5v, e7v, f1v, f6r, h5v, h8r, p2r, p5r; those elsewhere uncoloured. The initial on p5r is in gold on square blue ground with white penwork, within the letter green, with yellow/gold penwork.",,,,,,,,,,1,"{""hasCoatOfArms"":""1"",""hasIllustrationsByHand"":""1"",""hasOrnamentalLetters"":""1""}"
00200588-p002,00200588,2,1880,1919,19 | 20,a,n,e | f,,"Catalogo dei libri posseduti da Charles Fairfax Murray, 3 vols, London, [s.n.], 1899-1902, I p. 172 no. 1002: ""(1503) [...] in-8, velluto rosso"". Six auctions between the years 1918 and 1926, his Italian books were purchased by De Marinis; mentioned by Essling as the owner of this copy. A List of Printed Books in the Library of Charles Fairfax Murray, Privately printed, 1907, p. 108 ""1503"".",e-uk-en,1,"Murray, Charles Fairfax",3890,R390,person,1849 - 1919,http://thesaurus.cerl.org/record/cnp01881723,"[{""characterisation"":[""noc""],""dates"":""1849 - 1919"",""externalId"":[""http://thesaurus.cerl.org/record/cnp01881723""],""gender"":""1002"",""name"":""Murray, Charles Fairfax"",""ownerId"":""3890"",""professionOrType"":[""scl""],""role"":""R390"",""type"":""person""}]",Nineteenth-century red velvet.,w,c,b,i,g,136,105,31,,,,,,,,,,,1,"{""edges"":""d"",""gauffered"":""d"",""titling"":[""z""],""tooling"":""d"",""writingOnEdges"":""d""}"
00200588-p003,00200588,3,1925,1938,20,a,n,a,a,"On front parchment endleaf, in pencil in Hofer’s hand: ""de Marinis 1938 £280-0-0""; according to Hofer’s acquisition card file it was listed in De Marinis’s catalogue no. 132. Murray's Italian books were purchased by De Marinis.",e-it,1,"De Marinis, Tammaro",2325,R160,person,1878-1969,http://thesaurus.cerl.org/record/cnc00026139,"[{""characterisation"":[""noc""],""dates"":""1878-1969"",""externalId"":["" http://thesaurus.cerl.org/record/cnc00026139""],""gender"":""1002"",""name"":""De Marinis, Tammaro"",""ownerId"":""2325"",""professionOrType"":[""bkt""],""role"":""R160"",""type"":""person"",""variants"":[""De Marinis, Tamaro"",""Florence, Librairie Ancienne T. De Marinis &C."",""Firenze, Libreria antica Tammaro De Marinis &C.  ""]}]",,,,,,,,,,,,,,,,,,,,1,
00200588-p004,00200588,4,1938,1972,20,a,e,a,a,Booklabels of Philip Hofer and Frances L. Hofer.,n-us-ma,2,"Hofer, Philip | Hofer, Frances L.",3566 | 3565,R320 | R390,person,1898 - 1984 | 1908-1978,http://thesaurus.cerl.org/record/cnp01427434 | https://dictionaryofarthistorians.org/hoferp.htm | http://thesaurus.cerl.org/record/cnp01427906,"[{""characterisation"":[""noc""],""dates"":""1898 - 1984"",""externalId"":[""http://thesaurus.cerl.org/record/cnp01427434"",""https://dictionaryofarthistorians.org/hoferp.htm""],""gender"":""1002"",""name"":""Hofer, Philip"",""ownerId"":""3566"",""professionOrType"":[""scl""],""role"":""R320"",""type"":""person""},{""characterisation"":[""noc""],""dates"":""1908-1978"",""externalId"":[""http://thesaurus.cerl.org/record/cnp01427906""],""gender"":""1001"",""name"":""Hofer, Frances L."",""ownerId"":""3565"",""professionOrType"":[""unk""],""role"":""R390"",""type"":""person""}]",,,,,,,,,,,,,,,,280/0/0,pounds sterling,,,1,
00200588-p005,00200588,5,1972,,20,a,e,a | c,b,14 September 1972—Gift of Philip Hofer,n-us-ma,1,Harvard College Library,3523,R399,corporate,1636-,http://thesaurus.cerl.org/record/cnc00007523,"[{""characterisation"":[""noc""],""dates"":""1636-"",""externalId"":[""http://thesaurus.cerl.org/record/cnc00007523""],""name"":""Harvard College Library"",""ownerId"":""3523"",""professionOrType"":[""uni""],""role"":""R399"",""type"":""corporate"",""variants"":[""Harvard Library"",""Bibliotheca Harvardiana, Cambridge, Mass."",""College Library, Cambridge, Mass."",""HCL"",""Harvard College Library, Cambridge, Mass."",""Harvard College, Cambridge, Mass., Bibliotheca Harvardiana"",""Harvard College, Cambridge, Mass., Harvard Library"",""Harvard College, Cambridge, Mass., Widener Library"",""Harvard University Library"",""Harvard University, College Library"",""Harvard University, Faculty of Arts and Sciences, Library"",""Harvard University, Cambridge, Mass., Bibliotheca Harvardiana"",""Harvard University, Cambridge, Mass., College Library"",""Harvard University, Cambridge, Mass., Faculty of Arts and Sciences, Library"",""Harvard University, Cambridge, Mass., Widener Library <Harvard College>"",""Widener Library, Cambridge, Mass., Harvard College""]}]",,,,,,,,,,,,,,,,,,,,1,
00200587-p001,00200587,1,1815,1888,19,,,,,,e-ie,1,"Crawford, William Horatio",3710,R390,person,1812 - 1888,http://thesaurus.cerl.org/record/cnp01427559 | https://aeolus.bodleian.ox.ac.uk/collections/incunables/provenances_for_mei.xml#xpointer(//*[@id=,"[{""characterisation"":[""noc""],""dates"":""1812 - 1888"",""externalId"":[""http://thesaurus.cerl.org/record/cnp01427559"",""https://aeolus.bodleian.ox.ac.uk/collections/incunables/provenances_for_mei.xml#xpointer(//*[@id=""],""gender"":""1002"",""name"":""Crawford, William Horatio"",""ownerId"":""3710"",""professionOrType"":[""bus""],""role"":""R390"",""type"":""person""}]",,,,,,,,,,,,,,,,,,,,1,
00200587-p002,00200587,2,1837,1894,19,,,,,,e-uk-en,1,"Sandars, Samuel",00018468,R390,person,1837-1894,,"[{""characterisation"":[""noc""],""dates"":""1837-1894"",""gender"":""1002"",""name"":""Sandars, Samuel"",""ownerId"":""00018468"",""professionOrType"":[""law""],""role"":""R390"",""type"":""person""}]",,,,,,,,,,,,,,,,,,,,1,
00200587-p003,00200587,3,1416,,15,,,,,"William Horatio Crawford of Lakelands, Cork, his armorial bookplate, with motto 'Durum patientia frango', on upper pastedown. Crawford's sale, Sotheby's, 12-25 March 1891. Priced 'nK' on upper pastedown and 'Â£ 12-0-0' on upper free endpaper, both in pencil, 19th century. Quaritch's catalogue, Theology, December 1891, no. 555. Samuel Sandars, his name, address and date of acquisition as '1892' on upper free endpaper. Given by Sandars in 1893.
Binding noteMottled brown paper over pasteboards, with manuscript title on paper spine label, England, 19th century.
Manuscript notesA manuscript prayer in cursive hand on leaf b8 recto, Italy, 18th [?] century.",e-uk,1,Cambridge University Library,3463,R399,corporate,1416-,http://thesaurus.cerl.org/record/cnc00002301,"[{""characterisation"":[""noc""],""dates"":""1416-"",""externalId"":[""http://thesaurus.cerl.org/record/cnc00002301""],""name"":""Cambridge University Library"",""ownerId"":""3463"",""professionOrType"":[""lib""],""role"":""R399"",""type"":""corporate"",""variants"":[""Cambridge, University, Library"",""University Library, Cambridge"",""University of Cambridge, Cambridge University Library"",""University of Cambridge, Library"",""University of Cambridge, University Library""]}]",,,,,,,,,,,,,,,,,,,,1,
00200589-p001,00200589,1,1490,1550,15 | 16,a,l,b,,,ew,1,Anonymous illuminator,,R430,person,fl. 1490-1550,,"[{""characterisation"":[""unk""],""dates"":""fl. 1490-1550"",""gender"":""1003"",""name"":""Anonymous illuminator"",""professionOrType"":[""bkt""],""role"":""R430"",""type"":""person""}]",,,,,,,,,,"The full-page cuts and the initials on the opposite leaf are fully coloured, cf. Dondi plates 56 & 57. The borders afre coloured in yellow. On f.l1 verso the shield in the lower border has been painted with arms, azure, three fleurs-de-lis or, with a bendlet gules, perhaps indicating the Prince of Condé. On f. p4 verso is another armorial: or, a lion rampant azure",,,,,,,,,,0,"{""hasCoatOfArms"":""1"",""hasIllustrationsByHand"":""1""}"
00200589-p002,00200589,2,1501,1600,16,a,k,b | c,,,,1,"Anonymous binder, Italy",00023853,R110,person,1501-1600,,"[{""characterisation"":[""unk""],""dates"":""1501-1600"",""gender"":""1003"",""name"":""Anonymous binder, Italy"",""ownerId"":""00023853"",""professionOrType"":[""bkt""],""role"":""R110"",""type"":""person""}]",Bound in old gold-stamped deerskin,t,c,a,b,g,138,98,29,,,,,,,,,,,1,"{""gauffered"":""a"",""tooling"":""b""}"
00200589-p003,00200589,3,,1859,15 | 16 | 17 | 18 | 19,a,n,b,,Lot 1857 in the 1859 London sale of Libri's library,e-uk-en,1,"Libri, Guglielmo",00014578,R390,person,1803 - 1869,"https://aeolus.bodleian.ox.ac.uk/collections/incunables/provenances_for_mei.xml#xpointer(//*[@id=""3640""]) | http://thesaurus.cerl.org/record/cnp01101632 | https://www.treccani.it/enciclopedia/guglielmo-libri_(Dizionario-Biografico)/ | https://doi.org/10.1093/ref:odnb/73791","[{""characterisation"":[""ari""],""dates"":""1803 - 1869"",""externalId"":[""https://aeolus.bodleian.ox.ac.uk/collections/incunables/provenances_for_mei.xml#xpointer(//*[@id=\""3640\""])"",""http://thesaurus.cerl.org/record/cnp01101632"",""https://www.treccani.it/enciclopedia/guglielmo-libri_(Dizionario-Biografico)/"",""https://doi.org/10.1093/ref:odnb/73791""],""gender"":""1002"",""name"":""Libri, Guglielmo"",""ownerId"":""00014578"",""role"":""R390"",""type"":""person"",""variants"":[""Timoleone, Guglielmo Bruto Icilio, Conte Libri Carrucci della Sommaia"",""Carrucci DallaSommaia, Guglielmo Bruto Icilio Timoleone Libri Carrucci DallaSommaia, Guglielmo Bruto Icilio Timoleone Libri Carrucci DallaSommaria, Guglielmo L. Carrucci DellaSomaia, Guglielmo I. Carrucci DellaSommaia, Guillaume B. Carrucci DellaSommaia, Guillaume B. Carrucci dalla Sommaia, Guglielmo Bruto Icilio Timoleone Libri Carrucci dalla Sommaia, Guglielmo Bruto Icilio Timoleone Libri Carrucci della Sommaia, Guillaume B. Carrucci della Sommaia, Guillaume B. Dalla Sommaia, Guglielmo Bruto Icilio Timoleone Libri Carrucci Dalla Sommaia, Guglielmo Bruto Icilio Timoleone Libri Carrucci DallaSomaia, Guglielmo B. DallaSommaia, Guglielmo Bruto Icilio Timoleone Libri Carrucci DallaSommaia, Guglielmo Bruto Icilio Timoleone Libri Carrucci DallaSommaria, Guglielmo L. Della Sommaia, Guillaume B. DellaSomaia, Guglielmo I. DellaSommaia, Guillaume B. DellaSommaia, Guillaume B. Libri, Giullaume Libri, Guglielmo I. Libri, Guglielmo Icilio Libri, Guglielmo Icilio Timoleone Libri, Guglielmo Icilio Timoleone Libri, Guglielmo Icio Timoleone Libri, Guillaume Libri, Wilhelm Libri Carrucci Dalla Sommaia, Guglielmo Bruto Icilio Timoleone Libri Carrucci Dalla Sommaia, Guglielmo Bruto Icilio Timoleone Libri Carrucci DallaSommaia, Guglielmo Bruto Icilio Timoleone Libri Carrucci DallaSommaria, Guglielmo Libri Carrucci DellaSomaia, Guglielmo I. Libri Carrucci DellaSommaia, Guillaume-Brutus-Icile-Timoléon Libri Carucci Dalla Sommaia, Guglielmo Libri Carucci Dalla Sommaia, Guglielmo Libri Carucci Dalla Sommaja, Guglielmo Libri Carucci DallaSommaia, Guglielmo Libri Carucci DallaSommaia, Guglielmo Libri Carucci DellaSomaia, Guglielmo I. Libri-Carrucci, Guglielmo Libri-Carrucci, Guglielmo I. Libri-Carrucci DallaSomaia, Guglielmo B. Libri-Carrucci DallaSommaia, Guglielmo Bruto Icilio Timoleone Libri-Carrucci DallaSommaia, Guglielmo Brutus Icilio Timoleone Libri-Carrucci DellaSomaia, Guglielmo I. Libri-Carrucci DellaSommaia, Guillaume B. Libri-Carrucci DellaSommaia, Guillaume B. Libri-Carrucci DellaSommaia, Guillaume Brutus Icite Timoléon Libri-Carrucci della Sommaia, Guillaume B. Libri-Carrucci della Sommaia, Guillaume B. Libri-Carrucci- dalla Sommaia, Guglielmo Bruto Icilio Timoleone Libri-Carrucci-DallaSomaia, Guglielmo B. Libri-Carrucci-DallaSommaia, Guglielmo B. Libri-Carrucci-DallaSommaia, Guglielmo Bruto Icilio Timoleone Libri-Carrucci-DallaSommaia, Guglielmo Bruto Icilio Timoleone Libri-Carucci, Guglielmo Sommaia, Guglielmo Bruto Icilio Timoleone Libri Carrucci dalla Sommaia, Guglielmo Bruto Icilio Timoleone Libri Carrucci dalla Sommaia, Guglielmo Bruto Icilio Timoleone Libri-Carrucci dalla Sommaria, Guglielmo L. dalla"",""Libri, Guillaume""]}]",,,,,,,,,,,,,,,,,,,,1,
00200589-p004,00200589,4,1859,1876,19,a,e | n,b | e,a,With Firmin-Didot's leather book-label. Lot 152 in the May 1879 part of the sale of his library,e-fr,1,"Firmin-Didot, Ambroise",4406,R390,person,1790-1876,http://thesaurus.cerl.org/record/cnp01325752,"[{""characterisation"":[""noc""],""dates"":""1790-1876"",""externalId"":[""http://thesaurus.cerl.org/record/cnp01325752""],""gender"":""1002"",""name"":""Firmin-Didot, Ambroise"",""ownerId"":""4406"",""professionOrType"":[""bkt""],""role"":""R390"",""type"":""person"",""variants"":[""Firmin-Didot, Ambrosius""]}]",,,,,,,,,,,,,,,,,,,,1,
00200589-p005,00200589,5,1879,,19,a,o,b | c,a,Bought in July 1879,e-uk,1,"London, British Museum Library, since 1973 The British Library",3442,R399,corporate,1753-,https://aeolus.bodleian.ox.ac.uk/collections/incunables/provenances_for_mei.xml#xpointer(//*[@id= | http://www.bl.uk/reshelp/findhelprestype/prbooks/provenanceresearch/provenanceresearch.html,"[{""characterisation"":[""noc""],""dates"":""1753-"",""externalId"":[""https://aeolus.bodleian.ox.ac.uk/collections/incunables/provenances_for_mei.xml#xpointer(//*[@id="",""http://www.bl.uk/reshelp/findhelprestype/prbooks/provenanceresearch/provenanceresearch.html""],""name"":""London, British Museum Library, since 1973 The British Library"",""ownerId"":""3442"",""professionOrType"":[""lib""],""role"":""R399"",""type"":""corporate"",""variants"":[""British Museum, London, Bibliotheca Britannica"",""British Museum, London, King's Library"",""King's Library, London"",""British Museum. Department of Printed Books"",""British Museum. Department of Manuscripts""]}]",,,,,,,,,,,,,,,,,,,,1,
00200590-p001,00200590,1,1812,1829,19,a,e,b | c,,"With Boutourlin's bookplate on the front pastedown, with his library number 601 on an endleaf. Lot 154 in part 1 of his sale catalogue (Silvestre, Paris, 1839-41)",e-it,1,"Boutourlin, Dimitrij Petrovich; Count",00011549,R390,person,1763 - 1829,https://aeolus.bodleian.ox.ac.uk/collections/incunables/provenances_for_mei.xml#xpointer(//*[@id=,"[{""characterisation"":[""ari""],""dates"":""1763 - 1829"",""externalId"":[""https://aeolus.bodleian.ox.ac.uk/collections/incunables/provenances_for_mei.xml#xpointer(//*[@id=""],""gender"":""1002"",""name"":""Boutourlin, Dimitrij Petrovich; Count "",""ownerId"":""00011549"",""professionOrType"":[""cse""],""role"":""R390"",""type"":""person"",""variants"":[""Buturlin"",""Boutourline""]}]","Bound in blind- and gold-tooled red morocco, violet pastedowns, gilt edges.",w,c,b,b,g,135,98,26,,,,,,,,,,,1,"{""edges"":""a"",""titling"":[""b""],""tooling"":""c""}"
00200590-p002,00200590,2,1842,,19,a,o,b | c,a,Bought in January 1842,e-uk,1,"London, British Museum Library, since 1973 The British Library",3442,R399,corporate,1753-,https://aeolus.bodleian.ox.ac.uk/collections/incunables/provenances_for_mei.xml#xpointer(//*[@id= | http://www.bl.uk/reshelp/findhelprestype/prbooks/provenanceresearch/provenanceresearch.html,"[{""characterisation"":[""noc""],""dates"":""1753-"",""externalId"":[""https://aeolus.bodleian.ox.ac.uk/collections/incunables/provenances_for_mei.xml#xpointer(//*[@id="",""http://www.bl.uk/reshelp/findhelprestype/prbooks/provenanceresearch/provenanceresearch.html""],""name"":""London, British Museum Library, since 1973 The British Library"",""ownerId"":""3442"",""professionOrType"":[""lib""],""role"":""R399"",""type"":""corporate"",""variants"":[""British Museum, London, Bibliotheca Britannica"",""British Museum, London, King's Library"",""King's Library, London"",""British Museum. Department of Printed Books"",""British Museum. Department of Manuscripts""]}]",,,,,,,,,,,,,,,,,,,,1,
02123919-p001,02123919,1,1475,1525,15 | 16,a,l,a,x,,e-fr,1,"Anonymous, France, 1475 - 1525",00015576,R390,person,1475 - 1525,,"[{""characterisation"":[""unk""],""dates"":""1475 - 1525"",""gender"":1003,""name"":""Anonymous, France, 1475 - 1525"",""ownerId"":""00015576"",""professionOrType"":[""unk""],""role"":""R390"",""type"":""person"",""variants"":[""Anonymous, France 1475-1525""]}]",,,,,,,,,,Capilettera e rubricatura alternativamente in inchiostro rosso e azzurro.,,,,,,,,,,0,"{""hasPenInitials"":1}"
02123919-p002,02123919,2,1830,,19,a,n | o,a,x,,e-it,1,"Venezia, Biblioteca del Museo Correr",3551,R399,corporate,1830 -,http://thesaurus.cerl.org/record/cnc00011837,"[{""characterisation"":[""noc""],""dates"":""1830 -"",""externalId"":[""http://thesaurus.cerl.org/record/cnc00011837""],""name"":""Venezia, Biblioteca del Museo Correr"",""ownerId"":3551,""professionOrType"":[""lib""],""role"":""R399"",""type"":""corporate"",""variants"":[""Biblioteca d’Arte e di Storia Veneziana"",""Biblioteca del Civico Museo Correr"",""Fondazione Musei Civici Veneziani""]}]","Privo di legatura, è attualmente conservato in una busta dei Musei Civici Veneziani.",x,,,,,,,,,,,,,,,,,,1,
00204184-p001,00204184,1,1501,1600,16,,,,,"Provenance: Giovanni Francesco Busati (sixteenth century); inscriptions on rear endleaves in a sixteenth-century hand: 'Io. Francesco Busato Ca[ ] Pezzan di Melma' [Pezzano and Melma, then Silea, are both in the province of Treviso], 'Iste liber meus est si quid a vobis placet, Io. Franco', 'Zuane Busato'.",,1,"Busati, Giovanni Francesco (sixteenth century),",00011662,,per,,"https://aeolus.bodleian.ox.ac.uk/collections/incunables/provenances_for_mei.xml#xpointer(//*[@id=""614""])","[{""externalId"":[""https://aeolus.bodleian.ox.ac.uk/collections/incunables/provenances_for_mei.xml#xpointer(//*[@id=\""614\""])""],""name"":""Busati, Giovanni Francesco (sixteenth century),"",""note"":""Treviso; on the Busati family see Crollalanza I 185."",""ownerId"":""00011662"",""type"":""per""}]",,,,,,,,,,,,,,,,,,,,0,
00204184-p002,00204184,2,,,,,,,,,e-uk,1,"Oxford, Bodleian library",4209,,corporate,1602 -,http://thesaurus.cerl.org/record/cnc00013057,"[{""characterisation"":[""noc""],""dates"":""1602 -"",""externalId"":[""http://thesaurus.cerl.org/record/cnc00013057""],""name"":""Oxford, Bodleian library"",""ownerId"":4209,""professionOrType"":[""uni""],""type"":""corporate""}]",,,,,,,,,,,,,,,,,,,,1,
02015305-p001,02015305,1,1494,1525,15 | 16,b,l,a,x,,e-fr,1,"Anonymous, France, 1475 - 1525",00015576,,person,1475 - 1525,,"[{""characterisation"":[""unk""],""dates"":""1475 - 1525"",""gender"":1003,""name"":""Anonymous, France, 1475 - 1525"",""ownerId"":""00015576"",""professionOrType"":[""unk""],""type"":""person"",""variants"":[""Anonymous, France 1475-1525""]}]",,,,,,,,,,All woodcuts have been coloured (as they also are in the other existent copies BSB-Ink H-339) ,Initials and paragraph-marks supplied in alternate red and blue; capital-strokes in yellow.,,,,,,,,,1,"{""hasIlluminations"":1,""hasRubrication"":1}"
02015305-p002,02015305,2,1571,1577,16,b,m,a,x,,e-sz,0,,,,,,,,,,,,,,,,,,,,"Three long notes, all starting with a date (1571, 1573 and 1577) in in German, on the title page; they recall the section of a chronicle. ",,,,,,,1,"{""msFrequency"":""a""}"
02015305-p003,02015305,3,1657,1676,17,a,a,a | c,x,,e-sz,1,"Altrath, Johan Wilhelm zur Matten",00015760,R390,person,1601-1676,,"[{""characterisation"":[""rel""],""dates"":""1601-1676"",""gender"":1002,""name"":""Altrath, Johan Wilhelm zur Matten"",""ownerId"":""00015760"",""professionOrType"":[""cle""],""role"":""R390"",""type"":""person""}]",,,,,,,,,,,,,,,,,,,,1,
02015305-p004,02015305,4,1751,1781,18,b,m,a,x,"On the last leaf on the manuscript bound at the end of the book a list of saints have been which includes: S. Ignacius, S. Franciscus Xaverius, S. Franciscus de Sales, Francesca Romana, B. Johanna de Fremiot. This last one, particularly, is important so as to date the list, as she was beatified in 1751 and canonized 1767. The person who wrote the list might be identified with the one mentioned on b1v, as the donor of the book: 'de A(nn)o 1494 Paris | Ex dono D(omin)e B. n(a)te B. a(nno) 1781'.",e-sz,1,Anonymous,00016327,R390,person,1725-1800,,"[{""characterisation"":[""unk""],""dates"":""1725-1800"",""gender"":1003,""name"":""Anonymous"",""ownerId"":""00016327"",""professionOrType"":[""unk""],""role"":""R390"",""type"":""person""}]",,,,,,,,,,,,,,,,,,,,1,
02015305-p005,02015305,5,1751,1816,18 | 19,a,b | e | k | m,a | c,x,Booklabel on the front pastedown.,e-sz,1,"Glutz von Blotzheim, Urs Joseph Niklaus Alois",00015786,R390,person,1751-1816,,"[{""characterisation"":[""ari""],""dates"":""1751-1816"",""gender"":1002,""name"":""Glutz von Blotzheim, Urs Joseph Niklaus Alois"",""ownerId"":""00015786"",""professionOrType"":[""cse""],""role"":""R390"",""type"":""person"",""variants"":[""Glutz de Blotzheim, Urs Joseph Nicolas Louis""]}]",,w,c,b,b,g,152,100,46,,,,"On the front paste-down a poem (8 lines) in black ink, German.",,,,,,,1,"{""edges"":""a"",""furniture"":1,""gauffered"":""d"",""hasPersonalNotes"":1,""msFrequency"":""a"",""msLocation"":""a"",""titling"":[""z""],""tooling"":""b"",""writingOnEdges"":""d""}"
02015305-p006,02015305,6,1789,1855,18 | 19,a,a,c,x,,,1,"Glutz von Blotzheim, Konrad Josef",00015787,,person,1789-1857,http://d-nb.info/gnd/1048589528 | http://www.hls-dhs-dss.ch/textes/i/I43699.php,"[{""characterisation"":[""rel""],""dates"":""1789-1857"",""externalId"":[""http://d-nb.info/gnd/1048589528"",""http://www.hls-dhs-dss.ch/textes/i/I43699.php""],""gender"":1002,""name"":""Glutz von Blotzheim, Konrad Josef"",""ownerId"":""00015787"",""professionOrType"":[""scl""],""type"":""person"",""variants"":[""Glutz, Konrad Josef""]}]",,,,,,,,,,,,,,,,,,,,1,
02015305-p007,02015305,7,,1855,15 | 16 | 17 | 18 | 19,b,n,a,x,Section of two sales catalogue describing this copy.,e-uk,1,,,R160,corporate,,,"[{""role"":""R160"",""type"":""corporate""}]",,,,,,,,,,,,,,,,4. 14. 6.,GBP,"In pencil and in pen, three times, on the front paste-down and on the fly-leaf.",,1,
02015305-p008,02015305,8,1855,,19,a,n,c,a,"Bought in January, 1855 (BMC).
",e-uk,1,"London, British Museum Library, since 1973 The British Library",3442,R399,corporate,1753-,https://aeolus.bodleian.ox.ac.uk/collections/incunables/provenances_for_mei.xml#xpointer(//*[@id= | http://www.bl.uk/reshelp/findhelprestype/prbooks/provenanceresearch/provenanceresearch.html,"[{""characterisation"":[""noc""],""dates"":""1753-"",""externalId"":[""https://aeolus.bodleian.ox.ac.uk/collections/incunables/provenances_for_mei.xml#xpointer(//*[@id="",""http://www.bl.uk/reshelp/findhelprestype/prbooks/provenanceresearch/provenanceresearch.html""],""name"":""London, British Museum Library, since 1973 The British Library"",""ownerId"":3442,""professionOrType"":[""lib""],""role"":""R399"",""type"":""corporate"",""variants"":[""British Museum, London, Bibliotheca Britannica"",""British Museum, London, King's Library"",""King's Library, London"",""British Museum. Department of Printed Books"",""British Museum. Department of Manuscripts""]}]",,,,,,,,,,,,,,,,,,,,1,
02003117-p001,02003117,1,1801,,19,a,h,ab,c,Legato Martinengo,Italia,1,Leopardo Martinengo,373,R390,person,1815-1884,,"[{""characterisation"":[""ari""],""dates"":""1815-1884"",""gender"":1002,""name"":""Leopardo Martinengo "",""note"":""Conte e senatore, lasciò la sua biblioteca alla Queriniana nel 1886"",""ownerId"":373,""role"":""R390"",""type"":""person"",""typeOrProfession"":[""pol""],""variants"":[""Martinengo, Leopardo  ""]}]",,s,c,e,b,c,,,,Iniziali e capoversi in rosso e azzurro,,,,,,,,,,1,"{""furniture"":1,""hasOramentalLetters"":""true"",""hasRubrication"":""true"",""tooling"":""a""}"
02003117-p002,02003117,2,,,,,,,,,e-it,1,"Brescia, Biblioteca Queriniana",,R399,corporate,,,"[{""name"":""Brescia, Biblioteca Queriniana"",""role"":""R399"",""type"":""corporate""}]",,,,,,,,,,,,,,,,,,,,0,
02005124-p001,02005124,1,1591,,16,a,l,a,,,e-it,0,,,,,,,,,,,,,,,,,Iniziali lombarde in blu e rosso,,,,,,,,,,0,
02005124-p002,02005124,2,1701,,18,a,k,a,,,e-it,0,,,,,,,,,v,a,b,a,,,,,,,,,,,,,,,0,"{""edges"":""a"",""furniture"":0,""gauffered"":""d"",""tooling"":""d"",""writingOnEdges"":""d""}"
02005124-p003,02005124,3,,,,,,,,,e-it,1,"Milano, Biblioteca Trivulziana",1471,R399,corporate,,,"[{""name"":""Milano, Biblioteca Trivulziana"",""ownerId"":1471,""role"":""R399"",""type"":""corporate"",""variants"":[""Milano, Archivio storico civico e Biblioteca Trivulziana""]}]",,,,,,,,,,,,,,,,,,,,0,
00200616-p001,00200616,1,1496,1500,15,a,l | m,a | b,,,e-it,1,"Anonymous, Italy",00022509,R680,person,1496-1500,,"[{""characterisation"":[""unk""],""dates"":""1496-1500"",""gender"":1003,""name"":""Anonymous, Italy"",""ownerId"":""00022509"",""professionOrType"":[""unk""],""role"":""R680"",""type"":""person""}]",,,,,,,,,,"Decoration: On f3r 8-line initial D is supplied in pink on square gold ground with blue acanthus leaves extensions that meet a pole in gold running along the inner margin: at its upper and lower edge, that is in the upper and lower margin, a border of blue and pink flowers, green leaves and gold bezants; inside the letter, David crowned praying. Other initials on the illuminated page are in gold on purple. Same style on m1r. Main initials are supplied in blue with reserved-white decoration on a ground made of red penwork.",Other initials are supplied in red or blue with violet or red penwork.,15th century,"On g7v, within the text: «Seminarista Macauda» brown ink 16-century or later.
Certain parts have been coulored in red as a form of deletion, for example the entire missa beatae Mariae on e8r. On o2r the first 12 lines introducing the prayer of St Augustine are erased..",,,,,,,0,"{""hasIlluminations"":1,""hasOrnamentalLetters"":1,""hasPenInitials"":1}"
00200616-p002,00200616,2,1501,1600,16,a,a,a | b,,"Sixteenth-century erased inscription in light brown ink on e1r and i1v ""Don Antonius Spad [Spat?]"".",e-it,1,"Spad, Antonius",00022508,R390,person,,,"[{""characterisation"":[""unk""],""gender"":1002,""name"":""Spad, Antonius"",""ownerId"":""00022508"",""professionOrType"":[""unk""],""role"":""R390"",""type"":""person"",""variants"":[""Spat, Antonius""]}]",,,,,,,,,,,,,,,,,,,,0,
00200616-p003,00200616,3,1895,1903,19 | 20,a,s,g,,"Per Hierta is recorded as having communicated information about this copy to Leo Olschki, who published it in La Bibliofilia, 5/7-8 (Oct.-Nov. 1903), p. 237-238.  Since Richter purchased the book in 1903, Hierta must have sold it (to Rosenthal?) shortly after communicating it to Olschki.",e-sw,1,"Hierta, Per",00010718,R390,person,1864-1924,,"[{""characterisation"":[""ari""],""dates"":""1864-1924"",""gender"":1002,""name"":""Hierta, Per"",""ownerId"":""00010718"",""professionOrType"":[""unk""],""role"":""R390"",""type"":""person""}]",,,,,,,,,,,,,,,,,,,,1,
00200616-p004,00200616,4,1903,1903,20,b,s,g,,"Purchased by Richter in 1903 in Munich; therefore conjecturally also from Rosenthal (as his purchase of another Italian Book of Hours is documented at that place and date; see http://data.cerl.org/mei/00200530 (Horae: ad usum Romanum (Rome), [Ferrara : Andreas Belfortis, Gallus, about 1475]).",e-gx,1,"Rosenthal, Ludwig",3759,R160,person,1840 - 1928,http://thesaurus.cerl.org/record/cnp01476812 | https://aeolus.bodleian.ox.ac.uk/collections/incunables/provenances_for_mei.xml#xpointer(//*[@id= | https://lccn.loc.gov/no2008013042,"[{""characterisation"":[""noc""],""dates"":""1840 - 1928"",""externalId"":[""http://thesaurus.cerl.org/record/cnp01476812"",""https://aeolus.bodleian.ox.ac.uk/collections/incunables/provenances_for_mei.xml#xpointer(//*[@id="",""https://lccn.loc.gov/no2008013042""],""gender"":1002,""name"":""Rosenthal, Ludwig"",""ownerId"":3759,""professionOrType"":[""bkt""],""role"":""R160"",""type"":""person"",""variants"":[""Ludwig Rosenthal's Antiquariat""]}]",,,,,,,,,,,,,,,,,,,,1,
00200616-p005,00200616,5,1903,1919,20,a,e | m | s,a | b | c,,"Bookplate of Wilhelm Richter, ""Bibliotheca Richteriana"", on front pastedown. Acquisition note in pencil on rear free endleaf 1v: ""München, Dez. 1903""; listed as no. 112 on p. 25 of his typescript inventory (titled on cover ""Bibliothek Richter, Wilhelm. 1919"") in the Huntington Library, with purchase price listed as ""400 M."" (i.e. German marks).",e-gx,1,"Richter, Wilhelm",4403,R390,person,1853-1919,http://thesaurus.cerl.org/record/cnp01882125,"[{""characterisation"":[""noc""],""dates"":""1853-1919"",""externalId"":[""http://thesaurus.cerl.org/record/cnp01882125""],""gender"":1002,""name"":""Richter, Wilhelm"",""ownerId"":4403,""professionOrType"":[""scl""],""role"":""R390"",""type"":""person""}]",,,,,,,,,,,,,,,,400,German marks,,,1,
00200616-p006,00200616,6,1924,1924,20,a,s,b | c,,Recorded as purchased by Henry E. Huntington from Rosenbach in October 1924.,n-us-pa,1,Rosenbach Company,00015333,R160,corporate,1903-1953,http://thesaurus.cerl.org/record/cnp01427860,"[{""characterisation"":[""noc""],""dates"":""1903-1953"",""externalId"":[""http://thesaurus.cerl.org/record/cnp01427860""],""name"":""Rosenbach Company"",""ownerId"":""00015333"",""professionOrType"":[""bkt""],""role"":""R160"",""type"":""corporate"",""variants"":[""Philadelphia PA, Rosenbach Company""]}]",,,,,,,,,,,,,,,,,,,,1,
00200616-p007,00200616,7,1924,1927,20,a,s,b | c,,Recorded as purchased by Henry E. Huntington from Rosenbach in October 1924.,n-us-ca,1,"Huntington, Henry Edwards",3291,R390,person,1850 - 1927,http://thesaurus.cerl.org/record/cnp01447942 | https://lccn.loc.gov/n79142584,"[{""characterisation"":[""noc""],""dates"":""1850 - 1927"",""externalId"":[""http://thesaurus.cerl.org/record/cnp01447942"",""https://lccn.loc.gov/n79142584""],""gender"":1002,""name"":""Huntington, Henry Edwards"",""ownerId"":3291,""professionOrType"":[""bus""],""role"":""R390"",""type"":""person""}]",,,,,,,,,,,,,,,,,,,,1,
00200616-p008,00200616,8,1927,,20,a,s,c,c,Donated by Henry E. Huntington at the founding of the library.,n-us-ca,1,The Huntington,00015692,R399,corporate,,https://lccn.loc.gov/n79049138,"[{""characterisation"":[""noc""],""externalId"":[""https://lccn.loc.gov/n79049138""],""name"":""The Huntington"",""ownerId"":""00015692"",""professionOrType"":[""lib""],""role"":""R399"",""type"":""corporate"",""variants"":[""San Marino, CA, The Huntington"",""Huntington Library"",""Henry E. Huntington Library and Art Gallery"",""Huntington Library, Art Collections, and Botanical Gardens"",""Huntington Library, Art Gallery and Botanical Gardens""]}]",,,,,,,,,,,,,,,,,,,,1,
02013652-p001,02013652,1,1930,1953,20,a,e,a | c,,From the library of David Aiken Reed. Given by Mrs. Reed in memory of her husband.,n-us-pa,1,"Reed, David Aiken",4416,R390,person,1880 - 1953,http://thesaurus.cerl.org/record/cnp01882195,"[{""characterisation"":[""noc""],""dates"":""1880 - 1953"",""externalId"":[""http://thesaurus.cerl.org/record/cnp01882195""],""gender"":1002,""name"":""Reed, David Aiken"",""ownerId"":4416,""professionOrType"":[""pol""],""role"":""R390"",""type"":""person""}]",,,,,,,,,,,,,,,,,,,,1,
02013652-p002,02013652,2,1953,,20,a,e,a | c,b,"Gift of Mrs. Reed, 1953.",n-us-nj,1,Princeton University Library,3530,R399,corporate,1750-,http://thesaurus.cerl.org/record/cnc00019995 | http://library.princeton.edu/about/history,"[{""characterisation"":[""noc""],""dates"":""1750-"",""externalId"":[""http://thesaurus.cerl.org/record/cnc00019995"",""http://library.princeton.edu/about/history""],""name"":""Princeton University Library"",""ownerId"":3530,""professionOrType"":[""uni""],""role"":""R399"",""type"":""corporate""}]",,,,,,,,,,,,,,,,,,,,1,
02120319-p001,02120319,1,,,,a,,,,,e-au,1,"Wien, Österreichische  Nationalbibliothek",2839,R399,corporate,,http://thesaurus.cerl.org/record/cnc00020465 | https://aeolus.bodleian.ox.ac.uk/collections/incunables/provenances_for_mei.xml#xpointer(//*[@id= | https://www.onb.ac.at/en/about-us/650th-anniversary/timeline/,"[{""characterisation"":[""noc""],""externalId"":[""http://thesaurus.cerl.org/record/cnc00020465"",""https://aeolus.bodleian.ox.ac.uk/collections/incunables/provenances_for_mei.xml#xpointer(//*[@id="",""https://www.onb.ac.at/en/about-us/650th-anniversary/timeline/""],""name"":""Wien, Österreichische  Nationalbibliothek"",""ownerId"":2839,""professionOrType"":[""lib""],""role"":""R399"",""type"":""corporate"",""variants"":[""Wien, Österreichische Nationalbibliothek"",""Vienne (Autriche), Österreichische Nationalbibliothek"",""Vienna, Hofbibliothek"",""Vienna, Bibliotheca Regia"",""Vienna, Österreichische Nationalbibliothek""]}]",,,,,,,,,,,,,,,,,,,,1,
00560436-p001,00560436,1,,,,a,,,,"Inc.6.D.1.29[2578]: Provenance: Bookplate of the Royal Library (collection of Bishop John Moore, given to Cambridge University Library in 1715 by George I). Decoration: Initials supplied in alternating red or blue. Annotations: A prayer in a sixteenth-century Engish hand on final leaf. Old shelfmarks: AB.5.42; C.5.18. UkCU,Inc.6.D.1.29[2579]: Provenance: Armorial bookplate of Samuel Sandars. Inscribed 'Saml Sandars. Trin: Coll: Camb. MA London 1884.' Presented by him, April 1893. Slip cut from English bookseller's catalogue, describing this copy, tipped to front fly leaf. Decoration: Initials supplied in alternating red and blue.",e-uk-en,1,Cambridge University Library,3463,R390,corporate,,http://thesaurus.cerl.org/record/cnc00002301,"[{""characterisation"":[""noc""],""externalId"":[""http://thesaurus.cerl.org/record/cnc00002301""],""name"":""Cambridge University Library"",""ownerId"":3463,""professionOrType"":[""lib""],""role"":""R390"",""type"":""corporate"",""variants"":[""Cambridge, University, Library"",""University Library, Cambridge"",""University of Cambridge, Cambridge University Library"",""University of Cambridge, Library"",""University of Cambridge, University Library""]}]",,,,,,,,,,,,,,,,,,,,1,
00560435-p001,00560435,1,,,,,,,,,,1,"Moore, John",00018466,R390,person,1646-1714,,"[{""dates"":""1646-1714"",""name"":""Moore, John"",""ownerId"":""00018466"",""role"":""R390"",""type"":""person""}]",,,,,,,,,,,,,,,,,,,,0,
00560435-p002,00560435,2,,,,,,,,,,1,"Sandars, Samuel",00018468,R390,person,1837-1894,,"[{""dates"":""1837-1894"",""name"":""Sandars, Samuel"",""ownerId"":""00018468"",""role"":""R390"",""type"":""person""}]",,,,,,,,,,,,,,,,,,,,0,
00560435-p003,00560435,3,,,,a,,,,"Inc.6.D.1.29[2578]: Provenance: Bookplate of the Royal Library (collection of Bishop John Moore, given to Cambridge University Library in 1715 by George I). Decoration: Initials supplied in alternating red or blue. Annotations: A prayer in a sixteenth-century Engish hand on final leaf. Old shelfmarks: AB.5.42; C.5.18. UkCU,Inc.6.D.1.29[2579]: Provenance: Armorial bookplate of Samuel Sandars. Inscribed 'Saml Sandars. Trin: Coll: Camb. MA London 1884.' Presented by him, April 1893. Slip cut from English bookseller's catalogue, describing this copy, tipped to front fly leaf. Decoration: Initials supplied in alternating red and blue.",e-uk-en,1,Cambridge University Library,3463,R390,corporate,,http://thesaurus.cerl.org/record/cnc00002301,"[{""characterisation"":[""noc""],""externalId"":[""http://thesaurus.cerl.org/record/cnc00002301""],""name"":""Cambridge University Library"",""ownerId"":3463,""professionOrType"":[""lib""],""role"":""R390"",""type"":""corporate"",""variants"":[""Cambridge, University, Library"",""University Library, Cambridge"",""University of Cambridge, Cambridge University Library"",""University of Cambridge, Library"",""University of Cambridge, University Library""]}]",,,,,,,,,,,,,,,,,,,,1,
02115809-p001,02115809,1,,,,a,,,,,e-au,1,"Wien, Österreichische  Nationalbibliothek",2839,R399,corporate,,http://thesaurus.cerl.org/record/cnc00020465 | https://aeolus.bodleian.ox.ac.uk/collections/incunables/provenances_for_mei.xml#xpointer(//*[@id= | https://www.onb.ac.at/en/about-us/650th-anniversary/timeline/,"[{""characterisation"":[""noc""],""externalId"":[""http://thesaurus.cerl.org/record/cnc00020465"",""https://aeolus.bodleian.ox.ac.uk/collections/incunables/provenances_for_mei.xml#xpointer(//*[@id="",""https://www.onb.ac.at/en/about-us/650th-anniversary/timeline/""],""name"":""Wien, Österreichische  Nationalbibliothek"",""ownerId"":2839,""professionOrType"":[""lib""],""role"":""R399"",""type"":""corporate"",""variants"":[""Wien, Österreichische Nationalbibliothek"",""Vienne (Autriche), Österreichische Nationalbibliothek"",""Vienna, Hofbibliothek"",""Vienna, Bibliotheca Regia"",""Vienna, Österreichische Nationalbibliothek""]}]",,,,,,,,,,,,,,,,,,,,1,
02108010-p001,02108010,1,,,,a,,,,,e-au,1,"Wien, Osterreichische  Nationalbibliothek",2839,R390,corporate,,http://thesaurus.cerl.org/record/cnc00020465 | https://aeolus.bodleian.ox.ac.uk/collections/incunables/provenances_for_mei.xml#xpointer(//*[@id= | https://www.onb.ac.at/en/about-us/650th-anniversary/timeline/,"[{""characterisation"":[""noc""],""externalId"":[""http://thesaurus.cerl.org/record/cnc00020465"",""https://aeolus.bodleian.ox.ac.uk/collections/incunables/provenances_for_mei.xml#xpointer(//*[@id="",""https://www.onb.ac.at/en/about-us/650th-anniversary/timeline/""],""name"":""Wien, Osterreichische  Nationalbibliothek"",""ownerId"":2839,""professionOrType"":[""lib""],""role"":""R390"",""type"":""corporate"",""variants"":[""Wien, Österreichische Nationalbibliothek"",""Vienne (Autriche), Österreichische Nationalbibliothek"",""Vienna, Hofbibliothek"",""Vienna, Bibliotheca Regia"",""Vienna, Österreichische Nationalbibliothek""]}]",,,,,,,,,,,,,,,,,,,,1,
00205892-p001,00205892,1,1801,2000,19 | 20,,,,,Provenance: George Dunn (1865-1912); book-label.,,1,"Dunn, George",3537,,per,1865 - 1912,http://thesaurus.cerl.org/record/cnp01101303 | https://aeolus.bodleian.ox.ac.uk/collections/incunables/provenances_for_mei.xml#xpointer(//*[@id=,"[{""dates"":""1865 - 1912"",""externalId"":[""http://thesaurus.cerl.org/record/cnp01101303"",""https://aeolus.bodleian.ox.ac.uk/collections/incunables/provenances_for_mei.xml#xpointer(//*[@id=""],""name"":""Dunn, George"",""note"":""of Woolley Hall, Maidenhead; a large part of his collection is now at Harvard; sale, Catalogue of the Valuable and Extensive Library Formed by George Dunn, Esq. (deceased) of Woolley Hall, near Maidenhead (London: Sotheby, Wilkinson & Hodge, 11-14 Feb. 1913, 2-6 Feb. 1914, 9-10 Dec. 1915, 22 Nov. 1917); F.Jenkinson, A List of the Incunabula Collected by George Dunn Arranged to Illustrate the History of Printing (Oxford, 1923)."",""ownerId"":3537,""type"":""per""}]",,,,,,,,,,,,,,,,,,,,0,
00205892-p002,00205892,2,1801,2000,19 | 20,,,,,Albert Ehrman (1890-1969); armorial book-plate.,,1,"Ehrman, Albert (1890-1969)",00012163,,per,1890 - 1969,https://aeolus.bodleian.ox.ac.uk/collections/incunables/provenances_for_mei.xml#xpointer(//*[@id= | http://thesaurus.cerl.org/record/cnp01256243,"[{""dates"":""1890 - 1969"",""externalId"":[""https://aeolus.bodleian.ox.ac.uk/collections/incunables/provenances_for_mei.xml#xpointer(//*[@id="",""http://thesaurus.cerl.org/record/cnp01256243""],""name"":""Ehrman, Albert (1890-1969)"",""note"":""diamond merchant; see Albert Ehrman, `Contemporary Collectors II: The Broxbourne Library', Book Collector, 3 (1954), 190-7; part of his collection was presented to the Bodleian Library in 1978, through the Friends of the National Libraries, by John Ehrman, in memory of his parents; now kept as the `Broxbourne Collection', so named from the village of Broxbourne, Hertfordshire, where Ehrman was then living; see `The Broxbourne Library', BLR 10 (1979), 78-80. Some items were bought at the Broxbourne sale (London: Sotheby, Parke, Bernet & Co., 14 Nov. 1977, 8 May 1978); see Nicolas Barker, `Albert Ehrman', Book Collector, 19 (1970), 455-64; `News and comments', Book Collector, 27 (1978), 83-7, 552-3; John Bidwell, `Albert Ehrman', in Grolier 2000: A Further Grolier Club Biographical Retrospective in Celebration of the Millennium (New York, 2000), 84-7."",""ownerId"":""00012163"",""type"":""per"",""variants"":[""Ehrman, Albert"",""Ehrmann, Albert"",""Broxbourne Library""]}]",,,,,,,,,,,,,,,,,,,,0,
00205892-p003,00205892,3,1801,2000,19 | 20,,,,,Ernst Philip Goldschmidt (1887-1954); green leather label and German book box with his initials.,,1,"London, E. P. Goldschmidt & Co.",4692,,per,1887 - 1954,http://thesaurus.cerl.org/record/cnc00020572,"[{""dates"":""1887 - 1954"",""externalId"":[""http://thesaurus.cerl.org/record/cnc00020572""],""name"":""London, E. P. Goldschmidt & Co."",""note"":""see R. O. Dougan, `E. Ph. Goldschmidt, 1887-1954', Library, 5th ser., 9 (1954), 74-84; Jacques Vellekoop, `Ernst Philip Goldschmidt 1887-1954: the Evolution of a Great Bookseller', Book Collector, 3 (1954), 119-24; Catalogue 39: Rare & Valuable Books [London, n.d.]."",""ownerId"":4692,""type"":""per""}]",,,,,,,,,,,,,,,,,,,,0,
00205892-p004,00205892,4,,,,,,,,,e-uk,1,"Oxford, Bodleian library",4209,,corporate,1602 -,http://thesaurus.cerl.org/record/cnc00013057,"[{""characterisation"":[""noc""],""dates"":""1602 -"",""externalId"":[""http://thesaurus.cerl.org/record/cnc00013057""],""name"":""Oxford, Bodleian library"",""ownerId"":4209,""professionOrType"":[""uni""],""type"":""corporate""}]",,,,,,,,,,,,,,,,,,,,1,
02148434-p001,02148434,1,,,,,l,a,,,,0,,,,,,,,,,,,,,,,,Tutte le xilografie sono acquerellate.,,,,,,,,,,0,"{""hasIllustrationsByHand"":""1""}"
02148434-p002,02148434,2,1801,1950,19 | 20,,k,a,,,,1,,,R110,,,,"[{""role"":""R110""}]","Legatura a mezza pelle impressa a secco e carta con motivo decorativo che imita il legno; due bindelle di cotone. Dorso con quattro nervi poco rilevati con impressioni a secco nelle caselle; nella seconda casella ""Heures a l'Usage de Rome"" impresso in oro.",,c,b,k,,176,130,27,,,,,,,,,,,0,"{""furniture"":""0"",""titling"":[""b""],""tooling"":""c""}"
02148434-p003,02148434,3,1720,,18,,e | h | n,a | c,,Etichetta a stampa della Biblioteca Nazionale sul dorso del volume.,e-it,1,"Torino, Biblioteca Nazionale Universitaria",00022179,R399,corporate,1720-,https://thesaurus.cerl.org/record/cnc00011835,"[{""characterisation"":[""noc""],""dates"":""1720-"",""externalId"":[""https://thesaurus.cerl.org/record/cnc00011835""],""name"":""Torino, Biblioteca Nazionale Universitaria"",""ownerId"":""00022179"",""professionOrType"":[""lib""],""role"":""R399"",""type"":""corporate"",""variants"":[""Torino, Biblioteca del Regio Ateneo"",""Bibliotheca Taurinensis Athenaei"",""Turin, Royal University Library""]}]",,,,,,,,,,,,,,"Timbri tondi della Biblioteca, di piccolo e di grande formato. ",,,,,,1,
02018156-p001,02018156,1,1500,,15,a,l,a,x,,e-it,1,Anonimo,460,R390,,,,"[{""name"":""Anonimo"",""ownerId"":460,""role"":""R390""}]",,,,,,,,,,Iniziali calligrafiche alternate in inchiostro rosso e blu,,,,,,,,,,0,"{""hasOrnamentalLetters"":1}"
02018156-p002,02018156,2,1876,,19,a,h,a,e,"Timbro ovale con la scritta: Biblioteca Naz. Vittorio Emanuele Roma (primo nome)


",e-it,1,Biblioteca Nazionale Centrale Vittorio Emanuele II <Roma>,381,R399,corporate,,,"[{""name"":""Biblioteca Nazionale Centrale Vittorio Emanuele II <Roma>"",""ownerId"":381,""professionOrType"":[""lib""],""role"":""R399"",""type"":""corporate"",""variants"":[""Roma, Biblioteca Nazionale Centrale Vittorio Emanuele II [Roma N]""]}]",Rilegato in occasione del restauro nel sec. XX. Legatura in pelle di colore marrone,x,c,b,b,g,,,,,,,,,,,,,,1,"{""edges"":""d"",""furniture"":0,""gauffered"":""d"",""titling"":[""z""],""tooling"":""d"",""writingOnEdges"":""d""}"
02003343-p001,02003343,1,1501,,16,a,b,ab,,vari stemmi nel volume,e-it,1,"Gonzaga, Giovanni",2783,R390,person,1474 - 1525,http://thesaurus.cerl.org/record/cnp01284040,"[{""characterisation"":[""ari""],""dates"":""1474 - 1525"",""externalId"":[""http://thesaurus.cerl.org/record/cnp01284040""],""gender"":1002,""name"":""Gonzaga, Giovanni"",""note"":""marchese di Vescovato"",""ownerId"":2783,""role"":""R390"",""type"":""person""}]",,x,c,,b,g,,,,iniziali e silografie parzialmente colorate,,,,,"[{""pattern"":""6a S.III.34""}]",,,,,1,"{""hasCoatOfArms"":""true"",""hasOramentalLetters"":""true""}"
02003343-p002,02003343,2,,,,,,,,,e-it,1,"Brescia, Biblioteca Queriniana",,R399,corporate,,,"[{""name"":""Brescia, Biblioteca Queriniana"",""role"":""R399"",""type"":""corporate""}]",,,,,,,,,,,,,,,,,,,,0,
00200622-p001,00200622,1,1497,1500,15,,b,,,"On c1r within a wreath, the arms of the Dionisi family of Verona: quarterly gules and vert, in fess a mullet or [identified by Martin Davies, Dec. 2025].  ",e-it,1,"Dionisi, family of Verona",00040109,R390,,1450-1500,,"[{""dates"":""1450-1500"",""name"":""Dionisi, family of Verona"",""note"":""Approximate dates"",""ownerId"":""00040109"",""role"":""R390""}]",,,,,,,,,,Woodcuts and initials coloured.,,,,,,,,,,1,"{""hasIllustrationsByHand"":""1""}"
00200622-p002,00200622,2,1601,1700,17,a,k,a,x,,,0,,,,,,,,Seta su piatti in cartone. Tagli colorati in rosso. Attualmente conservato in una custodia in cartone revestita in tela,u,c,b,i,g,110,85,30,,,,,,,,,,,0,"{""edges"":""b"",""gauffered"":""d"",""titling"":[""z""],""tooling"":""d"",""writingOnEdges"":""d""}"
00200622-p003,00200622,3,1715,1789,18,,,,,"It is more likely that Don Carlo Trivulzio, istead of Gian Giacomo (1774-1831), was the former owner of this book of Hours, both in consideration of the type of book, and because Gian Giacomo generally marked his books while nothing is noted in this one.",e-it,1,"Trivulzio, Carlo",2806,R390,person,1715 - 1789,http://thesaurus.cerl.org/record/cnp01427223,"[{""characterisation"":[""noc""],""dates"":""1715 - 1789"",""externalId"":[""http://thesaurus.cerl.org/record/cnp01427223""],""gender"":""1002"",""name"":""Trivulzio, Carlo"",""ownerId"":""2806"",""professionOrType"":[""unk""],""role"":""R390"",""type"":""person""}]",,,,,,,,,,,,,,,,,,,,1,
00200622-p004,00200622,4,1935,,20,a,o,a,x,Alla prima carta di guardia anteriore segnatura di collocazione a matita. In April 1935 the Trivulzio collection became the property of the city of Milan,e-it,1,Archivio storico civico e Biblioteca Trivulziana,1471,R399,corporate,,,"[{""characterisation"":[""noc""],""name"":""Archivio storico civico e Biblioteca Trivulziana"",""ownerId"":""1471"",""professionOrType"":[""lib""],""role"":""R399"",""type"":""corporate"",""variants"":[""Milano, Archivio storico civico e Biblioteca Trivulziana""]}]",,,,,,,,,,,,,,,,,,,,1,
00206978-p001,00206978,1,,,,,,,,Provenance: Printed ex-libris: 'Fratelli Guizzetti quondam Giammaria'.,,1,Guizzetti; `Fratelli Guizzetti quondam Giammaria'.,00010382,,,,"00016723 [IPI] | https://aeolus.bodleian.ox.ac.uk/collections/incunables/provenances_for_mei.xml#xpointer(//*[@id=""1541""]","[{""externalId"":[""00016723 [IPI]"",""https://aeolus.bodleian.ox.ac.uk/collections/incunables/provenances_for_mei.xml#xpointer(//*[@id=\""1541\""]""],""name"":""Guizzetti; `Fratelli Guizzetti quondam Giammaria'."",""ownerId"":""00010382"",""variants"":[""Guizzetti, fratelli quondam Gianmaria""]}]",,,,,,,,,,,,,,,,,,,,0,
00206978-p002,00206978,2,,2000,15 | 16 | 17 | 18 | 19 | 20,,,,,"Dr Betty Kurth († by 1949); stamp in violet ink on the verso of the front endleaf; sale (1949), lot 278 ([?Paris, Th. Kerver, c.1510]); purchased by Lawn.",,1,"Kurth, Dr Betty (d. by 1949)",00013051,,,- 1949,"https://aeolus.bodleian.ox.ac.uk/collections/incunables/provenances_for_mei.xml#xpointer(//*[@id=""2032""])","[{""dates"":"" - 1949"",""externalId"":[""https://aeolus.bodleian.ox.ac.uk/collections/incunables/provenances_for_mei.xml#xpointer(//*[@id=\""2032\""])""],""name"":""Kurth, Dr Betty (d. by 1949)"",""note"":""sale, Catalogue of Printed Books, Oriental Miniatures and Manuscripts... (London: Sotheby's, 11 Apr. 1949)."",""ownerId"":""00013051""}]",,,,,,,,,,,,,,,,,,,,0,
00206978-p003,00206978,3,1901,2100,20 | 21,,,,,"Dr Betty Kurth († by 1949); stamp in violet ink on the verso of the front endleaf; sale (1949), lot 278 ([?Paris, Th. Kerver, c.1510]); purchased by Lawn.",,1,"Lawn, Brian (1905-2001)",00013108,,,1905 - 2001,"https://aeolus.bodleian.ox.ac.uk/collections/incunables/provenances_for_mei.xml#xpointer(//*[@id=""2090""])","[{""dates"":""1905 - 2001"",""externalId"":[""https://aeolus.bodleian.ox.ac.uk/collections/incunables/provenances_for_mei.xml#xpointer(//*[@id=\""2090\""])""],""name"":""Lawn, Brian (1905-2001)"",""note"":""doctor and historian of medieval medicine, author of The Salernitan Questions (Oxford, 1963); for his own account of his book-collecting see Brian Lawn, `Bibliotheca Lawniana: Contemporary Collectors LV', Book Collector, 48 (1999), 54-85, 208-27; these articles are reprinted in the introduction to his own catalogue of his library; Sidney Sussex College Annual (2002), 91-2."",""ownerId"":""00013108""}]",,,,,,,,,,,,,,,,,,,,0,
00206978-p004,00206978,4,,,,,,,,,e-uk,1,"Oxford, Bodleian library",4209,,corporate,1602 -,http://thesaurus.cerl.org/record/cnc00013057,"[{""characterisation"":[""noc""],""dates"":""1602 -"",""externalId"":[""http://thesaurus.cerl.org/record/cnc00013057""],""name"":""Oxford, Bodleian library"",""ownerId"":4209,""professionOrType"":[""uni""],""type"":""corporate""}]",,,,,,,,,,,,,,,,,,,,1,
02125950-p001,02125950,1,1497,1500,15,a,l,a,g,,e-fr,1,"Anonymous, France",00010910,R430,person,1501 - 1550,,"[{""characterisation"":[""unk""],""dates"":""1501 - 1550"",""gender"":""1003"",""name"":""Anonymous, France"",""ownerId"":""00010910"",""professionOrType"":[""unk""],""role"":""R430"",""type"":""person""}]",,,,,,,,,,,"Red and blue rubrication throughout, almost certainly French. ",1497-1500,,,,,,,,0,"{""hasRubrication"":""1""}"
02125950-p002,02125950,2,1497,1550,15 | 16,a,m,a,x,,e-fr,1,"Anonymous, France",00010910,R020,person,1501 - 1550,,"[{""characterisation"":[""unk""],""dates"":""1501 - 1550"",""gender"":""1003"",""name"":""Anonymous, France"",""ownerId"":""00010910"",""professionOrType"":[""unk""],""role"":""R020"",""type"":""person""}]",,,,,,,,,,,,,"A few manuscript notes, partly illegible (fl2v), partly pen trials (ex: g8v), mostly towards the end of the book, light brown ink, probably French hand. ",,,,,,,0,"{""hasPenTrials"":""1"",""msFrequency"":""a"",""msLocation"":""d""}"
02125950-p003,02125950,3,1550,1600,16,a,a | m,a,x,On leaf KL1v: 'Bartolome Roberto'.,e-sp,1,"Bartolome, Roberto",00024279,R020,person,1500-1600,,"[{""characterisation"":[""unk""],""dates"":""1500-1600"",""gender"":""1002"",""name"":""Bartolome, Roberto"",""ownerId"":""00024279"",""professionOrType"":[""unk""],""role"":""R020"",""type"":""person""}]",,,,,,,,,,,,,Occasional pen trials close to where he signs the book. ,,,,,,,0,"{""hasPenTrials"":""1"",""msFrequency"":""a"",""msLocation"":""d""}"
02125950-p004,02125950,4,1650,1750,17 | 18,a,a,a,x,"On recto of  front free endpaper 'Del P.e Rios, Premonst.'",e-sp,1,"Rios, ? <Padre>",00024277,R390,person,1650-1750,,"[{""characterisation"":[""rel""],""dates"":""1650-1750"",""gender"":""1002"",""name"":""Rios, ? <Padre>"",""ownerId"":""00024277"",""professionOrType"":[""cle""],""role"":""R390"",""type"":""person""}]",,,,,,,,,,,,,,,,,,,,1,
02125950-p005,02125950,5,1750,1835,18 | 19,a,a | k | o,a,x,on recto of front free endpaper: 'San Norberto de Valladolid'.,e-sp,1,"Valladolid, Premonstratensians, S. Norbertus, O.Praem.",00024269,R390,corporate,1627-1835,,"[{""characterisation"":[""rel""],""dates"":""1627-1835"",""name"":""Valladolid, Premonstratensians, S. Norbertus, O.Praem."",""ownerId"":""00024269"",""professionOrType"":[""rei""],""role"":""R390"",""type"":""corporate"",""variants"":[""S. Norberto""]}]",18th c. Spanish limp vellum.,v,a,b,a,,178,118,18,,,,,,"[{""note"":""on front free endpaper: 'Caxon 11., N°. 4°.'""}]",,,,,1,"{""edges"":""d"",""furniture"":""0"",""gauffered"":""d"",""titling"":[""a""],""tooling"":""d"",""writingOnEdges"":""d""}"
02125950-p006,02125950,6,1860,1886,19,a,a,a,x,"on front free endpaper, inscription presenting the book to Mariano Rampolla, dated Salamanca 24 October 1886.",e-sp,1,"Maldonado y Carvajal, Agustin <Marqués de Castellanas>",00024270,R320,person,1837-1909,,"[{""characterisation"":[""ari""],""dates"":""1837-1909"",""gender"":""1002"",""name"":""Maldonado y Carvajal, Agustin <Marqués de Castellanas>"",""ownerId"":""00024270"",""professionOrType"":[""unk""],""role"":""R320"",""type"":""person""}]",,,,,,,,,,,,,,,,,,,,1,
02125950-p007,02125950,7,1950,1971,20,a,e,a,a,Approximate acquisition date. Vertical oval leather book label with gilt monogram 'E M' on upper margin of front pastedown. ,e-sz,1,"Maus, Edmée",00024268,R390,person,1905-1971,,"[{""characterisation"":[""noc""],""dates"":""1905-1971"",""gender"":""1001"",""name"":""Maus, Edmée"",""ownerId"":""00024268"",""professionOrType"":[""unk""],""role"":""R390"",""type"":""person""}]",,,,,,,,,,,,,,,,,,,,1,
02125950-p008,02125950,8,2017,,21,a,n | p,a,a,,e-uk-en,1,"London, Bernard Quaritch Ltd.",3460,R160,corporate,1899-,http://thesaurus.cerl.org/record/cnc00003966 | http://www.quaritch.com/about/our-history/ | https://lccn.loc.gov/n84093217,"[{""characterisation"":[""noc""],""dates"":""1899-"",""externalId"":[""http://thesaurus.cerl.org/record/cnc00003966"",""http://www.quaritch.com/about/our-history/"",""https://lccn.loc.gov/n84093217""],""name"":""London, Bernard Quaritch Ltd."",""ownerId"":""3460"",""professionOrType"":[""bkt""],""role"":""R160"",""type"":""corporate"",""variants"":[""Quaritch Ltd., London"",""Bernard Quaritch (Firm)""]}]",,,,,,,,,,,,,Stock number in pencil on rear pastedown: 'V263 col. AD/BQ'.,,,,,,,1,
02154477-p001,02154477,1,1760,,18,a,e | k | p,a,x,"On a leaf adhered to the front pastedown, the ex libris of the 'Regia Bibliotheca Melitensis' (20th century), the inventory number 44408, the former location Glass Case 15, and another inventory number, 419.",e-mm,1,National Library of Malta,00029167,R399,corporate,1555-,,"[{""characterisation"":[""unk""],""dates"":""1555-"",""gender"":""1003"",""name"":""National Library of Malta"",""ownerId"":""00029167"",""professionOrType"":[""lib""],""role"":""R399"",""type"":""corporate"",""variants"":[""Bibliotheca Tanseana ; Malta Public Library; Royal Malta Library ; Regia Bibliotheca Melitensis""]}]","Full leather over rigid boards; executed in Malta, second half of the 20th century.",x,c,b,,z,240,152,26,,,,,,,,,,1760-,1,"{""edges"":""a"",""furniture"":""0"",""gauffered"":""d"",""titling"":[""z""],""tooling"":""a"",""writingOnEdges"":""d""}"
00200656-p001,00200656,1,1500,1600,15 | 16,a,a | k,a,x,"On the front page a contemporary note in Greek, brown ink: Γολοκαοω[=π]ου του Πα[...]νου. ",e-it,1,Anonymous Italy,00015862,R390,person,1500-1600,,"[{""characterisation"":[""unk""],""dates"":""1500-1600"",""name"":""Anonymous Italy"",""ownerId"":""00015862"",""professionOrType"":[""unk""],""role"":""R390"",""type"":""person"",""variants"":[""Anonymous, Italy""]}]","Contemporary Italian, probably Venetian, blind-tooled calf, an inner panel tooled on different leather; remains of a string in the upper and lowe margins and two in the fore-edge; edgers gauffered and gilt. See De Marinis, Legatura, n°1655.",s,c,e,b,g,117,87,18,,,,,,,,,,,1,"{""edges"":""a"",""furniture"":0,""gauffered"":""a"",""tooling"":""a"",""writingOnEdges"":""d""}"
00200656-p002,00200656,2,1819,1827,19,a,n,b,,"Gianfilippi's copy is mentioned by Renouard, confirming that the book must have been purchased before 1819. Samuel Butler's sale catalogue (1841) states that the Gianfilippi's copy was estimated at 7,000 francs. ",e-it,1,"Gianfilippi, Paolino",3112,R390,person,1745 - 1827,http://thesaurus.cerl.org/record/cnp01427878,"[{""characterisation"":[""ari""],""dates"":""1745 - 1827"",""externalId"":[""http://thesaurus.cerl.org/record/cnp01427878""],""gender"":1002,""name"":""Gianfilippi, Paolino"",""ownerId"":3112,""professionOrType"":[""scl""],""role"":""R390"",""type"":""person"",""variants"":[""Filippi""]}]",,,,,,,,,,,,,,,,,,,1919,1,
00200656-p003,00200656,3,1900,,19,a,o,a,x,The date the book entered the collection is uncertain. ,e-it,1,"Verona, Biblioteca civica",3550,R399,corporate,1792 -,http://thesaurus.cerl.org/record/cnc00026222,"[{""characterisation"":[""noc""],""dates"":""1792 -"",""externalId"":[""http://thesaurus.cerl.org/record/cnc00026222""],""name"":""Verona, Biblioteca civica"",""ownerId"":3550,""professionOrType"":[""lib""],""role"":""R399"",""type"":""corporate"",""variants"":[""Verona, Biblioteca communale""]}]",,,,,,,,,,,,,,,,,,,,1,
00200662-p001,00200662,1,1497,1510,15 | 16,a,k,a,x,,e-it,1,"Anonymous, Italy",00010351,R390,person,1475 - 1525,,"[{""characterisation"":[""unk""],""dates"":""1475 - 1525"",""gender"":1003,""name"":""Anonymous, Italy"",""ownerId"":""00010351"",""professionOrType"":[""unk""],""role"":""R390"",""type"":""person""}]","Contemporary Venetian (presumably) blind-stamped calf over pasteboard, consisting of fillets, a frame formed by repetitions of a rectangular palmette tool, and punch dotting. Two green silk ties, one preserved, the other absent but for a few threads. Decorative endbands of red and yellow silk. Leaf edges perhaps lightly brown-stained, on top edge is written, perhaps sixteenth-century hand: ""VFFICIO GRECE"". Later gilt-stamped title on spine.",s,c,a,b,g,124,92,19,,,,,,,,,,,1,"{""edges"":""d"",""furniture"":1,""gauffered"":""d"",""titling"":[""b""],""tooling"":""c"",""writingOnEdges"":""a""}"
00200662-p002,00200662,2,1650,1750,17 | 18,a,a,a,x,"Inscription on a ruled parchment flyleaf placed before the first leaf: ""Jo: Battista Zabaglius Medicus Physicus""; on the recto of another parchment leaf, unruled, following the last leaf, the signature of another member of the Zabaglia family, roughly contemporary with the former: ""J Berus Zab:s V.G.B: A.V.S."" (initials not entirely certain).",e-it,1,"Zabaglia, Giovanni Battista",00011060,R390,person,,,"[{""characterisation"":[""noc""],""gender"":1002,""name"":""Zabaglia, Giovanni Battista"",""ownerId"":""00011060"",""professionOrType"":[""phy""],""role"":""R390"",""type"":""person""}]",,,,,,,,,,,,,,,,,,,,0,
00200662-p003,00200662,3,1846,1846,19,b,a,a,x,"Inscription on parchment front endleaf: ""15 giugno 1846 Dono di Fulchi in sposa ad Eugenio"" (?).",e-it,1,Fulchi,00016253,R390,person,1846,,"[{""characterisation"":[""unk""],""dates"":1846,""gender"":1001,""name"":""Fulchi"",""ownerId"":""00016253"",""professionOrType"":[""unk""],""role"":""R390"",""type"":""person""}]",,,,,,,,,,,,,,,,,,,,0,
00200662-p004,00200662,4,1900,1929,19 | 20,a,n,c,a,"Purchased by John H. Scheide from Olschki, 1929.",e-it,1,"Olschki, Leo S.",4485,R160,person,1861 - 1940,http://thesaurus.cerl.org/record/cnp01497666 | https://www.olschki.it/la-casa-editrice/la-nostra-storia,"[{""characterisation"":[""noc""],""dates"":""1861 - 1940"",""externalId"":[""http://thesaurus.cerl.org/record/cnp01497666"",""https://www.olschki.it/la-casa-editrice/la-nostra-storia""],""gender"":1002,""name"":""Olschki, Leo S."",""ownerId"":4485,""professionOrType"":[""bkt""],""role"":""R160"",""type"":""person"",""variants"":[""Olschki, Leo Samuel"",""Olschki, Leo S."",""Olschki, Leoni S."",""Olschki, Leoni Samuele"",""Olschki, Leonis S.""]}]",,,,,,,,,,,,,,,,,,,,1,
00200662-p005,00200662,5,1929,1942,20,a,m,a | c,a,"Collation note on rear pastedown: ""Collated Dec 7 1929 complete JHS"".",n-us-pa,1,"Scheide, John Hinsdale",4542,R390,person,1875 - 1942,http://thesaurus.cerl.org/record/cnp01882212,"[{""characterisation"":[""noc""],""dates"":""1875 - 1942"",""externalId"":[""http://thesaurus.cerl.org/record/cnp01882212""],""gender"":1002,""name"":""Scheide, John Hinsdale"",""ownerId"":4542,""professionOrType"":[""bus""],""role"":""R390"",""type"":""person""}]",,,,,,,,,,,,,,,,,,,,1,
00200662-p006,00200662,6,1942,2014,20 | 21,a,e,a | c,c,"Scheide bookplate on front pastedown; inherited from his father; bequeathed to Princeton, 2014.",n-us-nj,1,"Scheide, William Hurd",4541,R320,person,1914 - 2014,http://thesaurus.cerl.org/record/cnp01882211,"[{""characterisation"":[""noc""],""dates"":""1914 - 2014"",""externalId"":[""http://thesaurus.cerl.org/record/cnp01882211""],""gender"":1002,""name"":""Scheide, William Hurd"",""ownerId"":4541,""professionOrType"":[""scl""],""role"":""R320"",""type"":""person""}]",,,,,,,,,,,,,,,,,,,,1,
00200662-p007,00200662,7,2014,,21,a,n,c,c,Bequest of William H. Scheide.,n-us-nj,1,Princeton University Library,3530,R399,corporate,1750-,http://thesaurus.cerl.org/record/cnc00019995 | http://library.princeton.edu/about/history,"[{""characterisation"":[""noc""],""dates"":""1750-"",""externalId"":[""http://thesaurus.cerl.org/record/cnc00019995"",""http://library.princeton.edu/about/history""],""name"":""Princeton University Library"",""ownerId"":3530,""professionOrType"":[""uni""],""role"":""R399"",""type"":""corporate""}]",,,,,,,,,,,,,,,,,,,,1,
00200665-p001,00200665,1,1497,1550,15 | 16,a,b | l,a,x,,e-it,1,"Anonymous, Italy",00010413,R390,person,1501 - 1550,,"[{""characterisation"":[""unk""],""dates"":""1501 - 1550"",""gender"":1003,""name"":""Anonymous, Italy"",""ownerId"":""00010413"",""professionOrType"":[""unk""],""role"":""R390"",""type"":""person""}]",,,,,,,,,,"In the lower margin of α2r unidentified arms (possibly Italian): in chief an eagle, in base a lion rampant. All of α2 has full floral border and main initials are supplied in gold on a blue ground with a fine gold penwork decoration. ",,,,,,,,,,0,"{""hasCoatOfArms"":1,""hasOrnamentalLetters"":1}"
00200665-p002,00200665,2,1550,1800,16 | 17 | 18,a,a | d | e | m | o,a,x,"On front pastedown the printed label 'Societas | Iesu | + | IHS'. Als the old shelfmark : 'S.Borr..E.V.38'. On the old parchment front endleaf: 'Pie aliquae Preces || E V 42' in a sixteenth-century hand, brown ink. Also the rectangular stamp of the library, and '15' in the upper left-hand corner, also in brown ink.  ",e-it,2,"Jesuits, Italy, unidentified location | Santini",00016231 | 00016232,R390 | R110,corporate | person,1540- | 1930-2000,,"[{""characterisation"":[""rel""],""dates"":""1540-"",""name"":""Jesuits, Italy, unidentified location"",""ownerId"":""00016231"",""professionOrType"":[""rei""],""role"":""R390"",""type"":""corporate""},{""characterisation"":[""noc""],""dates"":""1930-2000"",""gender"":1002,""name"":""Santini"",""ownerId"":""00016232"",""professionOrType"":[""bkt""],""role"":""R110"",""type"":""person""}]","Twentieth-century leather with the original sixteenth-century Italian binding pasted over, consisting of a gold-tooled knotwork frame with at the centre the monogram YHS in a circular frame; two metal clasps hanging from the lower cover, and two catches on the upper cover, probably original; gilt and gauffered edges. Restored by Santini in 1979: stamp on rear pastedown.",t,c,e,b,g,125,95,20,,,,"In the lower right-hand corner of β1 and in most other gatherings, the signature is repeated following the Latin alphabet. ",,,,,,,0,"{""edges"":""a"",""furniture"":0,""gauffered"":""a"",""hasMsStructuring"":1,""tooling"":""b"",""writingOnEdges"":""d""}"
00200665-p003,00200665,3,1876,1883,19,a,h,a,x,,e-it,1,"Rome, Società Romana di Storia Patria",00016229,R390,corporate,1876,,"[{""characterisation"":[""noc""],""dates"":1876,""name"":""Rome, Società Romana di Storia Patria"",""ownerId"":""00016229"",""professionOrType"":[""acd""],""role"":""R390"",""type"":""corporate""}]",,,,,,,,,,,,,,On α2v the red stamp 'R. Società Romana | [arms with a cross] | di storia patria'.,,,,,,1,
00200665-p004,00200665,4,1883,,19,a,o,a,e,"The library of the Società Romana di Storia Patria, founded in 1876, has been housed, since 1883, in the Biblioteca Vallicelliana. ",e-it,1,"Rome, Oratorians, Biblioteca Vallicelliana",00016230,R399,corporate,1581-,,"[{""characterisation"":[""rel""],""dates"":""1581-"",""name"":""Rome, Oratorians, Biblioteca Vallicelliana"",""ownerId"":""00016230"",""professionOrType"":[""lib""],""role"":""R399"",""type"":""corporate"",""variants"":[""Roma, Biblioteca Vallicelliana""]}]",,,,,,,,,,,,,,,,,,,,1,
00201125-p001,00201125,1,1841,1883,19,,k,,,,e-uk,1,"Bedford, Francis",4030,R110,person,1799 - 1883,https://data.cerl.org/thesaurus/cnp01387277 | https://data.cerl.org/thesaurus/cni00109177,"[{""characterisation"":[""noc""],""dates"":""1799 - 1883"",""externalId"":[""https://data.cerl.org/thesaurus/cnp01387277"",""https://data.cerl.org/thesaurus/cni00109177""],""gender"":1002,""name"":""Bedford, Francis"",""ownerId"":4030,""professionOrType"":[""bkt""],""role"":""R110"",""type"":""person""}]","""Bound by F. Bedford"". Gold-tooled brown morocco.",w,c,b,b,g,120,84,,,,,,,,,,,,1,"{""edges"":""a"",""furniture"":0,""tooling"":""b""}"
00201125-p002,00201125,2,1902,1902,20,,n,,x,"Hoskier's purchase note on the recto of the second front endleaf, in blue ink: «Of Quaritch July 31. 1902 £40».",e-uk,1,"Bernard Quaritch Ltd. <London, Bookseller>",3460,R160,corporate,1899-,http://thesaurus.cerl.org/record/cnc00003966 | http://www.quaritch.com/about/our-history/ | https://lccn.loc.gov/n84093217,"[{""characterisation"":[""noc""],""dates"":""1899-"",""externalId"":[""http://thesaurus.cerl.org/record/cnc00003966"",""http://www.quaritch.com/about/our-history/"",""https://lccn.loc.gov/n84093217""],""name"":""Bernard Quaritch Ltd. <London, Bookseller>"",""ownerId"":3460,""professionOrType"":[""bkt""],""role"":""R160"",""type"":""corporate"",""variants"":[""London, Bernard Quaritch Ltd."",""Quaritch Ltd., London"",""Bernard Quaritch (Firm)""]}]",,,,,,,,,,,,,,,,,,,1902,1,
00201125-p003,00201125,3,1902,1908,20,,a,,a,"Purchased by Hoskier on 31 July 1902, for £40; Hoskier's purchase note on the recto of the second front endleaf, in blue ink: «Of Quaritch July 31. 1902 £40» and «H.C. Hoskier»; also a bibliographical note.
Catalogue of a portion of the Valuable library of H. C. Hoskier, Esq. of South Orange, New Jersey, U.S.A., containing a choice collection of rare early printed books [...] and a fine series of works issued from the presses of Aldus Manutius and his successors etc..., London, Sotheby, Wilkinson & Hodge, 29 June 1908, lot 323: «dark brown levant morocco gilt, g. e. by F. Bedford sm. 8o»  
",n-us-nj,1,"Hoskier, Herman Charles",1520,R390,person,1864–1938,http://www.britishmuseum.org/research/search_the_collection_database/term_details.aspx?bioId=96281 | https://archive.org/details/b31676984/mode/1up | https://aeolus.bodleian.ox.ac.uk/collections/incunables/provenances_for_mei.xml#xpointer(//*[@id= | http://incunables.bodleian.ox.ac.uk/provenance/record/1775,"[{""characterisation"":[""noc""],""dates"":""1864–1938"",""externalId"":[""http://www.britishmuseum.org/research/search_the_collection_database/term_details.aspx?bioId=96281"",""https://archive.org/details/b31676984/mode/1up"",""https://aeolus.bodleian.ox.ac.uk/collections/incunables/provenances_for_mei.xml#xpointer(//*[@id="",""http://incunables.bodleian.ox.ac.uk/provenance/record/1775""],""gender"":1002,""name"":""Hoskier, Herman Charles "",""ownerId"":1520,""professionOrType"":[""scl""],""role"":""R390"",""type"":""person"",""variants"":[""Hoskier, H. C.""]}]",,,,,,,,,,,,,,,,£40,GBP,£40 in London 1902,,1,
00201125-p004,00201125,4,1908,1908,20,,k,,,"Purchased by Gaston for £31 s 10 according to Book-Prices Current, 1908, no. 8842.",,1,Gaston,00016109,R390,person,1908,,"[{""dates"":1908,""name"":""Gaston"",""ownerId"":""00016109"",""role"":""R390"",""type"":""person""}]",,,,,,,,,,,,,,,,£31,GBP,£31 in 1908 London,,0,
00201125-p005,00201125,5,1922,1922,20,a,e | k | n | o | p,a | c,a,,e-uk,1,"Gennadius, Joannes",00010467,R390,person,1844-1932,https://aeolus.bodleian.ox.ac.uk/collections/incunables/provenances_for_mei.xml#xpointer(//*[@id=,"[{""characterisation"":[""noc""],""dates"":""1844-1932"",""externalId"":[""https://aeolus.bodleian.ox.ac.uk/collections/incunables/provenances_for_mei.xml#xpointer(//*[@id=""],""gender"":1002,""name"":""Gennadius, Joannes"",""ownerId"":""00010467"",""professionOrType"":[""cse""],""role"":""R390"",""type"":""person"",""variants"":[""Gennadios"",""Ιωάννης Γεννάδιος""]}]",,,,,,,,,,,,,,,,,,,1922,1,
00201125-p006,00201125,6,1922,,20,a,n | o,a | c,c,,e-gr,1,Gennadius Library,00010463,R399,corporate,1926-,,"[{""characterisation"":[""noc""],""dates"":""1926-"",""name"":""Gennadius Library"",""ownerId"":""00010463"",""professionOrType"":[""lib""],""role"":""R399"",""type"":""corporate"",""variants"":[""Athens, Gennadius Library"",""Gennadeion""]}]",,,,,,,,,,,,,,,,,,,1902-1922,1,
00200636-p001,00200636,1,1497,1500,15,,k,,,,e-it,0,,,,,,,,,s,c,a,b,g,,,,,,,,,,,,,,0,"{""furniture"":1,""tooling"":""a""}"
00200636-p002,00200636,2,1792,1818,18 | 19,,s,,,"Acquired by 1792; ANNA MARIA FIGLIOLIA MANZINI, Biblioteche e libri per studio e per diletto, in Incunaboli ed edizioni rare. La collezione di Angelo Maria D'Elci. Catalogo, ed. Angela Dillon Bussi, et al., Florence, Nardini Editore for Biblioteca Medicea Laurenziana, 1989, pp. 53-113: 105 this edition is mentioned in a letter to Bandini of 1792. D'Elci moved his collection of Aldines and incunables to Vienna during the Napoleonic period, then returned to Florence with the Restoration. ",e-it,1,"Pannocchieschi, Angelo Maria, Marchese d'Elci",00016159,R390,person,1751-1824,,"[{""characterisation"":[""ari""],""dates"":""1751-1824"",""gender"":1002,""name"":""Pannocchieschi, Angelo Maria, Marchese d'Elci"",""ownerId"":""00016159"",""professionOrType"":[""scl""],""role"":""R390"",""type"":""person""}]",,,,,,,,,,,,,,,,,,,,1,
00200636-p003,00200636,3,1818,,19,,n,,c,"D'Elci left his collection to the State (Granducato di Toscana) in 1818 and it was housed in the Laurenziana. Catalogo dei libri del conte Angiolo Maria D'Elci donati alla Imperiale e Real Libreria Mediceo-Laurenziana, [ed. Francesco Grazzini], Florence, Tipografia all'insegna di Dante, 1826, p. 54",e-it,1,"Firenze, Biblioteca Medicea Laurenziana",00016160,R399,corporate,,,"[{""characterisation"":[""noc""],""name"":""Firenze, Biblioteca Medicea Laurenziana"",""ownerId"":""00016160"",""professionOrType"":[""lib""],""role"":""R399"",""type"":""corporate""}]",,,,,,,,,,,,,,,,,,,,1,
00200625-p001,00200625,1,1520,1520,16,,a,,,inscription on rear pastedown: «Anno XX [i.e. 1520] die XVI Februarij erat an. etatis Xxiii Philippo Melanchtoni»; several Greek hymns in his hand and at the end: «Philipp Melanchton scribebat».,e-gx,1,"Melanchthon, Philipp",00010229,R020,person,1497-1560,cnp01479433,"[{""characterisation"":[""noc""],""dates"":""1497-1560"",""externalId"":[""cnp01479433""],""gender"":1002,""name"":""Melanchthon, Philipp"",""ownerId"":""00010229"",""professionOrType"":[""scl""],""role"":""R020"",""type"":""person"",""variants"":[""Schwarzerd, Philipp "",""Schwarzerdt, Philipp "",""Faventinus, Didymus <pseud.>"",""Theophilus Neocomensis <pseud.>""]}]",,,,,,,,,,,,,,,,,,,1520,1,"{""hasMsSupplements"":1,""msFrequency"":""c"",""msLocation"":""c""}"
00200625-p002,00200625,2,1500,1547,15 | 16,,a,,x,"inscription on front pastedown: «Sum joannis Hessi theology Wratislavi(ensi)s»; see PAUL LEHMANN, Aus der Bibliothek des Reformators Johannes Hessius, in Aus der Welt des Buches, Festg. z. 70. Geb. v. Georg Leyh, Leipzig, O. Harrassowitz, 1950, pp. 101-124 also MARTIN SEILS in Theologische Realenenzyklopädie, XV, Berlin, 1986, pp. 260-263.",e-pl,1,"Hess, Johann",00016114,R390,person,1490-1547,,"[{""characterisation"":[""rel""],""dates"":""1490-1547"",""gender"":1002,""name"":""Hess, Johann"",""note"":""Protestant reformer in Silesia"",""ownerId"":""00016114"",""professionOrType"":[""cle""],""role"":""R390"",""type"":""person""}]",,,,,,,,,,,,,"Heavily annotated in Greek, Latin, and a few lines in Hebrew, mainly by Hess who provided marginal and interlinear notes, Latin translation, and the infinitive of Greek verbs",,,,,,,1,"{""hasMsTranslations"":1,""msFrequency"":""e"",""msLocation"":""c""}"
00200625-p003,00200625,3,1547,1564,16,,d | k,,c,"his arms blind stamped on the rear cover. He inherited a large library from Hess, his father-in-Law; both studied with Melanchton; see UTE MENNECKE-HAUSTEIN, Conversio ad ecclesiam: der Weg des Friedrich Staphylus zurück zur vortriedentinischen katholischen Kirche, Gütersloh, Gütersloher Verlagshaus, 2003 («Quellen und Forschungen zur Reformationsgeschichte», 74).",e-gx,1,"Staphylus, Friedrich",00016115,R390,person,1512-1564,,"[{""characterisation"":[""rel""],""dates"":""1512-1564"",""gender"":1002,""name"":""Staphylus, Friedrich"",""ownerId"":""00016115"",""professionOrType"":[""ule""],""role"":""R390"",""type"":""person""}]","Contemporary German blind-tooled sheepskin over wooden boards, one clasp and catch. ",s,c,a,b,c,115,85,20,,,,,,,,,,,1,"{""furniture"":1}"
00200625-p004,00200625,4,1700,1800,17 | 18,,a,,,gold monogram on the upper left-hand corner of the front pastedown,,1,H B monogram,00016116,R390,,1700-1800,,"[{""dates"":""1700-1800"",""name"":""H B monogram"",""note"":""Approximate dates"",""ownerId"":""00016116"",""role"":""R390""}]",,,,,,,,,,,,,,,,,,,,0,
00200625-p005,00200625,5,1860,1912,19 | 20,,e,,,"ex-libris on the verso of the fourth front endleaf. OSCAR ALBERT BIERSTADT, The Library of Robert Hoe: A Contribution to the History of Bibliophilism in America, New York, Duprat & Co, 1895, p. 79 and following a description of this book; A Catalogue of books printed in foreign languages before the year 1600, forming a portion of the library of Robert Hoe of New York [=Catalogue of the Hoe library, vol. 9] New York, 1907, I, p. 232, his sale Catalogue of the Library of Robert Hoe of New York [...] to be sold by auction beginning on Monday, April 24, 1911, 4 parts, New York, The Anderson Auction Company, 12 Jan. 1912, part II, lot 1681 (this catalogue quotes Butler, Costabili and Riva as previous owners, a misunderstanding of the sale catalogues’ cuttings kept inside the volume,",n-us-ny,1,"Hoe, Robert",4483,R390,person,1839 - 1909,http://thesaurus.cerl.org/record/cnp01427258 | https://lccn.loc.gov/n79003231,"[{""characterisation"":[""noc""],""dates"":""1839 - 1909"",""externalId"":[""http://thesaurus.cerl.org/record/cnp01427258"",""https://lccn.loc.gov/n79003231""],""gender"":1002,""name"":""Hoe, Robert"",""ownerId"":4483,""professionOrType"":[""bus""],""role"":""R390"",""type"":""person""}]",,,,,,,,,,,,,,,,,,,,1,
00200625-p006,00200625,6,2002,2002,21,,s,,,Donated to the Walters library in 2002 by Mr and Mrs Alexander Armstrong.,n-us-md,1,"Armstrong, Alexander and wife",00016119,R390,person,2002,,"[{""dates"":2002,""name"":""Armstrong, Alexander and wife"",""ownerId"":""00016119"",""role"":""R390"",""type"":""person""}]",,,,,,,,,,,,,,,,,,,2002,1,
00200625-p007,00200625,7,2002,,21,,s,,b,,n-us-md,1,"Baltimore, The Walters Art Museum Library",00016120,R399,corporate,,,"[{""characterisation"":[""noc""],""name"":""Baltimore, The Walters Art Museum Library"",""ownerId"":""00016120"",""professionOrType"":[""mus""],""role"":""R399"",""type"":""corporate"",""variants"":[""Baltimore MD, The Walters Art Museum Library""]}]",,,,,,,,,,,,,,,,,,,,1,
00200634-p001,00200634,1,1497,1525,15 | 16,a,k | m,a | c,,,e-it,0,,,,,,,,"Contemporary Italian blind-tooled leather over paste-paper boards; marks of ties or clasps, no longer present.",t,c,a,b,g,,,,,,,"Various forms of the letters of the Greek alphabet in early manuscript on the front endleaf, brown ink, suggest that the books was used to learn Greek. Above each letter, supplied as many as 4 times including minuscule and majuscule forms, their pronunciation, suggesting an Italian user: alpha, uita, gamma, delta, epsilon, zita, ita, tita, iota, cappa, landa, mi, ni, xi, omicron, pi, ro, sigma, tau, ipsilon, phi, chi, psi, omega.",,,,,,,0,"{""edges"":""d"",""furniture"":1,""gauffered"":""d"",""hasMsSupplements"":1,""msFrequency"":""a"",""msLocation"":""a"",""titling"":[""z""],""tooling"":""a"",""writingOnEdges"":""d""}"
00200634-p002,00200634,2,1820,1923,19 | 20,a,a | n,a | c | e,,"Autograph of Edward Herbert, 2d earl of Powis, inside front cover (no. 356 in the Sotheby sale catalogue of books from his library, March 1923).  Shelfmark ""G. I. 4."" may be related to this ownership.",e-uk-wl,1,"Herbert, Edward <2nd Earl of Powis>",4437,R390,person,1785 - 1848,http://thesaurus.cerl.org/record/cnp01882143,"[{""characterisation"":[""ari""],""dates"":""1785 - 1848"",""externalId"":[""http://thesaurus.cerl.org/record/cnp01882143""],""gender"":1002,""name"":""Herbert, Edward <2nd Earl of Powis>"",""ownerId"":4437,""professionOrType"":[""pol""],""role"":""R390"",""type"":""person""}]",,,,,,,,,,,,,,,,,,,,1,
00200634-p003,00200634,3,1923,1932,20,a,n,a,a,"Richardson's ms. note on a clipped catalogue description mounted on front pastedown: ""Quaritch, Jan 1932""; the printed price is £70/0/0.  Probably purchased by Quaritch at the Powis sale.",e-uk-en,1,"Bernard Quaritch Ltd. <London, Bookseller>",3460,R160,corporate,1899-,http://thesaurus.cerl.org/record/cnc00003966 | http://www.quaritch.com/about/our-history/ | https://lccn.loc.gov/n84093217,"[{""characterisation"":[""noc""],""dates"":""1899-"",""externalId"":[""http://thesaurus.cerl.org/record/cnc00003966"",""http://www.quaritch.com/about/our-history/"",""https://lccn.loc.gov/n84093217""],""name"":""Bernard Quaritch Ltd. <London, Bookseller>"",""ownerId"":3460,""professionOrType"":[""bkt""],""role"":""R160"",""type"":""corporate"",""variants"":[""London, Bernard Quaritch Ltd."",""Quaritch Ltd., London"",""Bernard Quaritch (Firm)""]}]",,,,,,,,,,,,,,,,70/0/0,pounds sterling,Price in clipped catalogue description mounted on front pastedown.,,1,
00200634-p004,00200634,4,1932,1951,20,a,e,a | c,a,"Richardson's bookplate on front pastedown, with ms. note: ""Quaritch, Jan 1932"".",n-us-ma,1,"Richardson, William King",3744,R320,person,1859 - 1951,http://thesaurus.cerl.org/record/cnp01427435 | http://pds.lib.harvard.edu/pds/view/2573358?n=2326&s=6,"[{""characterisation"":[""noc""],""dates"":""1859 - 1951"",""externalId"":[""http://thesaurus.cerl.org/record/cnp01427435"",""http://pds.lib.harvard.edu/pds/view/2573358?n=2326&s=6""],""gender"":1002,""name"":""Richardson, William King"",""ownerId"":3744,""professionOrType"":[""law""],""role"":""R320"",""type"":""person""}]",,,,,,,,,,,,,,,,,,,,1,
00200634-p005,00200634,5,1951,,20,a,e,a,c,1951—Bequest of William King Richardson. WKR 2.3.15,n-us-ma,1,Harvard College Library,3523,R399,corporate,1636-,http://thesaurus.cerl.org/record/cnc00007523,"[{""characterisation"":[""noc""],""dates"":""1636-"",""externalId"":[""http://thesaurus.cerl.org/record/cnc00007523""],""name"":""Harvard College Library"",""ownerId"":3523,""professionOrType"":[""uni""],""role"":""R399"",""type"":""corporate"",""variants"":[""Harvard Library"",""Bibliotheca Harvardiana, Cambridge, Mass."",""College Library, Cambridge, Mass."",""HCL"",""Harvard College Library, Cambridge, Mass."",""Harvard College, Cambridge, Mass., Bibliotheca Harvardiana"",""Harvard College, Cambridge, Mass., Harvard Library"",""Harvard College, Cambridge, Mass., Widener Library"",""Harvard University Library"",""Harvard University, College Library"",""Harvard University, Faculty of Arts and Sciences, Library"",""Harvard University, Cambridge, Mass., Bibliotheca Harvardiana"",""Harvard University, Cambridge, Mass., College Library"",""Harvard University, Cambridge, Mass., Faculty of Arts and Sciences, Library"",""Harvard University, Cambridge, Mass., Widener Library <Harvard College>"",""Widener Library, Cambridge, Mass., Harvard College""]}]",,,,,,,,,,,,,,,,,,,,1,
00200635-p001,00200635,1,1497,1500,15,,k,,,,e-it,0,,,,,,,,"Contemporary Italian gold-tooled red morocco, with violet doublures; gilt edges. ",s,c,a,b,g,105,80,15,,,,,,,,,,,0,"{""edges"":""a"",""tooling"":""b""}"
00200635-p002,00200635,2,,1856,15 | 16 | 17 | 18 | 19,,n,,,"His sale (Paris, 1857), lot 69; sold for 800 Francs according to Brunet.",e-it,1,"Riva, Carlo",00010553,R390,person,-1856,,"[{""dates"":-1856,""gender"":1002,""name"":""Riva, Carlo"",""ownerId"":""00010553"",""professionOrType"":[""bkt""],""role"":""R390"",""type"":""person""}]",,,,,,,,,,,,,,,,,,,1857,1,
00200635-p003,00200635,3,1857,1886,19,,,,a,,e-fr,1,"Henri Eugène Philippe Louis d’Orléans, Duke of Aumale",00016158,R390,person,1822-1897,,"[{""characterisation"":[""ari""],""dates"":""1822-1897"",""gender"":1002,""name"":""Henri Eugène Philippe Louis d’Orléans, Duke of Aumale"",""ownerId"":""00016158"",""role"":""R390"",""type"":""person"",""variants"":[""Henri d’Orléans <Duc d'Aumale>""]}]",,,,,,,,,,,,,,,,,,,,1,
00200648-p001,00200648,1,1620,1654,17,b,s,b,x,"The Book is not listed in the catalogue of the Library of Saint-Victor prepared by Claude de Grandrue in 1513, which however does not appear to include any liturgical book. Henri Du Bouchet bequeathed a large collection to the Library of Saint-Victor in 1654, so the copy might have this origin. ",e-fr,1,"Bouchet, Henry Du",00016237,R390,person,1593-1654,,"[{""characterisation"":[""ari""],""dates"":""1593-1654"",""gender"":1002,""name"":""Bouchet, Henry Du"",""ownerId"":""00016237"",""professionOrType"":[""cse""],""role"":""R390"",""type"":""person""}]",,,,,,,,,,,,,,,,,,,,1,
00200648-p002,00200648,2,1654,1789,17 | 18,a,d | k,a,c,"The Book is not listed in the catalogue of the Library of Saint-Victor prepared by Claude de Grandrue in 1513, which however does not appear to include any liturgical book. Henri Du Bouchet bequeathed a large collection to the Library of Saint-Victor in 1654, so the copy might have this origin. 
 
After the Revolution, the Bibliothèque Mazarine acquired the library of Saint-Victor. ",e-fr,1,"Paris, Canons Regular, Abbey of Saint-Victor",00016236,R390,corporate,1108-1789,,"[{""characterisation"":[""rel""],""dates"":""1108-1789"",""name"":""Paris, Canons Regular, Abbey of Saint-Victor"",""ownerId"":""00016236"",""professionOrType"":[""rei""],""role"":""R390"",""type"":""corporate""}]","Green parchment, with the arms of Saint-Victor.",u,c,b,a,g,,,,,,,,,,,,,,1,"{""edges"":""d"",""furniture"":0,""gauffered"":""d"",""tooling"":""b"",""writingOnEdges"":""d""}"
00200648-p003,00200648,3,1791,,18,a,o,a,e,"After the Revolution, the Bibliothèque Mazarine acquired the library of Saint-Victor. ",e-fr,1,"Paris, Bibliothèque Mazarine",4822,R399,corporate,1643 -,http://thesaurus.cerl.org/record/cnc00020377,"[{""characterisation"":[""noc""],""dates"":""1643 - "",""externalId"":[""http://thesaurus.cerl.org/record/cnc00020377""],""name"":""Paris, Bibliothèque Mazarine"",""ownerId"":4822,""professionOrType"":[""lib""],""role"":""R399"",""type"":""corporate""}]",,,,,,,,,,,,,,,,,,,,1,
00200651-p001,00200651,1,1497,1600,15 | 16,a,m,a,x,,,1,Anonymous,00015873,R390,person,1500-1600,,"[{""characterisation"":[""unk""],""dates"":""1500-1600"",""gender"":1003,""name"":""Anonymous "",""ownerId"":""00015873"",""professionOrType"":[""unk""],""role"":""R390"",""type"":""person""}]",,,,,,,,,,,,,"On α2v an early marginal keyword in Greek, brown ink. ",,,,,,,0,"{""hasMsExtractedKeywords"":1,""msFrequency"":""a"",""msLocation"":""a""}"
00200651-p002,00200651,2,1800,,18,a,k | n,a,x,"The copy is mentioned by Renouard in 1819, but not by Van Praet, so it must have entered the collection not long before. The binding presumably was done during this period. ",e-fr,1,"Paris, Bibliothèque du Roy / Bibliothèque nationale de France",00015143,R399,corporate,1368 - 1849,,"[{""characterisation"":[""noc"",""roy""],""dates"":""1368 - 1849"",""name"":""Paris, Bibliothèque du Roy / Bibliothèque nationale de France "",""ownerId"":""00015143"",""professionOrType"":[""lib""],""role"":""R399"",""type"":""corporate"",""variants"":[""Paris, Bibliothèque nationale de France, BnF"",""Paris, Bibliothèque Impériale"",""Paris, Bibliothèque Nationale"",""Paris, Bibliothèque du Roi""]}]","Nineteenth-century gold-tooled blue russia(?); gilt turn-ins, blue marbled pastedowns; gilt edges; pink bookmark. ",w,c,b,b,g,123,87,19,,,,,,,,,,,1,"{""edges"":""a"",""furniture"":0,""gauffered"":""d"",""tooling"":""b"",""writingOnEdges"":""d""}"
00200654-p001,00200654,1,1500,1600,15 | 16,a,a | m,a,x,"On θ [theta] 6v some notes in a sixteenth-century Italian hand, light brown ink, in Latin and Italian: 'GG. p[at]er sponse L.A. pater sponsi C. [le]gatus C. Carneuale P. vesc[ov]o ordinario'.",e-it,1,"Carnevale, C. <Bishop>",00016225,R390,person,1500-1600,,"[{""characterisation"":[""rel""],""dates"":""1500-1600"",""gender"":1002,""name"":""Carnevale, C. <Bishop>"",""ownerId"":""00016225"",""professionOrType"":[""cle""],""role"":""R390"",""type"":""person"",""variants"":[""Carneuale""]}]",,,,,,,,,,,,,,,,,,,,0,"{""hasMsReadingMarks"":1,""msFrequency"":""a"",""msLocation"":""d""}"
00200654-p002,00200654,2,1838,1854,19,a,k | o,a,a,,e-at,1,"De Rossi, Giovanni Francesco",00010765,R390,person,1796-1854,,"[{""characterisation"":[""ari""],""dates"":""1796-1854"",""gender"":1002,""name"":""De Rossi, Giovanni Francesco"",""ownerId"":""00010765"",""professionOrType"":[""unk""],""role"":""R390"",""type"":""person"",""variants"":[""Rossi, Giovanni Francesco"",""De Rossi, Gian Francesco""]}]","Nineteenth-century blind- and gold-tooled red calf, with gilt edges and black pastedowns, contained in a brown calf case with Aldus's device and name; git edges. De Rossi frequently had his books rebound, so it is likely that he is also responsible for the binding.",w,c,b,b,g,100,75,15,,,,,,,,,,,1,"{""edges"":""a"",""furniture"":0,""gauffered"":""d"",""tooling"":""c"",""writingOnEdges"":""d""}"
00200654-p003,00200654,3,1855,1921,19 | 20,a,m,a,c,"'IV 26' crossed out and 'IV 31' added in pencil on the verso of the front pastedown. These are references to De Rossi's library inventory, added in manuscript by a German hand. It is known that the Fondo Rossiano came to the Vatican Library via the Austrian Jesuits.",e-at,1,"Vienna, Jesuits, SJ",00014884,R390,corporate,1551-,https://aeolus.bodleian.ox.ac.uk/collections/incunables/provenances_for_mei.xml#xpointer(//*[@id= | https://thesaurus.cerl.org/record/cnc00003950,"[{""characterisation"":[""rel""],""dates"":""1551-"",""externalId"":[""https://aeolus.bodleian.ox.ac.uk/collections/incunables/provenances_for_mei.xml#xpointer(//*[@id="",""https://thesaurus.cerl.org/record/cnc00003950""],""name"":""Vienna, Jesuits, SJ"",""ownerId"":""00014884"",""professionOrType"":[""rei""],""role"":""R390"",""type"":""corporate"",""variants"":[""Wien, Jesuiten, SJ"",""Societatis Jesu Collegium Viennensis"",""Jesuitenkolleg Wien""]}]",,,,,,,,,,,,,,,,,,,,1,
00200654-p004,00200654,4,1922,,20,a,o,a,e,,e-it,1,"Città del Vaticano, Biblioteca Apostolica Vaticana",00010766,R399,corporate,1450 -,http://thesaurus.cerl.org/record/cnc00012811,"[{""characterisation"":[""rel""],""dates"":""1450 - "",""externalId"":["" http://thesaurus.cerl.org/record/cnc00012811""],""name"":""Città del Vaticano, Biblioteca Apostolica Vaticana"",""ownerId"":""00010766"",""professionOrType"":[""lib""],""role"":""R399"",""type"":""corporate"",""variants"":[""Rome, Vatican Library""]}]",,,,,,,,,,,,,,,,,,,,1,
00200655-p001,00200655,1,1800,1900,18 | 19,b,k,a,x,Unclear whether this should be considered a separate provenance. ,e-it,1,Anonymous,00016224,R570,person,1800-1900,,"[{""characterisation"":[""unk""],""dates"":""1800-1900"",""name"":""Anonymous"",""ownerId"":""00016224"",""professionOrType"":[""unk""],""role"":""R570"",""type"":""person""}]",Nineteenth-century(?) blind- and gold-tooled (fillet only) calf in imitation of earlier binding.,w,c,b,b,g,128,92,15,,,,,,,,,,,0,"{""furniture"":0,""gauffered"":""d"",""tooling"":""c"",""writingOnEdges"":""d""}"
00200655-p002,00200655,2,1800,,18,a,h,a,x,,e-it,1,"Città del Vaticano, Biblioteca Apostolica Vaticana",00010766,R399,corporate,1450 -,http://thesaurus.cerl.org/record/cnc00012811,"[{""characterisation"":[""rel""],""dates"":""1450 - "",""externalId"":["" http://thesaurus.cerl.org/record/cnc00012811""],""name"":""Città del Vaticano, Biblioteca Apostolica Vaticana"",""ownerId"":""00010766"",""professionOrType"":[""lib""],""role"":""R399"",""type"":""corporate"",""variants"":[""Rome, Vatican Library""]}]",,,,,,,,,,,,,,"Circular stamp of the Vatican Library on a1; oval stamp of the Vatican Library on a2; on the verso of the front pastedown, in a nineteenth-century(?) hand, brown ink: 'Arm. 375-27 {inter raros perrarus}.",,,,,,1,
00200661-p001,00200661,1,1497,1525,15 | 16,a,k,b,x,,e-it,1,"Anonymous, Italy",00010351,R390,person,1475 - 1525,,"[{""characterisation"":[""unk""],""dates"":""1475 - 1525"",""gender"":1003,""name"":""Anonymous, Italy"",""ownerId"":""00010351"",""professionOrType"":[""unk""],""role"":""R390"",""type"":""person""}]","Contemporary (?) Italian blind-tooled leather over wooden boards, two clasps and catches. ",s,c,a,b,c,,,,,,,,,,,,,,0,"{""edges"":""d"",""furniture"":0,""gauffered"":""d"",""tooling"":""a"",""writingOnEdges"":""d""}"
00200661-p002,00200661,2,1710,1750,18,a,a,b,x,Inscription on front pastedown: 'Ex libris Antonii Bramanti'. ,e-it,1,"Bramanti, Domenicus Antonius",00016235,R390,person,1700-1750,,"[{""characterisation"":[""rel""],""dates"":""1700-1750"",""gender"":1002,""name"":""Bramanti, Domenicus Antonius"",""ownerId"":""00016235"",""professionOrType"":[""ule""],""role"":""R390"",""type"":""person""}]",,,,,,,,,,,,,,,,,,,,1,
00200661-p003,00200661,3,1750,,18,a,o,c,x,"It is unknown when the book entered the collection of the Fabroniana. The library holds 49 incunabula, most of which from Fabroni's (1651-1727) library, though this one is particular does now have Fabroni's usual marks of provenance. ",e-it,1,"Pistoia, Biblioteca Capitolare Fabroniana",00016234,R399,corporate,1726-,,"[{""characterisation"":[""rel""],""dates"":""1726-"",""name"":""Pistoia, Biblioteca Capitolare Fabroniana"",""ownerId"":""00016234"",""professionOrType"":[""lib""],""role"":""R399"",""type"":""corporate""}]",,,,,,,,,,,,,,,,,,,,1,
00200637-p001,00200637,1,,,,,,,,,,0,,,,,,,,,,,,,,,,,,,,,,,,,,,0,
00200637-p002,00200637,2,1497,1550,15 | 16,,a,,,"inscription in brown ink on the title page of the Brevissima introductio (α1r): «Hic Liber est meus [I]acobus de Prosperosii»; below, another sixteenth-century inscription in brown ink, possibly of a religious institution: «questo libro e san F[...]ce?»",e-it,1,"Prosperosiis, Iacobus de",00016161,R390,person,1497-1600,,"[{""dates"":""1497-1600"",""gender"":1002,""name"":""Prosperosiis, Iacobus de"",""ownerId"":""00016161"",""role"":""R390"",""type"":""person""}]","Sixteenth-century parchment; rebacked probably in the eighteenth/nineteenth century with whiter parchment; manuscript title in black ink along the spine, from the tail up: «LIBER PRAECUM AD B. MARIAM VIRG.». The book was restored in the twentieth century; probably at that stage thirteenth-century manuscript parchment bifolia were detached from the inside of the binding and bound as endleaves. Now pastedowns and three further leaves of paper have been inserted at the front and at the end. The original manuscript rear pastedown, to which ξ8 is glued, is now bound at the front. Therefore the original pastedowns have been preserved by the restaurer but have been inverted. The former owners' inscriptions on α1 of the Brevissima introductio, however, suggest that that gathering must have been bound at the front of the Horae since the sixteenth century.    
Two Italian paper labels are found on the front cover: in the lower part of the board, part of a rectangular label with printed numbering: «[missing] | [part of a Roman numeral] | 27» where the printed 7 is corrected to 8 in pen; the second label, in the upper part of the board, is octagonal, edged in a light blue frame «D | V | 15»; both belong to the same collection, probably a local aristocratic family, though we should exclude the possibility that they belong to the library of the seminary itself, in consideration of the same typology (Capital letter | Roman numeral | Arabic numeral); several other sixteenth-century books present the rectangular one, as kindly observed by the Librarian of the Seminary, Dr. Elena Gurrieri.
",t,c,e,a,g,116,85,20,,,,,,,,,,,1,
00200637-p003,00200637,3,1550,1600,16,,a,,,inscription in brown ink in the upper margin of α2r of the Brevissima introductio «Bibliothece Florentine Domus Probationis [...] [...]».,e-it,1,"Florence, Jesuits, SJ",00012310,R390,corporate,,https://aeolus.bodleian.ox.ac.uk/collections/incunables/provenances_for_mei.xml#xpointer(//*[@id=,"[{""characterisation"":[""rel""],""externalId"":[""https://aeolus.bodleian.ox.ac.uk/collections/incunables/provenances_for_mei.xml#xpointer(//*[@id=""],""name"":""Florence, Jesuits, SJ"",""ownerId"":""00012310"",""professionOrType"":[""rei""],""role"":""R390"",""type"":""corporate""}]",,,,,,,,,,,,,,,,,,,,1,
00200637-p004,00200637,4,,1783,15 | 16 | 17 | 18,,s,,,"The library of the seminary was created in 1783 with the donation by the Grand Duke of Tuscany Peter Leopold (Vienna 1747-1792) of the book holdings of the suppressed convent of the Cistercians 'del Cestello', rich in fifteenth (74 incunables are now in the library) to seventeenth editions. This book does not present the traditional ownership note «Bibliothecae Cistelli», however the rebinding operation may be responsible for the lack of evidence. Another part of the collection comes from Abbot Ferdinando Ughelli (1594-1670), the famous author of Italia Sacra; therefore this other provenance should not be excluded. ",e-it,1,"Florence, Cistercians 'del Cestello', OCist",00016162,R390,corporate,-1783,,"[{""characterisation"":[""rel""],""dates"":-1783,""name"":""Florence, Cistercians 'del Cestello', OCist"",""ownerId"":""00016162"",""professionOrType"":[""rei""],""role"":""R390"",""type"":""corporate""}]",,,,,,,,,,,,,,,,,,,,1,
00200637-p005,00200637,5,1783,,18,,s,,e,See above.,e-it,1,"Florence, Biblioteca del Seminario Arcivescovile Maggiore",00016163,R399,corporate,1783-,,"[{""characterisation"":[""rel""],""dates"":""1783-"",""name"":""Florence, Biblioteca del Seminario Arcivescovile Maggiore"",""ownerId"":""00016163"",""professionOrType"":[""rei""],""role"":""R399"",""type"":""corporate""}]",,,,,,,,,,,,,,,,,,,,1,
00200642-p001,00200642,1,1497,1521,15 | 16,a,k,a | b,g,,e-gx,1,Successor of the Minorites binder,00016261,R110,person,1476-1521,,"[{""characterisation"":[""unk""],""dates"":""1476-1521"",""gender"":1003,""name"":""Successor of the Minorites binder"",""ownerId"":""00016261"",""professionOrType"":[""bkt""],""role"":""R110"",""type"":""person""}]","Contemporary calf over wooden boards. According to Kyriss bound in Nurenberg by the 'Successor of the Minorites binder', active during the years 1476-1521.
Kyriss II, p.121, and IV, pp.100-101.",s,c,a,b,c,,,,,,,,,,,,,,1,"{""edges"":""d"",""furniture"":0,""gauffered"":""d"",""tooling"":""d"",""writingOnEdges"":""d""}"
00200642-p002,00200642,2,1497,1514,15 | 16,a,s,b,x,,e-gx,1,"Schedel, Hartmann",2816,R390,person,1440 - 1514,http://thesaurus.cerl.org/record/cnp01258297,"[{""characterisation"":[""noc""],""dates"":""1440 - 1514"",""externalId"":[""http://thesaurus.cerl.org/record/cnp01258297""],""gender"":1002,""name"":""Schedel, Hartmann"",""ownerId"":2816,""professionOrType"":[""scl""],""role"":""R390"",""type"":""person"",""variants"":[""Hartmann, Schedel"",""Hartmannus, Schedelius"",""Schedel, D. H."",""Schedel, Hartman"",""Schedelius, Hartmannus""]}]",,,,,,,,,,,,,,,,,,,,1,
00200642-p003,00200642,3,1514,1571,16,a,s,f,a,,e-gx,1,"Fugger, Johann Jakob",2814,R390,person,1516-1575,http://thesaurus.cerl.org/record/cnp01256457,"[{""characterisation"":[""noc""],""dates"":""1516-1575"",""externalId"":[""http://thesaurus.cerl.org/record/cnp01256457""],""gender"":1002,""name"":""Fugger, Johann Jakob"",""ownerId"":2814,""professionOrType"":[""bus""],""role"":""R390"",""type"":""person"",""variants"":[""Fuggerus""]}]",,,,,,,,,,,,,,,,,,,,1,
00200642-p004,00200642,4,1571,,16,a,o,c,a,,e-gx,1,Bayerische Staatsbibliothek,00013535,,corporate,1558 -,,"[{""characterisation"":[""noc""],""dates"":""1558 -"",""name"":""Bayerische Staatsbibliothek"",""ownerId"":""00013535"",""professionOrType"":[""lib""],""type"":""corporate"",""variants"":[""München, Bayerische Staatsbibliothek"",""Munich, Royal Library"",""Bibliotheca regia Monacensis"",""München, Königliche Hof- und Staatsbibliothek"",""Munchen, Koninklijke Bibliotheek""]}]",,,,,,,,,,,,,,,,,,,,1,
00200663-p001,00200663,1,1910,1962,20,a,s,c,a,,e-uk-en,1,"Mander, Geoffrey Le Mesurier, Sir",00016156,R390,person,1882-1962,,"[{""characterisation"":[""noc""],""dates"":""1882-1962"",""gender"":1002,""name"":""Mander, Geoffrey Le Mesurier, Sir"",""ownerId"":""00016156"",""professionOrType"":[""bus""],""role"":""R390"",""type"":""person""}]",,,,,,,,,,,,,,,,,,,,1,
00200663-p002,00200663,2,1962,1963,20,a,k,f,c,Bequeathed to the college in 1962. Recorded as missing in 1963.,e-uk-en,1,"Cambridge, Trinity College",00016155,R390,corporate,,,"[{""characterisation"":[""noc""],""name"":""Cambridge, Trinity College"",""ownerId"":""00016155"",""professionOrType"":[""uni""],""role"":""R390"",""type"":""corporate""}]",,,,,,,,,,,,,,,,,,,,1,
00200663-p003,00200663,3,,,,a,o,c,x,"Wanting the first and last leaves, as well as the binding. Probably the copy stolen from Trinity College, Cambridge, which had on binding, first and last leaves recognisable embossing.
",n-us-ut,1,"Provo, Utah, Brigham Young University Library",00016157,R399,corporate,,,"[{""name"":""Provo, Utah, Brigham Young University Library"",""ownerId"":""00016157"",""professionOrType"":[""uni""],""role"":""R399"",""type"":""corporate"",""variants"":[""Provo UT, Brigham Young University, Harold B. Lee Library""]}]",,,,,,,,,,,,,,,,,,,,1,
02011583-p001,02011583,1,1755,1846,18 | 19,a,k | n,c,,"Grenville copy. «The Grenville Library» stamp in green ink, on the last leaf of text; also on a paper slip with bibliographical information pasted onto the front endleaf quoting [RENOUARD], Bibliothèque d’un amateur (1819), I.41 ",e-uk,1,"Grenville, Thomas",3443,R390,person,1755 - 1846,http://thesaurus.cerl.org/record/cnp01275700 | https://aeolus.bodleian.ox.ac.uk/collections/incunables/provenances_for_mei.xml#xpointer(//*[@id=,"[{""characterisation"":[""ari""],""dates"":""1755 - 1846"",""externalId"":[""http://thesaurus.cerl.org/record/cnp01275700"",""https://aeolus.bodleian.ox.ac.uk/collections/incunables/provenances_for_mei.xml#xpointer(//*[@id=""],""gender"":1002,""name"":""Grenville, Thomas"",""ownerId"":3443,""role"":""R390"",""type"":""person""}]",,,,,,,,,,,,,,,,,,,,1,
02011583-p002,02011583,2,1847,,19,a,n,c,c,,e-uk,1,"London, British Museum Library, since 1973 The British Library",3442,R399,corporate,,https://aeolus.bodleian.ox.ac.uk/collections/incunables/provenances_for_mei.xml#xpointer(//*[@id= | http://www.bl.uk/reshelp/findhelprestype/prbooks/provenanceresearch/provenanceresearch.html,"[{""characterisation"":[""noc""],""externalId"":[""https://aeolus.bodleian.ox.ac.uk/collections/incunables/provenances_for_mei.xml#xpointer(//*[@id="",""http://www.bl.uk/reshelp/findhelprestype/prbooks/provenanceresearch/provenanceresearch.html""],""name"":""London, British Museum Library, since 1973 The British Library"",""ownerId"":3442,""role"":""R399"",""type"":""corporate"",""variants"":[""British Museum, London, Bibliotheca Britannica"",""British Museum, London, King's Library"",""King's Library, London"",""British Museum. Department of Printed Books"",""British Museum. Department of Manuscripts""]}]",,,,,,,,,,,,,,,,,,,,1,
02126726-p001,02126726,1,1614,1623,17,a,m,a,a,In ancient Greek: Venice 1614 etc. ,e-pl,1,Paweł Henik,00024612,R390,person,( -1623),,"[{""characterisation"":[""noc""],""dates"":""( -1623)"",""gender"":""1002"",""name"":""Paweł Henik"",""ownerId"":""00024612"",""professionOrType"":[""scl""],""role"":""R390"",""type"":""person"",""variants"":[""Henik, Paweł Maurycy"",""Hennik, Paweł Maurycy"",""Hennig, Paweł Maurycy"",""Henningk, Paweł Maurycy"",""Henich, Paweł Maurycy"",""Henik, Paulus""]}]","Modern binding, made by Jagiellonian Library Conservation Section ",y,a,b,a,g,103,84,17,,,,Purchase note on fly leaf. ,,,,,,1614,1,"{""edges"":""d"",""gauffered"":""d"",""provenanceImage"":[{""url"":""http://jbc.bj.uj.edu.pl/publication/386842/content""}],""titling"":[""z""],""tooling"":""d"",""writingOnEdges"":""d""}"
02126726-p002,02126726,2,1623,2007,17 | 18 | 19 | 20 | 21,a,e,a,c,PP Camaldulens[ium] Montis Argentini,e-pl,1,Eremitae Camaldulenses Montis Argentini <Camaldolese Hermits of Monte Corona> <Kameduli - Kraków>,00024613,R390,corporate,1604-,,"[{""characterisation"":[""rel""],""dates"":""1604-"",""gender"":""1003"",""name"":""Eremitae Camaldulenses Montis Argentini <Camaldolese Hermits of Monte Corona> <Kameduli - Kraków>"",""ownerId"":""00024613"",""professionOrType"":[""rei""],""role"":""R390"",""type"":""corporate"",""variants"":[""Eremus Camaldulensis Montis Argentini"",""Eremitae Camaldulenses Montis Coronae prope Cracoviam"",""Kameduli - Kraków"",""Camaldolese Hermits of Monte Corona""]}]",,y,a,b,a,g,103,84,17,,,,,,,,,,post 1623,1,"{""edges"":""d"",""gauffered"":""d"",""provenanceImage"":[{""url"":""http://jbc.bj.uj.edu.pl/publication/386842/content""}],""titling"":[""z""],""tooling"":""d"",""writingOnEdges"":""d""}"
02126726-p003,02126726,3,2007,,21,a,s,a,e,,Poland,1,Biblioteka Jagiellońska,00023040,R399,corporate,1364-,https://thesaurus.cerl.org/cgi-bin/record.pl?rid=cnc00020236 | https://thesaurus.cerl.org/cgi-bin/record.pl?rid=cnc00009341,"[{""characterisation"":[""noc""],""dates"":""1364-"",""externalId"":[""https://thesaurus.cerl.org/cgi-bin/record.pl?rid=cnc00020236"",""https://thesaurus.cerl.org/cgi-bin/record.pl?rid=cnc00009341""],""gender"":""1003"",""name"":""Biblioteka Jagiellońska"",""ownerId"":""00023040"",""professionOrType"":[""lib""],""role"":""R399"",""type"":""corporate"",""variants"":[""Biblioteka Jagiellonska"",""Collegium Maius"",""Bibliotheca Collegii Maioris"",""Bibliotheca Collegij Majoris"",""Bibliotheca Jagellonica"",""Krakow Academy Library"",""Biblioteka Akademii Krakowskiej"",""Bibliotheca Universitatis Cracoviensis"",""Bibliotheca Universitatis Iagellonicae"",""Jagiellonian University Library"",""Biblioteka Jagiellońska"",""Bibliotheca Iagellonica"",""Libraria Maioris Collegii""]}]",,y,a,b,a,g,103,84,17,,,,,,,,,,2012,1,"{""edges"":""d"",""gauffered"":""d"",""provenanceImage"":[{""url"":""http://jbc.bj.uj.edu.pl/publication/386842/content""}],""titling"":[""z""],""tooling"":""d"",""writingOnEdges"":""d""}"
00200653-p001,00200653,1,1875,1878,19,a,k,a | c,g,,e-fr,2,"Camille | Bénard, Gustave",00016227 | 00016228,R110,person,-1903,,"[{""characterisation"":[""noc""],""gender"":1002,""name"":""Camille"",""ownerId"":""00016227"",""professionOrType"":[""bkt""],""role"":""R110"",""type"":""person""},{""characterisation"":[""noc""],""dates"":-1903,""gender"":1002,""name"":""Bénard, Gustave"",""ownerId"":""00016228"",""professionOrType"":[""bkt""],""role"":""R110"",""type"":""person"",""variants"":[""Benard""]}]","Late nineteenth-century French blue levant morocco with gilt fillets; red morocco doublures gold-tooled with arabesques and leaf-sprays, in the manner of the Èves (Hoe catalogue); board edges with double gilt fillets; by the Parisian binder Camille, and finisher Gustave Bénard; ""Camille rel."" and ""Bénard dor."" stamped along the lower front turn-in; endleaves in pink silk; all edges gilt over marbling.",w,c,b,b,g,121,85,11,,,,,,,,,,,1,"{""edges"":""a"",""furniture"":0,""gauffered"":""d"",""titling"":[""b""],""tooling"":""b"",""writingOnEdges"":""d""}"
00200653-p002,00200653,2,1878,1884,19,a,s,c | e,,"This copy appears in Quaritch catalogues from 1878 (no. 8560) through 1884 (part 8 of his General catalogue, with title A catalogue of religions and superstitions, dated August 1884; no. 17447).",e-uk,1,"Quaritch, Bernard",3644,R160,person,1819 - 1899,http://thesaurus.cerl.org/record/cnp01401825 | http://thesaurus.cerl.org/record/cnp01507092 | http://thesaurus.cerl.org/record/cnp00385892,"[{""characterisation"":[""noc""],""dates"":""1819 - 1899"",""externalId"":[""http://thesaurus.cerl.org/record/cnp01401825"",""http://thesaurus.cerl.org/record/cnp01507092"",""http://thesaurus.cerl.org/record/cnp00385892""],""gender"":1002,""name"":""Quaritch, Bernard"",""ownerId"":3644,""professionOrType"":[""bkt""],""role"":""R160"",""type"":""person"",""variants"":[""Bernard Alexander Christian Quaritch"",""Quaritch"",""Anglicus, Ducange"",""Ducange, Anglicus""]}]",,,,,,,,,,,,,,,,,,,,1,
00200653-p003,00200653,3,1884,1909,19 | 20,a,e | s,a | c | e,a,"Hoe's exlbris: below, in pencil '3: 1578'. On verso of the rear endleaf in pencil 'Hoe 275'. His sale catalogue (Anderson, April 1912), part III, lot 1578. Sold for $275, according to the printed price list issued by Anderson after the sale.",n-us-ny,1,"Hoe, Robert, III",4483,R390,person,1839 - 1909,http://thesaurus.cerl.org/record/cnp01427258 | https://lccn.loc.gov/n79003231,"[{""characterisation"":[""noc""],""dates"":""1839 - 1909"",""externalId"":[""http://thesaurus.cerl.org/record/cnp01427258"",""https://lccn.loc.gov/n79003231""],""gender"":1002,""name"":""Hoe, Robert, III"",""ownerId"":4483,""professionOrType"":[""bus""],""role"":""R390"",""type"":""person"",""variants"":[""Hoe, Robert""]}]",,,,,,,,,,,,,,,,275,US dollars,"Price at which the copy sold, not which Hoe paid.",,1,
00200653-p004,00200653,4,1912,1927,20,a,s,a,a,"The book, together with Huntington's other collections, became part of the Huntington Library in 1927.",n-us-ca,1,"Huntington, Henry Edwards",3291,R390,person,1850 - 1927,http://thesaurus.cerl.org/record/cnp01447942 | https://lccn.loc.gov/n79142584,"[{""characterisation"":[""noc""],""dates"":""1850 - 1927"",""externalId"":[""http://thesaurus.cerl.org/record/cnp01447942"",""https://lccn.loc.gov/n79142584""],""gender"":1002,""name"":""Huntington, Henry Edwards"",""ownerId"":3291,""professionOrType"":[""bus""],""role"":""R390"",""type"":""person""}]",,,,,,,,,,,,,,,,,,,,1,
00200653-p005,00200653,5,1927,,20,a,o,a,c,"Acquired by Huntington in 1912, became part of the Huntington Library in 1927, after Huntington's death. ",n-us-ca,1,The Huntington,00015692,R399,corporate,,https://lccn.loc.gov/n79049138,"[{""characterisation"":[""noc""],""externalId"":[""https://lccn.loc.gov/n79049138""],""name"":""The Huntington"",""ownerId"":""00015692"",""professionOrType"":[""lib""],""role"":""R399"",""type"":""corporate"",""variants"":[""San Marino, CA, The Huntington"",""Huntington Library"",""Henry E. Huntington Library and Art Gallery"",""Huntington Library, Art Collections, and Botanical Gardens"",""Huntington Library, Art Gallery and Botanical Gardens""]}]",,,,,,,,,,,,,,,,,,,,1,
00200646-p001,00200646,1,1800,1828,18 | 19,a,n,e,a,"Listed by Renouard in his Bibliothèque d'un amateur (1819), sold with the rest of his Aldine collection in 1828. ",e-fr,1,"Renouard, Antoine Augustin",00013996,R390,person,1765-1853,,"[{""characterisation"":[""noc""],""dates"":"" 1765-1853"",""gender"":""1003"",""name"":""Renouard, Antoine Augustin"",""ownerId"":""00013996"",""professionOrType"":[""scl""],""role"":""R390"",""type"":""person""}]",,,,,,,,,,,,,,,,,,,,1,
00200646-p002,00200646,2,1828,1828,19,a,n,e,g,"Sold by Evans in 1828, lot 318.",e-uk-en,1,"Evans, Robert Harding",3435,R065,person,1778 - 1857,http://thesaurus.cerl.org/record/cnp01297716,"[{""characterisation"":[""noc""],""dates"":""1778 - 1857"",""externalId"":[""http://thesaurus.cerl.org/record/cnp01297716""],""gender"":""1002"",""name"":""Evans, Robert Harding"",""ownerId"":""3435"",""professionOrType"":[""bkt""],""role"":""R065"",""type"":""person"",""variants"":[""Evans, R.H."",""Evans, R. Harding"",""Evans, Robert H.""]}]",,,,,,,,,,,,,,,,,,,,1,
00200646-p003,00200646,3,1828,1831,19,a,k | n,e,a,The copy was later sold by Thorold's family in 1884.,e-uk-en,2,"Thorold, Sir John Hayford | Lewis, Charles",4189 | 3444,R390 | R110,person,1773 - 1831 | 1786 - 1836,http://thesaurus.cerl.org/record/cnp01162605 | http://incunables.bodleian.ox.ac.uk/provenance/record/3627 | http://thesaurus.cerl.org/record/cnp01427865,"[{""characterisation"":[""ari""],""dates"":""1773 - 1831"",""externalId"":[""http://thesaurus.cerl.org/record/cnp01162605"",""http://incunables.bodleian.ox.ac.uk/provenance/record/3627""],""gender"":""1002"",""name"":""Thorold, Sir John Hayford"",""ownerId"":""4189"",""professionOrType"":[""scl""],""role"":""R390"",""type"":""person""},{""characterisation"":[""noc""],""dates"":""1786 - 1836"",""externalId"":[""http://thesaurus.cerl.org/record/cnp01427865""],""gender"":""1002"",""name"":""Lewis, Charles"",""ownerId"":""3444"",""professionOrType"":[""bkt""],""role"":""R110"",""type"":""person"",""variants"":[""Lewis, C.""]}]","The attribution of the binding to Thorold is unconfirmed, but not unlikely: in the catalogue prepared by Renouard in 1819, the binding is described as 'tan calf', but by the time the book is sold at auction by Sotheby's, in 1884, it is described as a binding by Charles Lewis. In light of the English bindery, and of the fact that the successors of Thorold did not display a particularly strong interest in the collection, it should follow that Thorold had the book rebound soon after its purchase, in 1828, but before his death, in 1831.

Nineteenth-century gold-tooled purple morocco, with floral arabesque cornerpieces linked by three fillets; parchment endleaves, gilt edges. ",w,c,b,b,g,100,75,15,,,,,,,,,,,1,"{""edges"":""a"",""gauffered"":""d"",""tooling"":""b"",""writingOnEdges"":""d""}"
00200646-p004,00200646,4,1831,1884,19,a,,e,c,"Thorold's collection was inherited by the family upon his death, in 1831. It then remain part of the family estate until 1884, when it was sold at auction. ",e-uk-en,1,"Thorold, Family Estate",00019043,R390,corporate,1831-1884,https://books.google.ch/books?id=GwZDROw5FMgC&printsec=frontcover&source=gbs_ge_summary_r&cad=0#v=onepage&q&f=false,"[{""characterisation"":[""ari""],""dates"":""1831-1884"",""externalId"":[""https://books.google.ch/books?id=GwZDROw5FMgC&printsec=frontcover&source=gbs_ge_summary_r&cad=0#v=onepage&q&f=false""],""name"":""Thorold, Family Estate"",""ownerId"":""00019043"",""professionOrType"":[""unk""],""role"":""R390"",""type"":""corporate"",""variants"":[""Syston Park Library (Lincolnshire, England)""]}]",,,,,,,,,,,,,,,,,,,,1,
00200646-p005,00200646,5,1884,1884,19,a,n,e,g,"Sothebys' was entrusted with the sale of the Thorold collection in 1884. The copy was lot 966, and sold for £50 to Messrs. Ellis. ",e-uk-en,1,"Sotheby's <London, Auctioneer>",2381,R065,corporate,1804-,,"[{""characterisation"":[""noc""],""dates"":""1804-"",""name"":""Sotheby's <London, Auctioneer>"",""ownerId"":""2381"",""professionOrType"":[""bkt""],""role"":""R065"",""type"":""corporate"",""variants"":[""London, Sotheby's "",""Sotheby"",""Sotheby, Wilkinson and Hodge"",""Sotheby & Co."",""S. Leigh Sotheby & John Wilkinson""]}]",,,,,,,,,,,,,,,,,,,,1,
00200646-p006,00200646,6,1884,1884,19,a,n,b,a,"Purchased by Messrs. Ellis in 1884 for £50, ownership between 1884 and 1972 unknown. ",e-uk-en,1,"Ellis, Messrs.",00010418,R160,corporate,1906-1936,http://viaf.org/viaf/312811516 | https://ashrarebooks.com/2015/07/25/the-book-hunters-of-1888-4/,"[{""characterisation"":[""noc""],""dates"":""1906-1936"",""externalId"":[""http://viaf.org/viaf/312811516"",""https://ashrarebooks.com/2015/07/25/the-book-hunters-of-1888-4/""],""name"":""Ellis, Messrs."",""ownerId"":""00010418"",""professionOrType"":[""bkt""],""role"":""R160"",""type"":""corporate"",""variants"":[""London, Messrs. Ellis"",""Ellis (Firm)""]}]",,,,,,,,,,,,,,,,50,GBP,,,1,
00200646-p007,00200646,7,1972,1972,20,a,n,b,g,"Appears in the 1972 'Fine books and manuscripts' catalogue, lot 338.",n-us-ny,1,Sotheby's,2381,R065,corporate,1955-,,"[{""characterisation"":[""noc""],""dates"":""1955-"",""name"":""Sotheby's"",""ownerId"":""2381"",""professionOrType"":[""bkt""],""role"":""R065"",""type"":""corporate"",""variants"":[""London, Sotheby's "",""Sotheby"",""Sotheby, Wilkinson and Hodge"",""Sotheby & Co."",""S. Leigh Sotheby & John Wilkinson""]}]",,,,,,,,,,,,,,,,,,,,1,
00200646-p008,00200646,8,1972,,20,a,o,a,a,Purchased in 1972 by T. Kimball Brooker. ,n-us-ny,1,"Brooker, Thomas Kimball",00016241,R399,person,1939,,"[{""characterisation"":[""noc""],""dates"":""1939"",""gender"":""1002"",""name"":""Brooker, Thomas Kimball"",""ownerId"":""00016241"",""professionOrType"":[""bus""],""role"":""R399"",""type"":""person"",""variants"":[""Chicago IL, T. Kimball Brooker"",""T. Kimball Brooker"",""Thomas Kimball Brooker""]}]",,,,,,,,,,,,,,,,,,,,1,
00200633-p001,00200633,1,1504,1504,16,,a,,x,Inscription on front parchment endleaf: «Pro Fratre Conrado pellicano Rubequen. Dono Iodoci Galli Rubeaquen. Auunculi Anno 1504»,e-gx,1,"Gallus, Jodocus",00026314,R390,person,1459-1517,http://d-nb.info/gnd/102501726,"[{""dates"":""1459-1517"",""externalId"":[""http://d-nb.info/gnd/102501726""],""gender"":""1002"",""name"":""Gallus, Jodocus"",""ownerId"":""00026314"",""professionOrType"":[""ule""],""role"":""R390"",""type"":""person"",""variants"":[""Kurscherer, Jodocus""]}]","Contemporary blind-tooled calf over pasteboards; remains of a set of leather or fabric strings on both covers; flat spine; gilt and gauffered edges; re-backed. On the front cover triple fillets form a triple frame; within the outer frame no tooling; within the following frame a repeated palmette stamp; the central area is decorated with a small rectangular decorative stamp and a lozenge-shaped dragon stamp above and below it. On the rear cover, triple fillets form a quadruple frame, the second frame is made up of the repeated rectagular stamp, in the third frame also small six-petalled flower stamps. ",,,,,,122,87,16,,,,,,,,,,1504,1,
00200633-p002,00200633,2,1504,1512,16,,a,,b,See above,e-fr,1,"Pellicanus, Conradus OFM",00026282,R390,person,1478-1556,http://d-nb.info/gnd/118739867,"[{""characterisation"":[""rel""],""dates"":""1478-1556"",""externalId"":[""http://d-nb.info/gnd/118739867""],""gender"":""1002"",""name"":""Pellicanus, Conradus OFM"",""ownerId"":""00026282"",""professionOrType"":[""scl""],""role"":""R390"",""type"":""person"",""variants"":[""Pellicanus, Conrad, OFM""]}]",,,,,,,,,,,,,,,,,,,,1,
00200633-p003,00200633,3,1512,1512,16,,a,,,"Inscription on the verso of the front parchment endleaf in a neat humanist hand, brown ink: «Charissimo Amico M. Nicolao Gerbellio Pforren[sis]. Fr. Conradus Pellicanus Rubeaquen. D:D: Memo[ria?] Am[icitiae] Eth[ernae?] | M:D:XIJ | KL' Ap: | p(ro)pm»; see HEINRICH GRIMM in Neue Deutsche Biographie, VI, 1964, pp. 249-250 online",,1,"Gerbellius, Nicolaus",00016151,R390,person,1485-1560,,"[{""dates"":""1485-1560"",""gender"":""1002"",""name"":""Gerbellius, Nicolaus"",""ownerId"":""00016151"",""professionOrType"":[""scl""],""role"":""R390"",""type"":""person""}]",,,,,,,,,,,,,,,,,,,1512,1,
00200633-p004,00200633,4,1595,1627,16 | 17,,,,,,,1,"Gerbellius, Carolus",00016152,,person,1595-1627,,"[{""characterisation"":[""noc""],""dates"":""1595-1627"",""gender"":""1002"",""name"":""Gerbellius, Carolus"",""ownerId"":""00016152"",""professionOrType"":[""stu""],""type"":""person""}]",,,,,,,,,,,,,,,,,,,,1,
00200633-p005,00200633,5,1627,1627,17,,a,,a,Purchased from the library of C. Gerbellius; below Nicolaus Gerbellius' inscription: «Roberti Keonigsmanni Argentoratensis 1627 7 Idus Martias comparatus ex bibliotheca  Dn. Caroli Gerbelli»,e-fr,1,"Kingsman, Robert",00016153,R390,person,1627,,"[{""dates"":""1627"",""gender"":""1002"",""name"":""Kingsman, Robert"",""ownerId"":""00016153"",""role"":""R390"",""type"":""person""}]",,,,,,,,,,,,,,,,,,,1627,1,
00200633-p006,00200633,6,1632,1632,17,,a,,b,Below the other inscriptions: «ex dono Roberti Kingsman an. 1632 Tho. Bleck»,e-uk,1,"Bleck, Thomas",00016154,R390,person,1632,,"[{""dates"":""1632"",""gender"":""1002"",""name"":""Bleck, Thomas"",""ownerId"":""00016154"",""role"":""R390"",""type"":""person""}]",,,,,,,,,,,,,,,,,,,1632,0,
00200633-p007,00200633,7,1650,,17,,e | o,,x,"The College’s armorial bookplate dates to that period. There are the remains of a paper tab on the outer edge of the front inner cover. This would have had the pressmark written on it, in the mid-seventeenth century. The book appears not to be listed in any of the seventeenth-century catalogues of the library, but the lack of authorship may be a reason for it.  Bleck or Blech is not listed among former members of the College or the University. The book was therefore acquired by the middle of the seventeenth century, probably soon after Bleck had owned it (ex inf. Nicolas Bell). Old Trinity shelfmarks on front pastedown: 5?.14.83; A.14.62; C.1.56; N.1.1., and on the title-page: A.14.57 (crossed out) 58, brown ink.",e-uk,1,"Cambridge, Trinity College",00016155,R399,corporate,,,"[{""characterisation"":[""noc""],""name"":""Cambridge, Trinity College"",""ownerId"":""00016155"",""professionOrType"":[""uni""],""role"":""R399"",""type"":""corporate""}]",,,,,,,,,,,,,,,,,,,,1,
00200641-p001,00200641,1,1500,1945,15 | 16 | 17 | 18 | 19 | 20,a,s,c,x,,e-pl,1,"Breslau, Staats- und Universitätsbibliothek",4592,R390,corporate,- 1945,http://thesaurus.cerl.org/record/cnc00003785,"[{""characterisation"":[""noc""],""dates"":""- 1945"",""externalId"":[""http://thesaurus.cerl.org/record/cnc00003785""],""name"":""Breslau, Staats- und Universitätsbibliothek "",""ownerId"":""4592"",""professionOrType"":[""lib""],""role"":""R390"",""type"":""corporate"",""variants"":[""Breslau / Wrocław, Staats- und Universitätsbibliothek "",""Bibl. Univ. Viad. Vrat."",""Bibliotheca Regia Publica, Breslau"",""Bibliotheca Regia Universitatis Vratislaviensis"",""Bibliotheca Universitatis Viadrinae Vratislaviensis"",""Bresl. Universitätsbibliothek"",""Breslauer Universitätsbibliothek"",""Königliche und Universitätsbibliothek, Breslau"",""Universitas Viadrina Vratislaviensis, Bibliotheca"",""Universität, Bibliotheca Regia Publica, Breslau"",""Universität, Königliche und Universitätsbibliothek, Breslau"",""Universität, Staats- und Universitätsbibliothek, Breslau"",""Universität, Universitätsbibliothek, Breslau"",""Universitätsbibliothek, Breslau""]}]",,,,,,,,,,,,,,,,,,,,1,
00200641-p002,00200641,2,1945,,20,a,o,c,h,War trophy,e-ru,1,"Moscow, Rossijskaja Gosudarstvennaja Biblioteka [Russian State Library]",00016202,R399,corporate,,,"[{""characterisation"":[""noc""],""name"":""Moscow, Rossijskaja Gosudarstvennaja Biblioteka [Russian State Library]"",""ownerId"":""00016202"",""professionOrType"":[""lib""],""role"":""R399"",""type"":""corporate"",""variants"":[""Moscow Public and Rumyantsev Museum"",""State Rumyantsev Museum & Library"",""Rumyantsev State Library"",""V. I. Lenin Russian Library"",""V. I. Lenin State Library of the USSR"",""The State Order of Lenin Library of the USSR named after V. I. Lenin.""]}]",,,,,,,,,,,,,,,,,,,,1,
00200666-p001,00200666,1,1800,1900,18 | 19,a,k,a,x,,,1,Anonymous,00016224,R390,person,1800-1900,,"[{""characterisation"":[""unk""],""dates"":""1800-1900"",""name"":""Anonymous"",""ownerId"":""00016224"",""professionOrType"":[""unk""],""role"":""R390"",""type"":""person""}]",Nineteenth-century gold-tooled black morocco; gilt edges and turn-ins.,w,c,b,b,g,118,91,16,,,,,,,,,,,0,"{""edges"":""a"",""gauffered"":""d"",""tooling"":""b"",""writingOnEdges"":""d""}"
00200666-p002,00200666,2,1835,1864,19,a,a,a,a,"'Coll: Perf. Acheson 1835' on front pastedown. Dates uncertain, since the book does not appear to have been part of the Acheson sale in 1884 and now mostly at the Morgan Library in New York. ",e-uk-en,1,"Acheson, Archibald <Earl>",00010896,R390,person,1806-1864,,"[{""characterisation"":[""ari""],""dates"":""1806-1864"",""gender"":""1002"",""name"":""Acheson, Archibald <Earl>"",""ownerId"":""00010896"",""professionOrType"":[""unk""],""role"":""R390"",""type"":""person"",""variants"":[""Acheson, Archibald, 3rd Earl of Gosford"",""Archibald Brabazon Sparrow Acheson""]}]",,,,,,,,,,,,,,,,,,,,1,
00200666-p003,00200666,3,1900,1930,19 | 20,a,s,a,a,"In 1926 Vollbehr travelled to the US with his collection of 3,000 rare books, which he then sold to the Library of Congress in 1930 for $1.5 million.",e-gx,1,"Vollbehr, Otto H. F. (Heinrich Friedrich)",2820,R390,person,1869-1946,http://thesaurus.cerl.org/record/cnp01427211 | https://de.wikipedia.org/wiki/Otto_Vollbehr,"[{""characterisation"":[""noc""],""dates"":""1869-1946"",""externalId"":[""http://thesaurus.cerl.org/record/cnp01427211"",""https://de.wikipedia.org/wiki/Otto_Vollbehr""],""gender"":""1002"",""name"":""Vollbehr, Otto H. F. (Heinrich Friedrich)"",""ownerId"":""2820"",""professionOrType"":[""bus""],""role"":""R390"",""type"":""person"",""variants"":[""Vollbehr, Otto Heinrich Friedrich""]}]",,,,,,,,,,,,,,,,,,,,0,
00200666-p004,00200666,4,1930,,20,a,o,c,a,Vollbehr's collection sold to the LOC in 1930.,n-us-dc,1,"Washington, D.C. , Library of Congress",4116,R399,corporate,1800-,http://thesaurus.cerl.org/record/cnc00012752,"[{""characterisation"":[""noc""],""dates"":""1800-"",""externalId"":[""http://thesaurus.cerl.org/record/cnc00012752""],""name"":""Washington, D.C. , Library of Congress "",""ownerId"":""4116"",""professionOrType"":[""lib""],""role"":""R399"",""type"":""corporate"",""variants"":[""Washington, D.C., Library of Congress"",""LOC""]}]",,,,,,,,,,,,,,,,,,,,1,
00200632-p001,00200632,1,1766,1846,18 | 19,,s,,,,e-gx,1,"Mejan, Stephan",00016122,R390,person,1766-1846,,"[{""characterisation"":[""ari""],""dates"":""1766-1846"",""gender"":""1002"",""name"":""Mejan, Stephan"",""ownerId"":""00016122"",""role"":""R390"",""type"":""person"",""variants"":[""Mejan, Étienne"",""Mejan, Stephan"",""Mejan, Stefano""]}]",,,,,,,,,,,,,"On κ7v, κ8r, and λ1v some interlinear corrections of individual letters in light brown ink. Below the colophon, in a faint light brown ink",,,,,,,1,"{""hasMsCorrections"":""1"",""msFrequency"":""b"",""msLocation"":""d""}"
00200632-p002,00200632,2,1847,,19,,e,,a,"Mejan's library was purchased in 1847 by the Prussian King Friedrich Wilhelm IV for 64,000 tallers and given to the Royal Library in Berlin; a paper label pasted inside the front pastedown, printed: «Donum Friderici Wilhelmi IV. Regis Augustissimi Die 15. Sept. 1849. Ex Biblioth. Steph. Majan Comitis.»; on α1r circular red stamp of «Ex | Biblioth. Regia | Berolinensi»",e-gx,2,"Friedrich Wilhelm IV, King of Prussia | Berlin, Preussische Staatsbibliothek",00016148 | 4453,R320 | R399,person | corporate,1795-1861,http://thesaurus.cerl.org/record/cnc00009298 | http://thesaurus.cerl.org/record/cnc00005722 | http://staatsbibliothek-berlin.de/die-staatsbibliothek/die-gebaeude/fruehere-standorte/ | https://aeolus.bodleian.ox.ac.uk/collections/incunables/provenances_for_mei.xml#xpointer(//*[@id= | https://staatsbibliothek-berlin.de/die-staatsbibliothek/geschichte/besitzstempel/abbildungen | https://provenienz.gbv.de/Staatsbibliothek_zu_Berlin_%E2%80%93_Preu%C3%9Fischer_Kulturbesitz,"[{""characterisation"":[""roy""],""dates"":""1795-1861"",""gender"":""1002"",""name"":""Friedrich Wilhelm IV, King of Prussia"",""ownerId"":""00016148"",""role"":""R320"",""type"":""person""},{""characterisation"":[""noc""],""externalId"":["" http://thesaurus.cerl.org/record/cnc00009298"",""http://thesaurus.cerl.org/record/cnc00005722"",""http://staatsbibliothek-berlin.de/die-staatsbibliothek/die-gebaeude/fruehere-standorte/"",""https://aeolus.bodleian.ox.ac.uk/collections/incunables/provenances_for_mei.xml#xpointer(//*[@id="",""https://staatsbibliothek-berlin.de/die-staatsbibliothek/geschichte/besitzstempel/abbildungen"",""https://provenienz.gbv.de/Staatsbibliothek_zu_Berlin_%E2%80%93_Preu%C3%9Fischer_Kulturbesitz""],""name"":""Berlin, Preussische Staatsbibliothek "",""ownerId"":""4453"",""professionOrType"":[""lib""],""role"":""R399"",""type"":""corporate"",""variants"":[""Berlin, Preussische Staatsbibliothek"",""Berlin Royal Library"",""Churfürstliche Bibliothek zu Cölln an der Spree (1661-1701)"",""Berlin, Königliche Bibliothek (1701-1918)"",""Bibliotheca Regia Berolinensis"",""Bibliothek, Berlin"",""Royal Library, Berlin"",""Staatsbibliothek zu Berlin, Preußischer Kulturbesitz"",""Berlin State Library""]}]","Nineteenth-century gold-tooled dark purple cloth over pasteboards, with gilt pink silk pastedowns; gilt edges; and a pink silk bookmark. Kept in a gold-tooled (fillet) green case with gilt spine, pink inside.",w,c,b,d,g,120,90,17,,,,,,,,,,1849,1,"{""edges"":""a"",""tooling"":""b""}"
00200645-p001,00200645,1,1497,1600,15 | 16,a,a,a,x,"The back of the final leaf of text and three more added leaves are occupied by notes in a neat Greek hand: lists of articles, diphthongs, word endings; in a following leaf, in a different hand, less and possibly that of a learner, the pronunciation of the alphabet (ex. 'vita for beta'), possibly in the hand of Filippo F...chiotti or F...chietti, who signs the following leaf.",e-it,1,"F...chiotti, Filippo",00016248,R390,person,1497-1600,,"[{""characterisation"":[""unk""],""dates"":""1497-1600"",""gender"":""1002"",""name"":""F...chiotti, Filippo"",""ownerId"":""00016248"",""professionOrType"":[""unk""],""role"":""R390"",""type"":""person"",""variants"":[""F...chietti, Filippo""]}]",,,,,,,,,,,,,,,,,,,,0,
00200645-p002,00200645,2,1800,1900,18 | 19,a,k,a,x,,,1,Anonymous,00016224,R570,person,1800-1900,,"[{""characterisation"":[""unk""],""dates"":""1800-1900"",""name"":""Anonymous"",""ownerId"":""00016224"",""professionOrType"":[""unk""],""role"":""R570"",""type"":""person""}]","Nineteenth-century gold-tooled reddish/brown leather over wooden boards, with yellow edges.",w,c,b,b,c,124,88,20,,,,,,,,,,,0,"{""edges"":""b"",""furniture"":""0"",""gauffered"":""d"",""tooling"":""b"",""writingOnEdges"":""d""}"
00200645-p003,00200645,3,,1922,15 | 16 | 17 | 18 | 19 | 20,a,s,e,a,"The book was purchased on 4 Dec. 1922 by Lathrop Colgate Harper for $750.
Twentieth-century bibliographical notes on the front pastedown in pencil in French, quoting a passage referred to in Hoskier's catalogue entry: 'L'abbe Morelli de Venise m'ecrivit en 1812 que dans le seul exemplaire, qu'il avait vu...'.",n-us-ny,1,"Anderson Galleries, Inc.",00015147,R160,corporate,1903-1929,,"[{""characterisation"":[""noc""],""dates"":""1903-1929"",""name"":""Anderson Galleries, Inc."",""ownerId"":""00015147"",""professionOrType"":[""bkt""],""role"":""R160"",""type"":""corporate"",""variants"":[""New York, Anderson Galleries, Inc."",""Anderson Auction Company"",""Anderson Galleries, Inc.""]}]",,,,,,,,,,,,,,,,,,,,1,
00200645-p004,00200645,4,1922,1923,20,a,a,a | f,g,"'L.C. Harper Jan 1923' in pencil on rear pastedown. The book was purchased by Harper in 1923, then ended up in the Morgan Library. Needham argues that Harper was acting as Morgan's agent.",n-us-ny,1,"Harper, Lathrop Colgate",3848,R160,person,1867 - 1950,https://data.cerl.org/thesaurus/cnc00020536 | https://lccn.loc.gov/n50041512,"[{""characterisation"":[""noc""],""dates"":""1867 - 1950"",""externalId"":[""https://data.cerl.org/thesaurus/cnc00020536"",""https://lccn.loc.gov/n50041512""],""gender"":""1002"",""name"":""Harper, Lathrop Colgate"",""ownerId"":""3848"",""professionOrType"":[""bkt""],""role"":""R160"",""type"":""person"",""variants"":[""New York, Lathrop C. Harper, Inc."",""Lathrop Colgate Harper, Inc.""]}]",,,,,,,,,,,,,,,,750,USD,,,1,
00200645-p005,00200645,5,1923,1924,20,a,p | s,a | f,a,"The book was purchased by Harper in 1923, then ended up in the Morgan Library. Needham argues that Harper was acting as Morgan's agent.",n-us-ny,1,"Morgan, John Pierpont <junior>",00010269,R390,person,1867-1943,,"[{""characterisation"":[""noc""],""dates"":""1867-1943"",""gender"":""1002"",""name"":""Morgan, John Pierpont <junior>"",""ownerId"":""00010269"",""professionOrType"":[""bus""],""role"":""R390"",""type"":""person"",""variants"":[""J.P. Morgan""]}]",,,,,,,,,,,,,,,,,,,,1,
00200645-p006,00200645,6,1924,,20,a,o | s,a | c,b,,n-us-ny,1,"New York, Pierpont Morgan Library",2855,R399,corporate,1924 -,http://thesaurus.cerl.org/record/cnc00011865,"[{""characterisation"":[""noc""],""dates"":""1924 - "",""externalId"":[""http://thesaurus.cerl.org/record/cnc00011865""],""name"":""New York, Pierpont Morgan Library"",""ownerId"":""2855"",""professionOrType"":[""lib""],""role"":""R399"",""type"":""corporate""}]",,,,,,,,,,,,,,,,,,,,1,
00200638-p001,00200638,1,1545,1545,16,,a,,,See below,e-gx,1,Henricus Emdensis,00016164,R390,person,1545,,"[{""dates"":""1545"",""gender"":""1002"",""name"":""Henricus Emdensis"",""ownerId"":""00016164"",""role"":""R390"",""type"":""person""}]",,,,,,,,,,,,,,,,,,,,1,
00200638-p002,00200638,2,1545,1545,16,,a,,b,"on the lower margin of α1r in a humanist hand, brown ink: «In perpetuam sui memoriam. Henricus Emdensis. hinc libellum suo Bonifacio Rasorio Nuhemio DD, Martispurgi. 15.A.45 | D.N.O.» [that is 1545]; see MECHTHILD HABERMANN, Deutsche Fachtexte der FrühenNeuzeit. Naturkundlich-medizinische Wissensvermittlung im Spannungsfeld von Latein und Volkssprake, Berlin and New York, de Gruyter, 2002 («Studia linguistica Germanica», 61), p. 175 he is listed as a dedicatee of Adam Lonitzer (1528-1586). ",e-gx,1,"Nuhemius, Bonifacius Rasorius",00016165,R390,person,1545,,"[{""dates"":""1545"",""gender"":""1002"",""name"":""Nuhemius, Bonifacius Rasorius"",""ownerId"":""00016165"",""role"":""R390"",""type"":""person""}]",,,,,,,,,,,,,"Occasional writing of the number of psalms in the Latin alphabet in brown or red ink, by early hands.",,,,,,,1,"{""hasMsSupplements"":""1"",""msFrequency"":""a"",""msLocation"":""c""}"
00200638-p003,00200638,3,1550,1600,16,,a,,x,"on the upper margin of α1r, in light brown ink: «Hanns Hector Pauli». ",e-gx,1,"Pauli, Hanns Hector",00016166,R390,person,1550-1600,,"[{""dates"":""1550-1600"",""gender"":""1002"",""name"":""Pauli, Hanns Hector"",""ownerId"":""00016166"",""role"":""R390"",""type"":""person""}]",,,,,,,,,,,,,"On the lower margins of Δ7v and Δ8r some notes in brown ink, probably in Pauli’s hand; first some text in German then «Collige Thesarum qui gemmas vincat et aurum. Nempe bonos mores sint te comi[?]tur honores». ",,,,,,,0,"{""hasMsComments"":""1""}"
00200638-p004,00200638,4,1781,1781,18,,a,,,"note in pencil on the front pastedown: «Prov: F. W. v. Duve, Monumenta typografica», no. 134 (1781/82); see HELMUT KIND, Friedrich Wilhelm von Duves Inkunabelsammlung, «Gutenberg Jahrbuch», 1991, pp. 353-363.",e-gx,1,"Duve, Friedrich Wilhelm von",00016167,R390,person,1707-1785,https://data.cerl.org/thesaurus/cnp01299615,"[{""dates"":""1707-1785"",""externalId"":[""https://data.cerl.org/thesaurus/cnp01299615""],""gender"":""1002"",""name"":""Duve, Friedrich Wilhelm von"",""ownerId"":""00016167"",""role"":""R390"",""type"":""person""}]",,,,,,,,,,,,,,,,,,,,1,
00200638-p005,00200638,5,1785,,18,,h,,,circular black inl stamp: «Ex Bibliotheca Regia Acad. Georgiae Aug[uste]:» below the Annunciation woodcut,e-gx,1,"Göttingen, Universitätsbibliothek",4499,R399,corporate,1734 -,http://thesaurus.cerl.org/record/cnc00003946 | https://aeolus.bodleian.ox.ac.uk/collections/incunables/provenances_for_mei.xml#xpointer(//*[@id= | https://lccn.loc.gov/n50058564 | https://lccn.loc.gov/n81071234 | http://d-nb.info/gnd/1092094881,"[{""characterisation"":[""noc""],""dates"":""1734 - "",""externalId"":[""http://thesaurus.cerl.org/record/cnc00003946"",""https://aeolus.bodleian.ox.ac.uk/collections/incunables/provenances_for_mei.xml#xpointer(//*[@id="",""https://lccn.loc.gov/n50058564"",""https://lccn.loc.gov/n81071234"",""http://d-nb.info/gnd/1092094881""],""name"":""Göttingen, Universitätsbibliothek "",""ownerId"":""4499"",""professionOrType"":[""acd""],""role"":""R399"",""type"":""corporate"",""variants"":[""Acad. Georgia Augusta, Bibliotheca"",""Academia Georgia Augusta, Bibliotheca"",""SUB Göttingen"",""Bibliotheca Acad. Georgiae Augustae"",""Universität Bibliothek"",""University Library"",""Georg-August-Universität Göttingen, Bibliothek"",""Niedersächsische Staats- und Universitätsbibliothek Göttingen""]}]",,,,,,,,,,,,,,,,,,,,1,
00200652-p001,00200652,1,1497,1600,15 | 16,a,a | m,a,x,"Unread deleted inscription on the verso of the last leaf, in the same hand that leaves annotations in brown ink: 'Hec liber est [...] Francisci? [...] Di Lucha(?)' all crossed out. ",e-it,1,Anonymous Italy,00015862,R390,person,1500-1600,,"[{""characterisation"":[""unk""],""dates"":""1500-1600"",""name"":""Anonymous Italy"",""ownerId"":""00015862"",""professionOrType"":[""unk""],""role"":""R390"",""type"":""person"",""variants"":[""Anonymous, Italy""]}]",,,,,,,,,,,,,"Interlinear corrections, mostly word divisions, but also 's.c.' 27' or 's.c. 26'. addition of capital letters, and leaves numbering in pen with Arabic numbers. A manicula on α2r, all in an early hand, light brown ink. ",,,,,,,0,"{""hasMsCorrections"":""1"",""hasMsReadingMarks"":""1"",""msFrequency"":""c"",""msLocation"":""c""}"
00200652-p002,00200652,2,1761,,18,a,k | o,a,x,"Date of acquisition unknown, but the book must have entered the library in the eighteenth or nineteenth century. The book was presumably rebound during this period. ",e-it,1,"Biblioteca Palatina, Parma",00010932,R399,corporate,1761 -,,"[{""characterisation"":[""noc""],""dates"":""1761 -"",""name"":""Biblioteca Palatina, Parma"",""ownerId"":""00010932"",""professionOrType"":[""lib""],""role"":""R399"",""type"":""corporate"",""variants"":[""Parma, Biblioteca Palatina"",""Bibliotheca Regia Parmensis"",""Parma, Reale Biblioteca""]}]","Nineteenth-century blind and gold tooled green leather, pink silk, pastedowns, kept in a box of the same period. ",w,,b,b,g,125,88,15,,,,,,,,,,,1,"{""edges"":""d"",""furniture"":""0"",""gauffered"":""d"",""tooling"":""c"",""writingOnEdges"":""d""}"
02011333-p001,02011333,1,1800,1900,18 | 19,a,k,a,x,,,1,Anonymous,00016224,R390,person,1800-1900,,"[{""characterisation"":[""unk""],""dates"":""1800-1900"",""name"":""Anonymous"",""ownerId"":""00016224"",""professionOrType"":[""unk""],""role"":""R390"",""type"":""person""}]","Nineteenth-century gold-tooled burgundy red morocco over pasteboards, with the Aldine anchor gilt on both boards; gilt red morocco pastedowns, with the initials I.H.T. on front pastedown; Gilt edges.",w,c,,b,g,120,85,15,,,,,,,,,,,0,"{""edges"":""a"",""furniture"":0,""gauffered"":""d"",""titling"":[""a""],""tooling"":""b"",""writingOnEdges"":""d""}"
02011333-p002,02011333,2,1860,1908,19 | 20,a,e,a,a,Small armorial printed bookplate on verso of front endleaf: «Thomas Brooke FSA Armitage Bridge»,e-uk,1,"Brooke, Thomas",4180,R390,person,1830 - 1908,http://thesaurus.cerl.org/record/cnp01256028,"[{""characterisation"":[""ari""],""dates"":""1830 - 1908"",""externalId"":[""http://thesaurus.cerl.org/record/cnp01256028""],""gender"":1002,""name"":""Brooke, Thomas"",""ownerId"":4180,""professionOrType"":[""unk""],""role"":""R390"",""type"":""person"",""variants"":[""Brooke, Thomas <1st Baronet>""]}]",,,,,,,,,,,,,,,,,,,,1,
02011333-p003,02011333,3,1908,1911,20,a,e,a,c,"The book was presumably inherited by Brooke's brother, Thomas, who had died in 1908.

Printed College bookplate on recto of front endleaf recording Brooke's bequest in 1911: '1911 Bequeathed to Keble College Library by the Rev. Charles Edward Brooke, MA, Vicar of St John the Divine, Kennington, Surrey'.",e-uk-en,1,"Brooke, Charles Edward  <Brother of Sir Thomas Brooke>",4179,R390,person,1847 - 1911,http://thesaurus.cerl.org/record/cnp01881977,"[{""characterisation"":[""rel""],""dates"":""1847 - 1911"",""externalId"":[""http://thesaurus.cerl.org/record/cnp01881977""],""gender"":1002,""name"":""Brooke, Charles Edward  <Brother of Sir Thomas Brooke>"",""ownerId"":4179,""professionOrType"":[""cle""],""role"":""R390"",""type"":""person"",""variants"":[""Brooke, Charles Edward""]}]",,,,,,,,,,,,,,,,,,,,1,
02011333-p004,02011333,4,1911,,20,a,o,a,c,Bequeathed by Rev. Charles Edward Brooke (see above).,e-uk-en,1,"Oxford, Keble College",4178,R399,corporate,1870 -,http://thesaurus.cerl.org/record/cnc00011902,"[{""characterisation"":[""noc""],""dates"":""1870 - "",""externalId"":[""http://thesaurus.cerl.org/record/cnc00011902""],""name"":""Oxford, Keble College"",""ownerId"":4178,""professionOrType"":[""uni""],""role"":""R399"",""type"":""corporate""}]",,,,,,,,,,,,,,,"[{""note"":""Former shelfmark L.161 (possibly related to the College).""}]",,,,,1,
00200644-p001,00200644,1,1497,1600,15 | 16,a,a,a,x,"France, Lyons, Carmelites, sixteenth century: inscription on α2r (of Horae) 'Carmeli Lugduni S 20' in brown ink. ",e-fr,1,"Lyons, Carmelites",00016243,R390,corporate,1291-1789,,"[{""characterisation"":[""rel""],""dates"":""1291-1789"",""name"":""Lyons, Carmelites"",""ownerId"":""00016243"",""professionOrType"":[""rei""],""role"":""R390"",""type"":""corporate"",""variants"":[""Lyon""]}]",,,,,,,,,,,,,,,,,,,,1,
00200644-p002,00200644,2,1800,1900,18 | 19,,,,,,,1,Anonymous,00016224,,person,1800-1900,,"[{""characterisation"":[""unk""],""dates"":""1800-1900"",""name"":""Anonymous"",""ownerId"":""00016224"",""professionOrType"":[""unk""],""type"":""person""}]","Nineteenth-century gold-tooled red morocco, with marbled pastedowns. ",w,c,b,b,g,109,82,20,,,,,,,,,,,0,"{""furniture"":""0"",""gauffered"":""d"",""tooling"":""b"",""writingOnEdges"":""d""}"
00200644-p003,00200644,3,1902,1908,20,a,n,a,a,,n-us-nj,1,"Hoskier, Herman Charles",1520,R390,person,1864–1938,http://www.britishmuseum.org/research/search_the_collection_database/term_details.aspx?bioId=96281 | https://archive.org/details/b31676984/mode/1up | https://aeolus.bodleian.ox.ac.uk/collections/incunables/provenances_for_mei.xml#xpointer(//*[@id= | http://incunables.bodleian.ox.ac.uk/provenance/record/1775,"[{""characterisation"":[""noc""],""dates"":""1864–1938"",""externalId"":[""http://www.britishmuseum.org/research/search_the_collection_database/term_details.aspx?bioId=96281"",""https://archive.org/details/b31676984/mode/1up"",""https://aeolus.bodleian.ox.ac.uk/collections/incunables/provenances_for_mei.xml#xpointer(//*[@id="",""http://incunables.bodleian.ox.ac.uk/provenance/record/1775""],""gender"":""1002"",""name"":""Hoskier, Herman Charles "",""ownerId"":""1520"",""professionOrType"":[""scl""],""role"":""R390"",""type"":""person"",""variants"":[""Hoskier, H. C.""]}]",,,,,,,,,,,,,,,,,,,,1,
00200644-p004,00200644,4,1908,1908,20,a,n,a,g,"Sold at the Hoskier sale in 1908, lot 324. Purchased for £38 by one 'Chevalier', possibly Hoskier himself, since he then sold it to J.P. Morgan.",e-uk-en,1,Sotheby's,2381,R065,corporate,1744-,,"[{""characterisation"":[""noc""],""dates"":""1744-"",""name"":""Sotheby's"",""ownerId"":""2381"",""professionOrType"":[""bus""],""role"":""R065"",""type"":""corporate"",""variants"":[""London, Sotheby's "",""Sotheby"",""Sotheby, Wilkinson and Hodge"",""Sotheby & Co."",""S. Leigh Sotheby & John Wilkinson""]}]",,,,,,,,,,,,,,,,,,,,1,
00200644-p005,00200644,5,1900,1920,19 | 20,a,s,a,a,"It is known that the copy, at the Hoskier Sale, in 1908, was bought by one 'Chevalier'. But, soon later, Hoskier was offering for sale to J.P. Morgan this very same book, leading to suspicions that it may have been Hoskier himself.",e-uk-en,1,Chevalier <Paris>,00016244,R390,person,,,"[{""characterisation"":[""noc""],""gender"":""1002"",""name"":""Chevalier <Paris>"",""ownerId"":""00016244"",""professionOrType"":[""bkt""],""role"":""R390"",""type"":""person""}]",,,,,,,,,,,,,,,,38,GBP,,,1,
00200644-p006,00200644,6,1909,1913,20,a,e | s,a | f,a,"Purchased in 1909 for $400 according to the library's accession book. J.P. Morgan's library eventually came to form the Pierpont Library in New York, opened in 1924Morgan's gilt armorial book label on red leather. ",n-us-ny,1,"Morgan, John Pierpont <senior>",2856,R390,person,1837 - 1913,http://thesaurus.cerl.org/record/cnp01427236,"[{""characterisation"":[""noc""],""dates"":""1837 - 1913"",""externalId"":[""http://thesaurus.cerl.org/record/cnp01427236""],""gender"":""1002"",""name"":""Morgan, John Pierpont <senior>"",""ownerId"":""2856"",""professionOrType"":[""bus""],""role"":""R390"",""type"":""person""}]",,,,,,,,,,,,,,,,400,USD,,,1,
00200644-p007,00200644,7,1924,,20,a,o,a,c,"See above, J.P. Morgan. ",n-us-ny,1,"New York, Pierpont Morgan Library",2855,R399,corporate,1924 -,http://thesaurus.cerl.org/record/cnc00011865,"[{""characterisation"":[""noc""],""dates"":""1924 - "",""externalId"":[""http://thesaurus.cerl.org/record/cnc00011865""],""name"":""New York, Pierpont Morgan Library"",""ownerId"":""2855"",""professionOrType"":[""lib""],""role"":""R399"",""type"":""corporate""}]",,,,,,,,,,,,,,,,,,,,1,
00200664-p001,00200664,1,1497,1600,15 | 16,a,k | m,a,x,,e-it,1,Anonymous Italy,00015862,R390,person,1500-1600,,"[{""characterisation"":[""unk""],""dates"":""1500-1600"",""name"":""Anonymous Italy"",""ownerId"":""00015862"",""professionOrType"":[""unk""],""role"":""R390"",""type"":""person"",""variants"":[""Anonymous, Italy""]}]","Sixteenth-century Italian blind-tooled leather over bevelled wooden boards, one metal catch of triangular shape hanging from the lower board, one clasp hanging from the upper board; gilt and gauffered edges. ",t,c,a,b,c,120,90,20,,,,"On the upper margin of α2r a title-page is supplied in a neat contemporary Italian humanist hand; inside the front pastedown '1-8=36' and the title-page is supplied in a sixteenth-century hand, brown ink, at the bottom '8/1'. On ξ6r the first four lines of the Orthodox prayer present an interlinear translation in the same early humanist hand. ",,,,,,,0,"{""edges"":""a"",""furniture"":""0"",""gauffered"":""a"",""msFrequency"":""a"",""msLocation"":""d"",""tooling"":""d"",""writingOnEdges"":""d""}"
00200664-p002,00200664,2,1604,,17,a,m | o,a,x,,e-it,1,"Rome, Augustinians, Biblioteca Angelica",00016233,R399,corporate,1604-,,"[{""characterisation"":[""rel""],""dates"":""1604-"",""name"":""Rome, Augustinians, Biblioteca Angelica"",""ownerId"":""00016233"",""professionOrType"":[""lib""],""role"":""R399"",""type"":""corporate"",""variants"":[""Roma, Biblioteca Angelica""]}]",,,,,,,,,,,,,"Below the title-page in humanist hand, '7408' in fine red ink, probably eighteenth-century.",,,,,,,1,"{""msFrequency"":""a"",""msLocation"":""d""}"
00200667-p001,00200667,1,1497,1550,15 | 16,a,m,a,,,,1,Anonymous Greek,00015872,R020,person,1500-1600,,"[{""characterisation"":[""unk""],""dates"":""1500-1600"",""gender"":""1003"",""name"":""Anonymous Greek"",""ownerId"":""00015872"",""professionOrType"":[""unk""],""role"":""R020"",""type"":""person"",""variants"":[""Anonymous, Greek""]}]",,,,,,,,,,,,,"A neat contemporary ms note of 10 lines in Greek added to the final blank page. The first two lines are centred as if a heading, and the final, shorter line is centred below the main body. ",,,,,,,0,"{""msFrequency"":""a"",""msLocation"":""d""}"
00200667-p002,00200667,2,1501,1600,16,a,k,a,x,,,1,"Anonymous binder, Italy",00023853,R110,person,1501-1600,,"[{""characterisation"":[""unk""],""dates"":""1501-1600"",""gender"":""1003"",""name"":""Anonymous binder, Italy"",""ownerId"":""00023853"",""professionOrType"":[""unk""],""role"":""R110"",""type"":""person""}]","Sixteenth-century dark brown calf over bevelled boards, stamped in blind on both covers with rules, crosses, and flowers, all edges gilt and gauffered, with two raised bands on the spine and headbands. Originally with a single clasp on the fore-edge, this is now lacking, but traces remain, notably a rivet on the upper cover. Parchment endleaves from two different contemporary Latin manuscript fragments are present immediately before and after the 1497 textblock, wrapped around the first and last quires respectively, with subs visible. Stored in a pull-off case covered with chemical calf and lined with printed decorated paper. ",t,c,a,b,g,107,83,24,,,,,,,,,,,0,"{""edges"":""a"",""furniture"":""0"",""gauffered"":""a"",""titling"":[""z""],""tooling"":""a"",""writingOnEdges"":""d""}"
00200667-p003,00200667,3,1673,1700,17,a,h,a,x,,e-it,2,"Casanate, Girolamo",00010736,R390,person,1620-1700,,"[{""role"":""R390"",""type"":""person""},{""characterisation"":[""rel""],""dates"":""1620-1700"",""gender"":""1002"",""name"":""Casanate, Girolamo"",""ownerId"":""00010736"",""professionOrType"":[""cle""],""role"":""R390"",""type"":""person""}]",,,,,,,,,,,,,,"An ownership mark is stamped in red at the foot of the title-page, consisting of an oval formed by a double rule, within which is a castle (or tower), surmounted by a six-pointed star and surrounded by the letters H C C (= Hieronymus Casanate Cardinale).",,,,,,1,"{""provenanceImage"":[{""display"":""Image of the stamp in the on-line version of Frits Lugt, Les Marques de Collections de Dessins & d’Estampes."",""url"":""http://www.marquesdecollections.fr/detail.cfm/marque/12073""}]}"
00200667-p004,00200667,4,1850,1888,19,a,e | r,a,a,Sold by Sotheby's at the Crawford sale in 1891. Crawford's bookplate on the front pastedown and inside the case.,e-ie,1,"Crawford, William Horatio",3710,R390,person,1815 - 1888,http://thesaurus.cerl.org/record/cnp01427559 | https://aeolus.bodleian.ox.ac.uk/collections/incunables/provenances_for_mei.xml#xpointer(//*[@id=,"[{""characterisation"":[""noc""],""dates"":""1815 - 1888"",""externalId"":[""http://thesaurus.cerl.org/record/cnp01427559"",""https://aeolus.bodleian.ox.ac.uk/collections/incunables/provenances_for_mei.xml#xpointer(//*[@id=""],""gender"":""1002"",""name"":""Crawford, William Horatio"",""ownerId"":""3710"",""professionOrType"":[""bus""],""role"":""R390"",""type"":""person""}]",,,,,,,,,,,,,,,,,,,,1,
00200667-p005,00200667,5,1891,1891,19,a,r,a,g,"Sotheby's Crawford sale, 12 March 1891, lot 1612: 'oak boards, covered in stamped leather requiring to be rebacked, gilt gaufré edges, in a case'.",e-uk-en,1,"Sotheby's <London, Auctioneer>",2381,R065,corporate,1881-,,"[{""characterisation"":[""noc""],""dates"":""1881-"",""name"":""Sotheby's <London, Auctioneer>"",""ownerId"":""2381"",""professionOrType"":[""bkt""],""role"":""R065"",""type"":""corporate"",""variants"":[""London, Sotheby's "",""Sotheby"",""Sotheby, Wilkinson and Hodge"",""Sotheby & Co."",""S. Leigh Sotheby & John Wilkinson""]}]",,,,,,,,,,,,,,,,,,,,1,
00200667-p006,00200667,6,1891,1913,19 | 20,a,n,e,a,"According to the British Library annotated catalogue of the Crawford sale, it sold for £49 to ""Ellis"", which would at that time have been the firm of Ellis & Elvey. The book then appears in the successor firm Messrs. Ellis's catalogue no. 150, London 1913: 'in the original oak boards, covered with stamped leather, gilt gauffré edges, £60'. It was purchased by Drake from a later unidentified Ellis catalogue, in which it was number 269, for £60.",e-uk-en,1,"Ellis, Messrs.",00010418,R160,corporate,1906-1936,http://viaf.org/viaf/312811516 | https://ashrarebooks.com/2015/07/25/the-book-hunters-of-1888-4/,"[{""characterisation"":[""noc""],""dates"":""1906-1936"",""externalId"":[""http://viaf.org/viaf/312811516"",""https://ashrarebooks.com/2015/07/25/the-book-hunters-of-1888-4/""],""name"":""Ellis, Messrs."",""ownerId"":""00010418"",""professionOrType"":[""bkt""],""role"":""R160"",""type"":""corporate"",""variants"":[""London, Messrs. Ellis"",""Ellis (Firm)""]}]",,,,,,,,,,,,,,,,49/-/-,GBP,,,1,
00200667-p007,00200667,7,1916,1916,20,a,s,e | f,a,"Purchased by James F. Drake of New York, from an unidentified Ellis catalogue in which it was item 269, perhaps on commission for Chapin, who purchased it from Drake on 30 December 1916 for about $286.30.",n-us-ny,1,"James F. Drake, Inc.",00016196,R160,corporate,1911-1965,,"[{""characterisation"":[""noc""],""dates"":""1911-1965"",""name"":""James F. Drake, Inc."",""ownerId"":""00016196"",""professionOrType"":[""bkt""],""role"":""R160"",""type"":""corporate"",""variants"":[""New York, James F. Drake, Inc.""]}]",,,,,,,,,,,,,,,,60/-/-,GBP,,,1,
00200667-p008,00200667,8,1916,1923,20,a,s,a | f,a,"Approximate dates. Chapin acquired the copy on 30 December 1916 from James F. Drake of New York, for approximately $286.30; Drake had purchased it from Messrs. Ellis, probably earlier that year.",n-us-ny,1,"Chapin, Alfred Clark",00016191,R390,person,1848-1936,https://specialcollections.williams.edu/chapin/alfred-clark-chapin-1848-1936/ | https://lccn.loc.gov/n2020027093 | https://en.wikipedia.org/wiki/Alfred_C._Chapin,"[{""characterisation"":[""noc""],""dates"":""1848-1936"",""externalId"":[""https://specialcollections.williams.edu/chapin/alfred-clark-chapin-1848-1936/"",""https://lccn.loc.gov/n2020027093"",""https://en.wikipedia.org/wiki/Alfred_C._Chapin""],""gender"":""1002"",""name"":""Chapin, Alfred Clark"",""ownerId"":""00016191"",""professionOrType"":[""pol""],""role"":""R390"",""type"":""person""}]",,,,,,,,,,,,,,,,286.30,US dollars,,,1,
00200667-p009,00200667,9,1923,,20,a,e | s,a,b,"The gift of Alfred Clark Chapin at the founding of the Chapin Library, February 1923.  Bookplate of the Chapin Library.",n-us-ma,1,"Williamstown MA, Williams College",00016195,R399,corporate,1793-,,"[{""characterisation"":[""noc""],""dates"":""1793-"",""name"":""Williamstown MA, Williams College"",""ownerId"":""00016195"",""professionOrType"":[""uni""],""role"":""R399"",""type"":""corporate"",""variants"":[""Williamstown MA, Williams College, Chapin Library""]}]",,,,,,,,,,,,,,,,,,,,1,
00200647-p001,00200647,1,1497,1525,15 | 16,a,k,a,x,,e-it,1,"Anonymous, Italy",00010351,R390,person,1475 - 1525,,"[{""characterisation"":[""unk""],""dates"":""1475 - 1525"",""gender"":""1003"",""name"":""Anonymous, Italy"",""ownerId"":""00010351"",""professionOrType"":[""unk""],""role"":""R390"",""type"":""person""}]","Contemporary Italian, probably Venetian, blind-tooled morocco. Tow clasps and catches lost. Quadruple fillets forma  quadruple frame; within the second frame a repeated stamp of quatrefoils and lozenges contained within saltires. In the inner rectangle is a row of five impressions on a floral stamp. On the spine single intersecting fillets form a pattern of lozenges. ",t,c,a,b,g,113,83,19,,,,,,,,,,,1,"{""edges"":""d"",""gauffered"":""d"",""tooling"":""a"",""writingOnEdges"":""d""}"
00200647-p002,00200647,2,1800,1839,18 | 19,a,n | s,a | e,a,"The book is listed in Bodley's annotated catalogue of the Butler's sale, in the Butler's catalogue sale (Christie & Manson, 1840), and in a Payne & Foss catalogue (1841) as a reference.",e-uk-en,1,"Butler, Samuel (1774-1839)",00011668,R390,person,1774 - 1839,https://aeolus.bodleian.ox.ac.uk/collections/incunables/provenances_for_mei.xml#xpointer(//*[@id=; http://thesaurus.cerl.org/record/cnp00990945,"[{""characterisation"":[""rel""],""dates"":""1774 - 1839"",""externalId"":[""https://aeolus.bodleian.ox.ac.uk/collections/incunables/provenances_for_mei.xml#xpointer(//*[@id=; http://thesaurus.cerl.org/record/cnp00990945""],""name"":""Butler, Samuel (1774-1839)"",""ownerId"":""00011668"",""professionOrType"":[""scl""],""role"":""R390"",""type"":""person"",""variants"":[""Butler, Samuel""]}]",,,,,,,,,,,,,,,,,,,1840,1,
00200647-p003,00200647,3,1840,1840,19,a,n,a | e,g,"Christie & Manson was responsible for the auction of Samuel Butler's library in 1840. See 'Catalogue of the Library of the Late Right Rev  Samuel Butler D. D., Lord Bishop of Lichfield'. London, Christie & Mason, pt 1, 23 Mar,; pt 2, 1 June [Aldines], 1840.",e-uk-en,1,"London, Christie's",00015321,R065,corporate,,,"[{""characterisation"":[""noc""],""name"":""London, Christie's"",""ownerId"":""00015321"",""professionOrType"":[""bkt""],""role"":""R065"",""type"":""corporate"",""variants"":[""Christie, Manson and Woods"",""London, Christie ""]}]",,,,,,,,,,,,,,,,,,,,1,
00200647-p004,00200647,4,1840,,19,a,h | n | o | s,a,a,Purchased at the Butler's sale for £ 35/14/6.,e-uk-en,1,"Oxford, Bodleian library",4209,R399,corporate,1602 -,http://thesaurus.cerl.org/record/cnc00013057,"[{""characterisation"":[""noc""],""dates"":""1602 -"",""externalId"":[""http://thesaurus.cerl.org/record/cnc00013057""],""name"":""Oxford, Bodleian library"",""ownerId"":""4209"",""professionOrType"":[""uni""],""role"":""R399"",""type"":""corporate""}]",,,,,,,,,,,,,,,,35/14/6,GBP,,,1,
00200639-p001,00200639,1,1497,1810,15 | 16 | 17 | 18 | 19,,a,,,«s. Camaldulen. eremit» in a fifteenth/sixteenth-century hand on α2r.,e-it,1,"Murano, Camaldolesi, S. Michael, OSBCam",3549,R390,corporate,1212 - 1810,"http://thesaurus.cerl.org/record/cnc00026146 | https://aeolus.bodleian.ox.ac.uk/collections/incunables/provenances_for_mei.xml#xpointer(//*[@id=""3774""])","[{""characterisation"":[""rel""],""dates"":""1212 - 1810"",""externalId"":[""http://thesaurus.cerl.org/record/cnc00026146"",""https://aeolus.bodleian.ox.ac.uk/collections/incunables/provenances_for_mei.xml#xpointer(//*[@id=\""3774\""])""],""name"":""Murano, Camaldolesi, S. Michael, OSBCam"",""ownerId"":""3549"",""professionOrType"":[""rei""],""role"":""R390"",""type"":""corporate"",""variants"":[""Murano, Monastero di San Michele in Isola"",""Monasterium sancti Michaelis de Muriano Venetiarum""]}]",,,,,,,,,,,,,,,,,,,,1,
00200639-p002,00200639,2,1800,1825,18 | 19,,k,,,,e-fr,0,,,,,,,,"French (Paris?) c.1800-1825 gold-tooled blue straight-grain goatskin over boards, with marbled pastedowns and gilt edges. ",w,,b,b,g,117,86,17,,,,,,,,,,,0,"{""edges"":""a"",""tooling"":""b""}"
00200639-p003,00200639,3,1895,1895,19,,n,,,"Bibliotheca Liturgica, a catalogue of the liturgical literature of the Christian Churches [...], London, Bernard Quaritch, cat. 154, 1895, no. 265 «title in facsimile; fine copy in old black seal-skin, inscription on first leaf: «s. Camaldulen. eremi», at beg. sixteenth century; title lacking»; on sale for £15",e-uk,1,"Quaritch, Bernard",3644,R160,person,1819 - 1899,http://thesaurus.cerl.org/record/cnp01401825 | http://thesaurus.cerl.org/record/cnp01507092 | http://thesaurus.cerl.org/record/cnp00385892,"[{""characterisation"":[""noc""],""dates"":""1819 - 1899"",""externalId"":[""http://thesaurus.cerl.org/record/cnp01401825"",""http://thesaurus.cerl.org/record/cnp01507092"",""http://thesaurus.cerl.org/record/cnp00385892""],""gender"":""1002"",""name"":""Quaritch, Bernard"",""ownerId"":""3644"",""professionOrType"":[""bkt""],""role"":""R160"",""type"":""person"",""variants"":[""Bernard Alexander Christian Quaritch"",""Quaritch"",""Anglicus, Ducange"",""Ducange, Anglicus""]}]",,,,,,,,,,,,,,,,£15,GBP,£15 on sale in London in 1895,1895,1,
00200639-p004,00200639,4,1991,1991,20,,n,,,"Purchased by UCLA at Christie's London, Books and manuscripts, 26 June 1991.",e-uk,1,Christie's,00015321,R065,corporate,1766-,,"[{""characterisation"":[""noc""],""dates"":""1766-"",""gender"":""1003"",""name"":""Christie's"",""ownerId"":""00015321"",""professionOrType"":[""bkt""],""role"":""R065"",""type"":""corporate"",""variants"":[""London, Christie's"",""Christie, Manson and Woods"",""London, Christie ""]}]",,,,,,,,,,,,,,,,,,,1991,1,
00200639-p005,00200639,5,1991,,20,,n,,a,,n-us-ca,1,"Los Angeles, University of California UCLA",00016148,R399,corporate,,,"[{""characterisation"":[""noc""],""name"":""Los Angeles, University of California UCLA"",""ownerId"":""00016148"",""professionOrType"":[""uni""],""role"":""R399"",""type"":""corporate"",""variants"":[""Friedrich Wilhelm IV, King of Prussia""]}]",,,,,,,,,,,,,,,,,,,,1,
00200643-p001,00200643,1,1497,1500,15,,k,,,,e-it,0,,,,,,,,"Contemporary Italian (Venice?) reddish brown goatskin over wooden boards, inlaid in the centre with a blind arabesque plaque of darker brown hide (the front one now missing), the corners picked out with gilt gesso roundels; flat spine without raised bands, Greek style; with gilt and gauffered edges, and remains of four pairs of ties.",s,c,a,b,c,,,,"On ε5r (37r), ε8v (40v), η8v (56v), ν5r (101r), ξ2v (106v), ξ3v (107v), and ξ4r (108r) manuscript initial letters are supplied in green, possibly once blue, ink.",,,,,,,,,,0,"{""edges"":""a"",""gauffered"":""a"",""tooling"":""c""}"
00200643-p002,00200643,2,1720,1742,18,,s,,a,,e-uk,1,"Ellys, Richard, sir",00016205,R390,person,1682-1742,,"[{""characterisation"":[""ari""],""dates"":""1682-1742"",""gender"":""1002"",""name"":""Ellys, Richard, sir"",""ownerId"":""00016205"",""professionOrType"":[""pol""],""role"":""R390"",""type"":""person""}]",,,,,,,,,,,,,,,,,,,,1,
00200643-p003,00200643,3,1745,1940,18 | 19 | 20,,,,c,"The library at Blickling Hall was created by Sir Henry Hobart (c.1560-1625). It became substantial with the bequest, to Sir John Hobart (1695-1756) 5th Baronet and 1st Earl of Buckinghamshire, of the collection of his second cousin, Sir Richard Ellys of Nocton (1682-1742), consisting of important manuscripts and 15,000 printed books. The collection arrived in Blickling in 1745. Sir Richard purchased most of his rare books from Holland, in particular the Amsterdam bookseller Dieterik de Haan.",e-uk,2,"Hobart, John, sir | Kerr, Philip",00016204 | 00016206,R390,person,1695-1756 | 1882-1940,5th Baronet and 1st Earl of Buckinghamshire,"[{""characterisation"":[""ari""],""dates"":""1695-1756"",""externalId"":[""5th Baronet and 1st Earl of Buckinghamshire""],""gender"":""1002"",""name"":""Hobart, John, sir"",""ownerId"":""00016204"",""role"":""R390"",""type"":""person""},{""characterisation"":[""ari""],""dates"":""1882-1940"",""gender"":""1002"",""name"":""Kerr, Philip"",""ownerId"":""00016206"",""role"":""R390"",""type"":""person""}]",,,,,,,,,,,,,,,,,,,,1,
00200643-p004,00200643,4,1940,,20,,,,c,"Blickling Hall was bequeathed to the country in 1940 by Philip Kerr (1882-1940), 11th Marquis of Lothian.",e-uk,1,Blickling Hall (National Trust),00016257,R399,corporate,1940-,,"[{""characterisation"":[""noc""],""dates"":""1940-"",""name"":""Blickling Hall (National Trust)"",""ownerId"":""00016257"",""professionOrType"":[""mus""],""role"":""R399"",""type"":""corporate"",""variants"":[""Blickling Hall, National Trust""]}]",,,,,,,,,,,,,,,,,,,,1,
00200631-p001,00200631,1,1806,1878,19,,n,,,"The library of the Earl of Gosford was bought privately in 1878 by James Toovey, therefore the item does not appear in Catalogue of the fine, extensive and valuable library of the Rt. Hon. Earl of Gosford [...], London, Puttick and Simpson, 21 Apr. 1884.",e-uk-ni,1,"Acheson, Archibald <Earl>",00010896,R390,person,1806-1864,,"[{""characterisation"":[""ari""],""dates"":""1806-1864"",""gender"":""1002"",""name"":""Acheson, Archibald <Earl>"",""note"":""3rd Earl of Gosford"",""ownerId"":""00010896"",""professionOrType"":[""unk""],""role"":""R390"",""type"":""person"",""variants"":[""Acheson, Archibald, 3rd Earl of Gosford"",""Archibald Brabazon Sparrow Acheson""]}]",,,,,,,,,,,,,,,,,,,1878,1,
00200631-p002,00200631,2,1878,1899,19,,e,,a,"bookplate of Burnham Abbey, Bucks, on verso of the front endleaf; A catalogue of an extensive and extraordinary assemblage of the productions of the Aldine Press, from its first establishment at Venice in 1494, together with Lyonese and Venetian counterfeits, the Giunta and other works illustrative of the series, London, J. Toovey, 1880, f. C5r: «olive morocco, richly gilt, by Bedford». Sold by Charles Toovey in 1899 to Morgan.",e-uk,1,"Toovey, James",4636,R390,person,1814 - 1893,http://thesaurus.cerl.org/record/cnp01092893 | https://ashrarebooks.wordpress.com/2015/05/17/the-book-hunters-of-1888-3/,"[{""characterisation"":[""noc""],""dates"":""1814 - 1893"",""externalId"":[""http://thesaurus.cerl.org/record/cnp01092893"",""https://ashrarebooks.wordpress.com/2015/05/17/the-book-hunters-of-1888-3/""],""gender"":""1002"",""name"":""Toovey, James"",""ownerId"":""4636"",""professionOrType"":[""bkt""],""role"":""R390"",""type"":""person""}]",,,,,,,,,,,,,,,,,,,,1,
00200631-p003,00200631,3,1899,1913,19 | 20,,e,,a,"bookplate on verso of the front endleaf; Catalogue of a Collection of Books formed by James Toovey principally from the library of the Earl of Gosford the property of J. Pierpont Morgan, New York, [n.pr.], 1901, p. 30: «olive morocco [...] edges gauffered and gilt, by F. Bedford»",n-us-ny,1,"Morgan, John Pierpont <senior>",2856,R390,person,1837 - 1913,http://thesaurus.cerl.org/record/cnp01427236,"[{""characterisation"":[""noc""],""dates"":""1837 - 1913"",""externalId"":[""http://thesaurus.cerl.org/record/cnp01427236""],""gender"":""1002"",""name"":""Morgan, John Pierpont <senior>"",""ownerId"":""2856"",""professionOrType"":[""bus""],""role"":""R390"",""type"":""person""}]",,,,,,,,,,,,,,,,,,,,1,
00200631-p004,00200631,4,1913,1971,20,,n,,c,Sold as duplicate in 1971,n-us-ny,2,"Morgan, John Pierpont junior | New York, Pierpont Morgan Library",00010269 | 2855,R390,person | corporate,1867-1943 | 1924 -,http://thesaurus.cerl.org/record/cnc00011865,"[{""characterisation"":[""noc""],""dates"":""1867-1943"",""gender"":""1002"",""name"":""Morgan, John Pierpont junior"",""ownerId"":""00010269"",""professionOrType"":[""bus""],""role"":""R390"",""type"":""person"",""variants"":[""Morgan, John Pierpont <junior>"",""J.P. Morgan""]},{""characterisation"":[""noc""],""dates"":""1924 - "",""externalId"":[""http://thesaurus.cerl.org/record/cnc00011865""],""name"":""New York, Pierpont Morgan Library"",""ownerId"":""2855"",""professionOrType"":[""lib""],""role"":""R390"",""type"":""corporate""}]",,,,,,,,,,,,,,,,,,,,1,
00200631-p005,00200631,5,1971,1971,20,,n,,a,"Duplicate sale, Catalogue of twenty-nine valuable printed books, the property of the Pierpoint Morgan Library (sold by order of the trustees), London, Sotheby & Co., 8th June 1971, lot 18, with illustration of α1r: «[...] brown morocco, sides tooled in gold to a French sixteenth-century design, hinges repaired, g.e., by Bedford, from the collection of the Earl of Gosford, book-plate of Burnham Abbey, Bucks [...]; Morgan Cat. II, no. 367 (other copy)», actually POLLARD, Morgan, II, no. 367 describes a different copy, once in the Morgan collection, now unlocated, no. 58 (unlocated copy 3).",e-uk,1,Sotheby,2381,R160,corporate,,,"[{""characterisation"":[""noc""],""name"":""Sotheby"",""ownerId"":""2381"",""professionOrType"":[""bkt""],""role"":""R160"",""type"":""corporate"",""variants"":[""London, Sotheby's "",""Sotheby"",""Sotheby, Wilkinson and Hodge"",""Sotheby & Co."",""S. Leigh Sotheby & John Wilkinson""]}]",,,,,,,,,,,,,,,,,,,,1,
00200631-p006,00200631,6,1954,1971,20,,n,,a,"Sold to the bookseller John F. Fleming, $3,600 who then sold it to Uzielli later in June 1971. ",n-us-ny,1,"Fleming, John Francis",00010080,R160,person,1910-1987,,"[{""characterisation"":[""noc""],""dates"":""1910-1987"",""gender"":""1002"",""name"":""Fleming, John Francis"",""ownerId"":""00010080"",""professionOrType"":[""bkt""],""role"":""R160"",""type"":""person""}]",,,,,,,,,,,,,,,,$3600,USD,$3600 in 1971 London/NY,1971,1,
00200631-p007,00200631,7,1971,1984,20,,e,,a,"Purchased from the bookseller John F. Fleming in June 1971. 
bookplate on verso of front endleaf. Among the 287 Aldines donated to the Ransom Center shortly before his death",n-us-ny,1,"Uzielli, Giorgio",00016111,R390,person,1903-1984,,"[{""characterisation"":[""noc""],""dates"":""1903-1984"",""gender"":""1002"",""name"":""Uzielli, Giorgio"",""ownerId"":""00016111"",""professionOrType"":[""bus""],""role"":""R390"",""type"":""person""}]",,,,,,,,,,,,,,,,,,,,1,
00200631-p008,00200631,8,1984,,20,,n,,b,"Among the 287 Aldines donated to the Ransom Center shortly before his death; Aldine Press Books at the Harry Ransom Humanities Research Center, The University of Texas at Austin, A Descriptive Catalogue, ed. Craig W. Kallendorf and Maria X. Wells, Austin, Harry Ransom Humanities Research Center, 1998, pp. 65-66 no. 19.",n-us-tx,1,"Austin, University of Texas, Harry Ransom Humanities Research Center",00016113,R399,corporate,,,"[{""characterisation"":[""noc""],""name"":""Austin, University of Texas, Harry Ransom Humanities Research Center"",""ownerId"":""00016113"",""professionOrType"":[""uni""],""role"":""R399"",""type"":""corporate""}]",,,,,,,,,,,,,,,,,,,,1,
00200640-p001,00200640,1,1595,1802,16 | 17 | 18 | 19,a,a,a,,"Inscription on the title-page: «F. Gregorius prior ad S. Vdalricu(m) Augustae»; on a slip of paper attached to rear endleaf: «F. Gregorius Prior Coenobii DD. Vdalrici et Afrae Augustani me [...] habet An. Dn. XCV». see JOSEPF HEMMERLE, Die Benediktinerklöster in Bayern, 2 vols, Ottobeuren, Bayerische Benediktiner-Akademie, and Augsburg, Kommissionsverlag Winfried-Werk, 1970 («Germania Benedictina», 2), pp. 45-50.",e-gx,2,"Gregorius, Prior Augsburg Benedictines SS Udalrichus et Afra, OSB | Augsburg, Bavaria, Benedictines, SS. Udalrichus et Afra, OSB",00016180 | 00011262,R390,person | corporate,1595 | 1012-1802,https://aeolus.bodleian.ox.ac.uk/collections/incunables/provenances_for_mei.xml#xpointer(//*[@id= | https://thesaurus.cerl.org/cgi-bin/record.pl?rid=cni00032336 | https://thesaurus.cerl.org/cgi-bin/record.pl?rid=cni00067391 | https://thesaurus.cerl.org/cgi-bin/record.pl?rid=cnc00021558 | https://thesaurus.cerl.org/cgi-bin/record.pl?rid=cnc00011190 | http://d-nb.info/gnd/5520765-0,"[{""characterisation"":[""rel""],""dates"":""1595"",""gender"":""1002"",""name"":""Gregorius, Prior Augsburg Benedictines SS Udalrichus et Afra, OSB"",""note"":""Floruit"",""ownerId"":""00016180"",""professionOrType"":[""cle""],""role"":""R390"",""type"":""person"",""variants"":[""Gregorius, Prior of Augsburg Benedictines SS Udalrichus et Afra, OSB ""]},{""characterisation"":[""rel""],""dates"":""1012-1802"",""externalId"":[""https://aeolus.bodleian.ox.ac.uk/collections/incunables/provenances_for_mei.xml#xpointer(//*[@id="",""https://thesaurus.cerl.org/cgi-bin/record.pl?rid=cni00032336"",""https://thesaurus.cerl.org/cgi-bin/record.pl?rid=cni00067391"",""https://thesaurus.cerl.org/cgi-bin/record.pl?rid=cnc00021558"",""https://thesaurus.cerl.org/cgi-bin/record.pl?rid=cnc00011190"",""http://d-nb.info/gnd/5520765-0""],""name"":""Augsburg, Bavaria, Benedictines, SS. Udalrichus et Afra, OSB"",""ownerId"":""00011262"",""professionOrType"":[""rei""],""role"":""R390"",""type"":""corporate"",""variants"":[""Augsburg, Benedictines, SS. Udalrichus et Afra, OSB"",""Augsburg, Benedictine Abbey of Saints Ulrich and Afra, OSB"",""Augsburg, Benediktiner, Kloster St. Ulrich und Afra, OSB"",""Augsburg, Benediktinerabtei St. Ulrich und Afra, OSB"",""Kloster Sankt Ulrich und Afra Augsburg"",""Augsburg, Benedictines, SS. Ulrich et Afra, OSB""]}]",,,,,,,,,,,,,,,,,,,1595,1,
00200640-p002,00200640,2,1802,1834,19,a,e,a,a,"Red leather oval label of «E bibliotheca spenceriana»; not in THOMAS FROGNALL DIBDIN, Bibliotheca Spenceriana, or a descriptive catalogue of the books printed in the fifteenth century and of many [...] first editions in the library of [...] earl Spencer, 4 vols, London, 1814-1815, DIBDIN, Aedes Althorpianae, nor DIBDIN, Cassano.",e-uk-en,1,"Spencer, George John (1758-1834), 2nd Earl Spencer",00014395,R390,person,1758 - 1834,,"[{""characterisation"":[""ari""],""dates"":""1758 - 1834"",""gender"":""1002"",""name"":""Spencer, George John (1758-1834), 2nd Earl Spencer"",""ownerId"":""00014395"",""professionOrType"":[""pol""],""role"":""R390"",""type"":""person"",""variants"":[""Spencer, George John, 2nd Earl Spencer""]}]",,,,,,,,,,,,,,,,,,,,1,
00200640-p003,00200640,3,1894,,19,a,e,a,a,JRL bookplate dated 1894,e-uk-en,2,"Rylands, Enriqueta Augustina | Manchester, John Rylands University Library",00030211 | 00016201,R320 | R399,person | corporate,1843 - 1908 | 1899-,http://thesaurus.cerl.org/record/cnp01427217,"[{""characterisation"":[""noc""],""dates"":""1843 - 1908"",""externalId"":[""http://thesaurus.cerl.org/record/cnp01427217""],""gender"":""1001"",""name"":""Rylands, Enriqueta Augustina "",""ownerId"":""00030211"",""professionOrType"":[""bus""],""role"":""R320"",""type"":""person"",""variants"":[""Tennant, Enriqueta Augustina""]},{""characterisation"":[""noc""],""dates"":""1899-"",""name"":""Manchester, John Rylands University Library"",""ownerId"":""00016201"",""professionOrType"":[""lib""],""role"":""R399"",""type"":""corporate"",""variants"":[""John Rylands Library""]}]",,,,,,,,,,,,,,,,,,,1894,1,
00205577-p001,00205577,1,1701,1900,18 | 19,,,,,Provenance: Francis Douce (1757-1834); armorial book-plate.,e-uk-en,1,"Douce, Francis (1757-1834)",00012106,R390,per,1757 - 1834,http://thesaurus.cerl.org/record/cnp01319667,"[{""characterisation"":[""noc""],""dates"":""1757 - 1834"",""externalId"":[""http://thesaurus.cerl.org/record/cnp01319667""],""gender"":1002,""name"":""Douce, Francis (1757-1834)"",""note"":""Keeper of Manuscripts at the British Museum, bequeathed his collection to the Bodleian Library; see Catalogue of the Printed Books and Manuscripts Bequeathed by Francis Douce to the Bodleian Library (Oxford, 1840); Macray 326; Craster 15-16; `Francis Douce 1757-1834', BQR 7 (1934), 359-84; Munby, Connoisseurs, esp. 35-56; David Rogers, `Francis Douce's Manuscripts: Some Hitherto Unrecognized Provenances', in Studies in the Book Trade in Honour of Graham Pollard (Oxford, 1975), 315-40; Douce Legacy; P. R. Harris, A History of the British Museum Library 1753-1973 (London, 1998), ad indicem; I. G. Philip, `The Bodleian Library', in Nineteenth-Century Oxford, Part I, ed. M. G. Brock and M. C. Curthoys, The History of the University of Oxford, 6 (Oxford, 1997), 585-97, at 593."",""ownerId"":""00012106"",""professionOrType"":[""scl""],""role"":""R390"",""type"":""per"",""variants"":[""Douce, Francis""]}]",,,,,,,,,,,,,,,,,,,,1,
00205577-p002,00205577,2,,,,,,,,,e-uk,1,"Oxford, Bodleian library",4209,,corporate,1602 -,http://thesaurus.cerl.org/record/cnc00013057,"[{""characterisation"":[""noc""],""dates"":""1602 -"",""externalId"":[""http://thesaurus.cerl.org/record/cnc00013057""],""name"":""Oxford, Bodleian library"",""ownerId"":4209,""professionOrType"":[""uni""],""type"":""corporate""}]",,,,,,,,,,,,,,,,,,,,1,
00560437-p001,00560437,1,,,,a,,,,"Inscribed 'P<...> [obliterated by a later hand] / Clere de Notaire aÌ E<...> [obliterated] / 24 Mai 1811' on upper free endpaper.   Inscription dated 'Juin 1821' on same leaf, France, Paris.  Marked '4 / 41', 'eoo', 'A 417' and '80 H' in pencil on lower pastedown.  Priced 'L 3 - 5' on upper free endpaper.  Acquired throught the  Wilson-Barkworth Fund on 14th May 1941, armorial bookplate 'liber emptus ex legato Arturi Bromby Wilson-Barkworth' on upper pastedown.",e-uk-en,1,Cambridge University Library,3463,R390,corporate,,http://thesaurus.cerl.org/record/cnc00002301,"[{""characterisation"":[""noc""],""externalId"":[""http://thesaurus.cerl.org/record/cnc00002301""],""name"":""Cambridge University Library"",""ownerId"":3463,""professionOrType"":[""lib""],""role"":""R390"",""type"":""corporate"",""variants"":[""Cambridge, University, Library"",""University Library, Cambridge"",""University of Cambridge, Cambridge University Library"",""University of Cambridge, Library"",""University of Cambridge, University Library""]}]","Gilt-tooled brown calf over pasteboards, tooling including monogram 'ELP' or 'HLP' at centre of each cover within oval wreath, bookblock gilt, France, Paris [?], late 16th or 17th century.",,,,,,,,,,,,,,,,,,,1,
00204741-p001,00204741,1,1701,1800,18,,,,,"Provenance: Arthur Chichester, 1st Marquess of Donegall (1739-1799); armorial book-plate: see Howe, Book Plates, 5733.",,1,"Chichester, Arthur (1739-1799), 1st Marquess of Donegall",00011822,,per,1739 - 1799,https://aeolus.bodleian.ox.ac.uk/collections/incunables/provenances_for_mei.xml#xpointer(//*[@id=,"[{""dates"":""1739 - 1799"",""externalId"":[""https://aeolus.bodleian.ox.ac.uk/collections/incunables/provenances_for_mei.xml#xpointer(//*[@id=""],""name"":""Chichester, Arthur (1739-1799), 1st Marquess of Donegall"",""note"":""see The Complete Peerage, ed. G. E. C., IV (London, 1916), 391-2; he `collected at Fisherwick an expensive library and rare specimens of natural history (according to one sharp observer, by 1788 he had “expended £20,000 on books not yet opened...”)': for this quotation (the observer's remarks are quoted from The Complete Peerage) see W. A. Maguire, Living Like a Lord: The Second Marquis of Donegall 1769-1844 (Belfast, 1984), 12; he also owned Douce K 95 (Cnut Kopsen, Quaedam breves expositiones et legum et iurium concordantiae... Ribe, 1504), and Douce M 138 (Paulus Manutius, Epistolarum libri xii London: P. Robinson, 1591); sale, Bibliotheca Magnifica et Curiosa: A Catalogue of the Library of a Nobleman... (London: W. Stewart, 10 Mar. 1800)."",""ownerId"":""00011822"",""type"":""per"",""variants"":[""Chichester, Arthur, 1st Marquess of Donegall""]}]",,,,,,,,,,,,,,,,,,,,0,
00204741-p002,00204741,2,1701,1900,18 | 19,,,,,Francis Douce (1757-1834); armorial book-plate.,e-uk-en,1,"Douce, Francis (1757-1834)",00012106,R390,per,1757 - 1834,http://thesaurus.cerl.org/record/cnp01319667,"[{""characterisation"":[""noc""],""dates"":""1757 - 1834"",""externalId"":[""http://thesaurus.cerl.org/record/cnp01319667""],""gender"":1002,""name"":""Douce, Francis (1757-1834)"",""note"":""Keeper of Manuscripts at the British Museum, bequeathed his collection to the Bodleian Library; see Catalogue of the Printed Books and Manuscripts Bequeathed by Francis Douce to the Bodleian Library (Oxford, 1840); Macray 326; Craster 15-16; `Francis Douce 1757-1834', BQR 7 (1934), 359-84; Munby, Connoisseurs, esp. 35-56; David Rogers, `Francis Douce's Manuscripts: Some Hitherto Unrecognized Provenances', in Studies in the Book Trade in Honour of Graham Pollard (Oxford, 1975), 315-40; Douce Legacy; P. R. Harris, A History of the British Museum Library 1753-1973 (London, 1998), ad indicem; I. G. Philip, `The Bodleian Library', in Nineteenth-Century Oxford, Part I, ed. M. G. Brock and M. C. Curthoys, The History of the University of Oxford, 6 (Oxford, 1997), 585-97, at 593."",""ownerId"":""00012106"",""professionOrType"":[""scl""],""role"":""R390"",""type"":""per"",""variants"":[""Douce, Francis""]}]",,,,,,,,,,,,,,,,,,,,1,
00204741-p003,00204741,3,,,,,,,,,e-uk,1,"Oxford, Bodleian library",4209,,corporate,1602 -,http://thesaurus.cerl.org/record/cnc00013057,"[{""characterisation"":[""noc""],""dates"":""1602 -"",""externalId"":[""http://thesaurus.cerl.org/record/cnc00013057""],""name"":""Oxford, Bodleian library"",""ownerId"":4209,""professionOrType"":[""uni""],""type"":""corporate""}]",,,,,,,,,,,,,,,,,,,,1,
02003414-p001,02003414,1,,,,a,,ab,,,,0,,,,,,,,,v,c,,b,g,,,,Alcune silografie colorate e iniziali miniate,,,,,,,,,,0,"{""hasIlluminations"":""true""}"
02003414-p002,02003414,2,,,,,,,,,e-it,1,"Brescia, Biblioteca Queriniana",,R399,corporate,,,"[{""name"":""Brescia, Biblioteca Queriniana"",""role"":""R399"",""type"":""corporate""}]",,,,,,,,,,,,,,,,,,,,0,
02116797-p001,02116797,1,,,,a,,,,,e-au,1,"Wien, Österreichische  Nationalbibliothek",2839,R399,corporate,,http://thesaurus.cerl.org/record/cnc00020465 | https://aeolus.bodleian.ox.ac.uk/collections/incunables/provenances_for_mei.xml#xpointer(//*[@id= | https://www.onb.ac.at/en/about-us/650th-anniversary/timeline/,"[{""characterisation"":[""noc""],""externalId"":[""http://thesaurus.cerl.org/record/cnc00020465"",""https://aeolus.bodleian.ox.ac.uk/collections/incunables/provenances_for_mei.xml#xpointer(//*[@id="",""https://www.onb.ac.at/en/about-us/650th-anniversary/timeline/""],""name"":""Wien, Österreichische  Nationalbibliothek"",""ownerId"":2839,""professionOrType"":[""lib""],""role"":""R399"",""type"":""corporate"",""variants"":[""Wien, Österreichische Nationalbibliothek"",""Vienne (Autriche), Österreichische Nationalbibliothek"",""Vienna, Hofbibliothek"",""Vienna, Bibliotheca Regia"",""Vienna, Österreichische Nationalbibliothek""]}]",,,,,,,,,,,,,,,,,,,,1,
02125184-p001,02125184,1,1451,1550,15 | 16,a,l,a,x,,e-fr,1,"Anonymous, France",00020923,R430,person,1451-1550,,"[{""characterisation"":[""unk""],""dates"":""1451-1550"",""gender"":""1003"",""name"":""Anonymous, France"",""ownerId"":""00020923"",""professionOrType"":[""unk""],""role"":""R430"",""type"":""person""}]",,,,,,,,,,Gold or blue  initials  on a blue or red ground,,,,,,,,,,0,"{""hasIlluminations"":""1"",""hasRubrication"":""1""}"
02125184-p002,02125184,2,1701,1800,18,a,k,a,x,,e,1,Anonymous binder,00023170,R110,person,1701-1800,,"[{""characterisation"":[""unk""],""dates"":""1701-1800"",""gender"":""1002"",""name"":""Anonymous binder"",""ownerId"":""00023170"",""professionOrType"":[""bkt""],""role"":""R110"",""type"":""person""}]",,v,c,b,b,g,179,127,24,,,,,,,,,,,0,"{""edges"":""b"",""furniture"":""0"",""gauffered"":""d"",""titling"":[""z""],""tooling"":""b"",""writingOnEdges"":""d""}"
02125184-p003,02125184,3,1887,1981,19 | 20,a,s,a,x,,n-us,1,"Altschul, Frank  (1887-1981)",00023828,R320,person,1887-1981,,"[{""characterisation"":[""noc""],""dates"":""1887-1981"",""gender"":""1002"",""name"":""Altschul, Frank  (1887-1981)"",""ownerId"":""00023828"",""professionOrType"":[""bus""],""role"":""R320"",""type"":""person""}]",,,,,,,,,,,,,,,,,,,,0,
02125184-p004,02125184,4,1963,,20,a,e | h | s,a,b,,n-us-ct,1,Beinecke Rare Book & Manuscript Library,00015289,R399,corporate,,,"[{""characterisation"":[""noc""],""name"":""Beinecke Rare Book & Manuscript Library"",""ownerId"":""00015289"",""professionOrType"":[""lib""],""role"":""R399"",""type"":""corporate""}]",,,,,,,,,,,,,,,,,,,1970,1,
02138776-p001,02138776,1,,,,,,,,"Michel Bellot, fl. 1742 (op a2r in een 18de-eeuwse hand met inkt: ‘Michel Bellot Sr de riviere’; op c4r ‘Michel Bellot &c.’; en op c5r ‘Ces presentez heures appartiennent a Michel Bellot fils Jacques Demeurant pavroisse de S.t Vigor le petit sur les fosséz a Bayeux.’).",,0,,,,,,,,,,,,,,,,,,,,,,,,,,,1,
02138776-p002,02138776,2,,,,,,,,,e-ne,1,"Westreenen van Tiellandt, Willem Hendrik Jacob van",00016628,R390,person,,http://thesaurus.cerl.org/record/cnp01397346 | http://thesaurus.cerl.org/record/cnp02141281 | http://thesaurus.cerl.org/record/cnp01259036,"[{""externalId"":[""http://thesaurus.cerl.org/record/cnp01397346"",""http://thesaurus.cerl.org/record/cnp02141281"",""http://thesaurus.cerl.org/record/cnp01259036""],""name"":""Westreenen van Tiellandt, Willem Hendrik Jacob van"",""ownerId"":""00016628"",""professionOrType"":[""lic""],""role"":""R390"",""type"":""person"",""variants"":[""Westreenen Van Tiellandt, Willem Hendrik Jacob van"",""Westreenen Van Tiellandt, Willem Hendrik Jacob Baron van""]}]",,,,,,,,,,,,,,,,,,,,1,
02138776-p003,02138776,3,,,,,,,,"Verwerving: boekhandel Tilliard (Parijs), 36 francs (AR 1824, FA 154/036v, zending van 25-3-1824). / Beschrijving: catalogue FA 136/057 (deels onleesbaar gemaakt); FA 136/058 (bij de postume controle door J.W. Holtrop en M.F.A.G. Campbell doorgehaald).",e-ne,1,Museum Meermanno | Huis van het boek,00016814,R399,corporate,,,"[{""name"":""Museum Meermanno | Huis van het boek"",""ownerId"":""00016814"",""professionOrType"":[""lib""],""role"":""R399"",""type"":""corporate"",""variants"":[""The Hague, Museum Meermanno "",""Museum Meermanno-Westreenianum"",""Museum Meermanno | Huis van het Boek""]}]",,,,,,,,,,,,,,,,,,,,1,
02151349-p001,02151349,1,,,,a,l,a,,,,0,,,,,,,,,,,,,,,,,"Tutte le inziali e i segni di paragrafo sono miniati in oro su fondo blu e rosso, alternati; ciascuna linea di testo è rigata in rosso.",,,,,,,,,,0,"{""hasOrnamentalLetters"":""1""}"
02151349-p002,02151349,2,,,,a,k,a,,,,0,,,,,,,,Piena pergamena con piatti in cartone.,w,c,b,a,g,210,150,25,,,,,,,,,,,0,"{""edges"":""b""}"
02151349-p003,02151349,3,,,,a,e | h,a,,Al contropiatto anteriore ex-libris “Biblioteca Nazionale di Pavia”.,e-it,1,"Pavia, Biblioteca Universitaria - MIC",1759,R399,corporate,1778-,,"[{""characterisation"":[""noc""],""dates"":""1778-"",""name"":""Pavia, Biblioteca Universitaria - MIC"",""ownerId"":""1759"",""professionOrType"":[""lib""],""role"":""R399"",""type"":""corporate""}]",,,,,,,,,,,,,,Timbro ellissoidale blu “Biblioteca della R. Università di Pavia” nel margine esterno di c. a1r e nel margine inferiore di c. i8v.,,,,,,1,
02178822-p001,02178822,1,1601,1701,17 | 18,,k,,x,,,1,,00037084,R110,person,1660,,"[{""characterisation"":[""unk""],""dates"":""1660"",""gender"":""1003"",""note"":""1680"",""ownerId"":""00037084"",""professionOrType"":[""bkt""],""role"":""R110"",""type"":""person"",""variants"":[""Anonymous binder, France""]}]",Volume rebound in the 17th century in red morocco leather. Gold stamped and tooled decorations. Slight insect damage.,u,c,b,b,c,191,132,24,,,,,,,,,,circa 1670,1,"{""edges"":""a"",""furniture"":""0"",""gauffered"":""d"",""hasRubrication"":""1"",""titling"":[""b""],""tooling"":""b"",""writingOnEdges"":""d""}"
02178822-p002,02178822,2,1793,1793,18,a,a,a,x,,,1,"Anonymous annotator, France",00024931,R020,person,1775-1850,,"[{""characterisation"":[""unk""],""dates"":""1775-1850"",""gender"":""1003"",""name"":""Anonymous annotator, France"",""ownerId"":""00024931"",""professionOrType"":[""unk""],""role"":""R020"",""type"":""person""}]",,,,,,,,,,,,,"Inscription on the verso side of the second flyleaf: ""13 Fevriis 1793"".",,,,,,1793,1,
02178822-p003,02178822,3,1930,2017,20 | 21,a,e,a,x,"There is an exlibris on the front inside cover: a white rectangular label with a printed black frame and elegant lettering. Transcription: ""Ex-libris / Pierre Bergé"".",,1,"Bergé, Pierre",00037672,R390,person,1930-2017,https://en.wikipedia.org/wiki/Pierre_Berg%C3%A9,"[{""characterisation"":[""noc""],""dates"":""1930-2017"",""externalId"":[""https://en.wikipedia.org/wiki/Pierre_Berg%C3%A9""],""gender"":""1002"",""name"":""Bergé, Pierre"",""ownerId"":""00037672"",""professionOrType"":[""bus""],""role"":""R390"",""type"":""person""}]",It is suspected Pierre Bergé added the matching red morocco book casette to match the 17th century red morocco binding.,,,,,,,,,,,,,,,,,,1930-2017,0,
02178822-p004,02178822,4,2020,2025,21,a,s,a,a,"Auction information indicates that the book was sold at Drouot on the 16th of October 2020, which was the 5th auction event selling the belongings of Pierre Bergé. Bonchristiano is the next known owner, though there is a possibility that there was an owner before him.",,1,"Bonchristiano, Antonio",00039946,R390,person,1967-,https://patronview.com/patrons/antonio-bonchristiano,"[{""characterisation"":[""noc""],""dates"":""1967-"",""externalId"":[""https://patronview.com/patrons/antonio-bonchristiano""],""gender"":""1002"",""name"":""Bonchristiano, Antonio"",""ownerId"":""00039946"",""professionOrType"":[""bus""],""role"":""R390"",""type"":""person""}]",,,,,,,,,,,,,,,,,,,2020-2025,0,
02178822-p005,02178822,5,2026,2026,21,a,o,a,b,"Book was auctioned off from the collection of Antonio Bonchristiani through an online auction (Christie's Paris) on the 5th of November 2025, bought by an anonymous third party and donated to the Special Collections of the University of Antwerp in 2026.",e-be,1,"Antwerp, Universiteit Antwerpen",00040057,R399,corporate,2003-,,"[{""characterisation"":[""noc""],""dates"":""2003-"",""name"":""Antwerp, Universiteit Antwerpen"",""ownerId"":""00040057"",""professionOrType"":[""uni""],""role"":""R399"",""type"":""corporate""}]",,,,,,,,,,,,,,,"[{""note"":""MAG-P 12.2774. This is the current shelf mark of the Preciosa collection of the Univerity of Antwerp.""}]",22860,Euro,The auction resulted in this price. The donation to the University was gratis.,2025-2026,1,
00560438-p001,00560438,1,,,,,,,,,,1,"Lawrence, Edwin Henry",00018770,R390,person,,,"[{""name"":""Lawrence, Edwin Henry"",""ownerId"":""00018770"",""role"":""R390"",""type"":""person""}]",,,,,,,,,,,,,,,,,,,,0,
00560438-p002,00560438,2,,,,,,,,,,1,"Sandars, Samuel",00018468,R390,person,1837-1894,,"[{""dates"":""1837-1894"",""name"":""Sandars, Samuel"",""ownerId"":""00018468"",""role"":""R390"",""type"":""person""}]",,,,,,,,,,,,,,,,,,,,0,
00560438-p003,00560438,3,,,,a,,,,"Edwin Henry Lawrence, FSA (d. 1891), his bookplate with motto 'ÎÎÎÎÎÎÎÎÎÎ ÎÎÎ¤ÎÎ§ÎÎÎ' on verso of first upper free endpaper.  Lawrence's sale, Sotheby's, 9-12 May 1892, lot 312 (sale catalogue description pasted onto second upper free endpaper), bought by Samuel Sandars.  Sandars's address on verso of first upper free endpaper with date 1892.  Part of Sandars's bequest in 1894.",e-uk-en,1,Cambridge University Library,3463,R390,corporate,,http://thesaurus.cerl.org/record/cnc00002301,"[{""characterisation"":[""noc""],""externalId"":[""http://thesaurus.cerl.org/record/cnc00002301""],""name"":""Cambridge University Library"",""ownerId"":3463,""professionOrType"":[""lib""],""role"":""R390"",""type"":""corporate"",""variants"":[""Cambridge, University, Library"",""University Library, Cambridge"",""University of Cambridge, Cambridge University Library"",""University of Cambridge, Library"",""University of Cambridge, University Library""]}]","Gilt-tooled brown and olive-green (inlaid) morocco over pasteboards, with gilt paper pastedowns and conjoint free endpapers, and gilding over mottled bookblock edges, France, Paris [?], early 18th century.",,,,,,,,,,,,,,,,,,,1,
02100254-p001,02100254,1,1498,1600,15 | 16,a,k | l | m,a,x,,,3,Anonymous,00016912,R110 | R680 | R020,person,1451-1600,,"[{""dates"":""1451-1600"",""name"":""Anonymous"",""ownerId"":""00016912"",""role"":""R110""},{""characterisation"":[""unk""],""dates"":""1451-1600"",""gender"":1003,""name"":""Anonymous"",""ownerId"":""00016912"",""professionOrType"":[""unk""],""role"":""R680"",""type"":""person""},{""characterisation"":[""unk""],""dates"":""1451-1600"",""gender"":1003,""name"":""Anonymous"",""ownerId"":""00016912"",""professionOrType"":[""unk""],""role"":""R020"",""type"":""person""}]","15th/16th century, parchment with an incunable fragment over cardboard, edges coloured red. Decorative piece of parchment on spine with faded gold leaf, red leather onlay on spine with gold tooled titling. Name of author in manuscript on front board:  philippe pigouchet [.]it[..] hot[...]. 
The binding used to have nine miniatures from the second half of the 12th century, which have been taken off and are kept with the manuscript fragments of the KB (The Hague, KB, KW 72 A 28, nr. 87).",t,c,a,a,g,,,,,"Interchanging red and blue rubrication for paragraph marks, large initials and chapter signs.",,Musical notation in the margins of part of the book corresponding to the printed psalms: partially cut off at the edges (h1v-i2v).,,,,,,,0,"{""edges"":""b"",""furniture"":0,""gauffered"":""d"",""hasMsSupplements"":1,""hasRubrication"":1,""msFrequency"":""b"",""msLocation"":""d"",""titling"":[""a"",""b""],""tooling"":""b"",""writingOnEdges"":""d""}"
02100254-p002,02100254,2,1702,1754,18,a,a,a,x,Inscription on title page (a1r): J. G. Scherz. ,e-fr,1,"Scherz, Johann Georg",00020977,R390,person,1678-1754,,"[{""characterisation"":[""noc""],""dates"":""1678-1754"",""gender"":1002,""name"":""Scherz, Johann Georg"",""ownerId"":""00020977"",""professionOrType"":[""ule""],""role"":""R390"",""type"":""person"",""variants"":[""Scherzius, Johannes Georgius"",""Scherzius, Johann Georg"",""Scherz, Johannes Georgius""]}]",,,,,,,,,,,,,,,,,,,,1,"{""hasAutograph"":1}"
02100254-p003,02100254,3,1754,1850,18 | 19,a,m,a,x,,,1,Anonymous,00017849,R390,,1751-1850,,"[{""dates"":""1751-1850"",""name"":""Anonymous"",""ownerId"":""00017849"",""role"":""R390""}]",,,,,,,,,,,,,"Manuscript note on endleaf II r: v. A(nn)o 1488. Manuscript note on last page (A8v): c-5.
Manuscript note on back endleaf: B. b. (erased price) Dc. ",,,,,,,0,"{""hasPersonalNotes"":1,""msFrequency"":""a""}"
02100254-p004,02100254,4,1829,,19,a,h | n | o,a | f,x,"This book was acquired between 1829 and 1856. It is not listed in the 1829 manuscript catalogue of the KB, but it is described in: J.W. Holtrop, Catalogus librorum saeculo XV impressorum, quotquot in Bibliotheca Regia Hagana asservantur, The Hague 1856, pt. II, nr. 613. ",e-ne,1,Koninklijke Bibliotheek - Nationale Bibliotheek van Nederland,4014,R399,corporate,1798-,http://thesaurus.cerl.org/record/cnc00011239,"[{""characterisation"":[""noc""],""dates"":""1798-"",""externalId"":[""http://thesaurus.cerl.org/record/cnc00011239""],""name"":""Koninklijke Bibliotheek - Nationale Bibliotheek van Nederland"",""ownerId"":4014,""professionOrType"":[""lib""],""role"":""R399"",""type"":""corporate"",""variants"":[""The Hague, Koninklijke Bibliotheek"",""Den Haag, Koninklijke Bibliotheek"",""Den Haag, KB""]}]",,,,,,,,,,,,,,"Stamp of KB, used between 1867-1880. See: https://www.kb.nl/sites/default/files/150e13.jpg ","[{""note"":""III 208""}]",,,,,1,
00204647-p001,00204647,1,1501,1600,16,,,,,"Provenance: Possibly Catherine de Médicis, Queen Consort of Henry II, King of France, 1519-1589; see binding note above.",,1,"Catharine de Médicis, Queen Consort of Henry II, King of France (1519-1589)",00011764,,per,1519 - 1589,"https://aeolus.bodleian.ox.ac.uk/collections/incunables/provenances_for_mei.xml#xpointer(//*[@id=""721""])","[{""dates"":""1519 - 1589"",""externalId"":[""https://aeolus.bodleian.ox.ac.uk/collections/incunables/provenances_for_mei.xml#xpointer(//*[@id=\""721\""])""],""name"":""Catharine de Médicis, Queen Consort of Henry II, King of France (1519-1589)"",""note"":""probably not an owner, despite royal binding; see E. Fremy, Les poésies inédites de Catherine de Médicis (Paris, 1885) 239-42."",""ownerId"":""00011764"",""type"":""per""}]",,,,,,,,,,,,,,,,,,,,0,
00204647-p002,00204647,2,1701,1900,18 | 19,,,,,Francis Douce (1757-1834); armorial book-plate.,e-uk-en,1,"Douce, Francis (1757-1834)",00012106,R390,per,1757 - 1834,http://thesaurus.cerl.org/record/cnp01319667,"[{""characterisation"":[""noc""],""dates"":""1757 - 1834"",""externalId"":[""http://thesaurus.cerl.org/record/cnp01319667""],""gender"":1002,""name"":""Douce, Francis (1757-1834)"",""note"":""Keeper of Manuscripts at the British Museum, bequeathed his collection to the Bodleian Library; see Catalogue of the Printed Books and Manuscripts Bequeathed by Francis Douce to the Bodleian Library (Oxford, 1840); Macray 326; Craster 15-16; `Francis Douce 1757-1834', BQR 7 (1934), 359-84; Munby, Connoisseurs, esp. 35-56; David Rogers, `Francis Douce's Manuscripts: Some Hitherto Unrecognized Provenances', in Studies in the Book Trade in Honour of Graham Pollard (Oxford, 1975), 315-40; Douce Legacy; P. R. Harris, A History of the British Museum Library 1753-1973 (London, 1998), ad indicem; I. G. Philip, `The Bodleian Library', in Nineteenth-Century Oxford, Part I, ed. M. G. Brock and M. C. Curthoys, The History of the University of Oxford, 6 (Oxford, 1997), 585-97, at 593."",""ownerId"":""00012106"",""professionOrType"":[""scl""],""role"":""R390"",""type"":""per"",""variants"":[""Douce, Francis""]}]",,,,,,,,,,,,,,,,,,,,1,
00204647-p003,00204647,3,,,,,,,,,e-uk,1,"Oxford, Bodleian library",4209,,corporate,1602 -,http://thesaurus.cerl.org/record/cnc00013057,"[{""characterisation"":[""noc""],""dates"":""1602 -"",""externalId"":[""http://thesaurus.cerl.org/record/cnc00013057""],""name"":""Oxford, Bodleian library"",""ownerId"":4209,""professionOrType"":[""uni""],""type"":""corporate""}]",,,,,,,,,,,,,,,,,,,,1,
02122666-p001,02122666,1,1498,1600,15 | 16,,l,,,,e-fr,0,,,,,,,,,,,,,,,,,Alternating blue and red initials with gold and black detailing. Capital strokes in gold.,,,"Iron gall inscription on the front flyleaf, '1498'.",,,,,,,0,
02122666-p002,02122666,2,1950,2004,20 | 21,,k,,,,e-fr,0,,,,,,,,"According to an accompanying bookseller receipt, the textblock is bound in 18th century pebbled full calf. However, the binding appears much more modern, likely 20th century. The endsheets are clearly from the 20th century, as they are made from holographic plastic textured paper. The binding is tight along the spine causing the leaves to fan out. The book was trimmed during rebinding, resulting in the cropping of the border etchings.",,c,b,b,g,182,136,37,,,,"20th century French pencil inscription on the front endsheet, ‘1498-1435=63. Invention de [....] 1435'.",,,,,,,0,"{""edges"":""a"",""titling"":[""b""],""tooling"":""c""}"
02122666-p003,02122666,3,1950,2004,20 | 21,,k,,,"According to the accompanying transaction receipt, when the book was sold in 2004 it was housed within a 20th century marbled clamshell box. This box remains with the book today.",,0,,,,,,,,"The box is a half-leather marbled clamshell case. The spine segment is machine-made. ‘Book of Hours, Usage of Rome, Paris Pigouchet 1498' is gold tooled along the spine. The marbled paper used for the covers appears to be handmade. The edges of the box are lined with buckram bookcloth. ",x,,,,,,,,,,,,,,,,,,0,
02122666-p004,02122666,4,,2004,15 | 16 | 17 | 18 | 19 | 20 | 21,,s,,,"Sold November 2, 2004.",n-us-ma,1,James & Devon Gray Booksellers,,R160,,,,"[{""characterisation"":[""noc""],""name"":""James & Devon Gray Booksellers"",""professionOrType"":[""bus""],""role"":""R160""}]",,,,,,,,,,,,,,,,,,,,1,
02122666-p005,02122666,5,,2015,15 | 16 | 17 | 18 | 19 | 20 | 21,,s,,a,,n-us-ny,1,Adam Weinberger Rare Books,,R160,,,,"[{""characterisation"":[""noc""],""name"":""Adam Weinberger Rare Books"",""professionOrType"":[""bkt""],""role"":""R160""}]",,,,,,,,,,,,,,,,"$23,000",,,,1,
02122666-p006,02122666,6,2015,,21,,,,a,,n-us-ia,1,University of Iowa Libraries,,R399,,,,"[{""characterisation"":[""noc""],""name"":""University of Iowa Libraries"",""professionOrType"":[""uni""],""role"":""R399""}]",,,,,,,,,,,,,,,,"$12,000",,,,1,
02011390-p001,02011390,1,1491,1500,15,,l,abc,,,,0,,,,,,,,,,,,,,,,,"Capitals illuminated in gold, red and blue.",,,,,,,,,,0,"{""hasIlluminations"":""true""}"
02011390-p002,02011390,2,1601,1700,17,,a,abc,,"""1605 Hyeronimus Caccia"" on front flyleaf.",,1,"Caccia, Hyeronimus",2428,R390,person,,,"[{""gender"":1002,""name"":""Caccia, Hyeronimus"",""ownerId"":2428,""role"":""R390"",""type"":""person""}]",,,,,,,,,,,,,,,,,,,,0,
02011390-p003,02011390,3,1601,1700,17,,n,ab,,"Inscription""Angelo Francesco Caccia di Calliano"" on front flyleaf verso.",,1,"Caccia, Angelo",2427,R390,person,,,"[{""gender"":1002,""name"":""Caccia, Angelo"",""ownerId"":2427,""role"":""R390"",""type"":""person""}]",,,,,,,,,,,,,,,,,,,,0,
02011390-p004,02011390,4,1731,1800,18,,a,abc,,"""Fladama Caccia, 1739"" on front flyleaf.",,1,"Caccia, Fladama",2426,R390,person,,,"[{""gender"":1001,""name"":""Caccia, Fladama"",""ownerId"":2426,""role"":""R390"",""type"":""person""}]",,,,,,,,,,,,,,,,,,,,0,
02011390-p005,02011390,5,1771,1900,18 | 19,,a,abc,,"""William Hughes Willshire MD, 1876""",,1,"Willshire, William Hughes",3520,R390,person,1816 - 1899,http://thesaurus.cerl.org/record/cnp01447933,"[{""characterisation"":[""noc""],""dates"":""1816 - 1899"",""externalId"":[""http://thesaurus.cerl.org/record/cnp01447933""],""gender"":1002,""name"":""Willshire, William Hughes"",""ownerId"":3520,""role"":""R390"",""type"":""person"",""typeOrProfession"":[""phy""]}]",,w,c,b,z,,,,,,,,,,,,,,,0,
02011390-p006,02011390,6,1891,,19,,e,abc,c,"Bookplate: ""Willshire Bequest, 1889""",,1,Guildhall library <Londres>,3485,,corporate,1425 - 9999,http://thesaurus.cerl.org/record/cnc00013895,"[{""characterisation"":[""noc""],""dates"":""1425 - 9999"",""externalId"":[""http://thesaurus.cerl.org/record/cnc00013895""],""name"":""Guildhall library <Londres>"",""ownerId"":3485,""type"":""corporate"",""typeOrProfession"":[""lib""],""variants"":[""London, Guildhall library"",""Londres (GB), Guildhall library""]}]",,,,,,,,,,,,,,,,,,,,1,
02011390-p007,02011390,7,,,,,,,,,,1,"London, Guildhall Library",,R399,corporate,,,"[{""name"":""London, Guildhall Library"",""role"":""R399"",""type"":""corporate""}]",,,,,,,,,,,,,,,,,,,,0,
02013229-p001,02013229,1,1501,1600,16,a,k,a,,,e-fr,0,,,,,,,,16th-century Lyonnaise binding of full brown goatskin with large center and corner panel-stamped ornaments in gold on both covers; gold-tooled spine with stamp of a bird (3 variations) within panels; all edges gilt and gauffered. Spine tooled but without title.,t,c,b,b,g,,,,"Initials, paragraph marks, and ornaments in gold on red or blue background throughout. Major initials in color on gold and colored background, with white highlighting, and leaf and flower decoration in open spaces.",Text underlined throughout in red.,16th century,,,,,,,,0,"{""edges"":""a"",""furniture"":0,""gauffered"":""a"",""tooling"":""b"",""writingOnEdges"":""d""}"
02013229-p002,02013229,2,1861,1870,19,a,a,,b,"Inscription on a front flyleaf: ""Joseph Gale from S. G., Octr 16th 1864.""",e-uk-en,2,"Gale, Joseph | S. G.",4683 | 2600,R390 | R320,person,,http://thesaurus.cerl.org/record/cnp01882281,"[{""characterisation"":[""unk""],""externalId"":[""http://thesaurus.cerl.org/record/cnp01882281""],""gender"":1002,""name"":""Gale, Joseph"",""ownerId"":4683,""role"":""R390"",""type"":""person""},{""characterisation"":[""unk""],""gender"":1003,""name"":""S. G."",""ownerId"":2600,""role"":""R320"",""type"":""person""}]",,,,,,,,,,,,,,,,,,,,0,
02013229-p003,02013229,3,1901,1910,20,a,m,a,a,"Henry Yates Thompson's bookplate on front pastedown records his purchase from Quaritch, Dec. 15, 1906.",e-uk-en,1,Bernard Quaritch Ltd. <London>,3460,R160,corporate,,http://thesaurus.cerl.org/record/cnc00003966 | http://www.quaritch.com/about/our-history/ | https://lccn.loc.gov/n84093217,"[{""characterisation"":[""noc""],""externalId"":[""http://thesaurus.cerl.org/record/cnc00003966"",""http://www.quaritch.com/about/our-history/"",""https://lccn.loc.gov/n84093217""],""name"":""Bernard Quaritch Ltd. <London>"",""ownerId"":3460,""role"":""R160"",""type"":""corporate"",""variants"":[""London, Bernard Quaritch Ltd."",""Quaritch Ltd., London"",""Bernard Quaritch (Firm)""]}]",,,,,,,,,,,,,,,,,,,,1,
02013229-p004,02013229,4,1801,1930,19 | 20,a,e,a,a,"Thompson's bookplate on front pastedown, with ms. additions of  (catalogue number?) ""80a"" in upper blank space, and price code and purchase note in lower blank space ""ms.: ""bse.e.e [i.e. £160.0.0] Quaritch Dec. 15. 1906""; lot 85 in the Sotheby sale of some of his mss. and printed books on vellum, 22 June 1921.",e-uk-en,1,"Thompson, Henry Yates",4682,R390,person,1838 - 1928,http://thesaurus.cerl.org/record/cnp01882280 | https://en.wikipedia.org/wiki/Henry_Yates_Thompson,"[{""characterisation"":[""noc""],""dates"":""1838 - 1928"",""externalId"":[""http://thesaurus.cerl.org/record/cnp01882280"",""https://en.wikipedia.org/wiki/Henry_Yates_Thompson""],""gender"":1002,""name"":""Thompson, Henry Yates"",""ownerId"":4682,""role"":""R390"",""type"":""person""}]",,,,,,,,,,,,,,,,160/0/0,pounds sterling,,,1,
02013229-p005,02013229,5,1921,1930,20,a,n,e,a,"""Dobell"" is recorded by Book Prices Current as the purchaser of this copy at the Henry Yates Thompson sale, Sotheby, 22 June 1921, for £98.",e-uk-en,1,P. J. & A. E. Dobell <Booksellers>,4681,R160,corporate,1914 - 1946,http://thesaurus.cerl.org/record/cnc00026191,"[{""characterisation"":[""noc""],""dates"":""1914 - 1946"",""externalId"":[""http://thesaurus.cerl.org/record/cnc00026191""],""name"":""P. J. & A. E. Dobell <Booksellers>"",""ownerId"":4681,""role"":""R160"",""type"":""corporate""}]",,,,,,,,,,,,,,,,98/0/0,pounds sterling,,,1,
02013229-p006,02013229,6,1921,1850,,a,e,,a,"Bookplate of Grenville Kane on front pastedown, with his ms. notes elsewhere, including date of purchase ""1921"".",n-us-ny,1,"Kane, Grenville",3531,R390,person,1854 - 1943,http://thesaurus.cerl.org/record/cnp01882123,"[{""characterisation"":[""noc""],""dates"":""1854 - 1943"",""externalId"":[""http://thesaurus.cerl.org/record/cnp01882123""],""gender"":1002,""name"":""Kane, Grenville"",""ownerId"":3531,""role"":""R390"",""type"":""person""}]",,,,,,,,,,,,,,,,,,,,1,
02013229-p007,02013229,7,1941,,20,a,n,,a,"Purchased from the estate of Grenville Kane by the Trustees of Princeton University, 1946.",n-us-nj,1,"Princeton university, Library",3530,R399,corporate,1746 - 9999,http://thesaurus.cerl.org/record/cnc00019995 | http://library.princeton.edu/about/history,"[{""characterisation"":[""noc""],""dates"":""1746 - 9999"",""externalId"":[""http://thesaurus.cerl.org/record/cnc00019995"",""http://library.princeton.edu/about/history""],""name"":""Princeton university, Library"",""ownerId"":3530,""role"":""R399"",""type"":""corporate"",""variants"":[""Princeton University Library""]}]",,,,,,,,,,,,,,,,,,,,1,
02138777-p001,02138777,1,,,,,,,,,e-ne,1,"Westreenen van Tiellandt, Willem Hendrik Jacob van",00016628,R390,person,,http://thesaurus.cerl.org/record/cnp01397346 | http://thesaurus.cerl.org/record/cnp02141281 | http://thesaurus.cerl.org/record/cnp01259036,"[{""externalId"":[""http://thesaurus.cerl.org/record/cnp01397346"",""http://thesaurus.cerl.org/record/cnp02141281"",""http://thesaurus.cerl.org/record/cnp01259036""],""name"":""Westreenen van Tiellandt, Willem Hendrik Jacob van"",""ownerId"":""00016628"",""professionOrType"":[""lic""],""role"":""R390"",""type"":""person"",""variants"":[""Westreenen Van Tiellandt, Willem Hendrik Jacob van"",""Westreenen Van Tiellandt, Willem Hendrik Jacob Baron van""]}]",,,,,,,,,,,,,,,,,,,,1,
02138777-p002,02138777,2,,,,,,,,"Verwerving: veiling Moëtte, Parijs, Techener (CP: Commendeur), 26-3-1833, lot 13, 25 francs. Via boekhandel Tilliard, Parijs (AR 3-6-1833, FA 156/003r). / Beschrijving: catalogue FA 136/057r.",e-ne,1,Museum Meermanno | Huis van het boek,00016814,R399,corporate,,,"[{""name"":""Museum Meermanno | Huis van het boek"",""ownerId"":""00016814"",""professionOrType"":[""lib""],""role"":""R399"",""type"":""corporate"",""variants"":[""The Hague, Museum Meermanno "",""Museum Meermanno-Westreenianum"",""Museum Meermanno | Huis van het Boek""]}]",volgens de veilingcatalogus gebonden door een lid van de boekbindersfamilie Derome. Op het 1ste vvsbv linksboven met inkt: ‘1498’ (het jaar van uitgave).,,,,,,,,,,,,,,,,,,,1,
00560439-p001,00560439,1,,,,,,,,,,1,"Sandars, Samuel",00018468,R390,person,1837-1894,,"[{""dates"":""1837-1894"",""name"":""Sandars, Samuel"",""ownerId"":""00018468"",""role"":""R390"",""type"":""person""}]",,,,,,,,,,,,,,,,,,,,0,
00560439-p002,00560439,2,,,,a,,,,"Samuel Sandars, his armorial bookplate, with motto 'Non bos in lingua', and address on verso of first upper free endpaper, dated 1893.  Presented by him in 1893.",e-uk-en,1,Cambridge University Library,3463,R390,corporate,,http://thesaurus.cerl.org/record/cnc00002301,"[{""characterisation"":[""noc""],""externalId"":[""http://thesaurus.cerl.org/record/cnc00002301""],""name"":""Cambridge University Library"",""ownerId"":3463,""professionOrType"":[""lib""],""role"":""R390"",""type"":""corporate"",""variants"":[""Cambridge, University, Library"",""University Library, Cambridge"",""University of Cambridge, Cambridge University Library"",""University of Cambridge, Library"",""University of Cambridge, University Library""]}]","Gilt-tooled red morocco over pasteboards, with marbled paper pastedowns and conjoint free endpapers, gilt-tooled turns-in, and gilt bookblock edges, signed by S. David, France, 19th century.",,,,,,,,,"Initials in alternating red and blue and paragraph marks in red, all supplied by hand, late 15th or early 16th century.",,,,,,,,,,1,
00205581-p001,00205581,1,1701,1900,18 | 19,,,,,Provenance: Francis Douce (1757-1834).,e-uk-en,1,"Douce, Francis (1757-1834)",00012106,R390,per,1757 - 1834,http://thesaurus.cerl.org/record/cnp01319667,"[{""characterisation"":[""noc""],""dates"":""1757 - 1834"",""externalId"":[""http://thesaurus.cerl.org/record/cnp01319667""],""gender"":1002,""name"":""Douce, Francis (1757-1834)"",""note"":""Keeper of Manuscripts at the British Museum, bequeathed his collection to the Bodleian Library; see Catalogue of the Printed Books and Manuscripts Bequeathed by Francis Douce to the Bodleian Library (Oxford, 1840); Macray 326; Craster 15-16; `Francis Douce 1757-1834', BQR 7 (1934), 359-84; Munby, Connoisseurs, esp. 35-56; David Rogers, `Francis Douce's Manuscripts: Some Hitherto Unrecognized Provenances', in Studies in the Book Trade in Honour of Graham Pollard (Oxford, 1975), 315-40; Douce Legacy; P. R. Harris, A History of the British Museum Library 1753-1973 (London, 1998), ad indicem; I. G. Philip, `The Bodleian Library', in Nineteenth-Century Oxford, Part I, ed. M. G. Brock and M. C. Curthoys, The History of the University of Oxford, 6 (Oxford, 1997), 585-97, at 593."",""ownerId"":""00012106"",""professionOrType"":[""scl""],""role"":""R390"",""type"":""per"",""variants"":[""Douce, Francis""]}]",,,,,,,,,,,,,,,,,,,,1,
00205581-p002,00205581,2,,,,,,,,,e-uk,1,"Oxford, Bodleian library",4209,,corporate,1602 -,http://thesaurus.cerl.org/record/cnc00013057,"[{""characterisation"":[""noc""],""dates"":""1602 -"",""externalId"":[""http://thesaurus.cerl.org/record/cnc00013057""],""name"":""Oxford, Bodleian library"",""ownerId"":4209,""professionOrType"":[""uni""],""type"":""corporate""}]",,,,,,,,,,,,,,,,,,,,1,
00200658-p001,00200658,1,1837,1894,19,,,,,,e-uk-en,1,"Sandars, Samuel",00018468,,person,1837-1894,,"[{""characterisation"":[""noc""],""dates"":""1837-1894"",""gender"":""1002"",""name"":""Sandars, Samuel"",""ownerId"":""00018468"",""professionOrType"":[""law""],""type"":""person""}]",,,,,,,,,,,,,,,,,,,,1,
00200658-p002,00200658,2,1416,,15,,,,,"Sold as lot 407 and an unidentified auction by Ellis and White in 1884, description pasted onto verso of first upper free endpaper. Priced 'r/r/-' in pencil on lower pastedown. Samuel Sandars, his armorial bookplate on upper pastedown. Label from 'Exhibition Italian Art / Reg. No. 115-9 / 1894' inserted in volume. Sandars bequest in 1894.
Binding noteGilt-tooled red morocco with bookblock edges gilt, signed 'Bound by F. Bedford' to the inside of the front board, England, London, late 19th century.",e-uk,1,Cambridge University Library,3463,R399,corporate,1416-,http://thesaurus.cerl.org/record/cnc00002301,"[{""characterisation"":[""noc""],""dates"":""1416-"",""externalId"":[""http://thesaurus.cerl.org/record/cnc00002301""],""name"":""Cambridge University Library"",""ownerId"":""3463"",""professionOrType"":[""lib""],""role"":""R399"",""type"":""corporate"",""variants"":[""Cambridge, University, Library"",""University Library, Cambridge"",""University of Cambridge, Cambridge University Library"",""University of Cambridge, Library"",""University of Cambridge, University Library""]}]",,,,,,,,,,,,,,,,,,,,1,
00206444-p001,00206444,1,1601,1800,17 | 18,,,,,Provenance: Nicolas Joseph Foucault (1643-1721); armorial book-plate: 'Ex bibliotheca Nicolai Joseph Foucault comitis consistoriani'; his circular book-label partly visible at the tail of the spine.,,1,"Foucault, Nicolas Joseph (1643-1721)",00012333,,per,1643 - 1721,"https://aeolus.bodleian.ox.ac.uk/collections/incunables/provenances_for_mei.xml#xpointer(//*[@id=""1300""])","[{""dates"":""1643 - 1721"",""externalId"":[""https://aeolus.bodleian.ox.ac.uk/collections/incunables/provenances_for_mei.xml#xpointer(//*[@id=\""1300\""])""],""gender"":1002,""name"":""Foucault, Nicolas Joseph (1643-1721)"",""note"":""see DBF XIV 593-5; armorial book-plate. For Foucault's library see Roger Middleton, 'Chrétien de Troyes at Auction: Nicolas-Joseph Foucault and other Eighteenth-century Collectors', in Medievalism and 'manière gothique' in Enlightenment France, ed. Peter Damian-Grint (Oxford, 2006), 261-83."",""ownerId"":""00012333"",""type"":""per""}]",,,,,,,,,,,,,,,,,,,,0,
00206444-p002,00206444,2,1601,1800,17 | 18,,,,,Richard Rawlinson (1690-1755).,,1,"Rawlinson, Richard (1690-1755)",00013955,,per,1690 - 1755,https://aeolus.bodleian.ox.ac.uk/collections/incunables/provenances_for_mei.xml#xpointer(//*[@id= | http://thesaurus.cerl.org/record/cnp00403572 | https://bookowners.online/Richard_Rawlinson_1690-1755,"[{""dates"":""1690 - 1755"",""externalId"":[""https://aeolus.bodleian.ox.ac.uk/collections/incunables/provenances_for_mei.xml#xpointer(//*[@id="",""http://thesaurus.cerl.org/record/cnp00403572"",""https://bookowners.online/Richard_Rawlinson_1690-1755""],""name"":""Rawlinson, Richard (1690-1755)"",""note"":""nonjuring bishop; made numerous donations in his lifetime and bequeathed to the Bodleian Library his manuscripts and those printed books which contained manuscript notes; Rawlinson's books include some owned by Thomas Hearne, who bequeathed all his manuscripts and printed books with manuscript notes to William Bedford, from whose widow Rawlinson bought them; see Macray 231-51, Stanley Gillam, `Thomas Hearne's Library', BLR 12 (1985), 52-64, at 60-1; William Younger Fletcher, `The Rawlinsons and their Collections', Transactions of the Bibliographical Society, 5 (1899), 67-86; Georgian Rawlinson Tashjian, David R. Tashjian, and Brian J. Enright, Richard Rawlinson: A Tercentenary Memorial (Kalamazoo, Mich., 1990); DNB; B. J. Enright `Rawlinson and the Chandlers', BLR 4 (1953), 216-17, repr. with modifications in Tashjian, Tashjian, and Enright, 121-32; idem, `Richard Rawlinson Collector, Antiquary, and Topographer', unpublished D.Phil. thesis, University of Oxford, 1956; idem, `“I Collect and I Preserve”: Richard Rawlinson 1690-1755 and Eighteenth-century Book Collecting. Portrait of a Bibliophile XXVIII', Book Collector, 39 (1990), 27-54, repr. in The Pleasures of Bibliophily: Fifty Years of `The Book Collector' (London, 2003), 205-23; Robert A. Shaddy, `Thomas Rawlinson (1681-1725) and Richard Rawlinson (1690-1755)', in Pre-Nineteenth-century British Book- collectors and Bibliographers, ed. William Baker and Kenneth Womack, DLB 213 (Detroit, Washington DC, and London, 1999), 288-96; SC III 177-8."",""ownerId"":""00013955"",""type"":""per"",""variants"":[""Rawlinson, Richard""]}]",,,,,,,,,,,,,,,,,,,,0,
00206444-p003,00206444,3,,,,,,,,,e-uk,1,"Oxford, Bodleian library",4209,,corporate,1602 -,http://thesaurus.cerl.org/record/cnc00013057,"[{""characterisation"":[""noc""],""dates"":""1602 -"",""externalId"":[""http://thesaurus.cerl.org/record/cnc00013057""],""name"":""Oxford, Bodleian library"",""ownerId"":4209,""professionOrType"":[""uni""],""type"":""corporate""}]",,,,,,,,,,,,,,,,,,,,1,
02100255-p001,02100255,1,,,,,,,,,,1,"Brussel, Museum Lupus",,,,,,"[{""name"":""Brussel, Museum Lupus""}]","18/19e eeuw?, fluweel. ",,,,,,,,,,,,,,,,,,,0,
02100255-p002,02100255,2,,,,a,,,,"1823, ontvangen van Museum Lupus te Brussel, nr. 24, 17 maart 1823. Stempel KB 1. (Aanwinstenregister B, p. 38). ",e-ne,1,Koninklijke Bibliotheek - Nationale Bibliotheek van Nederland,4014,R390,corporate,1798-,http://thesaurus.cerl.org/record/cnc00011239,"[{""characterisation"":[""noc""],""dates"":""1798-"",""externalId"":[""http://thesaurus.cerl.org/record/cnc00011239""],""name"":""Koninklijke Bibliotheek - Nationale Bibliotheek van Nederland"",""ownerId"":4014,""professionOrType"":[""lib""],""role"":""R390"",""type"":""corporate"",""variants"":[""The Hague, Koninklijke Bibliotheek"",""Den Haag, Koninklijke Bibliotheek"",""Den Haag, KB""]}]",,,,,,,,,,,,,,,,,,,,1,
02145200-p001,02145200,1,1498,1550,15 | 16,a,l | m,a,x,,e-fr,2,"Anonymous illuminator, France | Anonymous annotator, France",00033696 | 00033697,R430 | R570,person,,,"[{""characterisation"":[""unk""],""gender"":""1003"",""name"":""Anonymous illuminator, France"",""ownerId"":""00033696"",""professionOrType"":[""unk""],""role"":""R430"",""type"":""person""},{""characterisation"":[""unk""],""gender"":""1003"",""name"":""Anonymous annotator, France"",""ownerId"":""00033697"",""professionOrType"":[""unk""],""role"":""R570"",""type"":""person""}]",,,,,,,,,,Initial letters are hand-painted in several colors.,,,Partially legible manuscript notes in French are present on a few of the calendar pages.,,,,,,,1,"{""hasPersonalNotes"":""1"",""msFrequency"":""b"",""msLocation"":""a""}"
02145200-p002,02145200,2,1750,1800,18,b,k,a,x,,e-fr,1,"Anonymous binder, France",00027566,R110,person,1750-1800,,"[{""characterisation"":[""unk""],""dates"":""1750-1800"",""gender"":""1003"",""name"":""Anonymous binder, France"",""ownerId"":""00027566"",""professionOrType"":[""bkt""],""role"":""R110"",""type"":""person""}]","Brown morocco covers in a style typical of late 18th-century France; blind-tooled fillet border frame enclosing a rolled diamond pattern with traces of gold tooling; blind-tooled floral stamps between five double raised spine bands. Binding was repaired in 20th century, likely in the 1970s.",v,c,,b,,170,115,29,,,,,,,,,,,1,"{""edges"":""d"",""furniture"":""0"",""gauffered"":""d"",""titling"":[""z""],""tooling"":""c"",""writingOnEdges"":""d""}"
02145200-p003,02145200,3,1869,1898,19,a,s,g,a,"John Buechler (""Lucius Chittenden: Green Mountain Bibliophile,"" Vermont History 37:1, 39-48) suggests that Chittenden acquired the book while on a trip to France in 1869. ",n-us-ny | n-us-vt,1,"Chittenden, L. E. (Lucius Eugene)",00033678,R390,person,1824-1900,,"[{""characterisation"":[""noc""],""dates"":""1824-1900"",""gender"":""1002"",""name"":""Chittenden, L. E. (Lucius Eugene)"",""ownerId"":""00033678"",""professionOrType"":[""law""],""role"":""R390"",""type"":""person""}]",,,,,,,,,,,,,,,,,,,,2,
02145200-p004,02145200,4,1898,,19,a,h | p | s,c | g,b,,n-us-vt,1,University of Vermont Library,00026688,R399,corporate,1791-,,"[{""characterisation"":[""noc""],""dates"":""1791-"",""name"":""University of Vermont Library"",""ownerId"":""00026688"",""professionOrType"":[""uni""],""role"":""R399"",""type"":""corporate"",""variants"":[""Burlington VT, University of Vermont, Silver Special Collections Library""]}]",,,,,,,,,,,,,,,,,,,1898,1,
02002302-p001,02002302,1,,,,,l,a,,,,0,,,,,,,,,,,,,,,,,"Capitulares, calderones y remates miniados en tinta roja, azul, verde, marron y oro.",,,,,,,,,,0,"{""hasOramentalLetters"":""true""}"
02002302-p002,02002302,2,1801,1820,19,a,e,a,,"Sello: ""Propriété des Trois"".   Sello: ""P.F.C."".   Ex libris: ""De LL.AA.RR. les Princes d'Espagne"".",e-fr,3,"Carlos María Isidro de Borbón | Fernando VII, Rey de España | Francisco de Paula de Borbón",618 | 2687 | 619,R390,person,1788-1855 | 1784-1833 | 1794-1865,http://thesaurus.cerl.org/record/cnp01007549,"[{""characterisation"":[""roy""],""dates"":""1788-1855 "",""gender"":1002,""name"":""Carlos María Isidro de Borbón"",""ownerId"":618,""role"":""R390"",""type"":""person""},{""characterisation"":[""roy""],""dates"":""1784-1833 "",""externalId"":[""http://thesaurus.cerl.org/record/cnp01007549""],""gender"":1002,""name"":""Fernando VII, Rey de España"",""ownerId"":2687,""role"":""R390"",""type"":""person"",""variants"":[""Ferdinand, Espagnes, Roi, VII."",""Ferdinand, España, Rey, VII."",""Ferdinand, Spanien, König, VII."",""Ferdinand, der Herbeigewünschte"",""Ferdinand, el Deseado"",""Ferdinand, von Asturien"",""Fernando, Spanien, König, VII."",""Fernando, de Asturias""]},{""characterisation"":[""roy""],""dates"":""1794-1865 "",""gender"":1002,""name"":""Francisco de Paula de Borbón"",""ownerId"":619,""role"":""R390"",""type"":""person""}]",Enc. pasta española con triple filete en dorado en planos; lomo con nervios y hierros dorados y tejuelo en tafilete rosa: 'Office dela Vierge'; cantos dorados; cortes jaspeados. ,w,c,b,b,g,,,,,,,,,,,,,,1,"{""edges"":""b"",""furniture"":0,""gauffered"":""d"",""titling"":[""b""],""tooling"":""b"",""writingOnEdges"":""d""}"
02002302-p003,02002302,3,1811,1840,19,a,e,a,,Pegado sobre ex libris anterior,e-sp,0,,,,,,,,,,,,,,,,,,,,,,,,,,,1,
02002302-p004,02002302,4,1871,,19,a,h,a,e,"El sello indica que los libros fueron inventariados para ser llevados a las Cortes, pero nunca se llegó a hacer el traslado. ",e-sp,1,"España, Cortes",2633,R570,corporate,,http://thesaurus.cerl.org/record/cnc00006352,"[{""characterisation"":[""noc""],""externalId"":[""http://thesaurus.cerl.org/record/cnc00006352""],""name"":""España, Cortes "",""ownerId"":2633,""role"":""R570"",""type"":""corporate"",""typeOrProfession"":[""mun""],""variants"":[""Cortes Españolas"",""España, Cortes Generales <España, Cortes>""]}]",,,,,,,,,,,,,,Sello en tinta: 'Inventariado por las Cortes. 1874',,,,,,1,
02002302-p005,02002302,5,,,,,,,,,e-sp,1,"Madrid, Real Biblioteca",2684,R399,corporate,,"http://thesaurus.cerl.org/record/cnc00007520 | https://aeolus.bodleian.ox.ac.uk/collections/incunables/provenances_for_mei.xml#xpointer(//*[@id=""10005""])","[{""externalId"":[""http://thesaurus.cerl.org/record/cnc00007520"",""https://aeolus.bodleian.ox.ac.uk/collections/incunables/provenances_for_mei.xml#xpointer(//*[@id=\""10005\""])""],""name"":""Madrid, Real Biblioteca"",""ownerId"":2684,""role"":""R399"",""type"":""corporate"",""variants"":[""Madrid, Palacio Real, Biblioteca "",""Biblioteca de Palacio, Madrid"",""Biblioteca del Palacio Real, Madrid"",""Library of the Royal Palace, Madrid"",""Palacio Real, Madrid, Library"",""Palacio Real, Madrid, Real Biblioteca""]}]",,,,,,,,,,,,,,,,,,,,0,
00560441-p001,00560441,1,,,,,,,,,,1,"Culemann, F. G. H. (Friedrich Georg Hermann)",3354,R390,person,1811-1886,http://thesaurus.cerl.org/record/cnp01448059 | https://archive.org/details/bub_gb_1WVbAAAAQAAJ/page/n7/mode/1up,"[{""dates"":""1811-1886"",""externalId"":[""http://thesaurus.cerl.org/record/cnp01448059"",""https://archive.org/details/bub_gb_1WVbAAAAQAAJ/page/n7/mode/1up""],""name"":""Culemann, F. G. H. (Friedrich Georg Hermann)"",""ownerId"":""3354"",""role"":""R390"",""type"":""person"",""variants"":[""Culemann, Friedrich Georg Hermann"",""Culemann, Friedrich G. Herm.""]}]",,,,,,,,,,,,,,,,,,,,0,
00560441-p002,00560441,2,,,,,,,,,,1,"Crawford, William Horatio",3710,R390,person,1815?-1888,http://thesaurus.cerl.org/record/cnp01427559 | https://aeolus.bodleian.ox.ac.uk/collections/incunables/provenances_for_mei.xml#xpointer(//*[@id=,"[{""dates"":""1815?-1888"",""externalId"":[""http://thesaurus.cerl.org/record/cnp01427559"",""https://aeolus.bodleian.ox.ac.uk/collections/incunables/provenances_for_mei.xml#xpointer(//*[@id=""],""name"":""Crawford, William Horatio"",""ownerId"":""3710"",""role"":""R390"",""type"":""person""}]",,,,,,,,,,,,,,,,,,,,0,
00560441-p003,00560441,3,,,,,,,,,,1,"Sandars, Samuel",00018468,R390,person,1837-1894,,"[{""dates"":""1837-1894"",""name"":""Sandars, Samuel"",""ownerId"":""00018468"",""role"":""R390"",""type"":""person""}]",,,,,,,,,,,,,,,,,,,,0,
00560441-p004,00560441,4,,,,a,,,,"Lot 2014 in the sale of F.G.H. Culemann. Bookplates of W.H. Crawford of Lakelands, Cork, and Samuel Sandars. Bequeathed by Sandars, 1894.",e-uk-en,1,Cambridge University Library,3463,R390,corporate,,http://thesaurus.cerl.org/record/cnc00002301,"[{""characterisation"":[""noc""],""externalId"":[""http://thesaurus.cerl.org/record/cnc00002301""],""name"":""Cambridge University Library"",""ownerId"":""3463"",""professionOrType"":[""lib""],""role"":""R390"",""type"":""corporate"",""variants"":[""Cambridge, University, Library"",""University Library, Cambridge"",""University of Cambridge, Cambridge University Library"",""University of Cambridge, Library"",""University of Cambridge, University Library""]}]","Late seventeenth-century calf; gilt endpapers with motifs of deer, hounds, armorial eagle amid foliage; rebacked.",,,,,,,,,On parchment. Decoration: Cuts hand coloured. Initials supplied in alternating red and blue.,,,,,,,,,,1,
02145206-p001,02145206,1,1928,,20,a,e,a,b,"University of Liverpool bookplate: ""Presented by C. Sydney Jones to the Department of Education""",e-uk-en,2,"Liverpool, University of Liverpool | Jones, Charles Sydney, Sir",00026193 | 00026216,R320,corporate | person,1881- | 1872-1947,,"[{""dates"":""1881-"",""name"":""Liverpool, University of Liverpool"",""ownerId"":""00026193"",""professionOrType"":[""uni""],""type"":""corporate"",""variants"":[""University College Liverpool""]},{""characterisation"":[""noc""],""dates"":""1872-1947"",""gender"":""1002"",""name"":""Jones, Charles Sydney, Sir"",""ownerId"":""00026216"",""professionOrType"":[""bus""],""role"":""R320"",""type"":""person""}]",,,,,,,,,,,,,,,,,,,Start date approximate,1,
02115886-p001,02115886,1,,,,a,,,,,e-au,1,"Wien, Österreichische  Nationalbibliothek",2839,R399,corporate,,http://thesaurus.cerl.org/record/cnc00020465 | https://aeolus.bodleian.ox.ac.uk/collections/incunables/provenances_for_mei.xml#xpointer(//*[@id= | https://www.onb.ac.at/en/about-us/650th-anniversary/timeline/,"[{""characterisation"":[""noc""],""externalId"":[""http://thesaurus.cerl.org/record/cnc00020465"",""https://aeolus.bodleian.ox.ac.uk/collections/incunables/provenances_for_mei.xml#xpointer(//*[@id="",""https://www.onb.ac.at/en/about-us/650th-anniversary/timeline/""],""name"":""Wien, Österreichische  Nationalbibliothek"",""ownerId"":2839,""professionOrType"":[""lib""],""role"":""R399"",""type"":""corporate"",""variants"":[""Wien, Österreichische Nationalbibliothek"",""Vienne (Autriche), Österreichische Nationalbibliothek"",""Vienna, Hofbibliothek"",""Vienna, Bibliotheca Regia"",""Vienna, Österreichische Nationalbibliothek""]}]",,,,,,,,,,,,,,,,,,,,1,
00205576-p001,00205576,1,1701,1900,18 | 19,,,,,Provenance: Francis Douce (1757-1834); armorial book-plate.,e-uk-en,1,"Douce, Francis (1757-1834)",00012106,R390,per,1757 - 1834,http://thesaurus.cerl.org/record/cnp01319667,"[{""characterisation"":[""noc""],""dates"":""1757 - 1834"",""externalId"":[""http://thesaurus.cerl.org/record/cnp01319667""],""gender"":1002,""name"":""Douce, Francis (1757-1834)"",""note"":""Keeper of Manuscripts at the British Museum, bequeathed his collection to the Bodleian Library; see Catalogue of the Printed Books and Manuscripts Bequeathed by Francis Douce to the Bodleian Library (Oxford, 1840); Macray 326; Craster 15-16; `Francis Douce 1757-1834', BQR 7 (1934), 359-84; Munby, Connoisseurs, esp. 35-56; David Rogers, `Francis Douce's Manuscripts: Some Hitherto Unrecognized Provenances', in Studies in the Book Trade in Honour of Graham Pollard (Oxford, 1975), 315-40; Douce Legacy; P. R. Harris, A History of the British Museum Library 1753-1973 (London, 1998), ad indicem; I. G. Philip, `The Bodleian Library', in Nineteenth-Century Oxford, Part I, ed. M. G. Brock and M. C. Curthoys, The History of the University of Oxford, 6 (Oxford, 1997), 585-97, at 593."",""ownerId"":""00012106"",""professionOrType"":[""scl""],""role"":""R390"",""type"":""per"",""variants"":[""Douce, Francis""]}]",,,,,,,,,,,,,,,,,,,,1,
00205576-p002,00205576,2,,,,,,,,,e-uk,1,"Oxford, Bodleian library",4209,,corporate,1602 -,http://thesaurus.cerl.org/record/cnc00013057,"[{""characterisation"":[""noc""],""dates"":""1602 -"",""externalId"":[""http://thesaurus.cerl.org/record/cnc00013057""],""name"":""Oxford, Bodleian library"",""ownerId"":4209,""professionOrType"":[""uni""],""type"":""corporate""}]",,,,,,,,,,,,,,,,,,,,1,
02124346-p001,02124346,1,1499,1525,15 | 16,a,l,a,,,e-it,1,"Anonymous, Italy",00010351,R390,person,1475 - 1525,,"[{""characterisation"":[""unk""],""dates"":""1475 - 1525"",""gender"":1003,""name"":""Anonymous, Italy"",""ownerId"":""00010351"",""professionOrType"":[""unk""],""role"":""R390"",""type"":""person""}]",,,,,,,,,,Iniziali filigranate. Capilettera in inchiostro azzurro.,,,,,,,,,,0,"{""hasPenInitials"":1}"
02124346-p002,02124346,2,1725,1775,18,a,k,a,x,,e-it,1,"Anonymous, Italy",00010352,R390,person,1725 - 1775,,"[{""characterisation"":[""unk""],""dates"":""1725 - 1775"",""gender"":1003,""name"":""Anonymous, Italy"",""ownerId"":""00010352"",""professionOrType"":[""unk""],""role"":""R390"",""type"":""person""}]", Legatura settecentesca in cuoio marrone con fregi dorati impressi a secco sui piatti e sul dorso; sul dorso cinque nervi. Contropatti e risquardie in carta marmorizzata. La custodia forse più tarda in cartoncino marrone scuro spugnato.,v,c,b,b,g,152,107,31,,,,,,,,,,,0,"{""edges"":""d"",""furniture"":0,""gauffered"":""d"",""titling"":[""z""],""tooling"":""c"",""writingOnEdges"":""d""}"
02124346-p003,02124346,3,1847,1868,19,a,a | o,a,x,"Al centro del piatto anteriore è incollata l'etichetta della attuale Biblioteca indicante la provenienza Cicogna. Sul recto della carta di guardia anteriore ampia nota manoscritta di E.A. Cicogna: 'Il presente officio in membrana impresso a Lione del 1499 era mancante di due pagine nel principio dell'officio della Madonna, e di una pagina alla fine ov'è l'orazione di Sant'Anselmo, avea tagliate fuori nel contorno marginale alcuni legni per lo più raffiguranti il sudario; e ha poi qua e la alcune figurine cancellate col dito p.e. il diavolo davanti Gesù Cristo, S. Francesco, la Beata Vergine, S. Apollonia ec. Quando io posteriormente trovavo un esemplare cartaceo dello stesso officio vi ho rimesse le tre carte o pagine mancanti, ho rimesse ne' margini le figurine del sudario, e ho innestate quelle carte che avevano le figurine nitide per contrapporle alle cancellate. Emmanuele Cicogna a. 1847'.",e-it,1,"Cicogna, Emmanuele Antonio",2678,R390,person,1789 - 1868,http://thesaurus.cerl.org/record/cnp01369797,"[{""characterisation"":[""noc""],""dates"":""1789 - 1868"",""externalId"":[""http://thesaurus.cerl.org/record/cnp01369797""],""gender"":1002,""name"":""Cicogna, Emmanuele Antonio "",""ownerId"":2678,""professionOrType"":[""cse""],""role"":""R390"",""type"":""person"",""variants"":[""Cicogna, Emanuele""]}]",,,,,,,,,,,,,Sul verso della prima carta di guardia: 'Provienza Raccolta Cicogna'. ,,"[{""note"":""Sul verso della prima carta di guardia due precedenti collocazioni, una barrata: 'H 6 h 15', e più sotto: ' R/e/21'. ""}]",,,,,1,
02124346-p004,02124346,4,1868,,19,a,o,a | b | c,c,"Emmanuele Antonio lasciò la sua biblioteca al Museo civico per disposizione testamentaria del 1865, eseguita alla sua morte tre anni dopo.",e-it,1,"Venezia, Biblioteca del Museo Correr",3551,R399,corporate,1830 -,http://thesaurus.cerl.org/record/cnc00011837,"[{""characterisation"":[""noc""],""dates"":""1830 -"",""externalId"":[""http://thesaurus.cerl.org/record/cnc00011837""],""name"":""Venezia, Biblioteca del Museo Correr"",""ownerId"":3551,""professionOrType"":[""lib""],""role"":""R399"",""type"":""corporate"",""variants"":[""Biblioteca d’Arte e di Storia Veneziana"",""Biblioteca del Civico Museo Correr"",""Fondazione Musei Civici Veneziani""]}]",,,,,,,,,,,,,,,,,,,,1,
02138778-p001,02138778,1,,,,,,,,in 1649 in het bezit van Adriaan Westphalen (1626-1695) te Alkmaar (op [a]1r in 17de-eeuws handschrift met inkt: ‘sum Adriani Westphalen Alcm[ariensis]’ en op het 1ste vvsbv in dezelfde hand de mogelijk deels gefingeerde herkomst: ‘bewaert dit boek wel. als sijnde affgecomen van aeff frederijxs baniaert. en soo voort van de heer lucas van teijlingen reeckenmeester in den hage. 1477. Ende nu tot mijn Adriaen Westphalen tot Alcmaer. anno 1649 (..)’).,,0,,,,,,,,,,,,,,,,,,,,,,,,,,,1,
02138778-p002,02138778,2,,,,,,,,,e-ne,1,"Westreenen van Tiellandt, Willem Hendrik Jacob van",00016628,R390,person,,http://thesaurus.cerl.org/record/cnp01397346 | http://thesaurus.cerl.org/record/cnp02141281 | http://thesaurus.cerl.org/record/cnp01259036,"[{""externalId"":[""http://thesaurus.cerl.org/record/cnp01397346"",""http://thesaurus.cerl.org/record/cnp02141281"",""http://thesaurus.cerl.org/record/cnp01259036""],""name"":""Westreenen van Tiellandt, Willem Hendrik Jacob van"",""ownerId"":""00016628"",""professionOrType"":[""lic""],""role"":""R390"",""type"":""person"",""variants"":[""Westreenen Van Tiellandt, Willem Hendrik Jacob van"",""Westreenen Van Tiellandt, Willem Hendrik Jacob Baron van""]}]",,,,,,,,,,,,,,,,,,,,1,
02138778-p003,02138778,3,,,,,,,,"Verwerving: veiling C. Ploos van Amstel Jac. Cornz., Amsterdam, wed. J. Doll en Zoonen, 24-3-1800, cat. p. 88, lot 37, samen met lot 38 (het Middelnederlandse getijdenboek 010 E 001), ƒ 6: 5: 0 (AR 7-4-1800, FA 151/055v). / Beschrijving: in de veilingcatalogus beschreven als ‘Een Gebedenboek, gedrukt Ao. 1464, met Houtsneede Figuuren en gecouleurde Voorletters.’ Van Westreenen plaatste hierbij met inkt de aantekening: ‘NB: dit is verkeerd opgesteld hetzelve is gedrukt an: 1499 by G: Wolf en J: Kerver gelyk te leezen is op het laatste blad van het boekje.’ Catalogue FA 136/057.",e-ne,1,Museum Meermanno | Huis van het boek,00016814,R399,corporate,,,"[{""name"":""Museum Meermanno | Huis van het boek"",""ownerId"":""00016814"",""professionOrType"":[""lib""],""role"":""R399"",""type"":""corporate"",""variants"":[""The Hague, Museum Meermanno "",""Museum Meermanno-Westreenianum"",""Museum Meermanno | Huis van het Boek""]}]",,,,,,,,,,,,,,,,,,,,1,
02122074-p001,02122074,1,1900,,19,a,p,a | f,a,L'esemplare venne acquistato nel... Cfr. Registri d'Ingresso della Biblioteca al n. 311027 (a timbro anche sul verso dell'ultima carta).,e-it,1,"Venezia, Biblioteca Nazionale Marciana",3479,R399,corporate,1468 -,http://thesaurus.cerl.org/record/cnc00013896,"[{""characterisation"":[""noc""],""dates"":""1468 - "",""externalId"":[""http://thesaurus.cerl.org/record/cnc00013896""],""name"":""Venezia, Biblioteca Nazionale Marciana"",""ownerId"":3479,""professionOrType"":[""lib""],""role"":""R399"",""type"":""corporate"",""variants"":[""Venise (Italie), Biblioteca nazionale Marciana"",""Venice (Italy), Marciana National Library"",""Venedig (Italien), Bibliothek Marciana""]}]",,,,,,,,,,,,,,,,,,,,1,
02132440-p001,02132440,1,1501,1600,16,a,k | l,a,x,,,0,,,,,,,,Pelle su piatti in cartone; cornice semplice a due filetti  e fregi a corolla impressi in oro al dorso. Tagli dorati.,t,c,a,b,g,165,115,30,Acquarellate le silografie.,,,,,,,,,,0,"{""edges"":""a"",""furniture"":""0"",""gauffered"":""d"",""hasIllustrationsByHand"":""1"",""titling"":[""b""],""tooling"":""b"",""writingOnEdges"":""d""}"
02132440-p002,02132440,2,1701,1800,18,a,a,a,x,"Al recto della carta di guardia posteriore, di mano settecentesca: ""J'appartient a Fenouillet Serrourier"".",e-ft,0,,,,,,,,,,,,,,,,,,,,,,,,,,,1,
02132440-p003,02132440,3,1799,1883,18 | 19,a,e,a,x,Al contropiatto anteriore ex libris “Bibliotheque liturgique de S. A. R. Charles Louis de Bourbon comte de Villafranca” n° 175.,,1,"Borbone-Parma, Carlo Ludovico di",2836,R390,person,1799 - 1883,http://thesaurus.cerl.org/record/cnp00574913 | http://viaf.org/viaf/48296149,"[{""characterisation"":[""roy""],""dates"":""1799 - 1883"",""externalId"":[""http://thesaurus.cerl.org/record/cnp00574913"",""http://viaf.org/viaf/48296149""],""gender"":""1002"",""name"":""Borbone-Parma, Carlo Ludovico di"",""ownerId"":""2836"",""professionOrType"":[""pol""],""role"":""R390"",""type"":""person"",""variants"":[""Charles Louis, duc de Bourbon-Parma "",""Charles-Louis de Bourbon, comte de Villafranca"",""Carlo Ludovico, re d'Etruria"",""Carlo II di Parma""]}]",,,,,,,,,,,,,,,,,,,,0,
02132440-p004,02132440,4,1883,1907,19 | 20,a,,a,,,e-au,1,"Borbone-Parma, Roberto",2835,R390,person,1848 - 1907,http://thesaurus.cerl.org/record/cnp01427221,"[{""characterisation"":[""ari""],""dates"":""1848 - 1907"",""externalId"":[""http://thesaurus.cerl.org/record/cnp01427221""],""gender"":""1002"",""name"":""Borbone-Parma, Roberto"",""ownerId"":""2835"",""role"":""R390"",""type"":""person"",""variants"":[""Bourbon-Parma"",""Robert de Bourbon, duke of Parma""]}]",,,,,,,,,,,,,,,,,,,,1,
02132440-p005,02132440,5,1932,1936,20,a,,a,,,e-it,1,Libreria Internazionale Ulrico Hoepli,96,R160,corporate,1870,https://aeolus.bodleian.ox.ac.uk/collections/incunables/provenances_for_mei.xml#xpointer(//*[@id= | https://lccn.loc.gov/n83139024 | https://data.cerl.org/thesaurus/cnc00011848,"[{""characterisation"":[""noc""],""dates"":""1870"",""externalId"":[""https://aeolus.bodleian.ox.ac.uk/collections/incunables/provenances_for_mei.xml#xpointer(//*[@id="",""https://lccn.loc.gov/n83139024"",""https://data.cerl.org/thesaurus/cnc00011848""],""name"":""Libreria Internazionale Ulrico Hoepli"",""ownerId"":""96"",""professionOrType"":[""bkt""],""role"":""R160"",""type"":""corporate"",""variants"":[""Milan, Libreria Internazionale Ulrico Hoepli"",""Hoepli, Ulrich"",""Libreria Antiquaria Ulrico Hoepli""]}]",,,,,,,,,,,,,,,,,,,,1,
02132440-p006,02132440,6,1936,1938,20,a,,a,a,,e-it,1,"Gerli, Paolo <Conte di Villagaeta>",2833,R390,person,1888 - 1965,http://thesaurus.cerl.org/record/cnp01427222,"[{""characterisation"":[""noc""],""dates"":""1888 - 1965"",""externalId"":[""http://thesaurus.cerl.org/record/cnp01427222""],""gender"":""1002"",""name"":""Gerli, Paolo <Conte di Villagaeta>"",""ownerId"":""2833"",""professionOrType"":[""bus""],""role"":""R390"",""type"":""person""}]",,,,,,,,,,,,,,,,,,,,1,
02132440-p007,02132440,7,1938,,20,a,o,a,b,"Al dorso segnatura di collocazione: ""B.G. Inc. 62"".",e-it,1,"Milano, Biblioteca Nazionale Braidense",2832,R399,corporate,1770-,http://thesaurus.cerl.org/record/cnc00011849,"[{""characterisation"":[""noc""],""dates"":""1770-"",""externalId"":[""http://thesaurus.cerl.org/record/cnc00011849""],""name"":""Milano, Biblioteca Nazionale Braidense"",""ownerId"":""2832"",""professionOrType"":[""lib""],""role"":""R399"",""type"":""corporate"",""variants"":[""Imperial Regia Bibliotheca Mediolanensis""]}]",,,,,,,,,,,,,,,,,,,,1,
00205580-p001,00205580,1,1501,1600,16,,,,,,,1,Jean Marc (fl. 1500),00012903,,per,,https://aeolus.bodleian.ox.ac.uk/collections/incunables/provenances_for_mei.xml#xpointer(//*[@id=,"[{""externalId"":[""https://aeolus.bodleian.ox.ac.uk/collections/incunables/provenances_for_mei.xml#xpointer(//*[@id=""],""name"":""Jean Marc (fl. 1500)"",""note"":""`natif de Parisius'."",""ownerId"":""00012903"",""type"":""per"",""variants"":[""Jean Marc""]}]",,,,,,,,,,,,,,,,,,,,0,
00205580-p002,00205580,2,1701,1900,18 | 19,,,,,Provenance: Francis Douce (1757-1834); armorial book-plate.,e-uk-en,1,"Douce, Francis (1757-1834)",00012106,R390,per,1757 - 1834,http://thesaurus.cerl.org/record/cnp01319667,"[{""characterisation"":[""noc""],""dates"":""1757 - 1834"",""externalId"":[""http://thesaurus.cerl.org/record/cnp01319667""],""gender"":1002,""name"":""Douce, Francis (1757-1834)"",""note"":""Keeper of Manuscripts at the British Museum, bequeathed his collection to the Bodleian Library; see Catalogue of the Printed Books and Manuscripts Bequeathed by Francis Douce to the Bodleian Library (Oxford, 1840); Macray 326; Craster 15-16; `Francis Douce 1757-1834', BQR 7 (1934), 359-84; Munby, Connoisseurs, esp. 35-56; David Rogers, `Francis Douce's Manuscripts: Some Hitherto Unrecognized Provenances', in Studies in the Book Trade in Honour of Graham Pollard (Oxford, 1975), 315-40; Douce Legacy; P. R. Harris, A History of the British Museum Library 1753-1973 (London, 1998), ad indicem; I. G. Philip, `The Bodleian Library', in Nineteenth-Century Oxford, Part I, ed. M. G. Brock and M. C. Curthoys, The History of the University of Oxford, 6 (Oxford, 1997), 585-97, at 593."",""ownerId"":""00012106"",""professionOrType"":[""scl""],""role"":""R390"",""type"":""per"",""variants"":[""Douce, Francis""]}]",,,,,,,,,,,,,,,,,,,,1,
00205580-p003,00205580,3,,,,,,,,,e-uk,1,"Oxford, Bodleian library",4209,,corporate,1602 -,http://thesaurus.cerl.org/record/cnc00013057,"[{""characterisation"":[""noc""],""dates"":""1602 -"",""externalId"":[""http://thesaurus.cerl.org/record/cnc00013057""],""name"":""Oxford, Bodleian library"",""ownerId"":4209,""professionOrType"":[""uni""],""type"":""corporate""}]",,,,,,,,,,,,,,,,,,,,1,
02108382-p001,02108382,1,,1881,15 | 16 | 17 | 18 | 19,a,e | h,a,,"His name is printed on the Columbia bookplate pasted on the inner front cover. Blind stamp on the recto of the third front endpaper, medaillon representing a lion and a legend running around : “Stephen Whitney Phoenix / New York”",n-us,1,"Phoenix, Stephen Whitney",00016346,R390,person,1836-1881,,"[{""dates"":""1836-1881"",""gender"":1002,""name"":""Phoenix, Stephen Whitney"",""ownerId"":""00016346"",""professionOrType"":[""uni""],""role"":""R390"",""type"":""person""}]","19th blue morocco binding, red marbled paper on the inner covers in a frame of gold triple fillets and dentelle frieze. The flat spine consists on a long rectangle incrustation of brown morocco entirely filled with a gold vegetable decoration, and animated by two blue medallions bearing the gilt titling “Heures a l’usage de Rome” and “Paris / Kerver 1500”.",w,c,b,b,g,200,130,35,"Contemporary decoration. Gold initials on red/blue background, painted woodcuts, ornamental friezes, endlines.",,,,,,,,,,1,"{""edges"":""a"",""furniture"":0,""gauffered"":""d"",""hasIllustrationsByHand"":1,""hasOrnamentalLetters"":1,""titling"":[""b""],""tooling"":""b"",""writingOnEdges"":""d""}"
02108382-p002,02108382,2,1881,,19,a,e | h | n | p,a,c,"Columbia : bookplate pasted on the inner front cover.
Old shelfmark “PE50 C28”
Accession number printed in blue on f.2r.
Blind stamp ""Columbia College Library/New York"" on f.9v.",,2,"New York, Columbia University Butler, Library | New York, Columbia University, Butler Library",00016346 | 00010224,,corporate,,,"[{""name"":""New York, Columbia University Butler, Library"",""ownerId"":""00016346"",""type"":""corporate"",""variants"":[""Phoenix, Stephen Whitney""]},{""characterisation"":[""noc""],""name"":""New York, Columbia University, Butler Library"",""ownerId"":""00010224"",""professionOrType"":[""lib""],""type"":""corporate"",""variants"":[""New York NY, Columbia University, Butler Library ""]}]",,,,,,,,,,,,,,,,,,,,0,
02118280-p001,02118280,1,,,,a,,,,,e-au,1,"Wien, Österreichische  Nationalbibliothek",2839,R399,corporate,,http://thesaurus.cerl.org/record/cnc00020465 | https://aeolus.bodleian.ox.ac.uk/collections/incunables/provenances_for_mei.xml#xpointer(//*[@id= | https://www.onb.ac.at/en/about-us/650th-anniversary/timeline/,"[{""characterisation"":[""noc""],""externalId"":[""http://thesaurus.cerl.org/record/cnc00020465"",""https://aeolus.bodleian.ox.ac.uk/collections/incunables/provenances_for_mei.xml#xpointer(//*[@id="",""https://www.onb.ac.at/en/about-us/650th-anniversary/timeline/""],""name"":""Wien, Österreichische  Nationalbibliothek"",""ownerId"":2839,""professionOrType"":[""lib""],""role"":""R399"",""type"":""corporate"",""variants"":[""Wien, Österreichische Nationalbibliothek"",""Vienne (Autriche), Österreichische Nationalbibliothek"",""Vienna, Hofbibliothek"",""Vienna, Bibliotheca Regia"",""Vienna, Österreichische Nationalbibliothek""]}]",,,,,,,,,,,,,,,,,,,,1,
02100103-p001,02100103,1,,,,,,,,,,0,,,,,,,,"18e eeuw, groen marokijn, met goud bestempelde rug en platten?. ",,,,,,,,,,,,,,,,,,,0,
02100103-p002,02100103,2,,,,a,,,,na 1856. Stempel KB 5. ,e-ne,1,Koninklijke Bibliotheek - Nationale Bibliotheek van Nederland,4014,R390,corporate,1798-,http://thesaurus.cerl.org/record/cnc00011239,"[{""characterisation"":[""noc""],""dates"":""1798-"",""externalId"":[""http://thesaurus.cerl.org/record/cnc00011239""],""name"":""Koninklijke Bibliotheek - Nationale Bibliotheek van Nederland"",""ownerId"":4014,""professionOrType"":[""lib""],""role"":""R390"",""type"":""corporate"",""variants"":[""The Hague, Koninklijke Bibliotheek"",""Den Haag, Koninklijke Bibliotheek"",""Den Haag, KB""]}]",,,,,,,,,,,,,,,,,,,,1,
02132453-p001,02132453,1,1501,1600,16,a,l,a,x,,,0,,,,,,,,,,,,,,,,,Iniziali e rosse e blu alternate.,,,,,,,,,,0,"{""hasPenInitials"":""1""}"
02132453-p002,02132453,2,1799,1883,18 | 19,a,k,a,,,,1,"Borbone-Parma, Carlo Ludovico di",2836,R390,person,1799 - 1883,http://thesaurus.cerl.org/record/cnp00574913 | http://viaf.org/viaf/48296149,"[{""characterisation"":[""roy""],""dates"":""1799 - 1883"",""externalId"":[""http://thesaurus.cerl.org/record/cnp00574913"",""http://viaf.org/viaf/48296149""],""gender"":""1002"",""name"":""Borbone-Parma, Carlo Ludovico di"",""ownerId"":""2836"",""professionOrType"":[""pol""],""role"":""R390"",""type"":""person"",""variants"":[""Charles Louis, duc de Bourbon-Parma "",""Charles-Louis de Bourbon, comte de Villafranca"",""Carlo Ludovico, re d'Etruria"",""Carlo II di Parma""]}]",Pelle su piatti in cartone. Cornice semplice con fregio ellissoidale impressi in oro ai piatti.,w,c,b,b,g,170,100,12,,,,,,,,,,,0,"{""edges"":""d"",""furniture"":""0"",""gauffered"":""d"",""titling"":[""z""],""tooling"":""b"",""writingOnEdges"":""d""}"
02132453-p003,02132453,3,1883,1907,19 | 20,a,,a,,,e-au,1,"Borbone-Parma, Roberto",2835,R390,person,1848 - 1907,http://thesaurus.cerl.org/record/cnp01427221,"[{""characterisation"":[""ari""],""dates"":""1848 - 1907"",""externalId"":[""http://thesaurus.cerl.org/record/cnp01427221""],""gender"":""1002"",""name"":""Borbone-Parma, Roberto"",""ownerId"":""2835"",""role"":""R390"",""type"":""person"",""variants"":[""Bourbon-Parma"",""Robert de Bourbon, duke of Parma""]}]",,,,,,,,,,,,,,,,,,,,1,
02132453-p004,02132453,4,1932,1936,20,a,,a,x,"Cfr: La biblioteca liturgica dei Duchi di Parma, Milano-Roma, Hoepli, 1934, n. 116.",e-it,1,Libreria Internazionale Ulrico Hoepli,96,R160,corporate,1870,https://aeolus.bodleian.ox.ac.uk/collections/incunables/provenances_for_mei.xml#xpointer(//*[@id= | https://lccn.loc.gov/n83139024 | https://data.cerl.org/thesaurus/cnc00011848,"[{""characterisation"":[""noc""],""dates"":""1870"",""externalId"":[""https://aeolus.bodleian.ox.ac.uk/collections/incunables/provenances_for_mei.xml#xpointer(//*[@id="",""https://lccn.loc.gov/n83139024"",""https://data.cerl.org/thesaurus/cnc00011848""],""name"":""Libreria Internazionale Ulrico Hoepli"",""ownerId"":""96"",""professionOrType"":[""bkt""],""role"":""R160"",""type"":""corporate"",""variants"":[""Milan, Libreria Internazionale Ulrico Hoepli"",""Hoepli, Ulrich"",""Libreria Antiquaria Ulrico Hoepli""]}]",,,,,,,,,,,,,,,,,,,,1,
02132453-p005,02132453,5,1936,1938,20,a,,a,a,,e-it,1,"Gerli, Paolo <Conte di Villagaeta>",2833,R390,person,1888 - 1965,http://thesaurus.cerl.org/record/cnp01427222,"[{""characterisation"":[""noc""],""dates"":""1888 - 1965"",""externalId"":[""http://thesaurus.cerl.org/record/cnp01427222""],""gender"":""1002"",""name"":""Gerli, Paolo <Conte di Villagaeta>"",""ownerId"":""2833"",""professionOrType"":[""bus""],""role"":""R390"",""type"":""person""}]",,,,,,,,,,,,,,,,,,,,1,
02132453-p006,02132453,6,1938,,20,a,,a,b,"
",e-it,1,"Milano, Biblioteca Nazionale Braidense",2832,R399,corporate,1770-,http://thesaurus.cerl.org/record/cnc00011849,"[{""characterisation"":[""noc""],""dates"":""1770-"",""externalId"":[""http://thesaurus.cerl.org/record/cnc00011849""],""name"":""Milano, Biblioteca Nazionale Braidense"",""ownerId"":""2832"",""professionOrType"":[""lib""],""role"":""R399"",""type"":""corporate"",""variants"":[""Imperial Regia Bibliotheca Mediolanensis""]}]",,,,,,,,,,,,,,,,,,,,1,
00204427-p001,00204427,1,1840,1914,19 | 20,,,,,,e-uk,1,"Bywater, Ingram",00011676,R390,person,1840 - 1914,,"[{""dates"":""1840 - 1914"",""gender"":1002,""name"":""Bywater, Ingram"",""ownerId"":""00011676"",""professionOrType"":[""ule""],""role"":""R390"",""type"":""person""}]",,,,,,,,,,,,,,,,,,,,1,
00204427-p002,00204427,2,1924,,20,,,,c,,e-uk,1,"Oxford, Bodleian library",4209,R399,corporate,1602 -,http://thesaurus.cerl.org/record/cnc00013057,"[{""characterisation"":[""noc""],""dates"":""1602 -"",""externalId"":[""http://thesaurus.cerl.org/record/cnc00013057""],""name"":""Oxford, Bodleian library"",""ownerId"":4209,""professionOrType"":[""uni""],""role"":""R399"",""type"":""corporate""}]",,,,,,,,,,,,,,,,,,,,1,
00205582-p001,00205582,1,1701,1900,18 | 19,,,,,Provenance: Francis Douce (1757-1834); armorial book-plate.,e-uk-en,1,"Douce, Francis (1757-1834)",00012106,R390,per,1757 - 1834,http://thesaurus.cerl.org/record/cnp01319667,"[{""characterisation"":[""noc""],""dates"":""1757 - 1834"",""externalId"":[""http://thesaurus.cerl.org/record/cnp01319667""],""gender"":1002,""name"":""Douce, Francis (1757-1834)"",""note"":""Keeper of Manuscripts at the British Museum, bequeathed his collection to the Bodleian Library; see Catalogue of the Printed Books and Manuscripts Bequeathed by Francis Douce to the Bodleian Library (Oxford, 1840); Macray 326; Craster 15-16; `Francis Douce 1757-1834', BQR 7 (1934), 359-84; Munby, Connoisseurs, esp. 35-56; David Rogers, `Francis Douce's Manuscripts: Some Hitherto Unrecognized Provenances', in Studies in the Book Trade in Honour of Graham Pollard (Oxford, 1975), 315-40; Douce Legacy; P. R. Harris, A History of the British Museum Library 1753-1973 (London, 1998), ad indicem; I. G. Philip, `The Bodleian Library', in Nineteenth-Century Oxford, Part I, ed. M. G. Brock and M. C. Curthoys, The History of the University of Oxford, 6 (Oxford, 1997), 585-97, at 593."",""ownerId"":""00012106"",""professionOrType"":[""scl""],""role"":""R390"",""type"":""per"",""variants"":[""Douce, Francis""]}]",,,,,,,,,,,,,,,,,,,,1,
00205582-p002,00205582,2,,,,,,,,,e-uk,1,"Oxford, Bodleian library",4209,,corporate,1602 -,http://thesaurus.cerl.org/record/cnc00013057,"[{""characterisation"":[""noc""],""dates"":""1602 -"",""externalId"":[""http://thesaurus.cerl.org/record/cnc00013057""],""name"":""Oxford, Bodleian library"",""ownerId"":4209,""professionOrType"":[""uni""],""type"":""corporate""}]",,,,,,,,,,,,,,,,,,,,1,
02010654-p001,02010654,1,1481,1500,15,a,l,a,,,,0,,,,,,,,,,,,,,,,,All full-page illustrations as well as some miniatures are coloured by hand; initials and capital in the text are supplied in gold on background alternatively painted in red and blue.,,,,,,,,,,0,"{""hasIlluminations"":""true"",""hasIllustrationsByHand"":""true"",""hasOramentalLetters"":""true"",""hasRubrication"":""true""}"
02010654-p002,02010654,2,,,,a,m,a,,,,0,,,,,,,,,,,,,,,,,,,,"15th century, anonymous, additions in the calendarium for March and April only (from palaeographical evidence).",,,,,,,0,"{""hasMsSupplements"":""true"",""msFrequency"":""a""}"
02010654-p003,02010654,3,,,,a,k,a,,France or England,,0,,,,,,,,Green velvet used as material cover; 15 silk bookmarks of different colours.,t,c,a,i,g,,,,,,,,,,,,,,0,"{""edges"":""a"",""furniture"":0,""gauffered"":""d"",""writingOnEdges"":""d""}"
02010654-p004,02010654,4,1901,1960,20,a,n,abf,,This book was given by Irene Churchill and Evelyn Pritchett to LPL in 1955 (see below).,e-uk,2,"Churchill, Irene Josephine <Dr.> | Pritchett, Evelyn",3913 | 3914,R320,person,1887  - 1961,http://thesaurus.cerl.org/record/cnp01881559 | http://thesaurus.cerl.org/record/cnp01881933,"[{""characterisation"":[""noc""],""dates"":""1887  - 1961"",""externalId"":[""http://thesaurus.cerl.org/record/cnp01881559""],""gender"":1001,""name"":""Churchill, Irene Josephine <Dr.>"",""ownerId"":3913,""role"":""R320"",""type"":""person"",""typeOrProfession"":[""lib""]},{""characterisation"":[""unk""],""externalId"":[""http://thesaurus.cerl.org/record/cnp01881933""],""gender"":1001,""name"":""Pritchett, Evelyn"",""ownerId"":3914,""role"":""R320"",""type"":""person"",""typeOrProfession"":[""unk""]}]",,,,,,,,,,,,,,,,,,,,0,
02010654-p005,02010654,5,1951,,20,a,n,abf,b,"Lambeth Palace Librar, Annual Report, 1955-56, p. 4.",e-uk,1,"London, Lambeth Palace Library",3462,R399,corporate,1610 -,http://thesaurus.cerl.org/record/cnc00021687,"[{""characterisation"":[""rel""],""dates"":""1610 - "",""externalId"":[""http://thesaurus.cerl.org/record/cnc00021687""],""name"":""London, Lambeth Palace Library"",""ownerId"":3462,""role"":""R399"",""type"":""corporate"",""typeOrProfession"":[""lib""]}]",,,,,,,,,,,,,,Round stamp of `Lambeth Palace Library' in black ink,,,,,,1,
02127516-p001,02127516,1,1475,1500,15,a,l,a,,,e-be,1,Anonymous illuminator,00025591,R430,person,,,"[{""characterisation"":[""noc""],""gender"":""1003"",""name"":""Anonymous illuminator"",""ownerId"":""00025591"",""professionOrType"":[""bkt""],""role"":""R430"",""type"":""person""}]",,,,,,,,,,Contemporary Bruges (Flemish) illuminated borders (leaves [4]/3r and [9]/7r) and initials.,"Alternating red and blue minor initials, red rubrics.",1475-1500,,,,,,,,1,"{""hasIlluminations"":""1"",""hasOrnamentalLetters"":""1"",""hasRubrication"":""1""}"
02127516-p002,02127516,2,1900,1908,19 | 20,a,,g,,,e-ne,0,,,,,,,,"Early 20th-century limp vellum, sewn on 3 supports.",x,a,b,a,,130,98,,,,,,,,,,,,1,
02127516-p003,02127516,3,1908,1908,20,a,,a,,,e-uk-en,1,J. Pearson & Co. Ltd.,00025131,R160,corporate,,,"[{""characterisation"":[""noc""],""name"":""J. Pearson & Co. Ltd."",""ownerId"":""00025131"",""professionOrType"":[""bkt""],""role"":""R160"",""type"":""corporate"",""variants"":[""J. Pearson & Co.""]}]",,,,,,,,,,,,,,,,,,,,1,
02127516-p004,02127516,4,1908,1913,20,a,,a,,,n-us-ny,1,Pierpont Morgan,2856,R390,person,1837-1913,http://thesaurus.cerl.org/record/cnp01427236,"[{""characterisation"":[""noc""],""dates"":""1837-1913"",""externalId"":[""http://thesaurus.cerl.org/record/cnp01427236""],""gender"":""1002"",""name"":""Pierpont Morgan"",""note"":""Purchased by Pierpont Morgan from J. Pearson & Co., 1908."",""ownerId"":""2856"",""role"":""R390"",""type"":""person"",""variants"":[""Morgan, John Pierpont <senior>""]}]",,,,,,,,,,,,,,,,,,,,1,
02127516-p005,02127516,5,1913,1924,20,a,,a,,,n-us-ny,1,"J. P. Morgan, Jr.",00010269,R390,person,1867-1943,,"[{""characterisation"":[""noc""],""dates"":""1867-1943"",""gender"":""1002"",""name"":""J. P. Morgan, Jr."",""note"":""Inherited in 1913 at death of Pierpont Morgan."",""ownerId"":""00010269"",""role"":""R390"",""type"":""person"",""variants"":[""Morgan, John Pierpont <junior>"",""J.P. Morgan""]}]",,,,,,,,,,,,,,,,,,,,1,
02127516-p006,02127516,6,1924,,20,a,,a,,,n-us-ny,1,Morgan Library & Museum,2855,R399,corporate,1924-,http://thesaurus.cerl.org/record/cnc00011865,"[{""dates"":""1924-"",""externalId"":[""http://thesaurus.cerl.org/record/cnc00011865""],""name"":""Morgan Library & Museum"",""ownerId"":""2855"",""role"":""R399"",""type"":""corporate"",""variants"":[""New York, Pierpont Morgan Library""]}]",,,,,,,,,,,,,,,,,,,,1,
00205585-p001,00205585,1,1701,1900,18 | 19,,,,,Francis Douce (1757-1834).,e-uk-en,1,"Douce, Francis (1757-1834)",00012106,R390,per,1757 - 1834,http://thesaurus.cerl.org/record/cnp01319667,"[{""characterisation"":[""noc""],""dates"":""1757 - 1834"",""externalId"":[""http://thesaurus.cerl.org/record/cnp01319667""],""gender"":1002,""name"":""Douce, Francis (1757-1834)"",""note"":""Keeper of Manuscripts at the British Museum, bequeathed his collection to the Bodleian Library; see Catalogue of the Printed Books and Manuscripts Bequeathed by Francis Douce to the Bodleian Library (Oxford, 1840); Macray 326; Craster 15-16; `Francis Douce 1757-1834', BQR 7 (1934), 359-84; Munby, Connoisseurs, esp. 35-56; David Rogers, `Francis Douce's Manuscripts: Some Hitherto Unrecognized Provenances', in Studies in the Book Trade in Honour of Graham Pollard (Oxford, 1975), 315-40; Douce Legacy; P. R. Harris, A History of the British Museum Library 1753-1973 (London, 1998), ad indicem; I. G. Philip, `The Bodleian Library', in Nineteenth-Century Oxford, Part I, ed. M. G. Brock and M. C. Curthoys, The History of the University of Oxford, 6 (Oxford, 1997), 585-97, at 593."",""ownerId"":""00012106"",""professionOrType"":[""scl""],""role"":""R390"",""type"":""per"",""variants"":[""Douce, Francis""]}]",,,,,,,,,,,,,,,,,,,,1,
00205585-p002,00205585,2,1701,1800,18,,,,,"Provenance: Richard Farmer (1735-1797); a note in his hand in the upper margin of leaf 2v: 'Caxton's Letter, not in Ames.' ",,1,"Farmer, Richard (1735-1797)",00012252,,per,1735 - 1797,https://aeolus.bodleian.ox.ac.uk/collections/incunables/provenances_for_mei.xml#xpointer(//*[@id=,"[{""dates"":""1735 - 1797"",""externalId"":[""https://aeolus.bodleian.ox.ac.uk/collections/incunables/provenances_for_mei.xml#xpointer(//*[@id=""],""name"":""Farmer, Richard (1735-1797)"",""note"":""Master of Emmanuel College, Cambridge; Librarian, Cambridge University Library; see L. J. Lloyd, `Dr. Richard Farmer 1735-97', Book Collector, 26 (1977), 524-36; David McKitterick, Cambridge University Library: A History. The Eighteenth and Nineteenth Centuries (Cambridge, 1986), 293-351; DNB; A Catalogue of the Curious, Valuable and Extensive Library... of the Late Revd Richard Farmer... (London: Thomas King, 7-16 May 1798); some books from Farmer's collection appear not to have been included in this sale; Francis Douce possessed several of Richard Farmer's books."",""ownerId"":""00012252"",""type"":""per"",""variants"":[""Farmer, Richard ""]}]",,,,,,,,,,,,,,,,,,,,0,
00205585-p003,00205585,3,,,,,,,,,e-uk,1,"Oxford, Bodleian library",4209,,corporate,1602 -,http://thesaurus.cerl.org/record/cnc00013057,"[{""characterisation"":[""noc""],""dates"":""1602 -"",""externalId"":[""http://thesaurus.cerl.org/record/cnc00013057""],""name"":""Oxford, Bodleian library"",""ownerId"":4209,""professionOrType"":[""uni""],""type"":""corporate""}]",,,,,,,,,,,,,,,,,,,,1,
02137556-p001,02137556,1,1479,1871,15 | 16 | 17 | 18 | 19,a,n,c,,"From a collection found by William Blades in the binding of a copy of Caxton's Boethius (ISTC ib00813000) at St Albans Grammar School, now at the Library of Congress",e-uk-en,1,St Albans School,00029012,R390,corporate,948-,,"[{""characterisation"":[""rel""],""dates"":""948-"",""name"":""St Albans School"",""ownerId"":""00029012"",""professionOrType"":[""sco""],""role"":""R390"",""type"":""corporate"",""variants"":[""St Albans Grammar School""]}]",,,,,,,,,,,,,,,,,,,,1,
02137556-p002,02137556,2,1871,,19,a,h | o,c,a,,e-uk,1,"London, British Museum Library, since 1973 The British Library",3442,R399,corporate,1753-,https://aeolus.bodleian.ox.ac.uk/collections/incunables/provenances_for_mei.xml#xpointer(//*[@id= | http://www.bl.uk/reshelp/findhelprestype/prbooks/provenanceresearch/provenanceresearch.html,"[{""characterisation"":[""noc""],""dates"":""1753-"",""externalId"":[""https://aeolus.bodleian.ox.ac.uk/collections/incunables/provenances_for_mei.xml#xpointer(//*[@id="",""http://www.bl.uk/reshelp/findhelprestype/prbooks/provenanceresearch/provenanceresearch.html""],""name"":""London, British Museum Library, since 1973 The British Library"",""ownerId"":""3442"",""professionOrType"":[""lib""],""role"":""R399"",""type"":""corporate"",""variants"":[""British Museum, London, Bibliotheca Britannica"",""British Museum, London, King's Library"",""King's Library, London"",""British Museum. Department of Printed Books"",""British Museum. Department of Manuscripts""]}]",Bound in the British Museum bindery in gold-tooled red morocco.,w,c,b,b,,,,,,,,,,,,,,,1,"{""titling"":[""b""],""tooling"":""b""}"
00560442-p001,00560442,1,,,,a,,,,None recorded.,e-uk-en,1,Cambridge University Library,3463,R390,corporate,,http://thesaurus.cerl.org/record/cnc00002301,"[{""characterisation"":[""noc""],""externalId"":[""http://thesaurus.cerl.org/record/cnc00002301""],""name"":""Cambridge University Library"",""ownerId"":3463,""professionOrType"":[""lib""],""role"":""R390"",""type"":""corporate"",""variants"":[""Cambridge, University, Library"",""University Library, Cambridge"",""University of Cambridge, Cambridge University Library"",""University of Cambridge, Library"",""University of Cambridge, University Library""]}]","Half vellum by Stoakley of Cambridge, 1903. UkCU,Fragment: Two leaves only, from a binding: part of g2, and g7 complete (opening of the Penitential Psalms within a woodcut border). A note by Francis Jenkinson reads: 'This vellum is a good deal shrunk, as may be seen by comparing the same border in Pynson's Aphthonii Progymnasmata, 1521, 8Â°.'",,,,,,,,,,,,,,,,,,,1,
00203485-p001,00203485,1,,1700,15 | 16 | 17,,,,,Provenance: George Davenport (†1677); on the front pastedown: 'Geo. Davenport. 1648'.,,1,"Davenport, George (d.1677)",00012010,,per,- 1677,"https://aeolus.bodleian.ox.ac.uk/collections/incunables/provenances_for_mei.xml#xpointer(//*[@id=""972""])","[{""dates"":"" - 1677"",""externalId"":[""https://aeolus.bodleian.ox.ac.uk/collections/incunables/provenances_for_mei.xml#xpointer(//*[@id=\""972\""])""],""name"":""Davenport, George (d.1677)"",""note"":""chaplain to John Cosin, Bishop of Durham 1660, Rector of Houghton-le-Spring, Durham 1664-77, and first Keeper of Bishop Cosin's Library, Durham; see H. D. Hughes, A History of Durham Cathedral Library (Durham, 1925), 30; A. I. Doyle, `Hugh Hutchinson Bookbinder of Durham c.1662 or 1665-95', Book Collector, 24 (1975), 25-32; Davenport gave printed books and 70 manuscripts to Cosin's Library in 1669-70: see Doyle, `Hugh Hutchinson', 25; see also Durham, Cosin's Library."",""ownerId"":""00012010"",""type"":""per""}]",,,,,,,,,,,,,,,,,,,,0,
00203485-p002,00203485,2,,,,,,,,"Durham, Cosin's Library (Episcopal Library): obliterated inscription on front endleaf: 'Liber Bibliothecae Episcopalis D[unelmensis] V. I.' ",,1,"Durham, Cosin's Library (Episcopal Library)",00012137,,per,,"https://aeolus.bodleian.ox.ac.uk/collections/incunables/provenances_for_mei.xml#xpointer(//*[@id=""1099""])","[{""externalId"":[""https://aeolus.bodleian.ox.ac.uk/collections/incunables/provenances_for_mei.xml#xpointer(//*[@id=\""1099\""])""],""name"":""Durham, Cosin's Library (Episcopal Library)"",""note"":""on Cosin's Library see A. I. Doyle, `John Cosin (1595-1672) as a Library Maker', Book Collector, 40 (1991), 335-57 (with the designation of the library discussed at 353), repr. in The Pleasures of Bibliophily: Fifty Years of `The Book Collector' (London, 2003), 224-39; J. T. D. Hall, `Cosin's Library', in John Cosin: Papers Presented to a Conference to Celebrate the 400th Anniversary of his Birth, ed. Margot Johnson (Durham, 1997), 91-6; see also Davenport, George."",""ownerId"":""00012137"",""type"":""per""}]",,,,,,,,,,,,,,,,,,,,0,
00203485-p003,00203485,3,,1900,15 | 16 | 17 | 18 | 19,,,,,"James McDonnell (†1845); partly obliterated inscription on front pastedown: from someone with a name possibly ending 'Dr[?] Peter[?]' 'of Du[rham]' or perhaps 'Du[blin]' to 'James McDonnell esqr of Belfast'; not found in A Catalogue of the Extensive & Valuable Library of the Late James McDonnell . . . to be Sold by Auction by Mr. Hyndman . . . on Wednesday, the 3rd day of January, 1849 (Belfast, 1848).",,1,"McDonnell, James (d.1845)",00013384,,per,- 1845,"https://aeolus.bodleian.ox.ac.uk/collections/incunables/provenances_for_mei.xml#xpointer(//*[@id=""2251""])","[{""dates"":"" - 1845"",""externalId"":[""https://aeolus.bodleian.ox.ac.uk/collections/incunables/provenances_for_mei.xml#xpointer(//*[@id=\""2251\""])""],""name"":""McDonnell, James (d.1845)"",""note"":""doctor in Belfast, a founder of the Linen Hall Library there; see P. Froggatt, `The Glynns', Journal of the Glens of Antrim Historical Society, 9 (1981), 17-31."",""ownerId"":""00013384"",""type"":""per""}]",,,,,,,,,,,,,,,,,,,,0,
00203485-p004,00203485,4,1901,2000,20,,,,,"Presented in 1945 by Frank Berenger Benger, and George Smith; see BLR 2 (1945), 112-13.",,1,"Benger, Frank Berenger (fl. 1945)",00011417,,per,,https://aeolus.bodleian.ox.ac.uk/collections/incunables/provenances_for_mei.xml#xpointer(//*[@id=,"[{""externalId"":[""https://aeolus.bodleian.ox.ac.uk/collections/incunables/provenances_for_mei.xml#xpointer(//*[@id=""],""name"":""Benger, Frank Berenger (fl. 1945)"",""note"":""of Leatherhead."",""ownerId"":""00011417"",""type"":""per"",""variants"":[""Benger, Frank ""]}]",,,,,,,,,,,,,,,,,,,,0,
00203485-p005,00203485,5,1901,2000,20,,,,,"George Smith (fl. 1928-1945); bought by him at an auction in 1928 and announced in a letter to The Times, 28 Nov. 1928.",,1,"Smith, George (fl. 1928-1945)",00014344,,per,,"https://aeolus.bodleian.ox.ac.uk/collections/incunables/provenances_for_mei.xml#xpointer(//*[@id=""3385""])","[{""externalId"":[""https://aeolus.bodleian.ox.ac.uk/collections/incunables/provenances_for_mei.xml#xpointer(//*[@id=\""3385\""])""],""name"":""Smith, George (fl. 1928-1945)"",""note"":""bookseller; of Great Bedwyn, Wiltshire."",""ownerId"":""00014344"",""type"":""per"",""variants"":[""Smith, George""]}]",,,,,,,,,,,,,,,,,,,,0,
00203485-p006,00203485,6,,,,,,,,,e-uk,1,"Oxford, Bodleian library",4209,,corporate,1602 -,http://thesaurus.cerl.org/record/cnc00013057,"[{""characterisation"":[""noc""],""dates"":""1602 -"",""externalId"":[""http://thesaurus.cerl.org/record/cnc00013057""],""name"":""Oxford, Bodleian library"",""ownerId"":4209,""professionOrType"":[""uni""],""type"":""corporate""}]",,,,,,,,,,,,,,,,,,,,1,
00560443-p001,00560443,1,,,,,,,,,,1,"Dunn, George",3537,R390,person,1864-1912,http://thesaurus.cerl.org/record/cnp01101303 | https://aeolus.bodleian.ox.ac.uk/collections/incunables/provenances_for_mei.xml#xpointer(//*[@id=,"[{""dates"":""1864-1912"",""externalId"":[""http://thesaurus.cerl.org/record/cnp01101303"",""https://aeolus.bodleian.ox.ac.uk/collections/incunables/provenances_for_mei.xml#xpointer(//*[@id=""],""name"":""Dunn, George"",""ownerId"":""3537"",""role"":""R390"",""type"":""person""}]",,,,,,,,,,,,,,,,,,,,0,
00560443-p002,00560443,2,,,,,,,,,n-us,1,Harvard University Library,3523,R390,corporate,1636-,http://thesaurus.cerl.org/record/cnc00007523,"[{""characterisation"":[""noc""],""dates"":""1636-"",""externalId"":[""http://thesaurus.cerl.org/record/cnc00007523""],""name"":""Harvard University Library"",""ownerId"":""3523"",""professionOrType"":[""uni""],""role"":""R390"",""type"":""corporate"",""variants"":[""Harvard Library"",""Bibliotheca Harvardiana, Cambridge, Mass."",""College Library, Cambridge, Mass."",""HCL"",""Harvard College Library, Cambridge, Mass."",""Harvard College, Cambridge, Mass., Bibliotheca Harvardiana"",""Harvard College, Cambridge, Mass., Harvard Library"",""Harvard College, Cambridge, Mass., Widener Library"",""Harvard University Library"",""Harvard University, College Library"",""Harvard University, Faculty of Arts and Sciences, Library"",""Harvard University, Cambridge, Mass., Bibliotheca Harvardiana"",""Harvard University, Cambridge, Mass., College Library"",""Harvard University, Cambridge, Mass., Faculty of Arts and Sciences, Library"",""Harvard University, Cambridge, Mass., Widener Library <Harvard College>"",""Widener Library, Cambridge, Mass., Harvard College""]}]",,,,,,,,,,,,,,,,,,,,1,
00560443-p003,00560443,3,,,,a,,,,From the binding of a law book formerly in the library of George Dunn and subsequently in that of Harvard University. Exchanged with A.G.W. Murray for another lawbook and subsequently given by him to the University Library. One leaf inscribed 'J F Fontir[...] 38 Threadneedle Str 1788' and 'John Baynes Greys Inn 1785'.,e-uk-en,1,Cambridge University Library,3463,R390,corporate,,http://thesaurus.cerl.org/record/cnc00002301,"[{""characterisation"":[""noc""],""externalId"":[""http://thesaurus.cerl.org/record/cnc00002301""],""name"":""Cambridge University Library"",""ownerId"":""3463"",""professionOrType"":[""lib""],""role"":""R390"",""type"":""corporate"",""variants"":[""Cambridge, University, Library"",""University Library, Cambridge"",""University of Cambridge, Cambridge University Library"",""University of Cambridge, Library"",""University of Cambridge, University Library""]}]",,,,,,,,,,,,,,,,,,,,1,
00560444-p001,00560444,1,,,,a,,,,,e-uk-en,1,Cambridge University Library,3463,R390,corporate,,http://thesaurus.cerl.org/record/cnc00002301,"[{""characterisation"":[""noc""],""externalId"":[""http://thesaurus.cerl.org/record/cnc00002301""],""name"":""Cambridge University Library"",""ownerId"":3463,""professionOrType"":[""lib""],""role"":""R390"",""type"":""corporate"",""variants"":[""Cambridge, University, Library"",""University Library, Cambridge"",""University of Cambridge, Cambridge University Library"",""University of Cambridge, Library"",""University of Cambridge, University Library""]}]",Fragment: Four leaves of the calendar (September-December); from a binding.,,,,,,,,,,,,,,,,,,,1,
00200602-p001,00200602,1,1705,1753,18,a,n,a | b,a,"One unopened sheet has been removed from Sloane Ms 1086 (no.68), and other small fragments have been taken from another collection made for Sloane by John Bagford, about 1705, now BL C.18.d.9 (where two fragments remain, nos. 124 and 125; on this volume see J. Goldfinch, 'Sloane's incunabula', in From books to bezoars, ed. A. Walker etc., London, 2012, esp. pp.218-220).",e-uk,2,"Sloane, Sir Hans | Bagford, John",00014339 | 00011302,R390 | R160,person,1660 - 1753 | 1650 - 1716,https://aeolus.bodleian.ox.ac.uk/collections/incunables/provenances_for_mei.xml#xpointer(//*[@id= | http://www.bl.uk/catalogues/sloane/ | http://thesaurus.cerl.org/record/cnp01337565,"[{""characterisation"":[""ari""],""dates"":""1660 - 1753"",""externalId"":[""https://aeolus.bodleian.ox.ac.uk/collections/incunables/provenances_for_mei.xml#xpointer(//*[@id="",""http://www.bl.uk/catalogues/sloane/"",""http://thesaurus.cerl.org/record/cnp01337565""],""gender"":""1002"",""name"":""Sloane, Sir Hans"",""ownerId"":""00014339"",""professionOrType"":[""phy""],""role"":""R390"",""type"":""person""},{""characterisation"":[""noc""],""dates"":""1650 - 1716"",""externalId"":[""https://aeolus.bodleian.ox.ac.uk/collections/incunables/provenances_for_mei.xml#xpointer(//*[@id=""],""gender"":""1002"",""name"":""Bagford, John"",""ownerId"":""00011302"",""professionOrType"":[""bkt""],""role"":""R160"",""type"":""person""}]",,,,,,,,,,,,,,,,,,,,1,
00200602-p002,00200602,2,1753,,18,a,h,a | c | g,a,"Sheets of unknown provenance, bought in May 1902 and February 1950, have been combined in one volume with another sheet and fragments derived from Sloane's collecitons",e-uk,1,"London, British Museum Library, since 1973 The British Library",3442,R399,corporate,1753-,https://aeolus.bodleian.ox.ac.uk/collections/incunables/provenances_for_mei.xml#xpointer(//*[@id= | http://www.bl.uk/reshelp/findhelprestype/prbooks/provenanceresearch/provenanceresearch.html,"[{""characterisation"":[""noc""],""dates"":""1753-"",""externalId"":[""https://aeolus.bodleian.ox.ac.uk/collections/incunables/provenances_for_mei.xml#xpointer(//*[@id="",""http://www.bl.uk/reshelp/findhelprestype/prbooks/provenanceresearch/provenanceresearch.html""],""name"":""London, British Museum Library, since 1973 The British Library"",""ownerId"":""3442"",""professionOrType"":[""lib""],""role"":""R399"",""type"":""corporate"",""variants"":[""British Museum, London, Bibliotheca Britannica"",""British Museum, London, King's Library"",""King's Library, London"",""British Museum. Department of Printed Books"",""British Museum. Department of Manuscripts""]}]",gold-tooled calf,x,c,b,b,g,,,,,,,,,,,,,,1,"{""titling"":[""b""],""tooling"":""b""}"
00206217-p001,00206217,1,,,,,,,,"Items i, ii, v, and vi were removed from the binding of the Biblia Latina (Basel: Johann Froben, 1502), formerly owned by Gerald Poynton Mander (1885-1951), and purchased at his sale (Sotheby's, 23 Feb. 1954, lot 413), and now shelfmarked 'Bib. Lat. 1502 c. 6-8'; item (iv) is one of two copies of the last 16 leaves of the Horae used as endleaves in the Eton College copy of St Thomas Aquinas, Catena Aurea (Venice, 1493) [Pr 5043; Bod-inc. T‑137], presented to the College Library by Roger Lupton (†1540, Provost 1504-36).",,1,Eton College,00012215,,,,https://aeolus.bodleian.ox.ac.uk/collections/incunables/provenances_for_mei.xml#xpointer(//*[@id=,"[{""externalId"":[""https://aeolus.bodleian.ox.ac.uk/collections/incunables/provenances_for_mei.xml#xpointer(//*[@id=""],""name"":""Eton College"",""note"":""see Christopher Hollis, Eton: A History (London, 1960); Tim Card, Eton Renewed: A History from 1860 to the Present Day (London, 1994); on the College Library see Robert Birley, The History of College Library, Eton College Occasional Publications, 1 (Eton, 1970); Paul Quarrie, `College Library', in Eton 1440-1990: Portrait, Programme and Catalogue (Eton, 1990), 30-6."",""ownerId"":""00012215"",""variants"":[""Eton College, Buckinghamshire""]}]",,,,,,,,,,,,,,,,,,,,0,
00206217-p002,00206217,2,,1600,15 | 16,,,,,"Items i, ii, v, and vi were removed from the binding of the Biblia Latina (Basel: Johann Froben, 1502), formerly owned by Gerald Poynton Mander (1885-1951), and purchased at his sale (Sotheby's, 23 Feb. 1954, lot 413), and now shelfmarked 'Bib. Lat. 1502 c. 6-8'; item (iv) is one of two copies of the last 16 leaves of the Horae used as endleaves in the Eton College copy of St Thomas Aquinas, Catena Aurea (Venice, 1493) [Pr 5043; Bod-inc. T‑137], presented to the College Library by Roger Lupton (†1540, Provost 1504-36).",,1,"Lupton, Roger (d.1540)",00013241,,,- 1540,https://aeolus.bodleian.ox.ac.uk/collections/incunables/provenances_for_mei.xml#xpointer(//*[@id= | http://thesaurus.cerl.org/record/cnp01137441,"[{""dates"":"" - 1540"",""externalId"":[""https://aeolus.bodleian.ox.ac.uk/collections/incunables/provenances_for_mei.xml#xpointer(//*[@id="",""http://thesaurus.cerl.org/record/cnp01137441""],""name"":""Lupton, Roger (d.1540)"",""note"":""Provost of Eton College 1504-36; see Emden, BRUC, 377-8."",""ownerId"":""00013241"",""variants"":[""Lupton, Roger""]}]",,,,,,,,,,,,,,,,,,,,0,
00206217-p003,00206217,3,1501,1600,16,,,,,"Provenance: William Vaughan (fl. 1582-1599), 1590.",,1,"Vaughan, William (fl. 1582-1599)",00014835,,,,"https://aeolus.bodleian.ox.ac.uk/collections/incunables/provenances_for_mei.xml#xpointer(//*[@id=""3761""])","[{""externalId"":[""https://aeolus.bodleian.ox.ac.uk/collections/incunables/provenances_for_mei.xml#xpointer(//*[@id=\""3761\""])""],""name"":""Vaughan, William (fl. 1582-1599)"",""note"":""BA Balliol College, Oxford 1582, holder of various livings in Wales 1587-99, for whom see Foster IV 1539; perhaps also to be identified with the William Vaughan (presumably sixteenth century) who owned Rhodes 694a."",""ownerId"":""00014835"",""variants"":[""Vaughan, William""]}]",,,,,,,,,,,,,,,,,,,,0,
00206217-p004,00206217,4,1885,1951,19 | 20,,,,,"Items i, ii, v, and vi were removed from the binding of the Biblia Latina (Basel: Johann Froben, 1502), formerly owned by Gerald Poynton Mander (1885-1951), and purchased at his sale (Sotheby's, 23 Feb. 1954, lot 413), and now shelfmarked 'Bib. Lat. 1502 c. 6-8'; item (iv) is one of two copies of the last 16 leaves of the Horae used as endleaves in the Eton College copy of St Thomas Aquinas, Catena Aurea (Venice, 1493) [Pr 5043; Bod-inc. T‑137], presented to the College Library by Roger Lupton (†1540, Provost 1504-36).",e-uk,1,"Mander, Gerald Poynton",00013297,R390,person,1885 - 1951,https://aeolus.bodleian.ox.ac.uk/collections/incunables/provenances_for_mei.xml#xpointer(//*[@id= | http://www.thepeerage.com/p50939.htm#i509384,"[{""characterisation"":[""noc""],""dates"":""1885 - 1951"",""externalId"":[""https://aeolus.bodleian.ox.ac.uk/collections/incunables/provenances_for_mei.xml#xpointer(//*[@id="",""http://www.thepeerage.com/p50939.htm#i509384""],""gender"":""1002"",""name"":""Mander, Gerald Poynton "",""ownerId"":""00013297"",""professionOrType"":[""scl""],""role"":""R390"",""type"":""person"",""variants"":[""Mander, Gerald Poynton""]}]",,,,,,,,,,,,,,,,,,,,1,
00206217-p005,00206217,5,,,,,,,,,e-uk,1,"Oxford, Bodleian library",4209,,corporate,1602 -,http://thesaurus.cerl.org/record/cnc00013057,"[{""characterisation"":[""noc""],""dates"":""1602 -"",""externalId"":[""http://thesaurus.cerl.org/record/cnc00013057""],""name"":""Oxford, Bodleian library"",""ownerId"":""4209"",""professionOrType"":[""uni""],""type"":""corporate""}]",,,,,,,,,,,,,,,,,,,,1,
00200607-p001,00200607,1,1504,1536,16,a,,a,,Lupton owned the copy of Aquinas from which the fragment has been removed,e-uk-en,2,"Lupton, Roger | England, Foliaged Staff Binder",00013241 | 00027297,,person,1456 - 1540 | 1490-1510,https://aeolus.bodleian.ox.ac.uk/collections/incunables/provenances_for_mei.xml#xpointer(//*[@id= | http://thesaurus.cerl.org/record/cnp01137441,"[{""characterisation"":[""rel""],""dates"":""1456 - 1540"",""externalId"":[""https://aeolus.bodleian.ox.ac.uk/collections/incunables/provenances_for_mei.xml#xpointer(//*[@id="",""http://thesaurus.cerl.org/record/cnp01137441""],""gender"":""1002"",""name"":""Lupton, Roger"",""ownerId"":""00013241"",""professionOrType"":[""sct""],""type"":""person""},{""characterisation"":[""noc""],""dates"":""1490-1510"",""gender"":""1003"",""name"":""England, Foliaged Staff Binder"",""ownerId"":""00027297"",""professionOrType"":[""bkt""],""type"":""person""}]",,,,,,,,,,,,,,,,,,,,1,
00200607-p002,00200607,2,1536,,16,a,,a | c,b,Presented by Lupton (inscription in the Aquinas volume),e-uk,1,"Eton College, Buckinghamshire",00012215,R399,corporate,1440 -,https://aeolus.bodleian.ox.ac.uk/collections/incunables/provenances_for_mei.xml#xpointer(//*[@id=,"[{""characterisation"":[""noc""],""dates"":""1440 -"",""externalId"":[""https://aeolus.bodleian.ox.ac.uk/collections/incunables/provenances_for_mei.xml#xpointer(//*[@id=""],""name"":""Eton College, Buckinghamshire"",""ownerId"":""00012215"",""professionOrType"":[""sco""],""role"":""R399"",""type"":""corporate""}]",,,,,,,,,,,,,,,,,,,,1,
00560445-p001,00560445,1,,,,,,,,,,2,"Floyd, John | England, Foliaged Staff Binder",00019454 | 00027297,R390 | R110,person,16th century | 1490-1510,,"[{""dates"":""16th century"",""name"":""Floyd, John"",""ownerId"":""00019454"",""role"":""R390"",""type"":""person""},{""characterisation"":[""noc""],""dates"":""1490-1510"",""gender"":""1003"",""name"":""England, Foliaged Staff Binder"",""ownerId"":""00027297"",""professionOrType"":[""bkt""],""role"":""R110"",""type"":""person""}]",,,,,,,,,,,,,,,,,,,,0,
00560445-p002,00560445,2,,,,,,,,,,1,"Jenkinson, Francis",00018473,R390,person,1853-1923,,"[{""dates"":""1853-1923"",""name"":""Jenkinson, Francis"",""ownerId"":""00018473"",""role"":""R390"",""type"":""person""}]",,,,,,,,,,,,,,,,,,,,0,
00560445-p003,00560445,3,,,,a,,,,"Inscribed 'John Floyd is my name [?]' on leaf s8 verso, England, late 16th or early 17th century, unidentified.  Bought of Bohn and Toon in 1899 by Francis Jenkison, University Librarian, his bibliographical notes and letters of correspondence from Thomas Toon, R. Proctor and E. Hoskins, dated 10 February 1899, 22 December and 27 December 1900 respectively, enclosed with the fragments.  Given by Jenkinson.",e-uk-en,1,Cambridge University Library,3463,R390,corporate,,http://thesaurus.cerl.org/record/cnc00002301,"[{""characterisation"":[""noc""],""externalId"":[""http://thesaurus.cerl.org/record/cnc00002301""],""name"":""Cambridge University Library"",""ownerId"":""3463"",""professionOrType"":[""lib""],""role"":""R390"",""type"":""corporate"",""variants"":[""Cambridge, University, Library"",""University Library, Cambridge"",""University of Cambridge, Cambridge University Library"",""University of Cambridge, Library"",""University of Cambridge, University Library""]}]","All recorded copies are fragmentary, many extracted from bindings made by Oldham's 'Foliage Staff Binder': see Rogers, 'Johann Hamman at Venice...', 1970, pp. 363-366, with suggested collation.",,,,,,,,,Woodcut initials with reserved decoration or foliate design.,,,,,,,,,,1,
02149072-p001,02149072,1,1582,1599,16,a,,c,,Owner of the 1502 Bible from which the Horae fragments have been removed,e-uk-wl,1,"Vaughan, William",00014835,,person,fl.1582-99,"https://aeolus.bodleian.ox.ac.uk/collections/incunables/provenances_for_mei.xml#xpointer(//*[@id=""3761""])","[{""characterisation"":[""rel""],""dates"":""fl.1582-99"",""externalId"":[""https://aeolus.bodleian.ox.ac.uk/collections/incunables/provenances_for_mei.xml#xpointer(//*[@id=\""3761\""])""],""gender"":""1002"",""name"":""Vaughan, William"",""ownerId"":""00014835"",""professionOrType"":[""cle""],""type"":""person""}]",,,,,,,,,,,,,,,,,,,,0,
02149072-p002,02149072,2,1910,1951,20,a,,c,,Former owner of the 1502 Bible,e-uk,1,"Mander, Gerald Poynton",00013297,R390,person,1885 - 1951,https://aeolus.bodleian.ox.ac.uk/collections/incunables/provenances_for_mei.xml#xpointer(//*[@id= | http://www.thepeerage.com/p50939.htm#i509384,"[{""characterisation"":[""noc""],""dates"":""1885 - 1951"",""externalId"":[""https://aeolus.bodleian.ox.ac.uk/collections/incunables/provenances_for_mei.xml#xpointer(//*[@id="",""http://www.thepeerage.com/p50939.htm#i509384""],""gender"":""1002"",""name"":""Mander, Gerald Poynton"",""ownerId"":""00013297"",""professionOrType"":[""scl""],""role"":""R390"",""type"":""person""}]",,,,,,,,,,,,,,,,,,,,1,
02149072-p003,02149072,3,1954,1954,20,a,,c,a,The Bible containing the Horae fragments was bought at the Mander sale at Sotheby's in February 1954,e-uk-en,1,"Oxford, Bodleian Library",4209,R390,corporate,1602 -,http://thesaurus.cerl.org/record/cnc00013057,"[{""characterisation"":[""noc""],""dates"":""1602 -"",""externalId"":[""http://thesaurus.cerl.org/record/cnc00013057""],""name"":""Oxford, Bodleian Library"",""ownerId"":""4209"",""professionOrType"":[""uni""],""role"":""R390"",""type"":""corporate"",""variants"":[""Oxford, Bodleian library""]}]",,,,,,,,,,,,,,,,,,,,1,
02149072-p004,02149072,4,1954,,20,a,s,c,d,Received from Oxford in June 1954 in exchange for a duplicate copy of the final sheet,e-uk,1,"Eton College, Buckinghamshire",00012215,R399,corporate,1440 -,https://aeolus.bodleian.ox.ac.uk/collections/incunables/provenances_for_mei.xml#xpointer(//*[@id=,"[{""characterisation"":[""noc""],""dates"":""1440 -"",""externalId"":[""https://aeolus.bodleian.ox.ac.uk/collections/incunables/provenances_for_mei.xml#xpointer(//*[@id=""],""name"":""Eton College, Buckinghamshire"",""ownerId"":""00012215"",""professionOrType"":[""sco""],""role"":""R399"",""type"":""corporate""}]",,,,,,,,,,,,,,,,,,,,1,
00560447-p001,00560447,1,,,,a,,,,"Inc.4.J.1.2[3570]: Provenance: From the Royal Library (collection of Bishop John Moore, given to Cambridge University Library in 1715 by George I). Inscription on c4r: 'oncle wan you do on thys loke I pray you reme[m]ber wo wrete thys in your bo[ke] your louuyinge nys katharin parr [i.e. Catharine Parr, future consort of Henry VIII, writing to her uncle William Parr, later Baron Parr of Horton]'. On verso: 'oncle wen you on this boke do loke I prae you remember yowre louynge neueu william parr [i.e. William Parr, future marquess of Northampton]'. Oates records a similar inscription from 'your louing ness Elysabeth', probably on c3v but now largely illegible. On i8r: 'G[ulielmus] H[enrico, i.e. Henry Howard] Parrus eques Surrȩe tibi donauerat, et nunc Sum Comitis fueram qui modo Parre tuus'. Inscriptions on k5v and 8r include name 'Thomas Parr [i.e. Sir Thomas Parr of Kendal]. On l6r four lines of verse beginning 'Parrus eques dedit hunc grato in munere libru[m] Surreo comiti, nil facit ille nouum ... 1530 Idibus octobris.' Similar inscription on p4r. On p4v: 'brother et es anolld sayeng that owt of syt owt of mynd but I troste in yow I chall not fynd et treu mawd parr [i.e. Maud Parr, wife of Sir Thomas]'. Annotation: Old shelfmark, 'G.3.61' on a3r. Text added in contemporary MS on h2v. UkCU,Inc.4.J.1.2[3571]: Provenance: Bookplate of the Royal Library (collection of Bishop John Moore, given to Cambridge University Library in 1715 by George I). Old shelfmark, 'G-1-4', on upper pastedown.",e-uk-en,1,Cambridge University Library,3463,R390,corporate,,http://thesaurus.cerl.org/record/cnc00002301,"[{""characterisation"":[""noc""],""externalId"":[""http://thesaurus.cerl.org/record/cnc00002301""],""name"":""Cambridge University Library"",""ownerId"":3463,""professionOrType"":[""lib""],""role"":""R390"",""type"":""corporate"",""variants"":[""Cambridge, University, Library"",""University Library, Cambridge"",""University of Cambridge, Cambridge University Library"",""University of Cambridge, Library"",""University of Cambridge, University Library""]}]",,,,,,,,,,,,,,,,,,,,1,
00560446-p001,00560446,1,,,,,,,,,,1,"Moore, John",00018466,R390,person,1646-1714,,"[{""dates"":""1646-1714"",""name"":""Moore, John"",""ownerId"":""00018466"",""role"":""R390"",""type"":""person""}]",,,,,,,,,,,,,,,,,,,,0,
00560446-p002,00560446,2,,,,,,,,,,1,"Parr, William Parr, Baron",00019455,R390,person,ca. 1480-1547,,"[{""dates"":""ca. 1480-1547"",""name"":""Parr, William Parr, Baron"",""ownerId"":""00019455"",""role"":""R390"",""type"":""person""}]",,,,,,,,,,,,,,,,,,,,0,
00560446-p003,00560446,3,,,,,,,,,,1,"Surrey, Henry Howard, Earl of",00019456,R390,person,1517?-1547,,"[{""dates"":""1517?-1547"",""name"":""Surrey, Henry Howard, Earl of"",""ownerId"":""00019456"",""role"":""R390"",""type"":""person""}]",,,,,,,,,,,,,,,,,,,,0,
00560446-p004,00560446,4,,,,a,,,,"Inc.4.J.1.2[3570]: Provenance: From the Royal Library (collection of Bishop John Moore, given to Cambridge University Library in 1715 by George I). Inscription on c4r: 'oncle wan you do on thys loke I pray you reme[m]ber wo wrete thys in your bo[ke] your louuyinge nys katharin parr [i.e. Catharine Parr, future consort of Henry VIII, writing to her uncle William Parr, later Baron Parr of Horton]'. On verso: 'oncle wen you on this boke do loke I prae you remember yowre louynge neueu william parr [i.e. William Parr, future marquess of Northampton]'. Oates records a similar inscription from 'your louing ness Elysabeth', probably on c3v but now largely illegible. On i8r: 'G[ulielmus] H[enrico, i.e. Henry Howard] Parrus eques Surrȩe tibi donauerat, et nunc Sum Comitis fueram qui modo Parre tuus'. Inscriptions on k5v and 8r include name 'Thomas Parr [i.e. Sir Thomas Parr of Kendal]. On l6r four lines of verse beginning 'Parrus eques dedit hunc grato in munere libru[m] Surreo comiti, nil facit ille nouum ... 1530 Idibus octobris.' Similar inscription on p4r. On p4v: 'brother et es anolld sayeng that owt of syt owt of mynd but I troste in yow I chall not fynd et treu mawd parr [i.e. Maud Parr, wife of Sir Thomas]'. Annotation: Old shelfmark, 'G.3.61' on a3r. Text added in contemporary MS on h2v. UkCU,Inc.4.J.1.2[3571]: Provenance: Bookplate of the Royal Library (collection of Bishop John Moore, given to Cambridge University Library in 1715 by George I). Old shelfmark, 'G-1-4', on upper pastedown.",e-uk-en,1,Cambridge University Library,3463,R390,corporate,,http://thesaurus.cerl.org/record/cnc00002301,"[{""characterisation"":[""noc""],""externalId"":[""http://thesaurus.cerl.org/record/cnc00002301""],""name"":""Cambridge University Library"",""ownerId"":3463,""professionOrType"":[""lib""],""role"":""R390"",""type"":""corporate"",""variants"":[""Cambridge, University, Library"",""University Library, Cambridge"",""University of Cambridge, Cambridge University Library"",""University of Cambridge, Library"",""University of Cambridge, University Library""]}]",,,,,,,,,,,,,,,,,,,,1,
00207214-p001,00207214,1,1601,1800,17 | 18,,,,,"Provenance: Edward, Lord Harley, later 2nd Earl of Oxford (1689-1741); bought by Thomas Osborne; probably the copy described Catalogus Bibliothecae Harleianae, I no. 1770.",,1,"Harley, Edward (1689-1741); Lord Harley; from 1724 2nd Earl of Oxford",4266,,per,1689 - 1741,http://thesaurus.cerl.org/record/cnp01427608 | https://aeolus.bodleian.ox.ac.uk/collections/incunables/provenances_for_mei.xml#xpointer(//*[@id=,"[{""dates"":""1689 - 1741"",""externalId"":[""http://thesaurus.cerl.org/record/cnp01427608"",""https://aeolus.bodleian.ox.ac.uk/collections/incunables/provenances_for_mei.xml#xpointer(//*[@id=""],""name"":""Harley, Edward (1689-1741); Lord Harley; from 1724 2nd Earl of Oxford"",""note"":""see DNB; Richard Maxwell, `Robert Harley, First Earl of Oxford (1661-1724) and Edward Harley, Second Earl of Oxford (1689-1741)', in Pre-Nineteenth-century British Book-collectors and Bibliographers, ed. William Baker and Kenneth Womack, DLB 213 (Detroit, Washington DC, and London, 1999), 123-30; The Diary of Humfrey Wanley 1715-26, ed. C. E. and R. C. Wright, II (London, 1966); according to Wright and Wright, p.xvi, €Wanley produced a catalogue of the Harleian printed books during the years 1716-17, now London, British Library, MS. Lansdowne 816: the books had shelfmarks I.A to XXVII.O.32 and running numbers (1-7040); however, a spot check, using the index bound at the end of the Lansdowne manuscript, did not reveal any incunabula; another catalogue, now London, British Library, MS. Harley 3886, compiled by Wanley in June 1722, includes a purchase record at the end, covering the period from Oct. 1722 to Jan. 1723/4; some of the information found there has no corresponding entry in Wanley's Diary; this catalogue does contain references to incunabula; all Harley's printed books were purchased by Thomas Osborne, who published [William Oldys], Catalogus Bibliothecae Harleianae, 5 vols (London, 1743-5); some of Harley's printed books have the corner of the front endleaf torn away; Oldham, Shrewsbury School Bindings, 114 suggests that this was done by Osborne for his third sale, of 1745; see also Howard M. Nixon, `Harleian Bindings', in Studies in the Book Trade in Honour of Graham Pollard, OBS Publications, NS 18 (Oxford, 1975), 153-94."",""ownerId"":4266,""type"":""per"",""variants"":[""Harley, Edward, 2nd Earl of Oxford and Mortimer""]}]",,,,,,,,,,,,,,,,,,,,0,
00207214-p002,00207214,2,,,,,,,,,e-uk,1,"Oxford, Bodleian library",4209,,corporate,1602 -,http://thesaurus.cerl.org/record/cnc00013057,"[{""characterisation"":[""noc""],""dates"":""1602 -"",""externalId"":[""http://thesaurus.cerl.org/record/cnc00013057""],""name"":""Oxford, Bodleian library"",""ownerId"":4209,""professionOrType"":[""uni""],""type"":""corporate""}]",,,,,,,,,,,,,,,,,,,,1,
02010668-p001,02010668,1,,1500,15,a,l,,,,e-uk,0,,,,,,,,,,,,,,,,,"Coloured woodcut borders on fols. a1,2,7,8 and b1,2,7,8 only.","Rubricated in blue, red and yellow.",,"15th century, anonymous, mss notes (from palaeographical evidence). ",,,,,,,0,"{""msFrequency"":""a""}"
02010668-p002,02010668,2,,,,a,k,,,,e-uk,0,,,,,,,,"The binding was made in England according to the blind animal panels and the lozenge stamp (Oldham, Blind Panels of English Binders, pl. VIII, AN 17 and pl. LXVII, Fig. 5). ",s,c,e,b,c,,,,,,,,,,,,,,0,"{""edges"":""a"",""furniture"":1,""gauffered"":""d"",""titling"":[""b""],""tooling"":""a"",""writingOnEdges"":""d""}"
02010668-p003,02010668,3,,,,a,n,,,"According to Oldham, Blind Panels of English Binders, p. 17, this book belonged to Margareth Beaufort.",e-uk,1,"Beaufort, Margaret <Countess of Richmond and Derby>",3946,R390,person,1441 - 1509,http://thesaurus.cerl.org/record/cnp00012488,"[{""characterisation"":[""roy""],""dates"":""1441 - 1509"",""externalId"":[""http://thesaurus.cerl.org/record/cnp00012488""],""gender"":1001,""name"":""Beaufort, Margaret <Countess of Richmond and Derby>"",""ownerId"":3946,""role"":""R390"",""type"":""person"",""variants"":[""Derby, Margaret Beaufort, Countess of Richmond and"",""Richmond, Margaret Beaufort Tudor, Countess of""]}]",,,,,,,,,,,,,,,,,,,,1,
02010668-p004,02010668,4,1501,1600,16,a,m,a,,,e-uk,0,,,,,,,,,,,,,,,,,,,,"In the Kalendarium, the word `Pape' is systematically crossed out.",,,,,,,0,"{""msFrequency"":""a""}"
02010668-p005,02010668,5,,1610,15 | 16 | 17,a,n,,,"This book is described in the catalogue of Bancroft's library (LPL, LR/F/1, f. 74r).",e-uk,1,"Bancroft, Richard",3464,R390,person,1544 - 1610,http://thesaurus.cerl.org/record/cnp01306934,"[{""characterisation"":[""rel""],""dates"":""1544 - 1610"",""externalId"":[""http://thesaurus.cerl.org/record/cnp01306934""],""gender"":1002,""name"":""Bancroft, Richard"",""note"":""Archbishop of Canterbury (1604 - 1610)"",""ownerId"":3464,""role"":""R390"",""type"":""person""}]",,,,,,,,,,,,,,,,,,,,0,
02010668-p006,02010668,6,1601,1650,17,a,n,,c,This book was bequeathed by Bancroft to Lambeth Palace Library that he founded in 1610 according to his will. ,e-uk,1,"London, Lambeth Palace Library",3462,R390,corporate,1610 -,http://thesaurus.cerl.org/record/cnc00021687,"[{""characterisation"":[""rel""],""dates"":""1610 - "",""externalId"":[""http://thesaurus.cerl.org/record/cnc00021687""],""name"":""London, Lambeth Palace Library"",""ownerId"":3462,""role"":""R390"",""type"":""corporate""}]",,,,,,,,,,,,,,,,,,,,1,
02010668-p007,02010668,7,1641,1670,17,a,o,a,e,The shelfmark indicates that this book was kept in Cambridge from 1648/9 to 1664. ,e-uk,1,Cambridge University Library,3463,R390,corporate,,http://thesaurus.cerl.org/record/cnc00002301,"[{""characterisation"":[""noc""],""externalId"":[""http://thesaurus.cerl.org/record/cnc00002301""],""name"":""Cambridge University Library"",""ownerId"":3463,""role"":""R390"",""type"":""corporate"",""variants"":[""Cambridge, University, Library"",""University Library, Cambridge"",""University of Cambridge, Cambridge University Library"",""University of Cambridge, Library"",""University of Cambridge, University Library""]}]",,,,,,,,,,,,,,,"[{""note"":""On the front paste-down: `C. theta. 47.' in black ink"",""pattern"":43}]",,,,,1,
02010668-p008,02010668,8,1661,,17,a,o,,e,"This book is described in the catalogue of the books returning from Cambridge in 1664 (LPL, Printed books, 1684-1691, LR/F/9).",e-uk,1,"London, Lambeth Palace Library",3462,R399,corporate,1610 -,http://thesaurus.cerl.org/record/cnc00021687,"[{""characterisation"":[""rel""],""dates"":""1610 - "",""externalId"":[""http://thesaurus.cerl.org/record/cnc00021687""],""name"":""London, Lambeth Palace Library"",""ownerId"":""3462"",""role"":""R399"",""type"":""corporate""}]",,,,,,,,,,,,,,Octagonal stamp of `Bibliotheca Lambethana' in black ink,"[{""note"":""In the catalogue (f. 62r):  `5. K. 16.'"",""pattern"":40}]",,,,,1,
00205587-p001,00205587,1,,1600,15 | 16,,,,,"William (†1509) and Anne Reede (formerly Curson, formerly Frevile), and Withypoll family (sixteenth century) [Anne Reede married Paul Withypoll (1480-1547) after the death of William Reede]; inscriptions on A5r and D1r: 'William Rede was maryed to Anne his wyffe also all their ffrends comfort and their grete honor uppon seynt Wylfrydes day, that holy confessor'; 'This booke is myne. Anne ffreuile alias Reede . . .'; annotations to calendar: on A2v the marriage of Paul Withypoll on 22 Jan. 1509/10 ('[T]hys day [w]as Pol [W]ythypol maryd to me hys [w]yff'); on A3r the birth of [ ] Withypoll on 15 Feb. 1512/13: 'Thys day [wa]s borne [ ] Wythyp[oll]'; these inscriptions are printed in G. C. Moore Smith, The Family of Withypoll, revised by P. H. Reaney, Walthamstow Antiquarian Society Official Publication, 34 (Walthamstow, 1936), 15.",,1,"Reede, William (d.1509) and Anne; Thomas Reede (third son of William and Anne)",00013966,,per,- 1509,"https://aeolus.bodleian.ox.ac.uk/collections/incunables/provenances_for_mei.xml#xpointer(//*[@id=""3005""])","[{""dates"":"" - 1509"",""externalId"":[""https://aeolus.bodleian.ox.ac.uk/collections/incunables/provenances_for_mei.xml#xpointer(//*[@id=\""3005\""])""],""name"":""Reede, William (d.1509) and Anne; Thomas Reede (third son of William and Anne)"",""note"":""Anne Reede (née Curson) married first William Frevile, and second William Reede; see G. C. Moore Smith, The Family of Withypoll, rev. P. H. Reaney, Walthamstow Antiquarian Society Official Publication, 34 (Walthamstow, 1936), 14-15; ex informatione Janet Backhouse."",""ownerId"":""00013966"",""type"":""per""}]",,,,,,,,,,,,,,,,,,,,0,
00205587-p002,00205587,2,,,,,,,,"William (†1509) and Anne Reede (formerly Curson, formerly Frevile), and Withypoll family (sixteenth century) [Anne Reede married Paul Withypoll (1480-1547) after the death of William Reede]; inscriptions on A5r and D1r: 'William Rede was maryed to Anne his wyffe also all their ffrends comfort and their grete honor uppon seynt Wylfrydes day, that holy confessor'; 'This booke is myne. Anne ffreuile alias Reede . . .'; annotations to calendar: on A2v the marriage of Paul Withypoll on 22 Jan. 1509/10 ('[T]hys day [w]as Pol [W]ythypol maryd to me hys [w]yff'); on A3r the birth of [ ] Withypoll on 15 Feb. 1512/13: 'Thys day [wa]s borne [ ] Wythyp[oll]'; these inscriptions are printed in G. C. Moore Smith, The Family of Withypoll, revised by P. H. Reaney, Walthamstow Antiquarian Society Official Publication, 34 (Walthamstow, 1936), 15.",,1,Withypoll; family,00015066,,per,,"https://aeolus.bodleian.ox.ac.uk/collections/incunables/provenances_for_mei.xml#xpointer(//*[@id=""4000""])","[{""externalId"":[""https://aeolus.bodleian.ox.ac.uk/collections/incunables/provenances_for_mei.xml#xpointer(//*[@id=\""4000\""])""],""name"":""Withypoll; family"",""note"":""Paul Withypoll (1480-1547), married Anne, wife of William Reede, q.v.; see G. C. Moore Smith, The Family of Withypoll, revised by P. H. Reaney, Walthamstow Antiquarian Society Official Publication, 34 (Walthamstow, 1936) (ex informatione Janet Backhouse)."",""ownerId"":""00015066"",""type"":""per""}]",,,,,,,,,,,,,,,,,,,,0,
00205587-p003,00205587,3,1501,1600,16,,,,,"Provenance: Alexander Frogenhall (fl. 1505); inscription on C4v: 'xiii ffurlonggys makythe one myle, xl roddys to one ffurlonge, and xviii fete to one rodd[ ] quod Alysanderus Thrognall'.",,1,"Frogenhall, Alexander (fl. 1505)",00012385,,per,,"https://aeolus.bodleian.ox.ac.uk/collections/incunables/provenances_for_mei.xml#xpointer(//*[@id=""1353""])","[{""externalId"":[""https://aeolus.bodleian.ox.ac.uk/collections/incunables/provenances_for_mei.xml#xpointer(//*[@id=\""1353\""])""],""name"":""Frogenhall, Alexander (fl. 1505)"",""note"":""son of Mary St John and Sir Richard Frogenhall, nephew and member of the household of Margaret Beaufort, Countess of Richmond; ex informatione Janet Backhouse."",""ownerId"":""00012385"",""type"":""per""}]",,,,,,,,,,,,,,,,,,,,0,
00205587-p004,00205587,4,1601,1700,17,,,,,"Ralph Sheldon (1623-1684); anonymous armorial book-plate: see Howe, Book Plates, 26650, and also reproduced in Robert Brown, 'Book-plate of Ralph Sheldon', 215; shelfmark 'C 3 12'.",,1,"Sheldon, Ralph (1623-1684)",00014299,,per,1623 - 1684,https://aeolus.bodleian.ox.ac.uk/collections/incunables/provenances_for_mei.xml#xpointer(//*[@id= | https://armorial.library.utoronto.ca/stamp-owners/SHE004 | https://bookowners.online/Ralph_Sheldon,"[{""dates"":""1623 - 1684"",""externalId"":[""https://aeolus.bodleian.ox.ac.uk/collections/incunables/provenances_for_mei.xml#xpointer(//*[@id="",""https://armorial.library.utoronto.ca/stamp-owners/SHE004"",""https://bookowners.online/Ralph_Sheldon""],""name"":""Sheldon, Ralph (1623-1684)"",""note"":""see DNB (included in the entry for his uncle, Edward); E. A. B. Barnard, The Sheldons (Cambridge, 1936), esp. 56-72; for book-plate see Howe, Book Plates, no. 26649, and James Roberts Brown, `Book-plate of Ralph Sheldon', Journal of the Ex Libris Society, 5 (1896), 214-16, with book-plate reproduced on 214; manuscript shelfmark, [?Sheldon] `Ci/ii' on book-plate; motto: `In Posterum'; some books have the crest of Sheldon (a sheldrake) on the covers; for another book owned by him see Schäfer 245; Anthony Wood's catalogue of the Sheldon library is now Bodleian Library, MS. Wood D. 6; sale (London: Christie and Mansell, 27 Aug., 7 Sept. 1781)."",""ownerId"":""00014299"",""type"":""per"",""variants"":[""Sheldon, Ralph""]}]",,,,,,,,,,,,,,,,,,,,0,
00205587-p005,00205587,5,1701,1900,18 | 19,,,,,Francis Douce (1757-1834); armorial book-plate.,e-uk-en,1,"Douce, Francis (1757-1834)",00012106,R390,per,1757 - 1834,http://thesaurus.cerl.org/record/cnp01319667,"[{""characterisation"":[""noc""],""dates"":""1757 - 1834"",""externalId"":[""http://thesaurus.cerl.org/record/cnp01319667""],""gender"":1002,""name"":""Douce, Francis (1757-1834)"",""note"":""Keeper of Manuscripts at the British Museum, bequeathed his collection to the Bodleian Library; see Catalogue of the Printed Books and Manuscripts Bequeathed by Francis Douce to the Bodleian Library (Oxford, 1840); Macray 326; Craster 15-16; `Francis Douce 1757-1834', BQR 7 (1934), 359-84; Munby, Connoisseurs, esp. 35-56; David Rogers, `Francis Douce's Manuscripts: Some Hitherto Unrecognized Provenances', in Studies in the Book Trade in Honour of Graham Pollard (Oxford, 1975), 315-40; Douce Legacy; P. R. Harris, A History of the British Museum Library 1753-1973 (London, 1998), ad indicem; I. G. Philip, `The Bodleian Library', in Nineteenth-Century Oxford, Part I, ed. M. G. Brock and M. C. Curthoys, The History of the University of Oxford, 6 (Oxford, 1997), 585-97, at 593."",""ownerId"":""00012106"",""professionOrType"":[""scl""],""role"":""R390"",""type"":""per"",""variants"":[""Douce, Francis""]}]",,,,,,,,,,,,,,,,,,,,1,
00205587-p006,00205587,6,1701,,18,,,,,J[ohn?] Newman (b. 1757); inscription on B2v: 'Die sancti Crisogoni siue Chrisogoni natus est J. Newman presens huius libri posesor anno ab incarnatione Dei IHS 1757'.,,1,"Newman, J[ohn?] (b. 1757)",00013580,,per,1757 -,"https://aeolus.bodleian.ox.ac.uk/collections/incunables/provenances_for_mei.xml#xpointer(//*[@id=""2605""])","[{""dates"":""1757 - "",""externalId"":[""https://aeolus.bodleian.ox.ac.uk/collections/incunables/provenances_for_mei.xml#xpointer(//*[@id=\""2605\""])""],""name"":""Newman, J[ohn?] (b. 1757)"",""note"":""perhaps to be identified with John Newman, matric. Trinity College, Oxford 1776 aged 19, BA New College 1781; for whom see Foster, 1715-1886, III 1016."",""ownerId"":""00013580"",""type"":""per""}]",,,,,,,,,,,,,,,,,,,,0,
00205587-p007,00205587,7,,,,,,,,,e-uk,1,"Oxford, Bodleian library",4209,,corporate,1602 -,http://thesaurus.cerl.org/record/cnc00013057,"[{""characterisation"":[""noc""],""dates"":""1602 -"",""externalId"":[""http://thesaurus.cerl.org/record/cnc00013057""],""name"":""Oxford, Bodleian library"",""ownerId"":4209,""professionOrType"":[""uni""],""type"":""corporate""}]",,,,,,,,,,,,,,,,,,,,1,
00212866-p001,00212866,1,,,,,,,,,,1,"Sheen, Carthusians, Charterhouse of Jesus of Bethlehem",00014298,,per,,"https://aeolus.bodleian.ox.ac.uk/collections/incunables/provenances_for_mei.xml#xpointer(//*[@id=""3340""]) | http://thesaurus.cerl.org/record/cnc00015101","[{""externalId"":[""https://aeolus.bodleian.ox.ac.uk/collections/incunables/provenances_for_mei.xml#xpointer(//*[@id=\""3340\""])"",""http://thesaurus.cerl.org/record/cnc00015101""],""name"":""Sheen, Carthusians, Charterhouse of Jesus of Bethlehem"",""note"":""founded 1414, dissolved 1539; see Cottineau, II 3026; Ker, Medieval Libraries, 178; and, on the Charterhouse generally, Knowles–Hadcock 135; E. Margaret Thompson, The Carthusian Order in England, Church Historical Society, NS 3 (London, 1930), 238-46, and on the library, 331-4; W. Neil M. Beckett, `Sheen Charterhouse from its Foundation to its Dissolution', unpublished D.Phil. thesis, University of Oxford, 1992; J. Hogg, `Les chartreuses anglaises: maisons et bibliothèques', in Les Chartreux et l'art xive–xviiie siècles: Acts du colloque de Villeneuve-lès-Avignon, ed. D. Le Blévec and A. Girard (Paris, 1989), 207-28; P. J. A. Large, `The Libraries of the Carthusian Order in Medieval England', Library History, 3 (1975), 191-203; Veronica Lawrence, `The Role of the Monasteries of Syon and Sheen in the Production, Ownership, and Circulation of Books in the Late Middle Ages', unpublished MA report, University of London, 1993."",""ownerId"":""00014298"",""type"":""per"",""variants"":[""Sheen, Carthusians, Charterhouse of Jesus of Bethlehem, OCart"",""House of Jesus of Bethlehem. Richmond upon Thames ""]}]",,,,,,,,,,,,,,,,,,,,0,
00212866-p002,00212866,2,,,,,,,,,e-uk,1,"Oxford, Bodleian library",4209,,corporate,1602 -,http://thesaurus.cerl.org/record/cnc00013057,"[{""characterisation"":[""noc""],""dates"":""1602 -"",""externalId"":[""http://thesaurus.cerl.org/record/cnc00013057""],""name"":""Oxford, Bodleian library"",""ownerId"":4209,""professionOrType"":[""uni""],""type"":""corporate""}]",,,,,,,,,,,,,,,,,,,,1,
00207364-p001,00207364,1,1601,1800,17 | 18,,,,,Provenance: Thomas Hearne (1678-1735): 'Tho. Hearne 1723'.,,1,"Hearne, Thomas (1678-1735)",00012674,,per,1678 - 1735,https://aeolus.bodleian.ox.ac.uk/collections/incunables/provenances_for_mei.xml#xpointer(//*[@id=,"[{""dates"":""1678 - 1735"",""externalId"":[""https://aeolus.bodleian.ox.ac.uk/collections/incunables/provenances_for_mei.xml#xpointer(//*[@id=""],""name"":""Hearne, Thomas (1678-1735)"",""note"":""sale 1736; left his manuscripts and printed books with manuscript notes to William Bedford (d.1747), at whose death these were listed by John Whiston, q.v., the London bookseller (the list now being MS. Rawl. D. 1167), and sold to Richard Rawlinson, q.v.; his other printed books, which Hearne had wished should be divided among his relatives, were sold in 1736 by the bookseller Thomas Osborne, q.v. (A Catalogue of the Valuable Library of that Great Antiquarian Mr Tho. Hearne and of another gentleman of note... Gray's Inn, Monday, 16th Feb. 1735-6); his books are often signed with his motto `suum cuique. Tho: Hearne'; see DNB; Stanley Gillam `Thomas Hearne's Library', BLR 12 (1985), 52-64; T. A. Birrell, `Anthony Wood, John Bagford and Thomas Hearne as Bibliographers', in Pioneers in Bibliography, ed. Robin Myers and Michael Harris (Winchester, 1988), esp. 32-6; SC III 181; Frans Korsten, `Thomas Hearne: The Man and his Library', in Order and Connexion: Studies in Bibliography and Book History, ed. R. C. Alston (Cambridge, 1997), 49-61; Clare A. Simmons, `Thomas Hearne (1678?–1735)', in Pre-Nineteenth-century British Book-collectors and Bibliographers, ed. William Baker and Kenneth Womack, DLB 213 (Detroit, Washington DC, and London, 1999), 147-54. Theodor Harmsen, Antiquarianism in the Augustan Age: Thomas Hearne 1678-1735 (Oxford, 2000), esp. chapter 3 on Hearne's work at the Bodleian and on his book-collecting."",""ownerId"":""00012674"",""type"":""per"",""variants"":[""Hearne, Thomas""]}]",,,,,,,,,,,,,,,,,,,,0,
00207364-p002,00207364,2,1601,1800,17 | 18,,,,,Thomas Rawlinson (1681-1725).,,1,"Rawlinson, Richard (1690-1755)",00013955,,per,1690 - 1755,https://aeolus.bodleian.ox.ac.uk/collections/incunables/provenances_for_mei.xml#xpointer(//*[@id= | http://thesaurus.cerl.org/record/cnp00403572 | https://bookowners.online/Richard_Rawlinson_1690-1755,"[{""dates"":""1690 - 1755"",""externalId"":[""https://aeolus.bodleian.ox.ac.uk/collections/incunables/provenances_for_mei.xml#xpointer(//*[@id="",""http://thesaurus.cerl.org/record/cnp00403572"",""https://bookowners.online/Richard_Rawlinson_1690-1755""],""name"":""Rawlinson, Richard (1690-1755)"",""note"":""nonjuring bishop; made numerous donations in his lifetime and bequeathed to the Bodleian Library his manuscripts and those printed books which contained manuscript notes; Rawlinson's books include some owned by Thomas Hearne, who bequeathed all his manuscripts and printed books with manuscript notes to William Bedford, from whose widow Rawlinson bought them; see Macray 231-51, Stanley Gillam, `Thomas Hearne's Library', BLR 12 (1985), 52-64, at 60-1; William Younger Fletcher, `The Rawlinsons and their Collections', Transactions of the Bibliographical Society, 5 (1899), 67-86; Georgian Rawlinson Tashjian, David R. Tashjian, and Brian J. Enright, Richard Rawlinson: A Tercentenary Memorial (Kalamazoo, Mich., 1990); DNB; B. J. Enright `Rawlinson and the Chandlers', BLR 4 (1953), 216-17, repr. with modifications in Tashjian, Tashjian, and Enright, 121-32; idem, `Richard Rawlinson Collector, Antiquary, and Topographer', unpublished D.Phil. thesis, University of Oxford, 1956; idem, `“I Collect and I Preserve”: Richard Rawlinson 1690-1755 and Eighteenth-century Book Collecting. Portrait of a Bibliophile XXVIII', Book Collector, 39 (1990), 27-54, repr. in The Pleasures of Bibliophily: Fifty Years of `The Book Collector' (London, 2003), 205-23; Robert A. Shaddy, `Thomas Rawlinson (1681-1725) and Richard Rawlinson (1690-1755)', in Pre-Nineteenth-century British Book- collectors and Bibliographers, ed. William Baker and Kenneth Womack, DLB 213 (Detroit, Washington DC, and London, 1999), 288-96; SC III 177-8."",""ownerId"":""00013955"",""type"":""per"",""variants"":[""Rawlinson, Richard""]}]",,,,,,,,,,,,,,,,,,,,0,
00207364-p003,00207364,3,1601,1800,17 | 18,,,,,Thomas Rawlinson (1681-1725).,,1,"Rawlinson, Thomas (1681-1725)",00013956,,per,1681 - 1725,https://aeolus.bodleian.ox.ac.uk/collections/incunables/provenances_for_mei.xml#xpointer(//*[@id= | https://data.cerl.org/thesaurus/cnp01427705 | https://bookowners.online/Thomas_Rawlinson_1681-1725,"[{""dates"":""1681 - 1725"",""externalId"":[""https://aeolus.bodleian.ox.ac.uk/collections/incunables/provenances_for_mei.xml#xpointer(//*[@id="",""https://data.cerl.org/thesaurus/cnp01427705"",""https://bookowners.online/Thomas_Rawlinson_1681-1725""],""name"":""Rawlinson, Thomas (1681-1725)"",""note"":""see DNB; Brian J. Enright, `The Later Auction Sales of Thomas Rawlinson's Library', Library, 5th ser., 11 (1956), 23-40, 103-13, repr. with modifications in Tashjian, Tashjian, and Enright, 133-67; Robert A. Shaddy, `Thomas Rawlinson (1681-1725) and Richard Rawlinson (1690-1755)', in Pre-Nineteenth-century British Book-collectors and Bibliographers, ed. William Baker and Kenneth Womack, DLB 213 (Detroit, Washington DC, and London, 1999), 288-96; sales (London: Thomas Ballard, 22 Nov. 1727, 22 Jan. 1727/8, 13 Nov. 1732); Macray 205, n. 5; Fontes Harleiani, 282-93."",""ownerId"":""00013956"",""type"":""per"",""variants"":[""Rawlinson, Thomas""]}]",,,,,,,,,,,,,,,,,,,,0,
00207364-p004,00207364,4,,,,,,,,,e-uk,1,"Oxford, Bodleian library",4209,,corporate,1602 -,http://thesaurus.cerl.org/record/cnc00013057,"[{""characterisation"":[""noc""],""dates"":""1602 -"",""externalId"":[""http://thesaurus.cerl.org/record/cnc00013057""],""name"":""Oxford, Bodleian library"",""ownerId"":4209,""professionOrType"":[""uni""],""type"":""corporate""}]",,,,,,,,,,,,,,,,,,,,1,
00212881-p001,00212881,1,1801,2000,19 | 20,,,,,Provenance: Revd Henry Nevile Sherbrooke (1846-1916).,,1,"Sherbrooke, Revd Henry Nevile (1846-1916)",00014304,,per,1846 - 1916,"https://aeolus.bodleian.ox.ac.uk/collections/incunables/provenances_for_mei.xml#xpointer(//*[@id=""3347""])","[{""dates"":""1846 - 1916"",""externalId"":[""https://aeolus.bodleian.ox.ac.uk/collections/incunables/provenances_for_mei.xml#xpointer(//*[@id=\""3347\""])""],""name"":""Sherbrooke, Revd Henry Nevile (1846-1916)"",""note"":""matric. St Alban Hall, Oxford 1876; incumbent of Portman Chapel, London 1877-91; Vicar of Clifton, Bristol 1891-7; see Foster, 1715-1886, IV 1287; Who's Who."",""ownerId"":""00014304"",""type"":""per""}]",,,,,,,,,,,,,,,,,,,,0,
00212881-p002,00212881,2,,,,,,,,,e-uk,1,"Oxford, Bodleian library",4209,,corporate,1602 -,http://thesaurus.cerl.org/record/cnc00013057,"[{""characterisation"":[""noc""],""dates"":""1602 -"",""externalId"":[""http://thesaurus.cerl.org/record/cnc00013057""],""name"":""Oxford, Bodleian library"",""ownerId"":4209,""professionOrType"":[""uni""],""type"":""corporate""}]",,,,,,,,,,,,,,,,,,,,1,
00205586-p001,00205586,1,1401,1600,15 | 16,,,,,Provenance: Margaret Porter (fifteenth/sixteenth century); on c3v: 'Marg[ar]et Porter gentilwoman'.,,1,"Porter, Margaret (fifteenth/sixteenth century)",00013873,,per,,"https://aeolus.bodleian.ox.ac.uk/collections/incunables/provenances_for_mei.xml#xpointer(//*[@id=""2905""])","[{""externalId"":[""https://aeolus.bodleian.ox.ac.uk/collections/incunables/provenances_for_mei.xml#xpointer(//*[@id=\""2905\""])""],""name"":""Porter, Margaret (fifteenth/sixteenth century)"",""note"":""gentlewoman."",""ownerId"":""00013873"",""type"":""per""}]",,,,,,,,,,,,,,,,,,,,0,
00205586-p002,00205586,2,1701,1900,18 | 19,,,,,Francis Douce (1757-1834); armorial book-plate.,e-uk-en,1,"Douce, Francis (1757-1834)",00012106,R390,per,1757 - 1834,http://thesaurus.cerl.org/record/cnp01319667,"[{""characterisation"":[""noc""],""dates"":""1757 - 1834"",""externalId"":[""http://thesaurus.cerl.org/record/cnp01319667""],""gender"":1002,""name"":""Douce, Francis (1757-1834)"",""note"":""Keeper of Manuscripts at the British Museum, bequeathed his collection to the Bodleian Library; see Catalogue of the Printed Books and Manuscripts Bequeathed by Francis Douce to the Bodleian Library (Oxford, 1840); Macray 326; Craster 15-16; `Francis Douce 1757-1834', BQR 7 (1934), 359-84; Munby, Connoisseurs, esp. 35-56; David Rogers, `Francis Douce's Manuscripts: Some Hitherto Unrecognized Provenances', in Studies in the Book Trade in Honour of Graham Pollard (Oxford, 1975), 315-40; Douce Legacy; P. R. Harris, A History of the British Museum Library 1753-1973 (London, 1998), ad indicem; I. G. Philip, `The Bodleian Library', in Nineteenth-Century Oxford, Part I, ed. M. G. Brock and M. C. Curthoys, The History of the University of Oxford, 6 (Oxford, 1997), 585-97, at 593."",""ownerId"":""00012106"",""professionOrType"":[""scl""],""role"":""R390"",""type"":""per"",""variants"":[""Douce, Francis""]}]",,,,,,,,,,,,,,,,,,,,1,
00205586-p003,00205586,3,1701,1800,18,,,,,"William Herbert (1718-1795); armorial book-plate: per pale, azure and gules, three lions rampant argent; crest, a wyvern holding in its mouth a sinister hand.",,1,"Herbert, William (1718-1795)",00012715,,per,1718 - 1795,https://aeolus.bodleian.ox.ac.uk/collections/incunables/provenances_for_mei.xml#xpointer(//*[@id= | http://thesaurus.cerl.org/record/cnp01346822,"[{""dates"":""1718 - 1795"",""externalId"":[""https://aeolus.bodleian.ox.ac.uk/collections/incunables/provenances_for_mei.xml#xpointer(//*[@id="",""http://thesaurus.cerl.org/record/cnp01346822""],""name"":""Herbert, William (1718-1795)"",""note"":""see DNB; de Ricci, English Collectors, 58-9; Robin Myers, `William Herbert: his Library, and his Friends', in Property of a Gentleman: The Formation, Organisation, and Dispersal of the Private Library 1620-1920, ed. Robin Myers and Michael Harris (Winchester, 1991), 133-58; in D-139, examples of Herbert's monogram; anonymous armorial book-plate: per pale, azure and gules, three lions rampant argent; crest, a wyvern holding in its mouth a sinister hand (as, for example, in H-053(2) and M-233(1)); A Catalogue of Books in Various Languages... Comprising Several Valuable Collections... Among Others the Well Known... Library of the Late Mr. William Herbert (London: Isaac Herbert, 1795); other sales in 1793-5, 1796-8."",""ownerId"":""00012715"",""type"":""per"",""variants"":[""Herbert, William""]}]",,,,,,,,,,,,,,,,,,,,0,
00205586-p004,00205586,4,,,,,,,,,e-uk,1,"Oxford, Bodleian library",4209,,corporate,1602 -,http://thesaurus.cerl.org/record/cnc00013057,"[{""characterisation"":[""noc""],""dates"":""1602 -"",""externalId"":[""http://thesaurus.cerl.org/record/cnc00013057""],""name"":""Oxford, Bodleian library"",""ownerId"":4209,""professionOrType"":[""uni""],""type"":""corporate""}]",,,,,,,,,,,,,,,,,,,,1,
00560448-p001,00560448,1,,,,,,,,,,1,"Moore, John",00018466,R390,person,1646-1714,,"[{""dates"":""1646-1714"",""name"":""Moore, John"",""ownerId"":""00018466"",""role"":""R390"",""type"":""person""}]",,,,,,,,,,,,,,,,,,,,0,
00560448-p002,00560448,2,,,,a,,,,"John Moore, Bishop of Ely, but not listed among his printed books in E. Bernard, Catalogi librorum manuscriptorum AngliÃ¦ et HiberniÃ¦ .... Oxford: E Theatro Sheldoniano ..., 1697, t. II, pp. 379-384, 390-391.  Presented to Cambridge University Library by King George I, 1715: the armorial bookplate 'Munificentia regia 1715' on upper pastedown.  Old library shelfmarks 'C-6-2', crossed away, on leaf [et1] recto and 'AB-5-41' on paper label pasted onto upper pastedown.",e-uk-en,1,Cambridge University Library,3463,R390,corporate,,http://thesaurus.cerl.org/record/cnc00002301,"[{""characterisation"":[""noc""],""externalId"":[""http://thesaurus.cerl.org/record/cnc00002301""],""name"":""Cambridge University Library"",""ownerId"":3463,""professionOrType"":[""lib""],""role"":""R390"",""type"":""corporate"",""variants"":[""Cambridge, University, Library"",""University Library, Cambridge"",""University of Cambridge, Cambridge University Library"",""University of Cambridge, Library"",""University of Cambridge, University Library""]}]","Quarter brown morocco and marbled paper over pasteboards, England, Cambridge, 1910; title gilt on red morocco spine label from previous 18th-century binding.",,,,,,,,,"Paragraph mark at beginning of each calendar month on leaves [a2]v-[a8]r, initials in alternating red and blue throughout, including occasional puzzle initial in red and blue, all supplied by hand, England [?], late 15th century.",,,"A single note in English cursive hand on leaf d5 verso, England, late 15th century.",,,,,,,1,
02142705-p001,02142705,1,,,,,,,,,,1,"Harmsworth, R. Leicester, Sir",00018871,,per,1870-1937,,"[{""dates"":""1870-1937"",""name"":""Harmsworth, R. Leicester, Sir"",""ownerId"":""00018871"",""type"":""per"",""variants"":[""Harmsworth, R. Leicester (Robert Leicester), Sir""]}]",,,,,,,,,,,,,,,,,,,,0,
02142705-p002,02142705,2,,,,,,,,Printed on vellum; variant state with device of J. Philippi is not present in colophon.,n-us-dc,1,Folger Shakespeare Library,00030987,,cor,1932-,,"[{""dates"":""1932-"",""name"":""Folger Shakespeare Library"",""ownerId"":""00030987"",""professionOrType"":[""lib""],""type"":""cor"",""variants"":[""Washington DC, Folger Shakespeare Library""]}]",,,,,,,,,,,,,,,,,,,,1,
00203408-p001,00203408,1,,1800,15 | 16 | 17 | 18,,,,,"William Bayntun (†1787?); on [a2v]: 'W. Bayton, Grays Inn'.",,1,"Bayntun, William (d.1785)",00011384,,per,- 1785,"https://aeolus.bodleian.ox.ac.uk/collections/incunables/provenances_for_mei.xml#xpointer(//*[@id=""333""])","[{""dates"":"" - 1785"",""externalId"":[""https://aeolus.bodleian.ox.ac.uk/collections/incunables/provenances_for_mei.xml#xpointer(//*[@id=\""333\""])""],""gender"":1002,""name"":""Bayntun, William (d.1785)"",""note"":""of the Parish of St Andrews, Holborn; FRAS, of Gray's Inn (admitted 28 May 1746) and Chadlington; see Gentleman's Magazine, 55 (1785), at p. 159, giving date of death as February 1785; J. Foster, The Register of Admissions to Gray's Inn, 1521-1889 (London, 1889); left books to Wadham; bequeathed his fortune to Edwin Sandys, of his wife's family, who adopted his name, baronet 1809; see Clark, Collectors, 8; sale, A Catalogue of the... Library of Books, the Property of William Bayntun Esq., Member of the Antiquarian Society, deceased ... which ... will be sold by auction by Mr. Ansell (London: W. Ansell, 4 June 1787); gilt armorial book stamp: sable, a bend lozengy, argent, impaling or, a fess dancetty between three cross crosslets fitchy gules; surmounted by a griffin's head erased, sable."",""ownerId"":""00011384"",""type"":""per"",""variants"":[""Bayntun, William""]}]",,,,,,,,,,,,,,,,,,,,0,
00203408-p002,00203408,2,1501,1600,16,,,,,Provenance: Sir Ralph Hunt (sixteenth century); on [a2r]: 'By the gyft of sir Ruff Hontt'; on [et]8v: 'Sir raufe Hunte oweth this boke'.,,1,"Hunt, Sir Ralph (sixteenth century)",00012835,,per,,"https://aeolus.bodleian.ox.ac.uk/collections/incunables/provenances_for_mei.xml#xpointer(//*[@id=""1806""])","[{""externalId"":[""https://aeolus.bodleian.ox.ac.uk/collections/incunables/provenances_for_mei.xml#xpointer(//*[@id=\""1806\""])""],""name"":""Hunt, Sir Ralph (sixteenth century)"",""note"":""one of this name in Emden, BRUO 1501-1540, 305; Hart Hall, Oxford 1553-4."",""ownerId"":""00012835"",""type"":""per""}]",,,,,,,,,,,,,,,,,,,,0,
00203408-p003,00203408,3,1701,1900,18 | 19,,,,,Francis Douce (1757-1834); armorial book-plate.,e-uk-en,1,"Douce, Francis (1757-1834)",00012106,R390,per,1757 - 1834,http://thesaurus.cerl.org/record/cnp01319667,"[{""characterisation"":[""noc""],""dates"":""1757 - 1834"",""externalId"":[""http://thesaurus.cerl.org/record/cnp01319667""],""gender"":1002,""name"":""Douce, Francis (1757-1834)"",""note"":""Keeper of Manuscripts at the British Museum, bequeathed his collection to the Bodleian Library; see Catalogue of the Printed Books and Manuscripts Bequeathed by Francis Douce to the Bodleian Library (Oxford, 1840); Macray 326; Craster 15-16; `Francis Douce 1757-1834', BQR 7 (1934), 359-84; Munby, Connoisseurs, esp. 35-56; David Rogers, `Francis Douce's Manuscripts: Some Hitherto Unrecognized Provenances', in Studies in the Book Trade in Honour of Graham Pollard (Oxford, 1975), 315-40; Douce Legacy; P. R. Harris, A History of the British Museum Library 1753-1973 (London, 1998), ad indicem; I. G. Philip, `The Bodleian Library', in Nineteenth-Century Oxford, Part I, ed. M. G. Brock and M. C. Curthoys, The History of the University of Oxford, 6 (Oxford, 1997), 585-97, at 593."",""ownerId"":""00012106"",""professionOrType"":[""scl""],""role"":""R390"",""type"":""per"",""variants"":[""Douce, Francis""]}]",,,,,,,,,,,,,,,,,,,,1,
00203408-p004,00203408,4,,,,,,,,,e-uk,1,"Oxford, Bodleian library",4209,,corporate,1602 -,http://thesaurus.cerl.org/record/cnc00013057,"[{""characterisation"":[""noc""],""dates"":""1602 -"",""externalId"":[""http://thesaurus.cerl.org/record/cnc00013057""],""name"":""Oxford, Bodleian library"",""ownerId"":4209,""professionOrType"":[""uni""],""type"":""corporate""}]",,,,,,,,,,,,,,,,,,,,1,
02149440-p001,02149440,1,1497,1500,15,a,l,a | c,,,e-fr,1,"Anonymous rubricator, France",00026840,R680,person,1497-1500,,"[{""characterisation"":[""unk""],""dates"":""1497-1500"",""gender"":""1003"",""name"":""Anonymous rubricator, France"",""ownerId"":""00026840"",""professionOrType"":[""unk""],""role"":""R680"",""type"":""person""}]",,,,,,,,,,"The initials on leaves b3 verso, d8 verso, c5 recto, d4 verso, d6 recto, d8 verso, e2 verso, e4 verso, e6 verso, e8 verso, k2 verso and l7 verso are illuminated in gold and colours",The remaining initials and paragraph marks have been supplied in red and blue,,,,,,,,,1,"{""hasIlluminations"":""1"",""hasOrnamentalLetters"":""1"",""hasRubrication"":""1""}"
02149440-p002,02149440,2,,1757,15 | 16 | 17 | 18,a,n,c,,Received by the British Museum as part of the Royal Library in 1757,e-uk,1,"London, Old Royal Library",396,R390,corporate,1471 - 1757,,"[{""characterisation"":[""roy""],""dates"":""1471 - 1757"",""name"":""London, Old Royal Library"",""ownerId"":""396"",""professionOrType"":[""lib""],""role"":""R390"",""type"":""corporate""}]",,,,,,,,,,,,,,,,,,,,1,
02149440-p003,02149440,3,1757,,18,a,h,a | c,b,With the blue MVSEVM BRITANNICVM stamp applied to books presented as part of the Royal Library in 1757,e-uk,1,"London, British Museum Library, since 1973 The British Library",3442,,corporate,1753-,https://aeolus.bodleian.ox.ac.uk/collections/incunables/provenances_for_mei.xml#xpointer(//*[@id= | http://www.bl.uk/reshelp/findhelprestype/prbooks/provenanceresearch/provenanceresearch.html,"[{""characterisation"":[""noc""],""dates"":""1753-"",""externalId"":[""https://aeolus.bodleian.ox.ac.uk/collections/incunables/provenances_for_mei.xml#xpointer(//*[@id="",""http://www.bl.uk/reshelp/findhelprestype/prbooks/provenanceresearch/provenanceresearch.html""],""name"":""London, British Museum Library, since 1973 The British Library"",""ownerId"":""3442"",""professionOrType"":[""lib""],""type"":""corporate"",""variants"":[""British Museum, London, Bibliotheca Britannica"",""British Museum, London, King's Library"",""King's Library, London"",""British Museum. Department of Printed Books"",""British Museum. Department of Manuscripts""]}]","Bound at the British Museum bindery in gold-tooled brown goatskin. Marbled endleaves. Royal emblems (roses and crowns) have been tooled on the spine, with the initials H VIII R.",w,c,b,b,g,,,,,,,,,,,,,,1,"{""edges"":""d"",""titling"":[""b""],""tooling"":""b""}"
02176402-p001,02176402,1,,1868,15 | 16 | 17 | 18 | 19,b,e,c,x,19th century armorial bookplate by Griffiths and Weigalls (Franks 2458) on front pastedown: Robert Mackenzie Beverley.,e-uk-en,1,"Beverley, Robert Mackenzie",00010626,R390,person,1797/98-1868,https://data.cerl.org/thesaurus/cnp01977962,"[{""characterisation"":[""noc""],""dates"":""1797/98-1868"",""externalId"":[""https://data.cerl.org/thesaurus/cnp01977962""],""gender"":""1002"",""name"":""Beverley, Robert Mackenzie"",""ownerId"":""00010626"",""professionOrType"":[""law""],""role"":""R390"",""type"":""person""}]",,,,,,,,,,,,,,,,,,,,1,
02176402-p002,02176402,2,1896,1973,19 | 20,a,s,c,x,,e-uk,1,"Howard, Arthur",00022016,R390,person,1896-1971,,"[{""characterisation"":[""unk""],""dates"":""1896-1971"",""gender"":""1002"",""name"":""Howard, Arthur"",""ownerId"":""00022016"",""professionOrType"":[""pol""],""role"":""R390"",""type"":""person""}]",,,,,,,,,,,,,,,,,,,,1,
02176402-p003,02176402,3,1973,,20,a,o,c,c,,u-nz,1,"Wellington, National Library of New Zealand, Alexander Turnbull Library",00040347,R399,corporate,1919-,,"[{""characterisation"":[""noc""],""dates"":""1919-"",""name"":""Wellington, National Library of New Zealand, Alexander Turnbull Library"",""ownerId"":""00040347"",""professionOrType"":[""lib""],""role"":""R399"",""type"":""corporate""}]","19th century calf, gold tooled, spine gold tooled, raised bands, marbled edges.",w,c,b,b,g,,,,Manuscript initals in red and blue throughout.,,,"Inscription dated 7 February 1566 on 2R8v recording birth of 'Willim Bulkeley filii Rolandi', signed 'RB' [Roland Bulkeley?].
Ownership inscription 16th century, on N4v: 'this buk p[er]tains to Isbell Ysymbert sposuis to Lawrencis Clapp[er]tonii'.
Ownership inscription of Mary Midgely, 18th/19th century, on A2r.",,,,,,,1,"{""edges"":""c"",""furniture"":""0"",""hasRubrication"":""1"",""tooling"":""b""}"
02142730-p001,02142730,1,,,,,,,,,,1,"Carlo Ludovico, duca di Lucca",2836,,per,1799-1883,http://thesaurus.cerl.org/record/cnp00574913 | http://viaf.org/viaf/48296149,"[{""dates"":""1799-1883"",""externalId"":[""http://thesaurus.cerl.org/record/cnp00574913"",""http://viaf.org/viaf/48296149""],""name"":""Carlo Ludovico, duca di Lucca"",""ownerId"":2836,""type"":""per"",""variants"":[""Borbone-Parma, Carlo Ludovico di"",""Charles Louis, duc de Bourbon-Parma "",""Charles-Louis de Bourbon, comte de Villafranca"",""Carlo Ludovico, re d'Etruria"",""Carlo II di Parma""]}]",,,,,,,,,,,,,,,,,,,,0,
02142730-p002,02142730,2,,,,,,,,,,1,"Bishop, Cortlandt F.",00021107,,per,1870-1935,https://en.wikipedia.org/wiki/Cortlandt_F._Bishop | https://lccn.loc.gov/n85239145,"[{""dates"":""1870-1935"",""externalId"":[""https://en.wikipedia.org/wiki/Cortlandt_F._Bishop"",""https://lccn.loc.gov/n85239145""],""name"":""Bishop, Cortlandt F."",""ownerId"":""00021107"",""type"":""per"",""variants"":[""Bishop, Cortlandt Field"",""Bishop, Cortland F."",""Bishop, Courtland F.""]}]",,,,,,,,,,,,,,,,,,,,0,
02142730-p003,02142730,3,,,,,,,,"Imperfect: wanting a1. Printed on vellum. Hand-colored initials (some partially or mostly rubbed away) and line decorations. Manuscript notes and markings (some partially or mostly rubbed away, affecting legibility). Leaf a2 is badly faded, affecting legibility, with a tear, affecting a2v text and image. Leaves c1 and c2 are badly faded; c1 is cut away at the tail. Leaf e8 is slightly mutilated, affecting text. Leaves p6-8 are cut away at the tails and mutilated, affecting text and borders. Manuscript markings (of provenance) on k8v and l1r are mostly rubbed away, affecting legibility. Provenance: Elizabeth , queen consort of Henry VII, king of England copy: inscribed on d4r: ""madam I pray you Remember me in your god prayers your mastriss Elizabeth R""; inscribed on n6r: ""Robertus [Robert] Packer""; also badly faded inscriptions signed by A. Poyntz (g8v), Margaret Poyntz (i4v), R Poyntz (d2v), and A Packer (a3r): see STC worksheet file; armorial bookplate of Charles Louis de Bourbon, duke of Parma; inscribed ""H. Cotton"" on front paste-down; bookplate of Courtlandt Field Bishop; anonymous armorial bookplate",n-us-dc,1,Folger Shakespeare Library,00030987,,cor,1932-,,"[{""dates"":""1932-"",""name"":""Folger Shakespeare Library"",""ownerId"":""00030987"",""professionOrType"":[""lib""],""type"":""cor"",""variants"":[""Washington DC, Folger Shakespeare Library""]}]",,,,,,,,,,,,,,,,,,,,1,
00203407-p001,00203407,1,1501,1700,16 | 17,,,,,Provenance: William Baynes (sixteenth/seventeenth century); inscription in the lower margin of A1r: 'Gulielmus Baynes hunc librum debet'.,,1,"Baynes, William (sixteenth/seventeenth century)",00011383,,per,,"https://aeolus.bodleian.ox.ac.uk/collections/incunables/provenances_for_mei.xml#xpointer(//*[@id=""332""])","[{""externalId"":[""https://aeolus.bodleian.ox.ac.uk/collections/incunables/provenances_for_mei.xml#xpointer(//*[@id=\""332\""])""],""name"":""Baynes, William (sixteenth/seventeenth century)"",""note"":""two mid-seventeenth-century men of this name are listed in Venn pt 1, I 114."",""ownerId"":""00011383"",""type"":""per""}]",,,,,,,,,,,,,,,,,,,,0,
00203407-p002,00203407,2,,,,,,,,,e-uk,1,"Oxford, Bodleian library",4209,,corporate,1602 -,http://thesaurus.cerl.org/record/cnc00013057,"[{""characterisation"":[""noc""],""dates"":""1602 -"",""externalId"":[""http://thesaurus.cerl.org/record/cnc00013057""],""name"":""Oxford, Bodleian library"",""ownerId"":4209,""professionOrType"":[""uni""],""type"":""corporate""}]",,,,,,,,,,,,,,,,,,,,1,
00560449-p001,00560449,1,,,,a,,,,"Bookplate of the Royal Library (collection of Bishop John Moore, given to Cambridge University Library in 1715 by George I). Old shelfmarks: C.5.11; AB.5.33.",e-uk-en,1,Cambridge University Library,3463,R390,corporate,,http://thesaurus.cerl.org/record/cnc00002301,"[{""characterisation"":[""noc""],""externalId"":[""http://thesaurus.cerl.org/record/cnc00002301""],""name"":""Cambridge University Library"",""ownerId"":3463,""professionOrType"":[""lib""],""role"":""R390"",""type"":""corporate"",""variants"":[""Cambridge, University, Library"",""University Library, Cambridge"",""University of Cambridge, Cambridge University Library"",""University of Cambridge, Library"",""University of Cambridge, University Library""]}]",Eighteenth-century sprinkled calf.,,,,,,,,,"On parchment. Decoration: Initials illuminated and coloured in red and blue; line spaces filled in in red. At the end two leaves of fifteenth-century manuscript, in English, containing devotional instructions and the Five Sorrows of Mary.",,,,,,,,,,1,
02010192-p001,02010192,1,,1500,15,a,l,,,,e-fr,0,,,,,,,,,,,,,,,,,"Capitals letters illuminated in gold on backgrounds, some of red, some of blue; initials supplied in yellow; text underlined in red.",,,,,,,,,,0,
02010192-p002,02010192,2,,,,a,m,a,,,e-fr,0,,,,,,,,,,,,,,,,,,,,"On e3r and e7v: 15th century, anonymous, crossed out mss notes in French (from palaeographical evidence).",,,,,,,0,"{""msFrequency"":""a""}"
02010192-p003,02010192,3,1501,1600,16,a,a,,,On c7r: `good mesterys fenahe I you require to pray for me att my destyer your asuryd Kateryn roydon' in black ink (see: EBOB id. 00004014),e-uk,2,"Fenahe, Mrs. | Roydon, Katherine",3768 | 3769,R570 | R390,person,,http://thesaurus.cerl.org/record/cnp01137372 | http://thesaurus.cerl.org/record/cnp01137362,"[{""characterisation"":[""unk""],""externalId"":[""http://thesaurus.cerl.org/record/cnp01137372""],""gender"":1001,""name"":""Fenahe, Mrs."",""ownerId"":3768,""role"":""R570"",""type"":""person"",""variants"":[""Fench, Mrs.""]},{""characterisation"":[""unk""],""externalId"":[""http://thesaurus.cerl.org/record/cnp01137362""],""gender"":1001,""name"":""Roydon, Katherine"",""ownerId"":3769,""role"":""R390"",""type"":""person""}]",,,,,,,,,,,,,,,,,,,,0,
02010192-p004,02010192,4,,,,a,m,a,,,e-uk,0,,,,,,,,,,,,,,,,,,,,"16th century, anonymous, word `Pape' has been erased in the calendarium and mss notes in English (from palaeographical evidence).",,,,,,,0,"{""msFrequency"":""a""}"
02010192-p005,02010192,5,,,,a,k,a,,,e-uk,0,,,,,,,,,u,c,e,b,g,,,,,,,,,,,,,,0,"{""edges"":""d"",""furniture"":0,""gauffered"":""d"",""titling"":[""b""],""tooling"":""b"",""writingOnEdges"":""d""}"
02010192-p006,02010192,6,,1610,15 | 16 | 17,a,n,,,"This book is described in the catalogue of Bancroft's library (LPL, LR/F/1, f. 74r).",e-uk,1,"Bancroft, Richard",3464,R390,person,1544 - 1610,http://thesaurus.cerl.org/record/cnp01306934,"[{""characterisation"":[""rel""],""dates"":""1544 - 1610"",""externalId"":[""http://thesaurus.cerl.org/record/cnp01306934""],""gender"":1002,""name"":""Bancroft, Richard"",""note"":""Archbishop of Canterbury (1604 - 1610)"",""ownerId"":3464,""role"":""R390"",""type"":""person""}]",,,,,,,,,,,,,,,,,,,,0,
02010192-p007,02010192,7,1601,1650,17,a,n,,c,This book was bequeathed by Bancroft to Lambeth Palace Library that he founded in 1610 according to his will. ,e-uk,1,"London, Lambeth Palace Library",3462,R390,corporate,1610 -,http://thesaurus.cerl.org/record/cnc00021687,"[{""characterisation"":[""rel""],""dates"":""1610 - "",""externalId"":[""http://thesaurus.cerl.org/record/cnc00021687""],""name"":""London, Lambeth Palace Library"",""ownerId"":3462,""role"":""R390"",""type"":""corporate""}]",,,,,,,,,,,,,,,,,,,,1,
02010192-p008,02010192,8,1641,1670,17,a,o,,e,"This book is described in the Cambridge catalogue of the books arriving from Lambeth in 1648/49 (CUL, Oo.7.51).",e-uk,1,Cambridge University Library,3463,R390,corporate,,http://thesaurus.cerl.org/record/cnc00002301,"[{""characterisation"":[""noc""],""externalId"":[""http://thesaurus.cerl.org/record/cnc00002301""],""name"":""Cambridge University Library"",""ownerId"":3463,""role"":""R390"",""type"":""corporate"",""variants"":[""Cambridge, University, Library"",""University Library, Cambridge"",""University of Cambridge, Cambridge University Library"",""University of Cambridge, Library"",""University of Cambridge, University Library""]}]",,,,,,,,,,,,,,,,,,,,1,
02010192-p009,02010192,9,1661,,17,a,o,a,e,The shelfmark indicates that this book came back to Lambeth Palace Library from Cambridge in 1664.,e-uk,1,"London, Lambeth Palace Library",3462,R399,corporate,1610 -,http://thesaurus.cerl.org/record/cnc00021687,"[{""characterisation"":[""rel""],""dates"":""1610 - "",""externalId"":[""http://thesaurus.cerl.org/record/cnc00021687""],""name"":""London, Lambeth Palace Library"",""ownerId"":""3462"",""role"":""R399"",""type"":""corporate""}]","On the spine of the book (rebacked in the 20th century), `Lambeth Library' is gold-tooled.",,,,,,,,,,,,,Octagonal stamp of `Bibliotheca Lambethana' in black ink,"[{""note"":""On a front end-leaf: `XI L 9' in black ink"",""pattern"":42}]",,,,,1,
00206905-p001,00206905,1,1701,1900,18 | 19,,,,,Richard Gough (1735-1809); on front endleaf: 'R. G[ough] e libris C. De missy 1776'.,,1,"Gough, Richard (1735-1809)",00012517,,per,1735 - 1809,"https://aeolus.bodleian.ox.ac.uk/collections/incunables/provenances_for_mei.xml#xpointer(//*[@id=""1489""])","[{""dates"":""1735 - 1809"",""externalId"":[""https://aeolus.bodleian.ox.ac.uk/collections/incunables/provenances_for_mei.xml#xpointer(//*[@id=\""1489\""])""],""name"":""Gough, Richard (1735-1809)"",""note"":""bequeathed to the Bodleian Library large sections of his collections, including the pre-Reformation service books, which are of particular note here; A Catalogue of Books Relating to British Topography and Saxon and Northern Literature Bequeathed to the Bodleian Library... by Richard Gough (Oxford, 1814); DNB; Macray 285-90; Craster 79; I. G.Philip, `The Bodleian Library', in Nineteenth-Century Oxford, Part I, ed. M. G. Brock and M. C. Curthoys, The History of the University of Oxford, 6 (Oxford, 1997), 585-97, at 591-2; Rosemary Sweet, Antiquaries: The Discovery of the Past in Eighteenth-century Britain (London and New York, 2004), ad indicem."",""ownerId"":""00012517"",""type"":""per"",""variants"":[""Gough, Richard""]}]",,,,,,,,,,,,,,,,,,,,0,
00206905-p002,00206905,2,1701,1800,18,,,,,"Provenance: César de Missy (1703-1775), minister.",,1,"Missy, César de (1703-1775)",00013452,,per,1703 - 1775,"https://aeolus.bodleian.ox.ac.uk/collections/incunables/provenances_for_mei.xml#xpointer(//*[@id=""2441""]) | http://thesaurus.cerl.org/record/cnp01427667 | https://doi.org/10.1093/ref:odnb/107399 | https://bookowners.online/C%C3%A9sar_de_Missy_1703-1775","[{""dates"":""1703 - 1775"",""externalId"":[""https://aeolus.bodleian.ox.ac.uk/collections/incunables/provenances_for_mei.xml#xpointer(//*[@id=\""2441\""])"",""http://thesaurus.cerl.org/record/cnp01427667"",""https://doi.org/10.1093/ref:odnb/107399"",""https://bookowners.online/C%C3%A9sar_de_Missy_1703-1775""],""name"":""Missy, César de (1703-1775)"",""note"":""minister of the French chapel in the Savoy, London, 1731-62; see Larousse XI 342; IBF VI 2375; John Nichols, Literary Anecdotes (London, 1812-16), III 305-14; E. and E. Haag, La France protestante, VII (Paris, 1857), 427-8; sale (London: S. Baker and G. Leigh, 18 Mar. 1776)."",""ownerId"":""00013452"",""type"":""per"",""variants"":[""Missy, César de""]}]",,,,,,,,,,,,,,,,,,,,0,
00206905-p003,00206905,3,,,,,,,,,e-uk,1,"Oxford, Bodleian library",4209,,corporate,1602 -,http://thesaurus.cerl.org/record/cnc00013057,"[{""characterisation"":[""noc""],""dates"":""1602 -"",""externalId"":[""http://thesaurus.cerl.org/record/cnc00013057""],""name"":""Oxford, Bodleian library"",""ownerId"":4209,""professionOrType"":[""uni""],""type"":""corporate""}]",,,,,,,,,,,,,,,,,,,,1,
00202853-p001,00202853,1,1501,1700,16 | 17,,,,,"Provenance: Thomas Archer (1554-1630?); on a1r: '1498 . . . Tho. Archer'; on the same leaf, upper right-hand corner, his initials on each side of an arrow.",,1,"Archer, Thomas (1554-1630?)",00011216,,per,1554 - 1630,https://aeolus.bodleian.ox.ac.uk/collections/incunables/provenances_for_mei.xml#xpointer(//*[@id=,"[{""dates"":""1554 - 1630"",""externalId"":[""https://aeolus.bodleian.ox.ac.uk/collections/incunables/provenances_for_mei.xml#xpointer(//*[@id=""],""name"":""Archer, Thomas (1554-1630?)"",""note"":""Trinity College, Cambridge; in 1584 chaplain to his kinsman, Dr John May, Bishop of Carlisle; see DNB."",""ownerId"":""00011216"",""type"":""per"",""variants"":[""Archer, Thomas""]}]",,,,,,,,,,,,,,,,,,,,0,
00202853-p002,00202853,2,1701,1900,18 | 19,,,,,Francis Douce (1757-1834); armorial book-plate.,e-uk-en,1,"Douce, Francis (1757-1834)",00012106,R390,per,1757 - 1834,http://thesaurus.cerl.org/record/cnp01319667,"[{""characterisation"":[""noc""],""dates"":""1757 - 1834"",""externalId"":[""http://thesaurus.cerl.org/record/cnp01319667""],""gender"":1002,""name"":""Douce, Francis (1757-1834)"",""note"":""Keeper of Manuscripts at the British Museum, bequeathed his collection to the Bodleian Library; see Catalogue of the Printed Books and Manuscripts Bequeathed by Francis Douce to the Bodleian Library (Oxford, 1840); Macray 326; Craster 15-16; `Francis Douce 1757-1834', BQR 7 (1934), 359-84; Munby, Connoisseurs, esp. 35-56; David Rogers, `Francis Douce's Manuscripts: Some Hitherto Unrecognized Provenances', in Studies in the Book Trade in Honour of Graham Pollard (Oxford, 1975), 315-40; Douce Legacy; P. R. Harris, A History of the British Museum Library 1753-1973 (London, 1998), ad indicem; I. G. Philip, `The Bodleian Library', in Nineteenth-Century Oxford, Part I, ed. M. G. Brock and M. C. Curthoys, The History of the University of Oxford, 6 (Oxford, 1997), 585-97, at 593."",""ownerId"":""00012106"",""professionOrType"":[""scl""],""role"":""R390"",""type"":""per"",""variants"":[""Douce, Francis""]}]",,,,,,,,,,,,,,,,,,,,1,
00202853-p003,00202853,3,,,,,,,,,e-uk,1,"Oxford, Bodleian library",4209,,corporate,1602 -,http://thesaurus.cerl.org/record/cnc00013057,"[{""characterisation"":[""noc""],""dates"":""1602 -"",""externalId"":[""http://thesaurus.cerl.org/record/cnc00013057""],""name"":""Oxford, Bodleian library"",""ownerId"":4209,""professionOrType"":[""uni""],""type"":""corporate""}]",,,,,,,,,,,,,,,,,,,,1,
02177794-p001,02177794,1,1498,1550,15 | 16,a,l,a | c,,,e-fr,1,"Anonymous illuminator, France",00033696,R430,person,,,"[{""characterisation"":[""unk""],""gender"":""1003"",""name"":""Anonymous illuminator, France"",""ownerId"":""00033696"",""professionOrType"":[""unk""],""role"":""R430"",""type"":""person""}]",,,,,,,,,,"Capitals illuminated in gold and colours, initial-strokes supplied in yellow",,,,,,,,,,1,"{""hasIlluminations"":""1"",""hasRubrication"":""1""}"
02177794-p002,02177794,2,1650,1700,17,a,k,a | c,,,e-uk-en,1,"Anonymous binder, England",00025567,R110,person,1650-1700,,"[{""characterisation"":[""noc""],""dates"":""1650-1700"",""gender"":""1002"",""name"":""Anonymous binder, England"",""ownerId"":""00025567"",""professionOrType"":[""bkt""],""role"":""R110"",""type"":""person""}]",Bound in gold-tooled blue leather. Marbled pastedowns,u,c,b,b,g,,,,,,,,,,,,,,1,"{""titling"":[""b""],""tooling"":""b""}"
02177794-p003,02177794,3,1708,1753,18,a,o,a | g,,"With Sloane's library number Pr DCXI (with Cli erased). Entered in his library catalogue, BL Sloane MS 3972C vol.4 p.991, suggesting an acquisition around 1708",e-uk,1,"Sloane, Sir Hans",00014339,R390,person,1660 - 1753,https://aeolus.bodleian.ox.ac.uk/collections/incunables/provenances_for_mei.xml#xpointer(//*[@id= | http://www.bl.uk/catalogues/sloane/ | http://thesaurus.cerl.org/record/cnp01337565,"[{""characterisation"":[""noc""],""dates"":""1660 - 1753"",""externalId"":[""https://aeolus.bodleian.ox.ac.uk/collections/incunables/provenances_for_mei.xml#xpointer(//*[@id="",""http://www.bl.uk/catalogues/sloane/"",""http://thesaurus.cerl.org/record/cnp01337565""],""gender"":""1002"",""name"":""Sloane, Sir Hans"",""ownerId"":""00014339"",""professionOrType"":[""phy""],""role"":""R390"",""type"":""person""}]",,,,,,,,,,,,,,,,,,,,1,
02177794-p004,02177794,4,1753,,18,a,h,a | c,a,With the black MVSEVM BRITANNICVM stamp applied to books bought from Sloane's executors,e-uk,1,"London, British Museum Library, since 1973 The British Library",3442,R399,corporate,1753-,https://aeolus.bodleian.ox.ac.uk/collections/incunables/provenances_for_mei.xml#xpointer(//*[@id= | http://www.bl.uk/reshelp/findhelprestype/prbooks/provenanceresearch/provenanceresearch.html,"[{""characterisation"":[""noc""],""dates"":""1753-"",""externalId"":[""https://aeolus.bodleian.ox.ac.uk/collections/incunables/provenances_for_mei.xml#xpointer(//*[@id="",""http://www.bl.uk/reshelp/findhelprestype/prbooks/provenanceresearch/provenanceresearch.html""],""name"":""London, British Museum Library, since 1973 The British Library"",""ownerId"":""3442"",""professionOrType"":[""lib""],""role"":""R399"",""type"":""corporate"",""variants"":[""British Museum, London, Bibliotheca Britannica"",""British Museum, London, King's Library"",""King's Library, London"",""British Museum. Department of Printed Books"",""British Museum. Department of Manuscripts""]}]",,,,,,,,,,,,,,,,,,,,1,
02176403-p001,02176403,1,1821,1852,19,a,a | b,c,a,"Armorial bookplate of Charles Hurt, Junr. (Franks 15805), and note by him on flyleaf, dated August: 8: 1821, ""Bought at a shop at Litchfield"".",e-uk-en,1,"Hurt, Charles, of Wirksworth",00018428,R390,person,1782-1852,,"[{""characterisation"":[""ari""],""dates"":""1782-1852"",""gender"":""1002"",""name"":""Hurt, Charles, of Wirksworth"",""ownerId"":""00018428"",""professionOrType"":[""unk""],""role"":""R390"",""type"":""person""}]",,,,,,,,,,,,,,,,,,,8 August 1821,1,
02176403-p002,02176403,2,1852,1897,19,a,a,c,x,"From the collection of Bertram, 4th Earl of Ashburnham, with pencil notes in his hand, 19th century (sold at auction, Dec. 1897, lot 2051, purchased by Quaritch).",e-uk-en,1,"Ashburnham, Bertram, 4th Earl of Ashburnham",3486,R390,person,1797 - 1878,http://thesaurus.cerl.org/record/cnp01427775 | https://lccn.loc.gov/n82255127,"[{""characterisation"":[""ari""],""dates"":""1797 - 1878"",""externalId"":[""http://thesaurus.cerl.org/record/cnp01427775"",""https://lccn.loc.gov/n82255127""],""gender"":""1002"",""name"":""Ashburnham, Bertram, 4th Earl of Ashburnham"",""ownerId"":""3486"",""professionOrType"":[""pol""],""role"":""R390"",""type"":""person""}]",,,,,,,,,,,,,,,,,,,,1,
02176403-p003,02176403,3,1897,1899,19,a,a,c,a,"Purchased at auction, Dec. 1897, lot 2051.",e-uk,1,"Quaritch, Bernard",3644,R160,person,1819 - 1899,http://thesaurus.cerl.org/record/cnp01401825 | http://thesaurus.cerl.org/record/cnp01507092 | http://thesaurus.cerl.org/record/cnp00385892,"[{""characterisation"":[""noc""],""dates"":""1819 - 1899"",""externalId"":[""http://thesaurus.cerl.org/record/cnp01401825"",""http://thesaurus.cerl.org/record/cnp01507092"",""http://thesaurus.cerl.org/record/cnp00385892""],""gender"":""1002"",""name"":""Quaritch, Bernard"",""ownerId"":""3644"",""professionOrType"":[""bkt""],""role"":""R160"",""type"":""person"",""variants"":[""Bernard Alexander Christian Quaritch"",""Quaritch"",""Anglicus, Ducange"",""Ducange, Anglicus""]}]",,,,,,,,,,,,,,,,,,,December 1897,1,
02176403-p004,02176403,4,1899,1917,19 | 20,b,s,c,x,"Sold at auction, 22 Nov. 1917, lot 3288.",e-uk,2,"Dunn, George | London, Sotheby's",3537 | 2381,R390 | R065,person | corporate,1865-1912 | 1744-,http://thesaurus.cerl.org/record/cnp01101303 | https://aeolus.bodleian.ox.ac.uk/collections/incunables/provenances_for_mei.xml#xpointer(//*[@id=,"[{""characterisation"":[""noc""],""dates"":""1865-1912"",""externalId"":[""http://thesaurus.cerl.org/record/cnp01101303"",""https://aeolus.bodleian.ox.ac.uk/collections/incunables/provenances_for_mei.xml#xpointer(//*[@id=""],""gender"":""1002"",""name"":""Dunn, George"",""ownerId"":""3537"",""professionOrType"":[""scl""],""role"":""R390"",""type"":""person""},{""characterisation"":[""noc""],""dates"":""1744-"",""name"":""London, Sotheby's "",""ownerId"":""2381"",""professionOrType"":[""bkt""],""role"":""R065"",""type"":""corporate"",""variants"":[""Sotheby"",""Sotheby, Wilkinson and Hodge"",""Sotheby & Co."",""S. Leigh Sotheby & John Wilkinson""]}]",,,,,,,,,,,,,,,,,,,22 November 1917,1,
02176403-p005,02176403,5,1917,1939,20,a,s,c,a,,e-uk-en,1,"London, James Tregaskis, bookseller",3555,R160,corporate,1890-1939,http://thesaurus.cerl.org/record/cnc00026018 | http://www.aba.org.uk/About-the-ABA/More-About-the-ABA/Past-Presidents/ABA-Past-Presidents-1907-1926/James-Tregaskis | https://lccn.loc.gov/nr2004011326,"[{""characterisation"":[""noc""],""dates"":""1890-1939"",""externalId"":[""http://thesaurus.cerl.org/record/cnc00026018"",""http://www.aba.org.uk/About-the-ABA/More-About-the-ABA/Past-Presidents/ABA-Past-Presidents-1907-1926/James-Tregaskis"",""https://lccn.loc.gov/nr2004011326""],""name"":""London, James Tregaskis, bookseller"",""ownerId"":""3555"",""professionOrType"":[""bkt""],""role"":""R160"",""type"":""corporate"",""variants"":[""The Caxton Head"",""J. & M. L. Tregaskis"",""James Tregaskis & Son""]}]",,,,,,,,,,,,,,,,,,,,1,
02176403-p006,02176403,6,,1973,15 | 16 | 17 | 18 | 19 | 20,a,s,c,,,e-uk,1,"Howard, Arthur",00022016,R390,person,1896-1971,,"[{""characterisation"":[""unk""],""dates"":""1896-1971"",""gender"":""1002"",""name"":""Howard, Arthur"",""ownerId"":""00022016"",""professionOrType"":[""pol""],""role"":""R390"",""type"":""person""}]",,,,,,,,,,,,,,,,,,,,1,
02176403-p007,02176403,7,1973,,20,b,o,c,c,,u-nz,1,"Wellington, National Library of New Zealand, Alexander Turnbull Library",00040347,R399,corporate,1919-,,"[{""characterisation"":[""noc""],""dates"":""1919-"",""name"":""Wellington, National Library of New Zealand, Alexander Turnbull Library"",""ownerId"":""00040347"",""professionOrType"":[""lib""],""role"":""R399"",""type"":""corporate""}]","20th century English red morocco, gold tooled; spine with raised bands, gold tooled; gilt edges; by Riviere & Son.",x,c,b,b,g,,,,"Initials illuminated throughout in red, blue and gold. ",,,"16th century inscription on leaf c6v: ""pray for Elizabeth [?]"".",,,,,,,1,"{""edges"":""a"",""furniture"":""0"",""tooling"":""b""}"
00560450-p001,00560450,1,,,,,,,,,,1,"Fitzhe, Thomas",00019457,R390,person,active 16th century,,"[{""dates"":""active 16th century"",""name"":""Fitzhe, Thomas"",""ownerId"":""00019457"",""role"":""R390"",""type"":""person""}]",,,,,,,,,,,,,,,,,,,,0,
00560450-p002,00560450,2,,,,,,,,,,1,"Sandars, Samuel",00018468,R390,person,1837-1894,,"[{""dates"":""1837-1894"",""name"":""Sandars, Samuel"",""ownerId"":""00018468"",""role"":""R390"",""type"":""person""}]",,,,,,,,,,,,,,,,,,,,0,
00560450-p003,00560450,3,,,,a,,,,"Inscribed on verso of title page in a sixteenth-century hand: 'Thomas Fytzhe'. Inscribed 'Saml. Sandars ... 1892'. With his bookplate. Bequeathed by him, 1894. Note to Sandars by Edgar Hoskins inserted loosely.",e-uk-en,1,Cambridge University Library,3463,R390,corporate,,http://thesaurus.cerl.org/record/cnc00002301,"[{""characterisation"":[""noc""],""externalId"":[""http://thesaurus.cerl.org/record/cnc00002301""],""name"":""Cambridge University Library"",""ownerId"":3463,""professionOrType"":[""lib""],""role"":""R390"",""type"":""corporate"",""variants"":[""Cambridge, University, Library"",""University Library, Cambridge"",""University of Cambridge, Cambridge University Library"",""University of Cambridge, Library"",""University of Cambridge, University Library""]}]",Nineteenth-century gold tooled red morocco over wooden boards; gold tooled turn-ins; gilt decorated end papers; gilt edges.,,,,,,,,,"On parchment. Imperfect: 14 leaves (B8, C1, C5, D5, D6, E1, E3-5, E7, F1, O7, R4 & [et]8). Misbound: gatherings F-H bound after gathering A. Decoration: Initials illuminated.",,,,,,,,,,1,
00560451-p001,00560451,1,,,,,,,,,,1,"Jenkinson, Francis",00018473,R390,person,1853-1923,,"[{""dates"":""1853-1923"",""name"":""Jenkinson, Francis"",""ownerId"":""00018473"",""role"":""R390"",""type"":""person""}]",,,,,,,,,,,,,,,,,,,,0,
00560451-p002,00560451,2,,,,a,,,,"Presented by Francis Jenkinson, 14 March 1917. Inscribed by him, Sept. 1888. 'From Mr John Bohn, 5s/.'",e-uk-en,1,Cambridge University Library,3463,R390,corporate,,http://thesaurus.cerl.org/record/cnc00002301,"[{""characterisation"":[""noc""],""externalId"":[""http://thesaurus.cerl.org/record/cnc00002301""],""name"":""Cambridge University Library"",""ownerId"":3463,""professionOrType"":[""lib""],""role"":""R390"",""type"":""corporate"",""variants"":[""Cambridge, University, Library"",""University Library, Cambridge"",""University of Cambridge, Cambridge University Library"",""University of Cambridge, Library"",""University of Cambridge, University Library""]}]","Quarter morocco, 19th century. UkCU,Fragment: 4 leaves only, from a binding.",,,,,,,,,,,,,,,,,,,1,
00560452-p001,00560452,1,,,,,,,,,,1,"Moore, John",00018466,R390,person,1646-1714,,"[{""dates"":""1646-1714"",""name"":""Moore, John"",""ownerId"":""00018466"",""role"":""R390"",""type"":""person""}]",,,,,,,,,,,,,,,,,,,,0,
00560452-p002,00560452,2,,,,,,,,,,1,"Adrianus, Custos Antiquae Ecclesiae in Delft",00019458,R390,person,15th/16th cent.,,"[{""dates"":""15th/16th cent."",""name"":""Adrianus, Custos Antiquae Ecclesiae in Delft"",""ownerId"":""00019458"",""role"":""R390"",""type"":""person""}]",,,,,,,,,,,,,,,,,,,,0,
00560452-p003,00560452,3,,,,a,,,,"Bookplate of the Royal Library (collection of Bishop John Moore, given to Cambridge University Library in 1715 by George I). A1 recto inscribed: 'Liber adriani custodis antique ecc[lesi]e In delft'. Old shelfmarks: AB.5.68; C.6.7. Decoration: Leaves a2 recto, a3 verso (woodcut), a4 recto, f2 recto and h4 recto illuminated; woodcuts coloured; a few initials illuminated; others supplied in red or blue; scroll-work decoration throughout in red or blue; head words supplied and capitals picked out in red. Annotation: Additional prayer on p6 recto in contemporary MS (same hand as MS additions below?).",e-uk-en,1,Cambridge University Library,3463,R390,corporate,,http://thesaurus.cerl.org/record/cnc00002301,"[{""characterisation"":[""noc""],""externalId"":[""http://thesaurus.cerl.org/record/cnc00002301""],""name"":""Cambridge University Library"",""ownerId"":3463,""professionOrType"":[""lib""],""role"":""R390"",""type"":""corporate"",""variants"":[""Cambridge, University, Library"",""University Library, Cambridge"",""University of Cambridge, Cambridge University Library"",""University of Cambridge, Library"",""University of Cambridge, University Library""]}]","Half calf, Cambridge UL, 1972, re-using eighteenth century marbled boards.",,,,,,,,,,,,,,,,,,,1,
00205588-p001,00205588,1,1701,1900,18 | 19,,,,,Provenance: Francis Douce (1757-1834); armorial book-plate.,e-uk-en,1,"Douce, Francis (1757-1834)",00012106,R390,per,1757 - 1834,http://thesaurus.cerl.org/record/cnp01319667,"[{""characterisation"":[""noc""],""dates"":""1757 - 1834"",""externalId"":[""http://thesaurus.cerl.org/record/cnp01319667""],""gender"":1002,""name"":""Douce, Francis (1757-1834)"",""note"":""Keeper of Manuscripts at the British Museum, bequeathed his collection to the Bodleian Library; see Catalogue of the Printed Books and Manuscripts Bequeathed by Francis Douce to the Bodleian Library (Oxford, 1840); Macray 326; Craster 15-16; `Francis Douce 1757-1834', BQR 7 (1934), 359-84; Munby, Connoisseurs, esp. 35-56; David Rogers, `Francis Douce's Manuscripts: Some Hitherto Unrecognized Provenances', in Studies in the Book Trade in Honour of Graham Pollard (Oxford, 1975), 315-40; Douce Legacy; P. R. Harris, A History of the British Museum Library 1753-1973 (London, 1998), ad indicem; I. G. Philip, `The Bodleian Library', in Nineteenth-Century Oxford, Part I, ed. M. G. Brock and M. C. Curthoys, The History of the University of Oxford, 6 (Oxford, 1997), 585-97, at 593."",""ownerId"":""00012106"",""professionOrType"":[""scl""],""role"":""R390"",""type"":""per"",""variants"":[""Douce, Francis""]}]",,,,,,,,,,,,,,,,,,,,1,
00205588-p002,00205588,2,,,,,,,,,e-uk,1,"Oxford, Bodleian library",4209,,corporate,1602 -,http://thesaurus.cerl.org/record/cnc00013057,"[{""characterisation"":[""noc""],""dates"":""1602 -"",""externalId"":[""http://thesaurus.cerl.org/record/cnc00013057""],""name"":""Oxford, Bodleian library"",""ownerId"":4209,""professionOrType"":[""uni""],""type"":""corporate""}]",,,,,,,,,,,,,,,,,,,,1,
00560453-p001,00560453,1,,,,a,,,,"Presented by Henry Bradshaw, 1884. Decoration: Initials, capital strokes and calendar references supplied in red. Woodcuts partly hand coloured.",e-uk-en,1,Cambridge University Library,3463,R390,corporate,,http://thesaurus.cerl.org/record/cnc00002301,"[{""characterisation"":[""noc""],""externalId"":[""http://thesaurus.cerl.org/record/cnc00002301""],""name"":""Cambridge University Library"",""ownerId"":3463,""professionOrType"":[""lib""],""role"":""R390"",""type"":""corporate"",""variants"":[""Cambridge, University, Library"",""University Library, Cambridge"",""University of Cambridge, Cambridge University Library"",""University of Cambridge, Library"",""University of Cambridge, University Library""]}]",Nineteenth-century gold tooled brown morocco; marbled paper boards; gilt edges and turn-ins. Ink stamp of 'Morrell Binder Frith St [?]'.,,,,,,,,,,,,,,,,,,,1,
02138779-p001,02138779,1,,,,,,,,,e-ne,1,"Westreenen van Tiellandt, Willem Hendrik Jacob van",00016628,R390,person,,http://thesaurus.cerl.org/record/cnp01397346 | http://thesaurus.cerl.org/record/cnp02141281 | http://thesaurus.cerl.org/record/cnp01259036,"[{""externalId"":[""http://thesaurus.cerl.org/record/cnp01397346"",""http://thesaurus.cerl.org/record/cnp02141281"",""http://thesaurus.cerl.org/record/cnp01259036""],""name"":""Westreenen van Tiellandt, Willem Hendrik Jacob van"",""ownerId"":""00016628"",""professionOrType"":[""lic""],""role"":""R390"",""type"":""person"",""variants"":[""Westreenen Van Tiellandt, Willem Hendrik Jacob van"",""Westreenen Van Tiellandt, Willem Hendrik Jacob Baron van""]}]",,,,,,,,,,,,,,,,,,,,1,
02138779-p002,02138779,2,,,,,,,,"Verwerving: veiling –, Utrecht, J. Altheer, 18-3-1828, Getijdenboeken, lot 42, ƒ 3, 50 (AR 31-3-1828, FA 155/002r). / Beschrijving: catalogue FA 136/057. De evident foutieve datering van deze druk in het colofon, 1495 ‘xiii y[di]bus iunii’ heeft tot verschillende verklaringen aanleiding gegeven, van Maittaire I, 331 en Maittaire I2 588 tot en met de Vijfhonderste verjaring (1973), 219a. De meest eenvoudige verklaring is m.i. dat de zetter ‘viii’ in handschrift als ‘xiii’ gelezen heeft. Het colofon dateert dan van 5 juni 1492.",e-ne,1,Museum Meermanno | Huis van het boek,00016814,R399,corporate,,,"[{""name"":""Museum Meermanno | Huis van het boek"",""ownerId"":""00016814"",""professionOrType"":[""lib""],""role"":""R399"",""type"":""corporate"",""variants"":[""The Hague, Museum Meermanno "",""Museum Meermanno-Westreenianum"",""Museum Meermanno | Huis van het Boek""]}]","W. Carbentus, ƒ 0, 60 (FA 034/052, post van 10-9-1828).",,,,,,,,,,,,,,,,,,,1,
00560454-p001,00560454,1,,,,,,,,,,1,"Gisbertge, Suster",00019459,R390,person,16th cent.,,"[{""dates"":""16th cent."",""name"":""Gisbertge, Suster"",""ownerId"":""00019459"",""role"":""R390"",""type"":""person""}]",,,,,,,,,,,,,,,,,,,,0,
00560454-p002,00560454,2,,,,,,,,,,1,"Enschedé, Johannes",00018564,R390,person,1708-1781,,"[{""dates"":""1708-1781"",""name"":""Enschedé, Johannes"",""ownerId"":""00018564"",""role"":""R390"",""type"":""person""}]",,,,,,,,,,,,,,,,,,,,0,
00560454-p003,00560454,3,,,,a,,,,"Front free end paper inscribed in century hand: 'Item dit boeck hoert to suster gisbertgen rijken dochter [...]'. Note on type signed 'J E[nschedeÌ], 1769'. An earlier note (17th century?) on the edition on upper cover. Lot 698 at the EnschedeÌ sale. Decoration: Principal initials supplied in red and blue with pen flourishes. Other initials and some capitals supplied in alternating red and blue. Printed capitals picked out in red. Woodcuts roughly hand coloured.",e-uk-en,1,Cambridge University Library,3463,R390,corporate,,http://thesaurus.cerl.org/record/cnc00002301,"[{""characterisation"":[""noc""],""externalId"":[""http://thesaurus.cerl.org/record/cnc00002301""],""name"":""Cambridge University Library"",""ownerId"":3463,""professionOrType"":[""lib""],""role"":""R390"",""type"":""corporate"",""variants"":[""Cambridge, University, Library"",""University Library, Cambridge"",""University of Cambridge, Cambridge University Library"",""University of Cambridge, Library"",""University of Cambridge, University Library""]}]",Limp parchment flap binding on three supports with clasp; manuscript waste (13th century?).,,,,,,,,,,,,,,,,,,,1,
02100413-p001,02100413,1,1496,1550,15 | 16,a,l,a,g,,,1,Anonymous,00017848,R680,person,1451-1550,,"[{""characterisation"":[""unk""],""dates"":""1451-1550"",""name"":""Anonymous"",""ownerId"":""00017848"",""professionOrType"":[""unk""],""role"":""R680"",""type"":""person""}]",,,,,,,,,,Printed frame (woodcut) occasionally and partially coloured in gold,"Large initials in blue and red, with pen decoration in red ([a1] r, h7 v). Large initials in alternating blue and red until [a8] v, from then on only in red. Underlining and initial strokes in red.",,,,,,,,,0,"{""hasIllustrationsByHand"":1,""hasPenInitials"":1,""hasRubrication"":1}"
02100413-p002,02100413,2,1501,1600,16,a,d | k,a,g,,,1,Jesuits,00018026,R390,corporate,1540-1773,,"[{""characterisation"":[""rel""],""dates"":""1540-1773"",""name"":""Jesuits"",""ownerId"":""00018026"",""professionOrType"":[""sco""],""role"":""R390"",""type"":""corporate"",""variants"":[""Collegium Societatis Iesu"",""Gesuiti"",""Societas Jesu"",""Jezuïeten""]}]","Calfskin over wooden boards, blind-tooled boards and spine, remainings of metal clasps on the fore-edge, label with manuscript titling on the spine.
Blind-tooled supralibros on both the boards: IHS, with a cross on the top and the three nails on the bottom, inscribed in a circle (Christogram of the Jesuits)",t,c,a,b,c,,,,,,,,,,,,,,0,"{""edges"":""b"",""furniture"":0,""gauffered"":""d"",""titling"":[""a""],""tooling"":""a"",""writingOnEdges"":""d""}"
02100413-p003,02100413,3,1651,1750,17 | 18,a,m,a,x,,e-ne,1,"Anonymous, Netherlands",00021057,R020,person,1651-1750,,"[{""characterisation"":[""unk""],""dates"":""1651-1750"",""name"":""Anonymous, Netherlands"",""ownerId"":""00021057"",""professionOrType"":[""unk""],""role"":""R020"",""type"":""person""}]",,,,,,,,,,,,,Sporadic notes and pen trials in a 17th-18th century Dutch handwriting.,,,,,,,0,"{""hasPenTrials"":1,""hasPersonalNotes"":1}"
02100413-p004,02100413,4,1808,,19,a,n | o,a | f,x,"Lent to the KB in 1937. See: R. Pennink, 'Catalogus der 15de en 16de eeuwsche drukken der Koninklijke Akademie van Wetenschappen.' s̀- Gravenhage, 1937, nr. 41.",e-ne,1,"Amsterdam, Royal Netherlands Academy of Arts and Sciences",00016682,R399,corporate,1808-,,"[{""characterisation"":[""noc""],""dates"":""1808-"",""name"":""Amsterdam, Royal Netherlands Academy of Arts and Sciences"",""ownerId"":""00016682"",""professionOrType"":[""acd""],""role"":""R399"",""type"":""corporate"",""variants"":[""Amsterdam, Koninklijke Nederlandse Akademie van Wetenschappen"",""Koninklijk Nederlandsche Instituut van Wetenschappen, Letterkunde en Schoone Kunsten""]}]",,,,,,,,,,,,,,"Stamp on fol. 1 r (b6 r): Koninklijk Nederlandsche Instituut. | Stamp on endleaf III r, fol. 1r and endleaf V v: Koninklijke Akademie van Wetenschappen.","[{""note"":""H. 370 [label at the bottom of the spine, covered by the shelfmark of the KB. On one of the loose sheets, in manuscript: H. 370; see also R. Pennink, Catalogus (...), nr. 41]""}]",,,,1937,1,
02100413-p005,02100413,5,1937,,20,a,n | o,a | f,g,"Loan from the Royal Netherlands Academy of Arts and Sciences, Amsterdam, 1 januari 1937 (see: R. Pennink, 'Catalogus der 15de en 16de eeuwsche drukken der Koninklijke Akademie van Wetenschappen.' s̀- Gravenhage, 1937, nr. 41).",e-ne,1,Koninklijke Bibliotheek - Nationale Bibliotheek van Nederland,4014,,corporate,1798-,http://thesaurus.cerl.org/record/cnc00011239,"[{""characterisation"":[""noc""],""dates"":""1798-"",""externalId"":[""http://thesaurus.cerl.org/record/cnc00011239""],""name"":""Koninklijke Bibliotheek - Nationale Bibliotheek van Nederland"",""ownerId"":4014,""professionOrType"":[""lib""],""type"":""corporate"",""variants"":[""The Hague, Koninklijke Bibliotheek"",""Den Haag, Koninklijke Bibliotheek"",""Den Haag, KB""]}]",,,,,,,,,,,,,,,,,,,1937,1,
00206446-p001,00206446,1,1601,1800,17 | 18,,,,,Provenance: Nicolas Joseph Foucault (1643-1721); armorial book-plate: 'Ex bibliotheca Nicolai Joseph Foucault comitis consistoriani'; his circular book-label partly visible at the tail of the spine.,,1,"Foucault, Nicolas Joseph (1643-1721)",00012333,,per,1643 - 1721,"https://aeolus.bodleian.ox.ac.uk/collections/incunables/provenances_for_mei.xml#xpointer(//*[@id=""1300""])","[{""dates"":""1643 - 1721"",""externalId"":[""https://aeolus.bodleian.ox.ac.uk/collections/incunables/provenances_for_mei.xml#xpointer(//*[@id=\""1300\""])""],""gender"":1002,""name"":""Foucault, Nicolas Joseph (1643-1721)"",""note"":""see DBF XIV 593-5; armorial book-plate. For Foucault's library see Roger Middleton, 'Chrétien de Troyes at Auction: Nicolas-Joseph Foucault and other Eighteenth-century Collectors', in Medievalism and 'manière gothique' in Enlightenment France, ed. Peter Damian-Grint (Oxford, 2006), 261-83."",""ownerId"":""00012333"",""type"":""per""}]",,,,,,,,,,,,,,,,,,,,0,
00206446-p002,00206446,2,1601,1800,17 | 18,,,,,Probably Richard Rawlinson (1690-1755).,,1,"Rawlinson, Richard (1690-1755)",00013955,,per,1690 - 1755,https://aeolus.bodleian.ox.ac.uk/collections/incunables/provenances_for_mei.xml#xpointer(//*[@id= | http://thesaurus.cerl.org/record/cnp00403572 | https://bookowners.online/Richard_Rawlinson_1690-1755,"[{""dates"":""1690 - 1755"",""externalId"":[""https://aeolus.bodleian.ox.ac.uk/collections/incunables/provenances_for_mei.xml#xpointer(//*[@id="",""http://thesaurus.cerl.org/record/cnp00403572"",""https://bookowners.online/Richard_Rawlinson_1690-1755""],""name"":""Rawlinson, Richard (1690-1755)"",""note"":""nonjuring bishop; made numerous donations in his lifetime and bequeathed to the Bodleian Library his manuscripts and those printed books which contained manuscript notes; Rawlinson's books include some owned by Thomas Hearne, who bequeathed all his manuscripts and printed books with manuscript notes to William Bedford, from whose widow Rawlinson bought them; see Macray 231-51, Stanley Gillam, `Thomas Hearne's Library', BLR 12 (1985), 52-64, at 60-1; William Younger Fletcher, `The Rawlinsons and their Collections', Transactions of the Bibliographical Society, 5 (1899), 67-86; Georgian Rawlinson Tashjian, David R. Tashjian, and Brian J. Enright, Richard Rawlinson: A Tercentenary Memorial (Kalamazoo, Mich., 1990); DNB; B. J. Enright `Rawlinson and the Chandlers', BLR 4 (1953), 216-17, repr. with modifications in Tashjian, Tashjian, and Enright, 121-32; idem, `Richard Rawlinson Collector, Antiquary, and Topographer', unpublished D.Phil. thesis, University of Oxford, 1956; idem, `“I Collect and I Preserve”: Richard Rawlinson 1690-1755 and Eighteenth-century Book Collecting. Portrait of a Bibliophile XXVIII', Book Collector, 39 (1990), 27-54, repr. in The Pleasures of Bibliophily: Fifty Years of `The Book Collector' (London, 2003), 205-23; Robert A. Shaddy, `Thomas Rawlinson (1681-1725) and Richard Rawlinson (1690-1755)', in Pre-Nineteenth-century British Book- collectors and Bibliographers, ed. William Baker and Kenneth Womack, DLB 213 (Detroit, Washington DC, and London, 1999), 288-96; SC III 177-8."",""ownerId"":""00013955"",""type"":""per"",""variants"":[""Rawlinson, Richard""]}]",,,,,,,,,,,,,,,,,,,,0,
00206446-p003,00206446,3,,,,,,,,,e-uk,1,"Oxford, Bodleian library",4209,,corporate,1602 -,http://thesaurus.cerl.org/record/cnc00013057,"[{""characterisation"":[""noc""],""dates"":""1602 -"",""externalId"":[""http://thesaurus.cerl.org/record/cnc00013057""],""name"":""Oxford, Bodleian library"",""ownerId"":4209,""professionOrType"":[""uni""],""type"":""corporate""}]",,,,,,,,,,,,,,,,,,,,1,
00203815-p001,00203815,1,1501,1600,16,,,,,"Provenance: Pierre Bongar (sixteenth century); inscription on the rear pastedown in a sixteenth-century hand, brown ink: 'Ce liure apartien amoy [ ] de [ ] | bongar son pautron yeux maluraux | Pierrez de [ ].' ",,1,"Bongar, Pierre (sixteenth century).",00011529,,per,,"https://aeolus.bodleian.ox.ac.uk/collections/incunables/provenances_for_mei.xml#xpointer(//*[@id=""477""])","[{""externalId"":[""https://aeolus.bodleian.ox.ac.uk/collections/incunables/provenances_for_mei.xml#xpointer(//*[@id=\""477\""])""],""name"":""Bongar, Pierre (sixteenth century)."",""ownerId"":""00011529"",""type"":""per""}]",,,,,,,,,,,,,,,,,,,,0,
00203815-p002,00203815,2,1601,1800,17 | 18,,,,,Nicolas Joseph Foucault (1643-1721); armorial book-plate: 'Ex bibliotheca Nicolai Joseph Foucault comitis consistoriani' and acquisition note in the upper margin of a2r: 'Ces heures ont couté six liures a eta[mpes / Etaples?] le 4 Juill. 1703. Foucault.' ,,1,"Foucault, Nicolas Joseph (1643-1721)",00012333,,per,1643 - 1721,"https://aeolus.bodleian.ox.ac.uk/collections/incunables/provenances_for_mei.xml#xpointer(//*[@id=""1300""])","[{""dates"":""1643 - 1721"",""externalId"":[""https://aeolus.bodleian.ox.ac.uk/collections/incunables/provenances_for_mei.xml#xpointer(//*[@id=\""1300\""])""],""gender"":1002,""name"":""Foucault, Nicolas Joseph (1643-1721)"",""note"":""see DBF XIV 593-5; armorial book-plate. For Foucault's library see Roger Middleton, 'Chrétien de Troyes at Auction: Nicolas-Joseph Foucault and other Eighteenth-century Collectors', in Medievalism and 'manière gothique' in Enlightenment France, ed. Peter Damian-Grint (Oxford, 2006), 261-83."",""ownerId"":""00012333"",""type"":""per""}]",,,,,,,,,,,,,,,,,,,,0,
00203815-p003,00203815,3,1601,1800,17 | 18,,,,,Richard Rawlinson (1690-1755).,,1,"Rawlinson, Richard (1690-1755)",00013955,,per,1690 - 1755,https://aeolus.bodleian.ox.ac.uk/collections/incunables/provenances_for_mei.xml#xpointer(//*[@id= | http://thesaurus.cerl.org/record/cnp00403572 | https://bookowners.online/Richard_Rawlinson_1690-1755,"[{""dates"":""1690 - 1755"",""externalId"":[""https://aeolus.bodleian.ox.ac.uk/collections/incunables/provenances_for_mei.xml#xpointer(//*[@id="",""http://thesaurus.cerl.org/record/cnp00403572"",""https://bookowners.online/Richard_Rawlinson_1690-1755""],""name"":""Rawlinson, Richard (1690-1755)"",""note"":""nonjuring bishop; made numerous donations in his lifetime and bequeathed to the Bodleian Library his manuscripts and those printed books which contained manuscript notes; Rawlinson's books include some owned by Thomas Hearne, who bequeathed all his manuscripts and printed books with manuscript notes to William Bedford, from whose widow Rawlinson bought them; see Macray 231-51, Stanley Gillam, `Thomas Hearne's Library', BLR 12 (1985), 52-64, at 60-1; William Younger Fletcher, `The Rawlinsons and their Collections', Transactions of the Bibliographical Society, 5 (1899), 67-86; Georgian Rawlinson Tashjian, David R. Tashjian, and Brian J. Enright, Richard Rawlinson: A Tercentenary Memorial (Kalamazoo, Mich., 1990); DNB; B. J. Enright `Rawlinson and the Chandlers', BLR 4 (1953), 216-17, repr. with modifications in Tashjian, Tashjian, and Enright, 121-32; idem, `Richard Rawlinson Collector, Antiquary, and Topographer', unpublished D.Phil. thesis, University of Oxford, 1956; idem, `“I Collect and I Preserve”: Richard Rawlinson 1690-1755 and Eighteenth-century Book Collecting. Portrait of a Bibliophile XXVIII', Book Collector, 39 (1990), 27-54, repr. in The Pleasures of Bibliophily: Fifty Years of `The Book Collector' (London, 2003), 205-23; Robert A. Shaddy, `Thomas Rawlinson (1681-1725) and Richard Rawlinson (1690-1755)', in Pre-Nineteenth-century British Book- collectors and Bibliographers, ed. William Baker and Kenneth Womack, DLB 213 (Detroit, Washington DC, and London, 1999), 288-96; SC III 177-8."",""ownerId"":""00013955"",""type"":""per"",""variants"":[""Rawlinson, Richard""]}]",,,,,,,,,,,,,,,,,,,,0,
00203815-p004,00203815,4,,,,,,,,,e-uk,1,"Oxford, Bodleian library",4209,,corporate,1602 -,http://thesaurus.cerl.org/record/cnc00013057,"[{""characterisation"":[""noc""],""dates"":""1602 -"",""externalId"":[""http://thesaurus.cerl.org/record/cnc00013057""],""name"":""Oxford, Bodleian library"",""ownerId"":4209,""professionOrType"":[""uni""],""type"":""corporate""}]",,,,,,,,,,,,,,,,,,,,1,
00205157-p001,00205157,1,,,,,,,,"Provenance: An unidentified painted coat of arms on front endleaf: quarterly 1 and 4 azure, a pelican in its piety, or, on a chief gules 3 crescents argent; 2 and 3 or, a chevron gules between three blackamoor heads in profile sable, wreathed about the temples argent.",,1,"Unidentified coat of arms, quarterly 1 and 4 azure, a pelican in its piety, or, on a chief gules three crescents argent; 2 and 3 or, a chevron gules between three blackamoor heads in profile sable, wreathed about the temples argent.",00014739,,per,,"https://aeolus.bodleian.ox.ac.uk/collections/incunables/provenances_for_mei.xml#xpointer(//*[@id=""4107""])","[{""externalId"":[""https://aeolus.bodleian.ox.ac.uk/collections/incunables/provenances_for_mei.xml#xpointer(//*[@id=\""4107\""])""],""name"":""Unidentified coat of arms, quarterly 1 and 4 azure, a pelican in its piety, or, on a chief gules three crescents argent; 2 and 3 or, a chevron gules between three blackamoor heads in profile sable, wreathed about the temples argent."",""ownerId"":""00014739"",""type"":""per""}]",,,,,,,,,,,,,,,,,,,,0,
00205157-p002,00205157,2,1801,1900,19,,,,,"On the rear endleaf, the unidentified arms impaling those of the D'Archambault-Languedoue family: azure, 3 lions rampant or, 2 and 1, an inescutcheon argent on a pale gules fretty or; see Henri Jougla de Morenas, Grand Armorial de France, 6 vols (Paris, 1934-49), I 217 no. 1123 and Supplement (Paris, 1952), 41.",,1,"D'Archambault-Languedoue; family; see F. A. Aubert la Chenaye Desbois et Badier, Dictionnaire de la Noblesse (Paris, 1863-76), I 671-7; see also coats of arms (unidentified), where there is a coat of arms listed which impales the arms of this family (azure, three lions rampant or, 2 and 1, an inescutcheon argent on a pale gules fretty or).",00011999,,per,1863 -,https://aeolus.bodleian.ox.ac.uk/collections/incunables/provenances_for_mei.xml#xpointer(//*[@id=,"[{""dates"":""1863 - "",""externalId"":[""https://aeolus.bodleian.ox.ac.uk/collections/incunables/provenances_for_mei.xml#xpointer(//*[@id=""],""name"":""D'Archambault-Languedoue; family; see F. A. Aubert la Chenaye Desbois et Badier, Dictionnaire de la Noblesse (Paris, 1863-76), I 671-7; see also coats of arms (unidentified), where there is a coat of arms listed which impales the arms of this family (azure, three lions rampant or, 2 and 1, an inescutcheon argent on a pale gules fretty or)."",""ownerId"":""00011999"",""type"":""per"",""variants"":[""D'Archambault-Languedoue; family""]}]",,,,,,,,,,,,,,,,,,,,0,
00205157-p003,00205157,3,,,,,,,,,e-uk,1,"Oxford, Bodleian library",4209,,corporate,1602 -,http://thesaurus.cerl.org/record/cnc00013057,"[{""characterisation"":[""noc""],""dates"":""1602 -"",""externalId"":[""http://thesaurus.cerl.org/record/cnc00013057""],""name"":""Oxford, Bodleian library"",""ownerId"":4209,""professionOrType"":[""uni""],""type"":""corporate""}]",,,,,,,,,,,,,,,,,,,,1,
02100324-p001,02100324,1,1497,1550,15 | 16,a,m,a,x,,,1,Anonymous,00017848,R390,person,1451-1550,,"[{""dates"":""1451-1550"",""name"":""Anonymous"",""ownerId"":""00017848"",""role"":""R390"",""type"":""person""}]",,,,,,,,,,,"All initials have decoration of some kind, most of them in the same ink hue. Each chapter begins with an ornamental initial of red and blue ink. The first letter of each sentence is marked with a vertical and a horizontal line of red ink. All paragraph signs are written in red ink. The rubrication in the manuscript part often has more blue ornamental initials. However, the rubrication in the said manuscript part is not always consistent.",,"The manuscript part takes up the entire second half of this copy. Although it appears to have been written by the same hand, the writing becomes more dense towards the end of the copy. ",,,,,,,0,"{""hasIllustrationsByHand"":""1"",""hasMsSupplements"":""1"",""hasOrnamentalLetters"":""1"",""hasPenInitials"":""1"",""hasRubrication"":""1""}"
02100324-p002,02100324,2,1799,1883,18 | 19,a,a | b | e | g | k | o | s,a,x,,e-fr,1,Charles Louis of Bourbon-Parma,2836,R390,person,1799 - 1883,http://thesaurus.cerl.org/record/cnp00574913 | http://viaf.org/viaf/48296149,"[{""characterisation"":[""ari""],""dates"":""1799 - 1883"",""externalId"":[""http://thesaurus.cerl.org/record/cnp00574913"",""http://viaf.org/viaf/48296149""],""gender"":""1002"",""name"":""Charles Louis of Bourbon-Parma "",""ownerId"":""2836"",""role"":""R390"",""type"":""person"",""variants"":[""Borbone-Parma, Carlo Ludovico di"",""Charles Louis, duc de Bourbon-Parma "",""Charles-Louis de Bourbon, comte de Villafranca"",""Carlo Ludovico, re d'Etruria"",""Carlo II di Parma""]}]",Calfskin binding with blind and gold tooled decorations. Both front and black board have similar geometric gold tooled designs with Charles Louis' initials set with a royal crown in each corner. Small gold tooled decorations on the edges of both boards. Gold tooled titling and Charles Louis' initials set with a royal crown on the spine. The binding is contained in a brown calfskin box with a fake spine and gold tooled titling on it. ,w,c,b,b,g,,,,,,,,,"[{""note"":""No. 337 in the Bibliothèque liturgique de S.H.R. Charles Louis de Bourbon Comte de Villafrancia (see exlibris on front endleaf recto).""}]",,,,,1,"{""edges"":""a"",""furniture"":""0"",""gauffered"":""d"",""hasCoatOfArms"":""1"",""titling"":[""b""],""tooling"":""b"",""writingOnEdges"":""d""}"
02100324-p003,02100324,3,1883,1907,19 | 20,a,r | s,a,c,,e-au,1,"Robert de Bourbon, duke of Parma",2835,R390,person,1848-1907,http://thesaurus.cerl.org/record/cnp01427221,"[{""characterisation"":[""ari""],""dates"":""1848-1907"",""externalId"":[""http://thesaurus.cerl.org/record/cnp01427221""],""gender"":""1002"",""name"":""Robert de Bourbon, duke of Parma"",""ownerId"":""2835"",""professionOrType"":[""unk""],""role"":""R390"",""type"":""person"",""variants"":[""Borbone-Parma, Roberto"",""Bourbon-Parma"",""Robert de Bourbon, duke of Parma""]}]",,,,,,,,,,,,,,,,,,,,1,
02100324-p004,02100324,4,1932,1937,20,a,s,a,,"Auction Giraud-Badin, 1932 (The Hague, KB, Shelfmark Verz.Cat. 8977). A piece of paper glued to the front flyleaf (recto) with a technical description printed on it. Small label with gold edge, reading: 28s.",e-fr,1,Librairie Giraud-Badin,00017478,R160,corporate,1917-,,"[{""characterisation"":[""noc""],""dates"":""1917-"",""name"":""Librairie Giraud-Badin"",""ownerId"":""00017478"",""professionOrType"":[""bkt""],""role"":""R160"",""type"":""corporate""}]",,,,,,,,,,,,,,,,,,,1932,1,
02100324-p005,02100324,5,1937,,20,a,h | o | s,a,a,"Acquired via M. Nijhoff on 4 December, 1937, see: accession number in the book: 371650; Jaarverslag 1937, p. 5.",e-ne,2,"Koninklijke Bibliotheek - Nationale Bibliotheek van Nederland | Nijhoff, Martinus",4014 | 00013595,R399 | R160,corporate | person,1798- | 1826-1894,http://thesaurus.cerl.org/record/cnc00011239,"[{""characterisation"":[""noc""],""dates"":""1798-"",""externalId"":[""http://thesaurus.cerl.org/record/cnc00011239""],""name"":""Koninklijke Bibliotheek - Nationale Bibliotheek van Nederland"",""ownerId"":""4014"",""professionOrType"":[""lib""],""role"":""R399"",""type"":""corporate"",""variants"":[""The Hague, Koninklijke Bibliotheek"",""Den Haag, Koninklijke Bibliotheek"",""Den Haag, KB""]},{""characterisation"":[""noc""],""dates"":""1826-1894"",""gender"":""1002"",""name"":""Nijhoff, Martinus "",""ownerId"":""00013595"",""professionOrType"":[""bkt""],""role"":""R160"",""type"":""person""}]",,,,,,,,,,,,,"A loose fragment of the 1932 auction catalogue has been placed inside the book at the time of acquisition. Technical description of the book in French, with some notes written in Dutch along the short sides of the fragment: 'Veiling Duc Robert de Parme. Paris, Girard-Badin, 1 Juin 1932'; 'Dit is waarschijnlijk het door C(ampbell) genoemde ex(emplaar) van Claudin'.","Stamp of KB, used circa 1919. See: https://www.kb.nl/sites/default/files/150d22.jpg",,400,Dutch guilders,,1937,1,
00560455-p001,00560455,1,,,,,,,,,,1,"Vergauwen, Franc̜ois Joseph",00014860,R390,person,1801-1881,http://thesaurus.cerl.org/record/cnp01447984,"[{""dates"":""1801-1881"",""externalId"":[""http://thesaurus.cerl.org/record/cnp01447984""],""name"":""Vergauwen, Franc̜ois Joseph"",""ownerId"":""00014860"",""role"":""R390"",""type"":""person"",""variants"":[""Vergauwen, François-Joseph"",""Franz Vergauwen""]}]",,,,,,,,,,,,,,,,,,,,0,
00560455-p002,00560455,2,,,,a,,,,"From the collection of FrancÌ§ois Joseph Vergauwen; bought at his sale (Brussels, 1884; not in the catalogue).",e-uk-en,1,Cambridge University Library,3463,R390,corporate,,http://thesaurus.cerl.org/record/cnc00002301,"[{""characterisation"":[""noc""],""externalId"":[""http://thesaurus.cerl.org/record/cnc00002301""],""name"":""Cambridge University Library"",""ownerId"":3463,""professionOrType"":[""lib""],""role"":""R390"",""type"":""corporate"",""variants"":[""Cambridge, University, Library"",""University Library, Cambridge"",""University of Cambridge, Cambridge University Library"",""University of Cambridge, Library"",""University of Cambridge, University Library""]}]","Unbound in cloth box. UkCU,Fragments: 21 leaves in total, of which 3 are in duplicate. From a binding? See Conway, p. 357-8.",,,,,,,,,,,,,,,,,,,1,
02000285-p001,02000285,1,1499,1600,15 | 16,a,k | l,a,,,e-it,0,,,,,,,,"16th-century blind and gold-tooled calf ('foreign olive colour binding' in Dibdin), remains of 2 strings, 2 at fore-edge, one each upper and lower edges; at centre gilt crucifixion; gauffered edges gilt only within the gauffered design. 147 x 111 x 28 mm.",t,c,a,b,g,,,,"Woodcut initials coloured. On a1r full floral and foliate border, in pink, blue, and green, gold bezants, in the lower margin a circular wreath containing the Virgin and Child (Fava-Bresciano pl. LII). Cut red initials decorated with blue penwork.",,,,,,,,,,1,"{""edges"":""a"",""gauffered"":""a"",""tooling"":""c"",""writingOnEdges"":""d""}"
02000285-p002,02000285,2,1747,1819,18 | 19,a,n,,,"Catalogo [...] Cassano Serra, p. 44",e-it,1,"Serra, Luigi <4th Duca di Cassano (Napoli)>",2642,R390,person,1747 - 1825,http://thesaurus.cerl.org/record/cnp01427218 | https://www.treccani.it/enciclopedia/serra-di-cassano-luigi_(Dizionario-Biografico) | https://lccn.loc.gov/no2012013657,"[{""characterisation"":[""ari""],""dates"":""1747 - 1825"",""externalId"":[""http://thesaurus.cerl.org/record/cnp01427218"",""https://www.treccani.it/enciclopedia/serra-di-cassano-luigi_(Dizionario-Biografico)"",""https://lccn.loc.gov/no2012013657""],""gender"":""1002"",""name"":""Serra, Luigi <4th Duca di Cassano (Napoli)>"",""ownerId"":""2642"",""role"":""R390"",""type"":""person"",""variants"":[""Serra, Luigi, Duca di Cassano"",""Cassano Serra, Luigi, duca di Cassano"",""Serra, Luigi, 4th Duca di Cassano (Napoli)""]}]",,,,,,,,,,,,,,,,,,,,1,
02000285-p003,02000285,3,1819,1834,19,a,,a,a,"Dibdin, Cassano, p. 79 no. 120.",e-uk,1,"Spencer, George John",00014395,R390,person,1758-1834,,"[{""characterisation"":[""ari""],""dates"":""1758-1834"",""gender"":""1002"",""name"":""Spencer, George John"",""note"":""2nd Earl Spencer"",""ownerId"":""00014395"",""professionOrType"":[""pol""],""role"":""R390"",""type"":""person"",""variants"":[""Spencer, George John, 2nd Earl Spencer""]}]",,,,,,,,,,,,,,,,,,,,1,
02000285-p004,02000285,4,1892,1899,19,a,,,a,"The Spencer collection was purchased in 1892 to become part of the John Rylands Library of Manchester, which she founded in 1899 as a memorial to her husband.",e-uk,1,"Rylands, Enriqueta Augustina",00030211,R320,person,1843-1908,http://thesaurus.cerl.org/record/cnp01427217,"[{""characterisation"":[""noc""],""dates"":""1843-1908"",""externalId"":[""http://thesaurus.cerl.org/record/cnp01427217""],""gender"":""1001"",""name"":""Rylands, Enriqueta Augustina"",""note"":""3rd wife of John Rylands 1801-1888"",""ownerId"":""00030211"",""role"":""R320"",""type"":""person"",""variants"":[""Rylands, Enriqueta Augustina "",""Tennant, Enriqueta Augustina""]}]",,,,,,,,,,,,,,,,,,,,1,
02000285-p005,02000285,5,1899,,19,,,,,,e-uk,1,"Manchester, John Rylands University Library",00016201,R399,corporate,1899-,,"[{""characterisation"":[""noc""],""dates"":""1899-"",""name"":""Manchester, John Rylands University Library"",""ownerId"":""00016201"",""professionOrType"":[""lib""],""role"":""R399"",""type"":""corporate"",""variants"":[""John Rylands Library""]}]",,,,,,,,,,,,,,,,,,,,1,
02010267-p001,02010267,1,1501,,16,a,k,c,,,,0,,,,,,,,,t,a,,a,,,,,,,,,,,,,,,0,"{""edges"":""b"",""furniture"":0,""gauffered"":""d"",""writingOnEdges"":""d""}"
02010267-p002,02010267,2,,,,,,,,,e-sp,1,"Madrid, Real Biblioteca",2684,R399,corporate,,"http://thesaurus.cerl.org/record/cnc00007520 | https://aeolus.bodleian.ox.ac.uk/collections/incunables/provenances_for_mei.xml#xpointer(//*[@id=""10005""])","[{""externalId"":[""http://thesaurus.cerl.org/record/cnc00007520"",""https://aeolus.bodleian.ox.ac.uk/collections/incunables/provenances_for_mei.xml#xpointer(//*[@id=\""10005\""])""],""name"":""Madrid, Real Biblioteca"",""ownerId"":2684,""role"":""R399"",""type"":""corporate"",""variants"":[""Madrid, Palacio Real, Biblioteca "",""Biblioteca de Palacio, Madrid"",""Biblioteca del Palacio Real, Madrid"",""Library of the Royal Palace, Madrid"",""Palacio Real, Madrid, Library"",""Palacio Real, Madrid, Real Biblioteca""]}]",,,,,,,,,,,,,,,,,,,,0,
02010270-p001,02010270,1,,,,a,k,c,,,,0,,,,,,,,,t,a,,a,,,,,,,,,,,,,,,0,"{""edges"":""b"",""gauffered"":""d"",""writingOnEdges"":""d""}"
02010270-p002,02010270,2,,,,,,,,,e-sp,1,"Madrid, Real Biblioteca",2684,R399,corporate,,"http://thesaurus.cerl.org/record/cnc00007520 | https://aeolus.bodleian.ox.ac.uk/collections/incunables/provenances_for_mei.xml#xpointer(//*[@id=""10005""])","[{""externalId"":[""http://thesaurus.cerl.org/record/cnc00007520"",""https://aeolus.bodleian.ox.ac.uk/collections/incunables/provenances_for_mei.xml#xpointer(//*[@id=\""10005\""])""],""name"":""Madrid, Real Biblioteca"",""ownerId"":2684,""role"":""R399"",""type"":""corporate"",""variants"":[""Madrid, Palacio Real, Biblioteca "",""Biblioteca de Palacio, Madrid"",""Biblioteca del Palacio Real, Madrid"",""Library of the Royal Palace, Madrid"",""Palacio Real, Madrid, Library"",""Palacio Real, Madrid, Real Biblioteca""]}]",,,,,,,,,,,,,,,,,,,,0,
02010268-p001,02010268,1,,,,a,k,c,,,,0,,,,,,,,,t,a,,a,,,,,,,,,,,,,,,0,"{""edges"":""b"",""gauffered"":""d"",""writingOnEdges"":""d""}"
02010268-p002,02010268,2,,,,,,,,,e-sp,1,"Madrid, Real Biblioteca",2684,R399,corporate,,"http://thesaurus.cerl.org/record/cnc00007520 | https://aeolus.bodleian.ox.ac.uk/collections/incunables/provenances_for_mei.xml#xpointer(//*[@id=""10005""])","[{""externalId"":[""http://thesaurus.cerl.org/record/cnc00007520"",""https://aeolus.bodleian.ox.ac.uk/collections/incunables/provenances_for_mei.xml#xpointer(//*[@id=\""10005\""])""],""name"":""Madrid, Real Biblioteca"",""ownerId"":2684,""role"":""R399"",""type"":""corporate"",""variants"":[""Madrid, Palacio Real, Biblioteca "",""Biblioteca de Palacio, Madrid"",""Biblioteca del Palacio Real, Madrid"",""Library of the Royal Palace, Madrid"",""Palacio Real, Madrid, Library"",""Palacio Real, Madrid, Real Biblioteca""]}]",,,,,,,,,,,,,,,,,,,,0,
02010271-p001,02010271,1,,,,a,k,c,,,,0,,,,,,,,,t,a,,a,,,,,,,,,,,,,,,0,"{""edges"":""b"",""gauffered"":""d"",""writingOnEdges"":""d""}"
02010271-p002,02010271,2,,,,,,,,,e-sp,1,"Madrid, Real Biblioteca",2684,R399,corporate,,"http://thesaurus.cerl.org/record/cnc00007520 | https://aeolus.bodleian.ox.ac.uk/collections/incunables/provenances_for_mei.xml#xpointer(//*[@id=""10005""])","[{""externalId"":[""http://thesaurus.cerl.org/record/cnc00007520"",""https://aeolus.bodleian.ox.ac.uk/collections/incunables/provenances_for_mei.xml#xpointer(//*[@id=\""10005\""])""],""name"":""Madrid, Real Biblioteca"",""ownerId"":2684,""role"":""R399"",""type"":""corporate"",""variants"":[""Madrid, Palacio Real, Biblioteca "",""Biblioteca de Palacio, Madrid"",""Biblioteca del Palacio Real, Madrid"",""Library of the Royal Palace, Madrid"",""Palacio Real, Madrid, Library"",""Palacio Real, Madrid, Real Biblioteca""]}]",,,,,,,,,,,,,,,,,,,,0,
02010269-p001,02010269,1,,,,a,k,c,,,,0,,,,,,,,,t,a,,a,,,,,,,,,,,,,,,0,"{""edges"":""b"",""gauffered"":""d"",""writingOnEdges"":""d""}"
02010269-p002,02010269,2,,,,,,,,,e-sp,1,"Madrid, Real Biblioteca",2684,R399,corporate,,"http://thesaurus.cerl.org/record/cnc00007520 | https://aeolus.bodleian.ox.ac.uk/collections/incunables/provenances_for_mei.xml#xpointer(//*[@id=""10005""])","[{""externalId"":[""http://thesaurus.cerl.org/record/cnc00007520"",""https://aeolus.bodleian.ox.ac.uk/collections/incunables/provenances_for_mei.xml#xpointer(//*[@id=\""10005\""])""],""name"":""Madrid, Real Biblioteca"",""ownerId"":2684,""role"":""R399"",""type"":""corporate"",""variants"":[""Madrid, Palacio Real, Biblioteca "",""Biblioteca de Palacio, Madrid"",""Biblioteca del Palacio Real, Madrid"",""Library of the Royal Palace, Madrid"",""Palacio Real, Madrid, Library"",""Palacio Real, Madrid, Real Biblioteca""]}]",,,,,,,,,,,,,,,,,,,,0,
00560456-p001,00560456,1,,,,,,,,,,1,"Aerlebout, Petrus, Pastor in Driel",00019460,R390,person,fl. 1682,,"[{""dates"":""fl. 1682"",""name"":""Aerlebout, Petrus, Pastor in Driel"",""ownerId"":""00019460"",""role"":""R390"",""type"":""person""}]",,,,,,,,,,,,,,,,,,,,0,
00560456-p002,00560456,2,,,,,,,,,,1,"Freeling, Francis, Sir",00019461,R390,person,1764-1836,,"[{""dates"":""1764-1836"",""name"":""Freeling, Francis, Sir"",""ownerId"":""00019461"",""role"":""R390"",""type"":""person"",""variants"":[""Sir Francis, first baronet Freeling""]}]",,,,,,,,,,,,,,,,,,,,0,
00560456-p003,00560456,3,,,,,,,,,,1,"Sandars, Samuel",00018468,R390,person,1837-1894,,"[{""dates"":""1837-1894"",""name"":""Sandars, Samuel"",""ownerId"":""00018468"",""role"":""R390"",""type"":""person""}]",,,,,,,,,,,,,,,,,,,,0,
00560456-p004,00560456,4,,,,,,,,,,1,"Thomas, William Jones",00018710,R390,person,1811-1886,,"[{""dates"":""1811-1886"",""name"":""Thomas, William Jones"",""ownerId"":""00018710"",""role"":""R390"",""type"":""person""}]",,,,,,,,,,,,,,,,,,,,0,
00560456-p005,00560456,5,,,,,,,,,,1,Klooster St. Ursula te Schiedam,00019462,R390,corporate,,,"[{""name"":""Klooster St. Ursula te Schiedam"",""ownerId"":""00019462"",""role"":""R390"",""type"":""corporate""}]",,,,,,,,,,,,,,,,,,,,0,
00560456-p006,00560456,6,,,,a,,,,"Inc.5.E.2.2[2815]: Provenance: Bought from Thomas Toon in July 1888 for £8-0-0, using money from the Rustat Fund (note on front free end paper). First page inscribed 'P: Aerlebout Petrus Aerlebout Pastor in Driel 1682'. A similar inscription on y6r is dated '11 Junij 1682'. At the end of the volume is the inscription 'dit booc hoirt den besloten Conuenten der susteren van Sinte vrselen binnen Cschyedam Hyllegont symon Ians dochter'. Decoration: Principal initials illuminated with pink, blue and green colouring and red pen-flourishes in post-Renaissance style; nineteenth-century? Other initials supplied in alternating blue and red; capital strokes supplied and headings underlined in red. Device hand coloured. UkCU,SSS.19.16: Provenance: Bookplates of Francis Freeling and Samuel Sandars; printed label (1896) of Sandars bequest. In the possession of 'a gentleman at Harlem' in 1756 when it was examined on behalf of Jacob Bryant. No. 1171 in Freeling's sale catalogue (1836). Subsequently lot 202 in the sale of W. Jones Thomas (1891); bought from Ridler by Sandars in December of that year for £7.10s. See The Library, 5th series, II, p. 194-195 and III, p. 65-66. Annotations: Notes on front free end papers in the hands of Freeling and Sandars. On second front fly leaf verso a forged provenance inscription in an eighteenth-century hand: 'Ex Liber [sic] Monasterii Harlamei'. On d6r a further forged inscription in Dutch signed 'Gherard tomasz pieters zoe[n]' purporting to record the purchase of this volume from his cousin 'coster ian zoe[n]'.  MS text in Dutch, probably genuine, on k4v. At the end is a forged colophon, apparently stamped from a block: '[G]epre[n]t toe harlem bi mi laur[en]z ia[n]zon coster. m.cccc.l.' Decoration: Principal initials supplied in blue with flourishes in red and green. Other initials supplied in alternating red and blue. The forged colophon is decorated in a similar style.",e-uk-en,1,Cambridge University Library,3463,R390,corporate,,http://thesaurus.cerl.org/record/cnc00002301,"[{""characterisation"":[""noc""],""externalId"":[""http://thesaurus.cerl.org/record/cnc00002301""],""name"":""Cambridge University Library"",""ownerId"":3463,""professionOrType"":[""lib""],""role"":""R390"",""type"":""corporate"",""variants"":[""Cambridge, University, Library"",""University Library, Cambridge"",""University of Cambridge, Cambridge University Library"",""University of Cambridge, Library"",""University of Cambridge, University Library""]}]",,,,,,,,,,,,,,,,,,,,1,
00560457-p001,00560457,1,,,,a,,,,"Inc.5.E.2.2[2815]: Provenance: Bought from Thomas Toon in July 1888 for £8-0-0, using money from the Rustat Fund (note on front free end paper). First page inscribed 'P: Aerlebout Petrus Aerlebout Pastor in Driel 1682'. A similar inscription on y6r is dated '11 Junij 1682'. At the end of the volume is the inscription 'dit booc hoirt den besloten Conuenten der susteren van Sinte vrselen binnen Cschyedam Hyllegont symon Ians dochter'. Decoration: Principal initials illuminated with pink, blue and green colouring and red pen-flourishes in post-Renaissance style; nineteenth-century? Other initials supplied in alternating blue and red; capital strokes supplied and headings underlined in red. Device hand coloured. UkCU,SSS.19.16: Provenance: Bookplates of Francis Freeling and Samuel Sandars; printed label (1896) of Sandars bequest. In the possession of 'a gentleman at Harlem' in 1756 when it was examined on behalf of Jacob Bryant. No. 1171 in Freeling's sale catalogue (1836). Subsequently lot 202 in the sale of W. Jones Thomas (1891); bought from Ridler by Sandars in December of that year for £7.10s. See The Library, 5th series, II, p. 194-195 and III, p. 65-66. Annotations: Notes on front free end papers in the hands of Freeling and Sandars. On second front fly leaf verso a forged provenance inscription in an eighteenth-century hand: 'Ex Liber [sic] Monasterii Harlamei'. On d6r a further forged inscription in Dutch signed 'Gherard tomasz pieters zoe[n]' purporting to record the purchase of this volume from his cousin 'coster ian zoe[n]'.  MS text in Dutch, probably genuine, on k4v. At the end is a forged colophon, apparently stamped from a block: '[G]epre[n]t toe harlem bi mi laur[en]z ia[n]zon coster. m.cccc.l.' Decoration: Principal initials supplied in blue with flourishes in red and green. Other initials supplied in alternating red and blue. The forged colophon is decorated in a similar style.",e-uk-en,1,Cambridge University Library,3463,R390,corporate,,http://thesaurus.cerl.org/record/cnc00002301,"[{""characterisation"":[""noc""],""externalId"":[""http://thesaurus.cerl.org/record/cnc00002301""],""name"":""Cambridge University Library"",""ownerId"":3463,""professionOrType"":[""lib""],""role"":""R390"",""type"":""corporate"",""variants"":[""Cambridge, University, Library"",""University Library, Cambridge"",""University of Cambridge, Cambridge University Library"",""University of Cambridge, Library"",""University of Cambridge, University Library""]}]",,,,,,,,,,,,,,,,,,,,1,
02101705-p001,02101705,1,1480,1500,15,a,l,a,g,,,1,Anonymous,00017233,R680,person,1480-1550,,"[{""characterisation"":[""unk""],""dates"":""1480-1550"",""gender"":""1003"",""name"":""Anonymous"",""ownerId"":""00017233"",""professionOrType"":[""unk""],""role"":""R680"",""type"":""person""}]",,,,,,,,,,,"Initials and capital letters in red and blue ink. Larger initials are decorated with penwork in red, blue and green ink. Paragraphs and underlining in red.",,,,,,,,,0,"{""hasOrnamentalLetters"":""1"",""hasPenInitials"":""1"",""hasRubrication"":""1""}"
02101705-p002,02101705,2,1480,1550,15 | 16,a,k,a,g,,,1,,,R110,,,,"[{""role"":""R110""}]","15th, 16th century calfskin binding with blind tooling on both boards consisting of diagonal lines. Remains of two clasps. Repaired spine with gold tooled titling.",s,c,e,b,c,,,,,,,,,,,,,,0,"{""edges"":""d"",""furniture"":""1"",""gauffered"":""d"",""titling"":[""b""],""tooling"":""c"",""writingOnEdges"":""d""}"
02101705-p003,02101705,3,1450,1550,15 | 16,a,a,a,x,,e-ne,1,"Geensoon, Ahram",00017750,R390,person,1450-1550,,"[{""characterisation"":[""unk""],""dates"":""1450-1550"",""gender"":""1002"",""name"":""Geensoon, Ahram"",""ownerId"":""00017750"",""professionOrType"":[""unk""],""role"":""R390"",""type"":""person"",""variants"":[""Geen soon, Ahram"",""Geen soon, Shrsm""]}]",,,,,,,,,,,,,On the verso of the last folio in manuscript: 'dijt boock hoort toe ahram geen soon'.,,,,,,,0,"{""hasAutograph"":""1""}"
02101705-p004,02101705,4,1600,1700,16 | 17,a,a,a,x,,e-ne,1,"Kemp, Mychiel Pieterszoon van",00017751,R390,person,1600-1700,,"[{""characterisation"":[""unk""],""dates"":""1600-1700"",""gender"":""1002"",""name"":""Kemp, Mychiel Pieterszoon van"",""ownerId"":""00017751"",""professionOrType"":[""unk""],""role"":""R390"",""type"":""person"",""variants"":[""Kemp, Michiel Pieterszoon van""]}]",,,,,,,,,,,,,On the verso of the last folio in manuscript: 'mychiel pieters z(oon) van kemp zgh'; mychie(l) p s (z)'.,,,,,,,0,"{""hasAutograph"":""1""}"
02101705-p005,02101705,5,1745,1804,18 | 19,a,m | s,a,x,"The manuscript notes on the front end leaf are ascribed to Visser. This book is mentioned in the list of incunabula acquired from the collection of Jacob Visser, see inc. 157 in: Catalogus der verzameling van […] wijlen den heer Mr. J. Visser […] voor de Koninklijke Bibliotheek […] aangekocht en overgenomen. [Den Haag, ca. 1809-1810] (The Hague, KB, 77 K 27). ",e-ne,1,"Visser, Jacob",00016480,R390,person,1724-1804,,"[{""characterisation"":[""noc""],""dates"":""1724-1804"",""gender"":""1002"",""name"":""Visser, Jacob"",""ownerId"":""00016480"",""professionOrType"":[""law""],""role"":""R390"",""type"":""person""}]",,,,,,,,,,,,,,,,,,,1809,1,
02101705-p006,02101705,6,1809,,19,a,h | o | s,a,a,"Acquired from the collection of Jacob Visser, see inc. 157 in: Catalogus der verzameling van […] wijlen den heer Mr. J. Visser […] voor de Koninklijke Bibliotheek […] aangekocht en overgenomen [The Hague, ca. 1809-1810] (The Hague, KB, 77 K 27).",e-ne,1,Koninklijke Bibliotheek - Nationale Bibliotheek van Nederland,4014,R399,corporate,1798-,http://thesaurus.cerl.org/record/cnc00011239,"[{""characterisation"":[""noc""],""dates"":""1798-"",""externalId"":[""http://thesaurus.cerl.org/record/cnc00011239""],""name"":""Koninklijke Bibliotheek - Nationale Bibliotheek van Nederland"",""ownerId"":""4014"",""professionOrType"":[""lib""],""role"":""R399"",""type"":""corporate"",""variants"":[""The Hague, Koninklijke Bibliotheek"",""Den Haag, Koninklijke Bibliotheek"",""Den Haag, KB""]}]",,,,,,,,,,,,,,"Stamp of KB, used between 1867-1880. See: https://www.kb.nl/sites/default/files/150e13.jpg","[{""note"":""178 [Olim]""}]",5 - 15 -,Guilders,,1809,1,
02149728-p001,02149728,1,1480,1500,15,a,l,a | c,,,e-ne,1,"Anonymous rubricator, Netherlands",,R680,person,fl. 1480-1500,,"[{""characterisation"":[""unk""],""dates"":""fl. 1480-1500"",""gender"":""1003"",""name"":""Anonymous rubricator, Netherlands"",""professionOrType"":[""bkt""],""role"":""R680"",""type"":""person""}]",,,,,,,,,,"Large capitals supplied in red and blue with decorative penwork, sometimes with an elaborate penwork border. Much of the blue work is affected by damp","Capitals and paragraph-marks supplied in red and blue, capital-strokes and underlines in red",,,,,,,,,0,"{""hasOrnamentalLetters"":""1"",""hasPenInitials"":""1""}"
02149728-p002,02149728,2,1718,1753,18,a,s,a | g,,"Entered in Sloane's library catalogue BL Sloane MS 3972C vol.5 p.1671 (as ""Pope Johns Liturgie in Dutch with colour'd initial Letters and some figures"") with the library number c 292, implying an acquisition around 1718.",e-uk,1,"Sloane, Sir Hans",00014339,R390,person,1660 - 1753,https://aeolus.bodleian.ox.ac.uk/collections/incunables/provenances_for_mei.xml#xpointer(//*[@id= | http://www.bl.uk/catalogues/sloane/ | http://thesaurus.cerl.org/record/cnp01337565,"[{""characterisation"":[""ari""],""dates"":""1660 - 1753"",""externalId"":[""https://aeolus.bodleian.ox.ac.uk/collections/incunables/provenances_for_mei.xml#xpointer(//*[@id="",""http://www.bl.uk/catalogues/sloane/"",""http://thesaurus.cerl.org/record/cnp01337565""],""gender"":""1002"",""name"":""Sloane, Sir Hans"",""ownerId"":""00014339"",""professionOrType"":[""phy""],""role"":""R390"",""type"":""person""}]",,,,,,,,,,,,,,,,,,,,1,
02149728-p003,02149728,3,1753,,18,a,h,a | c,a,With the black MVSEVM BRITANNICVM stamp applied to books bought from Sloane's executors,e-uk,1,"London, British Museum Library, since 1973 The British Library",3442,R399,corporate,1753-,https://aeolus.bodleian.ox.ac.uk/collections/incunables/provenances_for_mei.xml#xpointer(//*[@id= | http://www.bl.uk/reshelp/findhelprestype/prbooks/provenanceresearch/provenanceresearch.html,"[{""characterisation"":[""noc""],""dates"":""1753-"",""externalId"":[""https://aeolus.bodleian.ox.ac.uk/collections/incunables/provenances_for_mei.xml#xpointer(//*[@id="",""http://www.bl.uk/reshelp/findhelprestype/prbooks/provenanceresearch/provenanceresearch.html""],""name"":""London, British Museum Library, since 1973 The British Library"",""ownerId"":""3442"",""professionOrType"":[""lib""],""role"":""R399"",""type"":""corporate"",""variants"":[""British Museum, London, Bibliotheca Britannica"",""British Museum, London, King's Library"",""King's Library, London"",""British Museum. Department of Printed Books"",""British Museum. Department of Manuscripts""]}]",Bound at the British Museum bindery in 1939 in blind-tooled half brown goatskin and bookcloth over board. A crown has been tooled in blind on the upper board,x,c,b,k,g,,,,,,,,,,,,,,1,"{""edges"":""d"",""titling"":[""b""],""tooling"":""a""}"
02150602-p001,02150602,1,1480,1550,15 | 16,a,k | l,a,x,,,3,Anonymous | Peter Selis van Brussel,00017248 | 00038192,R680 | R110,person,1450-1550,,"[{""characterisation"":[""unk""],""dates"":""1450-1550"",""gender"":""1003"",""name"":""Anonymous"",""ownerId"":""00017248"",""professionOrType"":[""unk""],""role"":""R680"",""type"":""person""},{""characterisation"":[""rel""],""dates"":""1450-1550"",""gender"":""1002"",""name"":""Peter Selis van Brussel"",""note"":""Inscription in red on last flyleaf: \""Biddet voer broeder peter selis [van] bruesel om godes willen amen\""."",""ownerId"":""00038192"",""professionOrType"":[""unk""],""role"":""R680"",""type"":""person"",""variants"":[""Selis, Peter, van Brussel"",""Frater Peter Selis, Petrus Selis""]},{""characterisation"":[""unk""],""dates"":""1450-1550"",""gender"":""1003"",""name"":""Anonymous"",""ownerId"":""00017248"",""professionOrType"":[""unk""],""role"":""R110"",""type"":""person""}]","Brown calf, half leather binding with spine in lighter leather. Late fifteenth-century binding. Blind tooled, double fillet lines with diamonds and individual tools (flowers and letter 's') on front and back board. Remnants of clasps on both boards, wants metal fastenings. Severely worn front and back, tooling worn.",s,c,a,b,c,191,131,62,,"Red rubrication for large initials, capital strokes, paragraph marks and underlining.",,,,,,,,,0,"{""edges"":""d"",""furniture"":""1"",""gauffered"":""d"",""titling"":[""z""],""tooling"":""a"",""writingOnEdges"":""d""}"
02150602-p002,02150602,2,1480,1530,15 | 16,a,a,a,x,"Inscription on last flyleaf: 'Dyt boeck hoert toe suster fennen oerschen [or: fenne noerschen] ende suster griet ternagelis'. In red, above: ""Biddet voer broeder peter selis [van] bruesel om godes willen amen"".",e-ne,2,"Oerschen, Fennen | Ternagelis, Griet",00037120 | 00037121,R390,person,1430-1530,,"[{""dates"":""1430-1530"",""gender"":""1001"",""name"":""Oerschen, Fennen"",""ownerId"":""00037120"",""role"":""R390"",""type"":""person"",""variants"":[""Suster Fennen Oerschen""]},{""dates"":""1430-1530"",""gender"":""1001"",""name"":""Ternagelis, Griet"",""ownerId"":""00037121"",""role"":""R390"",""type"":""person"",""variants"":[""Suster Griet Ternagelis""]}]",,,,,,,,,,,,,"On fol. ff6 verso: ""Du hebste hem verleent broet vanden hemel: Dat alle genoechlicheit in hem heft / collecte suecht in die tercie"". On flyleaf at the back: probationes pennae.",,,,,,,0,"{""hasMsLectureNotes"":""1"",""msFrequency"":""a"",""msLocation"":""d""}"
02150602-p003,02150602,3,1560,,16,a,h | o,a,x,"Shelfmark in pencil on front pastedown, a1 recto.",e-ne,1,"Deventer, Athenaeumbibliotheek",00029266,R399,corporate,1560-,,"[{""characterisation"":[""noc""],""dates"":""1560-"",""gender"":""1003"",""name"":""Deventer, Athenaeumbibliotheek "",""ownerId"":""00029266"",""professionOrType"":[""lib""],""role"":""R399"",""type"":""corporate"",""variants"":[""Deventer, Stadsarchief en Athenaeumbibliotheek"",""Deventer, Stads- of Athenaeumbibliotheek"",""Deventer, AB"",""Deventer, SAB""]}]",,,,,,,,,,,,,,"""Deventer Bibliotheek"" on fols. a1 recto and FF8 verso.",,,,,,1,
02101580-p001,02101580,1,1451,1500,15,a,l,a,g,,,1,Anonymous,00016856,R680,person,1451-1500,,"[{""characterisation"":[""unk""],""dates"":""1451-1500"",""gender"":""1003"",""name"":""Anonymous "",""ownerId"":""00016856"",""professionOrType"":[""unk""],""role"":""R680"",""type"":""person""}]",,,,,,,,,,,Initials in red and some in blue. Capital letters in red. Underlining of words and sentences. Marking of capital letters.,,,,,,,,,0,"{""hasPenInitials"":""1"",""hasRubrication"":""1""}"
02101580-p002,02101580,2,1701,1800,18,a,k,a,g,,,1,Anonymous,00016848,R110,person,1701-1800,,"[{""characterisation"":[""unk""],""dates"":""1701-1800"",""gender"":""1003"",""name"":""Anonymous"",""ownerId"":""00016848"",""professionOrType"":[""unk""],""role"":""R110"",""type"":""person""}]",Half leather binding with brown marbled paper and gold tooling on spine. Green edges.,v,c,b,k,g,,,,,,,,,,,,,,0,"{""edges"":""b"",""gauffered"":""d"",""titling"":[""z""],""tooling"":""b"",""writingOnEdges"":""d""}"
02101580-p003,02101580,3,1812,1879,19,a,m | s,a,x," Sold at the auction of W. Moll, Amsterdam, F. Muller & Co., 7 June 1880. Auction catalogue: The Hague, KB, Shelfmark Verz.Cat 5626, nr. 687.
",e-ne,1,"Moll, Willem",00016675,R390,person,1812-1879,,"[{""characterisation"":[""rel""],""dates"":""1812-1879"",""gender"":""1002"",""name"":""Moll, Willem"",""ownerId"":""00016675"",""professionOrType"":[""ule""],""role"":""R390"",""type"":""person""}]",,,,,,,,,,,,,Manuscript notes on the front endleaves with information about the book. Signed: '5 maart 1878. W. Moll'. ,,,,,,1887,1,
02101580-p004,02101580,4,1880,1880,19,a,s,a,g," Auctioneer at the auction of W. Moll, Amsterdam,, 7 June 1880. Auction catalogue: The Hague, KB, Shelfmark Verz.Cat 5626, nr. 687.",e-ne,1,Frederik Muller & Co.,4714,R065,corporate,,http://thesaurus.cerl.org/record/cnc00026196,"[{""characterisation"":[""noc""],""externalId"":[""http://thesaurus.cerl.org/record/cnc00026196""],""name"":""Frederik Muller & Co."",""ownerId"":""4714"",""professionOrType"":[""bkt""],""role"":""R065"",""type"":""corporate"",""variants"":[""Amsterdam, Frederik Muller & Co."",""Frederik Muller & Cie"",""Frederik Mueller & Co"",""Mensing & Fils"",""Muller-Mensing"",""Frederic Muller"",""Mensing & Zoon"",""Fred. Muller & Co""]}]",,,,,,,,,,,,,,,,,,,,1,
02101580-p005,02101580,5,1880,,19,a,h | o | s,a,a,"Acquired at the auction of W. Moll, Amsterdam, F. Muller & Co., 7 June 1880. Auction catalogue: The Hague, KB, Shelfmark Verz.Cat 5626, nr. 687.
See: Jaarverslag 1880, p. 119 (Annual report, 1880, The Hague, KB, Archives). ",e-ne,1,Koninklijke Bibliotheek - Nationale Bibliotheek van Nederland,4014,R399,corporate,1798-,http://thesaurus.cerl.org/record/cnc00011239,"[{""characterisation"":[""noc""],""dates"":""1798-"",""externalId"":[""http://thesaurus.cerl.org/record/cnc00011239""],""name"":""Koninklijke Bibliotheek - Nationale Bibliotheek van Nederland"",""ownerId"":""4014"",""professionOrType"":[""lib""],""role"":""R399"",""type"":""corporate"",""variants"":[""The Hague, Koninklijke Bibliotheek"",""Den Haag, Koninklijke Bibliotheek"",""Den Haag, KB""]}]",,,,,,,,,,,,,,,"[{""note"":""23c [olim]""}]",,,,1880,1,"{""msFrequency"":""b"",""msLocation"":""d""}"
00560459-p001,00560459,1,,,,a,,,,"Inc.5.E.2.2[2821]: Provenance: Lot 693 in the Enschedé sale (Haarlem, 1867). According to a note by Henry Bradshaw in the Library's copy of the catalogue 'Later in Phillipps Sale, 1869'; however, Bradshaw's note in the item to the same effect is cancelled and probably results from a confusion with Oates 3661 (also an Enschedé item). According to another note in Bradshaw's hand 'entered in the Rustat ledger 1869 p. 91'. Decoration: Leaves aa1r, A1r and p2r extensively decorated with pen flourishes in red and blue; large initials on these pages supplied in red, blue and yellow; other principal initials supplied in red and blue with less extensive pen flourishes; in-text initials supplied in alternating red and blue; paragraph marks supplied and headings underlined in red. Annotations: Note signed 'J.E[nschedé]' at end. UkCU,Inc.5.E.2.2[2822]: Provenance: Lot 715 in the sale of G.-H.-M. Delprat (Hague, 1872). Bought with money from the Rustat Fund? Decoration: Principal initials supplied in red and blue with pen flourishes in red; other initials supplied in alternating red and blue; capital strokes supplied and headings underlined in red. UkCU,Inc.5.E.2.2[2815]: Provenance: Volume bought from Thomas Toon in July 1888 for £8-0-0, using money from the Rustat Fund. First item in volume inscribed 'P: Aerlebout Petrus Aerlebout Pastor in Driel 1682'. Leaf ff8r inscribed: 'dit booc hoirt den besloten Conuenten der susteren van Sinte vrselen binnen Cschyedam Hyllegont symon Ians dochter'. Two hand-painted shields below. Decoration: First initial illuminated with pink, blue and green colouring and red pen-flourishes in post-Renaissance style; nineteenth-century? Other initials supplied in alternating blue and red; capital strokes supplied and headings underlined in red.",e-uk-en,1,Cambridge University Library,3463,R390,corporate,,http://thesaurus.cerl.org/record/cnc00002301,"[{""characterisation"":[""noc""],""externalId"":[""http://thesaurus.cerl.org/record/cnc00002301""],""name"":""Cambridge University Library"",""ownerId"":3463,""professionOrType"":[""lib""],""role"":""R390"",""type"":""corporate"",""variants"":[""Cambridge, University, Library"",""University Library, Cambridge"",""University of Cambridge, Cambridge University Library"",""University of Cambridge, Library"",""University of Cambridge, University Library""]}]",,,,,,,,,,,,,,,,,,,,1,
02101376-p001,02101376,1,1451,1500,15,a,k | l,a,x,,e-ne,2,Anonymous,00016919,R430 | R110,person,1451-1500,,"[{""characterisation"":[""unk""],""dates"":""1451-1500"",""gender"":""1003"",""name"":""Anonymous"",""ownerId"":""00016919"",""role"":""R430"",""type"":""person"",""variants"":[""Anonymous, Netherlands""]},{""characterisation"":[""unk""],""dates"":""1451-1500"",""gender"":""1003"",""name"":""Anonymous"",""ownerId"":""00016919"",""role"":""R110"",""variants"":[""Anonymous, Netherlands""]}]","Calfskin binding on woorden boards, blind tooled. Rests of metal furniture.",s,c,e,b,c,,,,,"Ornamental letters in blue and red with red, blue and green penwork. Penwork decorations in blue, red and green. Rubrication in red and blue ink: initials, paragraph signs, capital strokes.",,,,,,,,,1,"{""bindingDescription"":[""http://opc4.kb.nl/DB=1/CMD?ACT=SRCH&IKT=12&SRT=YOP&TRM=401681327""],""edges"":""d"",""furniture"":""1"",""gauffered"":""d"",""hasOrnamentalLetters"":""1"",""hasRubrication"":""1"",""tooling"":""a"",""writingOnEdges"":""d""}"
02101376-p002,02101376,2,1645,1723,17 | 18,a,l | m,a,c,"Vander Meersche possessed a collection of incunabula he inherited from his ancestors. See on Pieter vander Meersche: Marieke van Delft, 'Een Leidse boekhandelaar en zijn bibliotheek rond 1700: Pieter vander Meersche', in: Marieke van Delft, Van wiegendruk tot world wide web. Zutphen 2015, p. 73-104.",e-ne,1,"Meersche, Pieter vander",00016943,R390,person,1645 - 1723,http://thesaurus.cerl.org/record/cni00013533,"[{""characterisation"":[""noc""],""dates"":""1645 - 1723"",""externalId"":["" http://thesaurus.cerl.org/record/cni00013533""],""gender"":""1002"",""name"":""Meersche, Pieter vander"",""ownerId"":""00016943"",""professionOrType"":[""bkt""],""role"":""R390"",""type"":""person"",""variants"":[""Meersche, Pieter van der"",""Meersch, Pieter van der"",""Pratanus, Pieter"",""PVM""]}]",,,,,,,,,,"Some 17th/18th century engravings are pasted in the book, significant for Vander Meersche's handling of his books. Pasted on fol. ii recto, back pastedown.",,,Fol. 1 recto: manuscript notes in black ink of  P. V. M. [Pieter vander Meersche] on characteristics of early printed books: they did not print a title and could not print in colour. Further two poems in his hand. Numbering of pages in black ink.,,,,,,,1,"{""hasMsComments"":""1"",""hasMsStructuring"":""1"",""hasPersonalNotes"":""1"",""msFrequency"":""a"",""msLocation"":""c""}"
02101376-p003,02101376,3,1724,1804,18 | 19,a,m | s,a,,"Mentioned in the list of books bought from the collection of Jacob Visser, see: P.R. Feith, Catalogus der verzameling van […] wijlen den heer Mr. J. Visser […] voor de Koninklijke Bibliotheek […] aangekocht en overgenomen"". [Den Haag, ca. 1809-1810]. (The Hague, KB, 77 K 27), nr  inc. 218.",e-ne,1,"Visser, Jacob",00016480,R390,person,1724-1804,,"[{""characterisation"":[""noc""],""dates"":""1724-1804"",""gender"":""1002"",""name"":""Visser, Jacob"",""ownerId"":""00016480"",""professionOrType"":[""law""],""role"":""R390"",""type"":""person""}]",,,,,,,,,,,,,In the back of the book a leaf is pasted with notes of Jacob Visser.,,,,,,,1,"{""hasMsCompletions"":""1""}"
02101376-p004,02101376,4,,,,a,s,a,,,,1,"Flament, Charles Sulpice",00016641,,person,1758-1855,http://thesaurus.cerl.org/record/cnp02120819,"[{""characterisation"":[""noc""],""dates"":""1758-1855 "",""externalId"":[""http://thesaurus.cerl.org/record/cnp02120819""],""gender"":""1002"",""name"":""Flament, Charles Sulpice"",""ownerId"":""00016641"",""professionOrType"":[""lic""],""type"":""person""}]",,,,,,,,,,,,,In the back of the book a leaf is pasted with notes of Flament on another copy of this edition in the collection of Bolongaro Crevenna.,,,,,,,0,
02101376-p005,02101376,5,,,,a,h | s,a,a,"Acquired in 1809 from the collection of Jacob Visser, see: P.R. Feith, Catalogus der verzameling van […] wijlen den heer Mr. J. Visser […] voor de Koninklijke Bibliotheek […] aangekocht en overgenomen"". [Den Haag, ca. 1809-1810]. (The Hague, KB, 77 K 27), nr  inc. 218.",e-ne,1,Koninklijke Bibliotheek - Nationale Bibliotheek van Nederland,4014,R390,corporate,1798-,http://thesaurus.cerl.org/record/cnc00011239,"[{""characterisation"":[""noc""],""dates"":""1798-"",""externalId"":[""http://thesaurus.cerl.org/record/cnc00011239""],""name"":""Koninklijke Bibliotheek - Nationale Bibliotheek van Nederland"",""ownerId"":""4014"",""professionOrType"":[""lib""],""role"":""R390"",""type"":""corporate"",""variants"":[""The Hague, Koninklijke Bibliotheek"",""Den Haag, Koninklijke Bibliotheek"",""Den Haag, KB""]}]",,,,,,,,,,,,,,,"[{""note"":""181""}]",,,,,1,
00560458-p001,00560458,1,,,,,,,,,,1,Enschedé family,00018566,R390,person,,,"[{""name"":""Enschedé family"",""ownerId"":""00018566"",""role"":""R390"",""type"":""person""}]",,,,,,,,,,,,,,,,,,,,0,
00560458-p002,00560458,2,,,,,,,,,,1,"Delprat, Guillaume Henri Marie",00016651,R390,person,1791-1871,http://thesaurus.cerl.org/record/cnp01259780,"[{""dates"":""1791-1871"",""externalId"":[""http://thesaurus.cerl.org/record/cnp01259780""],""name"":""Delprat, Guillaume Henri Marie"",""ownerId"":""00016651"",""role"":""R390"",""type"":""person""}]",,,,,,,,,,,,,,,,,,,,0,
00560458-p003,00560458,3,,,,,,,,,,1,"Aerlebout, Petrus, Pastor in Driel",00019460,R390,person,fl. 1682,,"[{""dates"":""fl. 1682"",""name"":""Aerlebout, Petrus, Pastor in Driel"",""ownerId"":""00019460"",""role"":""R390"",""type"":""person""}]",,,,,,,,,,,,,,,,,,,,0,
00560458-p004,00560458,4,,,,,,,,,,1,Klooster St. Ursula te Schiedam,00019462,R390,corporate,,,"[{""name"":""Klooster St. Ursula te Schiedam"",""ownerId"":""00019462"",""role"":""R390"",""type"":""corporate""}]",,,,,,,,,,,,,,,,,,,,0,
00560458-p005,00560458,5,,,,a,,,,"Inc.5.E.2.2[2821]: Provenance: Lot 693 in the Enschedé sale (Haarlem, 1867). According to a note by Henry Bradshaw in the Library's copy of the catalogue 'Later in Phillipps Sale, 1869'; however, Bradshaw's note in the item to the same effect is cancelled and probably results from a confusion with Oates 3661 (also an Enschedé item). According to another note in Bradshaw's hand 'entered in the Rustat ledger 1869 p. 91'. Decoration: Leaves aa1r, A1r and p2r extensively decorated with pen flourishes in red and blue; large initials on these pages supplied in red, blue and yellow; other principal initials supplied in red and blue with less extensive pen flourishes; in-text initials supplied in alternating red and blue; paragraph marks supplied and headings underlined in red. Annotations: Note signed 'J.E[nschedé]' at end. UkCU,Inc.5.E.2.2[2822]: Provenance: Lot 715 in the sale of G.-H.-M. Delprat (Hague, 1872). Bought with money from the Rustat Fund? Decoration: Principal initials supplied in red and blue with pen flourishes in red; other initials supplied in alternating red and blue; capital strokes supplied and headings underlined in red. UkCU,Inc.5.E.2.2[2815]: Provenance: Volume bought from Thomas Toon in July 1888 for £8-0-0, using money from the Rustat Fund. First item in volume inscribed 'P: Aerlebout Petrus Aerlebout Pastor in Driel 1682'. Leaf ff8r inscribed: 'dit booc hoirt den besloten Conuenten der susteren van Sinte vrselen binnen Cschyedam Hyllegont symon Ians dochter'. Two hand-painted shields below. Decoration: First initial illuminated with pink, blue and green colouring and red pen-flourishes in post-Renaissance style; nineteenth-century? Other initials supplied in alternating blue and red; capital strokes supplied and headings underlined in red.",e-uk-en,1,Cambridge University Library,3463,R390,corporate,,http://thesaurus.cerl.org/record/cnc00002301,"[{""characterisation"":[""noc""],""externalId"":[""http://thesaurus.cerl.org/record/cnc00002301""],""name"":""Cambridge University Library"",""ownerId"":3463,""professionOrType"":[""lib""],""role"":""R390"",""type"":""corporate"",""variants"":[""Cambridge, University, Library"",""University Library, Cambridge"",""University of Cambridge, Cambridge University Library"",""University of Cambridge, Library"",""University of Cambridge, University Library""]}]",,,,,,,,,,,,,,,,,,,,1,
02138780-p001,02138780,1,,,,,,,,,e-ne,1,"Westreenen van Tiellandt, Willem Hendrik Jacob van",00016628,R390,person,,http://thesaurus.cerl.org/record/cnp01397346 | http://thesaurus.cerl.org/record/cnp02141281 | http://thesaurus.cerl.org/record/cnp01259036,"[{""externalId"":[""http://thesaurus.cerl.org/record/cnp01397346"",""http://thesaurus.cerl.org/record/cnp02141281"",""http://thesaurus.cerl.org/record/cnp01259036""],""name"":""Westreenen van Tiellandt, Willem Hendrik Jacob van"",""ownerId"":""00016628"",""professionOrType"":[""lic""],""role"":""R390"",""type"":""person"",""variants"":[""Westreenen Van Tiellandt, Willem Hendrik Jacob van"",""Westreenen Van Tiellandt, Willem Hendrik Jacob Baron van""]}]",,,,,,,,,,,,,,,,,,,,1,
02138780-p002,02138780,2,,,,,,,,,e-ne,1,Museum Meermanno | Huis van het boek,00016814,R399,corporate,,,"[{""name"":""Museum Meermanno | Huis van het boek"",""ownerId"":""00016814"",""professionOrType"":[""lib""],""role"":""R399"",""type"":""corporate"",""variants"":[""The Hague, Museum Meermanno "",""Museum Meermanno-Westreenianum"",""Museum Meermanno | Huis van het Boek""]}]","W. Carbentus, ƒ 0: 15 (FA 031/009, post van 2-4-1825).",,,,,,,,,,,,,,,,,,,1,
02138781-p001,02138781,1,,,,,,,,,e-ne,1,"Westreenen van Tiellandt, Willem Hendrik Jacob van",00016628,R390,person,,http://thesaurus.cerl.org/record/cnp01397346 | http://thesaurus.cerl.org/record/cnp02141281 | http://thesaurus.cerl.org/record/cnp01259036,"[{""externalId"":[""http://thesaurus.cerl.org/record/cnp01397346"",""http://thesaurus.cerl.org/record/cnp02141281"",""http://thesaurus.cerl.org/record/cnp01259036""],""name"":""Westreenen van Tiellandt, Willem Hendrik Jacob van"",""ownerId"":""00016628"",""professionOrType"":[""lic""],""role"":""R390"",""type"":""person"",""variants"":[""Westreenen Van Tiellandt, Willem Hendrik Jacob van"",""Westreenen Van Tiellandt, Willem Hendrik Jacob Baron van""]}]",,,,,,,,,,,,,,,,,,,,1,
02138781-p002,02138781,2,,,,,,,,"Verwerving: veiling H. van Wijn, Den Haag, Gebr. van Cleef en B. Scheurleer, 17-2-1834, cat. p. 16, lot 8, ƒ 5, 75 (AR 3-3-1834, FA 156/006v). / Beschrijving: catalogue FA 136/062.",e-ne,1,Museum Meermanno | Huis van het boek,00016814,R399,corporate,,,"[{""name"":""Museum Meermanno | Huis van het boek"",""ownerId"":""00016814"",""professionOrType"":[""lib""],""role"":""R399"",""type"":""corporate"",""variants"":[""The Hague, Museum Meermanno "",""Museum Meermanno-Westreenianum"",""Museum Meermanno | Huis van het Boek""]}]",,,,,,,,,,,,,,,,,,,,1,
00560460-p001,00560460,1,,,,,,,,,,1,Enschedé family,00018566,R390,person,,,"[{""name"":""Enschedé family"",""ownerId"":""00018566"",""role"":""R390"",""type"":""person""}]",,,,,,,,,,,,,,,,,,,,0,
00560460-p002,00560460,2,,,,a,,,,"Bought (using monies from the Rustat Fund) for the Library by Nijhoff at the EnschedeÌ sale (lot 694), December 1867. Annotation: MS additions in red and black to calendar. Decoration: Principal initials supplied in red, blue and green with pen flourishes in red; other initials supplied in red and blue; capitals picked out and headings underlined in red.",e-uk-en,1,Cambridge University Library,3463,R390,corporate,,http://thesaurus.cerl.org/record/cnc00002301,"[{""characterisation"":[""noc""],""externalId"":[""http://thesaurus.cerl.org/record/cnc00002301""],""name"":""Cambridge University Library"",""ownerId"":3463,""professionOrType"":[""lib""],""role"":""R390"",""type"":""corporate"",""variants"":[""Cambridge, University, Library"",""University Library, Cambridge"",""University of Cambridge, Cambridge University Library"",""University of Cambridge, Library"",""University of Cambridge, University Library""]}]",Stiffened parchment.,,,,,,,,,,,,,,,,,,,1,
02101036-p001,02101036,1,1451,1500,15,a,l,a,g,,,1,Anonymous,00016856,R680,person,1451-1500,,"[{""characterisation"":[""unk""],""dates"":""1451-1500"",""gender"":""1003"",""name"":""Anonymous "",""ownerId"":""00016856"",""professionOrType"":[""unk""],""role"":""R680"",""type"":""person""}]",,,,,,,,,,,,,,,,,,,,0,"{""hasPenInitials"":""1"",""hasRubrication"":""1""}"
02101036-p002,02101036,2,,1859,15 | 16 | 17 | 18 | 19,a,s,a,x,"The register of acquisition mentions these three persons, It is not known which one of these persons owned the book. ",,3,"Lengaerts | Voorst, Jan Jacob van | Dam van Brakel, W. van",00017000 | 00016624 | 00016644,R390,person,1800-1900 | 1791-1869,,"[{""characterisation"":[""unk""],""dates"":""1800-1900"",""gender"":""1003"",""name"":""Lengaerts"",""ownerId"":""00017000"",""professionOrType"":[""unk""],""role"":""R390"",""type"":""person""},{""characterisation"":[""rel""],""dates"":""1791-1869"",""gender"":""1002"",""name"":""Voorst, Jan Jacob van"",""ownerId"":""00016624"",""professionOrType"":[""cle""],""role"":""R390"",""type"":""person"",""variants"":[""Jan Jacob van Voorst II""]},{""gender"":""1002"",""name"":""Dam van Brakel, W. van"",""ownerId"":""00016644"",""role"":""R390"",""type"":""person""}]",,,,,,,,,,,,,,,,,,,,0,
02101036-p003,02101036,3,1859,,19,a,h | o | s,a,a,"Purchased through mediation of Nijhoff at the auction of Van Dam Van Brakel, Van Voorst II and Lengaerts, Cologne, [auctioneer unknown], July 6 1859. See account of Nijhoff; Aanwinstenregister E, p. 149 (Accessions, The Hague, KB, Archives). ",e-ne,2,"Koninklijke Bibliotheek - Nationale Bibliotheek van Nederland | Nijhoff, Martinus",4014 | 00013595,R399 | R160,corporate | person,1798- | 1826-1894,http://thesaurus.cerl.org/record/cnc00011239,"[{""characterisation"":[""noc""],""dates"":""1798-"",""externalId"":[""http://thesaurus.cerl.org/record/cnc00011239""],""name"":""Koninklijke Bibliotheek - Nationale Bibliotheek van Nederland"",""ownerId"":""4014"",""professionOrType"":[""lib""],""role"":""R399"",""type"":""corporate"",""variants"":[""The Hague, Koninklijke Bibliotheek"",""Den Haag, Koninklijke Bibliotheek"",""Den Haag, KB""]},{""characterisation"":[""noc""],""dates"":""1826-1894"",""gender"":""1002"",""name"":""Nijhoff, Martinus "",""ownerId"":""00013595"",""professionOrType"":[""bkt""],""role"":""R160"",""type"":""person""}]",Probably bound while in the possession of KB. Half leather binding with brown marbled paper on the boards and a red lettering label on the spine. ,w,c,b,k,g,,,,,,,,"Stamp of KB,  used between 1867-1880. See: https://www.kb.nl/sites/default/files/150e13.jpg","[{""note"":""38b [Olim]""}]",,,,"July 6th, 1859",1,"{""edges"":""d"",""gauffered"":""d"",""titling"":[""b""],""tooling"":""b"",""writingOnEdges"":""d""}"
02100872-p001,02100872,1,1491,1550,15 | 16,a,l,a,g,,,1,Anonymous,00016856,R680,person,1451-1500,,"[{""dates"":""1451-1500"",""name"":""Anonymous "",""ownerId"":""00016856"",""role"":""R680"",""type"":""person""}]",,,,,,,,,,,"Paragraphs, underlining of sentences and marking of capital letters. ",,,,,,,,,0,"{""hasPenInitials"":""1"",""hasRubrication"":""1""}"
02100872-p002,02100872,2,1829,,19,a,h | o | s,a,x,"This book was acquired between 1829 and 1856. It is not listed in the 1829 manuscript catalogue of the KB, but it is described in: J.W. Holtrop, Catalogus librorum saeculo XV impressorum, quotquot in Bibliotheca part I, nr. 458.",e-ne,1,Koninklijke Bibliotheek - Nationale Bibliotheek van Nederland,4014,R399,corporate,1798-,http://thesaurus.cerl.org/record/cnc00011239,"[{""characterisation"":[""noc""],""dates"":""1798-"",""externalId"":[""http://thesaurus.cerl.org/record/cnc00011239""],""name"":""Koninklijke Bibliotheek - Nationale Bibliotheek van Nederland"",""ownerId"":""4014"",""professionOrType"":[""lib""],""role"":""R399"",""type"":""corporate"",""variants"":[""The Hague, Koninklijke Bibliotheek"",""Den Haag, Koninklijke Bibliotheek"",""Den Haag, KB""]}]",Half linnen binding. Green marbled paper on boards. Former leather spine (of older binding) pasted on spine with the title and place of printing in gold.,w,c,b,k,g,,,,,,,,Stamp of KB.,,,,,1856,1,"{""edges"":""c"",""gauffered"":""d"",""titling"":[""b""],""tooling"":""b"",""writingOnEdges"":""d""}"
00560461-p001,00560461,1,,,,,,,,,,1,"Franciscans (Brussels, Belgium)",00019463,R390,corporate,,,"[{""name"":""Franciscans (Brussels, Belgium)"",""ownerId"":""00019463"",""role"":""R390"",""type"":""corporate"",""variants"":[""Brussels, Franciscans, S. Anthony, OFM""]}]",,,,,,,,,,,,,,,,,,,,0,
00560461-p002,00560461,2,,,,a,,,,"Leaf a2r inscribed in a seventeenth-century? hand: 'Minoritae bruxellenses'. On l1r in same hand: 'bibliothecae fratrum Minorum conventus bruxellensis.' Bought 13 August 1864 from Puttick's, lot 1219. Decoration: Woodcuts and roughly a third of the borders hand coloured. Principal initials supplied in blue with hand colouring. Other initials and capital strokes supplied in red or blue. Some extra text in calendar in red.",e-uk-en,1,Cambridge University Library,3463,R390,corporate,,http://thesaurus.cerl.org/record/cnc00002301,"[{""characterisation"":[""noc""],""externalId"":[""http://thesaurus.cerl.org/record/cnc00002301""],""name"":""Cambridge University Library"",""ownerId"":3463,""professionOrType"":[""lib""],""role"":""R390"",""type"":""corporate"",""variants"":[""Cambridge, University, Library"",""University Library, Cambridge"",""University of Cambridge, Cambridge University Library"",""University of Cambridge, Library"",""University of Cambridge, University Library""]}]",Twentieth-century half morocco (1923 by Gray of Cambridge). Earlier marbled paper wrappers enclosed.,,,,,,,,,,,,,,,,,,,1,
02100779-p001,02100779,1,1491,1550,15 | 16,a,l,a,g,,,1,,,R680,,,,"[{""role"":""R680""}]",,,,,,,,,,,"Initials in red and blue, some are decorated with penwork. Paragraphs and capital letters in red and blue. Underlining in red.",,,,,,,,,0,"{""hasIllustrationsByHand"":""1"",""hasOrnamentalLetters"":""1"",""hasPenInitials"":""1"",""hasRubrication"":""1""}"
02100779-p002,02100779,2,1491,1600,15 | 16,a,m,a,x,,e-ne,1,,,R390,,,,"[{""role"":""R390""}]",Residue of closure binding on front and back boards.,t,a,a,a,,,,,,,,"Notes in Dutch, drawings and pen trials on the back endleaves.",,,,,,,0,"{""edges"":""d"",""gauffered"":""d"",""hasMsDrawings"":""1"",""hasPenTrials"":""1"",""hasPersonalNotes"":""1"",""msFrequency"":""b"",""msLocation"":""d"",""titling"":[""z""],""tooling"":""d"",""writingOnEdges"":""d""}"
02100779-p003,02100779,3,1967,,20,a,h | o | s,a,a,"Acquired at the auction held by J. L. Beijers March 3, 1967. Jaarverslag 1967, p. 16 (Annual report, The Hague, KB, Archives). Journaalnummer (Accession number) 67139.",e-ne,2,Koninklijke Bibliotheek - Nationale Bibliotheek van Nederland | Beijers Veilingen,4014 | 00011405,R399 | R065,corporate,1798- | 1865-,http://thesaurus.cerl.org/record/cnc00011239,"[{""characterisation"":[""noc""],""dates"":""1798-"",""externalId"":[""http://thesaurus.cerl.org/record/cnc00011239""],""name"":""Koninklijke Bibliotheek - Nationale Bibliotheek van Nederland"",""ownerId"":""4014"",""professionOrType"":[""lib""],""role"":""R399"",""type"":""corporate"",""variants"":[""The Hague, Koninklijke Bibliotheek"",""Den Haag, Koninklijke Bibliotheek"",""Den Haag, KB""]},{""characterisation"":[""noc""],""dates"":""1865-"",""name"":""Beijers Veilingen"",""ownerId"":""00011405"",""professionOrType"":[""bkt""],""role"":""R065"",""type"":""corporate"",""variants"":[""Utrecht, Beijers Veilingen"",""Beijers, J. L."",""Beijers Antiquariaat""]}]",,,,,,,,,,,,,Pencil notes by the KB on front pastedown and back endleaves. A note is added on a loose piece of paper about the missing leaves.,"Stamp of KB, used around 1963. See: https://www.kb.nl/sites/default/files/150b73.jpg",,1400,Guilders,,1967,1,
02138782-p001,02138782,1,,,,,,,,,e-ne,1,"Westreenen van Tiellandt, Willem Hendrik Jacob van",00016628,R390,person,,http://thesaurus.cerl.org/record/cnp01397346 | http://thesaurus.cerl.org/record/cnp02141281 | http://thesaurus.cerl.org/record/cnp01259036,"[{""externalId"":[""http://thesaurus.cerl.org/record/cnp01397346"",""http://thesaurus.cerl.org/record/cnp02141281"",""http://thesaurus.cerl.org/record/cnp01259036""],""name"":""Westreenen van Tiellandt, Willem Hendrik Jacob van"",""ownerId"":""00016628"",""professionOrType"":[""lic""],""role"":""R390"",""type"":""person"",""variants"":[""Westreenen Van Tiellandt, Willem Hendrik Jacob van"",""Westreenen Van Tiellandt, Willem Hendrik Jacob Baron van""]}]",,,,,,,,,,,,,,,,,,,,1,
02138782-p002,02138782,2,,,,,,,,"Verwerving: A.D. Schinkel (Den Haag), ƒ 5, 20 (AR 5-11-1828, FA 155/006v). / Beschrijving: catalogue FA 136/062.",e-ne,1,Museum Meermanno | Huis van het boek,00016814,R399,corporate,,,"[{""name"":""Museum Meermanno | Huis van het boek"",""ownerId"":""00016814"",""professionOrType"":[""lib""],""role"":""R399"",""type"":""corporate"",""variants"":[""The Hague, Museum Meermanno "",""Museum Meermanno-Westreenianum"",""Museum Meermanno | Huis van het Boek""]}]",(1-2) in convoluut met (3) A-0665.,,,,,,,,,,,,,,,,,,,1,
02100475-p001,02100475,1,1495,1550,15 | 16,a,l,a,g,,,1,,,R680,,,,"[{""role"":""R680""}]",,,,,,,,,,,"Some initials are decorated with penwork. Some initials in blue. Initials, paragraphs and underlining in red.",,,,,,,,,0,"{""hasOrnamentalLetters"":""1"",""hasPenInitials"":""1"",""hasRubrication"":""1""}"
02100475-p002,02100475,2,1700,1800,17 | 18,a,k,a,g,,,1,,,R110,,,,"[{""role"":""R110""}]",Brown marbled leather on both boards. Edges are coloured red. Gold tooling on boards and spine. Gold tooled titling on a red leather onlay on spine: 'Dye ghetiden van onser liever vrouwen temettentyd A. 1495 zeer zeldzaam'.,v,c,b,b,g,,,,,,,,,,,,,,0,"{""edges"":""b"",""gauffered"":""d"",""titling"":[""b""],""tooling"":""b"",""writingOnEdges"":""d""}"
02100475-p003,02100475,3,,1832,15 | 16 | 17 | 18 | 19,a,a | m,a,x,"Information about the book on the front flyleaf in manuscript. Signature deleted, but the same notes (including Koning's signature) can be found in 150 F 11 (The Hague, KB).",e-ne,1,"Koning, Jacobus",00010689,R390,person,1770-1832,https://thesaurus.cerl.org/record/cnp01260201,"[{""characterisation"":[""noc""],""dates"":""1770-1832"",""externalId"":[""https://thesaurus.cerl.org/record/cnp01260201""],""gender"":""1002"",""name"":""Koning, Jacobus"",""ownerId"":""00010689"",""professionOrType"":[""cse""],""role"":""R390"",""type"":""person""}]",,,,,,,,,,,,,,,,,,,,1,
02100475-p004,02100475,4,,1884,15 | 16 | 17 | 18 | 19,a,s,a,x,,e-ne,1,"Lenshoek, Cornelis Petrus",00016596,R390,person,,,"[{""characterisation"":[""ari""],""gender"":""1002"",""name"":""Lenshoek, Cornelis Petrus"",""ownerId"":""00016596"",""professionOrType"":[""pol""],""role"":""R390"",""type"":""person""}]",,,,,,,,,,,,,,,,,,,,1,
02100475-p005,02100475,5,1884,,19,a,h | o | s,a,a,"Purchased at the auction of C.P. Lenshoek, The Hague, Martinus Nijhoff, January 28 1884. Auction catalogue: The Hague, KB, Shelfmark Verz.Cat 7768, nr. 2155.",e-ne,2,"Koninklijke Bibliotheek - Nationale Bibliotheek van Nederland | Nijhoff, Martinus",4014 | 00013595,R399 | R065,corporate | person,1798- | 1826-1894,http://thesaurus.cerl.org/record/cnc00011239,"[{""characterisation"":[""noc""],""dates"":""1798-"",""externalId"":[""http://thesaurus.cerl.org/record/cnc00011239""],""name"":""Koninklijke Bibliotheek - Nationale Bibliotheek van Nederland"",""ownerId"":""4014"",""professionOrType"":[""lib""],""role"":""R399"",""type"":""corporate"",""variants"":[""The Hague, Koninklijke Bibliotheek"",""Den Haag, Koninklijke Bibliotheek"",""Den Haag, KB""]},{""characterisation"":[""noc""],""dates"":""1826-1894"",""gender"":""1002"",""name"":""Nijhoff, Martinus "",""ownerId"":""00013595"",""professionOrType"":[""bkt""],""role"":""R065"",""type"":""person""}]",,,,,,,,,,,,,Pencil notes from the KB on the front endleaves.,"Stamp of KB, used between 1855-1887. See: https://www.kb.nl/sites/default/files/150b56.jpg","[{""note"":""38f [Olim]""}]",,,,,1,
02100561-p001,02100561,1,1495,1550,15 | 16,a,l,a,g,,,1,Anonymous,00017848,R680,person,1451-1550,,"[{""dates"":""1451-1550"",""name"":""Anonymous"",""ownerId"":""00017848"",""role"":""R680"",""type"":""person""}]",,,,,,,,,,,"Larger initials are decorated with penwork in red and blue ink. Some initials in blue, other initials,  paragraphs and underlining in red.",,,,,,,,,0,"{""hasRubrication"":""1""}"
02100561-p002,02100561,2,1701,1800,18,a,k,a,g,,,1,Anonymous,00016848,R110,person,1701-1800,,"[{""dates"":""1701-1800"",""name"":""Anonymous"",""ownerId"":""00016848"",""role"":""R110"",""type"":""person""}]",Brown marbled leather on both boards. Edges are coloured red. Gold tooling on boards and spine. Gold tooled titling on a red leather onlay on spine: 'Dye ghetiden van onser liever vrouwen temettentyd A. 1495 zeer zeldzaam'.,v,c,b,b,g,,,,,,,,,,,,,,0,"{""edges"":""b"",""gauffered"":""d"",""titling"":[""b""],""tooling"":""b"",""writingOnEdges"":""d""}"
02100561-p003,02100561,3,1770,1832,18 | 19,a,a | m,a,x,,e-ne,1,"Koning, Jacobus",00010689,R390,person,1770-1832,https://thesaurus.cerl.org/record/cnp01260201,"[{""characterisation"":[""noc""],""dates"":""1770-1832"",""externalId"":[""https://thesaurus.cerl.org/record/cnp01260201""],""gender"":""1002"",""name"":""Koning, Jacobus"",""ownerId"":""00010689"",""professionOrType"":[""cse""],""role"":""R390"",""type"":""person""}]",,,,,,,,,,,,,"Information about the book on the front flyleaf in manuscript. Signature deleted, but the same notes (including Koning's signature) can be found in 150 F 11 (The Hague, KB).",,,,,,,1,"{""hasAutograph"":""1"",""hasPersonalNotes"":""1""}"
02100561-p004,02100561,4,,1882,15 | 16 | 17 | 18 | 19,a,s,a,x,"Sold at the auction of C.P. Lenshoek, The Hague, Martinus Nijhoff, January 28 1884. Auction catalogue: The Hague, KB, Shelfmark Verz.Cat 7768, nr. 2155.",e-ne,1,"Lenshoek, Cornelis Petrus",00016596,R390,person,1827-1882,,"[{""characterisation"":[""ari""],""dates"":""1827-1882"",""gender"":""1002"",""name"":""Lenshoek, Cornelis Petrus"",""ownerId"":""00016596"",""professionOrType"":[""pol""],""role"":""R390"",""type"":""person""}]",,,,,,,,,,,,,,,,,,,1884,1,
02100561-p005,02100561,5,1884,,19,a,h | o | s,a,a,"Purchased at the auction of C.P. Lenshoek, The Hague, Martinus Nijhoff, January 28 1884. Auction catalogue: The Hague, KB, Shelfmark Verz.Cat 7768, nr. 2155.",e-ne,1,Koninklijke Bibliotheek - Nationale Bibliotheek van Nederland,4014,R399,corporate,1798-,http://thesaurus.cerl.org/record/cnc00011239,"[{""characterisation"":[""noc""],""dates"":""1798-"",""externalId"":[""http://thesaurus.cerl.org/record/cnc00011239""],""name"":""Koninklijke Bibliotheek - Nationale Bibliotheek van Nederland"",""ownerId"":""4014"",""professionOrType"":[""lib""],""role"":""R399"",""type"":""corporate"",""variants"":[""The Hague, Koninklijke Bibliotheek"",""Den Haag, Koninklijke Bibliotheek"",""Den Haag, KB""]}]",,,,,,,,,,,,,Pencil notes by the KB on the front endleaves: shelfmark and bibliographical references.,,,,,,,1,
02138783-p001,02138783,1,,,,,,,,,e-ne,1,"Westreenen van Tiellandt, Willem Hendrik Jacob van",00016628,R390,person,,http://thesaurus.cerl.org/record/cnp01397346 | http://thesaurus.cerl.org/record/cnp02141281 | http://thesaurus.cerl.org/record/cnp01259036,"[{""externalId"":[""http://thesaurus.cerl.org/record/cnp01397346"",""http://thesaurus.cerl.org/record/cnp02141281"",""http://thesaurus.cerl.org/record/cnp01259036""],""name"":""Westreenen van Tiellandt, Willem Hendrik Jacob van"",""ownerId"":""00016628"",""professionOrType"":[""lic""],""role"":""R390"",""type"":""person"",""variants"":[""Westreenen Van Tiellandt, Willem Hendrik Jacob van"",""Westreenen Van Tiellandt, Willem Hendrik Jacob Baron van""]}]",,,,,,,,,,,,,,,,,,,,1,
02138783-p002,02138783,2,,,,,,,,Beschrijving: catalogue FA 136/062.,e-ne,1,Museum Meermanno | Huis van het boek,00016814,R399,corporate,,,"[{""name"":""Museum Meermanno | Huis van het boek"",""ownerId"":""00016814"",""professionOrType"":[""lib""],""role"":""R399"",""type"":""corporate"",""variants"":[""The Hague, Museum Meermanno "",""Museum Meermanno-Westreenianum"",""Museum Meermanno | Huis van het Boek""]}]",(3) in convoluut met (1-2) A-0664.,,,,,,,,,,,,,,,,,,,1,
02100474-p001,02100474,1,1495,1550,15 | 16,a,l,a,g,,,1,,,R680,,,,"[{""role"":""R680""}]",,,,,,,,,,"Initals in red and blue. Capital letters, paragraphs and underlining in red.",,,,,,,,,,0,"{""hasIllustrationsByHand"":""1"",""hasPenInitials"":""1"",""hasRubrication"":""1""}"
02100474-p002,02100474,2,1500,1600,15 | 16,a,a,a,x,On the front endleaves in manuscript: 'Dit boeck hoert toe barent aretzo(on) (...)maker woenende op die brestret die dit boeck vijnt die bringt hem wider om godes willen of om'.,e-ne,1,"Aretzoon, Barent",00016976,R390,person,,,"[{""characterisation"":[""unk""],""gender"":""1002"",""name"":""Aretzoon, Barent"",""ownerId"":""00016976"",""professionOrType"":[""unk""],""role"":""R390"",""type"":""person""}]",,,,,,,,,,,,,,,,,,,,0,"{""hasAutograph"":""1"",""hasPersonalNotes"":""1""}"
02100474-p003,02100474,3,,1804,15 | 16 | 17 | 18 | 19,a,m | s,a,x,,e-ne,1,"Visser, Jacob",00016480,R390,person,1724-1804,,"[{""characterisation"":[""noc""],""dates"":""1724-1804"",""gender"":""1002"",""name"":""Visser, Jacob"",""ownerId"":""00016480"",""professionOrType"":[""law""],""role"":""R390"",""type"":""person""}]",,,,,,,,,,,,,Bibliographical notes on this particular copy on the recto and verso of the title page and on f. 113r.,,,,,,,1,"{""hasMsComments"":""1"",""hasPersonalNotes"":""1"",""msFrequency"":""b"",""msLocation"":""d""}"
02100474-p004,02100474,4,1809,,19,a,h | o | s,a,a,"Acquired in 1809. See inc. 444 in: Catalogus der verzameling van […] wijlen den heer Mr. J. Visser […] voor de Koninklijke Bibliotheek […] aangekocht en overgenomen [The Hague, ca. 1809-1810] (The Hague, KB, 77 K 27); Shelfmark pasted on spine",e-ne,2,"Koninklijke Bibliotheek - Nationale Bibliotheek van Nederland | Kruitwagen, Franciscus Josephus Bonaventura",4014 | 00017410,R399 | R020,corporate | person,1798- | 1874-1954,http://thesaurus.cerl.org/record/cnc00011239,"[{""characterisation"":[""noc""],""dates"":""1798-"",""externalId"":[""http://thesaurus.cerl.org/record/cnc00011239""],""name"":""Koninklijke Bibliotheek - Nationale Bibliotheek van Nederland"",""ownerId"":""4014"",""professionOrType"":[""lib""],""role"":""R399"",""type"":""corporate"",""variants"":[""The Hague, Koninklijke Bibliotheek"",""Den Haag, Koninklijke Bibliotheek"",""Den Haag, KB""]},{""characterisation"":[""rel""],""dates"":""1874-1954"",""gender"":""1002"",""name"":""Kruitwagen, Franciscus Josephus Bonaventura"",""ownerId"":""00017410"",""professionOrType"":[""cle""],""role"":""R020"",""type"":""person"",""variants"":[""Kruitwagen, B.""]}]",Half leather binding with green spine and brown and red marbled paper on boards. Gold tooled inscription on spine: 'Duytsche getyden.; Antw. 1495'. ,w,c,b,k,g,,,,,,,"Notes pasted on the front flyleaf in pencil, signed 'Twoerden 22 April 1913, B. Kruitwagen'","Stamp of KB, used between 1867-1880. See: https://www.kb.nl/sites/default/files/150e13.jpg","[{""note"":""46 [olim]""}]",,,,1809,1,"{""edges"":""d"",""gauffered"":""d"",""hasMsComments"":""1"",""msFrequency"":""b"",""msLocation"":""a"",""titling"":[""b""],""tooling"":""b"",""writingOnEdges"":""d""}"
02100488-p001,02100488,1,1495,1550,15 | 16,a,l,a,g,,,1,,,R680,,,,"[{""role"":""R680""}]",,,,,,,,,,,Marking of capital letters and underlining. Paragraphs in red.,,,,,,,,,0,"{""hasPenInitials"":""1"",""hasRubrication"":""1""}"
02100488-p002,02100488,2,1700,1800,17 | 18,a,k,a,g,,,1,,,R110,,,,"[{""role"":""R110""}]",Parchment binding. Blind tooled decoration on both boards. Gold tooled place and date and red onlay with gold tooled titling on spine.,v,c,b,a,g,,,,,,,,,,,,,,0,"{""edges"":""d"",""furniture"":""0"",""gauffered"":""d"",""titling"":[""b""],""tooling"":""c"",""writingOnEdges"":""d""}"
02100488-p003,02100488,3,,1873,15 | 16 | 17 | 18 | 19,a,s,a,x,,e-be,1,"Brussels, Royal Library of Belgium",00016800,R390,corporate,1559-,,"[{""dates"":""1559-"",""gender"":""1003"",""name"":""Brussels, Royal Library of Belgium"",""ownerId"":""00016800"",""professionOrType"":[""lib""],""role"":""R390"",""type"":""corporate"",""variants"":[""Bruxelles, Bibliothèque royale de Belgique"",""Brussels, Koninklijke Bibliotheek van België"",""Brussels, KBR""]}]",,,,,,,,,,,,,,,,,,,,1,
02100488-p004,02100488,4,1873,,19,a,h | o | s,a,d,"Acquired in 1873 through institutional exchange with the Royal Library of Belgium (Brussels). Jaarverslag 1873, p. 98 (Annual report, The Hague, KB, Archives); Aanwinstenregister F, p. 366 (Accessions, The Hague, KB, Archives). ",e-ne,1,Koninklijke Bibliotheek - Nationale Bibliotheek van Nederland,4014,R399,corporate,1798-,http://thesaurus.cerl.org/record/cnc00011239,"[{""characterisation"":[""noc""],""dates"":""1798-"",""externalId"":[""http://thesaurus.cerl.org/record/cnc00011239""],""name"":""Koninklijke Bibliotheek - Nationale Bibliotheek van Nederland"",""ownerId"":""4014"",""professionOrType"":[""lib""],""role"":""R399"",""type"":""corporate"",""variants"":[""The Hague, Koninklijke Bibliotheek"",""Den Haag, Koninklijke Bibliotheek"",""Den Haag, KB""]}]",,,,,,,,,,,,,,"Stamp of KB, used between 1867-1880. See: https://www.kb.nl/sites/default/files/150e13.jpg ","[{""note"":""13a [olim]""}]",,,,1873,1,
02100225-p001,02100225,1,1498,1550,15 | 16,a,l,a,g,,,1,,,R680,,,,"[{""role"":""R680""}]",,,,,,,,,,,"Some initials are decorated with penwork in red, blue and green. The initials are red and blue. Paragraphs and capital letters are marked in red. Some paragrahs in are added in red ink.",,,,,,,,,0,"{""hasOrnamentalLetters"":""1"",""hasPenInitials"":""1"",""hasRubrication"":""1""}"
02100225-p002,02100225,2,,1700,15 | 16 | 17,a,a,a,x,On the back endleaf in manuscript: 'maarten dircksen 16(...)3 soon (...) [deleted].,e-ne,1,"Dircksen, Maarten",00017429,R390,person,,,"[{""characterisation"":[""unk""],""gender"":""1002"",""name"":""Dircksen, Maarten"",""ownerId"":""00017429"",""professionOrType"":[""unk""],""role"":""R390"",""type"":""person""}]",,,,,,,,,,,,,,,,,,,1633 or 1683 ,0,
02100225-p003,02100225,3,,1876,15 | 16 | 17 | 18 | 19,a,s,a,x,,e-ne,1,"Scheltus van Kamferbeke, Ludolph Jacobus Hendrik",00016614,R390,person,1791-1876,,"[{""characterisation"":[""noc""],""dates"":""1791-1876"",""gender"":""1002"",""name"":""Scheltus van Kamferbeke, Ludolph Jacobus Hendrik"",""ownerId"":""00016614"",""professionOrType"":[""bus""],""role"":""R390"",""type"":""person""}]",Red goatskin binding with blind stamps on boards and spine. In gold tooling on spine: 'Ghetidenboec.; Scoenhoven. 1496.'.,w,c,b,b,c,,,,,,,,,,,,,,1,"{""edges"":""d"",""gauffered"":""d"",""titling"":[""b""],""tooling"":""c"",""writingOnEdges"":""d""}"
02100225-p004,02100225,4,1876,,19,a,h | o | s,a,a,"Purchased at the auction of L.J.A. Scheltus van Kamferbeke, Rotterdam, Van Hengel and Eeltjes, 1876. Auction catalogue: The Hague, KB, Shelfmark Verz.Cat. 5298:1 and 5298:2, nr. 1466); Register van aankoop 121 verso (Accessions register, The Hague, KB, Archives); Jaarverslag 1876, p. 106 (Annual report, The Hague, KB, Archives); Shelfmark pasted on spine.",e-ne,2,"Koninklijke Bibliotheek - Nationale Bibliotheek van Nederland | Rotterdam, Van Hengel & Eeltjes",4014 | 00017431,R399 | R065,corporate,1798- | 1870,http://thesaurus.cerl.org/record/cnc00011239,"[{""characterisation"":[""noc""],""dates"":""1798-"",""externalId"":[""http://thesaurus.cerl.org/record/cnc00011239""],""name"":""Koninklijke Bibliotheek - Nationale Bibliotheek van Nederland"",""ownerId"":""4014"",""professionOrType"":[""lib""],""role"":""R399"",""type"":""corporate"",""variants"":[""The Hague, Koninklijke Bibliotheek"",""Den Haag, Koninklijke Bibliotheek"",""Den Haag, KB""]},{""dates"":""1870"",""name"":""Rotterdam, Van Hengel & Eeltjes"",""ownerId"":""00017431"",""professionOrType"":[""bkt""],""role"":""R065"",""type"":""corporate"",""variants"":[""Rotterdam, Van Hengel and Eeltjes"",""Rotterdam, Van Hengel en Eeltjes""]}]",,,,,,,,,,,,,Pencil notes from the KB on front endleaf: shelfmark and bibliographical references.,,"[{""note"":""46c [olim]""}]",,,,"1876, July 24th",1,
02100411-p001,02100411,1,1496,,15,a,l,a,g,,,1,,,R680,,,,"[{""role"":""R680""}]",,,,,,,,,,,Initials in red and blue. Some are decorated with penwork and illuminated. Paragraphs and underlining in red. Paragraphs and capital letters are marked.,,,,,,,,,0,"{""hasIlluminations"":""1"",""hasOrnamentalLetters"":""1"",""hasPenInitials"":""1"",""hasRubrication"":""1""}"
02100411-p002,02100411,2,1496,,15,a,m,a,g,"Parts of the text is written in manuscript, probably because of missing leaves. Both parts are written by a different person. The rubrication has not been done by the same person, because the capital letters are written in a small writing in black ink next to the places that needed to be rubricated. The rubrication also looks different from the rest of the book.",,1,,,R020,,,,"[{""role"":""R020""}]",,,,,,,,,,,"One illuminated initial, other initials are in red or blue. Some initials are decorated with penwork. Capital letters and some words are in red or marked red.",,,,,,,,,0,"{""hasIlluminations"":""1"",""hasOrnamentalLetters"":""1"",""hasPenInitials"":""1"",""hasRubrication"":""1""}"
02100411-p003,02100411,3,,1700,15 | 16 | 17,a,a,a,x,On the back endleaf in manuscript: 'maarten dircksen 16(...)3 soon (...) [deleted]'.,e-ne,1,"Dircksen, Maarten",00017429,R390,person,,,"[{""characterisation"":[""unk""],""gender"":""1002"",""name"":""Dircksen, Maarten"",""ownerId"":""00017429"",""professionOrType"":[""unk""],""role"":""R390"",""type"":""person""}]",,,,,,,,,,,,,,,,,,,1633 or 1683,0,"{""hasAutograph"":""1"",""hasPersonalNotes"":""1""}"
02100411-p004,02100411,4,,1876,15 | 16 | 17 | 18 | 19,a,s,a,x,,e-ne,1,"Scheltus van Kamferbeke, Ludolph Jacobus Hendrik",00016614,R390,person,1791-1876,,"[{""characterisation"":[""noc""],""dates"":""1791-1876"",""gender"":""1002"",""name"":""Scheltus van Kamferbeke, Ludolph Jacobus Hendrik"",""ownerId"":""00016614"",""professionOrType"":[""bus""],""role"":""R390"",""type"":""person""}]",Red goatskin binding with blind stamps on boards and spine. In gold tooling on spine: 'Ghetidenboec.; Scoenhoven. 1496.'.,w,,b,b,c,,,,,,,,,,,,,,1,"{""edges"":""d"",""gauffered"":""d"",""titling"":[""b""],""tooling"":""c"",""writingOnEdges"":""d""}"
02100411-p005,02100411,5,1876,,19,a,h | o | s,a,a,"Purchased at the auction of L.J.A. Scheltus van Kamferbeke, Rotterdam, Van Hengel and Eeltjes, 1876. Auction catalogue: The Hague, KB, Shelfmark Verz.Cat. 5298:1 and 5298:2, nr. 1466); Register van aankoop 121 verso (Accessions register, The Hague, KB, Archives); Jaarverslag 1876, p. 106  (Annual report, The Hague, KB, Archives); Shelfmark pasted on spine.",e-ne,2,"Koninklijke Bibliotheek - Nationale Bibliotheek van Nederland | Rotterdam, Van Hengel & Eeltjes",4014 | 00017431,R399 | R065,corporate,1798- | 1870,http://thesaurus.cerl.org/record/cnc00011239,"[{""characterisation"":[""noc""],""dates"":""1798-"",""externalId"":[""http://thesaurus.cerl.org/record/cnc00011239""],""name"":""Koninklijke Bibliotheek - Nationale Bibliotheek van Nederland"",""ownerId"":""4014"",""professionOrType"":[""lib""],""role"":""R399"",""type"":""corporate"",""variants"":[""The Hague, Koninklijke Bibliotheek"",""Den Haag, Koninklijke Bibliotheek"",""Den Haag, KB""]},{""dates"":""1870"",""name"":""Rotterdam, Van Hengel & Eeltjes"",""ownerId"":""00017431"",""professionOrType"":[""bkt""],""role"":""R065"",""type"":""corporate"",""variants"":[""Rotterdam, Van Hengel and Eeltjes"",""Rotterdam, Van Hengel en Eeltjes""]}]",,,,,,,,,,,,,Pencil notes from the KB on front endleaves.,"Stamp of KB, used between 1867-1880. See: https://www.kb.nl/sites/default/files/150e13.jpg","[{""note"":""46c [olim]""}]",18,Guilders,,"1876, July 24th",1,
02100322-p001,02100322,1,1497,1550,15 | 16,a,l,a,g,,,1,,,R680,,,,"[{""role"":""R680""}]",,,,,,,,,,,Initials in red and blue. The first initial is decorated with penwork. Capital letters are marked. Names added to the kalender in red.,,,,,,,,,0,"{""hasRubrication"":""1""}"
02100322-p002,02100322,2,1500,1600,15 | 16,a,m,a,x,,,1,,,R390,,,,"[{""role"":""R390""}]",,,,,,,,,,,,,A saint [illegible] is added in the kalender in ink. Pen trials throughout book. ,,,,,,,0,"{""hasAutograph"":""1"",""hasMsSupplements"":""1"",""hasPenTrials"":""1"",""hasPersonalNotes"":""1"",""msFrequency"":""a"",""msLocation"":""c""}"
02100322-p003,02100322,3,,1886,15 | 16 | 17 | 18 | 19,a,s,a,x,,e-gx,1,"Klemm, Heinrich",00018592,R390,person,1819-1886,http://viaf.org/viaf/40124499,"[{""characterisation"":[""noc""],""dates"":""1819-1886"",""externalId"":[""http://viaf.org/viaf/40124499""],""gender"":""1002"",""name"":""Klemm, Heinrich"",""ownerId"":""00018592"",""professionOrType"":[""bkt""],""role"":""R390"",""type"":""person"",""variants"":[""Klemm, Johann Heinrich""]}]",,,,,,,,,,,,,,,,,,,,1,
02100322-p004,02100322,4,1889,,19,a,h | o | s,a,a,"Purchased at the auction of Klemm, Dresden, Zahn and Jarnsch, March 18 1889. Auction catalogue: The Hague, KB, Shelfmark Verz.Cat 7816, nr. [unknown]. Jaarverslag 1889, p. 19 (Annual report, The Hague, KB, Archives). Journaalnummer (Accession number) 1889 4 A 442.",e-ne,2,"Koninklijke Bibliotheek - Nationale Bibliotheek van Nederland | Dresden, Zahn & Jaensch",4014 | 00017423,R399 | R065,corporate,1798- | 1886,http://thesaurus.cerl.org/record/cnc00011239,"[{""characterisation"":[""noc""],""dates"":""1798-"",""externalId"":[""http://thesaurus.cerl.org/record/cnc00011239""],""name"":""Koninklijke Bibliotheek - Nationale Bibliotheek van Nederland"",""ownerId"":""4014"",""professionOrType"":[""lib""],""role"":""R399"",""type"":""corporate"",""variants"":[""The Hague, Koninklijke Bibliotheek"",""Den Haag, Koninklijke Bibliotheek"",""Den Haag, KB""]},{""dates"":""1886"",""name"":""Dresden, Zahn & Jaensch"",""ownerId"":""00017423"",""professionOrType"":[""bkt""],""role"":""R065"",""type"":""corporate""}]",The spine is repaired and the boards are replaced. Yellow edges. Gold tooling on spine: 'Ghetijden van O.L.V. Leiden 1497'.,w,c,b,b,g,,,,,,,Pencil notes by the KB on front and back endleaves.,"Stamp of KB, used between 1855-1887. See: https://www.kb.nl/sites/default/files/150b56.jpg","[{""note"":""38 f(2) [Olim]""}]","30,50",Guilders,In pencil on the back pastedown: 'Uit de auctie Klemm Dresden 18 maart 1889 F30 50'.,,1,"{""edges"":""b"",""gauffered"":""d"",""hasMsSupplements"":""1"",""hasPersonalNotes"":""1"",""titling"":[""b""],""tooling"":""c"",""writingOnEdges"":""d""}"
00560462-p001,00560462,1,,,,,,,,,,1,Enschedé family,00018566,R390,person,,,"[{""name"":""Enschedé family"",""ownerId"":""00018566"",""role"":""R390"",""type"":""person""}]",,,,,,,,,,,,,,,,,,,,0,
00560462-p002,00560462,2,,,,,,,,,,1,Phillips,00019464,R390,person,active 19th century,,"[{""dates"":""active 19th century"",""name"":""Phillips"",""ownerId"":""00019464"",""role"":""R390"",""type"":""person""}]",,,,,,,,,,,,,,,,,,,,0,
00560462-p003,00560462,3,,,,a,,,,"From the library of the EnschedeÌ family (Oates; sale catalogue, 1867, no. 700). Bought through Stewart at 'Phillips' sale' (unidentified) lot 53, 28 July 1869, using money from the Rustat Fund (note in Henry Bradshaw's hand). Decoration: Illustrations hand coloured. Principal initials supplied in blue with pen flourishes in red; others supplied in alternating red and blue; headings underlined and capitals picked out in red. Annotations: A few pen trials in an early hand; note in eighteenth century hand (J. EnschedeÌ I or II?) on final page.",e-uk-en,1,Cambridge University Library,3463,R390,corporate,,http://thesaurus.cerl.org/record/cnc00002301,"[{""characterisation"":[""noc""],""externalId"":[""http://thesaurus.cerl.org/record/cnc00002301""],""name"":""Cambridge University Library"",""ownerId"":3463,""professionOrType"":[""lib""],""role"":""R390"",""type"":""corporate"",""variants"":[""Cambridge, University, Library"",""University Library, Cambridge"",""University of Cambridge, Cambridge University Library"",""University of Cambridge, Library"",""University of Cambridge, University Library""]}]",Sixteenth century blind tooled calf over wooden boards; clasps.,,,,,,,,,,,,,,,,,,,1,
02138784-p001,02138784,1,,,,,,,,,e-ne,1,"Westreenen van Tiellandt, Willem Hendrik Jacob van",00016628,R390,person,,http://thesaurus.cerl.org/record/cnp01397346 | http://thesaurus.cerl.org/record/cnp02141281 | http://thesaurus.cerl.org/record/cnp01259036,"[{""externalId"":[""http://thesaurus.cerl.org/record/cnp01397346"",""http://thesaurus.cerl.org/record/cnp02141281"",""http://thesaurus.cerl.org/record/cnp01259036""],""name"":""Westreenen van Tiellandt, Willem Hendrik Jacob van"",""ownerId"":""00016628"",""professionOrType"":[""lic""],""role"":""R390"",""type"":""person"",""variants"":[""Westreenen Van Tiellandt, Willem Hendrik Jacob van"",""Westreenen Van Tiellandt, Willem Hendrik Jacob Baron van""]}]",,,,,,,,,,,,,,,,,,,,1,
02138784-p002,02138784,2,,,,,,,,"Verwerving: veiling D.G. van der Burgh van Kronenburg, Utrecht, J. Altheer, 27-9-1824, cat. p. 68, lot 11, ƒ 2: 10: 0 (AR 14-10-1824, FA 154/033v). / Beschrijving: catalogue FA 136/062.",e-ne,1,Museum Meermanno | Huis van het boek,00016814,R399,corporate,,,"[{""name"":""Museum Meermanno | Huis van het boek"",""ownerId"":""00016814"",""professionOrType"":[""lib""],""role"":""R399"",""type"":""corporate"",""variants"":[""The Hague, Museum Meermanno "",""Museum Meermanno-Westreenianum"",""Museum Meermanno | Huis van het Boek""]}]",,,,,,,,,,,,,,,,,,,,1,
02138785-p001,02138785,1,,,,,,,,,e-ne,1,"Westreenen van Tiellandt, Willem Hendrik Jacob van",00016628,R390,person,,http://thesaurus.cerl.org/record/cnp01397346 | http://thesaurus.cerl.org/record/cnp02141281 | http://thesaurus.cerl.org/record/cnp01259036,"[{""externalId"":[""http://thesaurus.cerl.org/record/cnp01397346"",""http://thesaurus.cerl.org/record/cnp02141281"",""http://thesaurus.cerl.org/record/cnp01259036""],""name"":""Westreenen van Tiellandt, Willem Hendrik Jacob van"",""ownerId"":""00016628"",""professionOrType"":[""lic""],""role"":""R390"",""type"":""person"",""variants"":[""Westreenen Van Tiellandt, Willem Hendrik Jacob van"",""Westreenen Van Tiellandt, Willem Hendrik Jacob Baron van""]}]",,,,,,,,,,,,,,,,,,,,1,
02138785-p002,02138785,2,,,,,,,,"Verwerving: wed. H. van Brussel (Haarlem, in het huis van L. Coster), ƒ 1: 10: 0 (AR 1-9-1798, FA 151/017v). / Beschrijving: cat. 1799 FA 124/007r; catalogue FA 136/062.",e-ne,1,Museum Meermanno | Huis van het boek,00016814,R399,corporate,,,"[{""name"":""Museum Meermanno | Huis van het boek"",""ownerId"":""00016814"",""professionOrType"":[""lib""],""role"":""R399"",""type"":""corporate"",""variants"":[""The Hague, Museum Meermanno "",""Museum Meermanno-Westreenianum"",""Museum Meermanno | Huis van het Boek""]}]","Th. van Os, ƒ 1: 2: 0 (AR 13-11-1798, FA 151/041r).",,,,,,,,,,,,,,,,,,,1,
00205571-p001,00205571,1,1701,1900,18 | 19,,,,,Provenance: Francis Douce (1757-1834); armorial book-plate.,e-uk-en,1,"Douce, Francis (1757-1834)",00012106,R390,per,1757 - 1834,http://thesaurus.cerl.org/record/cnp01319667,"[{""characterisation"":[""noc""],""dates"":""1757 - 1834"",""externalId"":[""http://thesaurus.cerl.org/record/cnp01319667""],""gender"":1002,""name"":""Douce, Francis (1757-1834)"",""note"":""Keeper of Manuscripts at the British Museum, bequeathed his collection to the Bodleian Library; see Catalogue of the Printed Books and Manuscripts Bequeathed by Francis Douce to the Bodleian Library (Oxford, 1840); Macray 326; Craster 15-16; `Francis Douce 1757-1834', BQR 7 (1934), 359-84; Munby, Connoisseurs, esp. 35-56; David Rogers, `Francis Douce's Manuscripts: Some Hitherto Unrecognized Provenances', in Studies in the Book Trade in Honour of Graham Pollard (Oxford, 1975), 315-40; Douce Legacy; P. R. Harris, A History of the British Museum Library 1753-1973 (London, 1998), ad indicem; I. G. Philip, `The Bodleian Library', in Nineteenth-Century Oxford, Part I, ed. M. G. Brock and M. C. Curthoys, The History of the University of Oxford, 6 (Oxford, 1997), 585-97, at 593."",""ownerId"":""00012106"",""professionOrType"":[""scl""],""role"":""R390"",""type"":""per"",""variants"":[""Douce, Francis""]}]",,,,,,,,,,,,,,,,,,,,1,
00205571-p002,00205571,2,,,,,,,,,e-uk,1,"Oxford, Bodleian library",4209,,corporate,1602 -,http://thesaurus.cerl.org/record/cnc00013057,"[{""characterisation"":[""noc""],""dates"":""1602 -"",""externalId"":[""http://thesaurus.cerl.org/record/cnc00013057""],""name"":""Oxford, Bodleian library"",""ownerId"":4209,""professionOrType"":[""uni""],""type"":""corporate""}]",,,,,,,,,,,,,,,,,,,,1,
02100039-p001,02100039,1,1501,1600,16,a,k,a,x,,,1,Anonymous,00015873,R110,person,1501-1600,,"[{""characterisation"":[""unk""],""dates"":""1501-1600"",""gender"":""1003"",""name"":""Anonymous "",""ownerId"":""00015873"",""professionOrType"":[""unk""],""role"":""R110"",""type"":""person""}]",,t,c,a,b,c,,,,,,,,,,,,,,0,"{""edges"":""b"",""furniture"":""1"",""gauffered"":""d"",""titling"":[""z""],""tooling"":""a"",""writingOnEdges"":""d""}"
02100039-p002,02100039,2,1648,,17,a,a,a,x,On the front flyleaf in ms: 'Maria van Roosemburch niet Sonder Godt 48'.  On the front pastedown in ms:  'dit boeck is out 148 jaer gelijck after te lesen is'.,e-ne,1,"Roosenburch, Maria van",00016934,R390,person,1550-1700,,"[{""characterisation"":[""unk""],""dates"":""1550-1700"",""gender"":""1001"",""name"":""Roosenburch, Maria van"",""ownerId"":""00016934"",""professionOrType"":[""unk""],""role"":""R390"",""type"":""person""}]",,,,,,,,,,,,,,,,,,,1648,0,"{""hasPersonalNotes"":""1""}"
02100039-p003,02100039,3,1829,,19,a,h | o | s,a,x,"Acquired before 1829. See: Catalogus incunabelen 1829, f. 133 (Manuscript catalogue of KB incunabula,  The Hague, KB, Archives). 20th century library marks on the paste down and flyleaf in the front of the book. Shelfmark pasted on the spine.",e-ne,1,Koninklijke Bibliotheek - Nationale Bibliotheek van Nederland,4014,R399,corporate,1798-,http://thesaurus.cerl.org/record/cnc00011239,"[{""characterisation"":[""noc""],""dates"":""1798-"",""externalId"":[""http://thesaurus.cerl.org/record/cnc00011239""],""name"":""Koninklijke Bibliotheek - Nationale Bibliotheek van Nederland"",""ownerId"":""4014"",""professionOrType"":[""lib""],""role"":""R399"",""type"":""corporate"",""variants"":[""The Hague, Koninklijke Bibliotheek"",""Den Haag, Koninklijke Bibliotheek"",""Den Haag, KB""]}]",,,,,,,,,,,,,,"Stamp of KB, used between 1867-1880. See: https://www.kb.nl/sites/default/files/150e13.jpg","[{""note"":""IV 232 [Olim]""}]",,,,1829,1,
02100049-p001,02100049,1,1451,1500,15,a,l,a,g,,,1,Anonymous,00016856,R430,person,1451-1500,,"[{""characterisation"":[""unk""],""dates"":""1451-1500"",""gender"":1003,""name"":""Anonymous "",""ownerId"":""00016856"",""professionOrType"":[""unk""],""role"":""R430"",""type"":""person""}]",,,,,,,,,,,,,,,,,,,,0,"{""hasIlluminations"":1,""hasIllustrationsByHand"":1,""hasOrnamentalLetters"":1,""hasPenInitials"":1,""hasRubrication"":1}"
02100049-p002,02100049,2,1451,1600,15 | 16,a,k,a,g,,,1,Anonymous,00016951,R110,person,1451-1600,,"[{""characterisation"":[""unk""],""dates"":""1451-1600"",""gender"":1003,""name"":""Anonymous"",""ownerId"":""00016951"",""professionOrType"":[""unk""],""role"":""R110"",""type"":""person""}]","Possibly contemporary binding. Boards covered in velvet that is lilac-grey now, but probably red originally. There is a blind stamp of a cardinal's hat on the front and back of the book. Traces of fastening. ",s,c,e,i,c,,,,,,,,,,,,,,0,"{""edges"":""d"",""furniture"":0,""gauffered"":""d"",""titling"":[""z""],""tooling"":""a"",""writingOnEdges"":""d""}"
02100049-p003,02100049,3,,2008,15 | 16 | 17 | 18 | 19 | 20 | 21,a,s,a,g,,e-gx,1,Bassenge,00017030,R065,corporate,1963-,,"[{""dates"":""1963-"",""name"":""Bassenge"",""ownerId"":""00017030"",""professionOrType"":[""bkt""],""role"":""R065"",""type"":""corporate"",""variants"":[""Berlin, Galerie Bassenge""]}]",,,,,,,,,,,,,,,,,,,2008,1,
02100049-p004,02100049,4,2008,,21,a,h | o,a,a,"Shelfmark on front endleaf in pencil. For stamp, see: https://www.kb.nl/sites/default/files/provo_0149_1-5_iets.jpg",e-ne,1,Koninklijke Bibliotheek - Nationale Bibliotheek van Nederland,4014,R399,corporate,1798-,http://thesaurus.cerl.org/record/cnc00011239,"[{""characterisation"":[""noc""],""dates"":""1798-"",""externalId"":[""http://thesaurus.cerl.org/record/cnc00011239""],""name"":""Koninklijke Bibliotheek - Nationale Bibliotheek van Nederland"",""ownerId"":4014,""professionOrType"":[""lib""],""role"":""R399"",""type"":""corporate"",""variants"":[""The Hague, Koninklijke Bibliotheek"",""Den Haag, Koninklijke Bibliotheek"",""Den Haag, KB""]}]",,,,,,,,,,,,,,"Stamp of KB, see: https://www.kb.nl/sites/default/files/provo_0149_1-5_iets.jpg",,,,,,1,
02147380-p001,02147380,1,,1871,15 | 16 | 17 | 18 | 19,a,,a | b,,,e-be,1,,3791,R390,person,,http://thesaurus.cerl.org/record/cnp01310375,"[{""characterisation"":[""noc""],""externalId"":[""http://thesaurus.cerl.org/record/cnp01310375""],""gender"":""1002"",""ownerId"":""3791"",""role"":""R390"",""type"":""person"",""variants"":[""Serrure, Constant Philippe"",""Serrure, C. Philippe"",""Serrure, Constant-Philippe"",""Serrure, Philippe""]}]",Bordered by a thin golden frame,v,c,,b,g,160,112,30,"Full-pages printed illustrations: the representation of the Moon with texts in french; beginning of the Offices.  
Smaller printed illustrations: framed scenes in the calendar with zodiac signs and works; martyr scenes, and small printed decorated initials. ",Red ink for titles and initilas.,15th,,,,,,,,1,"{""edges"":""c"",""gauffered"":""d"",""hasIllustrationsStamped"":""1"",""hasRubrication"":""1"",""titling"":[""b""],""tooling"":""b"",""writingOnEdges"":""d""}"
02147380-p002,02147380,2,1862,,19,a,,a | b,,"Engelbert-Auguste d'Arenberg wanted to expand the family collection, and thanks to the work of his librarian Charles De Brou (1811-1877) the Collection Spéciale increased in number with the acquisition of Constant Philippe Serrure's books between 1862 and 1871. (Cockx-Indestege, Delsaerdt, vol. I-II, 2022)",e-be,1,"Arenberg, Engelbert-Auguste d'",3790,,person,1824-1875,https://fr.wikipedia.org/wiki/Engelbert-Auguste_d'Arenberg,"[{""characterisation"":[""ari""],""dates"":""1824-1875"",""externalId"":[""https://fr.wikipedia.org/wiki/Engelbert-Auguste_d'Arenberg""],""gender"":""1002"",""name"":""Arenberg, Engelbert-Auguste d'"",""ownerId"":""3790"",""professionOrType"":[""pol""],""type"":""person"",""variants"":[""Arenberg, Engelbert August Anton, Duke of""]}]",,,,,,,,,,,,,,,"[{""note"":""Part of the Collection Speciàle of the Arenberg family""}]",,,,,1,
02147380-p003,02147380,3,1955,1960,20,a,r,a | b,,"Handwritten note with the price of the specimen: $1200.
William H. Schab, had the chance to have a look at the Arenberg Collection in 1955, after which he purchased many specimens from the family and made them send to New York. (Cockx-Indestege, Delsaerdt, Vol. I, 2022)
",,1,"Schab, William H.",3728,,person,1888 - 1975,"http://thesaurus.cerl.org/record/cnp00213102 | https://aeolus.bodleian.ox.ac.uk/collections/incunables/provenances_for_mei.xml#xpointer(//*[@id=""3229""])","[{""characterisation"":[""noc""],""dates"":""1888 - 1975"",""externalId"":[""http://thesaurus.cerl.org/record/cnp00213102"",""https://aeolus.bodleian.ox.ac.uk/collections/incunables/provenances_for_mei.xml#xpointer(//*[@id=\""3229\""])""],""gender"":""1002"",""name"":""Schab, William H."",""ownerId"":""3728"",""professionOrType"":[""bkt""],""type"":""person"",""variants"":[""Schab, William Henry"",""Schab, Wilhelm Heinrich""]}]",,,,,,,,,,,,,Handwritten note with the price of the specimen: $1200,,,,,,,1,
02147380-p004,02147380,4,1960,,20,a,o,a | b,a,Purchased from William H. Schab in 1960.,e-be,1,"Brussels, Royal Library of Belgium",00016800,R399,corporate,1559-,,"[{""dates"":""1559-"",""gender"":""1003"",""name"":""Brussels, Royal Library of Belgium"",""ownerId"":""00016800"",""professionOrType"":[""lib""],""role"":""R399"",""type"":""corporate"",""variants"":[""Bruxelles, Bibliothèque royale de Belgique"",""Brussels, Koninklijke Bibliotheek van België"",""Brussels, KBR""]}]",,,,,,,,,,,,,Handwritten notes with pencil with previous shelfmarks numbers and bibliography,,"[{""note"":""Written in pencil: LP 370 A.""}]",1200,dollars,Price inscribed in pencil on the front pastedown,,1,
00560464-p001,00560464,1,,,,,,,,,,1,"Ehrman, Albert",00012163,R390,person,,https://aeolus.bodleian.ox.ac.uk/collections/incunables/provenances_for_mei.xml#xpointer(//*[@id= | http://thesaurus.cerl.org/record/cnp01256243,"[{""externalId"":[""https://aeolus.bodleian.ox.ac.uk/collections/incunables/provenances_for_mei.xml#xpointer(//*[@id="",""http://thesaurus.cerl.org/record/cnp01256243""],""name"":""Ehrman, Albert"",""ownerId"":""00012163"",""role"":""R390"",""type"":""person"",""variants"":[""Ehrmann, Albert"",""Broxbourne Library""]}]",,,,,,,,,,,,,,,,,,,,0,
00560464-p002,00560464,2,,,,,,,,,,1,"Ehrman, John",3819,R390,person,,http://thesaurus.cerl.org/record/cnp01427922,"[{""externalId"":[""http://thesaurus.cerl.org/record/cnp01427922""],""name"":""Ehrman, John"",""ownerId"":""3819"",""role"":""R390"",""type"":""person"",""variants"":[""Ehrman, John Patrick William"",""J. P. W. Ehrman""]}]",,,,,,,,,,,,,,,,,,,,0,
00560464-p003,00560464,3,,,,a,,,,"[A2r] inscribed 'Monasterij' in a seventeenth-century hand, the other part erased. Typed information (undated but before 1950; see below) from Martin Breslauer, offering the book for sale (price erased). He calls it 'the first German Book of Hours in the vernacular'. The Broxbourne Library of Albert Ehrman (1890-1969), with his armorial bookplate to the front pastedown, with the motto 'pro viribus summis contendo', and the Bibliotheca Broxbourniana bookplate (dated 1950) to the rear pastedown. Front endpaper inscribed 'To John [Ehrman], a present for presenting us with a grandson, William.  [From] Mummy & Daddy [i.e. Albert Ehrman], Sept. [19]50.'  Presented by John Ehrman, through the Friends of the National Libraries, in April 1977.",e-uk-en,1,Cambridge University Library,3463,R390,corporate,,http://thesaurus.cerl.org/record/cnc00002301,"[{""characterisation"":[""noc""],""externalId"":[""http://thesaurus.cerl.org/record/cnc00002301""],""name"":""Cambridge University Library"",""ownerId"":3463,""professionOrType"":[""lib""],""role"":""R390"",""type"":""corporate"",""variants"":[""Cambridge, University, Library"",""University Library, Cambridge"",""University of Cambridge, Cambridge University Library"",""University of Cambridge, Library"",""University of Cambridge, University Library""]}]",Twentieth-century brown morocco.,,,,,,,,,"Borders coloured by a contemporary hand (up to leaf f6; uncoloured after), as are the fourteen full-page miniatures and the printed historiated initials (mostly containing figures). Foliation and headings in an early hand.",,,,,,,,,,1,
00211773-p001,00211773,1,,1600,15 | 16,,,,,,,1,"Protzer, Johannes (d.1528)",00013910,,per,- 1528,https://aeolus.bodleian.ox.ac.uk/collections/incunables/provenances_for_mei.xml#xpointer(//*[@id= | http://thesaurus.cerl.org/record/cnp01223757,"[{""dates"":"" - 1528"",""externalId"":[""https://aeolus.bodleian.ox.ac.uk/collections/incunables/provenances_for_mei.xml#xpointer(//*[@id="",""http://thesaurus.cerl.org/record/cnp01223757""],""name"":""Protzer, Johannes (d.1528)"",""note"":""of Nuremberg; see Georg Andreas Will, Nürnbergisches Gelehrten-Lexicon, III (Nuremberg and Altdorf, 1757), 250, and VII (1806), 213; Dennis E. Rhodes, `A Fifteenth-century German Book Collector in Italy: Johann Protzer', in Hellinga Festschrift/ Feestbundel/ Mélanges, ed. A. R. A. Croiset van Uchelen (Amsterdam, 1980), 435-9; Wagner 85-6; Albrecht Schmidt, `Die Bibliotheken der Stadt Nördlingen', Zeitschrift des Historischen Vereins für Schwaben und Neuburg, 47 (1927), 106-78; Peter Amelung, `Nochmals zur Bibliothek Protzers', Gb Jb (1981), 277-83; Anthony Hobson, `A German Student in Italy: his Books and Bindings', in Mélanges d'histoire de la reliure offerts à Georges Colin, ed. Claude Sorgeloos (Brussels, 1998), 87-99; Protzer bequeathed his books to three libraries in his home town of Nördlingen, the majority, including 101 volumes of Roman law, to the Ratsbibliothek; the hasp-mark indicates that the library was a chained one."",""ownerId"":""00013910"",""type"":""per"",""variants"":[""Protzer, Johannes""]}]",,,,,,,,,,,,,,,,,,,,0,
00211773-p002,00211773,2,,,,,,,,,e-uk,1,"Oxford, Bodleian library",4209,,corporate,1602 -,http://thesaurus.cerl.org/record/cnc00013057,"[{""characterisation"":[""noc""],""dates"":""1602 -"",""externalId"":[""http://thesaurus.cerl.org/record/cnc00013057""],""name"":""Oxford, Bodleian library"",""ownerId"":4209,""professionOrType"":[""uni""],""type"":""corporate""}]",,,,,,,,,,,,,,,,,,,,1,
00560465-p001,00560465,1,,,,,,,,,,1,"Moore, John",00018466,R390,person,1646-1714,,"[{""dates"":""1646-1714"",""name"":""Moore, John"",""ownerId"":""00018466"",""role"":""R390"",""type"":""person""}]",,,,,,,,,,,,,,,,,,,,0,
00560465-p002,00560465,2,,,,a,,,,"Bookplate of the Royal Library (collection of Bishop John Moore, given to Cambridge University Library in 1715 by George I). Decoration: Principal initials supplied in red, green and blue with pen flourishes in red; initials supplied, capitals picked out and headings underlined in red. Old shelfmarks: AB.5.54; C.6.17.",e-uk-en,1,Cambridge University Library,3463,R390,corporate,,http://thesaurus.cerl.org/record/cnc00002301,"[{""characterisation"":[""noc""],""externalId"":[""http://thesaurus.cerl.org/record/cnc00002301""],""name"":""Cambridge University Library"",""ownerId"":3463,""professionOrType"":[""lib""],""role"":""R390"",""type"":""corporate"",""variants"":[""Cambridge, University, Library"",""University Library, Cambridge"",""University of Cambridge, Cambridge University Library"",""University of Cambridge, Library"",""University of Cambridge, University Library""]}]",Eighteenth century half calf; rebacked.,,,,,,,,,,,,,,,,,,,1,
02126520-p001,02126520,1,1601,1700,17,a,,a,x,,,1,Anonymous,00017042,R110,person,1601-1700,,"[{""characterisation"":[""unk""],""dates"":""1601-1700"",""gender"":""1003"",""name"":""Anonymous"",""ownerId"":""00017042"",""professionOrType"":[""unk""],""role"":""R110"",""type"":""person""}]","Restored in 1962, in Saint Petersburg",u,c,a,b,c,212,154,77,,,,,,,,,,,0,"{""edges"":""d"",""furniture"":""1"",""gauffered"":""d"",""hasIllustrationsByHand"":""1"",""titling"":[""z""],""tooling"":""a"",""writingOnEdges"":""d""}"
02126520-p002,02126520,2,1758,1839,18 | 19,a,a,a,x,Inscription (one word in the leaf from 12 recto): Сия книга Есть з библиотеки монастыра Жировицкого Чину Стаго Василия Великoго 1758 Anno Подписана,e-bw,1,"Zhyrovichy, Basilian, OSBM",00023075,R390,corporate,1613-1839,https://en.wikipedia.org/wiki/Zhyrovichy_Monastery,"[{""characterisation"":[""rel""],""dates"":""1613-1839"",""externalId"":[""https://en.wikipedia.org/wiki/Zhyrovichy_Monastery""],""name"":""Zhyrovichy, Basilian, OSBM"",""ownerId"":""00023075"",""professionOrType"":[""rei""],""role"":""R390"",""type"":""corporate"",""variants"":[""Жыровіцкі манастыр"",""Monasterium Zyrowiciensis Beatae Virginis Mariae"",""Žirovicų Bazilijonų vienuolynas"",""Zhyrovichy Monastery"",""Монастир Жировицкий Чина Святаго Васïлïя Велïкаго ""]}]",,,,,,,,,,,,,,,,,,,,1,"{""hasMsComments"":""1"",""hasMsLectureNotes"":""1"",""msFrequency"":""a"",""msLocation"":""d""}"
02126520-p003,02126520,3,1845,1939,19 | 20,a,e,b,e,,e-ur-li,1,"Vilnius, Orthodox Seminary",00024322,R390,corporate,1845-1939,,"[{""characterisation"":[""rel""],""dates"":""1845-1939"",""name"":""Vilnius, Orthodox Seminary"",""ownerId"":""00024322"",""professionOrType"":[""rei""],""role"":""R390"",""type"":""corporate"",""variants"":[""Литовская духовная семинария"",""Kursy Seminarjalne"",""Wilenskie Prawosławne Seminarjum Duchowne"",""Prawosławne Seminarjum Duchowne Metropolitalne w Wilnie"",""Państwowe Prawosławne Seminarjum Duchowne w Wilnie"",""Lietuvos dvasinė seminarija"",""Seminariniai kursai"",""Stačiatikių metropolijos dvasinė seminarija Vilniuje"",""Valstybinė stačiatikių dvasinė seminarija Vilniuje""]}]",,,,,,,,,,,,,,,"[{""pattern"":""Зала А, шкаф No I, полка I, место 35""}]",,,,,1,
02126520-p004,02126520,4,1940,,20,a,a | h,a,e,,,1,"Vilnius, The Wroblewski Library of the Lithuanian Academy of Sciences",00017202,R399,corporate,1912,,"[{""characterisation"":[""noc""],""dates"":""1912"",""name"":""Vilnius, The Wroblewski Library of the Lithuanian Academy of Sciences"",""ownerId"":""00017202"",""professionOrType"":[""lib""],""role"":""R399"",""type"":""corporate"",""variants"":[""Lietuvos mokslų akademijos Vrublevskių biblioteka"",""Biblioteka im. Wróblewskich Litewskiej Akademii Nauk"",""The Library of the Lithuanian Academy of Sciences"",""Biblioteka Wróblewskich"",""Biblioteka imienia Eustachiego i Emilii Wróblewskich""]}]",,,,,,,,,,,,,,,"[{""pattern"":""Dział Cymeljów 35""}]",,,,,1,
00207797-p001,00207797,1,,,,,,,,"Purchased in 1950 for £14 from Marlborough Rare Books, Catalogue 12, no. 47; see BLR 3, 32 (1951), 226.",,1,Marlborough Rare Books,00013321,,per,,https://aeolus.bodleian.ox.ac.uk/collections/incunables/provenances_for_mei.xml#xpointer(//*[@id=,"[{""externalId"":[""https://aeolus.bodleian.ox.ac.uk/collections/incunables/provenances_for_mei.xml#xpointer(//*[@id=""],""name"":""Marlborough Rare Books"",""note"":""144-146 New Bond Street, London, WIY 9FD; first catalogue appeared in Mar. 1947."",""ownerId"":""00013321"",""type"":""per""}]",,,,,,,,,,,,,,,,,,,,0,
00207797-p002,00207797,2,,,,,,,,B. Opich(?); signature on [*1r].,,1,"Opich(?),",00013646,,per,,"https://aeolus.bodleian.ox.ac.uk/collections/incunables/provenances_for_mei.xml#xpointer(//*[@id=""2671""])","[{""externalId"":[""https://aeolus.bodleian.ox.ac.uk/collections/incunables/provenances_for_mei.xml#xpointer(//*[@id=\""2671\""])""],""name"":""Opich(?),"",""note"":""B."",""ownerId"":""00013646"",""type"":""per""}]",,,,,,,,,,,,,,,,,,,,0,
00207797-p003,00207797,3,1501,1600,16,,,,,Ludovicus Hirn (fl. 1558); inscription on front endleaf: 'Ludouicus Hirn est possessor huius libri anno domini 1558'.,,1,"Hirn, Ludwig (fl. 1558).",00012758,,per,,https://aeolus.bodleian.ox.ac.uk/collections/incunables/provenances_for_mei.xml#xpointer(//*[@id=,"[{""externalId"":[""https://aeolus.bodleian.ox.ac.uk/collections/incunables/provenances_for_mei.xml#xpointer(//*[@id=""],""name"":""Hirn, Ludwig (fl. 1558)."",""ownerId"":""00012758"",""type"":""per"",""variants"":[""Hirn, Ludwig""]}]",,,,,,,,,,,,,,,,,,,,0,
00207797-p004,00207797,4,1501,1600,16,,,,,Sebastianus Molitor (sixteenth century); inscription on [*1r]: 'Ex donatione venerabilis domini Sebastiani Molitoris olim in Molszheim primissarius requiescat in pace'.,,1,"Molitor, Sebastianus (sixteenth century)",00013464,,per,,"https://aeolus.bodleian.ox.ac.uk/collections/incunables/provenances_for_mei.xml#xpointer(//*[@id=""2454""])","[{""externalId"":[""https://aeolus.bodleian.ox.ac.uk/collections/incunables/provenances_for_mei.xml#xpointer(//*[@id=\""2454\""])""],""name"":""Molitor, Sebastianus (sixteenth century)"",""note"":""of Molsheim, Alsace."",""ownerId"":""00013464"",""type"":""per"",""variants"":[""Molitor, Sebastianus""]}]",,,,,,,,,,,,,,,,,,,,0,
00207797-p005,00207797,5,1501,1600,16,,,,,Albertus Zinck (fl. 1578); inscription on front endleaf: 'Albertus Zinck est possessor huius libri Anno domini 1578'.,,1,"Zinck, Albertus (fl. 1578).",00015132,,per,,https://aeolus.bodleian.ox.ac.uk/collections/incunables/provenances_for_mei.xml#xpointer(//*[@id=,"[{""externalId"":[""https://aeolus.bodleian.ox.ac.uk/collections/incunables/provenances_for_mei.xml#xpointer(//*[@id=""],""name"":""Zinck, Albertus (fl. 1578)."",""ownerId"":""00015132"",""type"":""per"",""variants"":[""Zinck, Albertus""]}]",,,,,,,,,,,,,,,,,,,,0,
00207797-p006,00207797,6,,,,,,,,,e-uk,1,"Oxford, Bodleian library",4209,,corporate,1602 -,http://thesaurus.cerl.org/record/cnc00013057,"[{""characterisation"":[""noc""],""dates"":""1602 -"",""externalId"":[""http://thesaurus.cerl.org/record/cnc00013057""],""name"":""Oxford, Bodleian library"",""ownerId"":4209,""professionOrType"":[""uni""],""type"":""corporate""}]",,,,,,,,,,,,,,,,,,,,1,
02008999-p001,02008999,1,1491,1510,15 | 16,b,l,,,,e-gx,0,,,,,,,,,,,,,,,,,"A few large initials, with marginal extensions, added in red and blue.","Most initials added in red or blue alternately, paragraph marks and capital strokes in red. Calendar ruled in brown.",15th-16th century,,,,,,,,0,
02008999-p002,02008999,2,1585,1585,16,a,a,,,Ownership notation “Johana Reynenbrynin” and date “1585” on title page.,e-gx,1,"Reinenbrin, Johanna",3363,R390,person,1585,http://thesaurus.cerl.org/record/cnp01447965,"[{""characterisation"":[""unk""],""dates"":""1585"",""externalId"":[""http://thesaurus.cerl.org/record/cnp01447965""],""gender"":""1001"",""name"":""Reinenbrin, Johanna"",""note"":""Floruit"",""ownerId"":""3363"",""role"":""R390"",""type"":""person""}]","16th-century blind-stamped leather over wooden boards; brass clasps, latches on front cover.  Edges stained blue.",t,c,a,b,c,,,,,,,"12 leaves of a paper MS containing Latin antiphons, versicles, and responses in a 16th-century hand bound at end (1^8 2^4; 1/1 blank); headed ""Access[us] altaris incipit felicit[er]"".  Some notes in German in another hand on the last page.",,,,,,,0,"{""edges"":""b"",""furniture"":""1"",""gauffered"":""d"",""tooling"":""a"",""writingOnEdges"":""d""}"
02008999-p003,02008999,3,1901,1960,20,a,n,f,,"Purchased by Harvard from Sandbergs Bokhandel, 1955.",e-sw,1,Sandbergs Bokhandel,3362,R160,corporate,,http://thesaurus.cerl.org/record/cnc00021685,"[{""characterisation"":[""noc""],""externalId"":[""http://thesaurus.cerl.org/record/cnc00021685""],""name"":""Sandbergs Bokhandel"",""ownerId"":""3362"",""role"":""R160"",""type"":""corporate"",""variants"":[""Sandbergs, A. B. Bokhandel""]}]",,,,,,,,,,,,,,,,,,,,1,
02008999-p004,02008999,4,1951,,20,a,e,,a,20 October 1955 — Bought from Sandbergs Bokhandel with the Susan A. E. Morse fund. ,n-us-ma,1,Harvard College Library,3523,R399,corporate,1636-,http://thesaurus.cerl.org/record/cnc00007523,"[{""characterisation"":[""noc""],""dates"":""1636-"",""externalId"":[""http://thesaurus.cerl.org/record/cnc00007523""],""name"":""Harvard College Library"",""ownerId"":""3523"",""role"":""R399"",""type"":""corporate"",""variants"":[""Harvard Library"",""Bibliotheca Harvardiana, Cambridge, Mass."",""College Library, Cambridge, Mass."",""HCL"",""Harvard College Library, Cambridge, Mass."",""Harvard College, Cambridge, Mass., Bibliotheca Harvardiana"",""Harvard College, Cambridge, Mass., Harvard Library"",""Harvard College, Cambridge, Mass., Widener Library"",""Harvard University Library"",""Harvard University, College Library"",""Harvard University, Faculty of Arts and Sciences, Library"",""Harvard University, Cambridge, Mass., Bibliotheca Harvardiana"",""Harvard University, Cambridge, Mass., College Library"",""Harvard University, Cambridge, Mass., Faculty of Arts and Sciences, Library"",""Harvard University, Cambridge, Mass., Widener Library <Harvard College>"",""Widener Library, Cambridge, Mass., Harvard College""]}]",,,,,,,,,,,,,,,,,,,,1,
02138788-p001,02138788,1,,,,,,,,,e-ne,1,"Westreenen van Tiellandt, Willem Hendrik Jacob van",00016628,R390,person,,http://thesaurus.cerl.org/record/cnp01397346 | http://thesaurus.cerl.org/record/cnp02141281 | http://thesaurus.cerl.org/record/cnp01259036,"[{""externalId"":[""http://thesaurus.cerl.org/record/cnp01397346"",""http://thesaurus.cerl.org/record/cnp02141281"",""http://thesaurus.cerl.org/record/cnp01259036""],""name"":""Westreenen van Tiellandt, Willem Hendrik Jacob van"",""ownerId"":""00016628"",""professionOrType"":[""lic""],""role"":""R390"",""type"":""person"",""variants"":[""Westreenen Van Tiellandt, Willem Hendrik Jacob van"",""Westreenen Van Tiellandt, Willem Hendrik Jacob Baron van""]}]",,,,,,,,,,,,,,,,,,,,1,
02138788-p002,02138788,2,,,,,,,,Beschrijving: catalogue FA 136/164a.,e-ne,1,Museum Meermanno | Huis van het boek,00016814,R399,corporate,,,"[{""name"":""Museum Meermanno | Huis van het boek"",""ownerId"":""00016814"",""professionOrType"":[""lib""],""role"":""R399"",""type"":""corporate"",""variants"":[""The Hague, Museum Meermanno "",""Museum Meermanno-Westreenianum"",""Museum Meermanno | Huis van het Boek""]}]",,,,,,,,,,,,,,,,,,,,1,
02120307-p001,02120307,1,,,,a,,,,,e-au,1,"Wien, Österreichische  Nationalbibliothek",2839,R399,corporate,,http://thesaurus.cerl.org/record/cnc00020465 | https://aeolus.bodleian.ox.ac.uk/collections/incunables/provenances_for_mei.xml#xpointer(//*[@id= | https://www.onb.ac.at/en/about-us/650th-anniversary/timeline/,"[{""characterisation"":[""noc""],""externalId"":[""http://thesaurus.cerl.org/record/cnc00020465"",""https://aeolus.bodleian.ox.ac.uk/collections/incunables/provenances_for_mei.xml#xpointer(//*[@id="",""https://www.onb.ac.at/en/about-us/650th-anniversary/timeline/""],""name"":""Wien, Österreichische  Nationalbibliothek"",""ownerId"":2839,""professionOrType"":[""lib""],""role"":""R399"",""type"":""corporate"",""variants"":[""Wien, Österreichische Nationalbibliothek"",""Vienne (Autriche), Österreichische Nationalbibliothek"",""Vienna, Hofbibliothek"",""Vienna, Bibliotheca Regia"",""Vienna, Österreichische Nationalbibliothek""]}]",,,,,,,,,,,,,,,,,,,,1,
02136286-p001,02136286,1,,,,,,,,(Bl. 1a) Konrad Hager (Schenkungsverm. von 1539).,,1,"Hager, Konrad",00028546,R390,,,,"[{""name"":""Hager, Konrad"",""ownerId"":""00028546"",""role"":""R390""}]",,,,,,,,,,,,,,,,,,,,0,
02136286-p002,02136286,2,,,,,,,,,,1,Universitätsbibliothek Tübingen,00028883,R399,,,https://thesaurus.cerl.org/cgi-bin/record.pl?rid=cnc00025088 | https://thesaurus.cerl.org/cgi-bin/record.pl?rid=cnc00005655 | https://thesaurus.cerl.org/cgi-bin/record.pl?rid=cnc00013333,"[{""externalId"":[""https://thesaurus.cerl.org/cgi-bin/record.pl?rid=cnc00025088"",""https://thesaurus.cerl.org/cgi-bin/record.pl?rid=cnc00005655"",""https://thesaurus.cerl.org/cgi-bin/record.pl?rid=cnc00013333""],""name"":""Universitätsbibliothek Tübingen"",""ownerId"":""00028883"",""role"":""R399"",""variants"":[""Tübingen, Universitätsbibliothek "","" Tuebingen UB"",""Tübingen, Eberhard-Karls-Universität"",""Tubingen UB""]}]","Pappband der UBT (K, 19. Jh.). Blattweiser.",,,,,,,,,,,,,,,,,,,1,
00561251-p001,00561251,1,,,,,,,,,,1,"Huth, Henry",4148,R390,person,1815-1878,http://thesaurus.cerl.org/record/cnp01304412,"[{""dates"":""1815-1878"",""externalId"":[""http://thesaurus.cerl.org/record/cnp01304412""],""name"":""Huth, Henry"",""ownerId"":4148,""role"":""R390"",""type"":""person""}]",,,,,,,,,,,,,,,,,,,,0,
00561251-p002,00561251,2,,,,,,,,,,1,"Huth, Alfred Henry",4029,R390,person,1850-1910,http://thesaurus.cerl.org/record/cnp01447988,"[{""dates"":""1850-1910"",""externalId"":[""http://thesaurus.cerl.org/record/cnp01447988""],""name"":""Huth, Alfred Henry"",""ownerId"":4029,""role"":""R390"",""type"":""person""}]",,,,,,,,,,,,,,,,,,,,0,
00561251-p003,00561251,3,,,,,,,,,,1,"Charrington, John",00018450,R390,person,1856-1939,,"[{""dates"":""1856-1939"",""name"":""Charrington, John"",""ownerId"":""00018450"",""role"":""R390"",""type"":""person""}]",,,,,,,,,,,,,,,,,,,,0,
00561251-p004,00561251,4,,,,a,,,,"Henry Huth and his son Alfred Henry Huth, their leather bookplate, inscribed 'Ex Musaeo Huthii', on upper pastedowns.  Described in The Huth library : A catalogue of the printed books, manuscripts, autograph letters, and engravings, collected by Henry Huth, with collations and bibliographical descriptions, 5 vols, London, 1880, vol. 3, pp. 1041-42. Huth sale, VI portion, Sotheby's, 11-18 July 1917, lot 5336, bought by Quaritch for Â£ 134.0.0.  Given by John Charrington, M.A., Trinity College, in 1917.",e-uk-en,1,Cambridge University Library,3463,R390,corporate,,http://thesaurus.cerl.org/record/cnc00002301,"[{""characterisation"":[""noc""],""externalId"":[""http://thesaurus.cerl.org/record/cnc00002301""],""name"":""Cambridge University Library"",""ownerId"":3463,""professionOrType"":[""lib""],""role"":""R390"",""type"":""corporate"",""variants"":[""Cambridge, University, Library"",""University Library, Cambridge"",""University of Cambridge, Cambridge University Library"",""University of Cambridge, Library"",""University of Cambridge, University Library""]}]","Blind-tooled brown morocco over pasteboards, with bookblock edges gilt, signed by Bedford, England, London, 19th century.",,,,,,,,,,,,,,,,,,,1,
02116074-p001,02116074,1,,,,a,,,,,e-au,1,"Wien, Österreichische  Nationalbibliothek",2839,R399,corporate,,http://thesaurus.cerl.org/record/cnc00020465 | https://aeolus.bodleian.ox.ac.uk/collections/incunables/provenances_for_mei.xml#xpointer(//*[@id= | https://www.onb.ac.at/en/about-us/650th-anniversary/timeline/,"[{""characterisation"":[""noc""],""externalId"":[""http://thesaurus.cerl.org/record/cnc00020465"",""https://aeolus.bodleian.ox.ac.uk/collections/incunables/provenances_for_mei.xml#xpointer(//*[@id="",""https://www.onb.ac.at/en/about-us/650th-anniversary/timeline/""],""name"":""Wien, Österreichische  Nationalbibliothek"",""ownerId"":2839,""professionOrType"":[""lib""],""role"":""R399"",""type"":""corporate"",""variants"":[""Wien, Österreichische Nationalbibliothek"",""Vienne (Autriche), Österreichische Nationalbibliothek"",""Vienna, Hofbibliothek"",""Vienna, Bibliotheca Regia"",""Vienna, Österreichische Nationalbibliothek""]}]",,,,,,,,,,,,,,,,,,,,1,
00204685-p001,00204685,1,1496,,15,,a,,a,Cancelled inscription on L6v: 'Per me fratrem Caspar Pronner Lithomericensem est iste libellus incorporatus [i.e. rubricated; cf. another inscription in Goldschmidt I 32 n. 1] et emtus Anno domini 1496 in ottaua visitacionis virginis gloriose et pertinet conuentui Budwyensis'.,e-xr,2,"Ĉeské Budějovice (Budweis), Bohemia, Dominicans, BVM, OP | Pronner, Caspar, OP",00011782 | 00013909,R390,corporate | person,1496,"https://aeolus.bodleian.ox.ac.uk/collections/incunables/provenances_for_mei.xml#xpointer(//*[@id=""739""]) | https://aeolus.bodleian.ox.ac.uk/collections/incunables/provenances_for_mei.xml#xpointer(//*[@id=""2941""])","[{""characterisation"":[""rel""],""externalId"":[""https://aeolus.bodleian.ox.ac.uk/collections/incunables/provenances_for_mei.xml#xpointer(//*[@id=\""739\""])""],""name"":""Ĉeské Budějovice (Budweis), Bohemia, Dominicans, BVM, OP"",""ownerId"":""00011782"",""professionOrType"":[""rei""],""role"":""R390"",""type"":""corporate"",""variants"":[""Ĉeské Budějovice, Dominicans, BVM, OP""]},{""characterisation"":[""rel""],""dates"":""1496"",""externalId"":[""https://aeolus.bodleian.ox.ac.uk/collections/incunables/provenances_for_mei.xml#xpointer(//*[@id=\""2941\""])""],""gender"":""1002"",""name"":""Pronner, Caspar, OP"",""note"":""Floruit"",""ownerId"":""00013909"",""professionOrType"":[""cle""],""role"":""R390"",""type"":""person"",""variants"":[""Pronner, Caspar""]}]",,,,,,,,,,,,,,,,,,,,1,
00204685-p002,00204685,2,,,,,,,,,e-uk,1,"Oxford, Bodleian library",4209,,corporate,1602 -,http://thesaurus.cerl.org/record/cnc00013057,"[{""characterisation"":[""noc""],""dates"":""1602 -"",""externalId"":[""http://thesaurus.cerl.org/record/cnc00013057""],""name"":""Oxford, Bodleian library"",""ownerId"":""4209"",""professionOrType"":[""uni""],""type"":""corporate""}]",,,,,,,,,,,,,,,,,,,,1,
00200707-p001,00200707,1,1498,1500,15,a,k | l,a | b | c,,,e-it,1,"Anonymous, Italy",00022489,R110,person,1498 - 1500,,"[{""characterisation"":[""unk""],""dates"":""1498 - 1500"",""gender"":1003,""name"":""Anonymous, Italy"",""ownerId"":""00022489"",""professionOrType"":[""unk""],""role"":""R110"",""type"":""person""}]","Contemporary Italian (?) parchment (reused) over thin pasteboards; in the middle of the upper cover: «FPAP» in an early hand, brown ink.",s,c,a,a,g,295,215,10,Main initials are supplied in blue with reserved-white decoration; other initials in blue or red.,,15th century,,,,,,,,0,"{""edges"":""d"",""furniture"":0,""gauffered"":""d"",""hasPenInitials"":1,""titling"":[""z""],""tooling"":""d"",""writingOnEdges"":""d""}"
00200707-p002,00200707,2,1899,1913,19 | 20,a,e,a | b | c,,"Bookplate of Raimondo Ambrosini on front free endleaf 1v, with ""CXVI"" added in the center blank panel.",e-it,1,"Ambrosini, Raimondo",00011123,R390,person,1855-1914,https://aeolus.bodleian.ox.ac.uk/collections/incunables/provenances_for_mei.xml#xpointer(//*[@id= | http://www.cittadegliarchivi.it/pages/getDetail/sysCodeId:IT-CPA-SP00001-0000213#contenuto,"[{""characterisation"":[""noc""],""dates"":"" 1855-1914"",""externalId"":[""https://aeolus.bodleian.ox.ac.uk/collections/incunables/provenances_for_mei.xml#xpointer(//*[@id="",""http://www.cittadegliarchivi.it/pages/getDetail/sysCodeId:IT-CPA-SP00001-0000213#contenuto""],""gender"":1002,""name"":""Ambrosini, Raimondo"",""ownerId"":""00011123"",""professionOrType"":[""law""],""role"":""R390"",""type"":""person"",""variants"":[""Ambrosini, R.""]}]",,,,,,,,,,,,,,,,,,,,1,
00200707-p003,00200707,3,1913,1919,20,a,e | m,a | b | c,,"Bookplate of Wilhelm Richter, ""Bibliotheca Richteriana"", on inner front board. Acquisition note in pencil on rear free endleaf 1v: ""Florenz, September 1913""; listed as no. 98 on p. 22 of his typescript inventory (titled on cover ""Bibliothek Richter, Wilhelm. 1919"") in the Huntington Library, with purchase price listed as ""500 Franken [i.e. lire]"".",e-gx,1,"Richter, Wilhelm",4403,R390,person,1853-1919,http://thesaurus.cerl.org/record/cnp01882125,"[{""characterisation"":[""noc""],""dates"":""1853-1919"",""externalId"":[""http://thesaurus.cerl.org/record/cnp01882125""],""gender"":1002,""name"":""Richter, Wilhelm"",""ownerId"":4403,""professionOrType"":[""scl""],""role"":""R390"",""type"":""person""}]",,,,,,,,,,,,,,,,500,Italian lire,,,1,
00200707-p004,00200707,4,1924,1924,20,a,s,f,,"Recorded as purchased by Henry E. Huntington from Rosenbach, October 1924.",n-us-pa,1,Rosenbach Company,00015333,R160,corporate,1903-1953,http://thesaurus.cerl.org/record/cnp01427860,"[{""characterisation"":[""noc""],""dates"":""1903-1953"",""externalId"":[""http://thesaurus.cerl.org/record/cnp01427860""],""name"":""Rosenbach Company"",""ownerId"":""00015333"",""professionOrType"":[""bkt""],""role"":""R160"",""type"":""corporate"",""variants"":[""Philadelphia PA, Rosenbach Company""]}]",,,,,,,,,,,,,,,,,,,,1,
00200707-p005,00200707,5,1924,1927,20,a,s,f,a,"Purchased from Rosenbach, October 1924; donated to the Huntington Library, which he established in 1927.",n-us-ca,1,"Huntington, Henry Edwards",3291,R320,person,1850 - 1927,http://thesaurus.cerl.org/record/cnp01447942 | https://lccn.loc.gov/n79142584,"[{""characterisation"":[""noc""],""dates"":""1850 - 1927"",""externalId"":[""http://thesaurus.cerl.org/record/cnp01447942"",""https://lccn.loc.gov/n79142584""],""gender"":1002,""name"":""Huntington, Henry Edwards"",""ownerId"":3291,""professionOrType"":[""bus""],""role"":""R320"",""type"":""person""}]",,,,,,,,,,,,,,,,,,,,1,
00200707-p006,00200707,6,1927,,20,a,s,f,c,"Gift of Henry E. Huntington, 1927.",n-us-ca,1,The Huntington,00015692,R399,corporate,,https://lccn.loc.gov/n79049138,"[{""characterisation"":[""noc""],""externalId"":[""https://lccn.loc.gov/n79049138""],""name"":""The Huntington"",""ownerId"":""00015692"",""professionOrType"":[""lib""],""role"":""R399"",""type"":""corporate"",""variants"":[""San Marino, CA, The Huntington"",""Huntington Library"",""Henry E. Huntington Library and Art Gallery"",""Huntington Library, Art Collections, and Botanical Gardens"",""Huntington Library, Art Gallery and Botanical Gardens""]}]",,,,,,,,,,,,,,,,,,,,1,
00200706-p001,00200706,1,1902,,20,a,o,c,a,Bought in January 1902,e-uk,1,"London, British Museum Library, since 1973 The British Library",3442,R399,corporate,1753-,https://aeolus.bodleian.ox.ac.uk/collections/incunables/provenances_for_mei.xml#xpointer(//*[@id= | http://www.bl.uk/reshelp/findhelprestype/prbooks/provenanceresearch/provenanceresearch.html,"[{""characterisation"":[""noc""],""dates"":""1753-"",""externalId"":[""https://aeolus.bodleian.ox.ac.uk/collections/incunables/provenances_for_mei.xml#xpointer(//*[@id="",""http://www.bl.uk/reshelp/findhelprestype/prbooks/provenanceresearch/provenanceresearch.html""],""name"":""London, British Museum Library, since 1973 The British Library"",""ownerId"":""3442"",""professionOrType"":[""lib""],""role"":""R399"",""type"":""corporate"",""variants"":[""British Museum, London, Bibliotheca Britannica"",""British Museum, London, King's Library"",""King's Library, London"",""British Museum. Department of Printed Books"",""British Museum. Department of Manuscripts""]}]",,,,,,,,,,,,,,,,,,,,1,
00200566-p001,00200566,1,1500,1530,15 | 16,,a | m,,,"Notes in elementary cursive Italian hand, with a mercantesca base, on the first front endleaf in light brown ink: «Iste liber e[s]t mei Ioanes An | tonii Lambardo de domini | * quondam domini Francis[ci]i | et domini Marci et»; on the second front endleaf: «Afaciate un poco che non sanza dio | che  ti spagna re(?) per che | non tralaci non veogna di nomi spagnol ci | eco che som facio ea(?) eni me ripasi | loldato Christo che sole useo(?) | mi trovo consolato zolia facio | parlami chon esso sino che per dio | tigno la finestra nela facia».",e-it,1,Giovanni d'Antonio Lombardo,00029272,R390,person,1500-1530,,"[{""dates"":""1500-1530"",""gender"":""1002"",""name"":""Giovanni d'Antonio Lombardo"",""ownerId"":""00029272"",""role"":""R390"",""type"":""person""}]","Contemporary Venetian blind-tooled leather over bevelled wooden boards, re-backed; two sets of quintuple fillets form a double frame, withing the inner frame a repeated knotted cross; a clasp hanging from the middle of the upper cover, a metal catch in the lower cover; strips from a fairly contemporary Latin manuscript have been used to reinforce the binding and are still visible. ",s,c,a,b,c,112,86,22,,,,,,,,,,,1,"{""furniture"":""0"",""titling"":[""z""],""tooling"":""a""}"
00200566-p002,00200566,2,1530,1539,16,,a,,a,"on the first verso endleaf his bibliographical note: «4326 Marii Philelphi officiu(m) marie virginis et crucis et sp(irit)us sancti cum septe(m) psalmis et passione in versu thoscano»; on 103v: «Este libro assí enquadernado costo en Venecia 10 beços a dos de hebrero de 1530 y el ducado español vale 280 beços. Esta registrado 4326». In Segura Morera et al.’s catalogue the date given, 1520 instead of 1530, appears to be a typo, as a number of other manuscripts were bought in Venice and the Veneto in 1530 by Colón. 
The first substantial purchases of Colón in Venice occurred in 1521; he had instructed the Genoese merchant and banker Ottaviano Grimaldi (†1576) to ship the books to Seville via Cadiz. Unfortunately they were lost at sea; fortunately, however, they had already been registered and are listed in Hernando Colón, Memorial de los libros naufragados o Registro antiguo o Registrum A (1521, Feb-Nov.), Seville, Bibl. Colombina, MS 10-1-3; JOSÉ FRANCISCO SÁEZ GUILLÉN, Catálogo de manuscritos de la Biblioteca Colombina de Sevilla, Seville, Cabildo de la S.M. Y P.I. Catedral de Sevilla Institución Colombina, 2002, no. 620; KLAUS WAGNER, El itinerario de Hernando Colón segund sus anotaciones. Datos para la biografia del bibliofilo sevillano, «Archivo Hispalense», LXVI, no. 203, 1984 for 1983, pp. 81-99; ID., Hernando Colón: semblanza de un bibliófilo y de su biblioteca en el quinientos aniversario de su nacimiento, in El libro antiguo español. Actas del segundo Coloquio Internacional (Madrid), ed. María Luisa López-Vidriero and Pedro M. Cátedra, Salamanca, Ediciones de la Universidad de Salamanca, Biblioteca nacional de Madrid, Sociedad española de historia del libro, 1992, II, pp. 475-492.
A second trip to Venice took place in 1530, when he bought part of the collection of Marin Sanudo.",e-sp,1,"Colombo, Fernando",00024406,R390,person,1488 - 1539,,"[{""characterisation"":[""noc""],""dates"":""1488 - 1539"",""gender"":""1002"",""name"":""Colombo, Fernando"",""ownerId"":""00024406"",""professionOrType"":[""bus""],""role"":""R390"",""type"":""person"",""variants"":[""Colón, Hernando"",""Colombo, Fernando"",""Colombo, Ferdinando"",""Colón, Fernando"",""Columbus, Ferdinand""]}]",,,,,,,,,,,,,,,,10,beços,Purchased in Venice in 1530,,1,
00200566-p003,00200566,3,1552,,16,,s,,c,"Colón's library was deposited in 1544 at the Dominican convent of San Pablo, then passed to the Chapter of Seville in 1552. Colón had 15,000 books by the end of his life, with a special interest in vernacular languages, popular literature and cheap printing; JUAN GUILLÉN, Hernando Colón: humanismo y bibliofilia, Sevilla, Fundación José Manuel Lara, 2004, pp. 249-267. 
Sevilla, Biblioteca Colombina; old shelfmarks: J-37-30; BB-147-36; JUAN GUILLÉN TORRALBA, Historia de las Bibliotecas Capitular y Colombina, Sevilla, Fundación José Manuel Lara, 2006, pp. 107-176.
",e-sp,1,Biblioteca Capitular y Colombina,625,R399,corporate,1552-,,"[{""characterisation"":[""rel""],""dates"":""1552-"",""name"":""Biblioteca Capitular y Colombina"",""ownerId"":""625"",""professionOrType"":[""rei""],""role"":""R399"",""type"":""corporate"",""variants"":[""Biblioteca Capitular Colombina""]}]",,,,,,,,,,,,,,,,,,,,1,
02000909-p001,02000909,1,1701,1772,18,a,a,,,,e-it,1,Giovanni Andrea Barotti,434,R390,person,1701-1772,http://thesaurus.cerl.org/record/cnp00101130,"[{""dates"":""1701-1772"",""externalId"":["" http://thesaurus.cerl.org/record/cnp00101130""],""gender"":""1002"",""name"":""Giovanni Andrea Barotti"",""note"":""Biographer of Ariosto, of Ferrara"",""ownerId"":""434"",""role"":""R390"",""type"":""person""}]",,,,,,,,,,,,,,,,,,,,1,
02000909-p002,02000909,2,1701,1858,18 | 19,a,e,,,"Sale (1858), lot 1652",e-it,1,Giovanni Battista Costabili Containi,433,R390,person,1756-1841,https://www.treccani.it/enciclopedia/costabili-containi-giovanni-battista_%28Dizionario-Biografico%29/ | https://data.cerl.org/thesaurus/cnp02262215,"[{""dates"":""1756-1841"",""externalId"":[""https://www.treccani.it/enciclopedia/costabili-containi-giovanni-battista_%28Dizionario-Biografico%29/"",""https://data.cerl.org/thesaurus/cnp02262215""],""gender"":""1002"",""name"":""Giovanni Battista Costabili Containi"",""ownerId"":""433"",""role"":""R390"",""type"":""person"",""variants"":[""Costabili Containi, Giovanni Battista ""]}]",,,,,,,,,,,,,,,,,,,,1,
02000909-p003,02000909,3,1858,,19,a,,,a,"Bought in July, 1858",e-uk,1,British Museum Library,3442,R399,corporate,1753-,https://aeolus.bodleian.ox.ac.uk/collections/incunables/provenances_for_mei.xml#xpointer(//*[@id= | http://www.bl.uk/reshelp/findhelprestype/prbooks/provenanceresearch/provenanceresearch.html,"[{""characterisation"":[""noc""],""dates"":""1753-"",""externalId"":[""https://aeolus.bodleian.ox.ac.uk/collections/incunables/provenances_for_mei.xml#xpointer(//*[@id="",""http://www.bl.uk/reshelp/findhelprestype/prbooks/provenanceresearch/provenanceresearch.html""],""name"":""British Museum Library"",""ownerId"":""3442"",""role"":""R399"",""type"":""corporate"",""variants"":[""London, British Museum Library, since 1973 The British Library"",""British Museum, London, Bibliotheca Britannica"",""British Museum, London, King's Library"",""King's Library, London"",""British Museum. Department of Printed Books"",""British Museum. Department of Manuscripts""]}]",,,,,,,,,,,,,,,,,,,,1,
02135240-p001,02135240,1,,,,,,,,,,1,Universitätsbibliothek Tübingen,00028883,R399,,,https://thesaurus.cerl.org/cgi-bin/record.pl?rid=cnc00025088 | https://thesaurus.cerl.org/cgi-bin/record.pl?rid=cnc00005655 | https://thesaurus.cerl.org/cgi-bin/record.pl?rid=cnc00013333,"[{""externalId"":[""https://thesaurus.cerl.org/cgi-bin/record.pl?rid=cnc00025088"",""https://thesaurus.cerl.org/cgi-bin/record.pl?rid=cnc00005655"",""https://thesaurus.cerl.org/cgi-bin/record.pl?rid=cnc00013333""],""name"":""Universitätsbibliothek Tübingen"",""ownerId"":""00028883"",""role"":""R399"",""variants"":[""Tübingen, Universitätsbibliothek "","" Tuebingen UB"",""Tübingen, Eberhard-Karls-Universität"",""Tubingen UB""]}]","Pappband der UBT (Fr. Pf., 19. Jh.).",,,,,,,,,,,,,,,,,,,1,
02119676-p001,02119676,1,,,,a,,,,,e-au,1,"Wien, Österreichische  Nationalbibliothek",2839,R399,corporate,,http://thesaurus.cerl.org/record/cnc00020465 | https://aeolus.bodleian.ox.ac.uk/collections/incunables/provenances_for_mei.xml#xpointer(//*[@id= | https://www.onb.ac.at/en/about-us/650th-anniversary/timeline/,"[{""characterisation"":[""noc""],""externalId"":[""http://thesaurus.cerl.org/record/cnc00020465"",""https://aeolus.bodleian.ox.ac.uk/collections/incunables/provenances_for_mei.xml#xpointer(//*[@id="",""https://www.onb.ac.at/en/about-us/650th-anniversary/timeline/""],""name"":""Wien, Österreichische  Nationalbibliothek"",""ownerId"":2839,""professionOrType"":[""lib""],""role"":""R399"",""type"":""corporate"",""variants"":[""Wien, Österreichische Nationalbibliothek"",""Vienne (Autriche), Österreichische Nationalbibliothek"",""Vienna, Hofbibliothek"",""Vienna, Bibliotheca Regia"",""Vienna, Österreichische Nationalbibliothek""]}]",,,,,,,,,,,,,,,,,,,,1,
02125438-p001,02125438,1,1480,1550,15 | 16,a,,a | c,,,,1,Anonymous rubricator,00022335,R680,person,end of the 15th-beginning of the 16th cent.,,"[{""characterisation"":[""unk""],""dates"":""end of the 15th-beginning of the 16th cent."",""gender"":""1003"",""name"":""Anonymous rubricator"",""ownerId"":""00022335"",""professionOrType"":[""unk""],""role"":""R680"",""type"":""person"",""variants"":[""Anonymous""]}]",,,,,,,,,,,Initials and paragraph marks supplied in red.,,,,,,,,,0,"{""hasRubrication"":""1""}"
02125438-p002,02125438,2,1944,,20,a,e | h | o,a | c,a,Bought by the Library from the Lauriston Castle Fund 20 July 1944.,e-uk-st,1,National Library of Scotland,00017371,R399,corporate,1925-,,"[{""characterisation"":[""noc""],""dates"":""1925-"",""name"":""National Library of Scotland"",""ownerId"":""00017371"",""professionOrType"":[""lib""],""role"":""R399"",""type"":""corporate""}]",Modern vellum over boards. ,x,c,b,b,g,195,141,12,,,,,,,,,,,1,"{""edges"":""b"",""furniture"":""0"",""gauffered"":""d"",""titling"":[""a""],""tooling"":""d"",""writingOnEdges"":""d""}"
00200751-p001,00200751,1,1550,1700,16 | 17,,m,,,"Sul verso dell'ultimo foglio di guardia originale, che sembra essere stato staccato da un piatto che doveva costituire una precedente legatura, in inchiostro marrone nell'angolo in basso a sinistra le cifre: 'I.N.'",,0,,,,,,,,,,,,,,,,,,,,,,,,,,,0,
00200751-p002,00200751,2,1860,1923,19 | 20,,k,,,,e-fr,2,"Gruel, Léon",4638,R110,person,1841-1923,http://thesaurus.cerl.org/record/cnp01882260 | http://reliures.bnf.fr/ark:/12148/cdt9x18q,"[{""type"":""person""},{""characterisation"":[""noc""],""dates"":""1841-1923"",""externalId"":[""http://thesaurus.cerl.org/record/cnp01882260"","" http://reliures.bnf.fr/ark:/12148/cdt9x18q""],""gender"":1002,""name"":""Gruel, Léon"",""ownerId"":4638,""professionOrType"":[""bkt""],""role"":""R110"",""type"":""person""}]","Legatura in marocchino blu scuro. Contropiatti e guardie in cartoncino chiaro. Sul dorso autore, titolo, luogo e data di stampa impressi in oro. Contropiatti ornati con triplice filettatura dorata lungo i bordi. Il nome del legatore ('Gruel') è impresso in oro nel bordo inferiore del contropiatto anteriore. ",x,c,b,b,g,100,74,7,,,,,,,,,,,1,"{""edges"":""d"",""furniture"":0,""gauffered"":""d"",""titling"":[""b""],""tooling"":""b"",""writingOnEdges"":""d""}"
00200751-p003,00200751,3,1939,1960,20,,m,,a,"Sul contropiatto posteriore, il prezzo in matita (L 10,000) potrebbe fare riferimento all'acquisto del volume da parte di Cini. ",e-it,1,"Cini, Vittorio",139,R390,person,1885-1977,,"[{""characterisation"":[""ari""],""dates"":""1885-1977"",""gender"":1002,""name"":""Cini, Vittorio"",""ownerId"":139,""professionOrType"":[""bus"",""pol""],""role"":""R390"",""type"":""person""}]",,,,,,,,,,,,,,,,,,,,1,
00200751-p004,00200751,4,1960,,20,,,,b,I libri raccolti da Vittorio Cini passarono alla Fondazione nei primi anni '60.,e-it,1,"Venezia, Fondazione Giorgio Cini",138,R399,corporate,1951 -,,"[{""characterisation"":[""noc""],""dates"":""1951 - "",""name"":""Venezia, Fondazione Giorgio Cini"",""ownerId"":138,""professionOrType"":[""acd"",""lib""],""role"":""R399"",""type"":""corporate""}]",,,,,,,,,,,,,,,,,,,,1,
02015299-p001,02015299,1,1498,,15,b,k | m,a,x,,e-sz,1,"Anonymous, Switzerland",00010711,R020,person,1450-1525,,"[{""characterisation"":[""unk""],""dates"":""1450-1525"",""name"":""Anonymous, Switzerland"",""ownerId"":""00010711"",""professionOrType"":[""unk""],""role"":""R020"",""type"":""person"",""variants"":[""Anonimo, Svizzera""]}]",Remains on one clasp on the fore-edge; portions of two manuscripts on the paste-down.,s,c,a,b,c,110,80,35,,,,Headings in early hands.,,,,,,,1,"{""bindingDescription"":[""00010711""],""edges"":""d"",""furniture"":1,""gauffered"":""d"",""hasMsStructuring"":1,""msFrequency"":""c"",""msLocation"":""c"",""tooling"":""d"",""writingOnEdges"":""d""}"
02015299-p002,02015299,2,1564,,16,a,a | k | n,a | c,x,On the verso of the back flyleaf is written: 'Sum Melchioris Messerschmidt zü Bassel anno Domini 1564' and a symbol. Another note on the following leaf possibly by another man reads: Sum(?) Hans Messer'.,e-sz,1,"Messerschmidt, Melchior",00015784,R390,person,1540-1610,,"[{""characterisation"":[""unk""],""dates"":""1540-1610"",""gender"":1002,""name"":""Messerschmidt, Melchior"",""ownerId"":""00015784"",""professionOrType"":[""unk""],""role"":""R390"",""type"":""person""}]",,,,,,,,,,,,,,,,,,,,1,
02015299-p003,02015299,3,1599,1820,16 | 17 | 18 | 19,b,a,a,x,On the title-page: 'Loci Capucc: Friburgi'.,e-gx,1,"Freiburg im Breisgau, Baden-Württemberg, Capuchins",00012367,R390,corporate,1599-1820,"https://aeolus.bodleian.ox.ac.uk/collections/incunables/provenances_for_mei.xml#xpointer(//*[@id=""1334""]) | https://klosterdatenbank.adw-goe.de/gsn/20642","[{""characterisation"":[""rel""],""dates"":""1599-1820"",""externalId"":[""https://aeolus.bodleian.ox.ac.uk/collections/incunables/provenances_for_mei.xml#xpointer(//*[@id=\""1334\""])"",""https://klosterdatenbank.adw-goe.de/gsn/20642""],""name"":""Freiburg im Breisgau, Baden-Württemberg, Capuchins"",""ownerId"":""00012367"",""professionOrType"":[""rei""],""role"":""R390"",""type"":""corporate"",""variants"":[""Freiburg im Breisgau, Capuchins, Immaculate Conception, OFMCap"",""Kapuzinerkloster Freiburg""]}]",,,,,,,,,,,,,,,,,,,,1,
02015299-p004,02015299,4,1904,,20,a,n,a | c,a,"Bought in December, 1904 (BMC). 
Purchased from Rosenthal (BL Incunabula Accession Journal I, accession nr 99).
",e-uk,1,"London, British Museum Library, since 1973 The British Library",3442,R399,corporate,1753-,https://aeolus.bodleian.ox.ac.uk/collections/incunables/provenances_for_mei.xml#xpointer(//*[@id= | http://www.bl.uk/reshelp/findhelprestype/prbooks/provenanceresearch/provenanceresearch.html,"[{""characterisation"":[""noc""],""dates"":""1753-"",""externalId"":[""https://aeolus.bodleian.ox.ac.uk/collections/incunables/provenances_for_mei.xml#xpointer(//*[@id="",""http://www.bl.uk/reshelp/findhelprestype/prbooks/provenanceresearch/provenanceresearch.html""],""name"":""London, British Museum Library, since 1973 The British Library"",""ownerId"":3442,""professionOrType"":[""lib""],""role"":""R399"",""type"":""corporate"",""variants"":[""British Museum, London, Bibliotheca Britannica"",""British Museum, London, King's Library"",""King's Library, London"",""British Museum. Department of Printed Books"",""British Museum. Department of Manuscripts""]}]",,,,,,,,,,,,,,"British [crown] Museum, round shape on title-page; round stamp with date of acquisition (14 December 1904) on bb8v and on the verso of the last printed leaf and on the flyleaf; all in red ink.",,,,,,1,
02101163-p001,02101163,1,1487,1579,15 | 16,a,a | m,a,x,,e-ne,1,"Amsterdam, Carthusians of St. Andrew (Haven der Zaligheid)",00016681,R390,corporate,1393-1579,http://www.mmdc.nl/static/media/2/29/List%20of%20institutions%20as%20owner%20and%20or%20producer.pdf,"[{""characterisation"":[""rel""],""dates"":""1393-1579"",""externalId"":[""http://www.mmdc.nl/static/media/2/29/List%20of%20institutions%20as%20owner%20and%20or%20producer.pdf""],""name"":""Amsterdam, Carthusians of St. Andrew (Haven der Zaligheid)"",""ownerId"":""00016681"",""professionOrType"":[""rei""],""role"":""R390"",""type"":""corporate"",""variants"":[""Karthuizers 'Sint-Andries ter Saliger Havene'""]}]","Calfskin binding with simple line patterns on front and back board. The spine contains a red leather onlay with gold tooled titling. The onlay was added in the nineteenth century. The spine is original, but the boards have been heavily restored. Complete and original metal furniture.",t,c,e,b,c,,,,,"The entire text has been rubricated. Each chapter begins with a pen initial in red ink. Only some first letters of sentences have been marked with red ink. The rubrication is different from 150 F 5 [1], which may suggest that the books were not originally bound together. ",,"Notes written in red and black ink on back end leaf. The inscription is in red ink: 'p(er)tinet crthusien(si)b(u)s p(ro)pe amsterdam', followed by an exposition on the contents of the book, also in Latin. ",,,,,,,1,"{""edges"":""d"",""furniture"":""1"",""gauffered"":""d"",""hasAutograph"":""1"",""hasPersonalNotes"":""1"",""hasRubrication"":""1"",""titling"":[""b""],""tooling"":""b"",""writingOnEdges"":""d""}"
02101163-p002,02101163,2,1683,1744,17 | 18,a,s,a,x,"Sold at the auction of Isaac le Long, [place and auctioneer unknown], 17 August, 1744 (Auction Catalogue: The Hague, KB, Shelfmark Verz.Cat. 15708-9, lot nr. 1671 in 8vo) according to Campbell.",e-ne,1,"Long, Isaac le",00016660,R390,person,1683-1762,http://thesaurus.cerl.org/record/cnp01259846,"[{""characterisation"":[""noc""],""dates"":""1683-1762"",""externalId"":[""http://thesaurus.cerl.org/record/cnp01259846""],""gender"":""1002"",""name"":""Long, Isaac le"",""ownerId"":""00016660"",""professionOrType"":[""scl""],""role"":""R390"",""type"":""person""}]",,,,,,,,,,,,,,,,,,,1744,1,
02101163-p003,02101163,3,1859,1859,19,a,s,a,g,"Auctioneer at the auction of [owner unknown], The Hague, 2 May 1859. See: Aanwinstenregister E, p. 143 (Accessions, The Hague, KB, Archives).",e-ne,3,"Voorst, Jan Jacob van | Nijhoff, Martinus | Jonge, Johannes Cornelis de",00016624 | 00013595 | 00016656,R065,person,1791-1869 | 1826-1894 | 1793-1853,,"[{""characterisation"":[""rel""],""dates"":""1791-1869"",""gender"":""1002"",""name"":""Voorst, Jan Jacob van"",""ownerId"":""00016624"",""professionOrType"":[""cle""],""role"":""R065"",""type"":""person"",""variants"":[""Jan Jacob van Voorst II""]},{""characterisation"":[""noc""],""dates"":""1826-1894"",""gender"":""1002"",""name"":""Nijhoff, Martinus "",""ownerId"":""00013595"",""professionOrType"":[""bkt""],""role"":""R065"",""type"":""person""},{""characterisation"":[""noc""],""dates"":""1793-1853"",""gender"":""1002"",""name"":""Jonge, Johannes Cornelis de"",""ownerId"":""00016656"",""professionOrType"":[""lic""],""role"":""R065"",""type"":""person""}]",,,,,,,,,,,,,,,,,,,1859,1,
02101163-p004,02101163,4,1859,,19,a,h | m | o | s,a,a,"Bought at the auction of [owner unknown], The Hague, Van Voorst, J.C. de Jonge and M. Nijhoff, 2 May 1859. See: Aanwinstenregister E, p. 143 (Accessions, The Hague, KB, Archives).",e-ne,2,"Koninklijke Bibliotheek - Nationale Bibliotheek van Nederland | Campbell, Marinus Frederik Andries Geradus",4014 | 2729,R399 | R479,corporate | person,1798- | 1819-1890,http://thesaurus.cerl.org/record/cnc00011239 | http://thesaurus.cerl.org/record/cnp01078671,"[{""characterisation"":[""noc""],""dates"":""1798-"",""externalId"":[""http://thesaurus.cerl.org/record/cnc00011239""],""name"":""Koninklijke Bibliotheek - Nationale Bibliotheek van Nederland"",""ownerId"":""4014"",""professionOrType"":[""lib""],""role"":""R399"",""type"":""corporate"",""variants"":[""The Hague, Koninklijke Bibliotheek"",""Den Haag, Koninklijke Bibliotheek"",""Den Haag, KB""]},{""characterisation"":[""noc""],""dates"":""1819-1890"",""externalId"":[""http://thesaurus.cerl.org/record/cnp01078671""],""gender"":""1002"",""name"":""Campbell, Marinus Frederik Andries Geradus "",""ownerId"":""2729"",""professionOrType"":[""cse""],""role"":""R479"",""type"":""person"",""variants"":[""Campbell, Martinus Frederik Andries Geradus "",""Campbell, Marinus Frederik Andres Gerardus"",""Campell, Marinus Frederik Andries Gerardus""]}]",,,,,,,,,,,,,Notes written by Campbell in pencil on front flyleaf recto: 'C. 1489 is welk jaar P. Os voor 't eerst met die groote letters drukte / in 1491 (Sterfboeck) [?] de reeds mee afgedrukt'.,"Stamp of KB, used circa 1919. See: https://www.kb.nl/sites/default/files/150d22.jpg","[{""note"":""49a [Olim]""}]",,,,1859,1,
02100762-p001,02100762,1,1491,1579,15 | 16,a,a | m,a,x,,e-ne,1,"Amsterdam, Carthusians of St. Andrew (Haven der Zaligheid)",00016681,R390,corporate,1393-1579,http://www.mmdc.nl/static/media/2/29/List%20of%20institutions%20as%20owner%20and%20or%20producer.pdf,"[{""characterisation"":[""rel""],""dates"":""1393-1579"",""externalId"":[""http://www.mmdc.nl/static/media/2/29/List%20of%20institutions%20as%20owner%20and%20or%20producer.pdf""],""name"":""Amsterdam, Carthusians of St. Andrew (Haven der Zaligheid)"",""ownerId"":""00016681"",""professionOrType"":[""rei""],""role"":""R390"",""type"":""corporate"",""variants"":[""Karthuizers 'Sint-Andries ter Saliger Havene'""]}]","Calfskin binding with simple line patterns on front and back board. The spine contains a red leather onlay with gold tooled titling. The onlay was added in the nineteenth century. The spine is original, but the boards have been heavily restored. Complete and original metal furniture.",t,c,e,b,c,,,,,"The entire text has been rubricated. The first chapter is marked by a large ornamental letter in red and black ink, stretching the length of almost the entire page. Each chapter begins with a pen initial in red ink. The titling and summary of each chapter are underlined with red ink. Each paragraph is also drawn up in red ink and red ink was used to mark the first letter of each sentence. The rubrication is different from 150 F 5 [2], which may suggest that the books were not originally bound together. ",,"Notes written in red and black ink on the back end paper. The inscription is in red ink: 'p(er)tinet carthusien(si)b(u)s p(ro)pe amsterdam', followed by an exposition on the contents of the book, also in Latin.",,,,,,,1,"{""edges"":""d"",""furniture"":""1"",""gauffered"":""d"",""hasAutograph"":""1"",""hasOrnamentalLetters"":""1"",""hasPenInitials"":""1"",""hasPersonalNotes"":""1"",""hasRubrication"":""1"",""titling"":[""b""],""tooling"":""b"",""writingOnEdges"":""d""}"
02100762-p002,02100762,2,1683,1744,17 | 18,a,s,a,x,"Sold at the auction of Isaac le Long, [place and auctioneer unknown], 17 August, 1744 (Auction Catalogue: The Hague, KB, Shelfmark Verz.Cat. 15708-9, lot nr. 1671 in 8vo) according to Campbell. ",e-ne,1,"Long, Isaac le",00016660,R390,person,1683-1762,http://thesaurus.cerl.org/record/cnp01259846,"[{""characterisation"":[""noc""],""dates"":""1683-1762"",""externalId"":[""http://thesaurus.cerl.org/record/cnp01259846""],""gender"":""1002"",""name"":""Long, Isaac le"",""ownerId"":""00016660"",""professionOrType"":[""scl""],""role"":""R390"",""type"":""person""}]",,,,,,,,,,,,,,,,,,,1744,1,
02100762-p003,02100762,3,1859,1859,19,a,s,a,,"Auctioneer at the auction of [owner unknown], The Hague, 2 May 1859. See: Aanwinstenregister E, p. 143 (Accessions, The Hague, KB, Archives). ",e-ne,3,"Voorst, Jan Jacob van | Nijhoff, Martinus | Jonge, Johannes Cornelis de",00016624 | 00013595 | 00016656,R065,person,1791-1869 | 1826-1894 | 1793-1853,,"[{""characterisation"":[""rel""],""dates"":""1791-1869"",""gender"":""1002"",""name"":""Voorst, Jan Jacob van"",""ownerId"":""00016624"",""professionOrType"":[""cle""],""role"":""R065"",""type"":""person"",""variants"":[""Jan Jacob van Voorst II""]},{""characterisation"":[""noc""],""dates"":""1826-1894"",""gender"":""1002"",""name"":""Nijhoff, Martinus "",""ownerId"":""00013595"",""professionOrType"":[""bkt""],""role"":""R065"",""type"":""person""},{""characterisation"":[""noc""],""dates"":""1793-1853"",""gender"":""1002"",""name"":""Jonge, Johannes Cornelis de"",""ownerId"":""00016656"",""professionOrType"":[""lic""],""role"":""R065"",""type"":""person""}]",,,,,,,,,,,,,,,,,,,1859,1,
02100762-p004,02100762,4,1859,,19,a,h | m | o | s,a,a,"Acquired via M. Nijhoff at the auction of [owner unknown], The Hague, Van Voorst, J.C. de Jonge and M. Nijhoff, 2 May 1859. See: Aanwinstenregister E, p. 143 (Accessions, The Hague, KB, Archives). ",e-ne,2,"Koninklijke Bibliotheek - Nationale Bibliotheek van Nederland | Campbell, Marinus Frederik Andries Geradus",4014 | 2729,R399 | R479,corporate | person,1798- | 1819-1890,http://thesaurus.cerl.org/record/cnc00011239 | http://thesaurus.cerl.org/record/cnp01078671,"[{""characterisation"":[""noc""],""dates"":""1798-"",""externalId"":[""http://thesaurus.cerl.org/record/cnc00011239""],""name"":""Koninklijke Bibliotheek - Nationale Bibliotheek van Nederland"",""ownerId"":""4014"",""professionOrType"":[""lib""],""role"":""R399"",""type"":""corporate"",""variants"":[""The Hague, Koninklijke Bibliotheek"",""Den Haag, Koninklijke Bibliotheek"",""Den Haag, KB""]},{""characterisation"":[""noc""],""dates"":""1819-1890"",""externalId"":[""http://thesaurus.cerl.org/record/cnp01078671""],""gender"":""1002"",""name"":""Campbell, Marinus Frederik Andries Geradus "",""ownerId"":""2729"",""professionOrType"":[""cse""],""role"":""R479"",""type"":""person"",""variants"":[""Campbell, Martinus Frederik Andries Geradus "",""Campbell, Marinus Frederik Andres Gerardus"",""Campell, Marinus Frederik Andries Gerardus""]}]",,,,,,,,,,,,,Note written in pencil by Campbell on the front flyleaf recto: 'C. 1489 is welk jaar P. Os voor 't eerst met die groote letters drukte / in 1491 (Sterfboeck) [?] de reeds mee afgedrukt'.,"Stamp of KB, used circa 1919. See: https://www.kb.nl/sites/default/files/150d22.jpg","[{""note"":""49a [Olim]""}]",,,,1859,1,
02101150-p001,02101150,1,1487,1550,15 | 16,a,m,a,x,,,1,Anonymous,00017848,R390,person,1451-1550,,"[{""dates"":""1451-1550"",""name"":""Anonymous"",""ownerId"":""00017848"",""role"":""R390"",""type"":""person""}]",Leather binding with blind tooled decoration on front and back boards. Remains of metal furniture. The spine and the top right corner of the front board have been replaced with new leather in the nineteenth century.,s,c,e,b,c,,,,"Nearly every page of this book contains woodcut, all of which have been coloured in by hand in at least five different colours. ",The first letter of each sentence has been marked with a small vertical line of red ink. ,,A large supplement in Latin on f. 23 verso and f. 35 recto. ,,,,,,,0,"{""edges"":""d"",""furniture"":""1"",""gauffered"":""d"",""hasIllustrationsByHand"":""1"",""hasMsSupplements"":""1"",""hasPersonalNotes"":""1"",""hasRubrication"":""1"",""msFrequency"":""a"",""msLocation"":""d"",""titling"":[""z""],""tooling"":""a"",""writingOnEdges"":""d""}"
02101150-p002,02101150,2,1582,1600,16,a,m,a,x,,,1,Anonymous,00016883,R570,person,1501-1600,,"[{""dates"":""1501-1600"",""name"":""Anonymous"",""ownerId"":""00016883"",""role"":""R570"",""type"":""person"",""variants"":[""Anonymous ""]}]",,,,,,,,,,,,,Note written in ink on f. 1 recto: 'Rosarium bTe marie virginis A(nn)o 1582',,,,,,,0,"{""hasMsComments"":""1"",""hasMsSupplements"":""1"",""hasPersonalNotes"":""1""}"
02101150-p003,02101150,3,1859,1859,19,a,s,a,x,"Acquired via M. Nijhoff at the auction of Van Dam Van Brakel, Van Voorst II and Lengaerts, Cologne, [auctioneer unknown], 6 July, 1859. See: Aanwinstenregister E, p. 149 (Accessions, The Hague, KB, Archives). It is not known to whom this book belonged.",,3,"Dam van Brakel, W. van | Voorst, Jan Jacob van | Lengaerts",00016644 | 00016624 | 00017000,R390,person,1801-1900 | 1791-1869 | 1800-1900,,"[{""characterisation"":[""unk""],""dates"":""1801-1900"",""gender"":""1002"",""name"":""Dam van Brakel, W. van"",""ownerId"":""00016644"",""professionOrType"":[""unk""],""role"":""R390"",""type"":""person""},{""characterisation"":[""rel""],""dates"":""1791-1869"",""gender"":""1002"",""name"":""Voorst, Jan Jacob van"",""ownerId"":""00016624"",""professionOrType"":[""cle""],""role"":""R390"",""type"":""person"",""variants"":[""Jan Jacob van Voorst II""]},{""characterisation"":[""unk""],""dates"":""1800-1900"",""gender"":""1003"",""name"":""Lengaerts"",""ownerId"":""00017000"",""professionOrType"":[""unk""],""role"":""R390"",""type"":""person""}]",,,,,,,,,,,,,,,,,,,"6 July, 1859",0,
02101150-p004,02101150,4,1859,,19,a,h | o | s,a,a,"Acquired via M. Nijhoff at the auction of Van Dam Van Brakel, Van Voorst II and Lengaerts, Cologne, [auctioneer unknown], 6 July, 1859. See: Aanwinstenregister E, p. 149 (Accessions, The Hague, KB, Archives).",e-ne,2,"Koninklijke Bibliotheek - Nationale Bibliotheek van Nederland | Nijhoff, Martinus",4014 | 00013595,R399 | R160,corporate | person,1798- | 1826-1894,http://thesaurus.cerl.org/record/cnc00011239,"[{""characterisation"":[""noc""],""dates"":""1798-"",""externalId"":[""http://thesaurus.cerl.org/record/cnc00011239""],""name"":""Koninklijke Bibliotheek - Nationale Bibliotheek van Nederland"",""ownerId"":""4014"",""professionOrType"":[""lib""],""role"":""R399"",""type"":""corporate"",""variants"":[""The Hague, Koninklijke Bibliotheek"",""Den Haag, Koninklijke Bibliotheek"",""Den Haag, KB""]},{""characterisation"":[""noc""],""dates"":""1826-1894"",""gender"":""1002"",""name"":""Nijhoff, Martinus "",""note"":""Served as mediator"",""ownerId"":""00013595"",""professionOrType"":[""bkt""],""role"":""R160"",""type"":""person""}]",,,,,,,,,,,,,,"Stamp of KB, used between 1867-1880. See: https://www.kb.nl/sites/default/files/150e13.jpg","[{""note"":""1a [Olim]""}]",,,,"6 July, 1859",1,
02101636-p001,02101636,1,,,,,,,,schutbl. voorin in hs.: Liber mei Joh(annes) haeke. schutbl. voorin andere hand: Iste lib(er) (per)tin(et) .uentui fim sancte cruce in Ruremu(n)de ex pia donacione venerabilis dm Johan(n)is Haeck [etc......]. ,,2,"Haeck, Johannis | Roermond, Kruisheren, Sint Cornelius",,,,,,"[{""name"":""Haeck, Johannis""},{""name"":""Roermond, Kruisheren, Sint Cornelius""}]","15e/16e eeuw, kalfsleer over houten platten, blind gestempeld, resten van een slot, nieuwe rug, rood rugschildje. ",,,,,,,,,,,,,,,,,,,0,"{""bindingDescription"":[""http://opc4.kb.nl/DB=1/CMD?ACT=SRCH&IKT=12&SRT=YOP&TRM=401726800""]}"
02101636-p002,02101636,2,,,,a,,,,"1966, (Jaarverslag 1966, p. 17; Journaalnummer 661139). Stempel KB 11. ",e-ne,1,Koninklijke Bibliotheek - Nationale Bibliotheek van Nederland,4014,R390,corporate,1798-,http://thesaurus.cerl.org/record/cnc00011239,"[{""characterisation"":[""noc""],""dates"":""1798-"",""externalId"":[""http://thesaurus.cerl.org/record/cnc00011239""],""name"":""Koninklijke Bibliotheek - Nationale Bibliotheek van Nederland"",""ownerId"":4014,""professionOrType"":[""lib""],""role"":""R390"",""type"":""corporate"",""variants"":[""The Hague, Koninklijke Bibliotheek"",""Den Haag, Koninklijke Bibliotheek"",""Den Haag, KB""]}]",,,,,,,,,,,,,,,,,,,,1,
02139272-p001,02139272,1,,,,,,,,,e-ne,1,"Westreenen van Tiellandt, Willem Hendrik Jacob van",00016628,R390,person,,http://thesaurus.cerl.org/record/cnp01397346 | http://thesaurus.cerl.org/record/cnp02141281 | http://thesaurus.cerl.org/record/cnp01259036,"[{""externalId"":[""http://thesaurus.cerl.org/record/cnp01397346"",""http://thesaurus.cerl.org/record/cnp02141281"",""http://thesaurus.cerl.org/record/cnp01259036""],""name"":""Westreenen van Tiellandt, Willem Hendrik Jacob van"",""ownerId"":""00016628"",""professionOrType"":[""lic""],""role"":""R390"",""type"":""person"",""variants"":[""Westreenen Van Tiellandt, Willem Hendrik Jacob van"",""Westreenen Van Tiellandt, Willem Hendrik Jacob Baron van""]}]",,,,,,,,,,,,,,,,,,,,1,
02139272-p002,02139272,2,,,,,,,,Beschrijving: door Van Westreenen niet als een zelfstandige editie beschouwd. Zie verder bij A-0938.,e-ne,1,Museum Meermanno | Huis van het boek,00016814,R399,corporate,,,"[{""name"":""Museum Meermanno | Huis van het boek"",""ownerId"":""00016814"",""professionOrType"":[""lib""],""role"":""R399"",""type"":""corporate"",""variants"":[""The Hague, Museum Meermanno "",""Museum Meermanno-Westreenianum"",""Museum Meermanno | Huis van het Boek""]}]",(2) in convoluut met (1) A-0938.,,,,,,,,,,,,,,,,,,,1,
02101635-p001,02101635,1,1480,1550,15 | 16,a,l,a,g,,,1,Anonymous,00017848,R680,person,1451-1550,,"[{""characterisation"":[""unk""],""dates"":""1451-1550"",""name"":""Anonymous"",""ownerId"":""00017848"",""professionOrType"":[""unk""],""role"":""R680"",""type"":""person""}]",,,,,,,,,,,"Large initials, paragraph signs, underlining and capital strokes in red.",,,,,,,,,0,"{""hasRubrication"":1}"
02101635-p002,02101635,2,1701,1800,18,a,k,a,g,,,1,Anonymous,00016848,R110,person,1701-1800,,"[{""characterisation"":[""unk""],""dates"":""1701-1800"",""gender"":1003,""name"":""Anonymous"",""ownerId"":""00016848"",""professionOrType"":[""unk""],""role"":""R110"",""type"":""person""}]","Parchment over cardboards, manuscript titling on the spine.",v,c,b,a,g,,,,,,,,,,,,,,0,"{""edges"":""d"",""furniture"":0,""gauffered"":""d"",""titling"":[""a""],""tooling"":""d"",""writingOnEdges"":""d""}"
02101635-p003,02101635,3,1763,1817,18 | 19,a,e | m,a,x,Ex-libris on the endleaf I r: Ex bibliotheca C(aroli) de Cooth Canon(ici) Reg(ulari) in Frenswengen et Rect(or) in Niessing.,e-gx,1,"Cooth, Carl von",00011911,R390,person,1763 - 1817,https://aeolus.bodleian.ox.ac.uk/collections/incunables/provenances_for_mei.xml#xpointer(//*[@id= | http://thesaurus.cerl.org/record/cnp01941833,"[{""characterisation"":[""rel""],""dates"":""1763 - 1817"",""externalId"":[""https://aeolus.bodleian.ox.ac.uk/collections/incunables/provenances_for_mei.xml#xpointer(//*[@id="",""http://thesaurus.cerl.org/record/cnp01941833""],""gender"":1002,""name"":""Cooth, Carl von"",""ownerId"":""00011911"",""professionOrType"":[""cle""],""role"":""R390"",""type"":""person"",""variants"":[""Carolus de Cooth"",""Cooth, Karl von""]}]",,,,,,,,,,,,,"Manuscript notes on endleaf I v, shortly describing the edition: Liber valde rarus, impressus in Civitate Leydensi anno 1480. Same handwriting as the ex-libris.",,,,,,,1,"{""hasPersonalNotes"":1}"
02101635-p004,02101635,4,1829,,19,a,h | m | n | o,a | f,x,"This book was acquired between 1829 and 1856. It is not listed in the 1829 manuscript catalogue of the KB, but it is described in: J.W. Holtrop, Catalogus librorum saeculo XV impressorum, quotquot in Bibliotheca Regia Hagana asservantur, The Hague 1856, pt. I, nr. 44.",e-ne,2,"Koninklijke Bibliotheek - Nationale Bibliotheek van Nederland | Holtrop, Johannes Willem",4014 | 00016655,R399 | R020,corporate | person,1798- | 1806-1870,http://thesaurus.cerl.org/record/cnc00011239,"[{""characterisation"":[""noc""],""dates"":""1798-"",""externalId"":[""http://thesaurus.cerl.org/record/cnc00011239""],""name"":""Koninklijke Bibliotheek - Nationale Bibliotheek van Nederland"",""ownerId"":4014,""professionOrType"":[""lib""],""role"":""R399"",""type"":""corporate"",""variants"":[""The Hague, Koninklijke Bibliotheek"",""Den Haag, Koninklijke Bibliotheek"",""Den Haag, KB""]},{""characterisation"":[""noc""],""dates"":""1806-1870"",""gender"":1002,""name"":""Holtrop, Johannes Willem"",""ownerId"":""00016655"",""professionOrType"":[""lic""],""role"":""R020"",""type"":""person""}]",,,,,,,,,,,,,"Pencil notes by Holtrop on endleaf I v, giving details about the possible place of printing.","Stamp of KB, used between 1867-1880. See: https://www.kb.nl/sites/default/files/150e13.jpg","[{""note"":256}]",,,,,1,
02145459-p001,02145459,1,1488,,15,,,,,,e-gx,1,"Dorsten, Westphalia, Franciscan Observants",00012101,R390,corporate,1488-,https://aeolus.bodleian.ox.ac.uk/collections/incunables/provenances_for_mei.xml#xpointer(//*[@id= | https://klosterdatenbank.adw-goe.de/gsn/499,"[{""characterisation"":[""rel""],""dates"":""1488-"",""externalId"":[""https://aeolus.bodleian.ox.ac.uk/collections/incunables/provenances_for_mei.xml#xpointer(//*[@id="",""https://klosterdatenbank.adw-goe.de/gsn/499""],""name"":""Dorsten, Westphalia, Franciscan Observants"",""ownerId"":""00012101"",""professionOrType"":[""cle""],""role"":""R390"",""type"":""corporate"",""variants"":[""Dorsten, Westphalia, Franciscan Observants, SS. Maria, Maria Magdalena and Anna, OFMObs"",""Conventus Dürsten"",""Franziskanerkloster Dorsten"",""Conventus Durstensis""]}]",,,,,,,,,,,,,,,,,,,,1,
02145459-p002,02145459,2,1416,,15,,,,,,e-uk,1,Cambridge University Library,3463,R399,corporate,1416-,http://thesaurus.cerl.org/record/cnc00002301,"[{""characterisation"":[""noc""],""dates"":""1416-"",""externalId"":[""http://thesaurus.cerl.org/record/cnc00002301""],""name"":""Cambridge University Library"",""ownerId"":""3463"",""professionOrType"":[""lib""],""role"":""R399"",""type"":""corporate"",""variants"":[""Cambridge, University, Library"",""University Library, Cambridge"",""University of Cambridge, Cambridge University Library"",""University of Cambridge, Library"",""University of Cambridge, University Library""]}]",,,,,,,,,,,,,,,,,,,,1,
00560243-p001,00560243,1,,,,,,,,,,1,"Loe, Johannes van",00019348,R390,person,15th cent.,,"[{""dates"":""15th cent."",""name"":""Loe, Johannes van"",""ownerId"":""00019348"",""role"":""R390"",""type"":""person""}]",,,,,,,,,,,,,,,,,,,,0,
00560243-p002,00560243,2,,,,,,,,,,1,Franziskanerkloster Dorsten,00012101,R390,corporate,1488-,https://aeolus.bodleian.ox.ac.uk/collections/incunables/provenances_for_mei.xml#xpointer(//*[@id= | https://klosterdatenbank.adw-goe.de/gsn/499,"[{""dates"":""1488-"",""externalId"":[""https://aeolus.bodleian.ox.ac.uk/collections/incunables/provenances_for_mei.xml#xpointer(//*[@id="",""https://klosterdatenbank.adw-goe.de/gsn/499""],""name"":""Franziskanerkloster Dorsten"",""ownerId"":""00012101"",""role"":""R390"",""type"":""corporate"",""variants"":[""Dorsten, Westphalia, Franciscan Observants, SS. Maria, Maria Magdalena and Anna, OFMObs"",""Conventus Dürsten"",""Franziskanerkloster Dorsten"",""Conventus Durstensis""]}]",,,,,,,,,,,,,,,,,,,,0,
00560243-p003,00560243,3,,,,a,,,,"Inscribed 'Johan[nes] vam loe p[rae]sb[ite]r' in red and 'Jo[hannes] vam Loe p[rae]sb[ite]r' in black ink on leaf a1 recto and verso respectively, Germany, late 15th or early sixteenth, identifiable as Johannes van Loe, a Franciscan in Marl in the district of Recklinghausen in North Rhine-Westphalia. Inscribed 'Pro Conuentu Fr[atru]m Minor[um] de obseruantia In Dursten' on leaf a1 recto, and 'Convent[us] F[ratrum] minorum Durstenae. anathema auferenti' on leaf a2 recto, Dursten, Westphalia, Germany, late 15th or early sixteenth century and seventeenth century respectively, i.e. from the Library of the Franciscan Observants at Dorsten, Westphalia [the monastery was founded in 1488 and is the world's oldest permanently existing cloister of the Franciscan order]. Twentieth-century printed book label: Presented by John Charrington, M.A., Trinity Coll., 1916. [i.e.: John Charrington (1856-1939)]. Decoration: decorative initials red rubricated, red capital strokes. Initial on sig. a3 two-colour. Annotation: Very occassional near-contemorary annotations (cf. sig. e3r). Water damaged.",e-uk-en,1,Cambridge University Library,3463,R390,corporate,,http://thesaurus.cerl.org/record/cnc00002301,"[{""characterisation"":[""noc""],""externalId"":[""http://thesaurus.cerl.org/record/cnc00002301""],""name"":""Cambridge University Library"",""ownerId"":""3463"",""professionOrType"":[""lib""],""role"":""R390"",""type"":""corporate"",""variants"":[""Cambridge, University, Library"",""University Library, Cambridge"",""University of Cambridge, Cambridge University Library"",""University of Cambridge, Library"",""University of Cambridge, University Library""]}]","early sixteenth-century full calf over wooden boards; boards heavily bevelled top, bottom and fore-edge; triple blind fillet to form a central panel; diapered with triple blind fillet; outer border of panel decorated with repeating blind tools: five-petal flower tool with stem forming circle border (12mm) and distinctive ivy leaf tool with stem forming circle border (11mm); central lozenges decorated with blind tools: five-petal flower within circular border (13mm); bee within circular border, within square border (14mm x 13mm); tooled metal clasp (hinged on lower board); evidence of bosses removed from upper and lower boards; two metal hoops on bottom edge of upper and lower boards - presumably once chained; original endpapers removed (rear lifted and retained) and replaced; sewn onto three double raised cords; rebacked with reversed calf, spine entirely replaced; green spine label: Pastoralia Gregorii Passa 1498.",,,,,,,,,,,,,,,,,,,1,
02145460-p001,02145460,1,1488,,15,,,,,,e-gx,1,"Dorsten, Westphalia, Franciscan Observants",00012101,R390,corporate,1488-,https://aeolus.bodleian.ox.ac.uk/collections/incunables/provenances_for_mei.xml#xpointer(//*[@id= | https://klosterdatenbank.adw-goe.de/gsn/499,"[{""characterisation"":[""rel""],""dates"":""1488-"",""externalId"":[""https://aeolus.bodleian.ox.ac.uk/collections/incunables/provenances_for_mei.xml#xpointer(//*[@id="",""https://klosterdatenbank.adw-goe.de/gsn/499""],""name"":""Dorsten, Westphalia, Franciscan Observants"",""ownerId"":""00012101"",""professionOrType"":[""cle""],""role"":""R390"",""type"":""corporate"",""variants"":[""Dorsten, Westphalia, Franciscan Observants, SS. Maria, Maria Magdalena and Anna, OFMObs"",""Conventus Dürsten"",""Franziskanerkloster Dorsten"",""Conventus Durstensis""]}]",,,,,,,,,,,,,,,,,,,,1,
02145460-p002,02145460,2,1416,,15,,,,,,e-uk,1,Cambridge University Library,3463,R399,corporate,1416-,http://thesaurus.cerl.org/record/cnc00002301,"[{""characterisation"":[""noc""],""dates"":""1416-"",""externalId"":[""http://thesaurus.cerl.org/record/cnc00002301""],""name"":""Cambridge University Library"",""ownerId"":""3463"",""professionOrType"":[""lib""],""role"":""R399"",""type"":""corporate"",""variants"":[""Cambridge, University, Library"",""University Library, Cambridge"",""University of Cambridge, Cambridge University Library"",""University of Cambridge, Library"",""University of Cambridge, University Library""]}]",,,,,,,,,,,,,,,,,,,,1,
02147105-p001,02147105,1,,,,a,k | m,a,,,,0,,,,,,,,"Brown leather binding tooled in blind, metal clasps, original binding repaired in 2009.
  ",t,c,e,b,g,,,,,,,"Manuscript content list on the front and back pastedowns starting from ""Maria adest in...""
Manuscript note on the title page: ""Psakteriu[m] hoc approbatum a Sede Apo//stolica An[no] 1476. Vide infra"".
Manuscript foliation in the right upper corner and some scarce manuscript notes on the marigins (crosses and comments), e.g. on f. [5, 8, 16, 17, 18, 199].",,,,,,16th c.,0,"{""furniture"":""1"",""hasMsComments"":""1"",""msFrequency"":""a"",""msLocation"":""c""}"
02147105-p002,02147105,2,,,,a,a | h,a,e,"Oval stamp on the title page, partially blurred: Zamość Parafia Kolegiacka św. Tomasza / Biblioteka.
Bibliographical note in pencil on the front pastedown: H*14035.",e-pl,1,"Zamość, Cathedral Library",00034986,R390,corporate,1600-now,,"[{""characterisation"":[""rel""],""dates"":""1600-now"",""name"":""Zamość, Cathedral Library "",""ownerId"":""00034986"",""professionOrType"":[""rei""],""role"":""R390"",""type"":""corporate"",""variants"":[""Zamość, Cathedral Library""]}]",,,,,,,,,,,,,,,,,,,,1,
00561813-p001,00561813,1,,,,,,,,,,1,"Kerer, Margrette",00020277,R390,person,d. 1495,,"[{""dates"":""d. 1495"",""name"":""Kerer, Margrette"",""ownerId"":""00020277"",""role"":""R390"",""type"":""person""}]",,,,,,,,,,,,,,,,,,,,0,
00561813-p002,00561813,2,,,,,,,,,,1,"Petrelli, Willigisius, OCist",00020278,R390,person,fl. 1763,,"[{""dates"":""fl. 1763"",""name"":""Petrelli, Willigisius, OCist"",""ownerId"":""00020278"",""role"":""R390"",""type"":""person""}]",,,,,,,,,,,,,,,,,,,,0,
00561813-p003,00561813,3,,,,,,,,,,1,"Acton, John Emerich Edward Dalberg Acton, Baron",00018475,R390,person,1834-1902,https://doi.org/10.1093/ref:odnb/30329,"[{""dates"":""1834-1902"",""externalId"":[""https://doi.org/10.1093/ref:odnb/30329""],""name"":""Acton, John Emerich Edward Dalberg Acton, Baron"",""ownerId"":""00018475"",""role"":""R390"",""type"":""person"",""variants"":[""Acton, John Emerich Edward Dalberg, 1st Baron Acton""]}]",,,,,,,,,,,,,,,,,,,,0,
00561813-p004,00561813,4,,,,,,,,,,1,"Carnegie, Andrew",00018476,R390,person,1835-1919,,"[{""dates"":""1835-1919"",""name"":""Carnegie, Andrew"",""ownerId"":""00018476"",""role"":""R390"",""type"":""person""}]",,,,,,,,,,,,,,,,,,,,0,
00561813-p005,00561813,5,,,,,,,,,,1,"Morley, John",00018477,R390,person,1838-1923,,"[{""dates"":""1838-1923"",""name"":""Morley, John"",""ownerId"":""00018477"",""role"":""R390"",""type"":""person"",""variants"":[""Morley, John, 1st Viscount Morley of Blackburn""]}]",,,,,,,,,,,,,,,,,,,,0,
00561813-p006,00561813,6,,,,,,,,,,1,Kloster Arnsburg,00020279,R390,corporate,,,"[{""name"":""Kloster Arnsburg"",""ownerId"":""00020279"",""role"":""R390"",""type"":""corporate""}]",,,,,,,,,,,,,,,,,,,,0,
00561813-p007,00561813,7,,,,a,,,,"Inc.5.A.6.5[809]:  Provenance:  Inscribed 'Der psalter gehört des pauls kerers dochter Margretten kererin', i.e. Margrette Kerer, daughter of Paul Kerer, followed by a note on her death on Sunday 18th October 1495, on leaf a1 verso, Germany. UkCU,Inc.5.A.6.5[810]:  Provenance:  Inscription possibly including the date '1516' at upper edge of leaf l6 verso, cropped away.  Inscribed 'Comparavit Bibliothecæ Arnsb[urg]: P. Willigisius Petrelli profess[or] Arnsb[urg] 1763' on leaf a1 verso, i.e. Willigisius Petrellus, Cistercian, bought by him from the library of Arnsburg Abbey, Wetterau, Hesse, Germany.  From the Acton  Library, bought by Andrew Carnegie and given by him to Viscout John Morley, who presented it to Cambridge University in 1902.",e-uk-en,1,Cambridge University Library,3463,R390,corporate,,http://thesaurus.cerl.org/record/cnc00002301,"[{""characterisation"":[""noc""],""externalId"":[""http://thesaurus.cerl.org/record/cnc00002301""],""name"":""Cambridge University Library"",""ownerId"":3463,""professionOrType"":[""lib""],""role"":""R390"",""type"":""corporate"",""variants"":[""Cambridge, University, Library"",""University Library, Cambridge"",""University of Cambridge, Cambridge University Library"",""University of Cambridge, Library"",""University of Cambridge, University Library""]}]",,,,,,,,,,,,,,,,,,,,1,
00561814-p001,00561814,1,,,,a,,,,"Inc.5.A.6.5[809]:  Provenance:  Inscribed 'Der psalter gehört des pauls kerers dochter Margretten kererin', i.e. Margrette Kerer, daughter of Paul Kerer, followed by a note on her death on Sunday 18th October 1495, on leaf a1 verso, Germany. UkCU,Inc.5.A.6.5[810]:  Provenance:  Inscription possibly including the date '1516' at upper edge of leaf l6 verso, cropped away.  Inscribed 'Comparavit Bibliothecæ Arnsb[urg]: P. Willigisius Petrelli profess[or] Arnsb[urg] 1763' on leaf a1 verso, i.e. Willigisius Petrellus, Cistercian, bought by him from the library of Arnsburg Abbey, Wetterau, Hesse, Germany.  From the Acton  Library, bought by Andrew Carnegie and given by him to Viscout John Morley, who presented it to Cambridge University in 1902.",e-uk-en,1,Cambridge University Library,3463,R390,corporate,,http://thesaurus.cerl.org/record/cnc00002301,"[{""characterisation"":[""noc""],""externalId"":[""http://thesaurus.cerl.org/record/cnc00002301""],""name"":""Cambridge University Library"",""ownerId"":3463,""professionOrType"":[""lib""],""role"":""R390"",""type"":""corporate"",""variants"":[""Cambridge, University, Library"",""University Library, Cambridge"",""University of Cambridge, Cambridge University Library"",""University of Cambridge, Library"",""University of Cambridge, University Library""]}]",,,,,,,,,,,,,,,,,,,,1,
02107275-p001,02107275,1,,,,a,,,,,e-au,1,"Wien, Osterreichische  Nationalbibliothek",2839,R390,corporate,,http://thesaurus.cerl.org/record/cnc00020465 | https://aeolus.bodleian.ox.ac.uk/collections/incunables/provenances_for_mei.xml#xpointer(//*[@id= | https://www.onb.ac.at/en/about-us/650th-anniversary/timeline/,"[{""characterisation"":[""noc""],""externalId"":[""http://thesaurus.cerl.org/record/cnc00020465"",""https://aeolus.bodleian.ox.ac.uk/collections/incunables/provenances_for_mei.xml#xpointer(//*[@id="",""https://www.onb.ac.at/en/about-us/650th-anniversary/timeline/""],""name"":""Wien, Osterreichische  Nationalbibliothek"",""ownerId"":2839,""professionOrType"":[""lib""],""role"":""R390"",""type"":""corporate"",""variants"":[""Wien, Österreichische Nationalbibliothek"",""Vienne (Autriche), Österreichische Nationalbibliothek"",""Vienna, Hofbibliothek"",""Vienna, Bibliotheca Regia"",""Vienna, Österreichische Nationalbibliothek""]}]",,,,,,,,,,,,,,,,,,,,1,
02107276-p001,02107276,1,,,,a,,,,,e-au,1,"Wien, Osterreichische  Nationalbibliothek",2839,R390,corporate,,http://thesaurus.cerl.org/record/cnc00020465 | https://aeolus.bodleian.ox.ac.uk/collections/incunables/provenances_for_mei.xml#xpointer(//*[@id= | https://www.onb.ac.at/en/about-us/650th-anniversary/timeline/,"[{""characterisation"":[""noc""],""externalId"":[""http://thesaurus.cerl.org/record/cnc00020465"",""https://aeolus.bodleian.ox.ac.uk/collections/incunables/provenances_for_mei.xml#xpointer(//*[@id="",""https://www.onb.ac.at/en/about-us/650th-anniversary/timeline/""],""name"":""Wien, Osterreichische  Nationalbibliothek"",""ownerId"":2839,""professionOrType"":[""lib""],""role"":""R390"",""type"":""corporate"",""variants"":[""Wien, Österreichische Nationalbibliothek"",""Vienne (Autriche), Österreichische Nationalbibliothek"",""Vienna, Hofbibliothek"",""Vienna, Bibliotheca Regia"",""Vienna, Österreichische Nationalbibliothek""]}]",,,,,,,,,,,,,,,,,,,,1,
02117615-p001,02117615,1,,,,a,,,,,e-au,1,"Wien, Österreichische  Nationalbibliothek",2839,R399,corporate,,http://thesaurus.cerl.org/record/cnc00020465 | https://aeolus.bodleian.ox.ac.uk/collections/incunables/provenances_for_mei.xml#xpointer(//*[@id= | https://www.onb.ac.at/en/about-us/650th-anniversary/timeline/,"[{""characterisation"":[""noc""],""externalId"":[""http://thesaurus.cerl.org/record/cnc00020465"",""https://aeolus.bodleian.ox.ac.uk/collections/incunables/provenances_for_mei.xml#xpointer(//*[@id="",""https://www.onb.ac.at/en/about-us/650th-anniversary/timeline/""],""name"":""Wien, Österreichische  Nationalbibliothek"",""ownerId"":2839,""professionOrType"":[""lib""],""role"":""R399"",""type"":""corporate"",""variants"":[""Wien, Österreichische Nationalbibliothek"",""Vienne (Autriche), Österreichische Nationalbibliothek"",""Vienna, Hofbibliothek"",""Vienna, Bibliotheca Regia"",""Vienna, Österreichische Nationalbibliothek""]}]",,,,,,,,,,,,,,,,,,,,1,
02125583-p001,02125583,1,1475,1500,15,a,l,a | c,,,e-gx,1,"Anonymous, Germany",00016936,R680,person,1475-1500,,"[{""characterisation"":[""unk""],""dates"":""1475-1500"",""gender"":""1003"",""name"":""Anonymous, Germany"",""ownerId"":""00016936"",""professionOrType"":[""unk""],""role"":""R680"",""type"":""person"",""variants"":[""Anonymous, Germany 1475-1500""]}]",,,,,,,,,,,"Initials, paragraph marks, underlining, and capital strokes added in red.",15th century,,,,,,,,0,"{""hasPenInitials"":""1"",""hasRubrication"":""1""}"
02125583-p002,02125583,2,1892,1926,19 | 20,a,a | s,a | c | e,a,"Autographed on front free endleaf 1r, “Gilbert R. Redgrave, London. 1892”; no. 51 in the Sotheby sale catalogue of his library, May 1926; BL annotated copy of the Redgrave sale cat. records purchase by Olschki for £86/-/-.",e-uk-en,1,"Redgrave, Gilbert Richard",4773,R390,person,1844 - 1941,http://thesaurus.cerl.org/record/cnp01258058 | https://en.wikipedia.org/wiki/Gilbert_Richard_Redgrave | https://aeolus.bodleian.ox.ac.uk/collections/incunables/provenances_for_mei.xml#xpointer(//*[@id=,"[{""characterisation"":[""noc""],""dates"":""1844 - 1941"",""externalId"":[""http://thesaurus.cerl.org/record/cnp01258058"",""https://en.wikipedia.org/wiki/Gilbert_Richard_Redgrave"",""https://aeolus.bodleian.ox.ac.uk/collections/incunables/provenances_for_mei.xml#xpointer(//*[@id=""],""gender"":""1002"",""name"":""Redgrave, Gilbert Richard"",""ownerId"":""4773"",""professionOrType"":[""scl""],""role"":""R390"",""type"":""person"",""variants"":[""Redgrave, Gilbert R.""]}]",,,,,,,,,,,,,,,,,,,,1,
02125583-p003,02125583,3,1926,1940,20,a,k | s,e,a,BL annotated copy of the Redgrave sale cat. records purchase by Olschki for £86/-/-. The binding was likely added during this provenance,e-it,1,"Olschki, Leo Samuel",4485,R160,person,1861 - 1940,http://thesaurus.cerl.org/record/cnp01497666 | https://www.olschki.it/la-casa-editrice/la-nostra-storia,"[{""characterisation"":[""noc""],""dates"":""1861 - 1940"",""externalId"":[""http://thesaurus.cerl.org/record/cnp01497666"",""https://www.olschki.it/la-casa-editrice/la-nostra-storia""],""gender"":""1002"",""name"":""Olschki, Leo Samuel"",""ownerId"":""4485"",""professionOrType"":[""bkt""],""role"":""R160"",""type"":""person"",""variants"":[""Olschki, Leo S."",""Olschki, Leoni S."",""Olschki, Leoni Samuele"",""Olschki, Leonis S.""]}]",Modern parchment over boards; ms. title on spine.,x,c,b,a,g,286,210,14,,,,,,,86,pounds sterling,,,1,"{""edges"":""d"",""furniture"":""0"",""gauffered"":""d"",""titling"":[""a""],""tooling"":""d"",""writingOnEdges"":""d""}"
02125583-p004,02125583,4,1940,1957,20,a,e,a | c,a,"Bequest of Lee M. Friedman to Harvard, 1957. Presumably purchased from Olschki, no later than 1940.",n-us-ma,1,"Friedman, Lee Max",3708,R320,person,1871 - 1957,http://thesaurus.cerl.org/record/cnp01427827,"[{""characterisation"":[""noc""],""dates"":""1871 - 1957"",""externalId"":[""http://thesaurus.cerl.org/record/cnp01427827""],""gender"":""1002"",""name"":""Friedman, Lee Max"",""ownerId"":""3708"",""professionOrType"":[""law""],""role"":""R320"",""type"":""person""}]",,,,,,,,,,,,,,,,,,,,1,
02125583-p005,02125583,5,1957,,20,a,,a | c,c,"Bequest of Lee M. Friedman to Harvard, 1957.",n-us-ma,1,Harvard Library,3523,R399,corporate,1636-,http://thesaurus.cerl.org/record/cnc00007523,"[{""characterisation"":[""noc""],""dates"":""1636-"",""externalId"":[""http://thesaurus.cerl.org/record/cnc00007523""],""name"":""Harvard Library"",""ownerId"":""3523"",""professionOrType"":[""uni""],""role"":""R399"",""type"":""corporate"",""variants"":[""Bibliotheca Harvardiana, Cambridge, Mass."",""College Library, Cambridge, Mass."",""HCL"",""Harvard College Library, Cambridge, Mass."",""Harvard College, Cambridge, Mass., Bibliotheca Harvardiana"",""Harvard College, Cambridge, Mass., Harvard Library"",""Harvard College, Cambridge, Mass., Widener Library"",""Harvard University Library"",""Harvard University, College Library"",""Harvard University, Faculty of Arts and Sciences, Library"",""Harvard University, Cambridge, Mass., Bibliotheca Harvardiana"",""Harvard University, Cambridge, Mass., College Library"",""Harvard University, Cambridge, Mass., Faculty of Arts and Sciences, Library"",""Harvard University, Cambridge, Mass., Widener Library <Harvard College>"",""Widener Library, Cambridge, Mass., Harvard College""]}]",,,,,,,,,,,,,,,,,,,,1,
02178425-p001,02178425,1,1473,1500,15,a,l,a,g,,e-gx,1,"Anonymous rubricator, Germany",00028231,R680,person,1473-1500,,"[{""characterisation"":[""unk""],""dates"":""1473-1500"",""gender"":""1003"",""name"":""Anonymous rubricator, Germany"",""ownerId"":""00028231"",""professionOrType"":[""unk""],""role"":""R680"",""type"":""person""}]",,,,,,,,,,,"Rubrication with red ink: pen initials, capital strokes, paragraph signs",15th century,,,,,,,,1,
02178425-p002,02178425,2,1500,1550,15 | 16,,k,,g,,e,1,Anonymous binder,00029478,R110,person,,,"[{""name"":""Anonymous binder"",""ownerId"":""00029478"",""professionOrType"":[""bkt""],""role"":""R110"",""type"":""person""}]",,t,c,a,b,c,293,40,210,,,,,,,,,,15th/16th century,0,"{""edges"":""d"",""furniture"":""1"",""gauffered"":""d"",""titling"":[""z""],""tooling"":""d"",""writingOnEdges"":""d""}"
02178425-p003,02178425,3,1558,1562,16,a,a,a | g,x,"Inscription on fol. 49 verso: ""Item das bvch ist des lorencz spener""",e-gx,1,"Spener, Lorenz",00041173,R390,person,,,"[{""characterisation"":[""noc""],""gender"":""1002"",""name"":""Spener, Lorenz"",""ownerId"":""00041173"",""professionOrType"":[""bus""],""role"":""R390"",""type"":""person"",""variants"":[""Spengler, Lorenz""]}]",,,,,,,,,,,,,,,,,,,16th century,1,
02178425-p004,02178425,4,1869,1942,19 | 20,a,s,g,x,,e-sz,1,"Neufforge, Ferdinand, baron von",00010272,R390,person,1869-1942,,"[{""dates"":""1869-1942"",""gender"":""1002"",""name"":""Neufforge, Ferdinand, baron von"",""ownerId"":""00010272"",""role"":""R390"",""type"":""person""}]",,,,,,,,,,,,,,,,,,,-1942,0,
02178425-p005,02178425,5,1852,,19,a,a | o | s,f | g,a,Parts of Neufforge's library purchased for GNM library in 1961.,e-gx,1,"Nürnberg, Germanisches Nationalmuseum",00033981,R399,corporate,1852-,https://explore.gnd.network/gnd/36441-1 | http://data.cerl.org/thesaurus/cnc00036568,"[{""characterisation"":[""noc""],""dates"":""1852-"",""externalId"":[""https://explore.gnd.network/gnd/36441-1"",""http://data.cerl.org/thesaurus/cnc00036568""],""gender"":""1003"",""name"":""Nürnberg, Germanisches Nationalmuseum"",""ownerId"":""00033981"",""professionOrType"":[""mus""],""role"":""R399"",""type"":""corporate"",""variants"":[""Nuremberg, Germanisches National Museum""]}]",,,,,,,,,,,,,,,,,,,1961-,1,
02174834-p001,02174834,1,1493,1500,15,a,l,a,,,e-gx,1,"Anonymous rubricator, Germany",00027563,R680,person,1485-1500,,"[{""characterisation"":[""unk""],""dates"":""1485-1500"",""gender"":""1003"",""name"":""Anonymous rubricator, Germany"",""ownerId"":""00027563"",""professionOrType"":[""unk""],""role"":""R680"",""type"":""person""}]",,,,,,,,,,"Three frequently recurring woodcuts, uncoloured.","Some unprinted initials have been added in red, and some printed initials are colored red. Red rubrication. ",,,,,,,,,1,"{""hasRubrication"":""1""}"
02174834-p002,02174834,2,1603,,17,a,a,a,,"On the front flyleaf, the following entry: ""Jacob Kramer von Berlin, aus der Marck Brandenburg, 1603. E. M. R.""",e-gx,1,"Kramer, Jacob",00040216,R390,person,,,"[{""gender"":""1002"",""name"":""Kramer, Jacob"",""ownerId"":""00040216"",""role"":""R390"",""type"":""person"",""variants"":[""Kramer, Jakob""]}]","recycled parchment binding from the early 17th century. Cardboard with a cut-out of a parchment sheet from a 15th-century Latin gradual. The cover is decorated with diagonally crossing blind-printed double lines. The longitudinal part of the boards (opposite the spine) has edge folds. Two pairs of leather straps preserved. Light blue trim. At the beginning of the book block, [5] and at the end [32] white sheets are tied. ",u,,b,a,z,235,182,35,,,,,,,,,,,1,"{""edges"":""b""}"
02174834-p003,02174834,3,1650,,17,a,a | e | h,a,x,"On the reverse of the fifth front flyleaf, in 17th-century handwriting, ""Monasterij Strahouiensis. Pragae"" and on fol. a3a ""Catalogo inscriptus"" with the signatures ""17 B XIII"" (crossed out and replaced) ""5. D. XIII"". On the front flyleaf, there is a later Strahov signature ""C VI 37"" (partially covered by a Strahov bookplate). Bibliographic note by Isidor Zahradník with a Strahov stamp (type 2) on the front of the first front flyleaf. On front pastedown Strahov's exlibris with the current shelfmark of the book.",e-xr,1,"Prague, Premonstratensians, of Strahov (Mount Sion), OPraem",00013893,R399,corporate,1140-,,"[{""characterisation"":[""rel""],""dates"":""1140-"",""name"":""Prague, Premonstratensians, of Strahov (Mount Sion), OPraem"",""ownerId"":""00013893"",""professionOrType"":[""rei""],""role"":""R399"",""type"":""corporate""}]",,,,,,,,,,,,,,Strahov stamp Type 2,"[{""note"":""17 B XIII""},{""note"":""C VI 37""},{""note"":""5. D. XIII""}]",,,,,1,
02174837-p001,02174837,1,1493,1500,15,a,l,a,x,,e-gx,1,"Anonymous rubricator, Germany",00027563,R680,person,1485-1500,,"[{""characterisation"":[""unk""],""dates"":""1485-1500"",""gender"":""1003"",""name"":""Anonymous rubricator, Germany"",""ownerId"":""00027563"",""professionOrType"":[""unk""],""role"":""R680"",""type"":""person""}]",,,,,,,,,,"Yellow-red initials ca. 25 x 20 added on fol. a2a H(Je), on fol. a5a A(Ristottiles) and on fol. a10b A(Vicenna) – all three are decorated with blue calligraphic flourishes, which around the mirror grow into red-yellow-blue loops and ornaments (see also S-010). The vertical parts of the page margins are framed by a double line. ",ed rubrication and underlining of headings and incipits.,,,,,,,,,1,"{""hasOrnamentalLetters"":""1"",""hasRubrication"":""1""}"
02174837-p002,02174837,2,1603,,17,a,a,a,,"On the front flyleaf, the following entry: ""Jacob Kramer von Berlin, aus der Marck Brandenburg, 1603. E. M. R.""",e-gx,1,"Kramer, Jacob",00040216,R390,person,,,"[{""gender"":""1002"",""name"":""Kramer, Jacob"",""ownerId"":""00040216"",""role"":""R390"",""type"":""person"",""variants"":[""Kramer, Jakob""]}]","Recycled parchment binding from the early 17th century. Cardboard with a cut-out of a parchment sheet from a 15th-century Latin gradual. The cover is decorated with diagonally crossing blind-printed double lines. The longitudinal part of the boards (opposite the spine) has edge folds. Two pairs of leather straps preserved. Light blue trim. At the beginning of the book block, [5] and at the end [32] white sheets are tied. ",u,,b,a,z,235,182,35,,,,,,,,,,,1,"{""edges"":""b""}"
02174837-p003,02174837,3,1650,,17,a,a | e | h,a,x,"On the reverse of the fifth front flyleaf, in 17th-century handwriting, ""Monasterij Strahouiensis. Pragae"" and on fol. a3a ""Catalogo inscriptus"" with the signatures ""17 B XIII"" (crossed out and replaced) ""5. D. XIII"". On the front flyleaf, there is a later Strahov signature ""C VI 37"" (partially covered by a Strahov bookplate). Bibliographic note by Isidor Zahradník with a Strahov stamp (type 2) on the front of the first front flyleaf. On front pastedown Strahov's exlibris with the current shelfmark of the book.",e-xr,1,"Prague, Premonstratensians, of Strahov (Mount Sion), OPraem",00013893,R399,corporate,1140-,,"[{""characterisation"":[""rel""],""dates"":""1140-"",""name"":""Prague, Premonstratensians, of Strahov (Mount Sion), OPraem"",""ownerId"":""00013893"",""professionOrType"":[""rei""],""role"":""R399"",""type"":""corporate""}]",,,,,,,,,,,,,,Strahov stamp Type 2,"[{""note"":""17 B XIII""},{""note"":""C VI 37""},{""note"":""5. D. XIII""}]",,,,,1,
02119147-p001,02119147,1,,,,a,,,,,e-au,1,"Wien, Österreichische  Nationalbibliothek",2839,R399,corporate,,http://thesaurus.cerl.org/record/cnc00020465 | https://aeolus.bodleian.ox.ac.uk/collections/incunables/provenances_for_mei.xml#xpointer(//*[@id= | https://www.onb.ac.at/en/about-us/650th-anniversary/timeline/,"[{""characterisation"":[""noc""],""externalId"":[""http://thesaurus.cerl.org/record/cnc00020465"",""https://aeolus.bodleian.ox.ac.uk/collections/incunables/provenances_for_mei.xml#xpointer(//*[@id="",""https://www.onb.ac.at/en/about-us/650th-anniversary/timeline/""],""name"":""Wien, Österreichische  Nationalbibliothek"",""ownerId"":2839,""professionOrType"":[""lib""],""role"":""R399"",""type"":""corporate"",""variants"":[""Wien, Österreichische Nationalbibliothek"",""Vienne (Autriche), Österreichische Nationalbibliothek"",""Vienna, Hofbibliothek"",""Vienna, Bibliotheca Regia"",""Vienna, Österreichische Nationalbibliothek""]}]",,,,,,,,,,,,,,,,,,,,1,
02174836-p001,02174836,1,1493,1500,15,a,l,a,x,,e-gx,1,"Anonymous rubricator, Germany",00027563,R680,person,1485-1500,,"[{""characterisation"":[""unk""],""dates"":""1485-1500"",""gender"":""1003"",""name"":""Anonymous rubricator, Germany"",""ownerId"":""00027563"",""professionOrType"":[""unk""],""role"":""R680"",""type"":""person""}]",,,,,,,,,,"On fol. a2a, a yellow-brown initial I(N) has been added, and on fol. a9a, a red-yellow initial I(Tem) – both 30 x 8 with red calligraphic extensions, which around the mirror grow into red-yellow-brown loops and ornaments (see S-046 for a similar example). Otherwise supplemented with smaller red initials. Perpendicular parts of page mirrors framed with a double line. ", Red rubrication and underlining of headings and incipits.,,,,,,,,,1,"{""hasOrnamentalLetters"":""1"",""hasRubrication"":""1""}"
02174836-p002,02174836,2,1603,,17,a,a,a,,"On the front flyleaf, the following entry: ""Jacob Kramer von Berlin, aus der Marck Brandenburg, 1603. E. M. R.""",e-gx,1,"Kramer, Jacob",00040216,R390,person,,,"[{""gender"":""1002"",""name"":""Kramer, Jacob"",""ownerId"":""00040216"",""role"":""R390"",""type"":""person"",""variants"":[""Kramer, Jakob""]}]","Recycled parchment binding from the early 17th century. Cardboard with a cut-out of a parchment sheet from a 15th-century Latin gradual. The cover is decorated with diagonally crossing blind-printed double lines. The longitudinal part of the boards (opposite the spine) has edge folds. Two pairs of leather straps preserved. Light blue trim. At the beginning of the book block, [5] and at the end [32] white sheets are tied. ",u,,b,a,z,235,182,35,,,,,,,,,,,1,"{""edges"":""b""}"
02174836-p003,02174836,3,1650,,17,a,a | e | h,a,x,"On the reverse of the fifth front flyleaf, in 17th-century handwriting, ""Monasterij Strahouiensis. Pragae"" and on fol. a3a ""Catalogo inscriptus"" with the signatures ""17 B XIII"" (crossed out and replaced) ""5. D. XIII"". On the front flyleaf, there is a later Strahov signature ""C VI 37"" (partially covered by a Strahov bookplate). Bibliographic note by Isidor Zahradník with a Strahov stamp (type 2) on the front of the first front flyleaf. On front pastedown Strahov's exlibris with the current shelfmark of the book.",e-xr,1,"Prague, Premonstratensians, of Strahov (Mount Sion), OPraem",00013893,R399,corporate,1140-,,"[{""characterisation"":[""rel""],""dates"":""1140-"",""name"":""Prague, Premonstratensians, of Strahov (Mount Sion), OPraem"",""ownerId"":""00013893"",""professionOrType"":[""rei""],""role"":""R399"",""type"":""corporate""}]",,,,,,,,,,,,,,Strahov stamp Type 2,"[{""note"":""17 B XIII""},{""note"":""C VI 37""},{""note"":""5. D. XIII""}]",,,,,1,
02174835-p001,02174835,1,1493,1500,15,a,l,a,x,,e-gx,1,"Anonymous rubricator, Germany",00027563,R680,person,1485-1500,,"[{""characterisation"":[""unk""],""dates"":""1485-1500"",""gender"":""1003"",""name"":""Anonymous rubricator, Germany"",""ownerId"":""00027563"",""professionOrType"":[""unk""],""role"":""R680"",""type"":""person""}]",,,,,,,,,,"On fol. a2a, a yellow-brown initial I(N) has been added, and on fol. a9a, a red-yellow initial I(Tem) – both 30 x 8 with red calligraphic extensions, which around the mirror grow into red-yellow-brown loops and ornaments (see S-046 for a similar example). Otherwise supplemented with smaller red initials. Perpendicular parts of page mirrors framed with a double line. ", Red rubrication and underlining of headings and incipits.,,,,,,,,,1,"{""hasOrnamentalLetters"":""1"",""hasRubrication"":""1""}"
02174835-p002,02174835,2,1603,,17,a,a,a,,"On the front flyleaf, the following entry: ""Jacob Kramer von Berlin, aus der Marck Brandenburg, 1603. E. M. R.""",e-gx,1,"Kramer, Jacob",00040216,R390,person,,,"[{""gender"":""1002"",""name"":""Kramer, Jacob"",""ownerId"":""00040216"",""role"":""R390"",""type"":""person"",""variants"":[""Kramer, Jakob""]}]","Recycled parchment binding from the early 17th century. Cardboard with a cut-out of a parchment sheet from a 15th-century Latin gradual. The cover is decorated with diagonally crossing blind-printed double lines. The longitudinal part of the boards (opposite the spine) has edge folds. Two pairs of leather straps preserved. Light blue trim. At the beginning of the book block, [5] and at the end [32] white sheets are tied. ",u,,b,a,z,235,182,35,,,,,,,,,,,1,"{""edges"":""b""}"
02174835-p003,02174835,3,1650,,17,a,a | e | h,a,x,"On the reverse of the fifth front flyleaf, in 17th-century handwriting, ""Monasterij Strahouiensis. Pragae"" and on fol. a3a ""Catalogo inscriptus"" with the signatures ""17 B XIII"" (crossed out and replaced) ""5. D. XIII"". On the front flyleaf, there is a later Strahov signature ""C VI 37"" (partially covered by a Strahov bookplate). Bibliographic note by Isidor Zahradník with a Strahov stamp (type 2) on the front of the first front flyleaf. On front pastedown Strahov's exlibris with the current shelfmark of the book.",e-xr,1,"Prague, Premonstratensians, of Strahov (Mount Sion), OPraem",00013893,R399,corporate,1140-,,"[{""characterisation"":[""rel""],""dates"":""1140-"",""name"":""Prague, Premonstratensians, of Strahov (Mount Sion), OPraem"",""ownerId"":""00013893"",""professionOrType"":[""rei""],""role"":""R399"",""type"":""corporate""}]",,,,,,,,,,,,,,Strahov stamp Type 2,"[{""note"":""17 B XIII""},{""note"":""C VI 37""},{""note"":""5. D. XIII""}]",,,,,1,
02178424-p001,02178424,1,1450,1600,15 | 16,a,k,a | g,g,,e-gx,1,Schwan I,00041169,R110,corporate,,,"[{""characterisation"":[""noc""],""name"":""Schwan I"",""ownerId"":""00041169"",""professionOrType"":[""bkt""],""role"":""R110"",""type"":""corporate""}]","Pigskin binding over wood, with lines made with a drawing tool and embossing using nine stamps. Spine has been re-covered.",s,c,a,b,c,280,67,193,,,,,,,,,,15th/16th century,0,"{""edges"":""d"",""furniture"":""0"",""gauffered"":""d"",""titling"":[""z""],""tooling"":""a"",""writingOnEdges"":""d""}"
02178424-p002,02178424,2,,,,a,a,a | g,x,"Inscription on front paste down: ""Diß Buoch Gehört in die gemain Teutsch Liberey in das Gotzhauß vnczkoffen""",e-gx,1,"Inzkofen, Sankt Jakobus der Ältere",00041170,R390,corporate,,https://explore.gnd.network/gnd/4505629-8,"[{""characterisation"":[""rel""],""externalId"":[""https://explore.gnd.network/gnd/4505629-8""],""name"":""Inzkofen, Sankt Jakobus der Ältere"",""ownerId"":""00041170"",""professionOrType"":[""cle""],""role"":""R390"",""type"":""corporate""}]",,,,,,,,,,,,,,,,,,,16th century,1,
02178424-p003,02178424,3,1800,1900,18 | 19,a,e,a | g,x,Exlibris on front paste down,e-gx,1,Progel,00041171,R390,person,,,"[{""characterisation"":[""noc""],""name"":""Progel"",""ownerId"":""00041171"",""professionOrType"":[""unk""],""role"":""R390"",""type"":""person""}]",,,,,,,,,,,,,,,,,,,19th century,0,
02178424-p004,02178424,4,1801,1872,19,a,h,a | g,x,,e-gx,1,"Aufseß, Hans Philipp Werner, Freiherr von und zu",00039974,R390,person,1801–1872,https://explore.gnd.network/gnd/118848526 | https://data.cerl.org/thesaurus/cnp02377218,"[{""characterisation"":[""ari""],""dates"":""1801–1872"",""externalId"":[""https://explore.gnd.network/gnd/118848526"",""https://data.cerl.org/thesaurus/cnp02377218""],""gender"":""1002"",""name"":""Aufseß, Hans Philipp Werner, Freiherr von und zu "",""ownerId"":""00039974"",""professionOrType"":[""scl""],""role"":""R390"",""type"":""person"",""variants"":[""Aufsess, Hans Philipp Werner, Freiherr von und zu ""]}]",,,,,,,,,,,,,,,,,,,-1863,1,
02178424-p005,02178424,5,1852,,19,a,a | o | s,a | g,a,Aufsess' library purchased for GNM library in 1863.,e-gx,1,"Nürnberg, Germanisches Nationalmuseum",00033981,R399,corporate,1852-,https://explore.gnd.network/gnd/36441-1 | http://data.cerl.org/thesaurus/cnc00036568,"[{""characterisation"":[""noc""],""dates"":""1852-"",""externalId"":[""https://explore.gnd.network/gnd/36441-1"",""http://data.cerl.org/thesaurus/cnc00036568""],""gender"":""1003"",""name"":""Nürnberg, Germanisches Nationalmuseum"",""ownerId"":""00033981"",""professionOrType"":[""mus""],""role"":""R399"",""type"":""corporate"",""variants"":[""Nuremberg, Germanisches National Museum""]}]",,,,,,,,,,,,,,,,,,,1863-,1,
02119146-p001,02119146,1,,,,a,,,,,e-au,1,"Wien, Österreichische  Nationalbibliothek",2839,R399,corporate,,http://thesaurus.cerl.org/record/cnc00020465 | https://aeolus.bodleian.ox.ac.uk/collections/incunables/provenances_for_mei.xml#xpointer(//*[@id= | https://www.onb.ac.at/en/about-us/650th-anniversary/timeline/,"[{""characterisation"":[""noc""],""externalId"":[""http://thesaurus.cerl.org/record/cnc00020465"",""https://aeolus.bodleian.ox.ac.uk/collections/incunables/provenances_for_mei.xml#xpointer(//*[@id="",""https://www.onb.ac.at/en/about-us/650th-anniversary/timeline/""],""name"":""Wien, Österreichische  Nationalbibliothek"",""ownerId"":2839,""professionOrType"":[""lib""],""role"":""R399"",""type"":""corporate"",""variants"":[""Wien, Österreichische Nationalbibliothek"",""Vienne (Autriche), Österreichische Nationalbibliothek"",""Vienna, Hofbibliothek"",""Vienna, Bibliotheca Regia"",""Vienna, Österreichische Nationalbibliothek""]}]",,,,,,,,,,,,,,,,,,,,1,
02133601-p001,02133601,1,1605,1610,17,a,a | b,a,,"Handschriftlicher Besitzvermerk auf Bl. [101] verso: ""HW Graff"" (H.W. Graaf, von Solothurn, Vogt am Lebern, -1610), darunter gezeichnetes Wappen (über Lilie sinkender Mond mit aufgesetztem Hochkreuz), ""wass mÿr got fugt ..."", darunter: ""An 1605 ... lassen zu binden kost 6 bz"" ",e-sz,1,"Graf, Hans Wilhelm",00027987,R390,person,"Solothurn, Vogt zu Lebern",,"[{""characterisation"":[""noc""],""dates"":""Solothurn, Vogt zu Lebern"",""gender"":""1002"",""name"":""Graf, Hans Wilhelm"",""ownerId"":""00027987"",""professionOrType"":[""cse""],""role"":""R390"",""type"":""person""}]",,,,,,,,,, 	Einige der Holzschnitte teilweise rudimentär mit Erdfarben koloriert ,,,,,,,,,,1,
02133601-p002,02133601,2,,,,a,,a,,,e-sz,1,Zentralbibliothek Solothurn,00027859,R399,corporate,,,"[{""name"":""Zentralbibliothek Solothurn"",""ownerId"":""00027859"",""professionOrType"":[""lib""],""role"":""R399"",""type"":""corporate"",""variants"":[""Solothurn, Zentralbibliothek""]}]"," 	Schmuckloser Ledereinband des 19. Jhs., Buchblock beschnitten ",,,,,,,,,,,,,,,,,,,1,
02119145-p001,02119145,1,,,,a,,,,,e-au,1,"Wien, Österreichische  Nationalbibliothek",2839,R399,corporate,,http://thesaurus.cerl.org/record/cnc00020465 | https://aeolus.bodleian.ox.ac.uk/collections/incunables/provenances_for_mei.xml#xpointer(//*[@id= | https://www.onb.ac.at/en/about-us/650th-anniversary/timeline/,"[{""characterisation"":[""noc""],""externalId"":[""http://thesaurus.cerl.org/record/cnc00020465"",""https://aeolus.bodleian.ox.ac.uk/collections/incunables/provenances_for_mei.xml#xpointer(//*[@id="",""https://www.onb.ac.at/en/about-us/650th-anniversary/timeline/""],""name"":""Wien, Österreichische  Nationalbibliothek"",""ownerId"":2839,""professionOrType"":[""lib""],""role"":""R399"",""type"":""corporate"",""variants"":[""Wien, Österreichische Nationalbibliothek"",""Vienne (Autriche), Österreichische Nationalbibliothek"",""Vienna, Hofbibliothek"",""Vienna, Bibliotheca Regia"",""Vienna, Österreichische Nationalbibliothek""]}]",,,,,,,,,,,,,,,,,,,,1,
00570483-p001,00570483,1,,1630,15 | 16 | 17,a,s,,x,"Geschenk von Johannes Escher an die Stadtbibliothek Zürich 1630; vgl. Donationenbuch, S. 218; genaues Erwerbungsdatum unbekannt",e-sz,1,"Escher vom Luchs, Johannes",00026455,R390,person,,http://d-nb.info/gnd/108937674X,"[{""characterisation"":[""noc""],""externalId"":[""http://d-nb.info/gnd/108937674X""],""gender"":""1002"",""name"":""Escher vom Luchs, Johannes"",""note"":""Vorbesitzer (RDA: Früherer Eigentümer)"",""ownerId"":""00026455"",""role"":""R390"",""type"":""person""}]",,,,,,,,,,Holzschnitte und einzelne Holzschnittinitalen koloriert,,,,,,,,,1630,1,"{""provenanceImage"":[{""display"":""Donationenbuch, S. 218"",""url"":""https://www.e-manuscripta.ch/zuz/content/wpage/1485845""}]}"
00570483-p002,00570483,2,1630,1915,17 | 18 | 19 | 20,a,s,,b,Siehe Angaben zu Johannes Escher,e-sz,1,Stadtbibliothek Zürich,00026279,R390,corporate,,http://d-nb.info/gnd/17078-1,"[{""characterisation"":[""noc""],""externalId"":[""http://d-nb.info/gnd/17078-1""],""name"":""Stadtbibliothek Zürich"",""note"":""vorbesitzende Institution"",""ownerId"":""00026279"",""professionOrType"":[""lib""],""role"":""R390"",""type"":""corporate"",""variants"":[""Zürich, Stadtbibliothek "",""Bürgerbibliothek Zürich"",""Bibliotheca Tigurinorum civica"",""Bibliotheca Tigurina""]}]","Halbledereinband, Marmorpapier (18. Jh.); Gelbschnitt",v,,b,,,,,,,,,,,,,,,1630,1,
00570483-p003,00570483,3,1916,,20,a,,,e,,e-sz,1,"Zürich, Zentralbibliothek",00022261,R399,corporate,,CERL Thesaurus cnc00009164,"[{""characterisation"":[""noc""],""externalId"":[""CERL Thesaurus cnc00009164""],""name"":""Zürich, Zentralbibliothek"",""ownerId"":""00022261"",""professionOrType"":[""lib""],""role"":""R399"",""type"":""corporate"",""variants"":[""Zentralbibliothek, Zürich"","" Zurich Central Library ""]}]",,,,,,,,,,,,,,,,,,,,1,
02137129-p001,02137129,1,,,,,,,,,,1,Universitätsbibliothek Tübingen,00028883,R399,,,https://thesaurus.cerl.org/cgi-bin/record.pl?rid=cnc00025088 | https://thesaurus.cerl.org/cgi-bin/record.pl?rid=cnc00005655 | https://thesaurus.cerl.org/cgi-bin/record.pl?rid=cnc00013333,"[{""externalId"":[""https://thesaurus.cerl.org/cgi-bin/record.pl?rid=cnc00025088"",""https://thesaurus.cerl.org/cgi-bin/record.pl?rid=cnc00005655"",""https://thesaurus.cerl.org/cgi-bin/record.pl?rid=cnc00013333""],""name"":""Universitätsbibliothek Tübingen"",""ownerId"":""00028883"",""role"":""R399"",""variants"":[""Tübingen, Universitätsbibliothek "","" Tuebingen UB"",""Tübingen, Eberhard-Karls-Universität"",""Tubingen UB""]}]",,,,,,,,,,,,,,,,,,,,1,
02137128-p001,02137128,1,,,,,,,,(Eintrag auf dem Schlußbl. des angebundenen Druckes) Mathiaß Stotz Deß Raths zue Hechingen (17. Jh.),,1,"Stotz, Mathias",00028536,R390,,,,"[{""name"":""Stotz, Mathias"",""ownerId"":""00028536"",""role"":""R390""}]",,,,,,,,,,,,,,,,,,,,0,
02137128-p002,02137128,2,,,,,,,,Tübingen: Wilhelmsstift (Stempel). 1936 an die UB abgegeben.,,1,Wilhelmsstift Tübingen,00028915,R390,,,,"[{""name"":""Wilhelmsstift Tübingen"",""ownerId"":""00028915"",""role"":""R390""}]",,,,,,,,,,,,,,,,,,,,1,
02137128-p003,02137128,3,,,,,,,,,,1,Rollen,00028422,R110,,,,"[{""name"":""Rollen"",""ownerId"":""00028422"",""role"":""R110""}]","Blindgeprägter Halblederband über Holz. Rollen (nicht identifiziert). Rückentitel: Sittenspiegel 1511. Zwei Schließen. Der Band wurde 1984 restauriert (Holzdeckel erneuert, Rücken unterlegt, Schließen ergänzt). Bei der Restaurierung wurde ein auf dem vord. Spiegel aufgeklebter Einblattdruck abgelöst (s. Ink. Tübingen Nr. 1814 (Brinkhus/Dubowik-Baradoy)).",,,,,,,,,,,,,,,,,,,1,
02137128-p004,02137128,4,,,,,,,,,,1,Universitätsbibliothek Tübingen,00028883,R399,,,https://thesaurus.cerl.org/cgi-bin/record.pl?rid=cnc00025088 | https://thesaurus.cerl.org/cgi-bin/record.pl?rid=cnc00005655 | https://thesaurus.cerl.org/cgi-bin/record.pl?rid=cnc00013333,"[{""externalId"":[""https://thesaurus.cerl.org/cgi-bin/record.pl?rid=cnc00025088"",""https://thesaurus.cerl.org/cgi-bin/record.pl?rid=cnc00005655"",""https://thesaurus.cerl.org/cgi-bin/record.pl?rid=cnc00013333""],""name"":""Universitätsbibliothek Tübingen"",""ownerId"":""00028883"",""role"":""R399"",""variants"":[""Tübingen, Universitätsbibliothek "","" Tuebingen UB"",""Tübingen, Eberhard-Karls-Universität"",""Tubingen UB""]}]",,,,,,,,,,,,,,,,,,,,1,
