mei_id,copy_id,mei_url,host_istc_id,requested_istc_ids,relationship_types,holding_institution_id,holding_institution_name,holding_institution_short,holding_country_code,holding_collection,shelfmark,title,author,imprint,imprint_country_code,language,format,subject,gw_references,all_references,general_notes,description_language,completeness,copy_type,copy_features,other_identifier,physical_description_note,provenance_count,bound_with_count,source_snapshot,source_retrieved_at,source_endpoint
00559195,00559195,https://data.cerl.org/mei/00559195,ib00503000,ib00503000,direct,CambridgeUL,"Cambridge, University Library",Cambridge UL,GB,Inc.2-7,Inc.7.A.4.1[343],Horologium devotionis,Bertholdus,"[Cologne : Ulrich Zel, about 1488]",DE,lat,16°,theology-pastoral,GW 4172 (+ var),"Goff B503 | HC 2995 (I) = H 8931 (I) | C 1008 | Voull(K) 246 (I) | Schr 3444 & 3444a | Schramm VIII, p.4, 17 | Polain(B) 628 (I) | IDL 798 | IGI 1615 | Günt(L) 905 | Voull(B) 661 | Voull(Trier) 356 (I) | Pad-Ink 104 | Schäfer 44 | Finger 176 | Oates 415, 416 | Rhodes(Oxford Colleges) 339 | Pr 917A | BMC I 199 | BSB-Ink B-395 | GW 4172 (+ var)",Original item identifier in source database: 4990825,eng,,,,,,1,0,data/expanded/mei-corpus.json,2026-09-23T13:26:51.290022+00:00,https://data.cerl.org/mei/_search
02010644,02010644,https://data.cerl.org/mei/02010644,ib00503000,ib00503000,direct,LondonLambeth,"London, Lambeth Palace Library",London Lambeth,GB,,[ZZ] 1488.4.01,Horologium devotionis,Bertholdus,"[Cologne : Ulrich Zel, about 1488]",DE,lat,16°,theology-pastoral,GW 4172 (+ var),"Goff B503 | HC 2995 (I) = H 8931 (I) | C 1008 | Voull(K) 246 (I) | Schr 3444 & 3444a | Schramm VIII, p.4, 17 | Polain(B) 628 (I) | IDL 798 | IGI 1615 | Günt(L) 905 | Voull(B) 661 | Voull(Trier) 356 (I) | Pad-Ink 104 | Schäfer 44 | Finger 176 | Oates 415, 416 | Rhodes(Oxford Colleges) 339 | Pr 917A | BMC I 199 | BSB-Ink B-395 | GW 4172 (+ var)",Created by Angeline Rais,eng,1,,,,"a1, p5 and p6 are lacking.",7,2,data/expanded/mei-corpus.json,2026-09-23T13:26:51.290022+00:00,https://data.cerl.org/mei/_search
00559194,00559194,https://data.cerl.org/mei/00559194,ib00503000,ib00503000,direct,CambridgeUL,"Cambridge, University Library",Cambridge UL,GB,Inc.2-7,Inc.7.A.4.1[342],Horologium devotionis,Bertholdus,"[Cologne : Ulrich Zel, about 1488]",DE,lat,16°,theology-pastoral,GW 4172 (+ var),"Goff B503 | HC 2995 (I) = H 8931 (I) | C 1008 | Voull(K) 246 (I) | Schr 3444 & 3444a | Schramm VIII, p.4, 17 | Polain(B) 628 (I) | IDL 798 | IGI 1615 | Günt(L) 905 | Voull(B) 661 | Voull(Trier) 356 (I) | Pad-Ink 104 | Schäfer 44 | Finger 176 | Oates 415, 416 | Rhodes(Oxford Colleges) 339 | Pr 917A | BMC I 199 | BSB-Ink B-395 | GW 4172 (+ var)",Original item identifier in source database: 4990808,eng,,,,,,2,0,data/expanded/mei-corpus.json,2026-09-23T13:26:51.290022+00:00,https://data.cerl.org/mei/_search
02010646,02010646,https://data.cerl.org/mei/02010646,ig00175000,ib00503000,bound_with,LondonLambeth,"London, Lambeth Palace Library",London Lambeth,GB,,[ZZ] 1488.4.03,"De spiritualibus ascensionibus. Add: David de Augusta: De exterioris et interioris hominis compositione Lib. II, 1 (De quatuor in quibus incipientes deo servire debent esse cauti)",Gerardus de Zutphania (1367-1398),"Cologne : Apud Lyskirchen [Ulrich Zel, about 1488]",DE,lat,16°,Theology-pastoral,GW 10687,Goff G175 | H 8931 (II) = 2995 (II) = HC 2995 (III) | Voull(K) 246 (III) | Polain(B) 628 (III) | IDL 1925 | SI 1631 | Sallander 2213 | Voull(Trier) 356 (III) | Pad-Ink 263 | Finger 407 | Oates 418 | Pr 918A | BMC I 199 | BSB-Ink G-125 | GW 10687,Created by Angeline Rais,eng,1,,,,,8,2,data/expanded/mei-corpus.json,2026-09-23T13:26:51.290022+00:00,https://data.cerl.org/mei/_search
02010645,02010645,https://data.cerl.org/mei/02010645,im00431000,ib00503000,bound_with,LondonLambeth,"London, Lambeth Palace Library",London Lambeth,GB,,[ZZ] 1488.4.02,"Meditationes de vita et beneficiis Jesu Christi, sive Gratiarum actiones",,"[Cologne : Ulrich Zel, about 1488]",DE,lat,16°,literature-devotional,GW M46921,Goff M431 | [Not H] C 2995 (II) = H 10993 = HC 10995  | Voull(K) 246 (II) | Pell Ms 7797 (7740) | CIBN M-271 | Polain(B) 628 (II) | IGI 9639 | IDL 4339 | Gspan-Badalić 794 | Voull(Trier) 356 (II) | Schäfer 334 | Pad-Ink 654 | Finger 904 | Oates 417 | Pr 918 | BMC I 200 | BSB-Ink T-190 | GW M46921,Created by Angeline Rais,eng,1,,,,,7,2,data/expanded/mei-corpus.json,2026-09-23T13:26:51.290022+00:00,https://data.cerl.org/mei/_search
02176494,02176494,https://data.cerl.org/mei/02176494,im00431000,ib00503000,bound_with,NueGN,"Nürnberg, Germanisches Nationalmuseum, Bibliothek",NuernbergGNM,DE,,Inc. 8° 33494,"Meditationes de vita et beneficiis Jesu Christi, sive Gratiarum actiones",,"[Cologne : Ulrich Zel, about 1488]",DE,lat,16°,literature-devotional,GW M46921,Goff M431 | [Not H] C 2995 (II) = H 10993 = HC 10995  | Voull(K) 246 (II) | Pell Ms 7797 (7740) | CIBN M-271 | Polain(B) 628 (II) | IGI 9639 | IDL 4339 | Gspan-Badalić 794 | Voull(Trier) 356 (II) | Schäfer 334 | Pad-Ink 654 | Finger 904 | Oates 417 | Pr 918 | BMC I 200 | BSB-Ink T-190 | GW M46921,Record created by Clara Lilli Schorcht,eng,1,b,Fol. 127-128 missing,,,3,2,data/expanded/mei-corpus.json,2026-09-23T13:26:51.290022+00:00,https://data.cerl.org/mei/_search
02115001,02115001,https://data.cerl.org/mei/02115001,ib00505000,ib00505000,direct,WienONB,"Wien, Österreichische  Nationalbibliothek","Wien, ONB",AT,ZALT-INK,Ink 14.H.16,"Horologium devotionis. Add: Aurelius Augustinus, S: Oratio de tota passione domini",Bertholdus,"Nuremberg : Friedrich Creussner, 11 May 1489",DE,lat,8°,theology-pastoral,GW 4174,"Goff B505 | H 2999 = 8934* | Schr 3441 | Schramm XVIII p.14 | IDL 800 | IBP 977 | Sajó-Soltész 606 | Günt(L) 1962 | Voull(B) 1816,7 = 1816 | Hubay(Augsburg) 350 | Schäfer 45 | Döring-Fuchs B-170 | Walsh 786 | BSB-Ink B-397 | GW 4174",,eng,0,,,,,1,0,data/expanded/mei-corpus.json,2026-09-30T19:13:21.306746+00:00,https://data.cerl.org/mei/_search
00559196,00559196,https://data.cerl.org/mei/00559196,ib00506000,ib00506000,direct,CambridgeUL,"Cambridge, University Library",Cambridge UL,GB,Inc.2-7,Inc.5.C.1.5[2335],Horologium devotionis,Bertholdus,"[Basel : Johann Amerbach, not after 1490]",CH,lat,8°,theology-pastoral,GW 4175,"Goff B506 | H 2990* (I) = HC 2993* = H 8928* | Schr 3442 | Schramm XXI p.27 | Pell 2247 | Coq 84 | Richard 103 | Maignien(Grenoble) 330 | Polain(B) 629 | IDL 801 | IGI 1617 | Šimáková-Vrchotka 325 | Ernst(Hildesheim) II,II 55, II,V 3 | Voull(B) 477 | Voull(Trier) 184 | Hubay(Augsburg) 351 | Sack(Freiburg) 604 | Schäfer 46 | Finger 177 | Oates 2799, 2800 | Rhodes(Oxford Colleges) 340 | Bod-inc B-232 | Sheppard 2435 | Pr 7635 | BMC III 753 | BSB-Ink B-398 | GW 4175","A copy in Basel University Library has a rubricator's date 1490.  | Sig. h10 is a blank.  | Collation: a-g8, h10. The b on sig. b4 is imposed upsidedown.  | ISTC, ib00506000  | Goff, B506  | Oates, 2799  | Oates, 2800  | Bod-inc, B-232  | Proctor, 7635  | BMC 15th cent., III, 753  | BSB-Ink, B-398  | GW, 4175  | Inc.6.C.1.5[2333]: Binding: Nineteenth-century full olive grained morocco; turn-ins gilt rolled; spine direct-lettered in gilt: Horologium devotionis.  | Inc.5.C.1.5[2335]: Fifteenth-century full calf over wooden boards; twelve different blind stamps to upper and lower covers, including round rose stamp (15mm), lozenge fleur-de-lis stamp (35mm), square woman with dog stamp (16mm) scroll stamp lettered Maria hilff uns (40mm); remains of single clasp, hinged on lower board, and secured with a heart-shaped brass fixture; sewn onto three double cord supports, plus head and tail band; MS paper spine label: Vita Christi Horologium Spirituales Ascensciones. c. 1490; small early MS fragment visible lining rear board, text unidentified.  | Inc.6.C.1.5[2333]: Decoration: Red initials and red paragraph marks , capial strokes and underlining throughout; extensive staining from rubricator's ink on sig. e4v; first three woodcuts crudely stained in yellow. Item number one in volume, bound with ISTC im00432000 (Meditationes de vita et beneficiis Jesu Christi, sive Gratiarum actiones ([Basel: Johann Amerbach and Johann Petri de Langendorff, not after 1489]).  | Inc.5.C.1.5[2335]: Decoration: red and blue initials; red paragraph marks, capital strokes and underlining throughout. Item number two in volume; bound with ISTC im00432000 (Meditationes de vita et beneficiis Jesu Christi, sive Gratiarum actiones ([Basel: Johann Amerbach and Johann Petri de Langendorff, not after 1489])) and ISTC ig00177000 (Gerardus de Zutphania De spiritualibus ascensionibus ([Basel: Johann Amerbach and Johann Petri de Langendorff, not after 1489])).  | Original item identifier in source database: 5029969",eng,,,,,,1,0,data/expanded/mei-corpus.json,2026-09-23T13:26:59.317333+00:00,https://data.cerl.org/mei/_search
02135612,02135612,https://data.cerl.org/mei/02135612,ib00506000,ib00506000,direct,TubingenUB,"Tübingen, Universitätsbibliothek","Tübingen, Universitätsbibliothek",DE,,3 in: Gb 607,Horologium devotionis,Bertholdus,"[Basel : Johann Amerbach, not after 1490]",CH,lat,8°,theology-pastoral,GW 4175,"Goff B506 | H 2990* (I) = HC 2993* = H 8928* | Schr 3442 | Schramm XXI p.27 | Pell 2247 | Coq 84 | Richard 103 | Maignien(Grenoble) 330 | Polain(B) 629 | IDL 801 | IGI 1617 | Šimáková-Vrchotka 325 | Ernst(Hildesheim) II,II 55, II,V 3 | Voull(B) 477 | Voull(Trier) 184 | Hubay(Augsburg) 351 | Sack(Freiburg) 604 | Schäfer 46 | Finger 177 | Oates 2799, 2800 | Rhodes(Oxford Colleges) 340 | Bod-inc B-232 | Sheppard 2435 | Pr 7635 | BMC III 753 | BSB-Ink B-398 | GW 4175",,ger,,,Bl. 66 (leer) fehlt. - Rubr.; Lombarden. - Bl. 65b hs. Anm. (16. Jh.).,"{""identifier"": ""GW 4175"", ""source"": ""degw""}",,1,1,data/expanded/mei-corpus.json,2026-09-23T13:26:59.317333+00:00,https://data.cerl.org/mei/_search
02138264,02138264,https://data.cerl.org/mei/02138264,ib00506000,ib00506000,direct,TheHagueMMW,"Den Haag, Huis van het Boek ","Den Haag, Huis van het Boek ",NL,,001 F 033: 01,Horologium devotionis,Bertholdus,"[Basel : Johann Amerbach, not after 1490]",CH,lat,8°,theology-pastoral,GW 4175,"Goff B506 | H 2990* (I) = HC 2993* = H 8928* | Schr 3442 | Schramm XXI p.27 | Pell 2247 | Coq 84 | Richard 103 | Maignien(Grenoble) 330 | Polain(B) 629 | IDL 801 | IGI 1617 | Šimáková-Vrchotka 325 | Ernst(Hildesheim) II,II 55, II,V 3 | Voull(B) 477 | Voull(Trier) 184 | Hubay(Augsburg) 351 | Sack(Freiburg) 604 | Schäfer 46 | Finger 177 | Oates 2799, 2800 | Rhodes(Oxford Colleges) 340 | Bod-inc B-232 | Sheppard 2435 | Pr 7635 | BMC III 753 | BSB-Ink B-398 | GW 4175",,dut,,,,"{""identifier"": ""I, 306"", ""source"": ""nldkp""}",,3,0,data/expanded/mei-corpus.json,2026-09-23T13:26:59.317333+00:00,https://data.cerl.org/mei/_search
00201811,00201811,https://data.cerl.org/mei/00201811,ib00506000,ib00506000,direct,MantovaC,"Mantova, Biblioteca Comunale Teresiana",Mantova C,IT,,Inc. 979(1),Horologium devotionis,Bertholdus,"[Basel : Johann Amerbach, not after 1490]",CH,lat,8°,theology-pastoral,GW 4175,"Goff B506 | H 2990* (I) = HC 2993* = H 8928* | Schr 3442 | Schramm XXI p.27 | Pell 2247 | Coq 84 | Richard 103 | Maignien(Grenoble) 330 | Polain(B) 629 | IDL 801 | IGI 1617 | Šimáková-Vrchotka 325 | Ernst(Hildesheim) II,II 55, II,V 3 | Voull(B) 477 | Voull(Trier) 184 | Hubay(Augsburg) 351 | Sack(Freiburg) 604 | Schäfer 46 | Finger 177 | Oates 2799, 2800 | Rhodes(Oxford Colleges) 340 | Bod-inc B-232 | Sheppard 2435 | Pr 7635 | BMC III 753 | BSB-Ink B-398 | GW 4175",,ita,0,,,,,3,0,data/expanded/mei-corpus.json,2026-09-23T13:26:59.317333+00:00,https://data.cerl.org/mei/_search
02128157,02128157,https://data.cerl.org/mei/02128157,ib00506000,ib00506000,direct,MilanoN,"Milano, Biblioteca Nazionale Braidense",Milano N,IT,,AP. XIX. 10/3,Horologium devotionis,Bertholdus,"[Basel : Johann Amerbach, not after 1490]",CH,lat,8°,theology-pastoral,GW 4175,"Goff B506 | H 2990* (I) = HC 2993* = H 8928* | Schr 3442 | Schramm XXI p.27 | Pell 2247 | Coq 84 | Richard 103 | Maignien(Grenoble) 330 | Polain(B) 629 | IDL 801 | IGI 1617 | Šimáková-Vrchotka 325 | Ernst(Hildesheim) II,II 55, II,V 3 | Voull(B) 477 | Voull(Trier) 184 | Hubay(Augsburg) 351 | Sack(Freiburg) 604 | Schäfer 46 | Finger 177 | Oates 2799, 2800 | Rhodes(Oxford Colleges) 340 | Bod-inc B-232 | Sheppard 2435 | Pr 7635 | BMC III 753 | BSB-Ink B-398 | GW 4175",,ita,1,b | d,Mutilo della c. b2,,,3,3,data/expanded/mei-corpus.json,2026-09-23T13:26:59.317333+00:00,https://data.cerl.org/mei/_search
02013740,02013740,https://data.cerl.org/mei/02013740,ib00506000,ib00506000,direct,PrincetonUL,"Princeton NJ, Princeton University, Firestone Library, Rare Book Division","Princeton NJ, Princeton University, Firestone Library, Rare Book Division",US,,5866.174,Horologium devotionis,Bertholdus,"[Basel : Johann Amerbach, not after 1490]",CH,lat,8°,theology-pastoral,GW 4175,"Goff B506 | H 2990* (I) = HC 2993* = H 8928* | Schr 3442 | Schramm XXI p.27 | Pell 2247 | Coq 84 | Richard 103 | Maignien(Grenoble) 330 | Polain(B) 629 | IDL 801 | IGI 1617 | Šimáková-Vrchotka 325 | Ernst(Hildesheim) II,II 55, II,V 3 | Voull(B) 477 | Voull(Trier) 184 | Hubay(Augsburg) 351 | Sack(Freiburg) 604 | Schäfer 46 | Finger 177 | Oates 2799, 2800 | Rhodes(Oxford Colleges) 340 | Bod-inc B-232 | Sheppard 2435 | Pr 7635 | BMC III 753 | BSB-Ink B-398 | GW 4175",Record created by John Lancaster.,eng,1,b,Blank h10 lacking.,,,3,0,data/expanded/mei-corpus.json,2026-09-23T13:26:59.317333+00:00,https://data.cerl.org/mei/_search
00202805,00202805,https://data.cerl.org/mei/00202805,ib00506000,ib00506000,direct,OxfordBodley,"Oxford, Bodleian Library",Oxford Bodley,GB,,Auct. Q sup. 3.3.,Horologium devotionis,Bertholdus,"[Basel : Johann Amerbach, not after 1490]",CH,lat,8°,theology-pastoral,GW 4175,"Goff B506 | H 2990* (I) = HC 2993* = H 8928* | Schr 3442 | Schramm XXI p.27 | Pell 2247 | Coq 84 | Richard 103 | Maignien(Grenoble) 330 | Polain(B) 629 | IDL 801 | IGI 1617 | Šimáková-Vrchotka 325 | Ernst(Hildesheim) II,II 55, II,V 3 | Voull(B) 477 | Voull(Trier) 184 | Hubay(Augsburg) 351 | Sack(Freiburg) 604 | Schäfer 46 | Finger 177 | Oates 2799, 2800 | Rhodes(Oxford Colleges) 340 | Bod-inc B-232 | Sheppard 2435 | Pr 7635 | BMC III 753 | BSB-Ink B-398 | GW 4175",BodInc-Id: B-232(1),,,,,"{""identifier"": ""tib00506000"", ""source"": ""uktextinc""}",,2,0,data/expanded/mei-corpus.json,2026-09-23T13:26:59.317333+00:00,https://data.cerl.org/mei/_search
02152090,02152090,https://data.cerl.org/mei/02152090,ib00506000,ib00506000,direct,WillCL,Williams College Library,Williams College Library,US,Chapin Library,Inc B441,Horologium devotionis,Bertholdus,"[Basel : Johann Amerbach, not after 1490]",CH,lat,8°,theology-pastoral,GW 4175,"Goff B506 | H 2990* (I) = HC 2993* = H 8928* | Schr 3442 | Schramm XXI p.27 | Pell 2247 | Coq 84 | Richard 103 | Maignien(Grenoble) 330 | Polain(B) 629 | IDL 801 | IGI 1617 | Šimáková-Vrchotka 325 | Ernst(Hildesheim) II,II 55, II,V 3 | Voull(B) 477 | Voull(Trier) 184 | Hubay(Augsburg) 351 | Sack(Freiburg) 604 | Schäfer 46 | Finger 177 | Oates 2799, 2800 | Rhodes(Oxford Colleges) 340 | Bod-inc B-232 | Sheppard 2435 | Pr 7635 | BMC III 753 | BSB-Ink B-398 | GW 4175",Record created by John Lancaster.,eng,1,b | c,,,Lacks leaf h10 (blank in other copies). Leaves d1.8 supplied from another copy (shorter and remargined; they are the only leaves with rubrication).,8,0,data/expanded/mei-corpus.json,2026-09-23T13:26:59.317333+00:00,https://data.cerl.org/mei/_search
02133844,02133844,https://data.cerl.org/mei/02133844,ib00506000,ib00506000,direct,SolothurnZB,"Solothurn, Zentralbibliothek ","Solothurn, Zentralbibliothek ",CH,,ZBS Rar 109 (1 an),Horologium devotionis,Bertholdus,"[Basel : Johann Amerbach, not after 1490]",CH,lat,8°,theology-pastoral,GW 4175,"Goff B506 | H 2990* (I) = HC 2993* = H 8928* | Schr 3442 | Schramm XXI p.27 | Pell 2247 | Coq 84 | Richard 103 | Maignien(Grenoble) 330 | Polain(B) 629 | IDL 801 | IGI 1617 | Šimáková-Vrchotka 325 | Ernst(Hildesheim) II,II 55, II,V 3 | Voull(B) 477 | Voull(Trier) 184 | Hubay(Augsburg) 351 | Sack(Freiburg) 604 | Schäfer 46 | Finger 177 | Oates 2799, 2800 | Rhodes(Oxford Colleges) 340 | Bod-inc B-232 | Sheppard 2435 | Pr 7635 | BMC III 753 | BSB-Ink B-398 | GW 4175","Titel nach Titelseite; lateinische Übersetzung von: Das andechtig zitglögglyn des lebens und lidens nach den vviiii stunden ussgeteilt | Impressum nach GW (Rubrikatorenvermerk in einem Exemplar der Basler UB mit 1490 datiert) | Signaturen: a–g⁸, h¹⁰ | 36 Holzschnitte (Schramm XXI, 617, 620, 632 und 679–709) | Created by Mara Meier.",ger,1,,zusammengebunden mit einer weiteren Inkunabel.,,,5,0,data/expanded/mei-corpus.json,2026-09-23T13:26:59.317333+00:00,https://data.cerl.org/mei/_search
02128155,02128155,https://data.cerl.org/mei/02128155,ig00177000,ib00506000,bound_with,MilanoN,"Milano, Biblioteca Nazionale Braidense",Milano N,IT,,AP. XIX. 10/1,"De spiritualibus ascensionibus. Add: David de Augusta: De exterioris et interioris hominis compositione Lib. II, 1 (De quatuor in quibus incipientes deo servire debent esse cauti)",Gerardus de Zutphania (1367-1398),"[Basel : Johann Amerbach and Johann Petri de Langendorff, not after 1489]",CH,lat,8°,Theology-pastoral,GW 10689,"Goff G177 | HC 16296* | Pell 5116 | Richard 229 | Maignien(Grenoble) 286 | Polain(B) 1584 | IDL 1927 | IBE 2637 | IGI 4234 | SI 1632 | Gspan-Badalić 285 | Sallander 1732 | Šimáková-Vrchotka 789 | Martín Abad G-32 | Ernst(Hildesheim) II,II 275 | Günt(L) 257 | Voull(B) 481 | Voull(Trier) 192 | Hubay(Augsburg) 869 | Sack(Freiburg) 1528 | Schäfer 137 | Finger 408 | Oates 2803 | Bod-inc G-081 | Sheppard 2431 | Pr 7638 | BMC III 752 | BSB-Ink G-127 | Döring-Fuchs G-56, G-57 | GW 10689",,ita,1,a | d,,,,4,3,data/expanded/mei-corpus.json,2026-09-23T13:26:59.317333+00:00,https://data.cerl.org/mei/_search
02128158,02128158,https://data.cerl.org/mei/02128158,ia00528000,ib00506000,bound_with,MilanoN,"Milano, Biblioteca Nazionale Braidense",Milano N,IT,,AP. XIX. 10/4,Alphabetum divini amoris,,"[Basel : Johann Amerbach, not after 1491]",CH,lat,8°,theology-moral,GW 1561,Goff A528 | HC 7633* | IDL 235 | Sajó-Soltész 149 | Hubay(Eichstätt) 45 | Hubay(Augsburg) 85 | Sack(Freiburg) 129 | Schlechter-Ries 54 | Finger 31 | Walsh S1-1173.5 | Bod-inc A-218 | Sheppard 2438 | Pr 7637 | BMC III 753 | BSB-Ink A-435 | GW 1561,,ita,1,a | d,,,,3,3,data/expanded/mei-corpus.json,2026-09-23T13:26:59.317333+00:00,https://data.cerl.org/mei/_search
02128156,02128156,https://data.cerl.org/mei/02128156,im00432000,ib00506000,bound_with,MilanoN,"Milano, Biblioteca Nazionale Braidense",Milano N,IT,,AP. XIX. 10/2,"Meditationes de vita et beneficiis Jesu Christi, sive Gratiarum actiones",,"[Basel : Johann Amerbach and Johann Petri de Langendorff, not after 1489]",CH,lat,8°,literature-devotional,GW M46915,"Goff M432 | HC 10992* = 2990* (2) | Pell 5342 = Pell Ms 7795 (7738) = 11089 | Richard 334 | Zehnacker 1569 | Maignien(Grenoble) 400 | Polain(B) 3779 | IGI 9638 | IJL2 273 | IDL 4340 | Gspan-Badalić 442 | IBE 3894 | Martín Abad M-88 | Šimáková-Vrchotka 1285 | Ernst(Hildesheim) II,II 189 | Sack(Freiburg) 3478 | Schäfer 335 | Finger 905 | Hubay(Augsburg) 2005 | Hubay(Eichstätt) 1006 | Voull(B) 489 | Voull(Trier) 200 | Walsh 1169 | Oates 2801, 2802 | Rhodes(Oxford Colleges) 1189 | Pr 7636 | BMC III 752 | BSB-Ink T-192 | GW M46915",,ita,1,a | d,,,,3,3,data/expanded/mei-corpus.json,2026-09-23T13:26:59.317333+00:00,https://data.cerl.org/mei/_search
02115003,02115003,https://data.cerl.org/mei/02115003,ib00507000,ib00507000,direct,WienONB,"Wien, Österreichische  Nationalbibliothek","Wien, ONB",AT,ZALT-INK,Ink 33-40 Teil 1,Horologium devotionis,Bertholdus,"Cologne : Johann Landen, [about 1498]",DE,lat,8°,theology-pastoral,GW 4176,Goff B507 | HC 2994 | Voull(K) 247 (I) | Pell 2249 | CIBN B-356 | Polain(B) 630 (I) | IGI 1618 (I) | IDL 802 | IBP 5819 | Šimáková-Vrchotka 326 | Schr 3446 | Borm 437 | Ohly-Sack 498 | Hubay(Augsburg) 352 | Schäfer 48 | Walsh 474 | Oates 840 | BSB-Ink B-399 | GW 4176,,eng,0,,,,,1,0,data/expanded/mei-corpus.json,2026-09-30T19:13:22.840693+00:00,https://data.cerl.org/mei/_search
00200716,00200716,https://data.cerl.org/mei/00200716,ib00507000,ib00507000,direct,HarvardHoughton,"Cambridge MA, Harvard University, Houghton Library","Cambridge MA, Harvard University, Houghton Library",US,Printing and Graphic Arts,Typ Inc 1481.5,Horologium devotionis,Bertholdus,"Cologne : Johann Landen, [about 1498]",DE,lat,8°,theology-pastoral,GW 4176,Goff B507 | HC 2994 | Voull(K) 247 (I) | Pell 2249 | CIBN B-356 | Polain(B) 630 (I) | IGI 1618 (I) | IDL 802 | IBP 5819 | Šimáková-Vrchotka 326 | Schr 3446 | Borm 437 | Ohly-Sack 498 | Hubay(Augsburg) 352 | Schäfer 48 | Walsh 474 | Oates 840 | BSB-Ink B-399 | GW 4176,Record created by John Lancaster.,eng,1,a | k | l,,,,4,0,data/expanded/mei-corpus.json,2026-09-30T19:13:22.840693+00:00,https://data.cerl.org/mei/_search
00559197,00559197,https://data.cerl.org/mei/00559197,ib00507000,ib00507000,direct,CambridgeUL,"Cambridge, University Library",Cambridge UL,GB,SSS,SSS.47.1,Horologium devotionis,Bertholdus,"Cologne : Johann Landen, [about 1498]",DE,lat,8°,theology-pastoral,GW 4176,Goff B507 | HC 2994 | Voull(K) 247 (I) | Pell 2249 | CIBN B-356 | Polain(B) 630 (I) | IGI 1618 (I) | IDL 802 | IBP 5819 | Šimáková-Vrchotka 326 | Schr 3446 | Borm 437 | Ohly-Sack 498 | Hubay(Augsburg) 352 | Schäfer 48 | Walsh 474 | Oates 840 | BSB-Ink B-399 | GW 4176,"Title from title page on leaf a1 recto.  | Place and printer's name from colophon on leaf h10 verso, which reads in full:  Explicit Horologium deuotionis per me Johannem Landen Colonie infra sedecim domos [com]morantem.  | Translated by the author from his original German.  | With illustrations of the Life and Passion of Christ:  27 metalcuts and 8 woodcuts from two anonymous series, with two repeats.  | Often found with Meditationes de vita et beneficiis Jesu Christi. [Cologne : Johann Landen, ca. 1500] (ISTC im00434000; Goff M434) and Gerardus Zutphaniensis. De spiritualibus ascensionibus. Cologne : [Johann Landen, ca. 1498] (ISTC ig00178000; Goff G178).  | Spaces left blank for initials.  | Signatures:  a-g⁸ h¹⁰.  Only first leaf of gatherings  signed, with the exception of  first leaf a1 unsigned, a2 signed and h5 mistakenly signed ""g v"".  | Title page, with metalcut, a1r;  woodcut, a1v;  Bertholdus. Horologium devotionis, caption ""Jncipit horologium deuotionis prologus circa vitam Christi ihesu"", inc. ""[Q]Uoniam s[ecundu]m beatum Gregorium. Om=nis christi actio nostra est instructio"", expl. ""mihi d[omi]ne Jhesu prestare digne=ris. qui cum patre & spiritu sancto viuis & regnas"", a2r-h10v.  | GW, 4176  | BN cat. des incun., B-356  | BSB-Ink, B-399  | Goff, B507  | Hain-Copinger, 2994  | ISTC, ib00507000  | Oates, 840  | Leaves h5-h6 misbound after leaf g4 following mistaken signature ""g v"" on leaf h5.  | Accession number:  732.  | Item no. 1 in volume.  Bound with: Meditationes de vita et beneficiis Jesu Christi, sive Gratiarum actiones. [Cologne : Johann Landen, ca. 1500] (Oates 842)  -  Gerardus de Zutphania. De spiritualibus ascensionibus. Cologne : [Johann Landen, ca. 1498] (Oates 843).  | A second copy, Oates 841, accession number 735, was given in exchange to the British Museum in 1957, and is now British Library IA.5144.  | Possibly by Berthold von Freiburg (fl. 1296-1314); email from Evan King (27.04.2013).  | [66] leaves : | Original item identifier in source database: 5120435",eng,,,,,,2,0,data/expanded/mei-corpus.json,2026-09-30T19:13:22.840693+00:00,https://data.cerl.org/mei/_search
00559198,00559198,https://data.cerl.org/mei/00559198,ib00512000,ib00512000,direct,CambridgeUL,"Cambridge, University Library",Cambridge UL,GB,Inc.2-7,Inc.6.C.1.5[2315],Horologium devotionis [German] Zeitglöcklein des Lebens und Leidens Christi,Bertholdus,"Basel : [Johann Amerbach], 1492",CH,ger,8°,theology-pastoral,GW 4168,"Goff B512 | HC 16278* (I) = H 7510 | GfT 894, 895 | Schr 3448 | Schramm XXI p.27 | Voull(B) 458 | Sack(Freiburg) 602 | Schäfer 47 | Borm 435 | Oates 2782 | Pr 7596 | BMC III 754 | BSB-Ink B-392 | GW 4168","Woodcuts.  | Often found with Goff B684 and Goff M266 (P. Amelung in Gb Jb 1977 p.79).  | Collation: a-y8, A-B8, C10.  | ISTC, ib00512000  | Goff, B512  | Oates, 2782  | Pr, 7596  | BMC 15th cent., III:754  | BSB-Ink, B-392  | GW, 4168  | First item in volume Inc.6.C.1.5[2315], bound as often with ISTC ib00684000 (St. Bridget  Orationes [German]([Basel: Johann Amerbach, about 1492])) and ISTC im00266000 (Mary Lob der Glieder Marie [German] ([Basel: Johann Amerbach, 1492])).  | Original item identifier in source database: 5053947",eng,,,,,,4,0,data/expanded/mei-corpus.json,2026-09-23T13:26:43.215783+00:00,https://data.cerl.org/mei/_search
02115000,02115000,https://data.cerl.org/mei/02115000,ib00515000,ib00515000,direct,WienONB,"Wien, Österreichische  Nationalbibliothek","Wien, ONB",AT,ZALT-INK,Ink 2.H.132,Horologium devotionis [German] Zeitglöcklein des Lebens und Leidens Christi. Add: Lob der Glieder Marie,Bertholdus,"Nuremberg : Caspar Hochfeder, [14]95",DE,ger,8°,theology-pastoral,GW 4171,Goff B515 | C 6614 | Van der Vekene(Hochfeder) 22 | Schramm XVIII p.22 | Schr 3453 = 4583 | IDL 803 | Pr 2293 | BMC II 476 | GW 4171,,eng,0,,,,,1,0,data/expanded/mei-corpus.json,2026-09-30T19:13:32.687688+00:00,https://data.cerl.org/mei/_search
02115009,02115009,https://data.cerl.org/mei/02115009,ib00524000,ib00524000,direct,WienONB,"Wien, Österreichische  Nationalbibliothek","Wien, ONB",AT,ZALT-INK,Ink 1.H.104,Rosacea augustissimae Christiferae Mariae corona. Add: Dicta nonnulla. Elegiaca exhortatio in rosarium Mariae virginis. Rosarium ex floribus vitae passionisque Domini. Rodolphus Agricola: Anna mater. Hermolaus Barbarus: Versus in sepulcrum Rodolphi Agricolae,"Beysselius, Jodocus","Antwerp : Govaert Bac, [between 1493 and 16 Jan. 1495]",BE,lat,4°,theology-pastoral,GW 4194,"Goff B524 | HC 3026* = H 5753 | Camp 288 = Camp 287 | ILC 394 | Inv Ant 303 = 306 | Pell 2020 | Polain(B) 636 | IDL 808 | Ohly-Sack 500, 501 | Voull(Trier) 2355 | Ernst(Hildesheim) I,I 84 | Borm 439 | Oates 3980 | Pr 9443 | BMC IX 202 | BSB-Ink B-407 | GW 4194",,eng,0,,,,,1,0,data/expanded/mei-corpus.json,2026-09-30T19:13:38.681993+00:00,https://data.cerl.org/mei/_search
02100631,02100631,https://data.cerl.org/mei/02100631,ib00524000,ib00524000,direct,NLKB,"Den Haag, Koninklijke Bibliotheek - Nationale Bibliotheek van Nederland","Den Haag, Koninklijke Bibliotheek - Nationale Bibliotheek van Nederland",NL,,KW 150 C 18,Rosacea augustissimae Christiferae Mariae corona. Add: Dicta nonnulla. Elegiaca exhortatio in rosarium Mariae virginis. Rosarium ex floribus vitae passionisque Domini. Rodolphus Agricola: Anna mater. Hermolaus Barbarus: Versus in sepulcrum Rodolphi Agricolae,"Beysselius, Jodocus","Antwerp : Govaert Bac, [between 1493 and 16 Jan. 1495]",BE,lat,4°,theology-pastoral,GW 4194,"Goff B524 | HC 3026* = H 5753 | Camp 288 = Camp 287 | ILC 394 | Inv Ant 303 = 306 | Pell 2020 | Polain(B) 636 | IDL 808 | Ohly-Sack 500, 501 | Voull(Trier) 2355 | Ernst(Hildesheim) I,I 84 | Borm 439 | Oates 3980 | Pr 9443 | BMC IX 202 | BSB-Ink B-407 | GW 4194","Record created by Cornalijn Meinders
",eng,1,b,"
 ","{""identifier"": ""290695856"", ""source"": ""nldenhaag""}",Quires f and g are missing ,3,0,data/expanded/mei-corpus.json,2026-09-30T19:13:38.681993+00:00,https://data.cerl.org/mei/_search
00559203,00559203,https://data.cerl.org/mei/00559203,ib00524000,ib00524000,direct,CambridgeUL,"Cambridge, University Library",Cambridge UL,GB,Inc.2-7,Inc.5.F.6.5[3440],Rosacea augustissimae Christiferae Mariae corona. Add: Dicta nonnulla. Elegiaca exhortatio in rosarium Mariae virginis. Rosarium ex floribus vitae passionisque Domini. Rodolphus Agricola: Anna mater. Hermolaus Barbarus: Versus in sepulcrum Rodolphi Agricolae,"Beysselius, Jodocus","Antwerp : Govaert Bac, [between 1493 and 16 Jan. 1495]",BE,lat,4°,theology-pastoral,GW 4194,"Goff B524 | HC 3026* = H 5753 | Camp 288 = Camp 287 | ILC 394 | Inv Ant 303 = 306 | Pell 2020 | Polain(B) 636 | IDL 808 | Ohly-Sack 500, 501 | Voull(Trier) 2355 | Ernst(Hildesheim) I,I 84 | Borm 439 | Oates 3980 | Pr 9443 | BMC IX 202 | BSB-Ink B-407 | GW 4194","Dated in Hellinga, W. & L. The fifteenth-century printing types of the Low Countries. Dated about 1495 in Goff.  | Title from a1 recto.  | Colophon, g4 verso: Impressum est hoc opusculu[m] Antwerpie per me Godefridum Back.  | Signatures: a-e⁶ f-g⁴.  | title, a1r; tabula, a1v; Beysselius, Jodocus. Rosacea augustissimae Christiferae Mariae corona, a2r-e2v. Beysselius, Jodocus. Dicta nonnulla, e3r-6v; Elegiaca exhortatio in rosarium Mariae virginis, f1r; Rosarium ex floribus vitae passionisque Domini, f1v-4r; Rodolphus Agricola. Anna mater, f4v-g4v; Hermolaus Barbarus. Versus in sepulcrum Rodolphi Agricolae, g4v; colophon, g4v.  | BM 15th cent., IX, p. 202  | Campbell, 288 = Campbell 287  | GW, 4194  | Goff, B524  | Hain-Copinger, 3026* = Hain 5753  | ISTC, ib00524000  | Oates, 3980  | Polain, M.-L. Catalogue des livres imprimés au quinzième siècle des bibliothèques de Belgique, 636  | Thienen & Goldfinch. Incunabula printed in the Low Countries, 394  | [38] leaves ; | Original item identifier in source database: 5404694",eng,,,,,,3,0,data/expanded/mei-corpus.json,2026-09-30T19:13:38.681993+00:00,https://data.cerl.org/mei/_search
02160790,02160790,https://data.cerl.org/mei/02160790,ib00677000,ib00677000,direct,LC,"Washington DC, Library of Congress, Rare Book Division"," Washington DC, Library of Congress, Rare Book Division",US,,Incun. X .H43 (Copy 1),Orationes. Add: Oratio ad Christum in cruce pendentem,"Birgitta, S","[Venice : Filippo di Pietro, about 1475-80]",IT,lat,4°,literature-devotional,GW 4362,Goff B677 | C 1058 | GW 4362,Work in progress. Created by Martyna Grzesiak for the project Printing Revolution and American Collections: the migration of cultural heritage at times of political change (PrintRevUS).,,,,,,,1,0,data/expanded/mei-corpus.json,2026-09-30T19:13:42.683929+00:00,https://data.cerl.org/mei/_search
02122495,02122495,https://data.cerl.org/mei/02122495,ib00677500,ib00677500,direct,WroclawO,"Wrocław, Ossolineum","Wroclaw, Ossolineum",PL,,XV.9,Orationes,"Birgitta, S","[Rome : Stephan Plannck, about 1488-90]",IT,lat,8°,literature-devotional,GW 4364,Sander 1023 | IBP 1071 | GW 4364,Created by Agnieszka Franczyk-Cegła.,eng,1,,,,Wanting leaf 1 and 8.,4,0,data/expanded/mei-corpus.json,2026-09-30T19:13:46.649966+00:00,https://data.cerl.org/mei/_search
02161112,02161112,https://data.cerl.org/mei/02161112,ib00678000,ib00678000,direct,LC,"Washington DC, Library of Congress, Rare Book Division"," Washington DC, Library of Congress, Rare Book Division",US,,BT430 .Q563 1491 Incun Coll Vollbehr Coll (Copy 1),Orationes,"Birgitta, S","[Rome : Stephan Plannck, after 1491]",IT,lat,8°,literature-devotional,GW 4366,Goff B678 | HC 3209* = H 3214* | Sander 1025 | BSB-Ink B-535 | GW 4366,Work in progress. Created by Martyna Grzesiak for the project Printing Revolution and American Collections: the migration of cultural heritage at times of political change (PrintRevUS).,,,,,,,2,0,data/expanded/mei-corpus.json,2026-09-30T19:13:48.675398+00:00,https://data.cerl.org/mei/_search
02126874,02126874,https://data.cerl.org/mei/02126874,ia00676000,ib00679000,bound_with,MilanoN,"Milano, Biblioteca Nazionale Braidense",Milano N,IT,,AN. XVI. 33/3,Modus confitendi,Andreas de Escobar,"[Rome : Stephan Plannck, about 1496-98]",IT,lat,8°,theology-pastoral,GW(Nachtr) 119 | GW 1798,Goff A676 | Sander 360 | Hunt 2110 | IGI 522 | GW(Nachtr) 119 | GW 1798,,ita,1,a | d,,,,1,7,data/expanded/mei-corpus.json,2026-09-30T19:13:53.063289+00:00,https://data.cerl.org/mei/_search
02115031,02115031,https://data.cerl.org/mei/02115031,ib00679000,ib00679000,direct,WienONB,"Wien, Österreichische  Nationalbibliothek","Wien, ONB",AT,ZALT-INK,Ink 14.H.60,"Orationes. Add: Aurelius Augustinus, S: Oratio pro tribulatis","Birgitta, S","[Rome : Stephan Plannck, about 1495]",IT,lat,8°,literature-devotional,GW 4368 (+ Accurti(1936) p.82),Goff B679 | H(Add) 3209  | R 1477 | Sander 1027 | Pell 3006 | CIBN B-485 | IBE 1217 | IGI 1739 | SI 781 | Coll(S) 226 | Bod-inc B-346 | Sheppard 2984 | Pr 3770 | BSB-Ink B-538 | GW 4368 (+ Accurti(1936) p.82),,eng,0,,,,,1,0,data/expanded/mei-corpus.json,2026-09-30T19:13:53.063289+00:00,https://data.cerl.org/mei/_search
02126877,02126877,https://data.cerl.org/mei/02126877,ib00679000,ib00679000,direct,MilanoN,"Milano, Biblioteca Nazionale Braidense",Milano N,IT,,AN. XVI. 33/6,"Orationes. Add: Aurelius Augustinus, S: Oratio pro tribulatis","Birgitta, S","[Rome : Stephan Plannck, about 1495]",IT,lat,8°,literature-devotional,GW 4368 (+ Accurti(1936) p.82),Goff B679 | H(Add) 3209  | R 1477 | Sander 1027 | Pell 3006 | CIBN B-485 | IBE 1217 | IGI 1739 | SI 781 | Coll(S) 226 | Bod-inc B-346 | Sheppard 2984 | Pr 3770 | BSB-Ink B-538 | GW 4368 (+ Accurti(1936) p.82),,ita,1,a | d,,,,2,7,data/expanded/mei-corpus.json,2026-09-30T19:13:53.063289+00:00,https://data.cerl.org/mei/_search
02156758,02156758,https://data.cerl.org/mei/02156758,ib00679000,ib00679000,direct,SanMarinoHun,"San Marino CA, Huntington Library","San Marino CA, Huntington Library",US,,85021,"Orationes. Add: Aurelius Augustinus, S: Oratio pro tribulatis","Birgitta, S","[Rome : Stephan Plannck, about 1495]",IT,lat,8°,literature-devotional,GW 4368 (+ Accurti(1936) p.82),Goff B679 | H(Add) 3209  | R 1477 | Sander 1027 | Pell 3006 | CIBN B-485 | IBE 1217 | IGI 1739 | SI 781 | Coll(S) 226 | Bod-inc B-346 | Sheppard 2984 | Pr 3770 | BSB-Ink B-538 | GW 4368 (+ Accurti(1936) p.82),Work in progress. Created by Angéline Rais during the project Printing Revolution and American Collections: the migration of cultural heritage at times of political change (PrintRevUS),,,,,,,3,0,data/expanded/mei-corpus.json,2026-09-30T19:13:53.063289+00:00,https://data.cerl.org/mei/_search
02126879,02126879,https://data.cerl.org/mei/02126879,ig00347000,ib00679000,bound_with,MilanoN,"Milano, Biblioteca Nazionale Braidense",Milano N,IT,,AN. XVI. 33/8,Lunarium ab anno 1497 ad annum 1550,"Granollachs, Bernardus de","[Rome : Stephan Plannck, about 1498]",IT,lat,8°,astrology,GW 11323,Goff G347 | C 2770 | R 925 | Klebs 470.21 = 470.23 | Sander 3232 = 3235 | IGI 4375 | IBP 2431 | Hubay(Würzburg) 939 | Voull(B) 3441 | Pr 3724 | BMC IV 99 | GW 11323,,ita,1,a | d,,,,1,7,data/expanded/mei-corpus.json,2026-09-30T19:13:53.063289+00:00,https://data.cerl.org/mei/_search
02126872,02126872,https://data.cerl.org/mei/02126872,im00603000,ib00679000,bound_with,MilanoN,"Milano, Biblioteca Nazionale Braidense",Milano N,IT,,AN. XVI. 33/1,(Mirabilia Romae vel potius) Historia et descriptio urbis Romae. Add: Pseudo- Aegidius Romanus: Oratio de S. Veronica. Indulgentiae ecclesiarum principalium urbis Romae,,"Rome : Stephan Plannck, 11 Jan. 1499",IT,lat,8°,Literature,GW M23584,"Goff M603 | HR 11200 | MirR p. 29, (9) | Sander 4551 | IGI 6456 | IBP 5913 | Zdanevich 317 | BSB-Ink I-151 | GW M23584",,ita,1,a | d,,,,2,7,data/expanded/mei-corpus.json,2026-09-30T19:13:53.063289+00:00,https://data.cerl.org/mei/_search
02126876,02126876,https://data.cerl.org/mei/02126876,ic00827000,ib00679000,bound_with,MilanoN,"Milano, Biblioteca Nazionale Braidense",Milano N,IT,,AN. XVI. 33/5,Coniuratio malignorum spirituum [Coniuratio daemonum],,"[Rome : Stephan Plannck, about 1497-1500]",IT,lat,8°,theology-pastoral,GW 7380,Goff C827 | Sander 2093 | Pell 3924 | CIBN C-557 | IGI 3155 | SI 1216 | Ohly-Sack 916 | Coll(S) 333 | Walsh 1428 | Bod-inc C-423 | Sheppard 2985 | Pr 3752 | BSB-Ink C-512 | GW 7380,,ita,1,a | d,,,,1,7,data/expanded/mei-corpus.json,2026-09-30T19:13:53.063289+00:00,https://data.cerl.org/mei/_search
02126878,02126878,https://data.cerl.org/mei/02126878,id00292600,ib00679000,bound_with,MilanoN,"Milano, Biblioteca Nazionale Braidense",Milano N,IT,,AN. XVI. 33/7,Divisiones decem nationum totius Christianitatis,,"[Rome : Stephan Plannck, 1499]",IT,lat,8°,geography,GW 8578,R 895 | IGI 3514 | Voull(B) 3434 | Bod-inc D-115 | Sheppard 2986 | GW 8578,,ita,1,a | d,,,,1,7,data/expanded/mei-corpus.json,2026-09-30T19:13:53.063289+00:00,https://data.cerl.org/mei/_search
02126875,02126875,https://data.cerl.org/mei/02126875,ic00813500,ib00679000,bound_with,MilanoN,"Milano, Biblioteca Nazionale Braidense",Milano N,IT,,AN. XVI. 33/4,Interrogationes et doctrinae,,"[Rome : Stephan Plannck, about 1495]",IT,lat,8°,theology-pastoral,GW 7326,R 951 | IGI 3134 | Voull(B) 3447 | Hubay(Würzburg) 678 | GW 7326,,ita,1,a,,,,1,7,data/expanded/mei-corpus.json,2026-09-30T19:13:53.063289+00:00,https://data.cerl.org/mei/_search
02126873,02126873,https://data.cerl.org/mei/02126873,im00592650,ib00679000,bound_with,MilanoN,"Milano, Biblioteca Nazionale Braidense",Milano N,IT,,AN. XVI. 33/2,Mirabilia Romae,,"[Rome : Stephan Plannck, about 1497-1500]",IT,lat,8°,Literature,GW M2352250,Pell Ms 7949 (7886) | Sander 4566 | CIBN M-371 | BSB-Ink M-403 | GW M2352250,,ita,1,a | d,,,,1,7,data/expanded/mei-corpus.json,2026-09-30T19:13:53.063289+00:00,https://data.cerl.org/mei/_search
02146268,02146268,https://data.cerl.org/mei/02146268,ia00683000,ib00679400,bound_with,WarsawPubl,Warsaw Public Library,Warsaw Publ,PL,,XV.31 adl.,Modus confitendi,Andreas de Escobar,"[Rome : Johann Besicken and Martinus de Amsterdam, about 1500]",IT,lat,8°,theology-pastoral,GW 1804 (+ Accurti(1936) p.61),Goff A683 | Sander 367 | IBP 341 | IGI 526 | Morg(B) 274 | GW 1804 (+ Accurti(1936) p.61),Created by Martyna Osuch.,eng,0,b,Wanting a1-a2 (pending consultation).,,,5,8,data/expanded/mei-corpus.json,2026-09-30T19:13:58.815758+00:00,https://data.cerl.org/mei/_search
02146351,02146351,https://data.cerl.org/mei/02146351,ib00679400,ib00679400,direct,WarsawPubl,Warsaw Public Library,Warsaw Publ,PL,,XV.34 adl.,"Orationes. Add: Aurelius Augustinus, S: Oratio pro tribulatis","Birgitta, S","[Rome : Petrus de Turre, about 1499]",IT,lat,8°,literature-devotional,GW 4372,R 442 | IGI 1742 | IBP 1073 | SI 782 | Sander 1032 | Coll(S) 1163 | GW 4372,Created by Martyna Osuch.,eng,0,b,Wanting [a]1-[a]2.,,,5,1,data/expanded/mei-corpus.json,2026-09-30T19:13:58.815758+00:00,https://data.cerl.org/mei/_search
02146266,02146266,https://data.cerl.org/mei/02146266,im00604500,ib00679400,bound_with,WarsawPubl,Warsaw Public Library,Warsaw Publ,PL,,XV.29 adl.,(Mirabilia Romae vel potius) Historia et descriptio urbis Romae. Add: Pseudo- Aegidius Romanus: Oratio de S. Veronica. Indulgentiae ecclesiarum principalium urbis Romae,,"Rome : Johann Besicken and Martinus de Amsterdam, 30 Apr. 1500",IT,lat,8°,Literature,GW M23594,H 11204* | Sander 4578 | Schudt 19 | IGI 6461 | IBP 5914 | Pr 3998 | BMC IV 141 | BSB-Ink I-154 | GW M23594,Created by Martyna Osuch.,eng,0,b,"Wanting A1, C2, C5, C7, D1-D3, D5 (all of them with woodcuts). Probably variant edition - leaves D4 and D6 are different than in the copy of Bayerische Staatsbibliothek accessible online.",,,5,9,data/expanded/mei-corpus.json,2026-09-30T19:13:58.815758+00:00,https://data.cerl.org/mei/_search
02017047,02017047,https://data.cerl.org/mei/02017047,ia00682000,ib00679850,bound_with,VilniusUB,"Vilnius, University Library","Vilnius, University Library",LT,,Ink. 323,Modus confitendi,Andreas de Escobar,"[Rome : Johann Besicken and Martinus de Amsterdam, about 1500]",IT,lat,8°,theology-pastoral,GW 1803,Goff A682 | H 1008* | Sander 366 | Zehnacker 165 | Polain(B) 190 | IGI 525 | CCIR A-63a | Pr 4001 | BMC IV 142 | BSB-Ink A-514 | GW 1803,Created by Sondra Rankelienė,eng,0,b | d | k,,,Wanting [a]1,2,10,data/expanded/mei-corpus.json,2026-09-30T19:14:02.960881+00:00,https://data.cerl.org/mei/_search
02017044,02017044,https://data.cerl.org/mei/02017044,ib00679850,ib00679850,direct,VilniusUB,"Vilnius, University Library","Vilnius, University Library",LT,,Ink. 322,"Orationes. Add: Aurelius Augustinus, S: Oratio pro tribulatis","Birgitta, S","[Rome : Johann Besicken, about 1500]",IT,lat,8°,literature-devotional,GW 4377,Coll(S) 227 | SI 786 | GW 4377,Created by Viktorija Vaitkevičiūtė,eng,0,b | d | k,,,Wanting the title page and leaf [2],2,10,data/expanded/mei-corpus.json,2026-09-30T19:14:02.960881+00:00,https://data.cerl.org/mei/_search
02017105,02017105,https://data.cerl.org/mei/02017105,ig00348800,ib00679850,bound_with,VilniusUB,"Vilnius, University Library","Vilnius, University Library",LT,,Ink. 329,Lunarium ab anno 1501 ad annum 1550,"Granollachs, Bernardus de","[Rome : Stephan Plannck, 1500]",IT,lat,8°,astrology,GW 11330,"Die Inkunabeln der Lutherhalle Wittenberg: Katalog (Wittenberg, 1983) 28 & Abb.3-6  | GW 11330",Created by Sondra Rankelienė,eng,0,b | d | k,,,"Wanting [a]1, d4",3,9,data/expanded/mei-corpus.json,2026-09-30T19:14:02.960881+00:00,https://data.cerl.org/mei/_search
02017156,02017156,https://data.cerl.org/mei/02017156,in00144400,ib00679850,bound_with,VilniusUB,"Vilnius, University Library","Vilnius, University Library",LT,,Ink. 331,Praeceptorium divinae legis et alii tractatus. Add: Antonius Liber: Epigramma in laudem urbis Coloniae,Nicolaus de Lyra,"Cologne : Johann Landen, '1477' [i.e., 1497?]",DE,lat,8°,theology-moral,GW 12210,"Goff N139 | HC 10401 | IBP 2702 | Šimáková-Vrchotka 1373 | Voull(K) 837 | Ernst(Hildesheim) II,V 17 | Günt(L) 690 | Voull(B) 1086 | Oates 846 | BMC I 303 | Döring-Fuchs H-14 | BSB-Ink H-58.050 | GW 12210",Created by Sondra Rankelienė,eng,0,b | d,,,Wanting L8,3,9,data/expanded/mei-corpus.json,2026-09-30T19:14:02.960881+00:00,https://data.cerl.org/mei/_search
02017051,02017051,https://data.cerl.org/mei/02017051,ic00834000,ib00679850,bound_with,VilniusUB,"Vilnius, University Library","Vilnius, University Library",LT,,Ink. 325,Coniuratio malignorum spirituum,,"[Rome : Johann Besicken and Martinus de Amsterdam, about 1500]",IT,lat,8°,theology-pastoral,GW 7395,Goff C834 | H 5624* | Zehnacker 727 | Polain(B) 1143 | IGI 3160 | IDL 1369 | CCIR C-71  | Ernst(Hannover) 135 | Walsh 1506 | Oates 1593 | BSB-Ink C-514 | GW 7395,Created by Sondra Rankelienė,eng,0,a | d | k,,,,2,10,data/expanded/mei-corpus.json,2026-09-30T19:14:02.960881+00:00,https://data.cerl.org/mei/_search
02017053,02017053,https://data.cerl.org/mei/02017053,id00296000,ib00679850,bound_with,VilniusUB,"Vilnius, University Library","Vilnius, University Library",LT,,Ink. 326,Divisiones decem nationum totius Christianitatis,,"[Rome : Johann Besicken and Martinus de Amsterdam, about 1498-1500]",IT,lat,8°,geography,GW 8586,Goff D296 | H 6306* | Polain(B) 1330 | IGI 3519 | SI 1376 | CCIR D-24  | Sallander 2186 | Ernst(Hannover) 143 | BSB-Ink D-226 | GW 8586,Created by Sondra Rankelienė,eng,0,a | d | k,,,,2,10,data/expanded/mei-corpus.json,2026-09-30T19:14:02.960881+00:00,https://data.cerl.org/mei/_search
02017050,02017050,https://data.cerl.org/mei/02017050,ic00819000,ib00679850,bound_with,VilniusUB,"Vilnius, University Library","Vilnius, University Library",LT,,Ink. 324,Interrogationes et doctrinae,,"[Rome : Johann Besicken, about 1500]",IT,lat,8°,theology-pastoral,GW 7334 (+ Accurti(1936) p.119),"Goff C819 | H 9255* | Polain(B) 2128 | IGI 3137 | Sack(Freiburg) 1079 | Oates 1594, 1595 | Bod-inc C-422 | Sheppard 3171 | Pr 4002 | BSB-Ink I-250 | CCIR C-70  | GW 7334 (+ Accurti(1936) p.119)",Created by Sondra Rankelienė,eng,0,a | d | k,,,,2,10,data/expanded/mei-corpus.json,2026-09-30T19:14:02.960881+00:00,https://data.cerl.org/mei/_search
02017125,02017125,https://data.cerl.org/mei/02017125,ip00981000,ib00679850,bound_with,VilniusUB,"Vilnius, University Library","Vilnius, University Library",LT,,Ink. 330,Privilegia et indulgentiae Fratrum Minorum Ordinis S. Francisci,,"[Venice : Manfredus de Bonellis, de Monteferrato?, about 1496-97]",IT,lat,8°,law-canon,GW M35451,Goff P981 | C 4872 | Essling 1342 | Sander 5888 | Pell Ms 9754 (9571) | CIBN P-605 | Polain(B) 4671 | IGI 8067 | IBPort 1317 | CCIR P-126 | Kotvan 987 | Mendes 927 | Pr 5707 | BMC V 506 | BSB-Ink P-773 | GW M35451,Created by Sondra Rankelienė,eng,0,b | d,,,Wanting a1,3,9,data/expanded/mei-corpus.json,2026-09-30T19:14:02.960881+00:00,https://data.cerl.org/mei/_search
02017103,02017103,https://data.cerl.org/mei/02017103,it00001000,ib00679850,bound_with,VilniusUB,"Vilnius, University Library","Vilnius, University Library",LT,,Ink. 328,Tabula Christianae religionis,,"[Rome : Stephan Plannck, after 1500?]",IT,lat,8°,Literature-devotional,GW M44693,Goff T1 | C 5692? | R 341 | Pell Ms 10867 | CIBN T-1 | Sack(Freiburg) 3318 | GW M44693,Created by Sondra Rankelienė,eng,0,a | d,,,,3,9,data/expanded/mei-corpus.json,2026-09-30T19:14:02.960881+00:00,https://data.cerl.org/mei/_search
00201176,00201176,https://data.cerl.org/mei/00201176,ib00680000,ib00680000,direct,PrincetonUL,"Princeton NJ, Princeton University, Firestone Library, Rare Book Division","Princeton NJ, Princeton University, Firestone Library, Rare Book Division",US,,14088.181,"Orationes. Aurelius Augustinus, S: Oratio pro tribulatis","Birgitta, S","[Rome : Eucharius Silber, about 1500]",IT,lat,8°,literature-devotional,GW 4379,Goff B680 | H 3210* | GfT 1567 | Sander 1039 | Pell 3010 | SI 791 | Sallander 2103 | Coll(S) 225 | BSB-Ink B-536 | GW 4379,Record created by John Lancaster.,eng,1,a | k,,,,3,0,data/expanded/mei-corpus.json,2026-09-30T19:14:07.099093+00:00,https://data.cerl.org/mei/_search
02125857,02125857,https://data.cerl.org/mei/02125857,ib00680000,ib00680000,direct,PrincetonUL,"Princeton NJ, Princeton University, Firestone Library, Rare Book Division","Princeton NJ, Princeton University, Firestone Library, Rare Book Division",US,,14088.181 IN PROCESS,"Orationes. Aurelius Augustinus, S: Oratio pro tribulatis","Birgitta, S","[Rome : Eucharius Silber, about 1500]",IT,lat,8°,literature-devotional,GW 4379,Goff B680 | H 3210* | GfT 1567 | Sander 1039 | Pell 3010 | SI 791 | Sallander 2103 | Coll(S) 225 | BSB-Ink B-536 | GW 4379,Record created by John Lancaster.,eng,0,,,,,2,0,data/expanded/mei-corpus.json,2026-09-30T19:14:07.099093+00:00,https://data.cerl.org/mei/_search
02149283,02149283,https://data.cerl.org/mei/02149283,ia00372200,ib00680400,bound_with,RigaNL,"Riga, National Library of Latvia",Riga NL,LV,,RH 1,"Bulla 28 Mar. 1499 ""Inter multiplices nostrae sollicitudinis curas""","Alexander VI, Pont. Max. (formerly Rodrigo Borgia)","[Rome : Stephan Plannck, not before 28 Mar. 1499]",IT,lat,8°,Law-canon,GW 904,HR 642 | IGI 278 | IBE 235 | GW 904,Created by Martyna Osuch,eng,1,a,,,"Cobound also with unidentified edition of ""Translatio miraculosa ecclesiae B.V.M. de Loreto"", probably from ca. 1504 (2 leaves, most similar to the edition: https://data.cerl.org/istc/it00426900)
",2,3,data/expanded/mei-corpus.json,2026-09-30T19:14:08.695532+00:00,https://data.cerl.org/mei/_search
02149284,02149284,https://data.cerl.org/mei/02149284,ib00680400,ib00680400,direct,RigaNL,"Riga, National Library of Latvia",Riga NL,LV,,RH 1,"Orationes. Add: Aurelius Augustinus, S: Oratio pro tribulatis","Birgitta, S","[Rome : Johann Besicken and Martinus de Amsterdam, 1500]",IT,lat,8°,literature-devotional,GW 4380,H 3208* | Sander 1040 | Pell 3004 | CIBN B-486 | Polain(B) 906 | IGI 1743 | SI 784 | Coll(S) 228 | Ernst(Hannover) 114 | BSB-Ink B-539 | GW 4380,Created by Martyna Osuch,eng,1,a,,,"Cobound also with unidentified edition of ""Translatio miraculosa ecclesiae B.V.M. de Loreto"", probably from ca. 1504 (2 leaves, most similar to the edition: https://data.cerl.org/istc/it00426900)",2,3,data/expanded/mei-corpus.json,2026-09-30T19:14:08.695532+00:00,https://data.cerl.org/mei/_search
02149282,02149282,https://data.cerl.org/mei/02149282,id00296000,ib00680400,bound_with,RigaNL,"Riga, National Library of Latvia",Riga NL,LV,,RH 1,Divisiones decem nationum totius Christianitatis,,"[Rome : Johann Besicken and Martinus de Amsterdam, about 1498-1500]",IT,lat,8°,geography,GW 8586,Goff D296 | H 6306* | Polain(B) 1330 | IGI 3519 | SI 1376 | CCIR D-24  | Sallander 2186 | Ernst(Hannover) 143 | BSB-Ink D-226 | GW 8586,Created by Martyna Osuch.,eng,1,a,,,"Cobound also with unidentified edition of ""Translatio miraculosa ecclesiae B.V.M. de Loreto"", probably from ca. 1504 (2 leaves, most similar to the edition: https://data.cerl.org/istc/it00426900)
",2,3,data/expanded/mei-corpus.json,2026-09-30T19:14:08.695532+00:00,https://data.cerl.org/mei/_search
02149280,02149280,https://data.cerl.org/mei/02149280,im00593000,ib00680400,bound_with,RigaNL,"Riga, National Library of Latvia",Riga NL,LV,,RH 1,Mirabilia Romae,,"[Rome : Johann Besicken and Martinus de Amsterdam, about 1500]",IT,lat,8°,Literature,GW M23498,Goff M593 | H 11187* | Sander 4588 | Voull(B) 3548 | Oates 1597 | IGI 6490 | BSB-Ink M-406 | GW M23498,Created by Martyna Osuch,eng,0,b,"Wanting a1, a2 damaged.",,"Cobound also with unidentified edition of ""Translatio miraculosa ecclesiae B.V.M. de Loreto"", probably from ca. 1504 (2 leaves, most similar to the edition: https://data.cerl.org/istc/it00426900)",2,3,data/expanded/mei-corpus.json,2026-09-30T19:14:08.695532+00:00,https://data.cerl.org/mei/_search
02154984,02154984,https://data.cerl.org/mei/02154984,ib00681000,ib00681000,direct,HarvardHoughton,"Cambridge MA, Harvard University, Houghton Library","Cambridge MA, Harvard University, Houghton Library",US,,Inc 3764.5 (19.2),"Orationes. Add: Aurelius Augustinus, S: Oratio pro tribulatis","Birgitta, S","[Rome : Andreas Freitag or Johann Besicken and Andreas Freitag, about 1494-96]",IT,lat,8°,literature-devotional,GW 4382,Goff B681 | Riant 7 (IV) | Veneziani(Besicken) p.91: 24 | Sander 1042 | IGI 1744 | SI 787 | Ohly-Sack 592 | Coll(S) 1165 | Walsh 1508 | GW 4382,Work in progress. Created by Paolo Sachet  during the project Printing Revolution and American Collections: the migration of cultural heritage at times of political change (PrintRevUS),eng,,,,,,2,0,data/expanded/mei-corpus.json,2026-09-30T19:14:12.814265+00:00,https://data.cerl.org/mei/_search
02160423,02160423,https://data.cerl.org/mei/02160423,ib00681000,ib00681000,direct,WashingtonLoC,"Washington DC, Library of Congress, Rare Book Division, Lessing J. Rosenwald Collection","Washington DC, Library of Congress, Rare Book Division, Lessing J. Rosenwald Collection",US,,Incun. X .B6 Rosenwald Coll : midi (Copy 1),"Orationes. Add: Aurelius Augustinus, S: Oratio pro tribulatis","Birgitta, S","[Rome : Andreas Freitag or Johann Besicken and Andreas Freitag, about 1494-96]",IT,lat,8°,literature-devotional,GW 4382,Goff B681 | Riant 7 (IV) | Veneziani(Besicken) p.91: 24 | Sander 1042 | IGI 1744 | SI 787 | Ohly-Sack 592 | Coll(S) 1165 | Walsh 1508 | GW 4382,Work in progress. Created by Martyna Grzesiak for the project Printing Revolution and American Collections: the migration of cultural heritage at times of political change (PrintRevUS).,eng,,,,,,3,0,data/expanded/mei-corpus.json,2026-09-30T19:14:12.814265+00:00,https://data.cerl.org/mei/_search
02178325,02178325,https://data.cerl.org/mei/02178325,ic00828000,ib00681000,bound_with,RomaAng,"Roma, Biblioteca Angelica",Roma Ang,IT,,Inc. 95/8,Coniuratio malignorum spirituum,,"[Rome : Andreas Freitag, about 1492-93]",IT,lat,8°,theology-pastoral,GW 7382,"Goff C828 | IGI 3156 | Sajó-Soltész 1064 | Voull(B) 3431,3 | Schmitt II 3538,10 | Riant 7 (III) | Walsh 1494 | GW 7382","Legato con 9 edizioni del XVI secolo e una del XVII secolo. In precedenza era presente anche un altro incunabolo, poi estratto e ora collocato a Inc. 774 
 | Creato da Simona De Gese",ita,1,a,,"{""identifier"": ""RMLE067373 "", ""source"": ""itsbn""}",,1,1,data/expanded/mei-corpus.json,2026-09-30T19:14:12.814265+00:00,https://data.cerl.org/mei/_search
02169264,02169264,https://data.cerl.org/mei/02169264,ib00681500,ib00681500,direct,UCalLAL,"Los Angeles CA, University of California","Los Angeles CA, University of California",US,,in progress - awaiting verification,"Orationes. Add: Aurelius Augustinus, S: Oratio pro tribulatis","Birgitta, S","[Rome : Eucharius Silber, after 1500]",IT,lat,8°,literature-devotional,GW 4371 (+ Accurti(1936) p.82),R 69 (I) | Sander 1030 | Pell 3009 | CIBN B-487 | IBE Post-incunables 61 | IBP 1072 | SI 783 | Coll(S) 1162 | Martín Abad B-146 | Hubay(Augsburg) 396 | Oates 1570 | GW 4371 (+ Accurti(1936) p.82),,,,,,,,0,0,data/expanded/mei-corpus.json,2026-09-30T19:14:14.656741+00:00,https://data.cerl.org/mei/_search
02012277,02012277,https://data.cerl.org/mei/02012277,ia00687000,ib00682700,bound_with,VeneziaN,"Venezia, Biblioteca Nazionale Marciana",Venezia N,IT,,Misc. 4044.002,Modus confitendi,Andreas de Escobar,"[Rome : Marcellus Silber, not before 1510]",IT,lat,8°,theology-pastoral,GW 1812 (+ Accurti(1936) p.62),Goff A687 | R(Suppl) 18 | Sander 376 | IBE Post-incunables 100 | IGI 530 | Martín Abad p.331 | Bod-inc (A-269) | Sheppard 3104 | GW 1812 (+ Accurti(1936) p.62),Creato da Sabrina Minuzzi | Legato con un'edizione del 16. sec. (CNCE 31011) e sei incunaboli.,ita,1,,,,,1,6,data/expanded/mei-corpus.json,2026-09-30T19:14:16.795308+00:00,https://data.cerl.org/mei/_search
02012280,02012280,https://data.cerl.org/mei/02012280,ib00682700,ib00682700,direct,VeneziaN,"Venezia, Biblioteca Nazionale Marciana",Venezia N,IT,,Misc. 4044.003a,"Orationes. Add: Aurelius Augustinus, S: Oratio pro tribulatis","Birgitta, S","[Rome : Eucharius Silber, after 1500]",IT,lat,8°,literature-devotional,GW 4376 (+ Accurti(1936) p.83),Pell 3007 | CIBN B-488 | IGI 1746 | IBE Post-incunables 62 | Martín Abad B-147 | Bod-inc B-347 | Sheppard 3114 | GW 4376 (+ Accurti(1936) p.83),Creato da Sabrina Minuzzi | Legato con un'edizione del 16. sec. (CNCE 31011) e sei incunaboli.,ita,1,,,,Mutilo di c. [a]1.8,2,0,data/expanded/mei-corpus.json,2026-09-30T19:14:16.795308+00:00,https://data.cerl.org/mei/_search
00570038,00570038,https://data.cerl.org/mei/00570038,ib00682700,ib00682700,direct,ZurichZB,"Zürich, Zentralbibliothek",Zürich ZB,CH,ZB Alte Drucke ,"4.353,6 ","Orationes. Add: Aurelius Augustinus, S: Oratio pro tribulatis","Birgitta, S","[Rome : Eucharius Silber, after 1500]",IT,lat,8°,literature-devotional,GW 4376 (+ Accurti(1936) p.83),Pell 3007 | CIBN B-488 | IGI 1746 | IBE Post-incunables 62 | Martín Abad B-147 | Bod-inc B-347 | Sheppard 3114 | GW 4376 (+ Accurti(1936) p.83),Mit acht Drucken des 15. u. 16. Jh. zusammengebunden |  ,ger,,,,,,2,0,data/expanded/mei-corpus.json,2026-09-30T19:14:16.795308+00:00,https://data.cerl.org/mei/_search
00212673,00212673,https://data.cerl.org/mei/00212673,ib00682700,ib00682700,direct,OxfordBodley,"Oxford, Bodleian Library",Oxford Bodley,GB,,8° M 40(6) Th. Seld.,"Orationes. Add: Aurelius Augustinus, S: Oratio pro tribulatis","Birgitta, S","[Rome : Eucharius Silber, after 1500]",IT,lat,8°,literature-devotional,GW 4376 (+ Accurti(1936) p.83),Pell 3007 | CIBN B-488 | IGI 1746 | IBE Post-incunables 62 | Martín Abad B-147 | Bod-inc B-347 | Sheppard 3114 | GW 4376 (+ Accurti(1936) p.83),BodInc-Id: B-347(1),,,,,"{""identifier"": ""tib00682700"", ""source"": ""uktextinc""}",,2,0,data/expanded/mei-corpus.json,2026-09-30T19:14:16.795308+00:00,https://data.cerl.org/mei/_search
02012278,02012278,https://data.cerl.org/mei/02012278,ic00820750,ib00682700,bound_with,VeneziaN,"Venezia, Biblioteca Nazionale Marciana",Venezia N,IT,,Misc. 4044.002a,Interrogationes et doctrinae,,"[Rome : Marcellus Silber, not before 1510]",IT,lat,8°,theology-pastoral,GW 7328 (+ Accurti(1936) p.119),Goff C815 | CR(Suppl) 3306  | Pell 701 = Pell Ms 6349 (6327) | CIBN I-61 | IBE Post-incunables 82 | IGI 3136 | Tinto 70 | Martín Abad I-12 | GW 7328 (+ Accurti(1936) p.119),Creato da Sabrina Minuzzi | Legato con un'edizione del 16. sec. (CNCE 31011) e sei incunaboli.,ita,1,,,,,1,6,data/expanded/mei-corpus.json,2026-09-30T19:14:16.795308+00:00,https://data.cerl.org/mei/_search
02161113,02161113,https://data.cerl.org/mei/02161113,ib00683450,ib00683450,direct,LC,"Washington DC, Library of Congress, Rare Book Division"," Washington DC, Library of Congress, Rare Book Division",US,,BT430 .Q563 1500 Incun Coll Vollbehr Coll (Copy 1),"Orationes. Add: Aurelius Augustinus, S: Oratio pro tribulatis","Birgitta, S","[Rome : Marcellus Silber, not before 1510]",IT,lat,8°,literature-devotional,GW 4383,"Goff B682 | H 3211* | Sander 1043 | IGI VI, p. 93 | SI 789 | Sajó-Soltész 687 | Coll(S) 1166 | Borm 510 | BSB-Ink B-540 | GW 4383",Work in progress. Created by Martyna Grzesiak for the project Printing Revolution and American Collections: the migration of cultural heritage at times of political change (PrintRevUS).,,,,,,,2,0,data/expanded/mei-corpus.json,2026-09-30T19:14:22.669813+00:00,https://data.cerl.org/mei/_search
02169730,02169730,https://data.cerl.org/mei/02169730,ib00683450,ib00683450,direct,UCalLAL,"Los Angeles CA, University of California","Los Angeles CA, University of California",US,,in progress - awaiting verification,"Orationes. Add: Aurelius Augustinus, S: Oratio pro tribulatis","Birgitta, S","[Rome : Marcellus Silber, not before 1510]",IT,lat,8°,literature-devotional,GW 4383,"Goff B682 | H 3211* | Sander 1043 | IGI VI, p. 93 | SI 789 | Sajó-Soltész 687 | Coll(S) 1166 | Borm 510 | BSB-Ink B-540 | GW 4383",,,,,,,,0,0,data/expanded/mei-corpus.json,2026-09-30T19:14:22.669813+00:00,https://data.cerl.org/mei/_search
00200682,00200682,https://data.cerl.org/mei/00200682,ib00939000,ib00939000,direct,MunchenBSB,"München, Bayerische Staatsbibliothek",München BSB,DE,,Inc.c.a. 27 m,Psalterium maius Beatae Mariae Virginis (Horae),"Bonaventura, S","Venice : Johannes Leoviler, de Hallis, 1486",IT,lat,16°,liturgy,GW 13367,"Goff B939 | C 4463 | IDL 3435 | IBP 4040 & Tab. XXV | Lawrence Witten, Cat 4 [1957], 22  | BSB-Ink H-351.050 | GW 13367",,eng,,,,,,0,0,data/expanded/mei-corpus.json,2026-09-30T19:14:34.909529+00:00,https://data.cerl.org/mei/_search
00200683,00200683,https://data.cerl.org/mei/00200683,ib00939000,ib00939000,direct,PragueNL,"Praha, Národni knihovna České republiky","Praha, Národni knihovna České republiky",CZ,,41 G 48,Psalterium maius Beatae Mariae Virginis (Horae),"Bonaventura, S","Venice : Johannes Leoviler, de Hallis, 1486",IT,lat,16°,liturgy,GW 13367,"Goff B939 | C 4463 | IDL 3435 | IBP 4040 & Tab. XXV | Lawrence Witten, Cat 4 [1957], 22  | BSB-Ink H-351.050 | GW 13367",,eng,,,,,,0,0,data/expanded/mei-corpus.json,2026-09-30T19:14:34.909529+00:00,https://data.cerl.org/mei/_search
00200686,00200686,https://data.cerl.org/mei/00200686,ib00939000,ib00939000,direct,ZwickauRatsSchB,"Zwickau, Ratsschulbibliothek",Zwickau RatsSchB,DE,,"17,12,43",Psalterium maius Beatae Mariae Virginis (Horae),"Bonaventura, S","Venice : Johannes Leoviler, de Hallis, 1486",IT,lat,16°,liturgy,GW 13367,"Goff B939 | C 4463 | IDL 3435 | IBP 4040 & Tab. XXV | Lawrence Witten, Cat 4 [1957], 22  | BSB-Ink H-351.050 | GW 13367",,eng,,,,,,0,0,data/expanded/mei-corpus.json,2026-09-30T19:14:34.909529+00:00,https://data.cerl.org/mei/_search
02101265,02101265,https://data.cerl.org/mei/02101265,ib00939000,ib00939000,direct,NLKB,"Den Haag, Koninklijke Bibliotheek - Nationale Bibliotheek van Nederland","Den Haag, Koninklijke Bibliotheek - Nationale Bibliotheek van Nederland",NL,,KW 150 D 20,Psalterium maius Beatae Mariae Virginis (Horae),"Bonaventura, S","Venice : Johannes Leoviler, de Hallis, 1486",IT,lat,16°,liturgy,GW 13367,"Goff B939 | C 4463 | IDL 3435 | IBP 4040 & Tab. XXV | Lawrence Witten, Cat 4 [1957], 22  | BSB-Ink H-351.050 | GW 13367",The illustrations on the CD-ROM 'Illustrated ISTC' are derived from this signature. The following pages are displayed: 1 recto = a1 recto = start of text; 9 recto = b1 recto = first page of second quire; 162 verso = x2 verso = end of text | Record created by Philip Muijtjens,eng,1,a,Front endpaper: a large fragment of a written Dutch official piece on vellum (2nd half 15th century) glued upside down. The subsequent endleaves are loose. First front endleaf (recto): II no. 11; ,"{""identifier"": ""255939140"", ""source"": ""nldenhaag""}",,3,0,data/expanded/mei-corpus.json,2026-09-30T19:14:34.909529+00:00,https://data.cerl.org/mei/_search
00200681,00200681,https://data.cerl.org/mei/00200681,ib00939000,ib00939000,direct,UCalLAL,"Los Angeles CA, University of California","Los Angeles CA, University of California",US,,A1.B642p 1486,Psalterium maius Beatae Mariae Virginis (Horae),"Bonaventura, S","Venice : Johannes Leoviler, de Hallis, 1486",IT,lat,16°,liturgy,GW 13367,"Goff B939 | C 4463 | IDL 3435 | IBP 4040 & Tab. XXV | Lawrence Witten, Cat 4 [1957], 22  | BSB-Ink H-351.050 | GW 13367",,eng,,,,,,0,0,data/expanded/mei-corpus.json,2026-09-30T19:14:34.909529+00:00,https://data.cerl.org/mei/_search
00200684,00200684,https://data.cerl.org/mei/00200684,ib00939000,ib00939000,direct,SzczyrzycC,"Szczyrzyc, Biblioteka OO. Cystersów",Szczyrzyc C,PL,,Inc.56 T.III.2,Psalterium maius Beatae Mariae Virginis (Horae),"Bonaventura, S","Venice : Johannes Leoviler, de Hallis, 1486",IT,lat,16°,liturgy,GW 13367,"Goff B939 | C 4463 | IDL 3435 | IBP 4040 & Tab. XXV | Lawrence Witten, Cat 4 [1957], 22  | BSB-Ink H-351.050 | GW 13367",,eng,,,,,,1,0,data/expanded/mei-corpus.json,2026-09-30T19:14:34.909529+00:00,https://data.cerl.org/mei/_search
02000952,02000952,https://data.cerl.org/mei/02000952,ic00788150,ic00788150,direct,LondonBL,"London, British Library","London, British Library",GB,,IA.27029,"Libro da Compagnia, ovvero Fraternita dei Battuti",,"[Florence : Apud Sanctum Jacobum de Ripoli, not after Aug. 1477]",IT,ita,4°,liturgy,GW 13391,H 5550? = 5553 = 10075 | IGI 3107 | Pr 6097A | BMC VI 620 | GW 13391,Created by A. Panzanelli,eng,,,,,Capitals supplied in blue. Oroginal (?) stamped half leather over boards,1,0,data/expanded/mei-corpus.json,2026-09-23T13:27:55.249733+00:00,https://data.cerl.org/mei/_search
00200669,00200669,https://data.cerl.org/mei/00200669,ic00788150,ic00788150,direct,CambridgeUL,"Cambridge, University Library",Cambridge UL,GB,,Inc.4.B.8.3 (4375),"Libro da Compagnia, ovvero Fraternita dei Battuti",,"[Florence : Apud Sanctum Jacobum de Ripoli, not after Aug. 1477]",IT,ita,4°,liturgy,GW 13391,H 5550? = 5553 = 10075 | IGI 3107 | Pr 6097A | BMC VI 620 | GW 13391,,eng,,,,,,0,0,data/expanded/mei-corpus.json,2026-09-23T13:27:55.249733+00:00,https://data.cerl.org/mei/_search
00200671,00200671,https://data.cerl.org/mei/00200671,ic00788150,ic00788150,direct,FirenzeRicc,Firenze Biblioteca Riccardiana,Firenze Ricc,IT,,Ed.R 647,"Libro da Compagnia, ovvero Fraternita dei Battuti",,"[Florence : Apud Sanctum Jacobum de Ripoli, not after Aug. 1477]",IT,ita,4°,liturgy,GW 13391,H 5550? = 5553 = 10075 | IGI 3107 | Pr 6097A | BMC VI 620 | GW 13391,,eng,,,,,,0,0,data/expanded/mei-corpus.json,2026-09-23T13:27:55.249733+00:00,https://data.cerl.org/mei/_search
00200670,00200670,https://data.cerl.org/mei/00200670,ic00788150,ic00788150,direct,FirenzeN,"Firenze, Biblioteca Nazionale Centrale",Firenze N,IT,,B. 5. 31,"Libro da Compagnia, ovvero Fraternita dei Battuti",,"[Florence : Apud Sanctum Jacobum de Ripoli, not after Aug. 1477]",IT,ita,4°,liturgy,GW 13391,H 5550? = 5553 = 10075 | IGI 3107 | Pr 6097A | BMC VI 620 | GW 13391,,eng,,,,,,0,0,data/expanded/mei-corpus.json,2026-09-23T13:27:55.249733+00:00,https://data.cerl.org/mei/_search
00559729,00559729,https://data.cerl.org/mei/00559729,ic00788150,ic00788150,direct,CambridgeUL,"Cambridge, University Library",Cambridge UL,GB,Inc.2-7,Inc.4.B.8.3[4375],"Libro da Compagnia, ovvero Fraternita dei Battuti",,"[Florence : Apud Sanctum Jacobum de Ripoli, not after Aug. 1477]",IT,ita,4°,liturgy,GW 13391,H 5550? = 5553 = 10075 | IGI 3107 | Pr 6097A | BMC VI 620 | GW 13391,"Title from caption printed in red on leaf a1 recto.  | Spaces left blank for initials.  | Signatures:  a-n⁸ o⁶.  Leaf b1 unsigned.  | Rubric ""Riceuendo alcuno nouitio, uno sacerdote, o uno de fratelli in suo luogo ..."", inc. ""Miserere mei deus"", in Latin and Italian, a1r- a4v;  [Office of the Virgin], legenda ""Leuati in pie il gouernatore comi[n]ci il matutino dice[n]do prima piano & inchinato Pater noster: poi in uoce dica / Ave maria gratia plena dominus tecum Rispondino nella medesima uoce Benedicta tu i[n] mulieribus & benedictus fructus ue[n]tris tui ihesus Alzi alqua[n]to la uoce"", inc. ""[D]omine labia mea aperies"", in Latin and Italian, a4v-e3v;  ""Psalmi penitentiali"", legenda ""Inginochiati tutti il G impone la[n]tiphona detto piano il pater nostro ..."", inc. ""Ne reminiscaris Domine ne in furore tuo arguas me ..."", in Latin and Italian, e3v-f5v, including litanies (with the names of Sane, Blagius and Margherita added in contemporary hand), e8v-f3r;  ""Psalmi Gradi"", inc. ""Ad do[m]inu[m] cu[m] tribularer clamaui"", f5v-g2v;  [Offices for Holy Wednesday, Maundy Thursday and Good Friday], legenda ""La sera del mercoledi s[ancto] alle tenebre ..."", inc. ""Qelus [sic] domus tue co[m]medit [sic] me"", in Latin and Italian, g2v-i7v, including the laude inc. ""Stabat mater dolorosa / Iusta crucem lacrimosa"", g8r-h1v;  [Office of the Dead], legenda ""Incipit officiu[m] in agenda defunctoru[m] Ad uesperas ..."", inc. ""Dilexi quonima exaudiuit"", in Latin and Italian, i7v-n2r;  [Hymns], caption ""Imno dello aduento"", inc. ""Conditor alme siderum eterna lux credentium"", in Latin and Italian, n2v-n6v;  [Prayers], legenda ""Orationi di sa[n]cti che occorrono p[er] farne co[m]memoratione ..."", inc. ""In omnem terram exiuit sonus eor[um]"", in Latin and Italian, n7r-o5r;  [Office of the Cross], legenda ""Incipit offitium crucis ordinatum a papa ioha[n]ne ..."", inc. ""Adoramus te criste"", in Latin and Italian, o5r-o6v.  | BM 15th cent., VI, 620  | GW, 13391  | Hain, 5550?  | Hain, 5553  | Hain, 10075  | ISTC, ic00788150  | Oates (MS addition), 2329.8  | Leaves m2 and m4 and conjont m7 and m5 misplaced by binder in place of one another.  | [102] leaves ; | Original item identifier in source database: 4897202",eng,,,,,,2,0,data/expanded/mei-corpus.json,2026-09-23T13:27:55.249733+00:00,https://data.cerl.org/mei/_search
00200677,00200677,https://data.cerl.org/mei/00200677,ic00788300,ic00788300,direct,FirenzeN,"Firenze, Biblioteca Nazionale Centrale",Firenze N,IT,,A. 7. 16,"Libro da Compagnia, ovvero Fraternita dei Battuti (Horae, ital.)",,"Florence : Johannes Petri, 23 Dec. 1486",IT,ita,4°,liturgy,GW 13392,HR 5551 | IGI 3108 (+ Corr.) | GW 13392,,eng,,,,,,0,0,data/expanded/mei-corpus.json,2026-09-30T19:14:41.143684+00:00,https://data.cerl.org/mei/_search
00200678,00200678,https://data.cerl.org/mei/00200678,ic00788300,ic00788300,direct,FirenzeRicc,Firenze Biblioteca Riccardiana,Firenze Ricc,IT,,Ed.R. 648,"Libro da Compagnia, ovvero Fraternita dei Battuti (Horae, ital.)",,"Florence : Johannes Petri, 23 Dec. 1486",IT,ita,4°,liturgy,GW 13392,HR 5551 | IGI 3108 (+ Corr.) | GW 13392,,eng,,,,,,0,0,data/expanded/mei-corpus.json,2026-09-30T19:14:41.143684+00:00,https://data.cerl.org/mei/_search
00200679,00200679,https://data.cerl.org/mei/00200679,ic00788300,ic00788300,direct,PisaSem,"Pisa, Biblioteca Cathariniana del Seminario Arcivescovile",Pisa Sem,IT,,Inc.54,"Libro da Compagnia, ovvero Fraternita dei Battuti (Horae, ital.)",,"Florence : Johannes Petri, 23 Dec. 1486",IT,ita,4°,liturgy,GW 13392,HR 5551 | IGI 3108 (+ Corr.) | GW 13392,,eng,,,,,,0,0,data/expanded/mei-corpus.json,2026-09-30T19:14:41.143684+00:00,https://data.cerl.org/mei/_search
00200680,00200680,https://data.cerl.org/mei/00200680,ic00788300,ic00788300,direct,PistoiaFort,"Pistoia, Biblioteca Forteguerriana",Pistoia Fort,IT,,AB/3 II fila 80,"Libro da Compagnia, ovvero Fraternita dei Battuti (Horae, ital.)",,"Florence : Johannes Petri, 23 Dec. 1486",IT,ita,4°,liturgy,GW 13392,HR 5551 | IGI 3108 (+ Corr.) | GW 13392,,eng,,,,,,0,0,data/expanded/mei-corpus.json,2026-09-30T19:14:41.143684+00:00,https://data.cerl.org/mei/_search
00200688,00200688,https://data.cerl.org/mei/00200688,ic00788450,ic00788450,direct,FirenzeN,"Firenze, Biblioteca Nazionale Centrale",Firenze N,IT,,L. 6. 62,"Libro da Compagnia, ovvero Fraternita dei Battuti",,"Florence : Antonius Francisci, Venetus, [about 1490]",IT,ita,4°,liturgy,GW 13393,H 5549 = HR 10076 | IGI 3109 | GW 13393,,eng,,,,,,0,0,data/expanded/mei-corpus.json,2026-09-30T19:14:42.701138+00:00,https://data.cerl.org/mei/_search
00200689,00200689,https://data.cerl.org/mei/00200689,ic00788450,ic00788450,direct,SienaC,"Siena, Biblioteca Comunale degli Intronati",Siena C,IT,,N VI 024,"Libro da Compagnia, ovvero Fraternita dei Battuti",,"Florence : Antonius Francisci, Venetus, [about 1490]",IT,ita,4°,liturgy,GW 13393,H 5549 = HR 10076 | IGI 3109 | GW 13393,,eng,,,,,,0,0,data/expanded/mei-corpus.json,2026-09-30T19:14:42.701138+00:00,https://data.cerl.org/mei/_search
00559730,00559730,https://data.cerl.org/mei/00559730,ic00788450,ic00788450,direct,CambridgeUL,"Cambridge, University Library",Cambridge UL,GB,Inc.2-7,Inc.4.B.8.12[4461],"Libro da Compagnia, ovvero Fraternita dei Battuti",,"Florence : Antonius Francisci, Venetus, [about 1490]",IT,ita,4°,liturgy,GW 13393,H 5549 = HR 10076 | IGI 3109 | GW 13393,"Title from beginning of table of contents on leaf [A1] recto.  | Place and printer's name from colophon on leaf a[n]4 verso.  | Text in Latin and Italian.  | With rubrics and initials printed in red.  | Spaces left blank for initials.  | Signatures:  A⁶ a-c⁸ d⁶ e-g⁸ h⁶ i⁸ K⁶ l-m⁸ n-o⁶ a[n]⁴.  First leaf [A1] and leaves K3, l4, m1, o2 and a[n]2 unsigned; leaf i3 erroneously signed ""i ii"".  | Table of contents, in Italian, [A1]r;  ""Libro da compagnia nel quale si contiene l'entrata de novitii"", rubric ""Riceuendo alcuno nouitio, uno sacerdote, o uno de fratelli in suo luogo ..."", inc. ""Miserere mei deus"", in Latin and Italian, A2r- A6v;  ""Il mattutino della nostra do[n]na, il uespro et la compieta"", rubric ""Incipit officium beate marie uirginis secundum consuetudinem romane curie"", inc. ""[D]omine labia mea aperies"", in Latin and Italian, a1r-c8v;  ""Psalmi gradi et psalmi penite[n]tiali"", rubric ""Incipiunt quindecim psalmi graduales"", inc. ""[A]d dominu[m] cum tribularer clamaui"", in Latin and Italian, d1r-d6v, rubric ""Incipiunt septem psalmi penitentiales"", inc. ""[D]omine ne i[n] furore tuo arguas me"", in Latin and Italian, e1r-f6r, including litanies, e7v-f3r;  ""Il uespro de morti et il mattutino"", rubric ""Incomincia lufficio de morti"", inc. ""[D]ilexi quonia[m] exaudiet dominus"", in Latin and Italian, f6r-g8v;  ""Lufficio del mercholedi giouedi et uenardi sancto"", rubric ""Incomincia lufficio del mercoledi sancto"", h1r-l8r;  ""Hymni, [laude] et orationi dipiu sancti"", in Latin and Italian, l8r-o6v, including ""Hymno nella lauatione de piedi"", l8r-m3r, ""Oratione del agnolo Raphaello"", o4v-o5v, and ""Lauda che si canta sopra il corpo di uno morto duna co[m]pagnia"", inc. ""O fratel nostro che se morto et sepolto"", o6r-v;  ""Ad completorium"", a[n]1r-a[n]4r;  ""L'oratione di sancta Maria Magdalena [seguita dalle orazioni] di san Bernardino di san Vincenti ed di San Paulo"", a[n]4r-v;  colophon, a[n]4v.  | GW, 13393  | Hain, 5549  | Hain-Reichling, 10076  | ISTC, ic00788450  | Oates (MS. addition), 2420.5  | [108] leaves ; | Original item identifier in source database: 4854571",eng,,,,,,4,0,data/expanded/mei-corpus.json,2026-09-30T19:14:42.701138+00:00,https://data.cerl.org/mei/_search
00200693,00200693,https://data.cerl.org/mei/00200693,ic00788600,ic00788600,direct,FirenzeN,"Firenze, Biblioteca Nazionale Centrale",Firenze N,IT,,B. 5. 32,"Libro da Compagnia, ovvero Fraternita dei Battuti",,"Florence : Lorenzo Morgiani and Johannes Petri, 17 Feb. [1493]",IT,ita,4°,liturgy,GW 13394,H 5552 = HR 10077 | Pell Ms 7180 (7123) | CIBN L-165 | IGI 3110 | GW 13394,,eng,,,,,,0,0,data/expanded/mei-corpus.json,2026-09-23T13:33:16.378479+00:00,https://data.cerl.org/mei/_search
00200696,00200696,https://data.cerl.org/mei/00200696,ic00788600,ic00788600,direct,ParisBN,"Paris, Bibliothèque nationale de France","Paris, BnF",FR,,Rés. B. 2912,"Libro da Compagnia, ovvero Fraternita dei Battuti",,"Florence : Lorenzo Morgiani and Johannes Petri, 17 Feb. [1493]",IT,ita,4°,liturgy,GW 13394,H 5552 = HR 10077 | Pell Ms 7180 (7123) | CIBN L-165 | IGI 3110 | GW 13394,,eng,,,,,,0,0,data/expanded/mei-corpus.json,2026-09-23T13:33:16.378479+00:00,https://data.cerl.org/mei/_search
00200695,00200695,https://data.cerl.org/mei/00200695,ic00788600,ic00788600,direct,ModenaEst,"Modena, Biblioteca Estense Universitaria","Modena, Biblioteca Estense",IT,,[alfa]. C.2.4,"Libro da Compagnia, ovvero Fraternita dei Battuti",,"Florence : Lorenzo Morgiani and Johannes Petri, 17 Feb. [1493]",IT,ita,4°,liturgy,GW 13394,H 5552 = HR 10077 | Pell Ms 7180 (7123) | CIBN L-165 | IGI 3110 | GW 13394,,eng,,,,,,0,0,data/expanded/mei-corpus.json,2026-09-23T13:33:16.378479+00:00,https://data.cerl.org/mei/_search
00200697,00200697,https://data.cerl.org/mei/00200697,ic00788600,ic00788600,direct,SienaC,"Siena, Biblioteca Comunale degli Intronati",Siena C,IT,,M VI 021,"Libro da Compagnia, ovvero Fraternita dei Battuti",,"Florence : Lorenzo Morgiani and Johannes Petri, 17 Feb. [1493]",IT,ita,4°,liturgy,GW 13394,H 5552 = HR 10077 | Pell Ms 7180 (7123) | CIBN L-165 | IGI 3110 | GW 13394,,eng,,,,,,0,0,data/expanded/mei-corpus.json,2026-09-23T13:33:16.378479+00:00,https://data.cerl.org/mei/_search
00200694,00200694,https://data.cerl.org/mei/00200694,ic00788600,ic00788600,direct,FirenzeN,"Firenze, Biblioteca Nazionale Centrale",Firenze N,IT,,Pal. D. 7. 6. 3,"Libro da Compagnia, ovvero Fraternita dei Battuti",,"Florence : Lorenzo Morgiani and Johannes Petri, 17 Feb. [1493]",IT,ita,4°,liturgy,GW 13394,H 5552 = HR 10077 | Pell Ms 7180 (7123) | CIBN L-165 | IGI 3110 | GW 13394,,eng,,,,,,4,0,data/expanded/mei-corpus.json,2026-09-23T13:33:16.378479+00:00,https://data.cerl.org/mei/_search
00200712,00200712,https://data.cerl.org/mei/00200712,ic00790000,ic00790000,direct,Klosterneuburg,"Klosterneuburg, Chorherren, Stiftsbibliothek","Klosterneuburg, Chorherren ",AT,,1420,Compendium deprecationum,,"Venice : Antonius de Zanchis, 14 July 1498",IT,lat,8°,liturgy,GW 13386,Goff C790 | R 1703 | IGI 3113 | Sajó-Soltész 2469 | GW 13386,,eng,,,,,,0,0,data/expanded/mei-corpus.json,2026-09-30T19:14:44.702966+00:00,https://data.cerl.org/mei/_search
00200709,00200709,https://data.cerl.org/mei/00200709,ic00790000,ic00790000,direct,EsztergomSimor,"Esztergom, Érseki Simor Könyvtár","Esztergom, Érseki Simor Könyvtár",HU,,,Compendium deprecationum,,"Venice : Antonius de Zanchis, 14 July 1498",IT,lat,8°,liturgy,GW 13386,Goff C790 | R 1703 | IGI 3113 | Sajó-Soltész 2469 | GW 13386,,eng,,,,,,0,0,data/expanded/mei-corpus.json,2026-09-30T19:14:44.702966+00:00,https://data.cerl.org/mei/_search
00200711,00200711,https://data.cerl.org/mei/00200711,ic00790000,ic00790000,direct,PadovaU,"Padova, Biblioteca Universitaria",Padova U,IT,,Sec. XV 259,Compendium deprecationum,,"Venice : Antonius de Zanchis, 14 July 1498",IT,lat,8°,liturgy,GW 13386,Goff C790 | R 1703 | IGI 3113 | Sajó-Soltész 2469 | GW 13386,,eng,,,,,,0,0,data/expanded/mei-corpus.json,2026-09-30T19:14:44.702966+00:00,https://data.cerl.org/mei/_search
00200708,00200708,https://data.cerl.org/mei/00200708,ic00790000,ic00790000,direct,HamCL,"Clinton NY, Hamilton College, Burke Library","Clinton NY, Hamilton College, Burke Library",US,,BV249.L3 C6 1498,Compendium deprecationum,,"Venice : Antonius de Zanchis, 14 July 1498",IT,lat,8°,liturgy,GW 13386,Goff C790 | R 1703 | IGI 3113 | Sajó-Soltész 2469 | GW 13386,,eng,,,,,,0,0,data/expanded/mei-corpus.json,2026-09-30T19:14:44.702966+00:00,https://data.cerl.org/mei/_search
00200710,00200710,https://data.cerl.org/mei/00200710,ic00790000,ic00790000,direct,UCalLAL,"Los Angeles CA, University of California","Los Angeles CA, University of California",US,,A1. C815 1498,Compendium deprecationum,,"Venice : Antonius de Zanchis, 14 July 1498",IT,lat,8°,liturgy,GW 13386,Goff C790 | R 1703 | IGI 3113 | Sajó-Soltész 2469 | GW 13386,,eng,,,,,,0,0,data/expanded/mei-corpus.json,2026-09-30T19:14:44.702966+00:00,https://data.cerl.org/mei/_search
02136284,02136284,https://data.cerl.org/mei/02136284,ic00989950,ic00989950,direct,TubingenUB,"Tübingen, Universitätsbibliothek","Tübingen, Universitätsbibliothek",DE,,Gb 537 a,Cursus hinc inde collecti cum septem Psalmis poenitentialibus (Horae),,"[Ulm : Johann Zainer, about 1482]",DE,lat,16°,Liturgy,GW 12975,"Amelung, Frühdruck I 45 | Schlechter-Ries 936 | BSB-Ink H-346 | GW 12975",,ger,,,,"{""identifier"": ""GW 12975"", ""source"": ""degw""}",,5,0,data/expanded/mei-corpus.json,2026-09-30T19:14:48.722200+00:00,https://data.cerl.org/mei/_search
02124929,02124929,https://data.cerl.org/mei/02124929,ic00989950,ic00989950,direct,EdinburghNLS,"Edinburgh, National Library of Scotland","Edinburgh, National Library of Scotland",GB,,Inc.84,Cursus hinc inde collecti cum septem Psalmis poenitentialibus (Horae),,"[Ulm : Johann Zainer, about 1482]",DE,lat,16°,Liturgy,GW 12975,"Amelung, Frühdruck I 45 | Schlechter-Ries 936 | BSB-Ink H-346 | GW 12975",Record created by Krisztina Rábai,eng,0,a,"Probably four or six leaves are wanting before r1, as the previous leaf [144] containing Psalm 129 ends abruptly. Initials supplied in red.",,,3,0,data/expanded/mei-corpus.json,2026-09-30T19:14:48.722200+00:00,https://data.cerl.org/mei/_search
02135886,02135886,https://data.cerl.org/mei/02135886,ic00989970,ic00989970,direct,TubingenUB,"Tübingen, Universitätsbibliothek","Tübingen, Universitätsbibliothek",DE,,Ke XVIII 4 c.2 (Nr. 8),Cursus hinc inde collecti cum septem Psalmis poenitentialibus (Horae),,"[Ulm : Johann Zainer, about 1486-90]",DE,lat,16°,Liturgy,GW 12978,"Amelung, Frühdruck I p.115 (note) | Leuze(Makulatur) I.1 | Breitenbruch F18 | BSB-Ink H-347.050 | GW 12978",,ger,,b,Teil des Halbbogens mit Lage b. Abgelöst von einem unbekannten Einband.,"{""identifier"": ""GW 12978"", ""source"": ""degw""}",,1,0,data/expanded/mei-corpus.json,2026-09-30T19:14:50.716955+00:00,https://data.cerl.org/mei/_search
02120861,02120861,https://data.cerl.org/mei/02120861,ic00990000,ic00990000,direct,WienONB,"Wien, Österreichische  Nationalbibliothek","Wien, ONB",AT,ZALT-INK,Ink 24.H.31,Cursus hinc inde collecti cum septem Psalmis poenitentialibus (Horae),,"Augsburg : Anton Sorg, 1487",DE,lat,8°,Liturgy,GW 12945,Goff C990 | H 5859* | Boh(1924) Cursus 9 | Gspan-Badalić 228 | Sack(Freiburg) 1870 | Hunt 1043 | Oates 926 | Pr 1703 | BMC II 352 | BSB-Ink H-347 | GW 12945,,eng,0,,,,,1,0,data/expanded/mei-corpus.json,2026-09-30T19:14:52.681659+00:00,https://data.cerl.org/mei/_search
00559789,00559789,https://data.cerl.org/mei/00559789,ic00990000,ic00990000,direct,CambridgeUL,"Cambridge, University Library",Cambridge UL,GB,Inc.2-7,Inc.6.A.6.5[805],Cursus hinc inde collecti cum septem Psalmis poenitentialibus (Horae),,"Augsburg : Anton Sorg, 1487",DE,lat,8°,Liturgy,GW 12945,Goff C990 | H 5859* | Boh(1924) Cursus 9 | Gspan-Badalić 228 | Sack(Freiburg) 1870 | Hunt 1043 | Oates 926 | Pr 1703 | BMC II 352 | BSB-Ink H-347 | GW 12945,"Title from title page on leaf [pi1] recto.  | Imprints from colophon on leaf [con8] verso, which reads in full:  Finis opusculi huius. Jmpressum Auguste per Anthonium Sorg. Anno do=mini .M.cccc.lxxxvij.  | Folio numbering appears in the lower margin of leaves.  | Spaces left blank for initials.  | Signatures:  [pi²] a-z⁸ [et]⁸ [con]⁸  | [Title page], [pi1]r;  [Introduction], incipit ""Subscripti cursus sparsim hincinde [sic] in deuotionum libellis inuenti summa cum dilige[n]tia hic in vnu[m] sunt collecti"", [pi2]r;  [table of contents], [pi2]v;  Cursus hinc inde collecti cum septem Psalmis poenitentialibus, incipit ""Jncipit Cursus de proprio angelo qui dicendus e[st] dominica die"", a1r-[con8]v, including the Seven Penitential Psalms, x4r-y2r, litanies, y2r-y4v, Office for the Dead, y7r-[et8]r, De accessu altaris [seu praeparatione ad missam], [et8]r-[con6]r, and other prayers, [con6]r-[con8]v;  colophon, [con8]v.  | BM 15th cent., II, 352-353  | BSB-Ink, H-347  | Goff, c990  | GW, 12945  | Hain, 5859*  | ISTC, ic00990000  | Oates, 926  | [2], i-cc leaves ; | Original item identifier in source database: 5443450",eng,,,,,,3,0,data/expanded/mei-corpus.json,2026-09-30T19:14:52.681659+00:00,https://data.cerl.org/mei/_search
02118529,02118529,https://data.cerl.org/mei/02118529,ic00990500,ic00990500,direct,WienONB,"Wien, Österreichische  Nationalbibliothek","Wien, ONB",AT,ZALT-INK,Ink 19.H.18,Cursus hinc inde collecti (Horae),,"[Speyer : Peter Drach], 21 Jan. 1488",DE,lat,16°,Liturgy,GW 12966,C 3088 = 1856 | Boh(1924) 568 = Cursus 10 | Voull(Trier) 1268 | Embach 125 | Pr 2454 | BMC III 710 | GW 12966,,eng,0,,,,,1,0,data/expanded/mei-corpus.json,2026-09-30T19:14:54.680331+00:00,https://data.cerl.org/mei/_search
02136285,02136285,https://data.cerl.org/mei/02136285,ic00990500,ic00990500,direct,TubingenUB,"Tübingen, Universitätsbibliothek","Tübingen, Universitätsbibliothek",DE,,Gb 537,Cursus hinc inde collecti (Horae),,"[Speyer : Peter Drach], 21 Jan. 1488",DE,lat,16°,Liturgy,GW 12966,C 3088 = 1856 | Boh(1924) 568 = Cursus 10 | Voull(Trier) 1268 | Embach 125 | Pr 2454 | BMC III 710 | GW 12966,,ger,,,"Rubr.; vereinzelt blaue bzw. rot-blaue Lombarden. - Hs. Nachträge (Hand von Ch. Göswein) im Kalendarium (Reisen, Todesfälle in der Familie, u. a. der Gattin Barbara Michlin de Ehingen), hs. Nachträge im Text.","{""identifier"": ""GW 12966"", ""source"": ""degw""}",,3,0,data/expanded/mei-corpus.json,2026-09-30T19:14:54.680331+00:00,https://data.cerl.org/mei/_search
02120860,02120860,https://data.cerl.org/mei/02120860,ic00991000,ic00991000,direct,WienONB,"Wien, Österreichische  Nationalbibliothek","Wien, ONB",AT,ZALT-INK,Ink 13.H.31,Cursus hinc inde collecti cum septem Psalmis poenitentialibus (Horae),,"Augsburg : Anton Sorg, 1489",DE,lat,8°,Liturgy,GW 12946,"Goff C991 | H 5860* | Boh(1924) Cursus 11 | SI 1267 | Sallander 2249 | Günt(L) 130 | Voull(B) 146,10 | Hubay(Augsburg) 1068 | Sack(Freiburg) 1871 | Hunt 1050 | BMC II 354 | BSB-Ink H-348 | GW 12946",,eng,0,,,,,1,0,data/expanded/mei-corpus.json,2026-09-30T19:14:56.675905+00:00,https://data.cerl.org/mei/_search
02120859,02120859,https://data.cerl.org/mei/02120859,ic00993000,ic00993000,direct,WienONB,"Wien, Österreichische  Nationalbibliothek","Wien, ONB",AT,ZALT-INK,Ink 24.H.32,Cursus hinc inde collecti (Horae),,"[Ulm : Conrad Dinckmut, not after 1485]",DE,lat,8°,Liturgy,GW 12976,"Goff C993 | C 1857 | Hunt 1056 | Amelung, Frühdruck I 105 | GW 12976",,eng,0,,,,,1,0,data/expanded/mei-corpus.json,2026-09-30T19:15:04.706090+00:00,https://data.cerl.org/mei/_search
02136283,02136283,https://data.cerl.org/mei/02136283,ig00112700,ig00112700,direct,TubingenUB,"Tübingen, Universitätsbibliothek","Tübingen, Universitätsbibliothek",DE,,Gb 536,Gebetbuch (Horae),,"Augsburg : Günther Zainer, 12 Mar. 1471",DE,ger,8°,liturgy,GW 12981,H 7508* | Pell 5005 | Hellwig 403 | Voull(B) 5 | BSB-Ink G-51 | CIBN G-60 | GW 12981,,ger,,,Bll. 1-16 und 200 fehlen. - Rubr.; Lombarden. Init. Bl. 15 mit Feder ausgeführt. - Bll. 198b und 199b Federproben.,"{""identifier"": ""GW 12981"", ""source"": ""degw""}",,3,0,data/expanded/mei-corpus.json,2026-09-30T19:15:08.693943+00:00,https://data.cerl.org/mei/_search
02120572,02120572,https://data.cerl.org/mei/02120572,ig00113000,ig00113000,direct,WienONB,"Wien, Österreichische  Nationalbibliothek","Wien, ONB",AT,ZALT-INK,Ink 13.H.37,Gebetbuch (Horae),,"[Nuremberg : Printer of the 'Rochus Legende', about 1480]",DE,ger,8°,liturgy,GW 12985,"Goff G113 | H 7507* | Rosenwald 66 | IDL 1900 | SI 1614 | Günt(L) 2349 | Voull(B) 1964 = 1881,20 | BMC II 466 | BSB-Ink G-53 | Döring-Fuchs G-23 | GW 12985",,eng,0,,,,,1,0,data/expanded/mei-corpus.json,2026-09-30T19:15:12.686572+00:00,https://data.cerl.org/mei/_search
02138640,02138640,https://data.cerl.org/mei/02138640,ig00113000,ig00113000,direct,TheHagueMMW,"Den Haag, Huis van het Boek ","Den Haag, Huis van het Boek ",NL,,001 F 050,Gebetbuch (Horae),,"[Nuremberg : Printer of the 'Rochus Legende', about 1480]",DE,ger,8°,liturgy,GW 12985,"Goff G113 | H 7507* | Rosenwald 66 | IDL 1900 | SI 1614 | Günt(L) 2349 | Voull(B) 1964 = 1881,20 | BMC II 466 | BSB-Ink G-53 | Döring-Fuchs G-23 | GW 12985",,dut,,,,"{""identifier"": ""–"", ""source"": ""nldkp""}",,3,0,data/expanded/mei-corpus.json,2026-09-30T19:15:12.686572+00:00,https://data.cerl.org/mei/_search
02130968,02130968,https://data.cerl.org/mei/02130968,ig00113080,ig00113080,direct,WolfenbuettelHAB,"Wolfenbüttel, Herzog August Bibliothek",Wolfenbüttel HAB,DE,,H: QuH 169.10,Gebetbuch [Low German] Bedeboek. Con: Konrad Gesselen: Cisioianus (Horae),,"[Lübeck : Johann Snel, about 1482]",DE,ger,8°,liturgy,GW 13000,GfT 777 | Madsen 581 | Borchling & Claussen 47 | Borm 1096 | GW 13000,Record created by Mai-Britt Wiechmann.,eng,1,,,,,3,0,data/expanded/mei-corpus.json,2026-09-30T19:15:14.695090+00:00,https://data.cerl.org/mei/_search
02131168,02131168,https://data.cerl.org/mei/02131168,ig00113100,ig00113100,direct,WolfenbuettelHAB,"Wolfenbüttel, Herzog August Bibliothek",Wolfenbüttel HAB,DE,,M: Th 202,Gebetbuch [Low German] Bedeboek (Horae),,"Lübeck : Bartholomaeus Ghotan, [about 1484]",DE,ger,8°,liturgy,GW 13002,"Schr 4080 | Borchling & Claussen 79 | I. Collijn in Zeitschrift des Vereins für Lübecker Geschichte und Altertumskunde 9 (1908), p.315  | Borm 1099 | Oates 1187 | GW 13002",This record was created by Mai-Britt Wiechmann,eng,1,,,,,3,0,data/expanded/mei-corpus.json,2026-09-30T19:15:16.693486+00:00,https://data.cerl.org/mei/_search
00560115,00560115,https://data.cerl.org/mei/00560115,ig00113100,ig00113100,direct,CambridgeUL,"Cambridge, University Library",Cambridge UL,GB,Inc.2-7,Inc.6.A.14.2[1020],Gebetbuch [Low German] Bedeboek (Horae),,"Lübeck : Bartholomaeus Ghotan, [about 1484]",DE,ger,8°,liturgy,GW 13002,"Schr 4080 | Borchling & Claussen 79 | I. Collijn in Zeitschrift des Vereins für Lübecker Geschichte und Altertumskunde 9 (1908), p.315  | Borm 1099 | Oates 1187 | GW 13002","Printing place and printer's name from colophon on leaf ff8 verso, which reads in full:  Bartholomeus Ghotan imp[re]ssit Jn Lubeck.  | Woodcut illustration of God crowning the Virgin Mary on leaf a1 verso.  | Spaces left blank for initials.  | Signatures:  a-z⁸ aa-ff⁸.  First leaf a1 unsigned, leaf a2 signed ""a"".  Gatherings signed only on first leaf.  | Woodcut image, a1v;  Horae, in Low German, Gebetbuch, a2r-ff8v, including Litanies, i1r-i7r;  colophon, ff8v.  | Borchling & Claussen, 79  | GW, 13002  | ISTC, ig00113100  | Oates, 1187  | W. L. Schreiber, Handbuch (3 Aufl.), 4080  | Wanting leaves n2 and bb2, both supplied in manuscript, 19th century.  | [232] leaves : | Original item identifier in source database: 5177280",eng,,,,,,6,0,data/expanded/mei-corpus.json,2026-09-30T19:15:16.693486+00:00,https://data.cerl.org/mei/_search
02131176,02131176,https://data.cerl.org/mei/02131176,ig00113110,ig00113110,direct,WolfenbuettelHAB,"Wolfenbüttel, Herzog August Bibliothek",Wolfenbüttel HAB,DE,,M. Th 203,Gebetbuch [Low German] Bedeboek (Horae),,"Lübeck : Bartholomaeus Ghotan, 1485",DE,ger,8°,liturgy,GW 13003,"C 4842 | IBP 2307 | Borchling & Claussen 84 | Schr 4081 | Schramm XII 4 | I. Collijn in Zeitschrift des Vereins für Lübecker Geschichte und Altertumskunde 9 (1908), p.315  | C. Ernst, in Alt-Hildesheim, Heft 8 (1928), pp.32-44, Abb.7  | Ernst(Hildesheim) II,V 16 | Voull(B) 1460 | Borm 1098 | GW 13003",Record created by Mai-Britt Wiechmann,eng,,,,,,4,0,data/expanded/mei-corpus.json,2026-09-30T19:15:18.684502+00:00,https://data.cerl.org/mei/_search
02131171,02131171,https://data.cerl.org/mei/02131171,ig00113130,ig00113130,direct,WolfenbuettelHAB,"Wolfenbüttel, Herzog August Bibliothek",Wolfenbüttel HAB,DE,,H: QuH 169.21,Gebetbuch [Low German] Bedeboek (Horae),,"Lübeck : [The Poppy Printer (Hans van Ghetelen)], 1487",DE,ger,8°,liturgy,GW 13004,"H 3011 | GfT 787, 788 | Borchling & Claussen 116 | Schr 4082 | Schramm X 474-76 | SI 1611 | Coll(S) 434 | Günt(L) 1653 | Voull(B) 1466 | Borm 1100 | Pad-Ink 260 | GW 13004",This record was created by Mai-Britt Wiechmann,eng,,,,,,4,0,data/expanded/mei-corpus.json,2026-09-30T19:15:20.684829+00:00,https://data.cerl.org/mei/_search
02131190,02131190,https://data.cerl.org/mei/02131190,ig00113150,ig00113150,direct,WolfenbuettelHAB,"Wolfenbüttel, Herzog August Bibliothek",Wolfenbüttel HAB,DE,,M: Th 204,Gebetbuch [Low German] Bedeboek:  Seven tyde Unser Liever Vrauwen (Horae),,"[Lübeck : Stephanus Arndes, about 1497]",DE,ger,8°,liturgy,GW 13008,Borchling & Claussen 287 | Borm 1101 | GW 13008,Record created by Mai-Britt Wiechmann,eng,,b,A few pages of the calendarium at the beginning and in the back are missing.,,judging from the paper size the format rather needs to be considered 16°,3,0,data/expanded/mei-corpus.json,2026-09-30T19:15:31.110126+00:00,https://data.cerl.org/mei/_search
02120377,02120377,https://data.cerl.org/mei/02120377,ih00135000,ih00135000,direct,WienONB,"Wien, Österreichische  Nationalbibliothek","Wien, ONB",AT,ZALT-INK,Ink 16.H.24,Herzmahner,,"Nuremberg : Caspar Hochfeder, [about 1495]",DE,ger,16°,literature-devotional,GW M07711,Goff H135 | H 8534* | Van der Vekene(Hochfeder) 42 | Zehnacker 1149 | IDL 2279 | Šimáková-Vrchotka 941 | Sack(Freiburg) 1825 | Borm 1323 | Voull(B) 1926 | Günt(L) 1988 | Pr 2304 | BMC II 477 | BSB-Ink H-225 | GW M07711,,eng,0,,,,,1,0,data/expanded/mei-corpus.json,2026-09-30T19:15:46.005476+00:00,https://data.cerl.org/mei/_search
02100528,02100528,https://data.cerl.org/mei/02100528,ih00135000,ih00135000,direct,NLKB,"Den Haag, Koninklijke Bibliotheek - Nationale Bibliotheek van Nederland","Den Haag, Koninklijke Bibliotheek - Nationale Bibliotheek van Nederland",NL,,KW 150 D 10,Herzmahner,,"Nuremberg : Caspar Hochfeder, [about 1495]",DE,ger,16°,literature-devotional,GW M07711,Goff H135 | H 8534* | Van der Vekene(Hochfeder) 42 | Zehnacker 1149 | IDL 2279 | Šimáková-Vrchotka 941 | Sack(Freiburg) 1825 | Borm 1323 | Voull(B) 1926 | Günt(L) 1988 | Pr 2304 | BMC II 477 | BSB-Ink H-225 | GW M07711,Record created by Cornalijn Meinders,eng,1,a,,"{""identifier"": ""166839981"", ""source"": ""nldenhaag""}",,3,0,data/expanded/mei-corpus.json,2026-09-30T19:15:46.005476+00:00,https://data.cerl.org/mei/_search
00200531,00200531,https://data.cerl.org/mei/00200531,ih00257280,ih00257280,direct,CambridgeTrinityCollege,"Cambridge, Trinity College","Cambridge, Trinity College",GB,,VI. 13. 3,Horae: ad usum Romanum (Rome),,"[Milan : Antonius Zarotus, about 1475]",IT,lat,8°,hagiography,GW 13333,GW 13333,,eng,,,,,,1,0,data/expanded/mei-corpus.json,2026-09-30T19:15:46.693566+00:00,https://data.cerl.org/mei/_search
00205575,00205575,https://data.cerl.org/mei/00205575,ih00335200,ih00335200,direct,OxfordBodley,"Oxford, Bodleian Library",Oxford Bodley,GB,,Douce BB 130.,Horae (unknown use) [French and Latin]. Heures de Nostre Dame en françoys,,"Paris : Antoine Vérard, [about 1497]",FR,frm,4°,liturgy,GW 13277,C 3120 = 3122 | Boh(1924) 208 = 466 (I) = 668 = 669 | Lacombe 30 (I) = 31bis | Cl II 417 | Macf 218 | Pell Ms 5947 (5936) | CIBN H-265 | Bod-inc H-156 | Sheppard 6260-61 | Pr 8417 | GW 13277,BodInc-Id: H-156(1),,,,,"{""identifier"": ""tih00335200"", ""source"": ""uktextinc""}",,2,0,data/expanded/mei-corpus.json,2026-09-30T19:16:02.670507+00:00,https://data.cerl.org/mei/_search
00200668,00200668,https://data.cerl.org/mei/00200668,ih00336100,ih00336100,direct,BerlinSB,"Berlin, Staatsbibliothek",Berlin SB,DE,,8o inc. 4635.10,Horae,,"[Italy : n.pr., not after 1500]",IT,lat,8°,liturgy,GW 13328,GW 13328,,eng,,,,,,0,0,data/expanded/mei-corpus.json,2026-09-23T13:32:24.653901+00:00,https://data.cerl.org/mei/_search
00206443,00206443,https://data.cerl.org/mei/00206443,ih00339490,ih00339490,direct,OxfordBodley,"Oxford, Bodleian Library",Oxford Bodley,GB,,8° Rawl. 1093.,Horae: ad usum Baiocensem (Bayeux) [French and Latin],,"Paris : Etienne Jehannot, for Pierre Regnault at Caen, 31 Oct. 1497",FR,frm,8°,liturgy,GW 13201,Boh(1924) 28 | Bod-inc H-151 | Sheppard 6477-79 | Pr 8341 | Bod-inc H-151 | GW 13201,BodInc-Id: H-151(1),,,,,"{""identifier"": ""tih00339490"", ""source"": ""uktextinc""}",,3,0,data/expanded/mei-corpus.json,2026-09-30T19:16:32.715170+00:00,https://data.cerl.org/mei/_search
02013655,02013655,https://data.cerl.org/mei/02013655,ih00341000,ih00341000,direct,PrincetonUL,"Princeton NJ, Princeton University, Firestone Library, Rare Book Division","Princeton NJ, Princeton University, Firestone Library, Rare Book Division",US,,5942.247.11,Horae: ad usum Bituricensem (Bourges) [French and Latin],,"Paris : For Antoine Vérard, 9 Feb. 1500",FR,lat,4°,liturgy,GW 13303,"Goff H341 | Boh(1924) 684 | Winn(Vérard) H-24 | Christie 's (NY) Apr. 8 1981 (Sexton), 126 | Brunet V col 1684: 132 bis | GW 13303",Record created by John Lancaster.,eng,0,a,,,,2,0,data/expanded/mei-corpus.json,2026-09-30T19:16:46.752220+00:00,https://data.cerl.org/mei/_search
02132447,02132447,https://data.cerl.org/mei/02132447,ih00341500,ih00341500,direct,MilanoN,"Milano, Biblioteca Nazionale Braidense",Milano N,IT,Gerli,B.G. Inc. 69,Horae: ad usum Cabilonensem (Chalon-sur-Saône),,"Paris : Thielman Kerver, for Hugues Pageot at Dijon, 7 Oct. 1499",FR,lat,8°,liturgy,GW 13102,C 3054 | Boh(1924) 74 | Lacombe 73-74 | Cl II 277 | Pell Ms 5854-5857 (5847) | CIBN H-196 | Arnoult 785 | Coq 258 | Jammes H-4 | Castan(Besançon) 552 | IGI 4809 | GW 13102,,ita,1,a,,,,5,0,data/expanded/mei-corpus.json,2026-09-30T19:16:48.707389+00:00,https://data.cerl.org/mei/_search
00205572,00205572,https://data.cerl.org/mei/00205572,ih00341800,ih00341800,direct,OxfordBodley,"Oxford, Bodleian Library",Oxford Bodley,GB,,Douce 27.,Horae: ad usum Cameracensem (Cambrai),,"Paris : [Georg Wolf], Thielman Kerver for Gilles Remacle, 15 Mar. 1500/01",FR,lat,8°,liturgy,GW 13109,Boh(1924) 66 | Pell Ms 5853 (5846) | Polain(B) 1921 | Bod-inc H-152 | Sheppard 6545 | Pr 8397 | GW 13109,BodInc-Id: H-152(1),,,,,"{""identifier"": ""tih00341800"", ""source"": ""uktextinc""}",,3,0,data/expanded/mei-corpus.json,2026-09-30T19:16:52.720814+00:00,https://data.cerl.org/mei/_search
02154630,02154630,https://data.cerl.org/mei/02154630,ih00343100,ih00343100,direct,LondonVA,"London, Victoria and Albert Museum, National Art Library","London, Victoria and Albert Museum, National Art Library",GB,,1705-1888,Horae: ad usum Cenomanensem (Le Mans) [French and Latin],,"Paris : [Philippe Pigouchet] for Simon Vostre, 22 Feb. 1492",FR,frm,8°,liturgy,GW 13138,GW 13138,Created by Debora Sturzo.,eng,,b,"Wanting 5 leaves: a1-3, a8, b1.",,,2,0,data/expanded/mei-corpus.json,2026-09-30T19:17:04.679256+00:00,https://data.cerl.org/mei/_search
00560427,00560427,https://data.cerl.org/mei/00560427,ih00343200,ih00343200,direct,CambridgeUL,"Cambridge, University Library",Cambridge UL,GB,SSS,SSS.18.2,Horae: ad usum Cenomanensem (Le Mans) [French and Latin],,"[Paris] : Etienne Jehannot, 15 May 1498",FR,frm,8°,liturgy,GW 13213 | GW 13214,Oates 3146 | GW 13213 | GW 13214,"Title and printer's name from title page on leaf a1 recto.  | Printing date from colophon on leaf  C8 verso, which reads in full:  Les presentes heures furent acheuees le xv. iourde [sic] may . lan mil . CCCC . iiiixx xviii.  | Woodcut printer's device on leaf a1 recto.  | The use of Le Mans (Cenomanensem) indicated by the letters ""ce"" in the lower margin of the first leaves of quires c-h.  | 14 large woodcuts, 29 small woodcuts (of which two repeated), multiple-piece woodcut ornamental and historiated border to each page.  | Shares the settings of a number of quires with other editions: see GW.  | Signatures:  a-h⁸ A-C⁸.  Only the first leaf of each gathering is signed (with letter).  | [Title page], with printer's device, a1r;  ""Almanach pour xxi. au."", i.e. 1488-1508, in Middle French, a1v;  [Zodiac man], with captions in Middle French, a2r;  [Calendarium], with 4 hexameters for each month in Middle French, a2v-a8r;  [Sequentiae evangeliorum], a8v-b3r;  ""Passio domini nostri iesu christi secundum Johannem."", b3v-b7v;  Horae Beatae Virginis Mariae, b8r-f1r; Septem psalmi poenitentiales, f1v-f6r;  Litaniae sanctorum, f6r-g2r;  Officium mortuorum, g2v-h8v;  Suffragia sanctorum, A1r-B6v;  [Orationes], in Latin with captions in Middle French, B6v-C1v;  Gregorius I, Pont. Max. [?]. Orationes sancti Gregorii, in Latin, with captions in Middle French, C1v-C2v;  ""Oraison tres deuote a dieu le pere"", incipit ""[M]On benoist dieu ie croy de cueur"", in Middle French, C2v-C3r;  [Litaniae lauretanae], caption ""Oratio dicenda die sabbati ad ho=norem intemerate dei genitricis virginis marie"", incipit ""[M]Jssus est gabriel angelus"", C3r-C6r;  [Orationes], caption ""De sororibus beate virginis marie"", incipit ""O nobile ternarium sanctaru[m] sororu[m] trium quibus nomen est Maria"", caption ""Oratio"", incipit ""[D]Eus qui beatas mariam iacobi et mariam salome genitricis tue ma=rie sorores"", C6r-v;  [Orationes], in Latin with captions in Middle French, caption ""Sensuiuent cinq belles oraisons q[ue] monseigneur saint iehan leuangeliste fist en lonneur de la vierge Marie"", incipit ""[O] Mediatrix omnium [et] fons viuus"", incipit ""[O] Auxiliatrix omniu[m]"", incipit ""[O] Separatrix [sic] debiliu[m]"", incipit ""[O] Illuminatrix peccatoru[m]"", incipit ""[O] Alleuiatrix p[eccatorum]"", C7r-C8v;  colophon, C8v.  | GW, 13213  | ISTC, ih00343200  | Oates, 3146  | On parchment.  | Illumination:  Initials in gold on grounds of red or blue, line-fillers in gold on grounds of red or blue, France, Paris [?], late 15th century.  | Accession number: 3749.  | [88] leaves : | Original item identifier in source database: 5247448",eng,,,,,,3,0,data/expanded/mei-corpus.json,2026-09-30T19:17:06.939389+00:00,https://data.cerl.org/mei/_search
00205573,00205573,https://data.cerl.org/mei/00205573,ih00343300,ih00343300,direct,OxfordBodley,"Oxford, Bodleian Library",Oxford Bodley,GB,,Douce 22.,Horae: ad usum Cenomanensem (Le Mans) [French and Latin],,"[Paris : Etienne Jehannot], for Jean Poitevin, 20 Feb. 1498/99",FR,frm,8°,liturgy,GW 13224 | GW 13225,Cl II 354 | Bod-inc H-153 | Sheppard 6497 | Pr 8366 | GW 13224 | GW 13225,BodInc-Id: H-153(1),,,,,"{""identifier"": ""tih00343300"", ""source"": ""uktextinc""}",,2,0,data/expanded/mei-corpus.json,2026-09-30T19:17:10.759570+00:00,https://data.cerl.org/mei/_search
00205574,00205574,https://data.cerl.org/mei/00205574,ih00343500,ih00343500,direct,OxfordBodley,"Oxford, Bodleian Library",Oxford Bodley,GB,,Douce 29.,Ordinarium sive Officium beatae Mariae virginis ad usum Cisterciensem,,"Paris : [Philippe Pigouchet] for Simon Vostre, [about 1500]",FR,lat,8°,liturgy,GW 13260,Boh(1924) II 93 | Pell Ms 8749 (8618) | Arnoult 1124 | IBE 4213 | Bod-inc H-154 | Sheppard 6324-25 | Pr 8190 | GW 13260,BodInc-Id: H-154(1),,,,,"{""identifier"": ""tih00343500"", ""source"": ""uktextinc""}",,3,0,data/expanded/mei-corpus.json,2026-09-30T19:17:18.664411+00:00,https://data.cerl.org/mei/_search
00211918,00211918,https://data.cerl.org/mei/00211918,ih00345450,ih00345450,direct,OxfordBodley,"Oxford, Bodleian Library",Oxford Bodley,GB,,8° Rawl. 1094.,Horae: ad usum Leodiensem (Liège) [French and Latin],,"Paris : Philippe Pigouchet, 12 Oct. 1500",FR,frm,8°,liturgy,GW 13243,H 8832 | Boh(1924) 139 = 140 | Bod-inc H-155 | Sheppard 6321-3 | Pr 8204 | GW 13243,BodInc-Id: H-155(1),,,,,"{""identifier"": ""tih00345450"", ""source"": ""uktextinc""}",,2,0,data/expanded/mei-corpus.json,2026-09-30T19:17:34.701887+00:00,https://data.cerl.org/mei/_search
00570256,00570256,https://data.cerl.org/mei/00570256,ih00348050,ih00348050,direct,ZurichZB,"Zürich, Zentralbibliothek",Zürich ZB,CH,ZB Alte Drucke,Rb 69,Horae: Orationale secundum ecclesiam Misnensem (Meissen),,"[Leipzig : Conrad Kachelofen, about 1495]",DE,lat,8°,liturgy,GW 12956,Günt(L) 1332 | GW 12956,"22 Z; Häbler Typ. 4.73G | Bl. 1, N8, aa8 und cc8 fehlen; Bl.C6 undC7 beschnitten",ger,,b | k,,,,3,0,data/expanded/mei-corpus.json,2026-09-23T13:30:22.286185+00:00,https://data.cerl.org/mei/_search
00560428,00560428,https://data.cerl.org/mei/00560428,ih00351000,ih00351000,direct,CambridgeUL,"Cambridge, University Library",Cambridge UL,GB,SSS,SSS.60.13,Horae: ad usum Parisiensem (Paris) [French and Latin],,"Paris : Philippe Pigouchet, in part for E., J. and G. de Marnef, 1 Dec. 1491",FR,frm,4°,liturgy,GW 13147,"Goff H351 | C 3063 | Boh(1924) 207 = 212 = 221 = 524 = 552 = 553 | Lacombe 24, 25, 307 | Cl II 17-19 | Pell Ms 5875 (5863) | CIBN H-202 | Arnoult 787 | Coq 259 | Hillard 1035 | Torchet 441 | Oates 3070 | Pr 8179 = 8181 | BMC VIII 114 | BSB-Ink H-338.050 | GW 13147","Title from caption on leaf a1 recto with metalcut device of Pigouchet.  | Imprints from colophon on leaf M4 recto, which reads in full: Les presentes heures a lusage de Paris furent acheuees le premier iour de decembre mil quatre centz quatre vingtz et vnze par Philippes pigouchet imprimeur demeurant en la rue de la harpe deuant saint cosme en lostel du colliege de dinuille. Qui en vouldra auoir il en trouuera audit lieu et deuant saint yues a lenseigne du pellican en la rue saint iaques.  | The device of the De Marnef brothers appears on f. 92v (i.e. M4 verso) in some copies: see GW 13147.  | Variant settings are noted in BM 15th cent., VIII, 114.  | 20 large metalcuts of Pigouchet's set 1 (see H. Wm. Davies, Catalogue of a collection of early French books in the library of C. Fairfax Murray, London, 1910, I, pp. 265-7 and 291), 33 small metalcuts, multiple-piece metalcut ornamental and historiated border to each page.  | Text in Latin, with captions in Middle French to the Zodiac man on leaf A2 verso and in the borders of leaves I7 recto - K4 verso, and captions and orations in the text on leaves L2v-L6v.  | Signatures:  A-L⁸ M⁴.  | [Title page], with printer's device, A1r;  ""Almanach pro viginti annis"", i.e. 1488-1508, A1v and A2r;  [Zodiac man], with captions in Middle French, A2v;  [Calendarium], with 4 hexameters for each month in Latin, A3r-A8v;  [Sequentiae evangeliorum], B1r-B3v;  ""Passio domini nostri iesu christi secundum Johannem."", B4r-B8v;  Horae Beatae Virginis Mariae, C1r-F5v, including the [Officium] de sancta Cruce, D6r-v, and the [Officium] Spiritus Sancti, D7r-v; Septem psalmi poenitentiales, F6r-G2v;  Litaniae sanctorum et orationes, G2v-G7r;  [Officium mortuorum], G7v-I6r;  [Suffragia sanctorum], I6v-L2v;  [Orationes], in Latin and Middle French, L2v-M1r;  Officium de conceptione Beatae Mariae Virginis, M1v-M3v;  colophon, M4r.  | BM 15th cent., VIII, 114  | BN cat. des incun., H-202  | Copinger, 3063  | Goff, H351  | GW, 13147  | ISTC, ih00351000  | Oates, 3070  | On parchment.  | Without the De Marnef brothers's device on leaf M4 verso.  | Illumination:  Initials and paragraph marks in gold on grounds of red or blue, line-fillers in gold on grounds of red, France, Paris [?], late 15th century.  | Accession number: 2576.  | [92] leaves : | Original item identifier in source database: 5247322",eng,,,,,,2,0,data/expanded/mei-corpus.json,2026-09-30T19:18:06.682393+00:00,https://data.cerl.org/mei/_search
00201212,00201212,https://data.cerl.org/mei/00201212,ih00351000,ih00351000,direct,MilanoTriv,"Milano, Archivio Storico Civico e Biblioteca Trivulziana","Milano, Archivio Storico Civico e Biblioteca Trivulziana",IT,,Rari Triv. H 1857,Horae: ad usum Parisiensem (Paris) [French and Latin],,"Paris : Philippe Pigouchet, in part for E., J. and G. de Marnef, 1 Dec. 1491",FR,frm,4°,liturgy,GW 13147,"Goff H351 | C 3063 | Boh(1924) 207 = 212 = 221 = 524 = 552 = 553 | Lacombe 24, 25, 307 | Cl II 17-19 | Pell Ms 5875 (5863) | CIBN H-202 | Arnoult 787 | Coq 259 | Hillard 1035 | Torchet 441 | Oates 3070 | Pr 8179 = 8181 | BMC VIII 114 | BSB-Ink H-338.050 | GW 13147",,ita,0,b,"Mutilo delle cc. A1, A2, E3, E6, F1, F3, F6, F8, I6, M4.",,,3,0,data/expanded/mei-corpus.json,2026-09-30T19:18:06.682393+00:00,https://data.cerl.org/mei/_search
02018713,02018713,https://data.cerl.org/mei/02018713,ih00351500,ih00351500,direct,EdinburghNLS,"Edinburgh, National Library of Scotland","Edinburgh, National Library of Scotland",GB,,Inc.273.5,Horae: ad usum Parisiensem (Paris) [French and Latin],,"[Paris : Philippe Pigouchet], for Toussaint de Montjay, 26 Sept. 1493",FR,frm,8°,liturgy,GW 13060,Pegg 83 | GW 13060,Created by Robert L. Betteridge,eng,0,a,,,,2,0,data/expanded/mei-corpus.json,2026-09-30T19:18:08.710144+00:00,https://data.cerl.org/mei/_search
02131208,02131208,https://data.cerl.org/mei/02131208,ih00352000,ih00352000,direct,WellCL,"Wellesley MA, Wellesley College, Margaret Clapp Library","Wellesley MA, Wellesley College, Margaret Clapp Library",US,,Inc H-352,Horae: ad usum Parisiensem (Paris) [French and Latin],,"[Paris] : Etienne Jehannot, [about 1497]",FR,frm,8°,liturgy,GW 13122,Goff H352 | Boh(1924) 222 | Cortlandt F. Bishop Sale Cat (1938) 1070  | GW 13122,Record created by John Lancaster; note on metalcuts/woodcuts by Lilian Armstrong.,eng,0,a,,,Metalcut borders on every page; for list of narrative woodcuts/metalcuts see GW13122.,7,0,data/expanded/mei-corpus.json,2026-09-30T19:18:10.724740+00:00,https://data.cerl.org/mei/_search
00211919,00211919,https://data.cerl.org/mei/00211919,ih00353500,ih00353500,direct,OxfordBodley,"Oxford, Bodleian Library",Oxford Bodley,GB,,8° Rawl. 1096.,Horae: ad usum Parisiensem (Paris) [French and Latin],,"[Paris : Etienne Jehannot], for Jean Poitevin, 15 May 1498",FR,frm,8°,liturgy,GW 13215,C 3097 | Boh(1924) 643 | Bod-inc H-157 | Sheppard 6493 | Pr 8363 | BMC VIII 196 | GW 13215,BodInc-Id: H-157(1),,,,,"{""identifier"": ""tih00353500"", ""source"": ""uktextinc""}",,2,0,data/expanded/mei-corpus.json,2026-09-30T19:18:26.710042+00:00,https://data.cerl.org/mei/_search
02134902,02134902,https://data.cerl.org/mei/02134902,ih00354400,ih00354400,direct,WroclawO,"Wrocław, Ossolineum","Wroclaw, Ossolineum",PL,,XV.14,Horae: ad usum Parisiensem (Paris) [French and Latin],,"Paris : Thielman Kerver, 9 Apr. 1499",FR,frm,8°,liturgy,GW 13100,C 3065 | Boh(1924) 240 | Librairie Sourget cat 10 (1993) no.8  | IBP 2854 | Pr 8382 | BMC VIII 215 | GW 13100,Created by Konrad Szymański.,eng,1,a,,,,4,0,data/expanded/mei-corpus.json,2026-09-30T19:18:30.737867+00:00,https://data.cerl.org/mei/_search
02177634,02177634,https://data.cerl.org/mei/02177634,ih00354400,ih00354400,direct,LondonBL,"London, British Library","London, British Library",GB,,IA.40956,Horae: ad usum Parisiensem (Paris) [French and Latin],,"Paris : Thielman Kerver, 9 Apr. 1499",FR,frm,8°,liturgy,GW 13100,C 3065 | Boh(1924) 240 | Librairie Sourget cat 10 (1993) no.8  | IBP 2854 | Pr 8382 | BMC VIII 215 | GW 13100,Created by John Goldfinch,eng,1,a | d | h,,,"A cut of Christ with the instruments of the Passion and one of the Names of the Virgin, found on separate leaves after leaves 7 and 124 respectively, are appropriate where they stand but appear to be inserted from another source.
At the beginning are two vellum leaves of manuscript prayers and at the end thirty-nine vellum leaves bearing 'les heures de la concepcion de la vierge marie' and other prayers to the Virgin in manuscript of c.1500, with illuminations. ",3,0,data/expanded/mei-corpus.json,2026-09-30T19:18:30.737867+00:00,https://data.cerl.org/mei/_search
02020083,02020083,https://data.cerl.org/mei/02020083,ih00354700,ih00354700,direct,OxfordBalliolCollege,"Oxford, Balliol College","Oxford, Balliol College",GB,,Arch. C. 12. 8,Horae: ad usum Parisiensem (Paris) [French and Latin],,"[Paris : Etienne Jehannot], for Jean Poitevin, [about 1499]",FR,frm,8°,liturgy,GW 13228,Lacombe 46 bis | Fernillot 313 | Rhodes(Oxford Colleges) 937 | GW 13228,"Created by Hannah Ryley, Sian Witherden, James Misson, Geri Della Rocca de Candal.",eng,1,a,,,There are extensive woodcuts and borders in this Parisian Book of Hours. ,4,0,data/expanded/mei-corpus.json,2026-09-30T19:18:32.689534+00:00,https://data.cerl.org/mei/_search
02128182,02128182,https://data.cerl.org/mei/02128182,ih00356000,ih00356000,direct,NewYorkGrolier,"New York NY, Grolier Club","New York NY, Grolier Club",US,,\*34.13\Pari\P633\1500‬,Horae: ad usum Parisiensem (Paris) [Latin and French],,"Paris : Philippe Pigouchet, for Simon Vostre, 25 Apr. 1500",FR,frm,8°,liturgy,GW 13085,Goff H356 | Boh(1924) 242 | SI 1961 | Coll(U) 1525 | Brunet V col 1584: 49 | GW 13085,Record created by John Lancaster.,eng,1,a,,,,6,0,data/expanded/mei-corpus.json,2026-09-30T19:18:36.846885+00:00,https://data.cerl.org/mei/_search
00560429,00560429,https://data.cerl.org/mei/00560429,ih00357100,ih00357100,direct,CambridgeUL,"Cambridge, University Library",Cambridge UL,GB,Inc.2-7,Inc.5.D.1.26[2581],Horae: ad usum Pictavensem (Poitiers) [French and Latin],,"Paris : Philippe Pigouchet, for Simon Vostre, 8 Aug. 1498",FR,frm,8°,liturgy,GW 13220,Boh(1924) 375a | Pell Ms 5884 (5871) | Oates 3075 | GW 13220,"In both recorded copies, quires b & c are supplied from a sixteenth-century edition (GW).  | GW, 13220  | Oates, 3075  | ISTC, ih00357100  | Includes text in French.  | [84] leaves : | Original item identifier in source database: 5314142",eng,,,,,,2,0,data/expanded/mei-corpus.json,2026-09-30T19:18:52.713518+00:00,https://data.cerl.org/mei/_search
00200522,00200522,https://data.cerl.org/mei/00200522,ih00357200,ih00357200,direct,RomaBibliotecaCorsiniana,"Roma, Biblioteca dell'Accademia Nazionale dei Lincei e Corsiniana ","Roma, Biblioteca Corsiniana",IT,,54.A.63,Horae: ad usum Romanum (Rome),,"[Rome] : Theobaldus Schencbecher, [about 1473]",IT,lat,16°,liturgy,GW 13351,HR 11983 | Boh(1924) Off. 23 | IGI 4813 | GW 13351,,eng,,,,,Calendar missing since at least the time of the present binding (XVIII century). Wanting the last leaf according to GW.,4,0,data/expanded/mei-corpus.json,2026-09-30T19:18:58.744135+00:00,https://data.cerl.org/mei/_search
02000020,02000020,https://data.cerl.org/mei/02000020,ih00357230,ih00357230,direct,VaticanoBAV,"Città del Vaticano, Biblioteca Apostolica Vaticana",Vaticano BAV,VA,,Inc. Ross. 984,Horae: ad usum Romanum (Rome),,"Venice : Nicolaus Jenson, 1474",IT,lat,16°,liturgy,GW 13355,H 11985 | Boh(1924) Off. 31 | IGI 4814 | Pr 4090 | BMC V 174 | GW 13355,"Created by Cristina Dondi and supplemented by Ana Calvo, based on Dondi's Printed Books of Hours from Fifteenth-Century Italy, 2016. ",eng,1,b,"Wanting [e1 - g2], the text being supplied in manuscript in imitation of printed text, in a round Gothic hand, brown ink. Many offsets of printing (Dondi, 2016). ",,,5,0,data/expanded/mei-corpus.json,2026-09-30T19:19:02.860035+00:00,https://data.cerl.org/mei/_search
02007622,02007622,https://data.cerl.org/mei/02007622,ih00357230,ih00357230,direct,PadovaSem,"Padova, Biblioteca del Seminario Vescovile",Padova Sem,IT,,Forc. M.4.32,Horae: ad usum Romanum (Rome),,"Venice : Nicolaus Jenson, 1474",IT,lat,16°,liturgy,GW 13355,H 11985 | Boh(1924) Off. 31 | IGI 4814 | Pr 4090 | BMC V 174 | GW 13355,"Created by G. Ballabio and supplemented with information from Dondi, Italian Books of Hours by Ana Calvo.",ita,1,b,"Wanting [n2-3] (ff. 98 and 99), and [A3-6] (ff. 187-190).",,,7,0,data/expanded/mei-corpus.json,2026-09-30T19:19:02.860035+00:00,https://data.cerl.org/mei/_search
02018734,02018734,https://data.cerl.org/mei/02018734,ih00357230,ih00357230,direct,MacerataC,"Macerata, Biblioteca Comunale Mozzi-Borgetti",Macerata C,IT,,No. 92,Horae: ad usum Romanum (Rome),,"Venice : Nicolaus Jenson, 1474",IT,lat,16°,liturgy,GW 13355,H 11985 | Boh(1924) Off. 31 | IGI 4814 | Pr 4090 | BMC V 174 | GW 13355,Created by Ilaria Giglio,eng,1,b,"Wants [c1], [n3], [n8], and the last leaf [A8] with colophon.",,,5,0,data/expanded/mei-corpus.json,2026-09-30T19:19:02.860035+00:00,https://data.cerl.org/mei/_search
02108409,02108409,https://data.cerl.org/mei/02108409,ih00357230,ih00357230,direct,MilanoTriv,"Milano, Archivio Storico Civico e Biblioteca Trivulziana","Milano, Archivio Storico Civico e Biblioteca Trivulziana",IT,,Triv. Inc. E 24,Horae: ad usum Romanum (Rome),,"Venice : Nicolaus Jenson, 1474",IT,lat,16°,liturgy,GW 13355,H 11985 | Boh(1924) Off. 31 | IGI 4814 | Pr 4090 | BMC V 174 | GW 13355,,ita,1,b,,,,4,0,data/expanded/mei-corpus.json,2026-09-30T19:19:02.860035+00:00,https://data.cerl.org/mei/_search
02000466,02000466,https://data.cerl.org/mei/02000466,ih00357230,ih00357230,direct,LondonBL,"London, British Library","London, British Library",GB,,IA. 19677,Horae: ad usum Romanum (Rome),,"Venice : Nicolaus Jenson, 1474",IT,lat,16°,liturgy,GW 13355,H 11985 | Boh(1924) Off. 31 | IGI 4814 | Pr 4090 | BMC V 174 | GW 13355,,eng,,,,,,4,0,data/expanded/mei-corpus.json,2026-09-30T19:19:02.860035+00:00,https://data.cerl.org/mei/_search
02002946,02002946,https://data.cerl.org/mei/02002946,ih00357230,ih00357230,direct,ManchesterJRL,"Manchester, University of Manchester, John Rylands Research Institute and Library","Manchester, University of Manchester, John Rylands Research Institute and Library",GB,,18497,Horae: ad usum Romanum (Rome),,"Venice : Nicolaus Jenson, 1474",IT,lat,16°,liturgy,GW 13355,H 11985 | Boh(1924) Off. 31 | IGI 4814 | Pr 4090 | BMC V 174 | GW 13355,"Created by C. Dondi and supplemented with information from Dondi, Printed Books of Hours from Fifteenth-century Italy, by Ana Calvo.",eng,,b | e,"Wanting [k1], [k8] bound at beginning of gathering [k], before [k2]. Leaf [A8] does not contain the colophon on the recto, after the end of the prayer; in its place the manuscript inscription of the first owner, see below.",,,9,0,data/expanded/mei-corpus.json,2026-09-30T19:19:02.860035+00:00,https://data.cerl.org/mei/_search
00200524,00200524,https://data.cerl.org/mei/00200524,ih00357250,ih00357250,direct,ManchesterJRL,"Manchester, University of Manchester, John Rylands Research Institute and Library","Manchester, University of Manchester, John Rylands Research Institute and Library",GB,,17393,Horae: ad usum Romanum (Rome),,"Venice : Nicolaus Jenson, 1475",IT,lat,32°,liturgy,GW 13358,Goff O32 | R 646 | Boh(1924) Off. 34 | IGI 4815 | GW 13358,,eng,,,,,,0,0,data/expanded/mei-corpus.json,2026-09-30T19:19:04.807307+00:00,https://data.cerl.org/mei/_search
00200525,00200525,https://data.cerl.org/mei/00200525,ih00357250,ih00357250,direct,NapoliN,"Napoli, Biblioteca nazionale Vittorio Emanuele III","Napoli, Biblioteca Nazionale",IT,,S. Q. II. A. 23,Horae: ad usum Romanum (Rome),,"Venice : Nicolaus Jenson, 1475",IT,lat,32°,liturgy,GW 13358,Goff O32 | R 646 | Boh(1924) Off. 34 | IGI 4815 | GW 13358,,eng,,,,,,0,0,data/expanded/mei-corpus.json,2026-09-30T19:19:04.807307+00:00,https://data.cerl.org/mei/_search
02003507,02003507,https://data.cerl.org/mei/02003507,ih00357250,ih00357250,direct,TorinoN,"Torino, Biblioteca Nazionale Universitaria",Torino N,IT,,XV. IV 116,Horae: ad usum Romanum (Rome),,"Venice : Nicolaus Jenson, 1475",IT,lat,32°,liturgy,GW 13358,Goff O32 | R 646 | Boh(1924) Off. 34 | IGI 4815 | GW 13358,,eng,,,,,,2,0,data/expanded/mei-corpus.json,2026-09-30T19:19:04.807307+00:00,https://data.cerl.org/mei/_search
02003132,02003132,https://data.cerl.org/mei/02003132,ih00357250,ih00357250,direct,MilanoTriv,"Milano, Archivio Storico Civico e Biblioteca Trivulziana","Milano, Archivio Storico Civico e Biblioteca Trivulziana",IT,,Inc. E 24,Horae: ad usum Romanum (Rome),,"Venice : Nicolaus Jenson, 1475",IT,lat,32°,liturgy,GW 13358,Goff O32 | R 646 | Boh(1924) Off. 34 | IGI 4815 | GW 13358,,eng,,,,,,1,0,data/expanded/mei-corpus.json,2026-09-30T19:19:04.807307+00:00,https://data.cerl.org/mei/_search
02003305,02003305,https://data.cerl.org/mei/02003305,ih00357250,ih00357250,direct,NewYorkGrolier,"New York NY, Grolier Club","New York NY, Grolier Club",US,,\*34.15\Veni\J54\1475,Horae: ad usum Romanum (Rome),,"Venice : Nicolaus Jenson, 1475",IT,lat,32°,liturgy,GW 13358,Goff O32 | R 646 | Boh(1924) Off. 34 | IGI 4815 | GW 13358,Record created by Cristina Dondi; revised by John Lancaster.,eng,1,b,Lacks leaf z6.,,,6,0,data/expanded/mei-corpus.json,2026-09-30T19:19:04.807307+00:00,https://data.cerl.org/mei/_search
00200523,00200523,https://data.cerl.org/mei/00200523,ih00357250,ih00357250,direct,GenovaC,"Genova, Biblioteca Civica Berio",Genova C,IT,,m.r.XI.3.1,Horae: ad usum Romanum (Rome),,"Venice : Nicolaus Jenson, 1475",IT,lat,32°,liturgy,GW 13358,Goff O32 | R 646 | Boh(1924) Off. 34 | IGI 4815 | GW 13358,,eng,,,,,,0,0,data/expanded/mei-corpus.json,2026-09-30T19:19:04.807307+00:00,https://data.cerl.org/mei/_search
00200526,00200526,https://data.cerl.org/mei/00200526,ih00357260,ih00357260,direct,VaticanoBAV,"Città del Vaticano, Biblioteca Apostolica Vaticana",Vaticano BAV,VA,,Inc. Ross. 986,Horae: ad usum Romanum (Rome),,"[Venice : Nicolaus Jenson, about 1475]",IT,lat,16°,liturgy,GW 13356,H 11978? | Boh(1924) Off. 1? | Michelini Tocci 12 | BSB-Ink H-334 | GW 13356,,eng,,,,,,0,0,data/expanded/mei-corpus.json,2026-09-30T19:19:06.714437+00:00,https://data.cerl.org/mei/_search
02003758,02003758,https://data.cerl.org/mei/02003758,ih00357260,ih00357260,direct,MunchenBSB,"München, Bayerische Staatsbibliothek",München BSB,DE,,Rar. 343,Horae: ad usum Romanum (Rome),,"[Venice : Nicolaus Jenson, about 1475]",IT,lat,16°,liturgy,GW 13356,H 11978? | Boh(1924) Off. 1? | Michelini Tocci 12 | BSB-Ink H-334 | GW 13356,,eng,,,,,,6,0,data/expanded/mei-corpus.json,2026-09-30T19:19:06.714437+00:00,https://data.cerl.org/mei/_search
00200529,00200529,https://data.cerl.org/mei/00200529,ih00357270,ih00357270,direct,VeronaC,"Verona, Biblioteca Civica",Verona C,IT,,Inc. 1,Horae: ad usum Romanum (Rome),,"[Venice] : Nicolaus Jenson, [about 1475]",IT,lat,16°,liturgy,GW 13357,"HR 11980 | Boh(1924) Off. 27, 29 | Lacombe 553, 554 | Pell Ms 8668 (8543) | CIBN H-206 | IGI 4816 | GW 13357",,eng,,,,,,0,0,data/expanded/mei-corpus.json,2026-09-30T19:19:08.909989+00:00,https://data.cerl.org/mei/_search
00200528,00200528,https://data.cerl.org/mei/00200528,ih00357270,ih00357270,direct,ParisBN,"Paris, Bibliothèque nationale de France","Paris, BnF",FR,,Rés. Vélins 1478,Horae: ad usum Romanum (Rome),,"[Venice] : Nicolaus Jenson, [about 1475]",IT,lat,16°,liturgy,GW 13357,"HR 11980 | Boh(1924) Off. 27, 29 | Lacombe 553, 554 | Pell Ms 8668 (8543) | CIBN H-206 | IGI 4816 | GW 13357","Created by Cristina Dondi and supplemented with information from Dondi's Printed Books of Hours from Fifteenth-century Italy, 2016 by Ana Calvo.",eng,,a,,,,5,0,data/expanded/mei-corpus.json,2026-09-30T19:19:08.909989+00:00,https://data.cerl.org/mei/_search
00200527,00200527,https://data.cerl.org/mei/00200527,ih00357270,ih00357270,direct,ParisBN,"Paris, Bibliothèque nationale de France","Paris, BnF",FR,,Rés. Vélins 1477,Horae: ad usum Romanum (Rome),,"[Venice] : Nicolaus Jenson, [about 1475]",IT,lat,16°,liturgy,GW 13357,"HR 11980 | Boh(1924) Off. 27, 29 | Lacombe 553, 554 | Pell Ms 8668 (8543) | CIBN H-206 | IGI 4816 | GW 13357",Created by Cristina Dondi and supplemented with information from Dondi's Printed Books of Hours from Fifteenth-century Italy (2016) by Ana Calvo. ,eng,,b,Early manuscript signatures in brown ink. ,,"Wanting gatherings [a, b] and [q]. [c]4 and [c]5 bound within gathering [p]; the order of the gathering is the following: [c, i-p, r, d-h, t, s, u-y]. ",2,0,data/expanded/mei-corpus.json,2026-09-30T19:19:08.909989+00:00,https://data.cerl.org/mei/_search
02124407,02124407,https://data.cerl.org/mei/02124407,ih00357270,ih00357270,direct,VeneziaC,"Venezia, Biblioteca del Museo Correr",Venezia C,IT,,Inc. M 001,Horae: ad usum Romanum (Rome),,"[Venice] : Nicolaus Jenson, [about 1475]",IT,lat,16°,liturgy,GW 13357,"HR 11980 | Boh(1924) Off. 27, 29 | Lacombe 553, 554 | Pell Ms 8668 (8543) | CIBN H-206 | IGI 4816 | GW 13357",Creato da Carlo Squarzon,ita,1,a | b,Esemplare mutilo delle carte: c1 e del bifolio y4.5 sostituiti entrambi da carte stampate ex novo da Cicogna.,"{""identifier"": ""VEAE145198"", ""source"": ""itsbn""}",,4,0,data/expanded/mei-corpus.json,2026-09-30T19:19:08.909989+00:00,https://data.cerl.org/mei/_search
00200530,00200530,https://data.cerl.org/mei/00200530,ih00357290,ih00357290,direct,SanMarinoHun,"San Marino CA, Huntington Library","San Marino CA, Huntington Library",US,,101430,Horae: ad usum Romanum (Rome),,"[Ferrara : Andreas Belfortis, Gallus, about 1475]",IT,lat,8°,liturgy,GW 13329,Goff O33 | Hunt 3374 | GW 13329,"Record created by John Lancaster, from Dondi and book in hand.",eng,1,b | h,,,"The calendar is probably missing. Gathering [f] is supplied in contemporary manuscript, with initials in blue with reserved-white decoration on a square ground made of red penwork.",7,0,data/expanded/mei-corpus.json,2026-09-30T19:19:10.725697+00:00,https://data.cerl.org/mei/_search
00200532,00200532,https://data.cerl.org/mei/00200532,ih00357295,ih00357295,direct,ManchesterJRL,"Manchester, University of Manchester, John Rylands Research Institute and Library","Manchester, University of Manchester, John Rylands Research Institute and Library",GB,,20964,Horae: ad usum Romanum (Rome),,"Naples : Mathias Moravus, 11 June 1476",IT,lat,16°,liturgy,GW 13335,H 11986 | Fav e Bres 114 | Boh(1924) Off. 35 | GW 13335,,eng,,,,,,0,0,data/expanded/mei-corpus.json,2026-09-30T19:19:12.693667+00:00,https://data.cerl.org/mei/_search
00200534,00200534,https://data.cerl.org/mei/00200534,ih00357297,ih00357297,direct,StrangnasDomkyrkobibliotek,"Strängnäs, Domkyrkobibliotek",Strangnas Domkyrkobibliotek,SE,,U. 575,Horae: ad usum Romanum (Rome),,"Naples : Conradus Guldenmund, 1477",IT,lat,8°,liturgy,GW 13336,"I. Collijn, in La Bibliofilia 27 (1925/26) pp.333-37  | SI 1966 | GW 13336",,eng,,,,,,0,0,data/expanded/mei-corpus.json,2026-09-30T19:19:14.725801+00:00,https://data.cerl.org/mei/_search
00200537,00200537,https://data.cerl.org/mei/00200537,ih00357300,ih00357300,direct,ParisBN,"Paris, Bibliothèque nationale de France","Paris, BnF",FR,,Rés. Vélins 1468,Horae: ad usum Romanum (Rome),,"Venice : Andreas de Paltasichis, 20 Apr. 1478",IT,lat,16°,liturgy,GW 13359,"HC 6288 = 8843? | TFS 1901q | Boh(1924) 473 = Off. 36 | Lacombe 557, 558 | Pell Ms 8671 (8546) | CIBN H-207 | IGI VI 4816-A | Oates 1772 | GW 13359",,eng,,,,,,0,0,data/expanded/mei-corpus.json,2026-09-30T19:19:18.848406+00:00,https://data.cerl.org/mei/_search
00200538,00200538,https://data.cerl.org/mei/00200538,ih00357300,ih00357300,direct,VeneziaC,"Venezia, Biblioteca del Museo Correr",Venezia C,IT,,M 9 Inc.,Horae: ad usum Romanum (Rome),,"Venice : Andreas de Paltasichis, 20 Apr. 1478",IT,lat,16°,liturgy,GW 13359,"HC 6288 = 8843? | TFS 1901q | Boh(1924) 473 = Off. 36 | Lacombe 557, 558 | Pell Ms 8671 (8546) | CIBN H-207 | IGI VI 4816-A | Oates 1772 | GW 13359",,eng,,,,,,0,0,data/expanded/mei-corpus.json,2026-09-30T19:19:18.848406+00:00,https://data.cerl.org/mei/_search
00200536,00200536,https://data.cerl.org/mei/00200536,ih00357300,ih00357300,direct,ParisBN,"Paris, Bibliothèque nationale de France","Paris, BnF",FR,,Rés. Vélins 1467,Horae: ad usum Romanum (Rome),,"Venice : Andreas de Paltasichis, 20 Apr. 1478",IT,lat,16°,liturgy,GW 13359,"HC 6288 = 8843? | TFS 1901q | Boh(1924) 473 = Off. 36 | Lacombe 557, 558 | Pell Ms 8671 (8546) | CIBN H-207 | IGI VI 4816-A | Oates 1772 | GW 13359",,eng,,,,,,0,0,data/expanded/mei-corpus.json,2026-09-30T19:19:18.848406+00:00,https://data.cerl.org/mei/_search
02124443,02124443,https://data.cerl.org/mei/02124443,ih00357300,ih00357300,direct,VeneziaC,"Venezia, Biblioteca del Museo Correr",Venezia C,IT,,Inc. M 009,Horae: ad usum Romanum (Rome),,"Venice : Andreas de Paltasichis, 20 Apr. 1478",IT,lat,16°,liturgy,GW 13359,"HC 6288 = 8843? | TFS 1901q | Boh(1924) 473 = Off. 36 | Lacombe 557, 558 | Pell Ms 8671 (8546) | CIBN H-207 | IGI VI 4816-A | Oates 1772 | GW 13359",Creato da  Carlo Squarzon,ita,1,b,"Carte in pergamena. Esemplare mutilo: i primi due fascicoli sono privi di 10 carte (quasi sicuramente privo del primo fascicolo e molto probabilmente del bifolio [b]1.8 del secondo), di carta r6 (al posto della carta mancante Cicogna inserisce una carta bianca) e delle ultime due carte; il margine superiore esterno di alcune carte della seconda parte del volume risulta rovinato o mancante.","{""identifier"": ""VEAE145242"", ""source"": ""itsbn""}",,3,0,data/expanded/mei-corpus.json,2026-09-30T19:19:18.848406+00:00,https://data.cerl.org/mei/_search
00560430,00560430,https://data.cerl.org/mei/00560430,ih00357300,ih00357300,direct,CambridgeUL,"Cambridge, University Library",Cambridge UL,GB,Inc.2-7,Inc.7.B.3.27[1476],Horae: ad usum Romanum (Rome),,"Venice : Andreas de Paltasichis, 20 Apr. 1478",IT,lat,16°,liturgy,GW 13359,"HC 6288 = 8843? | TFS 1901q | Boh(1924) 473 = Off. 36 | Lacombe 557, 558 | Pell Ms 8671 (8546) | CIBN H-207 | IGI VI 4816-A | Oates 1772 | GW 13359","Incipit from caption in red on leaf [c1] recto.  | Imprints from colophon on leaf [A8] recto which reads in full:  Explicit officia b[ea]te marie virginis mortuor[um]. crucis & spiritus sancti : nec no[n] & septe[m] psal[mi]. pe[cu]n[ia] impressi p[er] Andrea[m] d[e] palthascichijs cathare[n]sem. die .xx. april[is]. An[n]o d[omi]ni .M.cccc.lxxviij.  | Printed in red and black.  | Spaces left blank for initials.  | Signatures:  [a-z⁸ A⁸]  | [Calendarium], [a1]r-[b8]v;  Horae Beatae Virginis Mariae, [c1]r-[m6]v;  Introitus ad missam Beatae Mariae Virginis, [m7]r-[n2]v;  Septem psalmi poenitentiales, [n3]r-[o8]r;  Litaniae sanctorum et orationes, [o8]v-[q8]v;  Officium mortuorum, [r1]r-[z5]v;  Officium Sanctae  Crucis, [z6]r-[A2]v;  Officium Spiritus Sancti, [A3]r-[A8]r.  | BN cat. des incun. H-207  | Hain-Copinger, 6288 = 8843?  | GW, 13359  | IGI, VI, 4816-A  | ISTC, ih00357300  | Oates, 1772  | On parchment.  | Text of printed incipits erased from leaves [d6] verso, [f4] verso, [g1] verso, [g5] verso, [h1]r-v, [h5]r-v, and [i5]v, and seven leaves added to the book, providing the beginning of Laudes, Prima, Tertia, Sexta, Nona, Vesperae, and Completorium in manuscript as follows: [d6*: <Ad laudes> [D]Eus in adiutorium meum intende], [f4*: Ad p[ri]ma[m]. [D]Eus in adiutorium meum inte[n]de], [g1*: Ad tertia[m]. [D]Eus in adiutorium meum inte[n]de], [g5*: Ad sexta[m]. [D]Eus in adiutorium meum inte[n]de], [h1*: Ad nona[m]. [D]Eus in adiutorium meum intende], [h5*: Ad v[es]p[er]as. [D]Eus in adiutorium meum intende] and [i5*: Ad completorium [?]. Converte nos Deus salutaris noster].  The manuscript texts are copied in formal Gothic hand, Italy, probably Venice, late 1470s-1480s.  | Illumination and decoration:  Large initials in red with white tracery decoration, set against grounds of gold with foliate decoration in red and blue highlighted in white, and full borders with foliate decoration in blue, red, green and gold, at beginning of offices;  initials in gold set against grounds of purple and/or blue with white tracery decoration;  initials in blue or gold with penwork decoration in contrasting red or blue, sometimes extending into the margins;  bounding lines and horizontal ruling in light purple;  all supplied by hand, France, late 1470s-1480s.  | Wanting leaves [m7]-[m8] and [n1]-[n2], i.e. Introitus ad missam Beatae Mariae Virginis, and leaf [A3].  | Conjoint leaves [e4] and [e5] misbound respectively after [e1] and [e7].  | [192 + 7] leaves ; | Original item identifier in source database: 5320460",eng,,,,,,2,0,data/expanded/mei-corpus.json,2026-09-30T19:19:18.848406+00:00,https://data.cerl.org/mei/_search
02018770,02018770,https://data.cerl.org/mei/02018770,ih00357300,ih00357300,direct,CambridgeUL,"Cambridge, University Library",Cambridge UL,GB,,Inc. 7. B. 3. 27 [1476],Horae: ad usum Romanum (Rome),,"Venice : Andreas de Paltasichis, 20 Apr. 1478",IT,lat,16°,liturgy,GW 13359,"HC 6288 = 8843? | TFS 1901q | Boh(1924) 473 = Off. 36 | Lacombe 557, 558 | Pell Ms 8671 (8546) | CIBN H-207 | IGI VI 4816-A | Oates 1772 | GW 13359",Created by Ilaria Giglio,eng,1,b | h,"Wanting [m7-8], [n1-2] and [A3]; conjoint leaves [e4] and [e5] misbound respectively after [e1] and [e7].",,,5,0,data/expanded/mei-corpus.json,2026-09-30T19:19:18.848406+00:00,https://data.cerl.org/mei/_search
00200539,00200539,https://data.cerl.org/mei/00200539,ih00357340,ih00357340,direct,BaltimoreMDWalters,"Baltimore MD, The Walters Art Museum Library","Baltimore MD, Walters Art Gallery",US,,91.880,Horae: ad usum Romanum (Rome),,"[Venice : Christophorus Arnoldus], 13 June 1478",IT,lat,16°,liturgy,GW 13360,Goff O34 | [Not H]R 11987  | Boh(1924) Off. 37 | GW 13360,,eng,,,,,,0,0,data/expanded/mei-corpus.json,2026-09-23T13:28:03.353015+00:00,https://data.cerl.org/mei/_search
00201166,00201166,https://data.cerl.org/mei/00201166,ih00357340,ih00357340,direct,HistCopy,Historical Copy,Historical Copy,,,Vienna,Horae: ad usum Romanum (Rome),,"[Venice : Christophorus Arnoldus], 13 June 1478",IT,lat,16°,liturgy,GW 13360,Goff O34 | [Not H]R 11987  | Boh(1924) Off. 37 | GW 13360,,eng,,,,,,1,0,data/expanded/mei-corpus.json,2026-09-23T13:28:03.353015+00:00,https://data.cerl.org/mei/_search
00200533,00200533,https://data.cerl.org/mei/00200533,ih00357350,ih00357350,direct,LondonCDondi,"London, C. Dondi","London, C. Dondi",GB,,(no shelfmark),Horae. Officium BMV secundum usum Romanum [Latin],,"Naples : Mathias Moravus, [18?] Nov. 14[76-77]",,lat,16°,liturgy,GW 1333510,GW 1333510,,eng,,h,,,"Wanting gathering [a] containing the calendar, [b1] the opening of the office BMV, the text supplied in Giuliano Rossi's hand (1706), [m1] the opening of the office of the dead, and [m8] its conjugate. The colophon has been partly erased.",6,0,data/expanded/mei-corpus.json,2026-09-23T13:33:06.963724+00:00,https://data.cerl.org/mei/_search
02003957,02003957,https://data.cerl.org/mei/02003957,ih00357360,ih00357360,direct,BolognaU,"Bologna, Biblioteca Universitaria",BUB,IT,,A. V. B. VIII. 47,Horae: ad usum Romanum (Rome),,"Naples : Mathias Moravus, 10 Nov. 1478",IT,lat,8°,liturgy,GW 13337,Goff O35 | H 11987 | Fav e Bres 121 | Boh(1924) 440 = Off. 28 = 38 | Lacombe 555 | Pell Ms 8670 (8545) | CIBN H-208 | IGI 4817 | Rosenwald(1977) 226 | Bod-inc H-159 | Sheppard 5436 | Pr 3920 | GW 13337,,eng,1,,,,,3,0,data/expanded/mei-corpus.json,2026-09-23T13:28:11.281683+00:00,https://data.cerl.org/mei/_search
00201167,00201167,https://data.cerl.org/mei/00201167,ih00357360,ih00357360,direct,HistCopy,Historical Copy,Historical Copy,,,Rome,Horae: ad usum Romanum (Rome),,"Naples : Mathias Moravus, 10 Nov. 1478",IT,lat,8°,liturgy,GW 13337,Goff O35 | H 11987 | Fav e Bres 121 | Boh(1924) 440 = Off. 28 = 38 | Lacombe 555 | Pell Ms 8670 (8545) | CIBN H-208 | IGI 4817 | Rosenwald(1977) 226 | Bod-inc H-159 | Sheppard 5436 | Pr 3920 | GW 13337,,eng,,,,,,1,0,data/expanded/mei-corpus.json,2026-09-23T13:28:11.281683+00:00,https://data.cerl.org/mei/_search
02003991,02003991,https://data.cerl.org/mei/02003991,ih00357360,ih00357360,direct,NapoliN,"Napoli, Biblioteca nazionale Vittorio Emanuele III","Napoli, Biblioteca Nazionale",IT,,S. Q. XXIII. A. 44,Horae: ad usum Romanum (Rome),,"Naples : Mathias Moravus, 10 Nov. 1478",IT,lat,8°,liturgy,GW 13337,Goff O35 | H 11987 | Fav e Bres 121 | Boh(1924) 440 = Off. 28 = 38 | Lacombe 555 | Pell Ms 8670 (8545) | CIBN H-208 | IGI 4817 | Rosenwald(1977) 226 | Bod-inc H-159 | Sheppard 5436 | Pr 3920 | GW 13337,,eng,1,,,,Wanting the calendar.,4,0,data/expanded/mei-corpus.json,2026-09-23T13:28:11.281683+00:00,https://data.cerl.org/mei/_search
02003992,02003992,https://data.cerl.org/mei/02003992,ih00357360,ih00357360,direct,NewYorkNYPierpontMorganLibrary,"New York NY, The Morgan Library and Museum","New York NY, The Morgan Library and Museum",US,,"CheckList 1229, Accession no. 19008",Horae: ad usum Romanum (Rome),,"Naples : Mathias Moravus, 10 Nov. 1478",IT,lat,8°,liturgy,GW 13337,Goff O35 | H 11987 | Fav e Bres 121 | Boh(1924) 440 = Off. 28 = 38 | Lacombe 555 | Pell Ms 8670 (8545) | CIBN H-208 | IGI 4817 | Rosenwald(1977) 226 | Bod-inc H-159 | Sheppard 5436 | Pr 3920 | GW 13337,,eng,1,,,,Wanting last leaf with colophon.,8,0,data/expanded/mei-corpus.json,2026-09-23T13:28:11.281683+00:00,https://data.cerl.org/mei/_search
02003958,02003958,https://data.cerl.org/mei/02003958,ih00357360,ih00357360,direct,FirenzeRicc,Firenze Biblioteca Riccardiana,Firenze Ricc,IT,,331,Horae: ad usum Romanum (Rome),,"Naples : Mathias Moravus, 10 Nov. 1478",IT,lat,8°,liturgy,GW 13337,Goff O35 | H 11987 | Fav e Bres 121 | Boh(1924) 440 = Off. 28 = 38 | Lacombe 555 | Pell Ms 8670 (8545) | CIBN H-208 | IGI 4817 | Rosenwald(1977) 226 | Bod-inc H-159 | Sheppard 5436 | Pr 3920 | GW 13337,,eng,1,,,"{""identifier"": 4817, ""source"": ""itigi""}",Wanting the calendar.,3,0,data/expanded/mei-corpus.json,2026-09-23T13:28:11.281683+00:00,https://data.cerl.org/mei/_search
02004013,02004013,https://data.cerl.org/mei/02004013,ih00357360,ih00357360,direct,WashingtonLoC,"Washington DC, Library of Congress, Rare Book Division, Lessing J. Rosenwald Collection","Washington DC, Library of Congress, Rare Book Division, Lessing J. Rosenwald Collection",US,,Incun. 1478.C3,Horae: ad usum Romanum (Rome),,"Naples : Mathias Moravus, 10 Nov. 1478",IT,lat,8°,liturgy,GW 13337,Goff O35 | H 11987 | Fav e Bres 121 | Boh(1924) 440 = Off. 28 = 38 | Lacombe 555 | Pell Ms 8670 (8545) | CIBN H-208 | IGI 4817 | Rosenwald(1977) 226 | Bod-inc H-159 | Sheppard 5436 | Pr 3920 | GW 13337,,eng,1,,,,,5,0,data/expanded/mei-corpus.json,2026-09-23T13:28:11.281683+00:00,https://data.cerl.org/mei/_search
02004011,02004011,https://data.cerl.org/mei/02004011,ih00357360,ih00357360,direct,OxfordBodley,"Oxford, Bodleian Library",Oxford Bodley,GB,,Arch. B f.43,Horae: ad usum Romanum (Rome),,"Naples : Mathias Moravus, 10 Nov. 1478",IT,lat,8°,liturgy,GW 13337,Goff O35 | H 11987 | Fav e Bres 121 | Boh(1924) 440 = Off. 28 = 38 | Lacombe 555 | Pell Ms 8670 (8545) | CIBN H-208 | IGI 4817 | Rosenwald(1977) 226 | Bod-inc H-159 | Sheppard 5436 | Pr 3920 | GW 13337,,eng,1,,,"{""source"": ""debsb""}","Wanting the opening of the officium BMV, and the colophon",3,0,data/expanded/mei-corpus.json,2026-09-23T13:28:11.281683+00:00,https://data.cerl.org/mei/_search
02003961,02003961,https://data.cerl.org/mei/02003961,ih00357360,ih00357360,direct,MilanoN,"Milano, Biblioteca Nazionale Braidense",Milano N,IT,,B. G. Inc. 80,Horae: ad usum Romanum (Rome),,"Naples : Mathias Moravus, 10 Nov. 1478",IT,lat,8°,liturgy,GW 13337,Goff O35 | H 11987 | Fav e Bres 121 | Boh(1924) 440 = Off. 28 = 38 | Lacombe 555 | Pell Ms 8670 (8545) | CIBN H-208 | IGI 4817 | Rosenwald(1977) 226 | Bod-inc H-159 | Sheppard 5436 | Pr 3920 | GW 13337,,eng,1,,,,,6,0,data/expanded/mei-corpus.json,2026-09-23T13:28:11.281683+00:00,https://data.cerl.org/mei/_search
02003959,02003959,https://data.cerl.org/mei/02003959,ih00357360,ih00357360,direct,ManchesterJRL,"Manchester, University of Manchester, John Rylands Research Institute and Library","Manchester, University of Manchester, John Rylands Research Institute and Library",GB,,18498.1,Horae: ad usum Romanum (Rome),,"Naples : Mathias Moravus, 10 Nov. 1478",IT,lat,8°,liturgy,GW 13337,Goff O35 | H 11987 | Fav e Bres 121 | Boh(1924) 440 = Off. 28 = 38 | Lacombe 555 | Pell Ms 8670 (8545) | CIBN H-208 | IGI 4817 | Rosenwald(1977) 226 | Bod-inc H-159 | Sheppard 5436 | Pr 3920 | GW 13337,,eng,1,,,,,4,0,data/expanded/mei-corpus.json,2026-09-23T13:28:11.281683+00:00,https://data.cerl.org/mei/_search
02003960,02003960,https://data.cerl.org/mei/02003960,ih00357360,ih00357360,direct,ManchesterJRL,"Manchester, University of Manchester, John Rylands Research Institute and Library","Manchester, University of Manchester, John Rylands Research Institute and Library",GB,,18498.2,Horae: ad usum Romanum (Rome),,"Naples : Mathias Moravus, 10 Nov. 1478",IT,lat,8°,liturgy,GW 13337,Goff O35 | H 11987 | Fav e Bres 121 | Boh(1924) 440 = Off. 28 = 38 | Lacombe 555 | Pell Ms 8670 (8545) | CIBN H-208 | IGI 4817 | Rosenwald(1977) 226 | Bod-inc H-159 | Sheppard 5436 | Pr 3920 | GW 13337,,eng,1,,,,"Wanting the first gathering and the colophon leaf, the missing parts supplied in manuscript on parchment. [b1r] much damaged.",5,0,data/expanded/mei-corpus.json,2026-09-23T13:28:11.281683+00:00,https://data.cerl.org/mei/_search
00201576,00201576,https://data.cerl.org/mei/00201576,ih00357360,ih00357360,direct,TradeCopy,Trade Copy,Trade Copy,,,"Kiefer, Pforzheim, 25-27 Sept. 2024, lot 135-352",Horae: ad usum Romanum (Rome),,"Naples : Mathias Moravus, 10 Nov. 1478",IT,lat,8°,liturgy,GW 13337,Goff O35 | H 11987 | Fav e Bres 121 | Boh(1924) 440 = Off. 28 = 38 | Lacombe 555 | Pell Ms 8670 (8545) | CIBN H-208 | IGI 4817 | Rosenwald(1977) 226 | Bod-inc H-159 | Sheppard 5436 | Pr 3920 | GW 13337,,eng,1,b | h,,,,4,0,data/expanded/mei-corpus.json,2026-09-23T13:28:11.281683+00:00,https://data.cerl.org/mei/_search
02004012,02004012,https://data.cerl.org/mei/02004012,ih00357360,ih00357360,direct,ParisBN,"Paris, Bibliothèque nationale de France","Paris, BnF",FR,,Res. Velins 1479,Horae: ad usum Romanum (Rome),,"Naples : Mathias Moravus, 10 Nov. 1478",IT,lat,8°,liturgy,GW 13337,Goff O35 | H 11987 | Fav e Bres 121 | Boh(1924) 440 = Off. 28 = 38 | Lacombe 555 | Pell Ms 8670 (8545) | CIBN H-208 | IGI 4817 | Rosenwald(1977) 226 | Bod-inc H-159 | Sheppard 5436 | Pr 3920 | GW 13337,,eng,1,,,,Wanting the colophon ,4,0,data/expanded/mei-corpus.json,2026-09-23T13:28:11.281683+00:00,https://data.cerl.org/mei/_search
00201995,00201995,https://data.cerl.org/mei/00201995,ih00357370,ih00357370,direct,LjubljanaNUK,"Ljubljana, Narodna in univerzitetna knjižnica",Ljubljana NUK,SI,,1761 I P C.,Horae. Officium BMV secundum usum Romanum [Latin],,"[Venice : Johannes Hamman, before 1500]",,lat,32°,liturgy,GW 1338820N,Gspan-Badalić 805 | GW 1338820N,,eng,,b,,,"Leaf z4r only. This fragment is inserted between folios 23 and 24 of: Franciscus Philelphus, Mediolanensia convivio duo, [Milan: Simon Magniagus, 1483-1484]. 4o; GW M32948; ISTC ip00605000; GSPAN – BADALIĆ no. 552.",4,0,data/expanded/mei-corpus.json,2026-09-23T13:32:41.880076+00:00,https://data.cerl.org/mei/_search
00200563,00200563,https://data.cerl.org/mei/00200563,ih00357450,ih00357450,direct,VeneziaC,"Venezia, Biblioteca del Museo Correr",Venezia C,IT,,I 10 Inc.,Horae: ad usum Romanum (Rome),,"[Florence : Francesco di Dino, about 1487]",IT,lat,8°,liturgy,GW 13332,R 1585 | Boh(1924) Off. 12 | IGI 4818 | GW 13332,,eng,,,,,,0,0,data/expanded/mei-corpus.json,2026-09-30T19:19:22.744961+00:00,https://data.cerl.org/mei/_search
02123970,02123970,https://data.cerl.org/mei/02123970,ih00357450,ih00357450,direct,VeneziaC,"Venezia, Biblioteca del Museo Correr",Venezia C,IT,,Inc. I 010,Horae: ad usum Romanum (Rome),,"[Florence : Francesco di Dino, about 1487]",IT,lat,8°,liturgy,GW 13332,R 1585 | Boh(1924) Off. 12 | IGI 4818 | GW 13332,Creato da  Carlo Squarzon,ita,1,b,"Carte in pergamena; privo della carta [m8] sostituita da un bifolio, numerato a matita '85-86', fatto stampare ex-novo da Cicogna; le miniature alle carte numerate '13' e '86' sono ritagliate da altro esemplare e successivamente incollate. Il bifolio che sostituisce la carta mancante [m8] staccato dalla legatura. ","{""identifier"": ""VEAE145192"", ""source"": ""itsbn""}",,3,0,data/expanded/mei-corpus.json,2026-09-30T19:19:22.744961+00:00,https://data.cerl.org/mei/_search
00560431,00560431,https://data.cerl.org/mei/00560431,ih00357470,ih00357470,direct,CambridgeUL,"Cambridge, University Library",Cambridge UL,GB,Inc.0-1,Inc.Fragments.1[2503],Horae: ad usum Romanum (Rome),,"[Paris : Jean Bonhomme, about 1486-90]",FR,lat,16°,liturgy,GW 13053,Oates 2975 | GW 13053,"Known only from parts of proof-sheets used as pastedowns, printed in Bonhomme's 74G and 74G*. Distinguished from another such 16° proof-sheet (BL IA.39856, binding) by having 17 lines to the page.  | GW, 13053  | ISTC, ih00357470  | Oates, 2975  | Fragment: Part of a proof-sheet showing 12 pages, with signatures c & d, printed on one side only.  | [8+] leaves ; | Original item identifier in source database: 5350940",eng,,,,,,1,0,data/expanded/mei-corpus.json,2026-09-30T19:19:24.733897+00:00,https://data.cerl.org/mei/_search
00570693,00570693,https://data.cerl.org/mei/00570693,ih00357480,ih00357480,direct,ZurichZB,"Zürich, Zentralbibliothek",Zürich ZB,CH,ZB Alte Drucke ,Rb 70,Horae: ad usum Romanum (Rome),,"Basel : Bernhard Richel, 15 July 1480",CH,lat,16°,liturgy,GW 12948,R(Suppl) 141 | GW 12948,Makulatur einer Pergamenthandschrift im Falz,ger,,k | l,,,,5,0,data/expanded/mei-corpus.json,2026-09-30T19:19:26.989663+00:00,https://data.cerl.org/mei/_search
00570696,00570696,https://data.cerl.org/mei/00570696,ih00357480,ih00357480,direct,ZurichZB,"Zürich, Zentralbibliothek",Zürich ZB,CH,ZB (Zürich) / Magazin 03,,Horae: ad usum Romanum (Rome),,"Basel : Bernhard Richel, 15 July 1480",CH,lat,16°,liturgy,GW 12948,R(Suppl) 141 | GW 12948,Nicht rubriziert; Pergamenths. als Ansetzfalz. | Bogensignaturen: [A-W]8. | Original in der Zentralbibliothek Zürich unter der Signatur Rb 70,ger,,,,,,4,0,data/expanded/mei-corpus.json,2026-09-30T19:19:26.989663+00:00,https://data.cerl.org/mei/_search
00200540,00200540,https://data.cerl.org/mei/00200540,ih00357500,ih00357500,direct,MacerataC,"Macerata, Biblioteca Comunale Mozzi-Borgetti",Macerata C,IT,,no. 91,Horae: ad usum Romanum (Rome),,"Rome : [Georgius Herolt], 17 Mar. 1481",IT,lat,8°,liturgy,GW 13353,"M. Bevilacqua, Incunabuli della Biblioteca Comunale Mozzi-Borgetti di Macerata (Roma, 1939) 179  | IGI VI 4818-A | GW 13353",,eng,,,,,,0,0,data/expanded/mei-corpus.json,2026-09-23T13:29:34.252202+00:00,https://data.cerl.org/mei/_search
00200541,00200541,https://data.cerl.org/mei/00200541,ih00357600,ih00357600,direct,BassanodelGrappaC,"Bassano del Grappa, Museo Biblioteca Archivio",Bassano del Grappa C,IT,,Inc. I.A.1,Horae: ad usum Romanum (Rome),,"Verona : Boninus de Boninis, de Ragusia, 24 Oct. 1481",IT,lat,24°,liturgy,GW 13389,IGI 4819 (& Tav. XXV) | GW 13389,,eng,,,,,,0,0,data/expanded/mei-corpus.json,2026-09-30T19:19:28.924778+00:00,https://data.cerl.org/mei/_search
00200542,00200542,https://data.cerl.org/mei/00200542,ih00357650,ih00357650,direct,LondonBL,"London, British Library","London, British Library",GB,,IA.20792,Horae: ad usum Romanum (Rome),,"Venice : Nicolaus Girardengus, de Novis, 10 Nov. 1481",IT,lat,16°,liturgy,GW 13361,C 4468 | Boh(1924) Off. 41 | Pr 4469 | BMC V 274 | GW 13361,,eng,,,,,,0,0,data/expanded/mei-corpus.json,2026-09-30T19:19:30.837388+00:00,https://data.cerl.org/mei/_search
00200543,00200543,https://data.cerl.org/mei/00200543,ih00357700,ih00357700,direct,VeneziaSLazzaro,"Venezia, S. Lazzaro degli Armeni",Venezia S Lazzaro,IT,,no. 2838,Horae: ad usum Romanum (Rome),,"[Venice : Andreas Torresanus, de Asula], for Johannes de Colonia, Nicolaus Jenson et Socii, 22 Dec. 1481",IT,lat,16°,liturgy,GW 13362,"T. Gasparrini Leporace, in Studi bibliografici: atti del convegno dedicato alla storia del libro italiano ... Bolzano, 1965 (Firenze, 1967) pp.25-46  | IGI VI 4819-A | GW 13362",,eng,,,,,,0,0,data/expanded/mei-corpus.json,2026-09-30T19:19:32.781110+00:00,https://data.cerl.org/mei/_search
00200545,00200545,https://data.cerl.org/mei/00200545,ih00357740,ih00357740,direct,ZwickauRatsSchB,"Zwickau, Ratsschulbibliothek",Zwickau RatsSchB,DE,,"17,12,40",Horae: ad usum Salzeburgensem (Salzburg),,"Venice : Nicolaus de Frankfordia, 1482",IT,lat,16°,liturgy,GW 13363,BSB-Ink H-335 | GW 13363,,eng,,,,,,0,0,data/expanded/mei-corpus.json,2026-09-30T19:19:35.044452+00:00,https://data.cerl.org/mei/_search
00200544,00200544,https://data.cerl.org/mei/00200544,ih00357740,ih00357740,direct,MunchenBSB,"München, Bayerische Staatsbibliothek",München BSB,DE,,8o Inc.c.a. 12,Horae: ad usum Salzeburgensem (Salzburg),,"Venice : Nicolaus de Frankfordia, 1482",IT,lat,16°,liturgy,GW 13363,BSB-Ink H-335 | GW 13363,,eng,,,,,,0,0,data/expanded/mei-corpus.json,2026-09-30T19:19:35.044452+00:00,https://data.cerl.org/mei/_search
00200546,00200546,https://data.cerl.org/mei/00200546,ih00357750,ih00357750,direct,FirenzeRicc,Firenze Biblioteca Riccardiana,Firenze Ricc,IT,,Ed.R. 726,Horae: ad usum Romanum (Rome),,"Florence : Nicolaus Laurentii, Alamanus, 5 July 1483",IT,lat,8°,liturgy,GW 13331,Ridolfi p. 61 | IGI VI 4819-B | GW 13331,,eng,,,,,,0,0,data/expanded/mei-corpus.json,2026-09-30T19:19:38.811331+00:00,https://data.cerl.org/mei/_search
02117004,02117004,https://data.cerl.org/mei/02117004,ih00357760,ih00357760,direct,WienONB,"Wien, Österreichische  Nationalbibliothek","Wien, ONB",AT,ZALT-INK,Ink 19.H.19,Horae: ad usum Romanum (Rome),,"[Memmingen : Albrecht Kunne, about 1483-86]",DE,lat,16°,liturgy,GW 12964,H 5867* | BSB-Ink H-337 | GW 12964,,eng,0,,,,,1,0,data/expanded/mei-corpus.json,2026-09-30T19:19:40.808165+00:00,https://data.cerl.org/mei/_search
02126336,02126336,https://data.cerl.org/mei/02126336,ih00357760,ih00357760,direct,YaleBeinecke,"New Haven CT, Yale University, Beinecke Library","New Haven CT, Yale University, Beinecke Library",US,,ZZi 07,Horae: ad usum Romanum (Rome),,"[Memmingen : Albrecht Kunne, about 1483-86]",DE,lat,16°,liturgy,GW 12964,H 5867* | BSB-Ink H-337 | GW 12964,Created by Beatrice Alai,eng,1,b,"Bled, with two of the pages mostly cut away; holed, with some damage to text; apparently removed from a binding. Proofsheet of eight pages. Unrecorded or unpublished edition (Kunne's type 71)? Goff (Goff B-1187a)  enters the Yale proofsheets as part of a Breviarium.",,,2,0,data/expanded/mei-corpus.json,2026-09-30T19:19:40.808165+00:00,https://data.cerl.org/mei/_search
00200548,00200548,https://data.cerl.org/mei/00200548,ih00357770,ih00357770,direct,OldenburgLB," Oldenburg, Landesbibliothek",Oldenburg LB,DE,,CIM II 209,Horae: ad usum Romanum (Rome),,"Venice : Georgius Arrivabenus and Paganinus de Paganinis, 1484",IT,lat,16°,liturgy,GW 13364,GfT 2424 | GW 13364,,eng,,,,,,0,0,data/expanded/mei-corpus.json,2026-09-30T19:19:42.951754+00:00,https://data.cerl.org/mei/_search
00200551,00200551,https://data.cerl.org/mei/00200551,ih00357772,ih00357772,direct,ZurichZB,"Zürich, Zentralbibliothek",Zürich ZB,CH,,Ink K 309,Horae: ad usum Romanum (Rome),,"Milan : Christophorus Valdarfer, 1 Apr. 1485",IT,lat,16°,liturgy,GW 13334,GW 13334,,eng,,,,,,0,0,data/expanded/mei-corpus.json,2026-09-30T19:19:44.664086+00:00,https://data.cerl.org/mei/_search
00570569,00570569,https://data.cerl.org/mei/00570569,ih00357772,ih00357772,direct,ZurichZB,"Zürich, Zentralbibliothek",Zürich ZB,CH,ZB Alte Drucke ,Ink K 309,Horae: ad usum Romanum (Rome),,"Milan : Christophorus Valdarfer, 1 Apr. 1485",IT,lat,16°,liturgy,GW 13334,GW 13334,Zwischen Bl. 32 und 33 eine Lage unbedrucktes Papier eingebunden | Handschriftliche Notiz auf Bl. 143r: „Lt Rinsoz“,ger,,,,,,4,0,data/expanded/mei-corpus.json,2026-09-30T19:19:44.664086+00:00,https://data.cerl.org/mei/_search
00200550,00200550,https://data.cerl.org/mei/00200550,ih00357773,ih00357773,direct,MoscowSL,"Moscow, Russian State Library","Moscow, Russian State Library",RU,,MK Ink/2841,Horae: ad usum Romanum (Rome),,"Venice : Georgius Arrivabenus and Paganinus de Paganinis, 1 Apr. 1485",IT,lat,16°,liturgy,GW 13366,Boh(1924) 44 | GW 13366,,eng,,,,,,0,0,data/expanded/mei-corpus.json,2026-09-30T19:19:46.684552+00:00,https://data.cerl.org/mei/_search
00200547,00200547,https://data.cerl.org/mei/00200547,ih00357780,ih00357780,direct,ParisBN,"Paris, Bibliothèque nationale de France","Paris, BnF",FR,,Rés. Vélins 1480,Horae: ad usum Romanum (Rome),,"Venice : Johannes Leoviler, de Hallis, [between 1485 and 1488]",IT,lat,8°,liturgy,GW 13365,H 11982 | Boh(1924) Off. 24-25 | Lacombe 556 | Pell Ms 8669 (8544) | CIBN H-210 | GW 13365,,eng,,,,,,0,0,data/expanded/mei-corpus.json,2026-09-30T19:19:50.999510+00:00,https://data.cerl.org/mei/_search
00200552,00200552,https://data.cerl.org/mei/00200552,ih00357800,ih00357800,direct,LondonBL,"London, British Library","London, British Library",GB,,IA.29431,Horae: ad usum Romanum (Rome). Add: Officia S. Spiritus et S. Crucis; Septem psalmi poenitentiales; Symbolum Athanasii; Officium mortuorum,,"Naples : Mathias Moravus, 30 June 1486",IT,lat,32°,liturgy,GW 13338,C 3081 | TFS 1907y | Fav e Bres 134 | Boh(1924) 479 = Off. 49 | Sander 5039 | Pr 6705 | BMC VI 864 | GW 13338,,eng,,b,"(Imperfect, wanting leaves 1 and 16, the latter no doubt bearing a woodcut of the Nativity. Vellum)",,,1,0,data/expanded/mei-corpus.json,2026-09-30T19:19:54.709952+00:00,https://data.cerl.org/mei/_search
00200558,00200558,https://data.cerl.org/mei/00200558,ih00357850,ih00357850,direct,SanMarinoHun,"San Marino CA, Huntington Library","San Marino CA, Huntington Library",US,,101431,Horae: ad usum Romanum (Rome),,"Naples : Mathias Moravus, 3 Oct. 1486",IT,lat,8°,liturgy,GW 13339,Goff O36 | Fav e Bres 135 | Boh(1924) Off. 46 = 48 | Sander 5040 | GW 13339,"Record created by John Lancaster, based on Dondi and book in hand.",eng,1,a,,,,7,0,data/expanded/mei-corpus.json,2026-09-30T19:19:57.200151+00:00,https://data.cerl.org/mei/_search
02149767,02149767,https://data.cerl.org/mei/02149767,ih00357880,ih00357880,direct,SanMarinoHun,"San Marino CA, Huntington Library","San Marino CA, Huntington Library",US,,93013,Horae: ad usum Romanum (Rome),,"Valencia : [Printer of Officium B.V. Mariae], 7 Nov. 1486",ES,lat,4°,liturgy,GW 13442,Goff O37 | HC 11989 | GfT 372 | Boh(1924) 477 = Off. 47 | Haeb(BI) I & II 491 | Vindel(A) III 70: 23 (VIII 205) | Meyer-Baer p.35 | IBE(Suppl) 6347  | Kind(Göttingen) 989 | Pr 9501 | BMC X 18 | GW 13442,Record created by Isabel Hernandez Gomez de Caso.,eng,0,b,,,"Huntington collation: [*⁸ 2*⁸; a-r⁸ χ² s-z⁸ A-C⁸ D²]. With the added bifolium not found in all copies (fold χ², following quire t according to BMC-15 collation); χ1r begins ""Initiū scī euangelij secundū joannē."" Cf BMC-15 X:18.
Wanting *1 and k8 (blanks).
Manuscript historic shelfmark (?) on verso of second flyleaf: ""50-50"". -- Illegible and faded names at beginning and end, including ""[...] José Vidal"" (?) on last printed page.",6,0,data/expanded/mei-corpus.json,2026-09-30T19:19:58.984084+00:00,https://data.cerl.org/mei/_search
00200559,00200559,https://data.cerl.org/mei/00200559,ih00357930,ih00357930,direct,HarvardHoughton,"Cambridge MA, Harvard University, Houghton Library","Cambridge MA, Harvard University, Houghton Library",US,,Typ Inc 6706.5,Horae: ad usum Romanum (Rome),,"[Naples] : Mathias Moravus, 3 Oct. 1487",IT,lat,16°,liturgy,GW 13340,Goff O38 | Fav e Bres 135 bis | Boh(1924) Off. 51 | Meyer-Baer p.36 | Walsh 3273 & pl. VIII | GW 13340,Record created by John Lancaster.,eng,1,b,Leaf π10 (end of calendar and woodcut of the Nativity) wanting; printer's name and place of printing scraped away in colophon.,,,7,0,data/expanded/mei-corpus.json,2026-09-30T19:20:04.815974+00:00,https://data.cerl.org/mei/_search
02162911,02162911,https://data.cerl.org/mei/02162911,ih00357930,ih00357930,direct,GVSUL,"Allendale MI, Grand Valley State University, Seidman House","Allendale MI, Grand Valley State University, Seidman House",US,,in progress - awaiting verification,Horae: ad usum Romanum (Rome),,"[Naples] : Mathias Moravus, 3 Oct. 1487",IT,lat,16°,liturgy,GW 13340,Goff O38 | Fav e Bres 135 bis | Boh(1924) Off. 51 | Meyer-Baer p.36 | Walsh 3273 & pl. VIII | GW 13340,,,,,,,,0,0,data/expanded/mei-corpus.json,2026-09-30T19:20:04.815974+00:00,https://data.cerl.org/mei/_search
00202014,00202014,https://data.cerl.org/mei/00202014,ih00357930,ih00357930,direct,GVSUL,"Allendale MI, Grand Valley State University, Seidman House","Allendale MI, Grand Valley State University, Seidman House",US,,Incun BX 2080 .R66 1487 [A172],Horae: ad usum Romanum (Rome),,"[Naples] : Mathias Moravus, 3 Oct. 1487",IT,lat,16°,liturgy,GW 13340,Goff O38 | Fav e Bres 135 bis | Boh(1924) Off. 51 | Meyer-Baer p.36 | Walsh 3273 & pl. VIII | GW 13340,,eng,,,,,,0,0,data/expanded/mei-corpus.json,2026-09-30T19:20:04.815974+00:00,https://data.cerl.org/mei/_search
00200560,00200560,https://data.cerl.org/mei/00200560,ih00357950,ih00357950,direct,ManchesterJRL,"Manchester, University of Manchester, John Rylands Research Institute and Library","Manchester, University of Manchester, John Rylands Research Institute and Library",GB,,19266,Horae: ad usum Romanum (Rome),,"Naples : Christian Preller, 15 Nov. 1487",IT,lat,8°,liturgy,GW 13341,Goff O39 | H 11990 | Fav e Bres 172 | Boh(1924) Off. 52 = 53 | Sander 5041 | GW 13341 | Petrella 2019 18,,eng,,,,,,0,0,data/expanded/mei-corpus.json,2026-09-30T19:20:06.709088+00:00,https://data.cerl.org/mei/_search
00200561,00200561,https://data.cerl.org/mei/00200561,ih00357950,ih00357950,direct,NapoliOrat,"Napoli, Biblioteca Statale Oratoriana dei Girolamini",Napoli Orat,IT,,CF.1.29,Horae: ad usum Romanum (Rome),,"Naples : Christian Preller, 15 Nov. 1487",IT,lat,8°,liturgy,GW 13341,Goff O39 | H 11990 | Fav e Bres 172 | Boh(1924) Off. 52 = 53 | Sander 5041 | GW 13341 | Petrella 2019 18,,eng,,,,,,0,0,data/expanded/mei-corpus.json,2026-09-30T19:20:06.709088+00:00,https://data.cerl.org/mei/_search
00200562,00200562,https://data.cerl.org/mei/00200562,ih00357950,ih00357950,direct,NewYorkNYPierpontMorganLibrary,"New York NY, The Morgan Library and Museum","New York NY, The Morgan Library and Museum",US,,"ChL 1236, Accession no. 460",Horae: ad usum Romanum (Rome),,"Naples : Christian Preller, 15 Nov. 1487",IT,lat,8°,liturgy,GW 13341,Goff O39 | H 11990 | Fav e Bres 172 | Boh(1924) Off. 52 = 53 | Sander 5041 | GW 13341 | Petrella 2019 18,,eng,,,,,,0,0,data/expanded/mei-corpus.json,2026-09-30T19:20:06.709088+00:00,https://data.cerl.org/mei/_search
02132409,02132409,https://data.cerl.org/mei/02132409,ih00359000,ih00359000,direct,MilanoN,"Milano, Biblioteca Nazionale Braidense",Milano N,IT,Gerli,B.G. Inc. 49,Horae: ad usum Romanum (Rome),,"Paris : Philippe Pigouchet, for E.J. & G. de Marnef, [about 1491-92]",FR,lat,8°,liturgy,GW 13145,"Goff H359 | Boh(1924) 505 | Boh(Parma) 248 | Sotheby's (N.Y.) 14/6/93, lot 26  | Sotheby's (London) 4/12/02, lot 38 (& pl.)  | Parguez 533 | Pell(Lyon) 1041 | Polain(B) 4422 | IGI 4842 | GW 13145",,ita,1,b,Mutilo di numerose carte.,,,9,0,data/expanded/mei-corpus.json,2026-09-30T19:20:12.828168+00:00,https://data.cerl.org/mei/_search
00201173,00201173,https://data.cerl.org/mei/00201173,ih00359643,ih00359643,direct,ViennaMAK,"Wien, Österreichisches Museum für angewandte Kunst (MAK)","Wien, Österreichisches Museum für angewandte Kunst (MAK)",AT,,,Horae: ad usum Romanum (Rome),,"[Naples] : Mathias Moravus, 15 Oct. 1488",IT,lat,16°,liturgy,GW 13342,H 11991 | Fav e Bres 138 | Boh(1924) Off. 55 | Lacombe 551 | Sander 5042 | Pell Ms 8672 (8547) | CIBN H-213 | GW 13342,,eng,,,,,,1,0,data/expanded/mei-corpus.json,2026-09-30T19:20:27.735380+00:00,https://data.cerl.org/mei/_search
00200568,00200568,https://data.cerl.org/mei/00200568,ih00359643,ih00359643,direct,ParisBN,"Paris, Bibliothèque nationale de France","Paris, BnF",FR,,Rés. Vélins 1469,Horae: ad usum Romanum (Rome),,"[Naples] : Mathias Moravus, 15 Oct. 1488",IT,lat,16°,liturgy,GW 13342,H 11991 | Fav e Bres 138 | Boh(1924) Off. 55 | Lacombe 551 | Sander 5042 | Pell Ms 8672 (8547) | CIBN H-213 | GW 13342,,eng,,,,,,0,0,data/expanded/mei-corpus.json,2026-09-30T19:20:27.735380+00:00,https://data.cerl.org/mei/_search
00200567,00200567,https://data.cerl.org/mei/00200567,ih00359643,ih00359643,direct,ManchesterJRL,"Manchester, University of Manchester, John Rylands Research Institute and Library","Manchester, University of Manchester, John Rylands Research Institute and Library",GB,,19206,Horae: ad usum Romanum (Rome),,"[Naples] : Mathias Moravus, 15 Oct. 1488",IT,lat,16°,liturgy,GW 13342,H 11991 | Fav e Bres 138 | Boh(1924) Off. 55 | Lacombe 551 | Sander 5042 | Pell Ms 8672 (8547) | CIBN H-213 | GW 13342,,eng,,,,,,0,0,data/expanded/mei-corpus.json,2026-09-30T19:20:27.735380+00:00,https://data.cerl.org/mei/_search
00211925,00211925,https://data.cerl.org/mei/00211925,ih00359670,ih00359670,direct,OxfordBodley,"Oxford, Bodleian Library",Oxford Bodley,GB,,Arch. B f.38.,Horae: ad usum Romanum (Rome) [Latin and French],,"[Paris] : Jean Du Pré (printer of Paris), [1488]",FR,lat,8°,liturgy,GW 13065,Boh(1924) 411 | Cl I 252 | Bod-inc H-175 | Sheppard 6176-6177 | Pr 8044 | GW 13065,BodInc-Id: H-175(1)?,,,,,"{""identifier"": ""tih00359670"", ""source"": ""uktextinc""}",,2,0,data/expanded/mei-corpus.json,2026-09-30T19:20:30.693343+00:00,https://data.cerl.org/mei/_search
00204061,00204061,https://data.cerl.org/mei/00204061,ih00359670,ih00359670,direct,OxfordBodley,"Oxford, Bodleian Library",Oxford Bodley,GB,,Arch. B f.38.,Horae: ad usum Romanum (Rome) [Latin and French],,"[Paris] : Jean Du Pré (printer of Paris), [1488]",FR,lat,8°,liturgy,GW 13065,Boh(1924) 411 | Cl I 252 | Bod-inc H-175 | Sheppard 6176-6177 | Pr 8044 | GW 13065,BodInc-Id: H-175(1),,,,,"{""identifier"": ""tih00359670"", ""source"": ""uktextinc""}",,3,0,data/expanded/mei-corpus.json,2026-09-30T19:20:30.693343+00:00,https://data.cerl.org/mei/_search
00200564,00200564,https://data.cerl.org/mei/00200564,ih00359730,ih00359730,direct,ManchesterJRL,"Manchester, University of Manchester, John Rylands Research Institute and Library","Manchester, University of Manchester, John Rylands Research Institute and Library",GB,,17394,Horae: ad usum Romanum (Rome),,"Venice : Johannes Hamman, 1488",IT,lat,32°,liturgy,GW 13368,Boh(1924) Off. 58 | GW 13368,,eng,,,,,,0,0,data/expanded/mei-corpus.json,2026-09-30T19:20:34.757529+00:00,https://data.cerl.org/mei/_search
02000453,02000453,https://data.cerl.org/mei/02000453,ih00361500,ih00361500,direct,VeneziaC,"Venezia, Biblioteca del Museo Correr",Venezia C,IT,,Inc. M 2 ,Horae: ad usum Romanum (Rome),,"Venice : Andreas Torresanus, de Asula, 23 July 1489",IT,lat,32°,liturgy,GW 13369,R 1586 | Boh(1924) Off. 2? = 59 | Sander 5043 | Essling 451 | IGI 4825 | GW 13369,,eng,1,,,"{""identifier"": 4825, ""source"": ""itigi""}","The format is 16o, according to C. Dondi.",5,0,data/expanded/mei-corpus.json,2026-09-30T19:20:46.700228+00:00,https://data.cerl.org/mei/_search
00200571,00200571,https://data.cerl.org/mei/00200571,ih00364600,ih00364600,direct,NewYorkNYPierpontMorganLibrary,"New York NY, The Morgan Library and Museum","New York NY, The Morgan Library and Museum",US,,"ChL 1230, Accession no. 461",Horae: ad usum Romanum (Rome),,"Naples : Mathias Moravus, 5 Mar. 1490",IT,lat,16°,liturgy,GW 13343,Goff O40 | Fav e Bres 143 | Boh(1924) Off. 61 | Sander 5044 | GW 13343,,eng,,,,,,0,0,data/expanded/mei-corpus.json,2026-09-30T19:21:00.714666+00:00,https://data.cerl.org/mei/_search
00200573,00200573,https://data.cerl.org/mei/00200573,ih00364800,ih00364800,direct,ModenaEst,"Modena, Biblioteca Estense Universitaria","Modena, Biblioteca Estense",IT,,[alfa]. G. 9. 33,Horae: ad usum Romanum (Rome),,"Naples : Christian Preller, 9 Apr. 1490",IT,lat,8°,liturgy,GW 13344,C 4467 = 4470 | Boh(1924) Off. 6 = 62 = 67 | Boh(Parma) 345 | Fav e Bres 176 | Sander 5045 | IGI 4827 | Pr 3967 | BMC VI 873 | GW 13344,,eng,,,,,,0,0,data/expanded/mei-corpus.json,2026-09-30T19:21:02.785088+00:00,https://data.cerl.org/mei/_search
00200572,00200572,https://data.cerl.org/mei/00200572,ih00364800,ih00364800,direct,LondonBL,"London, British Library","London, British Library",GB,,IA.29544,Horae: ad usum Romanum (Rome),,"Naples : Christian Preller, 9 Apr. 1490",IT,lat,8°,liturgy,GW 13344,C 4467 = 4470 | Boh(1924) Off. 6 = 62 = 67 | Boh(Parma) 345 | Fav e Bres 176 | Sander 5045 | IGI 4827 | Pr 3967 | BMC VI 873 | GW 13344,,eng,,,,,,0,0,data/expanded/mei-corpus.json,2026-09-30T19:21:02.785088+00:00,https://data.cerl.org/mei/_search
00200578,00200578,https://data.cerl.org/mei/00200578,ih00365300,ih00365300,direct,NewYorkNYPierpontMorganLibrary,"New York NY, The Morgan Library and Museum","New York NY, The Morgan Library and Museum",US,,"ChL 959, Accession no. 348",Horae: ad usum Romanum (Rome),,"Venice : Johannes Hamman, 4 Dec. 1490",IT,lat,32°,liturgy,GW 13371,Goff O41 | R 1587 | Boh(1924) Off. 64 = 66 | Sander 5046 | IGI 4828 | GW 13371,,eng,,,,,,0,0,data/expanded/mei-corpus.json,2026-09-30T19:21:08.884868+00:00,https://data.cerl.org/mei/_search
00200577,00200577,https://data.cerl.org/mei/00200577,ih00365300,ih00365300,direct,ModenaEst,"Modena, Biblioteca Estense Universitaria","Modena, Biblioteca Estense",IT,,[alfa]. H. 9. 21,Horae: ad usum Romanum (Rome),,"Venice : Johannes Hamman, 4 Dec. 1490",IT,lat,32°,liturgy,GW 13371,Goff O41 | R 1587 | Boh(1924) Off. 64 = 66 | Sander 5046 | IGI 4828 | GW 13371,,eng,,,,,,0,0,data/expanded/mei-corpus.json,2026-09-30T19:21:08.884868+00:00,https://data.cerl.org/mei/_search
02118389,02118389,https://data.cerl.org/mei/02118389,ih00366000,ih00366000,direct,WienONB,"Wien, Österreichische  Nationalbibliothek","Wien, ONB",AT,ZALT-INK,Ink 27-57,Horae: ad usum Romanum (Rome),,"[Kirchheim in Elsass] : Marcus Reinhart, [1490]",FR,lat,8°,liturgy,GW 12953,"Goff H366 | C 3068 | Boh(1924) 546 | Schr 4573 | Polain(B) 1924 | IGI VI 4826-A | Sack(Freiburg) 1876 | Hummel-Wilhelmi 337 | Walsh 1086 | Pr 3209 | BMC III 691 | BSB-Ink H-338 | GW 12953 | Fac: ed. O. Clemen, Zwickau, 1913 ",,eng,0,,,,,1,0,data/expanded/mei-corpus.json,2026-09-30T19:21:12.886702+00:00,https://data.cerl.org/mei/_search
00200574,00200574,https://data.cerl.org/mei/00200574,ih00366400,ih00366400,direct,MilanoAmbr,"Milano, Biblioteca Ambrosiana",Milano Ambr,IT,,Inc. 451,Horae: ad usum Romanum (Rome),,"Venice : Johannes Hamman, 1490",IT,lat,16°,liturgy,GW 13370,R 1292 | Boh(1924) Off. 65 | Sander 5047 = 5048 | Essling 452 | IGI 4826 = 4829 (& Tav. XXVII) | GW 13370,,eng,,,,,,0,0,data/expanded/mei-corpus.json,2026-09-30T19:21:14.753086+00:00,https://data.cerl.org/mei/_search
00200575,00200575,https://data.cerl.org/mei/00200575,ih00366400,ih00366400,direct,ParmaPal,"Parma, Biblioteca Palatina",Parma Pal,IT,,Inc. Parm. 23,Horae: ad usum Romanum (Rome),,"Venice : Johannes Hamman, 1490",IT,lat,16°,liturgy,GW 13370,R 1292 | Boh(1924) Off. 65 | Sander 5047 = 5048 | Essling 452 | IGI 4826 = 4829 (& Tav. XXVII) | GW 13370,,eng,,,,,,0,0,data/expanded/mei-corpus.json,2026-09-30T19:21:14.753086+00:00,https://data.cerl.org/mei/_search
00200576,00200576,https://data.cerl.org/mei/00200576,ih00366400,ih00366400,direct,VeneziaC,"Venezia, Biblioteca del Museo Correr",Venezia C,IT,,L 2 Inc.,Horae: ad usum Romanum (Rome),,"Venice : Johannes Hamman, 1490",IT,lat,16°,liturgy,GW 13370,R 1292 | Boh(1924) Off. 65 | Sander 5047 = 5048 | Essling 452 | IGI 4826 = 4829 (& Tav. XXVII) | GW 13370,,eng,1,b,,"{""identifier"": ""VEAE145186"", ""source"": ""itsbn""}",Esemplare mutilo di sei carte: dei bifoli b1.8 e b5.6 e delle carte p8 e s8.,4,0,data/expanded/mei-corpus.json,2026-09-30T19:21:14.753086+00:00,https://data.cerl.org/mei/_search
02154453,02154453,https://data.cerl.org/mei/02154453,ih00366400,ih00366400,direct,VallettaNL,"Valletta, National Library of Malta","Valletta, National Library of Malta",MT,,Inc. 55,Horae: ad usum Romanum (Rome),,"Venice : Johannes Hamman, 1490",IT,lat,16°,liturgy,GW 13370,R 1292 | Boh(1924) Off. 65 | Sander 5047 = 5048 | Essling 452 | IGI 4826 = 4829 (& Tav. XXVII) | GW 13370,Created by Anna Scala (Translation sponsored by Malta Libraries).,eng,0,b | g,"Four missing folios (r2, r4, r5, r7)  were replaced by photographs of the same edition from the Parma Library in Italy.
The parchment folios are beautiful decorated with gilded initials and coloured biblical scenes",,"Missing leaves r2, r4, r5, r7",3,0,data/expanded/mei-corpus.json,2026-09-30T19:21:14.753086+00:00,https://data.cerl.org/mei/_search
00560432,00560432,https://data.cerl.org/mei/00560432,ih00369170,ih00369170,direct,CambridgeUL,"Cambridge, University Library",Cambridge UL,GB,Inc.2-7,Inc.5.D.1.19[2530],Horae: ad usum Romanum (Rome) [French and Latin]. Con: Jean Quentin: L'horologe de la passion,,"Paris : Pierre Le Rouge, for Vincent Commin, 9 May 1491",FR,frm,8°,liturgy,GW 13271,H 8844 | Boh(1924) 478 = 539 = 551 | Lacombe 23 | Cl I 482 | CIBN H-219 | Oates 3011 | GW 13271,"Includes: Quentin, Jean. L'horologe de la passion.  | BN catalogue des incunables, H-219  | GW, 13271  | Hain, 8844  | ISTC, ih00369170  | Oates, 3011  | Imperfect: Wanting one leaf from gathering c. At the end are 9 leaves of manuscript, illustrated and illuminated as above: Bible. John XVIII-XIX; XIX petites regles pour cognoistre peche mortel (France, 15th century).  | [96] leaves : | Original item identifier in source database: 5348660",eng,,,,,,4,0,data/expanded/mei-corpus.json,2026-09-30T19:21:26.744882+00:00,https://data.cerl.org/mei/_search
00200580,00200580,https://data.cerl.org/mei/00200580,ih00369350,ih00369350,direct,ParisBN,"Paris, Bibliothèque nationale de France","Paris, BnF",FR,,Rés. Vélins 1470,Horae: ad usum Romanum (Rome),,"Venice : Johannes Hamman, 3 Dec. 1491",IT,lat,32°,liturgy,GW 13372,Lacombe 559 | Boh(1924) Off. 68 | Essling 453 | Sander 5049 | Meyer-Baer 36 | Pell Ms 8673 (8548) | CIBN H-220 | GW 13372,,eng,,,,,,0,0,data/expanded/mei-corpus.json,2026-09-30T19:21:32.702887+00:00,https://data.cerl.org/mei/_search
00560433,00560433,https://data.cerl.org/mei/00560433,ih00369400,ih00369400,direct,CambridgeUL,"Cambridge, University Library",Cambridge UL,GB,SSS,SSS.15.13,Horae: ad usum Romanum (Rome) [French and Latin],,"Paris : Philippe Pigouchet, for Simon Vostre, 5 Jan. 1491/92",FR,frm,8°,liturgy,GW 13291,H 8845 | Boh(1924) 475 = 547 | Tenschert(Horae) 7 | Pell Ms 5905 (5892) | Aquilon 378 | Torchet 445 | Voull(B) 4749 | Oates 3071 | GW 13291,"Hain misread the date as 1486 (Torchet).  | GW, 13291  | Hain, 8845  | ISTC, ih00369400  | Oates, 3071  | On parchment. Decoration: Initials illuminated and coloured; text ruled in red.  | [80] leaves : | Original item identifier in source database: 5348394",eng,,,,,,2,0,data/expanded/mei-corpus.json,2026-09-30T19:21:38.730588+00:00,https://data.cerl.org/mei/_search
02015650,02015650,https://data.cerl.org/mei/02015650,ih00369500,ih00369500,direct,MilanoCapMetr,"Milano, Biblioteca del Capitolo Metropolitano",Milano Cap Metr,IT,,2G-3-12,Horae: ad usum Romanum (Rome) [Latin and French],,"Paris : Philippe Pigouchet, for Simon Vostre, 20 Jan. 1491/92",FR,frm,4°,liturgy,GW 13292,H 8847 | Boh(1924) 548 | GW 13292,,ita,1,b,,,"Mutilo della c. a1 (bianca?) e delle cc. k6, k7, k8.",5,0,data/expanded/mei-corpus.json,2026-09-30T19:21:40.702107+00:00,https://data.cerl.org/mei/_search
00200582,00200582,https://data.cerl.org/mei/00200582,ih00369700,ih00369700,direct,ParisBN,"Paris, Bibliothèque nationale de France","Paris, BnF",FR,,Rés. Vélins 1472,Horae: ad usum Romanum (Rome),,"Naples : Mathias Moravus, 10 Feb. 1492",IT,lat,16°,liturgy,GW 13345,R 268 | Fav e Bres 147 | Boh(1924) Off. 71 = 72 | Sander 5051 | Pell Ms 8674 (8549) | CIBN H-223 | IGI 4830 | GW 13345,,eng,,,,,,0,0,data/expanded/mei-corpus.json,2026-09-30T19:21:42.708095+00:00,https://data.cerl.org/mei/_search
00200581,00200581,https://data.cerl.org/mei/00200581,ih00369700,ih00369700,direct,NapoliN,"Napoli, Biblioteca nazionale Vittorio Emanuele III","Napoli, Biblioteca Nazionale",IT,,S. Q. II. A. 24,Horae: ad usum Romanum (Rome),,"Naples : Mathias Moravus, 10 Feb. 1492",IT,lat,16°,liturgy,GW 13345,R 268 | Fav e Bres 147 | Boh(1924) Off. 71 = 72 | Sander 5051 | Pell Ms 8674 (8549) | CIBN H-223 | IGI 4830 | GW 13345,,eng,,,,,,0,0,data/expanded/mei-corpus.json,2026-09-30T19:21:42.708095+00:00,https://data.cerl.org/mei/_search
02125063,02125063,https://data.cerl.org/mei/02125063,ih00370000,ih00370000,direct,YaleBeinecke,"New Haven CT, Yale University, Beinecke Library","New Haven CT, Yale University, Beinecke Library",US,,Zi 8182.3,Horae: ad usum Romanum (Rome) [French and Latin],,"Paris : Philippe Pigouchet, for Simon Vostre, 1 Mar. 1491/92",FR,frm,8°,liturgy,GW 13148,Goff H370 | C 3110 | Boh(1924) 550 | Lacombe 26 | Brunet V col 1578: 21 | Pell Ms 5905 (5891) | Madsen 2015 | GW 13148,Created by Beatrice Alai,eng,1,b,fol. 6d wanting,,,10,0,data/expanded/mei-corpus.json,2026-09-30T19:21:46.795721+00:00,https://data.cerl.org/mei/_search
00203573,00203573,https://data.cerl.org/mei/00203573,ih00370100,ih00370100,direct,OxfordBodley,"Oxford, Bodleian Library",Oxford Bodley,GB,,Gough Missals 40.,Horae: ad usum Romanum (Rome),,"Antwerp : Gerard Leeu, 13 Mar. 1492",BE,lat,8°,liturgy,GW 13403,C 3142 | Camp 994 | ILC 1209 | Boh(1924) 1440 | Inv Ant 223 | Bod-inc H-162 | Sheppard 7236 | Pr 9401 | GW 13403,BodInc-Id: H-162(1),,,,,"{""identifier"": ""tih00370100"", ""source"": ""uktextinc""}",,5,0,data/expanded/mei-corpus.json,2026-09-23T13:27:07.340501+00:00,https://data.cerl.org/mei/_search
00200583,00200583,https://data.cerl.org/mei/00200583,ih00370300,ih00370300,direct,VeronaC,"Verona, Biblioteca Civica",Verona C,IT,,Inc. 2,Horae: ad usum Romanum (Rome),,"Venice : Theodorus de Ragazonibus, 12 July 1492",IT,lat,16°,liturgy,GW 13373,R 1588 | Boh(1924) Off. 74 | Sander 5052 | IGI 4831 | GW 13373,,eng,,,,,,0,0,data/expanded/mei-corpus.json,2026-09-30T19:21:52.704441+00:00,https://data.cerl.org/mei/_search
00211923,00211923,https://data.cerl.org/mei/00211923,ih00370600,ih00370600,direct,OxfordBodley,"Oxford, Bodleian Library",Oxford Bodley,GB,,8° Rawl. 1092.,Horae: ad usum Romanum (Rome) [French and Latin],,"Paris : Philippe Pigouchet, [about 1493-96]",FR,frm,8°,liturgy,GW 13073,"Brunet V col 1571 | Boh(1924) 453 | Tenschert(Horae) 8 | FairMur(F) 252 | Sotheby's (London) 27 June 1995 (Schäfer), 100 (Fairfax Murray vellum copy)  | IGI 4822 | Schäfer 163 | Bod-inc H-165 | Sheppard 6309-10 | Pr 8182 | GW 13073",BodInc-Id: H-165(1),,,,,"{""identifier"": ""tih00370600"", ""source"": ""uktextinc""}",,2,0,data/expanded/mei-corpus.json,2026-09-30T19:22:04.708967+00:00,https://data.cerl.org/mei/_search
00200584,00200584,https://data.cerl.org/mei/00200584,ih00370950,ih00370950,direct,ParisBN,"Paris, Bibliothèque nationale de France","Paris, BnF",FR,,Rés. Vélins 1471,Horae: ad usum Romanum (Rome),,"Venice : Johannes Hamman, 4 Feb. 1492/93",IT,lat,16°,liturgy,GW 13374,Lacombe 560 | Boh(1924) Off. 70 | Essling 454 | Sander 5050 | CIBN H-222 | GW 13374,,eng,,,,,,0,0,data/expanded/mei-corpus.json,2026-09-30T19:22:06.692302+00:00,https://data.cerl.org/mei/_search
00200585,00200585,https://data.cerl.org/mei/00200585,ih00370950,ih00370950,direct,VaticanoBAV,"Città del Vaticano, Biblioteca Apostolica Vaticana",Vaticano BAV,VA,,Inc. Ross. 985,Horae: ad usum Romanum (Rome),,"Venice : Johannes Hamman, 4 Feb. 1492/93",IT,lat,16°,liturgy,GW 13374,Lacombe 560 | Boh(1924) Off. 70 | Essling 454 | Sander 5050 | CIBN H-222 | GW 13374,,eng,,,,,,0,0,data/expanded/mei-corpus.json,2026-09-30T19:22:06.692302+00:00,https://data.cerl.org/mei/_search
00200586,00200586,https://data.cerl.org/mei/00200586,ih00373300,ih00373300,direct,ParisBN,"Paris, Bibliothèque nationale de France","Paris, BnF",FR,,Rés. Vélins 1473,Horae: ad usum Romanum (Rome),,"Venice : Johannes Emericus de Spira, 6 May 1493",IT,lat,32°,liturgy,GW 13376,Lacombe 561 | Boh(1924) Off. 76 | Sander 5053 | Pell Ms 8675 (8550) | CIBN H-225 | GW 13376,,eng,,,,,,0,0,data/expanded/mei-corpus.json,2026-09-30T19:22:10.729371+00:00,https://data.cerl.org/mei/_search
00211922,00211922,https://data.cerl.org/mei/00211922,ih00374000,ih00374000,direct,OxfordBodley,"Oxford, Bodleian Library",Oxford Bodley,GB,,8° Rawl. 1098.,Horae: ad usum Romanum (Rome),,"Paris : [Jean Maurand, for] Geoffroy de Marnef, 20 June 1493",FR,lat,4°,liturgy,GW 13151,Goff H374 | C 3085 | Boh(1924) 211 = 450 = 534 = 562 = 569 | IBPort 902 | Mendes 630 | Bod-inc H-163 | Sheppard 6455 | Pr 8463 = 8465 | BMC VIII 184 | GW 13151,BodInc-Id: H-163(1),,,,,"{""identifier"": ""tih00374000"", ""source"": ""uktextinc""}",,2,0,data/expanded/mei-corpus.json,2026-09-30T19:22:12.738656+00:00,https://data.cerl.org/mei/_search
00200226,00200226,https://data.cerl.org/mei/00200226,ih00374500,ih00374500,direct,VeneziaFondCini,"Venezia, Fondazione Cini",Venezia Fond Cini,IT,Fondo Antico,FOAN TES 678,Horae: ad usum Romanum (Rome),,"Venice : Hieronymus de Sanctis, 26 Apr. 1494",IT,lat,8°,liturgy,GW 13378,R 1589 | Boh(1924) Off. 78 | Sander 5055 | Essling 457 | Lacombe 562 | Pell Ms 8676 (8551) | CIBN H-227 | IGI 4836 | GW 13378,,ita,1,b,"L'esemplare è mutilo delle carte [croce]1, f8, i8, o4, o8. ","{""identifier"": 13378, ""source"": ""degw""}",,5,0,data/expanded/mei-corpus.json,2026-09-30T19:22:16.690503+00:00,https://data.cerl.org/mei/_search
00200598,00200598,https://data.cerl.org/mei/00200598,ih00374500,ih00374500,direct,FerraraC,"Ferrara, Biblioteca Comunale Ariostea",Ferrara C,IT,,S. 5. 1. 16,Horae: ad usum Romanum (Rome),,"Venice : Hieronymus de Sanctis, 26 Apr. 1494",IT,lat,8°,liturgy,GW 13378,R 1589 | Boh(1924) Off. 78 | Sander 5055 | Essling 457 | Lacombe 562 | Pell Ms 8676 (8551) | CIBN H-227 | IGI 4836 | GW 13378,,eng,,,,,,0,0,data/expanded/mei-corpus.json,2026-09-30T19:22:16.690503+00:00,https://data.cerl.org/mei/_search
00200600,00200600,https://data.cerl.org/mei/00200600,ih00374500,ih00374500,direct,VeneziaFondCini,"Venezia, Fondazione Cini",Venezia Fond Cini,IT,,FOAN TES 678 (V B.17),Horae: ad usum Romanum (Rome),,"Venice : Hieronymus de Sanctis, 26 Apr. 1494",IT,lat,8°,liturgy,GW 13378,R 1589 | Boh(1924) Off. 78 | Sander 5055 | Essling 457 | Lacombe 562 | Pell Ms 8676 (8551) | CIBN H-227 | IGI 4836 | GW 13378,,eng,,,,,,0,0,data/expanded/mei-corpus.json,2026-09-30T19:22:16.690503+00:00,https://data.cerl.org/mei/_search
00200599,00200599,https://data.cerl.org/mei/00200599,ih00374500,ih00374500,direct,ParisBN,"Paris, Bibliothèque nationale de France","Paris, BnF",FR,,Rés. Vélins 1474,Horae: ad usum Romanum (Rome),,"Venice : Hieronymus de Sanctis, 26 Apr. 1494",IT,lat,8°,liturgy,GW 13378,R 1589 | Boh(1924) Off. 78 | Sander 5055 | Essling 457 | Lacombe 562 | Pell Ms 8676 (8551) | CIBN H-227 | IGI 4836 | GW 13378,,eng,,,,,,0,0,data/expanded/mei-corpus.json,2026-09-30T19:22:16.690503+00:00,https://data.cerl.org/mei/_search
02018645,02018645,https://data.cerl.org/mei/02018645,ih00374500,ih00374500,direct,VeneziaFondCini,"Venezia, Fondazione Cini",Venezia Fond Cini,IT,,FOAN TES 678,Horae: ad usum Romanum (Rome),,"Venice : Hieronymus de Sanctis, 26 Apr. 1494",IT,lat,8°,liturgy,GW 13378,R 1589 | Boh(1924) Off. 78 | Sander 5055 | Essling 457 | Lacombe 562 | Pell Ms 8676 (8551) | CIBN H-227 | IGI 4836 | GW 13378,Creato da Marco Bertagna,ita,1,b,"Mutilo delle cc. [croce]1, f8, i8, o4, o8",,,6,0,data/expanded/mei-corpus.json,2026-09-30T19:22:16.690503+00:00,https://data.cerl.org/mei/_search
02011381,02011381,https://data.cerl.org/mei/02011381,ih00375000,ih00375000,direct,LondonGuildhallLibrary,"London, Guildhall Library","London, Guildhall Library",GB,INC,INC 73,Horae: ad usum Romanum (Rome) [Latin and French],,"[Paris] : Philippe Pigouchet, for Simon Vostre, 2 Aug. 1493",FR,frm,4°,liturgy,GW 13294,Goff H375 | C 3086 | Boh(1924) 565 | IGI 4833 | Arnoult 792 | Pr 8185 | BMC VIII 115 | GW 13294,,eng,,,,,Lacks D 1,4,0,data/expanded/mei-corpus.json,2026-09-30T19:22:18.716188+00:00,https://data.cerl.org/mei/_search
02013677,02013677,https://data.cerl.org/mei/02013677,ih00375000,ih00375000,direct,PrincetonUL,"Princeton NJ, Princeton University, Firestone Library, Rare Book Division","Princeton NJ, Princeton University, Firestone Library, Rare Book Division",US,,5942.247,Horae: ad usum Romanum (Rome) [Latin and French],,"[Paris] : Philippe Pigouchet, for Simon Vostre, 2 Aug. 1493",FR,frm,4°,liturgy,GW 13294,Goff H375 | C 3086 | Boh(1924) 565 | IGI 4833 | Arnoult 792 | Pr 8185 | BMC VIII 115 | GW 13294,Record created by John Lancaster.,eng,0,b,"Lacks leaves d1, f1, k1.",,,2,0,data/expanded/mei-corpus.json,2026-09-30T19:22:18.716188+00:00,https://data.cerl.org/mei/_search
00202346,00202346,https://data.cerl.org/mei/00202346,ih00375300,ih00375300,direct,MantovaC,"Mantova, Biblioteca Comunale Teresiana",Mantova C,IT,,Inc. 149,Horae: ad usum Romanum (Rome),,"Paris : Philippe Pigouchet, for Simon Vostre, 4 Dec. 1493",FR,lat,8°,liturgy,GW 13140,Ferrarini 597 | IGI 4834 | GW 13140,,ita,0,,,,,5,0,data/expanded/mei-corpus.json,2026-09-30T19:22:22.693233+00:00,https://data.cerl.org/mei/_search
00200591,00200591,https://data.cerl.org/mei/00200591,ih00375500,ih00375500,direct,ModenaEst,"Modena, Biblioteca Estense Universitaria","Modena, Biblioteca Estense",IT,,[alfa]. C. 7. 20,Horae: ad usum Romanum (Rome),,"Venice : Johannes Hamman, 14[93]",IT,lat,8°,liturgy,GW 13375,Goff O43 | CR 3087 = C 4471 | Boh(1924) 662 = Off. 77 | Essling 456 | Meyer-Baer p. 36 | Sander 5054 | IGI 4832 | Walsh 2234 | Oates 2037 | Pr 5190 | BMC V 425 | GW 13375,,eng,,,,,,0,0,data/expanded/mei-corpus.json,2026-09-30T19:22:24.816430+00:00,https://data.cerl.org/mei/_search
02000343,02000343,https://data.cerl.org/mei/02000343,ih00375500,ih00375500,direct,VeneziaFondCini,"Venezia, Fondazione Cini",Venezia Fond Cini,IT,Essling,FOAN TES 970,Horae: ad usum Romanum (Rome),,"Venice : Johannes Hamman, 14[93]",IT,lat,8°,liturgy,GW 13375,Goff O43 | CR 3087 = C 4471 | Boh(1924) 662 = Off. 77 | Essling 456 | Meyer-Baer p. 36 | Sander 5054 | IGI 4832 | Walsh 2234 | Oates 2037 | Pr 5190 | BMC V 425 | GW 13375,,eng,1,,,"{""identifier"": 4832, ""source"": ""itigi""}",,6,0,data/expanded/mei-corpus.json,2026-09-30T19:22:24.816430+00:00,https://data.cerl.org/mei/_search
00200588,00200588,https://data.cerl.org/mei/00200588,ih00375500,ih00375500,direct,HarvardHoughton,"Cambridge MA, Harvard University, Houghton Library","Cambridge MA, Harvard University, Houghton Library",US,,Typ Inc 5190,Horae: ad usum Romanum (Rome),,"Venice : Johannes Hamman, 14[93]",IT,lat,8°,liturgy,GW 13375,Goff O43 | CR 3087 = C 4471 | Boh(1924) 662 = Off. 77 | Essling 456 | Meyer-Baer p. 36 | Sander 5054 | IGI 4832 | Walsh 2234 | Oates 2037 | Pr 5190 | BMC V 425 | GW 13375,"Record created by John Lancaster, chiefly from the description in Dondi.",eng,1,b,"Leaves a1, c1, and r8 wanting, replaced by photographic facsimiles, a1 and r8 on vellum that had originally been ruled.",,,5,0,data/expanded/mei-corpus.json,2026-09-30T19:22:24.816430+00:00,https://data.cerl.org/mei/_search
00200587,00200587,https://data.cerl.org/mei/00200587,ih00375500,ih00375500,direct,CambridgeUL,"Cambridge, University Library",Cambridge UL,GB,,Inc. 7. B. 3.97 [1707],Horae: ad usum Romanum (Rome),,"Venice : Johannes Hamman, 14[93]",IT,lat,8°,liturgy,GW 13375,Goff O43 | CR 3087 = C 4471 | Boh(1924) 662 = Off. 77 | Essling 456 | Meyer-Baer p. 36 | Sander 5054 | IGI 4832 | Walsh 2234 | Oates 2037 | Pr 5190 | BMC V 425 | GW 13375,,eng,,,,,"Title from title page in red on leaf a1 recto.
Imprints from colophon printed in red on leaf r8 verso, which reads in full: Officia s[e]c[un]d[u]m more[m] curie romane : beate videl[icet] marie : cu[m] septe[m] psalmis penite[n]tialibus : officio mortuor[um] : Sa[n]cte crucis : et sancti spiritus : atq[ue] compluribus s[an]ctor[um] o[rati]onibus deuotissimis : feliciter sunt explicita. Imp[re]ssa venetijs p[er] ioa[n]ne[m] ha[m]man dictu[m] hertzog. Anno Mccccxcxiij [sic].
Woodcut illustrations of the Annunciation, King David, the Office of the Dead, the Invention of the Cross and the Descent of the Holy Ghost on leaves b8 verso, h7 verso, l1 verso, p1 verso and p4 verso respectively.
Woodcut initials and borders throughout.
Woodcut device B of Johannes Hamman on leaf r8 verso. For device Hamman's device, see BM 15th cent., V, 423.
Printed in red and black.
Signatures: a-r⁸.
Contents include: Title page, a1r; Calendarium, a1v-b5r; Woodcut, b8v; Horae Beatae Virginis Mariae, c1r-h5r; Introitus ad missam Beatae Mariae Virginis, h5v-h7r; Septem psalmi poenitentiales, h7v-i7v, including woodcut, h7v; Litaniae sanctorum et orationes, i7v-k6v; Symbulum Athanasii, k6v-l1r; Woodcut, l1v; Officium mortuorum, l2r-[z5]v; Woodcut, p1v; Officium Sanctae Crucis, p2r-p4r; Woodcut, p4v; Officium Spiritus Sancti, p5r-p8v; Orationes, q1r-r8r; colophon, r8v; printer's register, r8v.
BM 15th cent., V, 425
Copinger-Reichling, 3087
Copinger, 4471
Essling, V. Masséna, prince d'. Les livres à figures vénitiens, 456
Goff, O43
GW, 13375
ISTC, ih00375500
Oates, 2037
Sander, 5054
Badly cropped by binder, in particular at head.
On parchment.
Wanting leaves a1 and d8.
[136] leaves :
Original item identifier in source database: 5457054
",3,0,data/expanded/mei-corpus.json,2026-09-30T19:22:24.816430+00:00,https://data.cerl.org/mei/_search
00200589,00200589,https://data.cerl.org/mei/00200589,ih00375500,ih00375500,direct,LondonBL,"London, British Library","London, British Library",GB,,IA.23361,Horae: ad usum Romanum (Rome),,"Venice : Johannes Hamman, 14[93]",IT,lat,8°,liturgy,GW 13375,Goff O43 | CR 3087 = C 4471 | Boh(1924) 662 = Off. 77 | Essling 456 | Meyer-Baer p. 36 | Sander 5054 | IGI 4832 | Walsh 2234 | Oates 2037 | Pr 5190 | BMC V 425 | GW 13375,,eng,0,a,,,,5,0,data/expanded/mei-corpus.json,2026-09-30T19:22:24.816430+00:00,https://data.cerl.org/mei/_search
00200590,00200590,https://data.cerl.org/mei/00200590,ih00375500,ih00375500,direct,LondonBL,"London, British Library","London, British Library",GB,,IA.23362,Horae: ad usum Romanum (Rome),,"Venice : Johannes Hamman, 14[93]",IT,lat,8°,liturgy,GW 13375,Goff O43 | CR 3087 = C 4471 | Boh(1924) 662 = Off. 77 | Essling 456 | Meyer-Baer p. 36 | Sander 5054 | IGI 4832 | Walsh 2234 | Oates 2037 | Pr 5190 | BMC V 425 | GW 13375,,eng,1,a,,,A note in Italian of c.1500 on the first leaf,2,0,data/expanded/mei-corpus.json,2026-09-30T19:22:24.816430+00:00,https://data.cerl.org/mei/_search
02123919,02123919,https://data.cerl.org/mei/02123919,ih00376000,ih00376000,direct,VeneziaC,"Venezia, Biblioteca del Museo Correr",Venezia C,IT,,Op.P.D. 28581,Horae: ad usum Romanum (Rome) [Latin and French],,"Paris : Philippe Pigouchet, 19 Apr. 1494",FR,frm,8°,liturgy,GW 13177,Goff H376 | R 1764 | Boh(1924) 571 | Neveu 325 | IGI 4835 | IBPort 903 | GW 13177,Creato da Carlo Squarzon,ita,1,b,Esemplare pergamenaceo gravemente mutilo: possedute solo 6 carte del fascicolo e (e2-7).,,,2,0,data/expanded/mei-corpus.json,2026-09-30T19:22:26.731485+00:00,https://data.cerl.org/mei/_search
00204184,00204184,https://data.cerl.org/mei/00204184,ih00377300,ih00377300,direct,OxfordBodley,"Oxford, Bodleian Library",Oxford Bodley,GB,,Inc. g. I4.1494.1.,Horae: ad usum Romanum (Rome),,"Venice : Johannes Emericus de Spira, 30 Nov. 1494",IT,lat,16°,liturgy,GW 13379,Boh(1924) Off. 79 | Bod-inc H-164 | Sheppard 4561 | GW 13379,BodInc-Id: H-164(1),,,,,"{""identifier"": ""tih00377300"", ""source"": ""uktextinc""}",,2,0,data/expanded/mei-corpus.json,2026-09-30T19:22:36.733491+00:00,https://data.cerl.org/mei/_search
00200601,00200601,https://data.cerl.org/mei/00200601,ih00377300,ih00377300,direct,OxfordBodley,"Oxford, Bodleian Library",Oxford Bodley,GB,,Inc.g.I4.1494.1,Horae: ad usum Romanum (Rome),,"Venice : Johannes Emericus de Spira, 30 Nov. 1494",IT,lat,16°,liturgy,GW 13379,Boh(1924) Off. 79 | Bod-inc H-164 | Sheppard 4561 | GW 13379,,eng,,,,,,0,0,data/expanded/mei-corpus.json,2026-09-30T19:22:36.733491+00:00,https://data.cerl.org/mei/_search
02015305,02015305,https://data.cerl.org/mei/02015305,ih00377400,ih00377400,direct,LondonBL,"London, British Library","London, British Library",GB,,IA.40673,Horae: ad usum Romanum (Rome),,"Paris : Ulrich Gering and Berthold Rembolt, 16 Dec. 1494",FR,lat,8°,liturgy,GW 13061,C 3092 | Boh(1924) 224 = 572 = 574 | Pr 8302 | BMC VIII 28 | BSB-Ink H-339 | GW 13061,Created by A. Panzanelli and A. Rais.,eng,0,,,,"On vellum. Rubricated. Each line of text between red rules. Woodcuts heavily coloured. Part of the small woodcut at the head of Mayus-Iunius has been cut away. At the end are bound 27 additional leaves of vellum, bearing a 'Cursus de passione Christi' and a 'Cursus pro defunctis in manuscript'. On 1a is the signature of Johan Wilhelm Zur Madten, Altrath [of Solothurn?], 1657, in the top the armorial book-plate of Urs. Hos. Nic. Louis Glutz de Blozheim [of Solothurn], conseiller d'état, cy-dev. officier au service de Sardaigne, and on a fly-leaf the signature of Conrad Gluz von Blozheim, canonicus in Solothurn. At the foot of 1b is written: Ex dono D.ae B. n.tae B. a. 1781. Old black morocco (BMC).
The manuscript bound at the end mainly contents the two texts (Cursus de Passione Christi and a Cursus pro defunctis) written in 15th century bastard. Later, on the last leaf a list of saints has been added in a very different handwriting (antiqua in the shape used in the 18th century), listing many modern saints including several Jesuits.
Manuscript notes are mainly in German; there are also in French and Latin; e.g. on v8r three hands, four sentence, two in German, one in Latin (Deliberandum est diu, quod statuendum est semel) one in French (Fay bien Laysser dire). The portion of woodcut cut off on b4 is likely evidence of censorship, as the image represented the twins (the Gemini) naked.",8,0,data/expanded/mei-corpus.json,2026-09-30T19:22:38.903908+00:00,https://data.cerl.org/mei/_search
00200608,00200608,https://data.cerl.org/mei/00200608,ih00377550,ih00377550,direct,WolfenbuettelHAB,"Wolfenbüttel, Herzog August Bibliothek",Wolfenbüttel HAB,DE,,918.8 Theol.,Horae: ad usum Romanum (Rome),,"Turin : Nicolaus de Benedictis and Jacobinus Suigus, 31 Jan. 1495",IT,lat,8°,liturgy,GW 13354,Sander 5057 | Borm 1984 | GW 13354,,eng,,,,,,0,0,data/expanded/mei-corpus.json,2026-09-30T19:22:46.707208+00:00,https://data.cerl.org/mei/_search
02003117,02003117,https://data.cerl.org/mei/02003117,ih00377600,ih00377600,direct,BresciaC,"Brescia, Biblioteca Queriniana","Brescia, Biblioteca Queriniana",IT,,Inc.C.VII.18,Horae: ad usum Romanum (Rome) [French and Latin],,"Paris : Philippe Pigouchet, for Simon Vostre, 13 Feb. 1495/96",FR,frm,8°,liturgy,GW 13186,R 216 | Boh(1924) 577 | IGI 4837 | CIBN H-227a | GW 13186,,ita,1,,,,,2,0,data/expanded/mei-corpus.json,2026-09-30T19:22:48.736093+00:00,https://data.cerl.org/mei/_search
00200610,00200610,https://data.cerl.org/mei/00200610,ih00377800,ih00377800,direct,BerlinSB,"Berlin, Staatsbibliothek",Berlin SB,DE,,Inc. 3175.20,Horae: ad usum Romanum (Rome),,"Naples : Christian Preller, 13 Aug. 1495",IT,lat,8°,liturgy,GW 13346,"R 1293 | Boh(1924) 82 | Fav e Bres 180 | Sander 5059 | IGI 4839 | Schmitt II 3175,20 | GW 13346",,eng,,,,,,0,0,data/expanded/mei-corpus.json,2026-09-30T19:22:58.703515+00:00,https://data.cerl.org/mei/_search
00200611,00200611,https://data.cerl.org/mei/00200611,ih00377800,ih00377800,direct,ParmaPal,"Parma, Biblioteca Palatina",Parma Pal,IT,,Inc. Parm. 638,Horae: ad usum Romanum (Rome),,"Naples : Christian Preller, 13 Aug. 1495",IT,lat,8°,liturgy,GW 13346,"R 1293 | Boh(1924) 82 | Fav e Bres 180 | Sander 5059 | IGI 4839 | Schmitt II 3175,20 | GW 13346",,eng,,,,,,0,0,data/expanded/mei-corpus.json,2026-09-30T19:22:58.703515+00:00,https://data.cerl.org/mei/_search
02005124,02005124,https://data.cerl.org/mei/02005124,ih00378000,ih00378000,direct,MilanoTriv,"Milano, Archivio Storico Civico e Biblioteca Trivulziana","Milano, Archivio Storico Civico e Biblioteca Trivulziana",IT,,Triv. Inc. C 52,Horae: ad usum Romanum (Rome),,"Paris : Philippe Pigouchet, for Simon Vostre, 6 Oct. 1495",FR,lat,8°,liturgy,GW 13306,Goff H378 | Boh(1924) 581 | Brunet V col 1578: 23 | IGI 4840 (& Tav. XXVIII) | GW 13306,,ita,1,,,,,3,0,data/expanded/mei-corpus.json,2026-09-30T19:23:00.697843+00:00,https://data.cerl.org/mei/_search
00200579,00200579,https://data.cerl.org/mei/00200579,ih00378250,ih00378250,direct,VaticanoBAV,"Città del Vaticano, Biblioteca Apostolica Vaticana",Vaticano BAV,VA,,Inc. VI. 33,"Horae: ad usum Romanum (Rome) [Church Slavonic]. Oficij bl. dj. Marije i sedam psalmi pokorih. Add: Officia S. Spiritus, S. Crucis [Church Slavonic] Ofizie sueetoga karsta i Officie suetoga duha",,"[Venice? : n.pr., about 1495?]",IT,chu,16°,liturgy,GW 13397,"Bošnjak 37 & 38 | F. Fancev and C. Giannelli, Vatikanski hrvatski molitvenik (Zagreb 1934) pp. xxx-xxxiv, 251-88  | GW 13397",,eng,,,,,,0,0,data/expanded/mei-corpus.json,2026-09-30T19:23:06.707505+00:00,https://data.cerl.org/mei/_search
00200614,00200614,https://data.cerl.org/mei/00200614,ih00378300,ih00378300,direct,NewYorkNYPierpontMorganLibrary,"New York NY, The Morgan Library and Museum","New York NY, The Morgan Library and Museum",US,,"ChL 1238, Accession no. 464",Horae: ad usum Romanum (Rome),,"Naples : Ayolfus de Cantono, 22 Mar. 1496",IT,lat,8°,liturgy,GW 13347,Goff O44 | Fav e Bres 189 | Boh(1924) 83 | Sander 5060 | GW 13347,,eng,,,,,,0,0,data/expanded/mei-corpus.json,2026-09-30T19:23:08.702581+00:00,https://data.cerl.org/mei/_search
00200615,00200615,https://data.cerl.org/mei/00200615,ih00378400,ih00378400,direct,SalamancaBU,"Salamanca, Biblioteca General Histórica de la Universidad",Salamanca BU,ES,,I. 73,Horae: ad usum Romanum (Rome),,"Naples : Christian Preller, 26 Mar. 1496",IT,lat,16°,liturgy,GW 13348,Goff O45 | R 269 | Fav e Bres 182 | Boh(1924) 84 | IBE 2969 | GW 13348,,eng,,,,,,0,0,data/expanded/mei-corpus.json,2026-09-30T19:23:10.726000+00:00,https://data.cerl.org/mei/_search
00200616,00200616,https://data.cerl.org/mei/00200616,ih00378400,ih00378400,direct,SanMarinoHun,"San Marino CA, Huntington Library","San Marino CA, Huntington Library",US,,101432,Horae: ad usum Romanum (Rome),,"Naples : Christian Preller, 26 Mar. 1496",IT,lat,16°,liturgy,GW 13348,Goff O45 | R 269 | Fav e Bres 182 | Boh(1924) 84 | IBE 2969 | GW 13348,"Record created by John Lancaster, based on book in hand and Dondi.",eng,1,b,,,"Lacks leaves a1, h4-5, l5-6, o1, and o8; on o2r the first 12 lines introducing the prayer of St. Augustine are erased.",8,0,data/expanded/mei-corpus.json,2026-09-30T19:23:10.726000+00:00,https://data.cerl.org/mei/_search
00200617,00200617,https://data.cerl.org/mei/00200617,ih00378700,ih00378700,direct,ParisBN,"Paris, Bibliothèque nationale de France","Paris, BnF",FR,,Rés. Vélins 1476,Horae: ad usum Romanum (Rome),,"Venice : Johannes Emericus de Spira, for Lucantonio Giunta, 31 July 1496",IT,lat,24°,liturgy,GW 13381,"H 11994 | Boh(1924) Off. 86 | Lacombe 564 | Sander 5061 | Essling 459 | Camerini, Giunti 28 | Pell Ms 8678 (8553) | CIBN H-230 | GW 13381",,eng,,,,,,0,0,data/expanded/mei-corpus.json,2026-09-30T19:23:14.744914+00:00,https://data.cerl.org/mei/_search
00200618,00200618,https://data.cerl.org/mei/00200618,ih00378700,ih00378700,direct,VicenzaC,"Vicenza, Biblioteca Civica Bertoliana",Vicenza C,IT,,Inc. G.3.4.10,Horae: ad usum Romanum (Rome),,"Venice : Johannes Emericus de Spira, for Lucantonio Giunta, 31 July 1496",IT,lat,24°,liturgy,GW 13381,"H 11994 | Boh(1924) Off. 86 | Lacombe 564 | Sander 5061 | Essling 459 | Camerini, Giunti 28 | Pell Ms 8678 (8553) | CIBN H-230 | GW 13381",,eng,,,,,,0,0,data/expanded/mei-corpus.json,2026-09-30T19:23:14.744914+00:00,https://data.cerl.org/mei/_search
00200619,00200619,https://data.cerl.org/mei/00200619,ih00379100,ih00379100,direct,ModenaEst,"Modena, Biblioteca Estense Universitaria","Modena, Biblioteca Estense",IT,,[alfa]. Y. 9. 13,Horae: ad usum Romanum (Rome),,"Venice : Johannes Emericus de Spira, for Lucantonio Giunta, 31 Aug. 1496",IT,lat,32°,liturgy,GW 13382,"R 1590 | Boh(1924) Off. 87 | Camerini, Giunta 29  | Sander 5062 | Essling 460 | IGI 4844 | GW 13382",,eng,,,,,,0,0,data/expanded/mei-corpus.json,2026-09-30T19:23:18.724304+00:00,https://data.cerl.org/mei/_search
02013652,02013652,https://data.cerl.org/mei/02013652,ih00380000,ih00380000,direct,PrincetonUL,"Princeton NJ, Princeton University, Firestone Library, Rare Book Division","Princeton NJ, Princeton University, Firestone Library, Rare Book Division",US,,5942.247.12 IN PROCESS,Horae: ad usum Romanum (Rome) [French and Latin],,"Paris : Philippe Pigouchet, for Simon Vostre, 17 Sept. 1496",FR,frm,4°,liturgy,GW 13307,Goff H380 | C 3112 | Boh(1924) 595 = 596 | Lacombe 37 | Brunet Suppl col 606 | Pell Ms 5911 (5898) | CIBN H-231 | Buffévent 258 | Coq 270 | Torchet 447 | Deckert 370 | GW 13307,Record created by John Lancaster.,eng,0,b | l,,,,2,0,data/expanded/mei-corpus.json,2026-09-30T19:23:20.736531+00:00,https://data.cerl.org/mei/_search
02120319,02120319,https://data.cerl.org/mei/02120319,ih00380500,ih00380500,direct,WienONB,"Wien, Österreichische  Nationalbibliothek","Wien, ONB",AT,ZALT-INK,Ink 2.H.140,Horae: ad usum Romanum (Rome) [French and Latin],,"Paris : Philippe Pigouchet, for Simon Vostre, 23 Jan. 1496/97",FR,frm,8°,liturgy,GW 13190,Goff Suppl. H380a | HC 8849 | FairMur(F) 253 | Pr 8188 | BMC VIII 116 | GW 13190,,eng,0,,,,,1,0,data/expanded/mei-corpus.json,2026-09-30T19:23:24.719730+00:00,https://data.cerl.org/mei/_search
00560436,00560436,https://data.cerl.org/mei/00560436,ih00381100,ih00381100,direct,CambridgeUL,"Cambridge, University Library",Cambridge UL,GB,Inc.2-7,Inc.6.D.1.29[2579],Horae: ad usum Romanum (Rome),,"Paris : Philippe Pigouchet, for Simon Vostre, 6 Mar. 1497/98",FR,lat,8°,liturgy,GW 13209,"R 945 | Boh(1924) 599 | IGI 4846 | Oates 3072, 3073 | GW 13209",Original item identifier in source database: 5289895,eng,,,,,,1,0,data/expanded/mei-corpus.json,2026-09-30T19:23:26.705560+00:00,https://data.cerl.org/mei/_search
00560435,00560435,https://data.cerl.org/mei/00560435,ih00381100,ih00381100,direct,CambridgeUL,"Cambridge, University Library",Cambridge UL,GB,Inc.2-7,Inc.6.D.1.29[2578],Horae: ad usum Romanum (Rome),,"Paris : Philippe Pigouchet, for Simon Vostre, 6 Mar. 1497/98",FR,lat,8°,liturgy,GW 13209,"R 945 | Boh(1924) 599 | IGI 4846 | Oates 3072, 3073 | GW 13209",Original item identifier in source database: 5289887,eng,,,,,,3,0,data/expanded/mei-corpus.json,2026-09-30T19:23:26.705560+00:00,https://data.cerl.org/mei/_search
02115809,02115809,https://data.cerl.org/mei/02115809,ih00382000,ih00382000,direct,WienONB,"Wien, Österreichische  Nationalbibliothek","Wien, ONB",AT,ZALT-INK,Ink 13.H.13,Horae: ad usum Romanum (Rome) [Latin and French],,"Paris : Philippe Pigouchet, for Simon Vostre, 20 Mar., 17 Apr. 1497",FR,frm,8°,liturgy,GW 13250,Goff H382 | H[not C] 8852  | C 3114 = 3111 | Boh(1924) 600 = 591 | IGI 4847 | Günt(L) 2260 | Walsh 3652 | Pr 8189 | BMC VIII 117 | GW 13250,,eng,0,,,,,1,0,data/expanded/mei-corpus.json,2026-09-30T19:23:29.410954+00:00,https://data.cerl.org/mei/_search
00200621,00200621,https://data.cerl.org/mei/00200621,ih00383200,ih00383200,direct,WienONB,"Wien, Österreichische  Nationalbibliothek","Wien, ONB",AT,,Ink. 27-72,Horae: ad usum Romanum (Rome),,"Venice : [Johannes Emericus de Spira], 9 May 1497",IT,lat,32°,liturgy,GW 13383,"F. Unterkircher, in Gb Jb 1957 pp. 102-104  | Sander 5062 | Essling 460 | GW 13383",,eng,,,,,,0,0,data/expanded/mei-corpus.json,2026-09-30T19:23:33.632282+00:00,https://data.cerl.org/mei/_search
02108010,02108010,https://data.cerl.org/mei/02108010,ih00383200,ih00383200,direct,WienONB,"Wien, Österreichische  Nationalbibliothek","Wien, ONB",AT,,Ink 27-72,Horae: ad usum Romanum (Rome),,"Venice : [Johannes Emericus de Spira], 9 May 1497",IT,lat,32°,liturgy,GW 13383,"F. Unterkircher, in Gb Jb 1957 pp. 102-104  | Sander 5062 | Essling 460 | GW 13383","Einziges bekanntes Exemplar mit diesem Druckdatum; Pergamentdruck.  | Blaue und goldene Lombarden. Holzschnitte, Leisten und Initialen mit Deckfarben und Blattgold koloriert bzw. übermalt, Seiten mit Initialholzschnitten (u. a. Brustprofil biblischer Könige) an den Rändern durch Zierleisten (krapprote und blaue Blüten, goldener Filigrangrund, Goldpollen), verbunden mit mehrfarbigen Säulen, ergänzt. Venezianische Werkstatt, um 1500.  | Metalleinband: beide Holzdeckel und Rücken mit Gewebe aus glänzenden Metallfäden in Rautenmusterung überzogen. Auf VD / HD durchbrochene Messingrahmen (Kreuzblüten-Leiste) mit Nägeln fixiert, an den Ecken jeweils Buckel in Blattform. Stehkanten dreiseitig von ornamentiertem Metallrahmen (Eierstabmuster) umfaßt, Messingschließe mit Kettengliedverzierung erhalten, grün-gelbes Kapital, dreiseitiger Goldschnitt (punziertes Rautenmuster), Pergamentvorsatz. - 82x58mm.  | Bl.1a unterhalb des rot gedruckten Titels Wappen in Deckfarbenmalerei: Tropfenumrissform, darin rote heraldische Lilie auf gelb-grün gespaltenem Grund (verblichen), flankiert von Monogramm L A. Unterkircher konnte das Wappen für Venedig nicht identifizieren (S.103), wies aber auf die Wiederholung der Wappenlilien in den gedruckten Holzschnittleisten Bl.k8a und t3a hin. Seine Vermutung eines Zusammenhangs bereits mit der Entstehung des Druckes läßt sich bestätigen: Vorlage war das Verlegersignet von Lucantonio Giunta (die florentinische Lilie, vgl. Husung 151-155), der die meisten Drucke Johann Emerichs in Auftrag gab, auch die unmittelbar vor und nach dem vorliegenden Druck entstandenen Officium-Ausgaben (GW 13382 und GW 13388 im Impressum genannt, GW 13384 und GW 13387 Verlegermarke unterhalb des Titels). Das Wappen ist daher als Beweis der Verlegertätigkeit L. A. Giuntas auch für diese Ausgabe und nicht als Vorbesitzereintrag zu deuten. - Im 19. Jh in der Fideikommissbibliothek Habsburg-Lothringen: auf Bl.1a zwei Stempel dieser Bibliothek.  | 1921 durch Zuweisung der Fideikommissbibliothek an die Nationalbibliothek (zunächst Cod. Ser. n. 13249, 312-310) gelangt.  | Unterkircher, Franz: Ein Inkunabel-Unikum der Österreichischen Nationalbibliothek und dessen eigenartiger Einband. In: Gutenberg-Jahrbuch 1957 S.102-104. - Husung, Max Joseph: Die Drucker- und Verlegerzeichen Italiens im XV. Jahrhundert. München 1929, S.109-110 (von den 5 Signeten Giuntas kommt Nr.155 / V dem vorliegenden, wohl aus formatbedingter Raumknappheit gemalten Wappen am nächsten).  | Wien, ÖNB (Ink 27-72: vellum)  | 160 Bl. (a–v⁸) 16–19, in Leisten 11 Z.",eng,,,,,,1,0,data/expanded/mei-corpus.json,2026-09-30T19:23:33.632282+00:00,https://data.cerl.org/mei/_search
00205892,00205892,https://data.cerl.org/mei/00205892,ih00383500,ih00383500,direct,OxfordBodley,"Oxford, Bodleian Library",Oxford Bodley,GB,,Broxb. 77.2.,Horae: ad usum Romanum (Rome) [French and Latin],,"Paris : Philippe Pigouchet, for Simon Vostre, 9 June 1497",FR,frm,4°,liturgy,GW 13252,C 3115 | Boh(1924) 603 = 604 | Pell Ms 5915 (5901) | CIBN H-233 | Buffévent 259 | Lefèvre 235 | IGI 4848 | Bod-inc H-166 | GW 13252,BodInc-Id: H-166(1),,,,,"{""identifier"": ""tih00383500"", ""source"": ""uktextinc""}",,4,0,data/expanded/mei-corpus.json,2026-09-30T19:23:34.931846+00:00,https://data.cerl.org/mei/_search
02148434,02148434,https://data.cerl.org/mei/02148434,ih00384000,ih00384000,direct,TorinoN,"Torino, Biblioteca Nazionale Universitaria",Torino N,IT,,XV.VIII.267,Horae: ad usum Romanum (Rome) [Latin and French],,"Paris : J[ohann] P[hilippi de Cruzenach], for Thielman Kerver, 27 June 1497",FR,frm,8°,liturgy,GW 13157,Goff H384 | R 1765 | Boh(1924) 605 = 623 | IGI 4849 | GW 13157,Creato da Camilla Marangoni.,ita,,,,,,3,0,data/expanded/mei-corpus.json,2026-09-30T19:23:36.724159+00:00,https://data.cerl.org/mei/_search
02018156,02018156,https://data.cerl.org/mei/02018156,ih00385000,ih00385000,direct,RomaN,"Roma, Biblioteca Nazionale Centrale Vittorio Emanuele II",Roma N,IT,,70.2.A.22,Horae: ad usum Romanum (Rome) [French and Latin],,"Paris : Philippe Pigouchet, for Simon Vostre, 7 July 1497",FR,frm,8°,liturgy,GW 13196,Goff H385 | R 561 | Boh(1924) 606 | Zdanevich 243 | Kraus Cat 98: 31  | IGI 4850 | GW 13196,Creato da Valentina Piccinin,ita,0,,,"{""identifier"": 4850, ""source"": ""itigi""}",,2,0,data/expanded/mei-corpus.json,2026-09-30T19:23:39.076364+00:00,https://data.cerl.org/mei/_search
02003343,02003343,https://data.cerl.org/mei/02003343,ih00386050,ih00386050,direct,BresciaC,"Brescia, Biblioteca Queriniana","Brescia, Biblioteca Queriniana",IT,,Inc.G.VII.11,Horae: ad usum Romanum (Rome) [French and Latin],,"Paris : Etienne Jehannot, 15 July 1497",FR,frm,8°,liturgy,GW 13197,"Boh(1924) 607 | Coq 271 | Fernillot 313 (II) | IGI VI 4851-A | Baroncelli, Inc. Quer., 490  | GW 13197",,ita,1,,,,,2,0,data/expanded/mei-corpus.json,2026-09-30T19:23:42.997453+00:00,https://data.cerl.org/mei/_search
00200623,00200623,https://data.cerl.org/mei/00200623,ih00388800,ih00388800,direct,ParisBN,"Paris, Bibliothèque nationale de France","Paris, BnF",FR,,Rés. Vélins 1475,Horae: ad usum Romanum (Rome),,"Venice : Johannes Emericus, de Spira, for Lucantonio Giunta, 31 July 1497",IT,lat,16°,liturgy,GW 13384,"Boh(1924) Off. 81 | Sander 5058 = 5063 | Essling 458 = 461 | Lacombe 563 | Camerini, Giunti 23 | Pell Ms 8677 (8552) | CIBN H-228 | IGI 4852 | GW 13384",,eng,,,,,,0,0,data/expanded/mei-corpus.json,2026-09-30T19:23:49.223324+00:00,https://data.cerl.org/mei/_search
00200622,00200622,https://data.cerl.org/mei/00200622,ih00388800,ih00388800,direct,MilanoTriv,"Milano, Archivio Storico Civico e Biblioteca Trivulziana","Milano, Archivio Storico Civico e Biblioteca Trivulziana",IT,,Triv. Inc. E 25,Horae: ad usum Romanum (Rome),,"Venice : Johannes Emericus, de Spira, for Lucantonio Giunta, 31 July 1497",IT,lat,16°,liturgy,GW 13384,"Boh(1924) Off. 81 | Sander 5058 = 5063 | Essling 458 = 461 | Lacombe 563 | Camerini, Giunti 23 | Pell Ms 8677 (8552) | CIBN H-228 | IGI 4852 | GW 13384",,ita,1,a,,,,4,0,data/expanded/mei-corpus.json,2026-09-30T19:23:49.223324+00:00,https://data.cerl.org/mei/_search
00206978,00206978,https://data.cerl.org/mei/00206978,ih00389000,ih00389000,direct,OxfordBodley,"Oxford, Bodleian Library",Oxford Bodley,GB,,Lawn f.1.,Horae: ad usum Romanum (Rome) [French and Latin],,"[Paris : Etienne Jehannot, between 21 Aug. 1497 and 15 May 1498]",FR,frm,8°,liturgy,GW 13194,Goff H389 | Boh(1924) 442 | Lacombe 46 | Pell Ms 5890-5891 (5877) | CIBN H-239 | Madsen 2019 | Ohly-Sack 1487 | Morg(B) 575 | Morg 1510 | Bod-inc H-167A | GW 13194,BodInc-Id: H-167A(1),eng,,,,"{""identifier"": ""tih00389000"", ""source"": ""uktextinc""}",,4,0,data/expanded/mei-corpus.json,2026-09-30T19:23:50.738405+00:00,https://data.cerl.org/mei/_search
00200624,00200624,https://data.cerl.org/mei/00200624,ih00389500,ih00389500,direct,ParmaPal,"Parma, Biblioteca Palatina",Parma Pal,IT,,Inc. Parm. 24,Horae: ad usum Romanum (Rome),,"Venice : Johannes Hamman for Octavianus Scotus, 1 Oct. 1497",IT,lat,8°,liturgy,GW 13385,R 1294 | Boh(1924) Off. 90 | Sander 5064 | Essling 462 | IGI 4854 | GW 13385,,eng,,,,,,0,0,data/expanded/mei-corpus.json,2026-09-30T19:23:52.909069+00:00,https://data.cerl.org/mei/_search
02125950,02125950,https://data.cerl.org/mei/02125950,ih00389800,ih00389800,direct,TradeCopy,Trade Copy,Trade Copy,,,"London, Bernard Quaritch, 2018",Horae: ad usum Romanum (Rome) [French and Latin],,"[Paris] : Etienne Jehannot, 20 Oct. 1497",FR,frm,8°,liturgy,GW 13200,GW 13200,Created by Andrea Mazzocchi and Geri Della Rocca de Candal. ,eng,1,a,,,"Wanting final, presumably blank, leaf.",8,0,data/expanded/mei-corpus.json,2026-09-30T19:23:54.732167+00:00,https://data.cerl.org/mei/_search
02154477,02154477,https://data.cerl.org/mei/02154477,ih00390000,ih00390000,direct,VallettaNL,"Valletta, National Library of Malta","Valletta, National Library of Malta",MT,,Inc. 24,Horae: ad usum Romanum (Rome),,"Paris : Philippe Pigouchet, for Simon Vostre, 4 Nov. 1497",FR,lat,4°,liturgy,GW 13310,Goff H390 | C 3096 = 3108 | Boh(1924) 482 = 615 = 616 | Lacombe 49 | Pell Ms 5919 (5906) | CIBN H-238 | Péligry 422 | IBE 2965 | Martín Abad H-51 | Pr 8191 | BMC VIII 118 | GW 13310,Created by Anna Scala (Translation sponsored by Malta Libraries),eng,1,b,"four missing folios (c2, c7, h4, h8) were replaced with blank leaves",,"Missing leaves c2, c7, h4, h8",1,0,data/expanded/mei-corpus.json,2026-09-30T19:23:56.711983+00:00,https://data.cerl.org/mei/_search
00200656,00200656,https://data.cerl.org/mei/00200656,ih00391000,ih00391000,direct,VeronaC,"Verona, Biblioteca Civica",Verona C,IT,,Inc. 3,Horae: ad usum Romanum (Rome) [Greek],,"Venice : Aldus Manutius, Romanus, 5 Dec. 1497",IT,grc,16°,liturgy,GW 13396,"Goff H391 | HR 8830 | Boh(1924) 1484 = Off. 91 | Essling 463 | Sander 5065 | Ahmanson-Murphy 17 | Lacombe 565-67 | Pell Ms 5920 (5907a-c, f-h) | CIBN H-251 | Hillard 1044 | Delisle 912 | IGI 4870 | Voull(B) 4497 | Schmitt I 4497 | Kind(Göttingen) 969 | Walsh 2654 | Rhodes(Oxford Colleges) 939 | Bod-inc H-169 | Sheppard 4642 | Pr 5560 | BMC V 558 | GW 13396",Created by Cristina Dondi and Geri Della Rocca de Candal.,eng,1,a | e,Variant C.,,,3,0,data/expanded/mei-corpus.json,2026-09-30T19:24:05.580188+00:00,https://data.cerl.org/mei/_search
00200662,00200662,https://data.cerl.org/mei/00200662,ih00391000,ih00391000,direct,PrincetonUL,"Princeton NJ, Princeton University, Firestone Library, Rare Book Division","Princeton NJ, Princeton University, Firestone Library, Rare Book Division",US,Scheide Library,39.5,Horae: ad usum Romanum (Rome) [Greek],,"Venice : Aldus Manutius, Romanus, 5 Dec. 1497",IT,grc,16°,liturgy,GW 13396,"Goff H391 | HR 8830 | Boh(1924) 1484 = Off. 91 | Essling 463 | Sander 5065 | Ahmanson-Murphy 17 | Lacombe 565-67 | Pell Ms 5920 (5907a-c, f-h) | CIBN H-251 | Hillard 1044 | Delisle 912 | IGI 4870 | Voull(B) 4497 | Schmitt I 4497 | Kind(Göttingen) 969 | Walsh 2654 | Rhodes(Oxford Colleges) 939 | Bod-inc H-169 | Sheppard 4642 | Pr 5560 | BMC V 558 | GW 13396","Former shelfmark: 5.3.3 | Record created by John Lancaster and Cristina Dondi, rev. Geri Della Rocca de Candal.",eng,1,a | e | k,Variant B.,,,7,0,data/expanded/mei-corpus.json,2026-09-30T19:24:05.580188+00:00,https://data.cerl.org/mei/_search
00200665,00200665,https://data.cerl.org/mei/00200665,ih00391000,ih00391000,direct,RomaVall,"Roma, Biblioteca Vallicelliana",Roma Vall,IT,,Inc. 109,Horae: ad usum Romanum (Rome) [Greek],,"Venice : Aldus Manutius, Romanus, 5 Dec. 1497",IT,grc,16°,liturgy,GW 13396,"Goff H391 | HR 8830 | Boh(1924) 1484 = Off. 91 | Essling 463 | Sander 5065 | Ahmanson-Murphy 17 | Lacombe 565-67 | Pell Ms 5920 (5907a-c, f-h) | CIBN H-251 | Hillard 1044 | Delisle 912 | IGI 4870 | Voull(B) 4497 | Schmitt I 4497 | Kind(Göttingen) 969 | Walsh 2654 | Rhodes(Oxford Colleges) 939 | Bod-inc H-169 | Sheppard 4642 | Pr 5560 | BMC V 558 | GW 13396",Created by Cristina Dondi and Geri Della Rocca de Candal,eng,1,b | e | i,Variant B,,Wanting α1.,4,0,data/expanded/mei-corpus.json,2026-09-30T19:24:05.580188+00:00,https://data.cerl.org/mei/_search
00201125,00201125,https://data.cerl.org/mei/00201125,ih00391000,ih00391000,direct,AthensGennad,"Athens, Gennadius Library","Athens, Gennadius",GR,,B/T 828,Horae: ad usum Romanum (Rome) [Greek],,"Venice : Aldus Manutius, Romanus, 5 Dec. 1497",IT,grc,16°,liturgy,GW 13396,"Goff H391 | HR 8830 | Boh(1924) 1484 = Off. 91 | Essling 463 | Sander 5065 | Ahmanson-Murphy 17 | Lacombe 565-67 | Pell Ms 5920 (5907a-c, f-h) | CIBN H-251 | Hillard 1044 | Delisle 912 | IGI 4870 | Voull(B) 4497 | Schmitt I 4497 | Kind(Göttingen) 969 | Walsh 2654 | Rhodes(Oxford Colleges) 939 | Bod-inc H-169 | Sheppard 4642 | Pr 5560 | BMC V 558 | GW 13396",Created by Geri Della Rocca de Candal and Stavros Grimanis. Rev. Cristina Dondi. See Dondi 58(1).,eng,0,,,,Variant B,6,0,data/expanded/mei-corpus.json,2026-09-30T19:24:05.580188+00:00,https://data.cerl.org/mei/_search
00200636,00200636,https://data.cerl.org/mei/00200636,ih00391000,ih00391000,direct,FirenzeLaur,"Firenze, Biblioteca Medicea Laurenziana",Firenze Laur,IT,,D'Elci 926,Horae: ad usum Romanum (Rome) [Greek],,"Venice : Aldus Manutius, Romanus, 5 Dec. 1497",IT,grc,16°,liturgy,GW 13396,"Goff H391 | HR 8830 | Boh(1924) 1484 = Off. 91 | Essling 463 | Sander 5065 | Ahmanson-Murphy 17 | Lacombe 565-67 | Pell Ms 5920 (5907a-c, f-h) | CIBN H-251 | Hillard 1044 | Delisle 912 | IGI 4870 | Voull(B) 4497 | Schmitt I 4497 | Kind(Göttingen) 969 | Walsh 2654 | Rhodes(Oxford Colleges) 939 | Bod-inc H-169 | Sheppard 4642 | Pr 5560 | BMC V 558 | GW 13396","Created by Cristina Dondi. See Dondi, Printed Books of Hours, no. 58(9).",eng,,,,,,3,0,data/expanded/mei-corpus.json,2026-09-30T19:24:05.580188+00:00,https://data.cerl.org/mei/_search
00200625,00200625,https://data.cerl.org/mei/00200625,ih00391000,ih00391000,direct,BaltimoreMDWalters,"Baltimore MD, The Walters Art Museum Library","Baltimore MD, Walters Art Gallery",US,,91.1273,Horae: ad usum Romanum (Rome) [Greek],,"Venice : Aldus Manutius, Romanus, 5 Dec. 1497",IT,grc,16°,liturgy,GW 13396,"Goff H391 | HR 8830 | Boh(1924) 1484 = Off. 91 | Essling 463 | Sander 5065 | Ahmanson-Murphy 17 | Lacombe 565-67 | Pell Ms 5920 (5907a-c, f-h) | CIBN H-251 | Hillard 1044 | Delisle 912 | IGI 4870 | Voull(B) 4497 | Schmitt I 4497 | Kind(Göttingen) 969 | Walsh 2654 | Rhodes(Oxford Colleges) 939 | Bod-inc H-169 | Sheppard 4642 | Pr 5560 | BMC V 558 | GW 13396",Created by Cristina Dondi. See Dondi 58(3).,eng,,,,,Variant B,7,0,data/expanded/mei-corpus.json,2026-09-30T19:24:05.580188+00:00,https://data.cerl.org/mei/_search
00200634,00200634,https://data.cerl.org/mei/00200634,ih00391000,ih00391000,direct,HarvardHoughton,"Cambridge MA, Harvard University, Houghton Library","Cambridge MA, Harvard University, Houghton Library",US,,WKR 2.3.15,Horae: ad usum Romanum (Rome) [Greek],,"Venice : Aldus Manutius, Romanus, 5 Dec. 1497",IT,grc,16°,liturgy,GW 13396,"Goff H391 | HR 8830 | Boh(1924) 1484 = Off. 91 | Essling 463 | Sander 5065 | Ahmanson-Murphy 17 | Lacombe 565-67 | Pell Ms 5920 (5907a-c, f-h) | CIBN H-251 | Hillard 1044 | Delisle 912 | IGI 4870 | Voull(B) 4497 | Schmitt I 4497 | Kind(Göttingen) 969 | Walsh 2654 | Rhodes(Oxford Colleges) 939 | Bod-inc H-169 | Sheppard 4642 | Pr 5560 | BMC V 558 | GW 13396","Record created by John Lancaster. | This copy has the setting of quire [kappa]^8 that is designated B (corrected) in Curt F. Bühler, “Notes on two incunabula printed by Aldus Manutius,” Papers of the Bibliographical Society of America 36 (1942): 18-26. Bühler suggests that the 16-leaf ""Brevissima introductio ad litteras Graecas"" found in some copies could be had separately; this copy does not include the ""Brevissima introductio.""",eng,1,a | e | k,,,,5,0,data/expanded/mei-corpus.json,2026-09-30T19:24:05.580188+00:00,https://data.cerl.org/mei/_search
00200635,00200635,https://data.cerl.org/mei/00200635,ih00391000,ih00391000,direct,ChantillyMConde,"Chantilly, Musée Condé",Chantilly MCondé,FR,,VI-F-028,Horae: ad usum Romanum (Rome) [Greek],,"Venice : Aldus Manutius, Romanus, 5 Dec. 1497",IT,grc,16°,liturgy,GW 13396,"Goff H391 | HR 8830 | Boh(1924) 1484 = Off. 91 | Essling 463 | Sander 5065 | Ahmanson-Murphy 17 | Lacombe 565-67 | Pell Ms 5920 (5907a-c, f-h) | CIBN H-251 | Hillard 1044 | Delisle 912 | IGI 4870 | Voull(B) 4497 | Schmitt I 4497 | Kind(Göttingen) 969 | Walsh 2654 | Rhodes(Oxford Colleges) 939 | Bod-inc H-169 | Sheppard 4642 | Pr 5560 | BMC V 558 | GW 13396",Created by Cristina Dondi,eng,,,,,,3,0,data/expanded/mei-corpus.json,2026-09-30T19:24:05.580188+00:00,https://data.cerl.org/mei/_search
00200648,00200648,https://data.cerl.org/mei/00200648,ih00391000,ih00391000,direct,ParisMazarine,"Paris, Bibliothèque Mazarine","Paris, Bibliothèque Mazarine",FR,,Inc. 950 1e p.,Horae: ad usum Romanum (Rome) [Greek],,"Venice : Aldus Manutius, Romanus, 5 Dec. 1497",IT,grc,16°,liturgy,GW 13396,"Goff H391 | HR 8830 | Boh(1924) 1484 = Off. 91 | Essling 463 | Sander 5065 | Ahmanson-Murphy 17 | Lacombe 565-67 | Pell Ms 5920 (5907a-c, f-h) | CIBN H-251 | Hillard 1044 | Delisle 912 | IGI 4870 | Voull(B) 4497 | Schmitt I 4497 | Kind(Göttingen) 969 | Walsh 2654 | Rhodes(Oxford Colleges) 939 | Bod-inc H-169 | Sheppard 4642 | Pr 5560 | BMC V 558 | GW 13396",Created by Cristina Dondi and Geri Della Rocca de Candal.,eng,1,a | e,"Variant unknown. 

One of six copies bound with Manutius's Brevissima Introductio (Florence Seminario, Moscow, Munich, NY Morgan (2 copies), Paris Mazarine). ",,,3,0,data/expanded/mei-corpus.json,2026-09-30T19:24:05.580188+00:00,https://data.cerl.org/mei/_search
00200651,00200651,https://data.cerl.org/mei/00200651,ih00391000,ih00391000,direct,ParisBN,"Paris, Bibliothèque nationale de France","Paris, BnF",FR,,Rés. B. 13619,Horae: ad usum Romanum (Rome) [Greek],,"Venice : Aldus Manutius, Romanus, 5 Dec. 1497",IT,grc,16°,liturgy,GW 13396,"Goff H391 | HR 8830 | Boh(1924) 1484 = Off. 91 | Essling 463 | Sander 5065 | Ahmanson-Murphy 17 | Lacombe 565-67 | Pell Ms 5920 (5907a-c, f-h) | CIBN H-251 | Hillard 1044 | Delisle 912 | IGI 4870 | Voull(B) 4497 | Schmitt I 4497 | Kind(Göttingen) 969 | Walsh 2654 | Rhodes(Oxford Colleges) 939 | Bod-inc H-169 | Sheppard 4642 | Pr 5560 | BMC V 558 | GW 13396",Created by Cristina Dondi and Geri Della Rocca de Candal.,eng,1,a | e,Variant B.,,,2,0,data/expanded/mei-corpus.json,2026-09-30T19:24:05.580188+00:00,https://data.cerl.org/mei/_search
00200654,00200654,https://data.cerl.org/mei/00200654,ih00391000,ih00391000,direct,VaticanoBAV,"Città del Vaticano, Biblioteca Apostolica Vaticana",Vaticano BAV,VA,,Inc. Ross. 987,Horae: ad usum Romanum (Rome) [Greek],,"Venice : Aldus Manutius, Romanus, 5 Dec. 1497",IT,grc,16°,liturgy,GW 13396,"Goff H391 | HR 8830 | Boh(1924) 1484 = Off. 91 | Essling 463 | Sander 5065 | Ahmanson-Murphy 17 | Lacombe 565-67 | Pell Ms 5920 (5907a-c, f-h) | CIBN H-251 | Hillard 1044 | Delisle 912 | IGI 4870 | Voull(B) 4497 | Schmitt I 4497 | Kind(Göttingen) 969 | Walsh 2654 | Rhodes(Oxford Colleges) 939 | Bod-inc H-169 | Sheppard 4642 | Pr 5560 | BMC V 558 | GW 13396",Created by Cristina Dondi and Geri Della Rocca de Candal.,eng,1,b | e | h,Variant A.,,"Wanting α1, supplied in ms, including the illustration on α1v.",4,0,data/expanded/mei-corpus.json,2026-09-30T19:24:05.580188+00:00,https://data.cerl.org/mei/_search
00200655,00200655,https://data.cerl.org/mei/00200655,ih00391000,ih00391000,direct,VaticanoBAV,"Città del Vaticano, Biblioteca Apostolica Vaticana",Vaticano BAV,VA,,Inc. VI 6,Horae: ad usum Romanum (Rome) [Greek],,"Venice : Aldus Manutius, Romanus, 5 Dec. 1497",IT,grc,16°,liturgy,GW 13396,"Goff H391 | HR 8830 | Boh(1924) 1484 = Off. 91 | Essling 463 | Sander 5065 | Ahmanson-Murphy 17 | Lacombe 565-67 | Pell Ms 5920 (5907a-c, f-h) | CIBN H-251 | Hillard 1044 | Delisle 912 | IGI 4870 | Voull(B) 4497 | Schmitt I 4497 | Kind(Göttingen) 969 | Walsh 2654 | Rhodes(Oxford Colleges) 939 | Bod-inc H-169 | Sheppard 4642 | Pr 5560 | BMC V 558 | GW 13396",Created by Cristina Dondi and Geri Della Rocca de Candal,eng,1,a | e,Variant B,,,2,0,data/expanded/mei-corpus.json,2026-09-30T19:24:05.580188+00:00,https://data.cerl.org/mei/_search
00200661,00200661,https://data.cerl.org/mei/00200661,ih00391000,ih00391000,direct,PistoiaFabr,"Pistoia, Biblioteca Capitolare Fabroniana",Pistoia Fabr,IT,,L.83,Horae: ad usum Romanum (Rome) [Greek],,"Venice : Aldus Manutius, Romanus, 5 Dec. 1497",IT,grc,16°,liturgy,GW 13396,"Goff H391 | HR 8830 | Boh(1924) 1484 = Off. 91 | Essling 463 | Sander 5065 | Ahmanson-Murphy 17 | Lacombe 565-67 | Pell Ms 5920 (5907a-c, f-h) | CIBN H-251 | Hillard 1044 | Delisle 912 | IGI 4870 | Voull(B) 4497 | Schmitt I 4497 | Kind(Göttingen) 969 | Walsh 2654 | Rhodes(Oxford Colleges) 939 | Bod-inc H-169 | Sheppard 4642 | Pr 5560 | BMC V 558 | GW 13396",Created by Cristina Dondi and Geri Della Rocca de Candal.,eng,1,b | e,Variant unknown. ,,Wanting α1.,3,0,data/expanded/mei-corpus.json,2026-09-30T19:24:05.580188+00:00,https://data.cerl.org/mei/_search
00200637,00200637,https://data.cerl.org/mei/00200637,ih00391000,ih00391000,direct,FirenzeSem,"Firenze, Biblioteca del Seminario arcivescovile maggiore",Firenze Sem,IT,,D. V. 15,Horae: ad usum Romanum (Rome) [Greek],,"Venice : Aldus Manutius, Romanus, 5 Dec. 1497",IT,grc,16°,liturgy,GW 13396,"Goff H391 | HR 8830 | Boh(1924) 1484 = Off. 91 | Essling 463 | Sander 5065 | Ahmanson-Murphy 17 | Lacombe 565-67 | Pell Ms 5920 (5907a-c, f-h) | CIBN H-251 | Hillard 1044 | Delisle 912 | IGI 4870 | Voull(B) 4497 | Schmitt I 4497 | Kind(Göttingen) 969 | Walsh 2654 | Rhodes(Oxford Colleges) 939 | Bod-inc H-169 | Sheppard 4642 | Pr 5560 | BMC V 558 | GW 13396","Created by Cristina Dondi; see Dondi, Printed Books of Hours, no. 58(10)",eng,,l,,,"Variant B. Bound with Brevissima introductio. The two editions are misbound in the following order: ξ8, α1-8 of the Brevissima introductio, α-β8, [γ supplied in manuscript], δ1-7, [δ8 supplied in manuscript], ε-λ8, μ1-6, [μ7-8 missing], ν, ξ1-7.",5,1,data/expanded/mei-corpus.json,2026-09-30T19:24:05.580188+00:00,https://data.cerl.org/mei/_search
00200642,00200642,https://data.cerl.org/mei/00200642,ih00391000,ih00391000,direct,MunchenBSB,"München, Bayerische Staatsbibliothek",München BSB,DE,,Rar. 1582,Horae: ad usum Romanum (Rome) [Greek],,"Venice : Aldus Manutius, Romanus, 5 Dec. 1497",IT,grc,16°,liturgy,GW 13396,"Goff H391 | HR 8830 | Boh(1924) 1484 = Off. 91 | Essling 463 | Sander 5065 | Ahmanson-Murphy 17 | Lacombe 565-67 | Pell Ms 5920 (5907a-c, f-h) | CIBN H-251 | Hillard 1044 | Delisle 912 | IGI 4870 | Voull(B) 4497 | Schmitt I 4497 | Kind(Göttingen) 969 | Walsh 2654 | Rhodes(Oxford Colleges) 939 | Bod-inc H-169 | Sheppard 4642 | Pr 5560 | BMC V 558 | GW 13396",Created by Cristina Dondi and Geri Della Rocca de Candal.,eng,1,b,"One of six copies bound with Manutius's Brevissima Introductio (Florence Seminario, Moscow, Munich, NY Morgan (2 copies), Paris Mazarine). In this case, however, there is only the Brevissima Introductio. ",,,4,0,data/expanded/mei-corpus.json,2026-09-30T19:24:05.580188+00:00,https://data.cerl.org/mei/_search
00200663,00200663,https://data.cerl.org/mei/00200663,ih00391000,ih00391000,direct,BYUL,"Provo UT, Brigham Young University, Harold B. Lee Library","Provo UT, Brigham Young University, Harold B. Lee Library",US,,1497 n. 13 1 History of Printing Collection Aldine Collection,Horae: ad usum Romanum (Rome) [Greek],,"Venice : Aldus Manutius, Romanus, 5 Dec. 1497",IT,grc,16°,liturgy,GW 13396,"Goff H391 | HR 8830 | Boh(1924) 1484 = Off. 91 | Essling 463 | Sander 5065 | Ahmanson-Murphy 17 | Lacombe 565-67 | Pell Ms 5920 (5907a-c, f-h) | CIBN H-251 | Hillard 1044 | Delisle 912 | IGI 4870 | Voull(B) 4497 | Schmitt I 4497 | Kind(Göttingen) 969 | Walsh 2654 | Rhodes(Oxford Colleges) 939 | Bod-inc H-169 | Sheppard 4642 | Pr 5560 | BMC V 558 | GW 13396",Created by Cristina Dondi and Geri Della Rocca de Candal.,eng,1,b | e,Variant unknown. ,,Wanting first and last leaves.,3,0,data/expanded/mei-corpus.json,2026-09-30T19:24:05.580188+00:00,https://data.cerl.org/mei/_search
02011583,02011583,https://data.cerl.org/mei/02011583,ih00391000,ih00391000,direct,LondonBL,"London, British Library","London, British Library",GB,Grenville Library,G.12135,Horae: ad usum Romanum (Rome) [Greek],,"Venice : Aldus Manutius, Romanus, 5 Dec. 1497",IT,grc,16°,liturgy,GW 13396,"Goff H391 | HR 8830 | Boh(1924) 1484 = Off. 91 | Essling 463 | Sander 5065 | Ahmanson-Murphy 17 | Lacombe 565-67 | Pell Ms 5920 (5907a-c, f-h) | CIBN H-251 | Hillard 1044 | Delisle 912 | IGI 4870 | Voull(B) 4497 | Schmitt I 4497 | Kind(Göttingen) 969 | Walsh 2654 | Rhodes(Oxford Colleges) 939 | Bod-inc H-169 | Sheppard 4642 | Pr 5560 | BMC V 558 | GW 13396","Created by A. Panzanelli. See Dondi, Printed Books of Hours, no. 58(12)",eng,,,,,Variant B,2,0,data/expanded/mei-corpus.json,2026-09-30T19:24:05.580188+00:00,https://data.cerl.org/mei/_search
02126726,02126726,https://data.cerl.org/mei/02126726,ih00391000,ih00391000,direct,KrakowJ,"Kraków, Biblioteka Jagiellońska","Kraków, Biblioteka Jagiellońska",PL,Księgozbiór Kamedułów (Bielany's Camaldolese book collection),BJ Cam. X. I. 9,Horae: ad usum Romanum (Rome) [Greek],,"Venice : Aldus Manutius, Romanus, 5 Dec. 1497",IT,grc,16°,liturgy,GW 13396,"Goff H391 | HR 8830 | Boh(1924) 1484 = Off. 91 | Essling 463 | Sander 5065 | Ahmanson-Murphy 17 | Lacombe 565-67 | Pell Ms 5920 (5907a-c, f-h) | CIBN H-251 | Hillard 1044 | Delisle 912 | IGI 4870 | Voull(B) 4497 | Schmitt I 4497 | Kind(Göttingen) 969 | Walsh 2654 | Rhodes(Oxford Colleges) 939 | Bod-inc H-169 | Sheppard 4642 | Pr 5560 | BMC V 558 | GW 13396",Created by Jacek Partyka,eng,1,a,Variant A,,,3,0,data/expanded/mei-corpus.json,2026-09-30T19:24:05.580188+00:00,https://data.cerl.org/mei/_search
00200653,00200653,https://data.cerl.org/mei/00200653,ih00391000,ih00391000,direct,SanMarinoHun,"San Marino CA, Huntington Library","San Marino CA, Huntington Library",US,,88359,Horae: ad usum Romanum (Rome) [Greek],,"Venice : Aldus Manutius, Romanus, 5 Dec. 1497",IT,grc,16°,liturgy,GW 13396,"Goff H391 | HR 8830 | Boh(1924) 1484 = Off. 91 | Essling 463 | Sander 5065 | Ahmanson-Murphy 17 | Lacombe 565-67 | Pell Ms 5920 (5907a-c, f-h) | CIBN H-251 | Hillard 1044 | Delisle 912 | IGI 4870 | Voull(B) 4497 | Schmitt I 4497 | Kind(Göttingen) 969 | Walsh 2654 | Rhodes(Oxford Colleges) 939 | Bod-inc H-169 | Sheppard 4642 | Pr 5560 | BMC V 558 | GW 13396",Created by Cristina Dondi and Geri Della Rocca de Candal; revised by John Lancaster.,eng,1,a | e | k,"Variant B of quire K (as described in Curt F. Bühler, ""Notes on Two Incunabula Printed by Aldus Manutius"", Papers of the Bibliographical Society of America, 36 (1942), pp. 22-26).",,,5,0,data/expanded/mei-corpus.json,2026-09-30T19:24:05.580188+00:00,https://data.cerl.org/mei/_search
00200646,00200646,https://data.cerl.org/mei/00200646,ih00391000,ih00391000,direct,"NewYorkNY,T.KimballBrooker","New York NY, T. Kimball Brooker  ","New York NY, T. Kimball Brooker",US,,,Horae: ad usum Romanum (Rome) [Greek],,"Venice : Aldus Manutius, Romanus, 5 Dec. 1497",IT,grc,16°,liturgy,GW 13396,"Goff H391 | HR 8830 | Boh(1924) 1484 = Off. 91 | Essling 463 | Sander 5065 | Ahmanson-Murphy 17 | Lacombe 565-67 | Pell Ms 5920 (5907a-c, f-h) | CIBN H-251 | Hillard 1044 | Delisle 912 | IGI 4870 | Voull(B) 4497 | Schmitt I 4497 | Kind(Göttingen) 969 | Walsh 2654 | Rhodes(Oxford Colleges) 939 | Bod-inc H-169 | Sheppard 4642 | Pr 5560 | BMC V 558 | GW 13396",Created by Cristina Dondi and Geri Della Rocca de Candal,eng,1,b | e | g,Variant B.,,"Wanting α1 and α8, supplied in facsimile, probably at some time after Renouard's 1828 sale, when the book may have been rebound. These leaves are noted as missing in his catalogue of 1819. ",8,0,data/expanded/mei-corpus.json,2026-09-30T19:24:05.580188+00:00,https://data.cerl.org/mei/_search
00200633,00200633,https://data.cerl.org/mei/00200633,ih00391000,ih00391000,direct,CambridgeTrinityCollege,"Cambridge, Trinity College","Cambridge, Trinity College",GB,,M.12.1,Horae: ad usum Romanum (Rome) [Greek],,"Venice : Aldus Manutius, Romanus, 5 Dec. 1497",IT,grc,16°,liturgy,GW 13396,"Goff H391 | HR 8830 | Boh(1924) 1484 = Off. 91 | Essling 463 | Sander 5065 | Ahmanson-Murphy 17 | Lacombe 565-67 | Pell Ms 5920 (5907a-c, f-h) | CIBN H-251 | Hillard 1044 | Delisle 912 | IGI 4870 | Voull(B) 4497 | Schmitt I 4497 | Kind(Göttingen) 969 | Walsh 2654 | Rhodes(Oxford Colleges) 939 | Bod-inc H-169 | Sheppard 4642 | Pr 5560 | BMC V 558 | GW 13396",Created by Cristina Dondi,eng,,,,,,7,0,data/expanded/mei-corpus.json,2026-09-30T19:24:05.580188+00:00,https://data.cerl.org/mei/_search
00200641,00200641,https://data.cerl.org/mei/00200641,ih00391000,ih00391000,direct,MoscowSL,"Moscow, Russian State Library","Moscow, Russian State Library",RU,,Ink. M 138 Ald 8.254,Horae: ad usum Romanum (Rome) [Greek],,"Venice : Aldus Manutius, Romanus, 5 Dec. 1497",IT,grc,16°,liturgy,GW 13396,"Goff H391 | HR 8830 | Boh(1924) 1484 = Off. 91 | Essling 463 | Sander 5065 | Ahmanson-Murphy 17 | Lacombe 565-67 | Pell Ms 5920 (5907a-c, f-h) | CIBN H-251 | Hillard 1044 | Delisle 912 | IGI 4870 | Voull(B) 4497 | Schmitt I 4497 | Kind(Göttingen) 969 | Walsh 2654 | Rhodes(Oxford Colleges) 939 | Bod-inc H-169 | Sheppard 4642 | Pr 5560 | BMC V 558 | GW 13396",Created by Cristina Dondi.,eng,1,a | e,"Variant unknown. 

One of six copies bound with Manutius's Brevissima Introductio (Florence Seminario, Moscow, Munich, NY Morgan (2 copies), Paris Mazarine).",,,2,1,data/expanded/mei-corpus.json,2026-09-30T19:24:05.580188+00:00,https://data.cerl.org/mei/_search
00200666,00200666,https://data.cerl.org/mei/00200666,ih00391000,ih00391000,direct,LC,"Washington DC, Library of Congress, Rare Book Division"," Washington DC, Library of Congress, Rare Book Division",US,,Vollbehr H8830,Horae: ad usum Romanum (Rome) [Greek],,"Venice : Aldus Manutius, Romanus, 5 Dec. 1497",IT,grc,16°,liturgy,GW 13396,"Goff H391 | HR 8830 | Boh(1924) 1484 = Off. 91 | Essling 463 | Sander 5065 | Ahmanson-Murphy 17 | Lacombe 565-67 | Pell Ms 5920 (5907a-c, f-h) | CIBN H-251 | Hillard 1044 | Delisle 912 | IGI 4870 | Voull(B) 4497 | Schmitt I 4497 | Kind(Göttingen) 969 | Walsh 2654 | Rhodes(Oxford Colleges) 939 | Bod-inc H-169 | Sheppard 4642 | Pr 5560 | BMC V 558 | GW 13396",Created by Cristina Dondi and Geri Della Rocca de Candal,eng,1,a | e,Variant B,,,4,0,data/expanded/mei-corpus.json,2026-09-30T19:24:05.580188+00:00,https://data.cerl.org/mei/_search
00200632,00200632,https://data.cerl.org/mei/00200632,ih00391000,ih00391000,direct,BerlinSB,"Berlin, Staatsbibliothek",Berlin SB,DE,,"Ald. Ren. 15,13 = 8o Inc. 4497",Horae: ad usum Romanum (Rome) [Greek],,"Venice : Aldus Manutius, Romanus, 5 Dec. 1497",IT,grc,16°,liturgy,GW 13396,"Goff H391 | HR 8830 | Boh(1924) 1484 = Off. 91 | Essling 463 | Sander 5065 | Ahmanson-Murphy 17 | Lacombe 565-67 | Pell Ms 5920 (5907a-c, f-h) | CIBN H-251 | Hillard 1044 | Delisle 912 | IGI 4870 | Voull(B) 4497 | Schmitt I 4497 | Kind(Göttingen) 969 | Walsh 2654 | Rhodes(Oxford Colleges) 939 | Bod-inc H-169 | Sheppard 4642 | Pr 5560 | BMC V 558 | GW 13396",Created by Cristina Dondi,eng,,,,,,2,0,data/expanded/mei-corpus.json,2026-09-30T19:24:05.580188+00:00,https://data.cerl.org/mei/_search
00200645,00200645,https://data.cerl.org/mei/00200645,ih00391000,ih00391000,direct,NewYorkNYPierpontMorganLibrary,"New York NY, The Morgan Library and Museum","New York NY, The Morgan Library and Museum",US,,"ChL 1002c, Accession no. 21863.2 - PML 21863.2",Horae: ad usum Romanum (Rome) [Greek],,"Venice : Aldus Manutius, Romanus, 5 Dec. 1497",IT,grc,16°,liturgy,GW 13396,"Goff H391 | HR 8830 | Boh(1924) 1484 = Off. 91 | Essling 463 | Sander 5065 | Ahmanson-Murphy 17 | Lacombe 565-67 | Pell Ms 5920 (5907a-c, f-h) | CIBN H-251 | Hillard 1044 | Delisle 912 | IGI 4870 | Voull(B) 4497 | Schmitt I 4497 | Kind(Göttingen) 969 | Walsh 2654 | Rhodes(Oxford Colleges) 939 | Bod-inc H-169 | Sheppard 4642 | Pr 5560 | BMC V 558 | GW 13396",Created by Cristina Dondi and Geri Della Rocca de Candal.,eng,1,a | e,"Variant B. 

One of six copies bound with Manutius's Brevissima Introductio (Florence Seminario, Moscow, Munich, NY Morgan (2 copies), Paris Mazarine).",,,6,0,data/expanded/mei-corpus.json,2026-09-30T19:24:05.580188+00:00,https://data.cerl.org/mei/_search
00200638,00200638,https://data.cerl.org/mei/00200638,ih00391000,ih00391000,direct,GoettingenSUB,"Göttingen, Staats- und Universitätsbibliothek",Göttingen SUB,DE,,"8 H E RIT I, 8157 INC ",Horae: ad usum Romanum (Rome) [Greek],,"Venice : Aldus Manutius, Romanus, 5 Dec. 1497",IT,grc,16°,liturgy,GW 13396,"Goff H391 | HR 8830 | Boh(1924) 1484 = Off. 91 | Essling 463 | Sander 5065 | Ahmanson-Murphy 17 | Lacombe 565-67 | Pell Ms 5920 (5907a-c, f-h) | CIBN H-251 | Hillard 1044 | Delisle 912 | IGI 4870 | Voull(B) 4497 | Schmitt I 4497 | Kind(Göttingen) 969 | Walsh 2654 | Rhodes(Oxford Colleges) 939 | Bod-inc H-169 | Sheppard 4642 | Pr 5560 | BMC V 558 | GW 13396","Created by Cristina Dondi; see Dondi, Printed Books of Hours, no. 58(11)",eng,,,,,Variant B,5,0,data/expanded/mei-corpus.json,2026-09-30T19:24:05.580188+00:00,https://data.cerl.org/mei/_search
00200652,00200652,https://data.cerl.org/mei/00200652,ih00391000,ih00391000,direct,ParmaPal,"Parma, Biblioteca Palatina",Parma Pal,IT,,LL I 58,Horae: ad usum Romanum (Rome) [Greek],,"Venice : Aldus Manutius, Romanus, 5 Dec. 1497",IT,grc,16°,liturgy,GW 13396,"Goff H391 | HR 8830 | Boh(1924) 1484 = Off. 91 | Essling 463 | Sander 5065 | Ahmanson-Murphy 17 | Lacombe 565-67 | Pell Ms 5920 (5907a-c, f-h) | CIBN H-251 | Hillard 1044 | Delisle 912 | IGI 4870 | Voull(B) 4497 | Schmitt I 4497 | Kind(Göttingen) 969 | Walsh 2654 | Rhodes(Oxford Colleges) 939 | Bod-inc H-169 | Sheppard 4642 | Pr 5560 | BMC V 558 | GW 13396",Created by Cristina Dondi and Geri Della Rocca de Candal,eng,1,a | e,Variant B. ,,,2,0,data/expanded/mei-corpus.json,2026-09-30T19:24:05.580188+00:00,https://data.cerl.org/mei/_search
02011333,02011333,https://data.cerl.org/mei/02011333,ih00391000,ih00391000,direct,OxfordKeble,"Oxford, Keble College",Oxford Keble,GB,,Brooke 7,Horae: ad usum Romanum (Rome) [Greek],,"Venice : Aldus Manutius, Romanus, 5 Dec. 1497",IT,grc,16°,liturgy,GW 13396,"Goff H391 | HR 8830 | Boh(1924) 1484 = Off. 91 | Essling 463 | Sander 5065 | Ahmanson-Murphy 17 | Lacombe 565-67 | Pell Ms 5920 (5907a-c, f-h) | CIBN H-251 | Hillard 1044 | Delisle 912 | IGI 4870 | Voull(B) 4497 | Schmitt I 4497 | Kind(Göttingen) 969 | Walsh 2654 | Rhodes(Oxford Colleges) 939 | Bod-inc H-169 | Sheppard 4642 | Pr 5560 | BMC V 558 | GW 13396","Created by Matilde Malaspina and Geri Della Rocca de Candal, reviewed by Cristina Dondi.",eng,1,a | e,Variant B.,,Leaves α1 and α8 mounted.,4,0,data/expanded/mei-corpus.json,2026-09-30T19:24:05.580188+00:00,https://data.cerl.org/mei/_search
00200644,00200644,https://data.cerl.org/mei/00200644,ih00391000,ih00391000,direct,NewYorkNYPierpontMorganLibrary,"New York NY, The Morgan Library and Museum","New York NY, The Morgan Library and Museum",US,,ChL 1002b + 1005 - PML 18876.2,Horae: ad usum Romanum (Rome) [Greek],,"Venice : Aldus Manutius, Romanus, 5 Dec. 1497",IT,grc,16°,liturgy,GW 13396,"Goff H391 | HR 8830 | Boh(1924) 1484 = Off. 91 | Essling 463 | Sander 5065 | Ahmanson-Murphy 17 | Lacombe 565-67 | Pell Ms 5920 (5907a-c, f-h) | CIBN H-251 | Hillard 1044 | Delisle 912 | IGI 4870 | Voull(B) 4497 | Schmitt I 4497 | Kind(Göttingen) 969 | Walsh 2654 | Rhodes(Oxford Colleges) 939 | Bod-inc H-169 | Sheppard 4642 | Pr 5560 | BMC V 558 | GW 13396",Created by Cristina Dondi and Geri Della Rocca de Candal.,eng,1,b | e,"Variant A. 

One of six copies bound with Manutius's Brevissima Introductio (Florence Seminario, Moscow, Munich, NY Morgan (2 copies), Paris Mazarine).",,Wanting α1.,7,0,data/expanded/mei-corpus.json,2026-09-30T19:24:05.580188+00:00,https://data.cerl.org/mei/_search
00200664,00200664,https://data.cerl.org/mei/00200664,ih00391000,ih00391000,direct,RomaAng,"Roma, Biblioteca Angelica",Roma Ang,IT,,Inc. 855,Horae: ad usum Romanum (Rome) [Greek],,"Venice : Aldus Manutius, Romanus, 5 Dec. 1497",IT,grc,16°,liturgy,GW 13396,"Goff H391 | HR 8830 | Boh(1924) 1484 = Off. 91 | Essling 463 | Sander 5065 | Ahmanson-Murphy 17 | Lacombe 565-67 | Pell Ms 5920 (5907a-c, f-h) | CIBN H-251 | Hillard 1044 | Delisle 912 | IGI 4870 | Voull(B) 4497 | Schmitt I 4497 | Kind(Göttingen) 969 | Walsh 2654 | Rhodes(Oxford Colleges) 939 | Bod-inc H-169 | Sheppard 4642 | Pr 5560 | BMC V 558 | GW 13396",Created by Cristina Dondi and Geri Della Rocca de Candal.,eng,1,b | e,Variant B.,,Wanting α1.,2,0,data/expanded/mei-corpus.json,2026-09-30T19:24:05.580188+00:00,https://data.cerl.org/mei/_search
00200667,00200667,https://data.cerl.org/mei/00200667,ih00391000,ih00391000,direct,WillCL,Williams College Library,Williams College Library,US,Chapin Library,Hours 1497 Rome,Horae: ad usum Romanum (Rome) [Greek],,"Venice : Aldus Manutius, Romanus, 5 Dec. 1497",IT,grc,16°,liturgy,GW 13396,"Goff H391 | HR 8830 | Boh(1924) 1484 = Off. 91 | Essling 463 | Sander 5065 | Ahmanson-Murphy 17 | Lacombe 565-67 | Pell Ms 5920 (5907a-c, f-h) | CIBN H-251 | Hillard 1044 | Delisle 912 | IGI 4870 | Voull(B) 4497 | Schmitt I 4497 | Kind(Göttingen) 969 | Walsh 2654 | Rhodes(Oxford Colleges) 939 | Bod-inc H-169 | Sheppard 4642 | Pr 5560 | BMC V 558 | GW 13396","Created by Cristina Dondi and Geri Della Rocca de Candal, with additions by John Lancaster",eng,1,a | e | k,"Variant B (see C.F. Bühler, ""Notes on two incunabula printed by Aldus Manutius,"" PBSA 36 (1942): 18-26).",,,9,0,data/expanded/mei-corpus.json,2026-09-30T19:24:05.580188+00:00,https://data.cerl.org/mei/_search
00200647,00200647,https://data.cerl.org/mei/00200647,ih00391000,ih00391000,direct,OxfordBodley,"Oxford, Bodleian Library",Oxford Bodley,GB,,"Auct. 1R 5.34 (metal cuts Arch. G f.6,7)",Horae: ad usum Romanum (Rome) [Greek],,"Venice : Aldus Manutius, Romanus, 5 Dec. 1497",IT,grc,16°,liturgy,GW 13396,"Goff H391 | HR 8830 | Boh(1924) 1484 = Off. 91 | Essling 463 | Sander 5065 | Ahmanson-Murphy 17 | Lacombe 565-67 | Pell Ms 5920 (5907a-c, f-h) | CIBN H-251 | Hillard 1044 | Delisle 912 | IGI 4870 | Voull(B) 4497 | Schmitt I 4497 | Kind(Göttingen) 969 | Walsh 2654 | Rhodes(Oxford Colleges) 939 | Bod-inc H-169 | Sheppard 4642 | Pr 5560 | BMC V 558 | GW 13396","Created by Cristina Dondi and Geri Della Rocca de Candal. | BodInc-Id: H-169(1)
",eng,1,a | e,Variant B,"{""identifier"": ""tih00391000"", ""source"": ""uktextinc""}",,4,0,data/expanded/mei-corpus.json,2026-09-30T19:24:05.580188+00:00,https://data.cerl.org/mei/_search
00200639,00200639,https://data.cerl.org/mei/00200639,ih00391000,ih00391000,direct,UCalLAL,"Los Angeles CA, University of California","Los Angeles CA, University of California",US,,A1. C27h 1497,Horae: ad usum Romanum (Rome) [Greek],,"Venice : Aldus Manutius, Romanus, 5 Dec. 1497",IT,grc,16°,liturgy,GW 13396,"Goff H391 | HR 8830 | Boh(1924) 1484 = Off. 91 | Essling 463 | Sander 5065 | Ahmanson-Murphy 17 | Lacombe 565-67 | Pell Ms 5920 (5907a-c, f-h) | CIBN H-251 | Hillard 1044 | Delisle 912 | IGI 4870 | Voull(B) 4497 | Schmitt I 4497 | Kind(Göttingen) 969 | Walsh 2654 | Rhodes(Oxford Colleges) 939 | Bod-inc H-169 | Sheppard 4642 | Pr 5560 | BMC V 558 | GW 13396","Created by Cristina Dondi. See Dondi, Printed Books of Hours, no. 58(13)",eng,,g,,,Title-page in facsimile,5,0,data/expanded/mei-corpus.json,2026-09-30T19:24:05.580188+00:00,https://data.cerl.org/mei/_search
00200643,00200643,https://data.cerl.org/mei/00200643,ih00391000,ih00391000,direct,BlicklingHall,"Blickling, Blickling Estate","Blickling, Blickling Estate",GB,,NT 3069935,Horae: ad usum Romanum (Rome) [Greek],,"Venice : Aldus Manutius, Romanus, 5 Dec. 1497",IT,grc,16°,liturgy,GW 13396,"Goff H391 | HR 8830 | Boh(1924) 1484 = Off. 91 | Essling 463 | Sander 5065 | Ahmanson-Murphy 17 | Lacombe 565-67 | Pell Ms 5920 (5907a-c, f-h) | CIBN H-251 | Hillard 1044 | Delisle 912 | IGI 4870 | Voull(B) 4497 | Schmitt I 4497 | Kind(Göttingen) 969 | Walsh 2654 | Rhodes(Oxford Colleges) 939 | Bod-inc H-169 | Sheppard 4642 | Pr 5560 | BMC V 558 | GW 13396",,eng,,,,,Incomplete. Without the 'Brevissima introductio',4,0,data/expanded/mei-corpus.json,2026-09-30T19:24:05.580188+00:00,https://data.cerl.org/mei/_search
00200631,00200631,https://data.cerl.org/mei/00200631,ih00391000,ih00391000,direct,AustinRansom,"Austin TX, University of Texas, Harry Ransom Center","Austin TX, University of Texas, Harry Ransom Center",US,,Uzielli 15,Horae: ad usum Romanum (Rome) [Greek],,"Venice : Aldus Manutius, Romanus, 5 Dec. 1497",IT,grc,16°,liturgy,GW 13396,"Goff H391 | HR 8830 | Boh(1924) 1484 = Off. 91 | Essling 463 | Sander 5065 | Ahmanson-Murphy 17 | Lacombe 565-67 | Pell Ms 5920 (5907a-c, f-h) | CIBN H-251 | Hillard 1044 | Delisle 912 | IGI 4870 | Voull(B) 4497 | Schmitt I 4497 | Kind(Göttingen) 969 | Walsh 2654 | Rhodes(Oxford Colleges) 939 | Bod-inc H-169 | Sheppard 4642 | Pr 5560 | BMC V 558 | GW 13396",Created by Cristina Dondi,eng,,,,,Variant B,8,0,data/expanded/mei-corpus.json,2026-09-30T19:24:05.580188+00:00,https://data.cerl.org/mei/_search
00200640,00200640,https://data.cerl.org/mei/00200640,ih00391000,ih00391000,direct,ManchesterJRL,"Manchester, University of Manchester, John Rylands Research Institute and Library","Manchester, University of Manchester, John Rylands Research Institute and Library",GB,,19202,Horae: ad usum Romanum (Rome) [Greek],,"Venice : Aldus Manutius, Romanus, 5 Dec. 1497",IT,grc,16°,liturgy,GW 13396,"Goff H391 | HR 8830 | Boh(1924) 1484 = Off. 91 | Essling 463 | Sander 5065 | Ahmanson-Murphy 17 | Lacombe 565-67 | Pell Ms 5920 (5907a-c, f-h) | CIBN H-251 | Hillard 1044 | Delisle 912 | IGI 4870 | Voull(B) 4497 | Schmitt I 4497 | Kind(Göttingen) 969 | Walsh 2654 | Rhodes(Oxford Colleges) 939 | Bod-inc H-169 | Sheppard 4642 | Pr 5560 | BMC V 558 | GW 13396",Created by Cristina Dondi.,eng,1,a | e,Variant B,,,3,0,data/expanded/mei-corpus.json,2026-09-30T19:24:05.580188+00:00,https://data.cerl.org/mei/_search
02135145,02135145,https://data.cerl.org/mei/02135145,ih00392000,ih00392000,direct,ParisMazarine,"Paris, Bibliothèque Mazarine","Paris, Bibliothèque Mazarine",FR,,Inc 951 GR,Horae: ad usum Romanum (Rome) [French and Latin],,"Paris : Johann Philippi de Cruzenach, for Thielman Kerver, 20 Dec. 1497",FR,frm,8°,liturgy,GW 13297,Goff H392 | HC 8841 | Boh(1924) 619 | Lacombe 51 | Pell Ms 5921 (5908) | Hillard 1039 | GW 13297,,fre,,a,,,,0,0,data/expanded/mei-corpus.json,2026-09-30T19:24:06.831802+00:00,https://data.cerl.org/mei/_search
00205577,00205577,https://data.cerl.org/mei/00205577,ih00392430,ih00392430,direct,OxfordBodley,"Oxford, Bodleian Library",Oxford Bodley,GB,,Douce BB 121.,Horae: ad usum Romanum (Rome) [French and Latin],,"Paris : [Etienne Jehannot], for Antoine Vérard, [about 1497]",FR,frm,8°,liturgy,GW 13308,Macf 216 | Boh(1924) 468 = 516 = 518 | Pr 8350 | Bod-inc H-167 | Sheppard 6484-86 | GW 13308,BodInc-Id: H-167(1),,,,,"{""identifier"": ""tih00392430"", ""source"": ""uktextinc""}",,2,0,data/expanded/mei-corpus.json,2026-09-30T19:24:18.729465+00:00,https://data.cerl.org/mei/_search
00560437,00560437,https://data.cerl.org/mei/00560437,ih00392450,ih00392450,direct,CambridgeUL,"Cambridge, University Library",Cambridge UL,GB,Inc.2-7,Inc.5.D.1.43[4213],Horae: ad usum Romanum (Rome) [French and Latin],,"[Paris : Etienne Jehannot], for Antoine Vérard, [about 1497-98, before 25 Oct. 1499]",FR,frm,8°,liturgy,GW 13295,Winn(Vérard) H-18 = H-21 | Coq 275 | IBPort 904 (& pl. p.223) | Mendes 631 | Oates 3149 | GW 13295,"Title from caption on leaf a8 verso.  | Publisher's name from note printed in Middle French on leaf A1 recto, which reads in full:  A la louenge de dieu de sa tressaincte [sic] et glorieuse mere / & a ledification de tous bo[n]s catholiques furent commencees ces presen=tes heures par le commandement du roy notre sire pour Anthoine Verard libraire de=mourant sur le pont nostredame a lymage saint Jehan leuangeliste ou au palais au premiier [sic] pilier deuant ou on chante la messe de messeigneurs [sic] les presidens a paris.  | Woodcut device of Anthoine Vérard on leaf n8 verso.  | Dated ca. 1498 by Oates, before 25 October 1499 from Vérard's address by GW, and before 13 October 1499 by Mendes.  | A variant setting in the last line of caption in the lower border of leaf A1 recto signalled by GW 13295 from Cambridge University Library copy.  | 20 large woodcuts (of which two repeated), 37 small woodcuts (of which two repeated), multiple-piece woodcut ornamental and historiated border to each page.  | Signatures: A⁸ a-n⁸ [per]⁸.  Only first and third leaves of each gathering signed [""A.i"" and ""A.ii"" etc.]  | [Oraisons], in Middle French, incipit ""Jesus soit en ma teste et mon entendement"", incipit ""Qui tout son cueur met en dieu"", A1r;  [Caption providing imprints information],in Middle French, A1r;  [Oraisons], in Middle French, caption ""Oraison a la vierge marie de lacteur de ces presentes heures"", incipit ""[P]Rincesse de hault parage"", A1v-A4r;  ""Petit almanach pour .xx. ans"", i.e. 1488-1508, in Middle French, A4v;  [Zodiac man], with captions in Middle French, A5r;  Benedictio, in Latin, with Holy Grail woodcut, A5v;  [Calendarium], in Middle French, A6r-A8v;  [Sequentiae evangeliorum], in Latin, a1r-a3v;  ""Passio domini nostri iesu christi secundum Johannem"", in Latin, a3v-a7v;  [Oratio], in Latin, incipit ""Deus qui manus tuas et pedes tuos"", in Latin, a7v;  ""Oraison pour le sieures tres= deuote"", in Latin, incipit ""[A]Nte portam hierusalem sedebat san=ctus petrus"", a8r;  Horae Beatae Virginis Mariae, in Latin, a8v-f4v, including the [Officium] de sancta Cruce, c1r-v, the [Officium] de Spiritu Sancto, c2r-v, the [Officium] de conceptione Beatae Mariae Virginis, c3r-v, and [Mutationes in Officio Beatae Virginis Mariae], e4v-f4v;  Septem psalmi poenitentiales, in Latin, f5r-g2v;  Litaniae sanctorum et orationes, in Latin, g2v-g7r;  Officium mortuorum, in Latin, g7v-i7v;  [Suffragia], in Latin, i8r-k2r;  Orationes et Contemplatio Mariae Virgins, in Latin, k2v-k5v;  [Litaniae lauretanae], incipit ""[M]Jssus est gabriel angelus"", k5v-l1r, in Latin, preceded by caption and text in Middle French, k5v-k6r, and followed by two orations in Latin, k8v-l1r;  [Suffragia sanctorum], in Latin, l1r-l7r;  [Orationes], in Latin with captions in Middle French, l7r-m2r;  Gregorius I, Pont. Max. [?]. Orationes sancti Gregorii, in Latin, with captions in Middle French, m2r-m3r;  [Orationes], in Latin with captions in Middle French, caption ""Sensuiuent cinq belles oraisons que monseign[eu]r saint iehan leuangeliste fist en lonneur de la vierge Marie ..."", incipit ""[M]Ediatrix omnium [et] fons viuus"", incipit ""[A]Uxiliatrix omnium"", incipit ""[R]Eparatrix debilium"", incipit ""[I]Lluminatrix peccatorum"", incipit ""[A]Lleuiatrix peccatorum"", m3r-m4v;  [Orationes], in Middle French and Latin, m4v-m8v;  ""Office de nostre dame de pitié"", in Middle French, incipit ""[V]Ous vrays catholiques et deuotz seruiteurs"", m8v-n4r;  ""Comment pour dire de cueur & de bouche troys veritez nous nous mettons en e=stat de grace et hors de peche mortel"", in Middle French, incipit ""[SJIre iay peche ainsy et ainsy co[n]tre vostre bonte"", n4r-v;  [Orationes], in Middle French, caption ""Sensuiuent cinq belles oraisons"", incipit ""[M]On dieu mon pere mon createur ie me confesse auoir este"", n4v-n5v;  [Arnoul Gréban]. [Lay de nostre dame], verse in Middle French, incipit ""[E]N protestant de la haulte excelle[n]ce"", n5v-n8r;  [Verse], in Middle French, incipit ""En la parfin de loeuure louer dieu / Chacun de nous doit pour auoir sa grace"", 8 lines of verse, with publisher's woodcut device, n8v;  Septem psalmi poenitentiales, in Middle French, incipit ""[D]Omine ne in furore tuo arguas me. [et]c[etera]. Sire en ta fureur ne me argue"", [per]1r-[per]7r;  ""Oraison tres deuote a nostre seigneur"", in Middle French, incipit ""[S]Jre dieu createur du ciel et de la ter=re"", [per]7r-[per]8v.  Contents seemengly very close to Bod-inc H-167.  | GW, 13295  | ISTC, ih00392450  | Maria Valentina C.A. Sul Mendes, Catálogo de incunábulos [Biblioteca Nacional de Portugal], Lisboa, 1988, 631  | Oates, 3149  | Os incunábulos das bibliotecas portuguesas, ed. Maria Valentina C.A. Sul Mendes, Lisboa, 1995, 904, pl. p. 223  | On parchment.  | Variant setting for ""[com]me[n]cem[en]t"" instead of ""[com]me[n]cem[ent]"" in the last line of caption in the lower border of leaf A1 recto.  | Illumination:  Colouring of large and small woodcuts and of borders at opening pages; initials, paragraph marks and line-fillers in gold on brown grounds throughout;  all supplied by hand, France, Paris [?], late 15th or early 16th century.  | [120] leaves : | Original item identifier in source database: 5248113",eng,,,,,,1,0,data/expanded/mei-corpus.json,2026-09-30T19:24:20.787238+00:00,https://data.cerl.org/mei/_search
00200657,00200657,https://data.cerl.org/mei/00200657,ih00393400,ih00393400,direct,NapoliN,"Napoli, Biblioteca nazionale Vittorio Emanuele III","Napoli, Biblioteca Nazionale",IT,,A. Q. I. A. 21,Horae: ad usum Romanum (Rome),,"Naples : Christian Preller, 22 Jan. 1498",IT,lat,8°,liturgy,GW 13349,R 270 | Boh(1924) Off. 94 | Sander 5066 | Fav e Bres 184 | IGI 4856 | GW 13349,,eng,,,,,,0,0,data/expanded/mei-corpus.json,2026-09-30T19:24:24.860065+00:00,https://data.cerl.org/mei/_search
00204741,00204741,https://data.cerl.org/mei/00204741,ih00393900,ih00393900,direct,OxfordBodley,"Oxford, Bodleian Library",Oxford Bodley,GB,,Douce 131(2).,Horae: ad usum Romanum (Rome) [French and Latin],,"[Paris : Etienne Jehannot], for Antoine Vérard, 10 Aug. 1498",FR,frm,4°,liturgy,GW 13312,Boh(1924) 647 = 665 | Cl II 249 | Macf 219 | Bod-inc H-168 | Sheppard 6494 | Pr 8364 | GW 13312,BodInc-Id: H-168(1),,,,,"{""identifier"": ""tih00393900"", ""source"": ""uktextinc""}",,3,0,data/expanded/mei-corpus.json,2026-09-30T19:24:30.968695+00:00,https://data.cerl.org/mei/_search
02003414,02003414,https://data.cerl.org/mei/02003414,ih00394000,ih00394000,direct,BresciaC,"Brescia, Biblioteca Queriniana","Brescia, Biblioteca Queriniana",IT,,Inc.F.VII.13,Horae: ad usum Romanum (Rome) [French and Latin],,"Paris : Philippe Pigouchet, for Simon Vostre, 22 Aug. 1498",FR,lat,4°,liturgy,GW 13314,"Goff H394 | H 8846 | HC 8855 | C 3098 | Cl II 26-37 | Sotheby's (London) 27 June 1995 (Schäfer), 101  | Boh(1924) 491 = 613 = 648-50 = 666 | Lacombe 59-62 | CIBN H-241 | Arnoult 794 | Girard 242 | Jammes H-7 | Péligry 423 | Coq(Bordeaux) H-9 | Polain(B) 1928 | IDL 2361 | IGI 4858 | IBE 2966 | SI 1963 | Schäfer 165 | Bod-inc H-170 | Sheppard 6313 | Pr 8196 | BMC VIII 119 | BSB-Ink H-342 | GW 13314",,ita,1,,,,,2,0,data/expanded/mei-corpus.json,2026-09-30T19:24:33.004095+00:00,https://data.cerl.org/mei/_search
02116797,02116797,https://data.cerl.org/mei/02116797,ih00394000,ih00394000,direct,WienONB,"Wien, Österreichische  Nationalbibliothek","Wien, ONB",AT,ZALT-INK,Ink 29-179,Horae: ad usum Romanum (Rome) [French and Latin],,"Paris : Philippe Pigouchet, for Simon Vostre, 22 Aug. 1498",FR,lat,4°,liturgy,GW 13314,"Goff H394 | H 8846 | HC 8855 | C 3098 | Cl II 26-37 | Sotheby's (London) 27 June 1995 (Schäfer), 101  | Boh(1924) 491 = 613 = 648-50 = 666 | Lacombe 59-62 | CIBN H-241 | Arnoult 794 | Girard 242 | Jammes H-7 | Péligry 423 | Coq(Bordeaux) H-9 | Polain(B) 1928 | IDL 2361 | IGI 4858 | IBE 2966 | SI 1963 | Schäfer 165 | Bod-inc H-170 | Sheppard 6313 | Pr 8196 | BMC VIII 119 | BSB-Ink H-342 | GW 13314",,eng,0,,,,,1,0,data/expanded/mei-corpus.json,2026-09-30T19:24:33.004095+00:00,https://data.cerl.org/mei/_search
02125184,02125184,https://data.cerl.org/mei/02125184,ih00394000,ih00394000,direct,YaleBeinecke,"New Haven CT, Yale University, Beinecke Library","New Haven CT, Yale University, Beinecke Library",US,,1971 755,Horae: ad usum Romanum (Rome) [French and Latin],,"Paris : Philippe Pigouchet, for Simon Vostre, 22 Aug. 1498",FR,lat,4°,liturgy,GW 13314,"Goff H394 | H 8846 | HC 8855 | C 3098 | Cl II 26-37 | Sotheby's (London) 27 June 1995 (Schäfer), 101  | Boh(1924) 491 = 613 = 648-50 = 666 | Lacombe 59-62 | CIBN H-241 | Arnoult 794 | Girard 242 | Jammes H-7 | Péligry 423 | Coq(Bordeaux) H-9 | Polain(B) 1928 | IDL 2361 | IGI 4858 | IBE 2966 | SI 1963 | Schäfer 165 | Bod-inc H-170 | Sheppard 6313 | Pr 8196 | BMC VIII 119 | BSB-Ink H-342 | GW 13314",Created by Beatrice Alai,eng,1,a,,,,4,0,data/expanded/mei-corpus.json,2026-09-30T19:24:33.004095+00:00,https://data.cerl.org/mei/_search
02138776,02138776,https://data.cerl.org/mei/02138776,ih00394000,ih00394000,direct,TheHagueMMW,"Den Haag, Huis van het Boek ","Den Haag, Huis van het Boek ",NL,,028 A 003 (olim 004 B 015),Horae: ad usum Romanum (Rome) [French and Latin],,"Paris : Philippe Pigouchet, for Simon Vostre, 22 Aug. 1498",FR,lat,4°,liturgy,GW 13314,"Goff H394 | H 8846 | HC 8855 | C 3098 | Cl II 26-37 | Sotheby's (London) 27 June 1995 (Schäfer), 101  | Boh(1924) 491 = 613 = 648-50 = 666 | Lacombe 59-62 | CIBN H-241 | Arnoult 794 | Girard 242 | Jammes H-7 | Péligry 423 | Coq(Bordeaux) H-9 | Polain(B) 1928 | IDL 2361 | IGI 4858 | IBE 2966 | SI 1963 | Schäfer 165 | Bod-inc H-170 | Sheppard 6313 | Pr 8196 | BMC VIII 119 | BSB-Ink H-342 | GW 13314",,dut,,,,"{""identifier"": ""I 406"", ""source"": ""nldkp""}",,3,0,data/expanded/mei-corpus.json,2026-09-30T19:24:33.004095+00:00,https://data.cerl.org/mei/_search
02151349,02151349,https://data.cerl.org/mei/02151349,ih00394000,ih00394000,direct,PaviaU,"Pavia, Biblioteca Universitaria di Pavia - MiBACT","Pavia, Biblioteca Universitaria di Pavia - MiBACT",IT,,112. C. 25,Horae: ad usum Romanum (Rome) [French and Latin],,"Paris : Philippe Pigouchet, for Simon Vostre, 22 Aug. 1498",FR,lat,4°,liturgy,GW 13314,"Goff H394 | H 8846 | HC 8855 | C 3098 | Cl II 26-37 | Sotheby's (London) 27 June 1995 (Schäfer), 101  | Boh(1924) 491 = 613 = 648-50 = 666 | Lacombe 59-62 | CIBN H-241 | Arnoult 794 | Girard 242 | Jammes H-7 | Péligry 423 | Coq(Bordeaux) H-9 | Polain(B) 1928 | IDL 2361 | IGI 4858 | IBE 2966 | SI 1963 | Schäfer 165 | Bod-inc H-170 | Sheppard 6313 | Pr 8196 | BMC VIII 119 | BSB-Ink H-342 | GW 13314","Creato da Davide Martini per il progetto PRIN 2022 - The Dawn of Italian Publishing. Technology, Texts and Books in Central and Northern Italy in the Fifteenth and Sixteenth Centuries",ita,1,a,,"{""identifier"": ""MILE062100"", ""source"": ""itsbn""}",,3,0,data/expanded/mei-corpus.json,2026-09-30T19:24:33.004095+00:00,https://data.cerl.org/mei/_search
02178822,02178822,https://data.cerl.org/mei/02178822,ih00394000,ih00394000,direct,AntwerpenUB,"Antwerpen, Universiteitsbibliotheek","Antwerpen, Universiteitsbibliotheek",BE,,MAG-P 12.2774,Horae: ad usum Romanum (Rome) [French and Latin],,"Paris : Philippe Pigouchet, for Simon Vostre, 22 Aug. 1498",FR,lat,4°,liturgy,GW 13314,"Goff H394 | H 8846 | HC 8855 | C 3098 | Cl II 26-37 | Sotheby's (London) 27 June 1995 (Schäfer), 101  | Boh(1924) 491 = 613 = 648-50 = 666 | Lacombe 59-62 | CIBN H-241 | Arnoult 794 | Girard 242 | Jammes H-7 | Péligry 423 | Coq(Bordeaux) H-9 | Polain(B) 1928 | IDL 2361 | IGI 4858 | IBE 2966 | SI 1963 | Schäfer 165 | Bod-inc H-170 | Sheppard 6313 | Pr 8196 | BMC VIII 119 | BSB-Ink H-342 | GW 13314",,eng,1,a,,,"Pigouchet’s ""Wild Men"" device (f. a1r), Zodiac Man (f. a2r), 21 large metalcuts, one smaller cut (Mass of Saint Gregory, f. h2v), elaborate borders on every page. Copy rubricated in red and blue. 17th-century binding: red morocco, ""Du Seuil"" style border on covers, spine with raised bands and decorated compartments, gilt roll-tooling on board edges, marbled endpapers, gilt edges (brown stains on a few leaves, some small wormholes on covers). Modern red morocco slipcase.",5,0,data/expanded/mei-corpus.json,2026-09-30T19:24:33.004095+00:00,https://data.cerl.org/mei/_search
00560438,00560438,https://data.cerl.org/mei/00560438,ih00395000,ih00395000,direct,CambridgeUL,"Cambridge, University Library",Cambridge UL,GB,SSS,SSS.60.12,Horae: ad usum Romanum (Rome) [French and Latin],,"Paris : Philippe Pigouchet, for Simon Vostre, 16 Sept. 1498",FR,frm,4°,liturgy,GW 13253,"Goff H395 | CR 3099 | Boh(1924) 525 = 651 = 652 = 653 | Lacombe 66 | Cl II 38-44 | Pell Ms 5923 (5910) | CIBN H-242 | Aquilon 379 | Coq 273 | Frasson-Cochet 153 | Lefèvre 236 | Parguez 537 | Péligry 421 | Delisle 913 | IGI 4859 | IDL 2362 | CCIR H-45 | Walsh 3654, 3655 | Oates 3076 | Bod-inc H-171 | Sheppard 6314 | Pr 8197 | BMC VIII 119 | BSB-Ink H-342.025 | GW 13253","Title and imprints from leaf a1 recto, with metalcut device of Pigouchet and caption that reads in full: Les presentes heures a lusaige de Ro[m]me fure[n]t acheuez le xvi . iour de Septembre. Lan Mil CCCC.iiii.xx.et xviii. pour Simon vostre. libraire demourant a Paris a la rue neuue nostre dame a lymage sainct Jehan leuangeliste.  | 23 large metalcuts combining sets 2 and 3 of the Pigouchet-Vostre metalcuts attributed to the Master of the Apocalypse-Rose, 42 small metalcuts (of which one repeated), multiple-piece metalcut ornamental and historiated border to each page, differing from the borders in ISTC ih00395050 (same date  and almost same text setting but different edition)  | Metalcuts from set 3, distinguished by their criblé ground, were introduced in an edition dated 22 August 1498 (ISTC ih00394000). The ones used here are: the Holy Grail, Tree of Jesse, Adoration of the Shepherds, Death of Uriah, Last Judgement, The Church, and the Deposition. The Mass of St. Gregory cut on leaf k8 recto belongs to set 1 (for Pigouchet's sets see H. Wm. Davies, Catalogue of a collection of early French books in the library of C. Fairfax Murray, London, 1910, I, pp. 265-6;  M. B. Winn, ""Printing and Reading the Book of Hours: Lessons from the Borders"", Bulletin of the John Rylands University Library of Manchester, 81 (1999), pp. 177-204)  | Text in Latin and Middle French.  | Signatures:  a-l⁸ A⁸.  | [Title page], with printer's device and date of acquisition by Simon Vostre, a1r;  [Zodiac man], with captions, a1v;  ""Almanach pour .xxi. An[s]"", i.e. 1488-1508, a2r;  Benedictio, with Holy Grail metalcut, a2v;  [Calendarium], with 4 hexameters for each month in Latin and Middle French, a3r-a8v;  [Sequentiae evangeliorum], b1r-b3r;  ""Passio d[omi]ni nostri iesu christi s[ecundum] Johanne[m]"", b3v-b7r;  Horae Beatae Virginis Mariae, b7v-f6r, including the [Officium] de sancta Cruce, d3r-v, and the [Officium] Spiritus Sancti, d4r-v, and [Mutationes in Officio Beatae Virginis Mariae], f2r-f6r;  Septem psalmi poenitentiales, f6v-g3r;  Litaniae sanctorum et orationes, g3r-g7r;  [Officium mortuorum], g7v-i2v;  [Suffragia sanctorum], i3r-k7v;  [Orationes], in Latin and Middle French, k8r-l4v;  Officium de conceptione Beatae Mariae Virginis, l5r-l7r;  [Orationes], in Latin, l7v-l8v;  Septem psalmi poenitentiales, in Middle French, A1r-A6v;  Oratio, in Middle French, entitled ""Oraison tres deuote a nostre seigneur"", A6v-A8r;  Gregorius I, Pont. Max. [?]. Orationes sancti Gregorii, A8r-v.  For further content details, see Bod-inc H-171.  | ISTC, ih00395000  | Oates, 3076  | On parchment.  | Illumination:  Initials and paragraph marks in gold or blue on grounds of red alternating with initials and paragraph marks in gold on blue ground, line-fillers in gold on ground of alternating red and blue, France, Paris [?], late 15th or early 16th century.  | Wanting leaf a1.  | Accession number: 2582.  | [96] leaves : | Original item identifier in source database: 5244334",eng,,,,,,3,0,data/expanded/mei-corpus.json,2026-09-30T19:24:36.926582+00:00,https://data.cerl.org/mei/_search
02100254,02100254,https://data.cerl.org/mei/02100254,ih00395000,ih00395000,direct,NLKB,"Den Haag, Koninklijke Bibliotheek - Nationale Bibliotheek van Nederland","Den Haag, Koninklijke Bibliotheek - Nationale Bibliotheek van Nederland",NL,,KW 171 F 70,Horae: ad usum Romanum (Rome) [French and Latin],,"Paris : Philippe Pigouchet, for Simon Vostre, 16 Sept. 1498",FR,frm,4°,liturgy,GW 13253,"Goff H395 | CR 3099 | Boh(1924) 525 = 651 = 652 = 653 | Lacombe 66 | Cl II 38-44 | Pell Ms 5923 (5910) | CIBN H-242 | Aquilon 379 | Coq 273 | Frasson-Cochet 153 | Lefèvre 236 | Parguez 537 | Péligry 421 | Delisle 913 | IGI 4859 | IDL 2362 | CCIR H-45 | Walsh 3654, 3655 | Oates 3076 | Bod-inc H-171 | Sheppard 6314 | Pr 8197 | BMC VIII 119 | BSB-Ink H-342.025 | GW 13253",,eng,1,a | p,"Pencil notes from the KB on endleaves: shelfmark and bibliographical references. Note on endleaf: II G.
","{""identifier"": 245942785, ""source"": ""nldenhaag""}",Part of the edges have been cut off (manuscript notes falling off page). A parchment fragment of incunable is used as the binding. ,4,0,data/expanded/mei-corpus.json,2026-09-30T19:24:36.926582+00:00,https://data.cerl.org/mei/_search
00204647,00204647,https://data.cerl.org/mei/00204647,ih00395000,ih00395000,direct,OxfordBodley,"Oxford, Bodleian Library",Oxford Bodley,GB,,Douce 137.,Horae: ad usum Romanum (Rome) [French and Latin],,"Paris : Philippe Pigouchet, for Simon Vostre, 16 Sept. 1498",FR,frm,4°,liturgy,GW 13253,"Goff H395 | CR 3099 | Boh(1924) 525 = 651 = 652 = 653 | Lacombe 66 | Cl II 38-44 | Pell Ms 5923 (5910) | CIBN H-242 | Aquilon 379 | Coq 273 | Frasson-Cochet 153 | Lefèvre 236 | Parguez 537 | Péligry 421 | Delisle 913 | IGI 4859 | IDL 2362 | CCIR H-45 | Walsh 3654, 3655 | Oates 3076 | Bod-inc H-171 | Sheppard 6314 | Pr 8197 | BMC VIII 119 | BSB-Ink H-342.025 | GW 13253",BodInc-Id: H-171(1),,,,,"{""identifier"": ""tih00395000"", ""source"": ""uktextinc""}",,3,0,data/expanded/mei-corpus.json,2026-09-30T19:24:36.926582+00:00,https://data.cerl.org/mei/_search
02122666,02122666,https://data.cerl.org/mei/02122666,ih00395000,ih00395000,direct,IowaUL,"Iowa City IA, University of Iowa, Main Library","Iowa City IA, University of Iowa, Main Library",US,,BX2080.V67 1498,Horae: ad usum Romanum (Rome) [French and Latin],,"Paris : Philippe Pigouchet, for Simon Vostre, 16 Sept. 1498",FR,frm,4°,liturgy,GW 13253,"Goff H395 | CR 3099 | Boh(1924) 525 = 651 = 652 = 653 | Lacombe 66 | Cl II 38-44 | Pell Ms 5923 (5910) | CIBN H-242 | Aquilon 379 | Coq 273 | Frasson-Cochet 153 | Lefèvre 236 | Parguez 537 | Péligry 421 | Delisle 913 | IGI 4859 | IDL 2362 | CCIR H-45 | Walsh 3654, 3655 | Oates 3076 | Bod-inc H-171 | Sheppard 6314 | Pr 8197 | BMC VIII 119 | BSB-Ink H-342.025 | GW 13253",,eng,,,,,,6,0,data/expanded/mei-corpus.json,2026-09-30T19:24:36.926582+00:00,https://data.cerl.org/mei/_search
02011390,02011390,https://data.cerl.org/mei/02011390,ih00395000,ih00395000,direct,LondonGuildhallLibrary,"London, Guildhall Library","London, Guildhall Library",GB,INC,INC 57,Horae: ad usum Romanum (Rome) [French and Latin],,"Paris : Philippe Pigouchet, for Simon Vostre, 16 Sept. 1498",FR,frm,4°,liturgy,GW 13253,"Goff H395 | CR 3099 | Boh(1924) 525 = 651 = 652 = 653 | Lacombe 66 | Cl II 38-44 | Pell Ms 5923 (5910) | CIBN H-242 | Aquilon 379 | Coq 273 | Frasson-Cochet 153 | Lefèvre 236 | Parguez 537 | Péligry 421 | Delisle 913 | IGI 4859 | IDL 2362 | CCIR H-45 | Walsh 3654, 3655 | Oates 3076 | Bod-inc H-171 | Sheppard 6314 | Pr 8197 | BMC VIII 119 | BSB-Ink H-342.025 | GW 13253",,eng,,,,,Lacks e3 and e6.,7,0,data/expanded/mei-corpus.json,2026-09-30T19:24:36.926582+00:00,https://data.cerl.org/mei/_search
02013229,02013229,https://data.cerl.org/mei/02013229,ih00395000,ih00395000,direct,PrincetonUL,"Princeton NJ, Princeton University, Firestone Library, Rare Book Division","Princeton NJ, Princeton University, Firestone Library, Rare Book Division",US,Grenville Kane Collection ,EXKA Incunabula 1498 Catholic Church,Horae: ad usum Romanum (Rome) [French and Latin],,"Paris : Philippe Pigouchet, for Simon Vostre, 16 Sept. 1498",FR,frm,4°,liturgy,GW 13253,"Goff H395 | CR 3099 | Boh(1924) 525 = 651 = 652 = 653 | Lacombe 66 | Cl II 38-44 | Pell Ms 5923 (5910) | CIBN H-242 | Aquilon 379 | Coq 273 | Frasson-Cochet 153 | Lefèvre 236 | Parguez 537 | Péligry 421 | Delisle 913 | IGI 4859 | IDL 2362 | CCIR H-45 | Walsh 3654, 3655 | Oates 3076 | Bod-inc H-171 | Sheppard 6314 | Pr 8197 | BMC VIII 119 | BSB-Ink H-342.025 | GW 13253",Record created by John Lancaster.,eng,1,,,,,7,0,data/expanded/mei-corpus.json,2026-09-30T19:24:36.926582+00:00,https://data.cerl.org/mei/_search
02138777,02138777,https://data.cerl.org/mei/02138777,ih00395000,ih00395000,direct,TheHagueMMW,"Den Haag, Huis van het Boek ","Den Haag, Huis van het Boek ",NL,,002 E 029 (olim 004 B 016),Horae: ad usum Romanum (Rome) [French and Latin],,"Paris : Philippe Pigouchet, for Simon Vostre, 16 Sept. 1498",FR,frm,4°,liturgy,GW 13253,"Goff H395 | CR 3099 | Boh(1924) 525 = 651 = 652 = 653 | Lacombe 66 | Cl II 38-44 | Pell Ms 5923 (5910) | CIBN H-242 | Aquilon 379 | Coq 273 | Frasson-Cochet 153 | Lefèvre 236 | Parguez 537 | Péligry 421 | Delisle 913 | IGI 4859 | IDL 2362 | CCIR H-45 | Walsh 3654, 3655 | Oates 3076 | Bod-inc H-171 | Sheppard 6314 | Pr 8197 | BMC VIII 119 | BSB-Ink H-342.025 | GW 13253",,dut,,,,"{""identifier"": ""I 407"", ""source"": ""nldkp""}",,2,0,data/expanded/mei-corpus.json,2026-09-30T19:24:36.926582+00:00,https://data.cerl.org/mei/_search
00560439,00560439,https://data.cerl.org/mei/00560439,ih00395050,ih00395050,direct,CambridgeUL,"Cambridge, University Library",Cambridge UL,GB,Inc.2-7,Inc.5.D.1.29[2583],Horae: ad usum Romanum (Rome) [French and Latin],,"Paris : Philippe Pigouchet, for Simon Vostre, 16 Sept. 1498",FR,frm,4°,liturgy,GW 13254,Oates 3077 | GW 13254,"Title and imprints from leaf a1 recto, with metalcut device of Pigouchet and caption that reads in full: Les presentes heures a lusaige de Ro[m]me fure[n]t acheuez le xvi . iour de Septembre. Lan Mil CCCC.iiii.xx.et xviii. pour Simon vostre. libraire demourant a Paris a la rue neuue nostre dame a lymage sainct Jehan leuangeliste  | 23 large metalcuts combining sets 2 and 3 of the Pigouchet-Vostre metalcuts attributed to the Master of the Apocalypse-Rose, 42 small metalcuts (of which one repeated), multiple-piece metalcut ornamental and historiated border to each page, differing from the borders in ISTC ih00395000 (same date and almost same text setting but different edition)  | Metalcuts from set 3, distinguished by their criblé ground, were introduced in an edition dated 22 August 1498 (ISTC ih00394000). The ones used here are: the Holy Grail, Tree of Jesse, Adoration of the Shepherds, Death of Uriah, Last Judgement, The Church, and the Deposition. The Mass of St. Gregory cut on leaf k8 recto belongs to set 1.  For Pigouchet's sets see H. Wm. Davies, Catalogue of a collection of early French books in the library of C. Fairfax Murray, London, 1910, I, pp. 265-6;  M. B. Winn, ""Printing and Reading the Book of Hours: Lessons from the Borders"", Bulletin of the John Rylands University Library of Manchester, 81 (1999), pp. 177-204.  | Text in Latin and Middle French.  | Spaces left blank for initials.  | Signatures:  a-l⁸ A⁸.  | [Title page], with printer's device and date of acquisition by Simon Vostre, a1r;  [Zodiac man], with captions, a1v;  ""Almanach pour .xxi. An[s]"", i.e. 1488-1508, a2r;  Benedictio, with Holy Grail metalcut, a2v;  [Calendarium], with 4 hexameters for each month in Latin and Middle French, a3r-a8v;  [Sequentiae evangeliorum], b1r-b3r;  ""Passio d[omi]ni nostri iesu christi s[ecundum] Johanne[m]"", b3v-b7r;  Horae Beatae Virginis Mariae, b7v-f6r, including the [Officium] de sancta Cruce, d3r-v, and the [Officium] Spiritus Sancti, d4r-v; Septem psalmi poenitentiales, f6v-g3r;  Litaniae sanctorum et orationes, g3r-g7r;  [Officium mortuorum], g7v-i2v;  [Suffragia sanctorum], i3r-k7v;  [Orationes], in Latin and Middle French, k8r-l4v;  Officium de conceptione Beatae Mariae Virginis, l5r-l7r;  [Orationes], in Latin, l7v-l8v;  Septem psalmi poenitentiales, in Middle French, A1r-A6v;  Oratio, in Middle French, entitled ""Oraison tres deuote a nostre seigneur"", A6v-A8r;  Gregorius I, Pont. Max. [?]. Orationes sancti Gregorii, A8r-v.  | GW, 13254  | ISTC, ih00395050  | Oates, 3077  | [96] leaves : | Original item identifier in source database: 5244333",eng,,,,,,2,0,data/expanded/mei-corpus.json,2026-09-30T19:24:38.724681+00:00,https://data.cerl.org/mei/_search
00205581,00205581,https://data.cerl.org/mei/00205581,ih00395500,ih00395500,direct,OxfordBodley,"Oxford, Bodleian Library",Oxford Bodley,GB,,Douce adds. g.2.,Horae: ad usum Romanum (Rome),,"Venice : Johannes Emericus de Spira, for Lucantonio Giunta, 30 Sept. 1498",IT,lat,16°,liturgy,GW 13387,Sander 5067 | Oates 2139 | Bod-inc H-174 | Sheppard 4565 | Pr 5507 | GW 13387,BodInc-Id: H-174(1),,,,,"{""identifier"": ""tih00395500"", ""source"": ""uktextinc""}",,2,0,data/expanded/mei-corpus.json,2026-09-30T19:24:44.719992+00:00,https://data.cerl.org/mei/_search
00200659,00200659,https://data.cerl.org/mei/00200659,ih00395500,ih00395500,direct,OxfordBodley,"Oxford, Bodleian Library",Oxford Bodley,GB,,Douce adds. g.2,Horae: ad usum Romanum (Rome),,"Venice : Johannes Emericus de Spira, for Lucantonio Giunta, 30 Sept. 1498",IT,lat,16°,liturgy,GW 13387,Sander 5067 | Oates 2139 | Bod-inc H-174 | Sheppard 4565 | Pr 5507 | GW 13387,,eng,,,,,,0,0,data/expanded/mei-corpus.json,2026-09-30T19:24:44.719992+00:00,https://data.cerl.org/mei/_search
00200658,00200658,https://data.cerl.org/mei/00200658,ih00395500,ih00395500,direct,CambridgeUL,"Cambridge, University Library",Cambridge UL,GB,,SSS. 34. 2,Horae: ad usum Romanum (Rome),,"Venice : Johannes Emericus de Spira, for Lucantonio Giunta, 30 Sept. 1498",IT,lat,16°,liturgy,GW 13387,Sander 5067 | Oates 2139 | Bod-inc H-174 | Sheppard 4565 | Pr 5507 | GW 13387,,eng,,,,,"Title from title page printed in red on leaf a1 recto.
Imprints from colophon on leaf v8 recto, which reads in full: Jmpressu[m] Venetiis p[er] Joha/[n]nem emericu[m] de spira : Anno / a natiuitate d[omi]ni Mcccc.xcviij / pridie k[a]l[endas]. octobris.
Woodcut device α of Lucantonio Giunta printed in red on leaf a1 recto. For Giunta's device α, see BM 15th cent., V, 538.
Woodcut illustrations of the Annunciation, Virgin and Child in glory, King David, the Office of the Dead, Crucifixion and the Descent of the Holy Ghost on leaves b8 verso, i7 verso, k2 verso, m8 verso, r6 verso and s24 verso respectively.
Woodcut initials throughout, some inhabited.
Printed in red and black.
Signatures: a-v⁸. Leaves a1 and o1 unsigned.
Title page, with publisher's device, a1r; [Calendarium], a2r-b6v; [Sixtus IV, Pont. Max. ?]. [Oratio ad Beatam Virginem Mariam], incipit ""Aue sanctissima Maria mater dei, regina celi, porta paradisi"" [?], b6v; ""Psalmus"", i.e. Psalm 90, b7v-b8r; Annunciation woodcut, b8v; Horae Beatae Virginis Mariae, c1r-i7r; Virgin and Child woodcut, i7v; Introitus ad missam Beatae Mariae Virginis, i8r-k2r; King David woodcut, k2v; Septem psalmi poenitentiales, k3r-l4v; [Litaniae sanctorum et orationes], l4v-m8r, including Symbulum Athanasii, m5r-m8r; Office of the Dead woodcut, m8v; Officium mortuorum, n1r-r6r; Crucifixion woodcut, r6v; Officium Sanctae Crucis, r7r-s2r; Descent of the Holy Ghost woodcut, s2v; Officium Spiritus Sancti, s3r-s6r; Initium sancti euangelii secundum Iohannem, i.e. Iohannes 1, 1-14, s6v-s7v; Gregorius [?]. Oratio piissima sancti Gregorii, incipit ""O domine Iesu Christe adoro te in cruce pendentem"", s7v-s8v; [Suffragia], s8v-t7r; Bernardus [?]. [Versus beati Bernardi], incipit ""O bone Iesu. Illumina oculos meos"", t7r-t8r; Oratio sancti Augustini deuotissime dicenda, incipit ""O dulcissime domine Iesu Christe verus deus qui de sinu summi patris"", t8v-v5r; Canticum sanctorum Ambrosii et Augustini trasmutatum in laudem gloriose virginis marie, incipit ""Te matrem dei laudamus: te Mariam virginem confitemur"", v5r-v7v; De sancto Matheo apostolo antiphona, incipit ""Conspicit in celis mens prudens ezechielis"", v7v-v8r; colophon, v8r. For further content details, see Bod-inc H-174.
Bod-inc, H-174
C. Dondi, ""Books of Hours: The Development of the Texts in Printed Form"", in Incunabula and their Readers. Printing, Selling and Using Books in the Fifteenth Century, ed. K. Jensen, London, 2003, 53-70, 212-223, 70, no. 53
GW, 13387
ISTC, ih00395500
Oates, 2139
Sander, 5067
Printed on parchment.
Wanting b6.
Acquisition number: 1783.
[160] leaves :
Original item identifier in source database: 5465546",2,0,data/expanded/mei-corpus.json,2026-09-30T19:24:44.719992+00:00,https://data.cerl.org/mei/_search
00206444,00206444,https://data.cerl.org/mei/00206444,ih00396000,ih00396000,direct,OxfordBodley,"Oxford, Bodleian Library",Oxford Bodley,GB,,8° Rawl. 1099.,Horae: ad usum Romanum (Rome) [French and Latin],,"Paris : [Etienne Jehannot], for Jean Poitevin, 15 Oct. 1498",FR,frm,8°,liturgy,GW 13274,"Goff H396 | H 8856 | GfT 1784, 1785 | TFS 1903nn | Boh(1924) 657 = 664 | Lacombe 68 | Pell Ms 5925 (5912) | CIBN H-243 | Coq 274 | Voull(B) 4768,15 | Schmitt I 4768,15 | Bod-inc H-172 | Sheppard 6495-96 | Pr 8365 | GW 13274",BodInc-Id: H-172(1),,,,,"{""identifier"": ""tih00396000"", ""source"": ""uktextinc""}",,3,0,data/expanded/mei-corpus.json,2026-09-30T19:24:46.695912+00:00,https://data.cerl.org/mei/_search
02100255,02100255,https://data.cerl.org/mei/02100255,ih00396500,ih00396500,direct,NLKB,"Den Haag, Koninklijke Bibliotheek - Nationale Bibliotheek van Nederland","Den Haag, Koninklijke Bibliotheek - Nationale Bibliotheek van Nederland",NL,,KW 343 G 29,Horae: ad usum Romanum (Rome) [Latin and French],,"Paris : [Jean Maurand], for Antoine Vérard, 22 Oct. 1498",FR,frm,8°,liturgy,GW 13275,"Goff Suppl. H396a | C 3117 | Boh(1924) 658 | Macf 220, 221 | Lacombe 69 | Pell Ms 5926 (5913) | CIBN H-244 | Castan(Besançon) 550 | Polain(B) 1929 | IDL 2363 | GW 13275",Op perkament,dut,,,1488 in BRH alleen 1498. ,"{""identifier"": ""24594253X"", ""source"": ""nldenhaag""}",,2,0,data/expanded/mei-corpus.json,2026-09-30T19:24:48.722920+00:00,https://data.cerl.org/mei/_search
02145200,02145200,https://data.cerl.org/mei/02145200,ih00397000,ih00397000,direct,UVerL,"Burlington VT, University of Vermont, Silver Special Collections Library","Burlington VT, University of Vermont, Silver Special Collections Library",US,,BX2080 .A2 1498,Horae: ad usum Romanum (Rome) [Latin and French],,"Paris : Philippe Pigouchet, for Simon Vostre, 23 Nov. 1498",FR,frm,8°,liturgy,GW 13222,Goff H397 | GW 13222,Record created by Jeffrey Marshall with assistance from John Lancaster,eng,1,b,Three of the four missing leaves had full-page illustrations and were likely cut out before the book was bound in its current covers.,,"Lacking four leaves (a2, d4, g8, and i6)",4,0,data/expanded/mei-corpus.json,2026-09-30T19:24:52.774687+00:00,https://data.cerl.org/mei/_search
02002302,02002302,https://data.cerl.org/mei/02002302,ih00397300,ih00397300,direct,MadridBPalacioReal,"Madrid, Real Biblioteca",Madrid BPalacio Real,ES,,I/223,Horae: ad usum Romanum (Rome) [French and Latin],,"[Paris : Etienne Jehannot or Jean Poitevin?, for Antoine Vérard, after 2 July 1498]",FR,frm,8°,liturgy,GW 13272,Winn(Vérard) H-16 | Brunet V col 1603: 120 | Pell Ms 5893 (5879) | CIBN H-240 | Lefèvre 237 | IBE 2962 | GW 13272,,spa,,,,,Falto de f. a partir de f. [85].,5,0,data/expanded/mei-corpus.json,2026-09-30T19:24:58.809279+00:00,https://data.cerl.org/mei/_search
00560441,00560441,https://data.cerl.org/mei/00560441,ih00398600,ih00398600,direct,CambridgeUL,"Cambridge, University Library",Cambridge UL,GB,SSS,SSS.47.4,Horae: ad usum Romanum (Rome),,"Paris : Philippe Pigouchet, [about 1498]",FR,lat,8°,liturgy,GW 13141,Oates 3083 | Sotheby's (London) 15 May 1997 no. 54  | GW 13141,"Collation: a-o³.  | 1a: blank; 1b: Almanach pro. xx. annis | ... [1488-1508]; 15a: [Metal cut] Initium sancti  euangelii secun= | dum Iohannẽ. Gloria tibi domine. |; 24b, line 16: Hore intemerate virginis marie se | cundum vsum Romane curie īcipiũt | feliciter. |; 25a: [Metal cut] [D]Omine labia mea aperies | [e]t os meu annũciabit lau | [25b] dẽ tuã [D]eus ĩ adiutoriũ meũ intende | ..  ; 112a, line 14: .. .Prestãte eodem dño nostro ie | su christo qui cum patre et spiritusan | cto viuit et regnat ĩ secula seculorum. | Amen. Pater noster. Aue maria. | Hore beate marie virginis secundũ | vsum Romanum finiunt feliciter. |; 112b: [Device of Pigouchet (Polain 152)].  | ISTC, ih00398600  | Oates, 3083  | On parchment. Decoration: Cuts hand coloured. Initials supplied in alternating red and blue.  | [112] leaves : | Original item identifier in source database: 5563216",eng,,,,,,4,0,data/expanded/mei-corpus.json,2026-09-30T19:25:02.732018+00:00,https://data.cerl.org/mei/_search
02145206,02145206,https://data.cerl.org/mei/02145206,id00159450,ih00399360 | ih00427800 | ih00430000,bound_with,LiverpoolUL,"Liverpool, University Library","Liverpool, University Library",GB,,SPEC Inc.CSJ.E23/OS,Dialogus creaturarum moralisatus,,"Antwerp : Gerard Leeu, 11 Apr. 1491",BE,lat,4°,Literature-moral,GW M22253,Goff N156 | HC 6130 | Camp 564 | ILC 707 | Inv Ant 205 | Hillard 720 | Polain(B) 1267 | IDL 1507 | Schüling 584 | Christie's (NY) Apr. 8 1981 (Sexton) 9 | Poynter 394 | Oates 3930 | Pr 9396 | BMC IX 195 | GW M22253,Created by Niamh Delaney,eng,,,"Plate 1: id00159450 - leaf b6, drawings in ink, 183 x 129 mm
Plate 2: ic00149000 - 200 x 140 mm
Plate 3: il00355000 - rubricated, 249 x 175 mm
Plate 4: il00089000 - 199 x 137 mm
Plate 5: ih00430000 - leaf u1, 207 x 155 mm
Plate 6: ir00032000 - leaf r7 (rubricated), 287 x 214 mm
Plate 7: ib00788000 - leaf D1, 203 x147 mm  
Plate 8: ih00510000 - leaf s2, 284 x 209 mm
Plate 9: ij00140500 -  leaf 2[con]2 (rubricated), 266 x 192 mm
Plate 10: ib00948000 - leaf vi (rubricated), 272 x 198 mm
Plate 11: il00356000 - leaf CCVI (rubricated), 242 x 188 mm
Plate 12: id00102440 - leaf lii, 141 x 101 mm
Plate 13: ib00132000 - 283 x 202 mm
Plate 14: ig00457600 - 412 x 285 mm
Plate 15: ia01183600 - 246 x 165 mm
Plate 16: ig00324000 - leaf v1, 202 x 140 mm
Plate 17: ig00500500 - leaf D8, 292 x 211 mm
Plate 18: ib00029500 - leaf M4, 311 x 235 mm
Plate 19: ib01204000 - leaf Cxi, 278 x 194 mm
Plate 20: il00142000 - rubricated, 203 x 144 mm
Plate 21: io00081000 - 205 x 146 mm
Plate 22: ic00295000 - leaf q3, 245 x 166 mm
Plate 23: im00073000 - folio LXXXII (annotations), 172 x 121 mm 
Plate 24: ih00399360 - leaf L3, 162 x 113 mm
Plate 25: ib00602000 - folio C, 257 x 183 mm
Plate 26: ia00483000 - leaf c3, 201 x 140 mm
Plate 27: ia01058000 - 127 x 90 mm
Plate 28: ip00251000? - leaf lll, 193 x 143 mm
Plate 29: ib00149000 - leaf L1(?), 143 x 234 mm
Plate 30: ig00577000 - leaf n4 (rubricated), 195 x 133 mm
Plate 31: ig00480000 - leaf f3 (rubricated), 278 x 207 mm
Plate 32: ia01027000 - leaf of clxxxviii, 298 x 215 mm
Plate 33: ic00210000 - leaf CC4, 199 x 136 mm
Plate 34: ig00594700 - 246 x 172 mm
Plate 35: ia00991000 - leaf e1 (annotated), 287 x 213 mm
Plate 36: im00729000 - leaf AA4 (rubricated), 153 x 226 mm
Plate 37: if00009900 - 286 x 207 mm
Plate 38: iv00142000 - 259 x 192 mm
Plate 39: ih00427800 - (illuminated initials), 166 x 103 mm
Plate 40: im00074000 - leaf R4 (rubricated), 171 x 119 mm
Plate 41: ig00297000 - folio XXI, 192 x 136 mm
Plate 42: ig00635000 - leaf f4, 140 x 103 mm
Plate 43: in00168000 - 126 x 86 mm
Plate 44: ig00015000 - leaf A2, 279 x 195 mm
Plate 45: iv00111300 - 187 x 131 mm
Plate 46: it00430000 - leaf d3, 141 x 223 mm
Plate 47: ig00323000 - 207 x 141 mm
Plate 48: ib00150000 - leaf bb4, 286 x 220 mm
Plate 49: im00753000 - 280 x 212 mm
Plate 50: it00551000 - (rubricated), 291 x 206 mm
Plate 51: im00273000 - leaf h1, 289 x 209 mm
Plate 52: im00866160 - 284 x 205 mm
Plate 53: ip00837000 - 405 x 221 mm
Plate 54: ib01016000 - 298 x 210 mm
Plate 55: im00531000 - 257 x 179 mm
Plate 56: ig00735000 - folio LX, 265 x 198 mm
Plate 57: ir00148000 - 291 x 209 mm
Plate 58: il00416000 - 147 x 102 mm
Plate 59: ih00267000 - leaf cclxxxvii (rubricated), 225 x 173 mm
Plate 60: ic00482000 - 262 x 193 mm",,"West European incunabula: 60 original leaves from the presses of the Netherlands, France, Iberia and Great Britain, described by Konrad Haebler ; translated from the German by André Barbey.
This is copy number 84, of an edition of 100. Consists of 60 incunabula leaves, window-mounted with mounted printed caption label. Accompanied by a volume of text consisting of a list of the plates, arranged under country alphabetically by place of printing, with a short history of the early printing in each country followed by descriptive notes on each specimen, giving information about the printer and the character of the types.
The plates are unbound, stored together with the introductory text, within an original linen folding box, lettered on front and spine.",1,58,data/expanded/mei-corpus.json,2026-09-30T19:25:10.847214+00:00 | 2026-09-30T19:28:22.757848+00:00 | 2026-09-30T19:29:10.995856+00:00,https://data.cerl.org/mei/_search
02115886,02115886,https://data.cerl.org/mei/02115886,ih00399360,ih00399360,direct,WienONB,"Wien, Österreichische  Nationalbibliothek","Wien, ONB",AT,ZALT-INK,Ink 25.H.80,Horae: ad usum Romanum (Rome),,"Lyon : [Jacobinus Suigus and Nicolaus de Benedictis], for Boninus de Boninis, de Ragusia, 20 Mar. 1499",FR,lat,8°,liturgy,GW 13037,Goff O48 | HCR 11995 | Boh(1924) Off. 99 | Lacombe 501 | Pell Ms 5930 (5917) | CIBN H-245 | Delisle 1349 | IGI 4863 | Voull(B) 4715 | Schäfer 256 | Rhodes(Oxford Colleges) 1268 | Bod-inc H-158 | Sheppard 6716 | Pr 8662 | BMC VIII 324 | BSB-Ink H-342.050 | GW 13037,,eng,0,,,,,1,0,data/expanded/mei-corpus.json,2026-09-30T19:25:10.847214+00:00,https://data.cerl.org/mei/_search
00205576,00205576,https://data.cerl.org/mei/00205576,ih00399360,ih00399360,direct,OxfordBodley,"Oxford, Bodleian Library",Oxford Bodley,GB,,Douce 21.,Horae: ad usum Romanum (Rome),,"Lyon : [Jacobinus Suigus and Nicolaus de Benedictis], for Boninus de Boninis, de Ragusia, 20 Mar. 1499",FR,lat,8°,liturgy,GW 13037,Goff O48 | HCR 11995 | Boh(1924) Off. 99 | Lacombe 501 | Pell Ms 5930 (5917) | CIBN H-245 | Delisle 1349 | IGI 4863 | Voull(B) 4715 | Schäfer 256 | Rhodes(Oxford Colleges) 1268 | Bod-inc H-158 | Sheppard 6716 | Pr 8662 | BMC VIII 324 | BSB-Ink H-342.050 | GW 13037,BodInc-Id: H-158(1),,,,,"{""identifier"": ""tih00399360"", ""source"": ""uktextinc""}",,2,0,data/expanded/mei-corpus.json,2026-09-30T19:25:10.847214+00:00,https://data.cerl.org/mei/_search
02124346,02124346,https://data.cerl.org/mei/02124346,ih00399360,ih00399360,direct,VeneziaC,"Venezia, Biblioteca del Museo Correr",Venezia C,IT,,Inc. I 055,Horae: ad usum Romanum (Rome),,"Lyon : [Jacobinus Suigus and Nicolaus de Benedictis], for Boninus de Boninis, de Ragusia, 20 Mar. 1499",FR,lat,8°,liturgy,GW 13037,Goff O48 | HCR 11995 | Boh(1924) Off. 99 | Lacombe 501 | Pell Ms 5930 (5917) | CIBN H-245 | Delisle 1349 | IGI 4863 | Voull(B) 4715 | Schäfer 256 | Rhodes(Oxford Colleges) 1268 | Bod-inc H-158 | Sheppard 6716 | Pr 8662 | BMC VIII 324 | BSB-Ink H-342.050 | GW 13037,Creato da Carlo Squarzon.,ita,1,b,"All'esemplare pergamenaceo sono state inserite da E.A. Cicogna, in corrispondenza di carte mancanti o alle carte con immagini parzialmente cancellate, le seguenti carte tratte da un esemplare cartaceo: A1, A2, G2, J7, O1, P2, P5, R5, R8, S1 e T5.","{""identifier"": ""VEAE131065"", ""source"": ""itsbn""}",,4,0,data/expanded/mei-corpus.json,2026-09-30T19:25:10.847214+00:00,https://data.cerl.org/mei/_search
02138778,02138778,https://data.cerl.org/mei/02138778,ih00399500,ih00399500,direct,TheHagueMMW,"Den Haag, Huis van het Boek ","Den Haag, Huis van het Boek ",NL,,001 F 047,Horae: ad usum Romanum (Rome),,"Paris : Georg Wolf and Thielman Kerver, 26 Apr. 1499",FR,lat,8°,liturgy,GW 13101,C 3101 | Boh(1924) 673 | Pell Ms 5928 (5915) = 5931 (5918) | Castan(Besançon) 551 | IGI 4864 | IDL 2364 | BMC VIII 215 | GW 13101,,dut,,,,"{""identifier"": ""I 414"", ""source"": ""nldkp""}",,3,0,data/expanded/mei-corpus.json,2026-09-30T19:25:14.699866+00:00,https://data.cerl.org/mei/_search
02122074,02122074,https://data.cerl.org/mei/02122074,ih00399600,ih00399600,direct,VeneziaN,"Venezia, Biblioteca Nazionale Marciana",Venezia N,IT,,147D 261,Horae: ad usum Romanum (Rome),,"Lyon : [Jacobinus Suigus and Nicolaus de Benedictis], for Boninus de Boninis, de Ragusia, 20 May 1499",FR,lat,8°,liturgy,GW 13038,Goff O47 | Boh(1924) 100 | Liecht 165 | Cl IV 285-89 | Coq 276 | Rosenwald 369 | Rosenwald(1977) 444 | BSB-Ink H-343 | GW 13038,Creato da Sabrina Minuzzi,ita,1,b,"Fortemente mutilo, possedute sciolte solo le carte [2a]8; A3-6; B1-2; E1-8; I1-2; O1-8; Q1-8; R2-4; R7-8.",,,1,0,data/expanded/mei-corpus.json,2026-09-30T19:25:16.772239+00:00,https://data.cerl.org/mei/_search
02132440,02132440,https://data.cerl.org/mei/02132440,ih00399600,ih00399600,direct,MilanoN,"Milano, Biblioteca Nazionale Braidense",Milano N,IT,Gerli,B.G. Inc. 62,Horae: ad usum Romanum (Rome),,"Lyon : [Jacobinus Suigus and Nicolaus de Benedictis], for Boninus de Boninis, de Ragusia, 20 May 1499",FR,lat,8°,liturgy,GW 13038,Goff O47 | Boh(1924) 100 | Liecht 165 | Cl IV 285-89 | Coq 276 | Rosenwald 369 | Rosenwald(1977) 444 | BSB-Ink H-343 | GW 13038,,ita,1,b,Mutilo della c. [c.]8.,,,7,0,data/expanded/mei-corpus.json,2026-09-30T19:25:16.772239+00:00,https://data.cerl.org/mei/_search
00200660,00200660,https://data.cerl.org/mei/00200660,ih00399800,ih00399800,direct,MunchenBSB,"München, Bayerische Staatsbibliothek",München BSB,DE,,Rar. 15,Horae: ad usum Romanum (Rome),,"Venice : Johannes Emericus, de Spira, for Lucantonio Giunta, 21 May 1499",IT,lat,64°,liturgy,GW 13388,H 11996* | Sander 5068 | Essling 464 | Boh(1924) 101 | BSB-Ink H-344 | GW 13388,,eng,,,,,,0,0,data/expanded/mei-corpus.json,2026-09-30T19:25:20.718765+00:00,https://data.cerl.org/mei/_search
00205580,00205580,https://data.cerl.org/mei/00205580,ih00401300,ih00401300,direct,OxfordBodley,"Oxford, Bodleian Library",Oxford Bodley,GB,,Douce BB 49.,Horae: ad usum Romanum (Rome) [French and Latin],,"[Paris] : Etienne Jehannot, [about 1499]",FR,frm,8°,liturgy,GW 13123,Boh(1924) 441 | Bod-inc H-173 | Sheppard 6506 | Pr 8344 | GW 13123,BodInc-Id: H-173(1),,,,,"{""identifier"": ""tih00401300"", ""source"": ""uktextinc""}",,3,0,data/expanded/mei-corpus.json,2026-09-30T19:25:34.747669+00:00,https://data.cerl.org/mei/_search
02108382,02108382,https://data.cerl.org/mei/02108382,ih00405000,ih00405000,direct,ColUL,"New York NY, Columbia University, Butler Library","New York NY, Columbia University, Butler Library",US,Phoenix Collection ,Goff H405,Horae: ad usum Romanum (Rome) [French and Latin],,"[Paris] : Thielman Kerver, for Guillaume Eustace, 15 Mar. 1500 [1501?]",FR,frm,8°,liturgy,GW 13244,"Goff H405 | H 8860? | C 3103 | Boh(1924) 685 = 696 | Aquilon 380 | IGI VI 4866-A | Ernst(Hildesheim) I,I 247 | Kind(Göttingen) 970 | Pr 8398 | BMC VIII 218 | GW 13244",Record created by Helene Huszti,eng,1,a,,,"No pagination/foliotation, minimalist signatures only: a–n⁸o^4p⁸. Vellum of a very fine quality.",2,0,data/expanded/mei-corpus.json,2026-09-30T19:25:40.732344+00:00,https://data.cerl.org/mei/_search
02118280,02118280,https://data.cerl.org/mei/02118280,ih00405600,ih00405600,direct,WienONB,"Wien, Österreichische  Nationalbibliothek","Wien, ONB",AT,ZALT-INK,Ink 3.G.20,Horae: ad usum Romanum (Rome),,"Paris : [André Bocard?], for Antoine Vérard, 2 May 1500",FR,lat,4°,liturgy,GW 13300,Boh(1924) 687 | Macf 223 | Lacombe 79 | Delisle 914 | GW 13300,,eng,0,,,,,1,0,data/expanded/mei-corpus.json,2026-09-30T19:25:44.719787+00:00,https://data.cerl.org/mei/_search
02100103,02100103,https://data.cerl.org/mei/02100103,ih00405900,ih00405900,direct,NLKB,"Den Haag, Koninklijke Bibliotheek - Nationale Bibliotheek van Nederland","Den Haag, Koninklijke Bibliotheek - Nationale Bibliotheek van Nederland",NL,,KW 343 H 28,Horae: ad usum Romanum (Rome) [Latin and French],,"Paris : Thielman Kerver, for Gilles Remacle, 26 June 1500",FR,frm,8°,liturgy,GW 13169,Boh(1924) 690 | Polain(B) 4426 | IDL 2365 | Voull(B) 4772 | GW 13169,"De afbeeldingen op de CD-ROM 'Illustrated ISTC' zijn afkomstig uit dit signatuur. De volgende pagina's zijn afgebeeld: 1 recto = a1 recto = title, printer's device, woodcut border; 1 verso = a1 verso = prelim: almanac; 2 verso = a2 verso = start of calendar, woodcut border; 8 recto = a8 recto = end of calendar, woodcut border; 8 verso = a8 verso = start of text, woodcut, woodcut border; 9 recto = b1 recto = first page of second quire, woodcut border; 112 verso = o8 verso = end of text, colophon, woodcut border | Perkament",dut,,,schutbl. voorin recto in potl.: doorgestreept 153 A 22; titelbl. in hs: fo. Cot. ,"{""identifier"": 249558238, ""source"": ""nldenhaag""}",,2,0,data/expanded/mei-corpus.json,2026-09-30T19:25:46.720310+00:00,https://data.cerl.org/mei/_search
02132453,02132453,https://data.cerl.org/mei/02132453,ih00410500,ih00410500,direct,MilanoN,"Milano, Biblioteca Nazionale Braidense",Milano N,IT,Gerli,B.G. Inc. 70,Horae: ad usum Romanum (Rome) [Latin and French],,"Paris : [Philippe Pigouchet], for Simon Vostre, [about 1500]",FR,frm,8°,liturgy,GW 13259,Boh(1924) 624 | Boh(Parma) 249 | IGI 4868 | GW 13259,,ita,1,b | p,"Mutilo delle cc. a1-a2, a7-a8. Due fogli parte della precedente legatura sei-settecentesca in carta decorata ora utilizzati come guardie.",,,6,0,data/expanded/mei-corpus.json,2026-09-30T19:26:06.726033+00:00,https://data.cerl.org/mei/_search
00204427,00204427,https://data.cerl.org/mei/00204427,ih00418010,ih00418010,direct,OxfordBodley,"Oxford, Bodleian Library",Oxford Bodley,GB,,Byw. R 4.12*.,Horae: ad usum Rothomagensem (Rouen) or ad usum Sarum (Salisbury),,"[Paris : Georg Wolf, about 1490]",FR,lat,32°,liturgy,GW 13052,Bod-inc H-178 | Sheppard 6362 | GW 13052,BodInc-Id: H-178(1),eng,,,,"{""identifier"": ""tih00418010"", ""source"": ""uktextinc""}",,2,0,data/expanded/mei-corpus.json,2026-09-30T19:26:40.760692+00:00,https://data.cerl.org/mei/_search
00205582,00205582,https://data.cerl.org/mei/00205582,ih00418800,ih00418800,direct,OxfordBodley,"Oxford, Bodleian Library",Oxford Bodley,GB,,Douce BB 113.,Horae: ad usum Rothomagensem (Rouen) [French and Latin],,"[Paris : Etienne Jehannot], for Pierre Regnault at Caen, [about 1497]",FR,frm,8°,liturgy,GW 13193,Boh(1924) 1326 | Cl II 245 | Bod-inc H-177 | Sheppard 6487-88 | Pr 8343 | GW 13193,BodInc-Id: H-177(1),,,,,"{""identifier"": ""tih00418800"", ""source"": ""uktextinc""}",,2,0,data/expanded/mei-corpus.json,2026-09-30T19:26:44.735491+00:00,https://data.cerl.org/mei/_search
02010654,02010654,https://data.cerl.org/mei/02010654,ih00419000,ih00419000,direct,LondonLambeth,"London, Lambeth Palace Library",London Lambeth,GB,,[ZZ] 1488.5,Horae: ad usum Rothomagensem (Rouen) [Latin and French],,"[Paris] : Philippe Pigouchet, for Simon Vostre, 30 Apr. 1498",FR,frm,8°,liturgy,GW 13212,Goff H419 | GW 13212,Created by Angeline Rais,eng,1,,,,,5,0,data/expanded/mei-corpus.json,2026-09-30T19:26:46.747832+00:00,https://data.cerl.org/mei/_search
00200613,00200613,https://data.cerl.org/mei/00200613,ih00419500,ih00419500,direct,SalzburgCarolinoAug,"Salzburg, Städtisches Museum Carolino-Augusteum, Bibliothek","Salzburg, CarolinoAug",AT,,Ink. 12,Horae: ad usum Salzeburgensem (Salzburg). Cursus officiorum,,"Venice : Johannes Hamman, for Johann Volkarth, 14 Nov. 1495",IT,lat,8°,liturgy,GW 13380,GW 13380,,eng,,,,,,0,0,data/expanded/mei-corpus.json,2026-09-30T19:26:54.735104+00:00,https://data.cerl.org/mei/_search
02127516,02127516,https://data.cerl.org/mei/02127516,ih00420000,ih00420000,direct,NewYorkNYPierpontMorganLibrary,"New York NY, The Morgan Library and Museum","New York NY, The Morgan Library and Museum",US,,PML 18386,Horae: ad usum Sarum (Salisbury),,"[Bruges : Colard Mansion?, for William Caxton, about 1475-76]",BE,lat,8°,liturgy,GW 13407,Goff H420 | C 3052 | Boh(1924) 114 | DeR(C) 50 | Cx 11 | STC 15867 | Camp(XIII) 988a  | ILC 1211 | Duff 174 | Bod-inc H-181 | Sheppard 7366-7367 | Pr 9623 | GW 13407,Created by John McQuillen.,eng,1,b,,,"Complete collation unknown, but likely [1-12⁸]: 96 leaves. Morgan fragment collates: [4-11⁸]: 64 leaves, missing 2 leaves: [4]/1-2, and quires [1-3]⁸ and [12]⁸.",6,0,data/expanded/mei-corpus.json,2026-09-30T19:27:00.841953+00:00,https://data.cerl.org/mei/_search
00205585,00205585,https://data.cerl.org/mei/00205585,ih00420000,ih00420000,direct,OxfordBodley,"Oxford, Bodleian Library",Oxford Bodley,GB,,Douce Fragm. g.1.,Horae: ad usum Sarum (Salisbury),,"[Bruges : Colard Mansion?, for William Caxton, about 1475-76]",BE,lat,8°,liturgy,GW 13407,Goff H420 | C 3052 | Boh(1924) 114 | DeR(C) 50 | Cx 11 | STC 15867 | Camp(XIII) 988a  | ILC 1211 | Duff 174 | Bod-inc H-181 | Sheppard 7366-7367 | Pr 9623 | GW 13407,BodInc-Id: H-181(1),,,,,"{""identifier"": ""tih00420000"", ""source"": ""uktextinc""}",,3,0,data/expanded/mei-corpus.json,2026-09-30T19:27:00.841953+00:00,https://data.cerl.org/mei/_search
02137556,02137556,https://data.cerl.org/mei/02137556,ih00420200,ih00420200,direct,LondonBL,"London, British Library","London, British Library",GB,,IB.55036,Horae: ad usum Sarum (Salisbury),,"[Westminster : William Caxton, about 1477-79]",GB,lat,4°,liturgy,GW 13021,C 3131 | Blades 37  | DeR(C) 51 | Cx 33 | Duff 175 | STC 15868 | Pr 9636 | BMC XI 112 | GW 13021,Created by John Goldfinch,eng,1,p,,,,2,0,data/expanded/mei-corpus.json,2026-09-23T13:28:20.179938+00:00,https://data.cerl.org/mei/_search
00560442,00560442,https://data.cerl.org/mei/00560442,ih00420300,ih00420300,direct,CambridgeUL,"Cambridge, University Library",Cambridge UL,GB,Inc.2-7,Inc.6.J.3.4[3606],Horae: ad usum Sarum (Salisbury),,"[London : William de Machlinia, about 1484]",GB,lat,8°,liturgy,GW 13013,"C 3129 | Duff 176 | STC 15869 | Oates 4184 | Rhodes(Oxford Colleges) 933 | Bod-inc H-182 | Sheppard 7513-7515 | Pr 9769 | BMC XI 253 | Mon: George Smith: William de Machlinia, the primer on vellum ... (London, 1929)  | GW 13013","On vellum.  | Signatures: [a-c⁸ d⁴ e-o⁸ ...]  | Bod-Inc, H-182  | Duff, 176  | ESTC, S124983  | ISTC, ih00420300  | Oates, 4184  | STC, 15869  | Fragment: Two leaves only, from a binding: part of g2, and g7 complete (opening of the Penitential Psalms within a woodcut border). A note by Francis Jenkinson reads: ""This vellum is a good deal shrunk, as may be seen by comparing the same border in Pynson's Aphthonii Progymnasmata, 1521, 8°.""  | [108+] leaves : | Original item identifier in source database: 4781234",eng,,,,,,1,0,data/expanded/mei-corpus.json,2026-09-23T13:28:43.985689+00:00,https://data.cerl.org/mei/_search
00203485,00203485,https://data.cerl.org/mei/00203485,ih00420300,ih00420300,direct,OxfordBodley,"Oxford, Bodleian Library",Oxford Bodley,GB,,Arch. G f.16.,Horae: ad usum Sarum (Salisbury),,"[London : William de Machlinia, about 1484]",GB,lat,8°,liturgy,GW 13013,"C 3129 | Duff 176 | STC 15869 | Oates 4184 | Rhodes(Oxford Colleges) 933 | Bod-inc H-182 | Sheppard 7513-7515 | Pr 9769 | BMC XI 253 | Mon: George Smith: William de Machlinia, the primer on vellum ... (London, 1929)  | GW 13013",BodInc-Id: H-182(1),,,,,"{""identifier"": ""tih00420300"", ""source"": ""uktextinc""}",,6,0,data/expanded/mei-corpus.json,2026-09-23T13:28:43.985689+00:00,https://data.cerl.org/mei/_search
00560443,00560443,https://data.cerl.org/mei/00560443,ih00420330,ih00420330,direct,CambridgeUL,"Cambridge, University Library",Cambridge UL,GB,Inc.2-7,Inc.6.D.1.14[2501],Horae: ad usum Sarum (Salisbury),,"[Paris : Jean Du Pré (printer of Paris), about 1488?]",FR,lat,16°,liturgy,GW 13051,TFS 1908uu | Duff 177 | Oates 2973 | STC 15870 | GW 13051,"Fragments only survive.  | Leaf a1r begins: These prayers fololovnig [sic] ought for to be seyd or ye de=parte out of your chaumbre at your vprisyng.  | Duff, 177  | ESTC, S121667  | ISTC, ih00420330  | Oates, 2973  | STC (2nd ed.), 15870  | Fragments: Three eighth-sheets, the first bearing contiguous leaves a1.16, the other two bearing two other contiguous leaves in duplicate (i.e. 4 leaves in all).  | [4+] leaves ; | Original item identifier in source database: 5288265",eng,,,,,,3,0,data/expanded/mei-corpus.json,2026-09-30T19:27:02.738677+00:00,https://data.cerl.org/mei/_search
00560444,00560444,https://data.cerl.org/mei/00560444,ih00420400,ih00420400,direct,CambridgeUL,"Cambridge, University Library",Cambridge UL,GB,Inc.2-7,Inc.6.J.1.1[3533],Horae: ad usum Sarum (Salisbury),,"[Westminster : William Caxton, about 1484]",GB,lat,8°,liturgy,GW 13022,C 3130 | Duff 179 | DeR(C) 53 | Cx 77 (I) | STC 15872 | Oates 4102 | Pr 9674 | BMC XI 159 (I) | GW 13022,"Fragments only survive.  | Red and black.  | BM 15th cent., XI, 159 (I)  | Duff, 179  | ESTC, S2771  | ISTC, ih00420400  | Oates, 4102  | STC, 15872  | In a modern cloth portfolio.  | Fragment: Four leaves of the calendar (September-December); from a binding.  | [8+] leaves ; | Original item identifier in source database: 4775366",eng,,,,,,1,0,data/expanded/mei-corpus.json,2026-09-30T19:27:06.726963+00:00,https://data.cerl.org/mei/_search
00201174,00201174,https://data.cerl.org/mei/00201174,ih00420440,ih00420440,direct,CambridgeUL,"Cambridge, University Library",Cambridge UL,GB,,Inc.Fragments.3[3710],Horae: ad usum Sarum (Salisbury),,"Venice : Johannes Hamman, for Fredericus de Egmondt and Gerardus Barrevelt, 1494",IT,lat,16°,liturgy,GW 13377,Duff 181 | STC 15874 | Sander 3454 = 5055 | Oates 2044 | Bod-inc H-190 | Sheppard 4147 | Rhodes(Oxford Colleges) 934 | Pr 5205 | BMC V 426 | GW 13377,,eng,,b,,,,0,0,data/expanded/mei-corpus.json,2026-09-30T19:27:12.854663+00:00,https://data.cerl.org/mei/_search
00201175,00201175,https://data.cerl.org/mei/00201175,ih00420440,ih00420440,direct,DurhamUL,"Durham, University Library, Barker Research Library, Palace Green ","Durham, University Library, Barker Research Library, Palace Green ",GB,,,Horae: ad usum Sarum (Salisbury),,"Venice : Johannes Hamman, for Fredericus de Egmondt and Gerardus Barrevelt, 1494",IT,lat,16°,liturgy,GW 13377,Duff 181 | STC 15874 | Sander 3454 = 5055 | Oates 2044 | Bod-inc H-190 | Sheppard 4147 | Rhodes(Oxford Colleges) 934 | Pr 5205 | BMC V 426 | GW 13377,,eng,,b,,,,0,0,data/expanded/mei-corpus.json,2026-09-30T19:27:12.854663+00:00,https://data.cerl.org/mei/_search
00200605,00200605,https://data.cerl.org/mei/00200605,ih00420440,ih00420440,direct,ManchesterJRL,"Manchester, University of Manchester, John Rylands Research Institute and Library","Manchester, University of Manchester, John Rylands Research Institute and Library",GB,,R95017,Horae: ad usum Sarum (Salisbury),,"Venice : Johannes Hamman, for Fredericus de Egmondt and Gerardus Barrevelt, 1494",IT,lat,16°,liturgy,GW 13377,Duff 181 | STC 15874 | Sander 3454 = 5055 | Oates 2044 | Bod-inc H-190 | Sheppard 4147 | Rhodes(Oxford Colleges) 934 | Pr 5205 | BMC V 426 | GW 13377,,eng,,,,,,0,0,data/expanded/mei-corpus.json,2026-09-30T19:27:12.854663+00:00,https://data.cerl.org/mei/_search
00201180,00201180,https://data.cerl.org/mei/00201180,ih00420440,ih00420440,direct,OxfordCorpusChristiCollege,"Oxford, Corpus Christi College","Oxford, Corpus Christi College",GB,,,Horae: ad usum Sarum (Salisbury),,"Venice : Johannes Hamman, for Fredericus de Egmondt and Gerardus Barrevelt, 1494",IT,lat,16°,liturgy,GW 13377,Duff 181 | STC 15874 | Sander 3454 = 5055 | Oates 2044 | Bod-inc H-190 | Sheppard 4147 | Rhodes(Oxford Colleges) 934 | Pr 5205 | BMC V 426 | GW 13377,,eng,,b,,,,0,0,data/expanded/mei-corpus.json,2026-09-30T19:27:12.854663+00:00,https://data.cerl.org/mei/_search
00200602,00200602,https://data.cerl.org/mei/00200602,ih00420440,ih00420440,direct,LondonBL,"London, British Library","London, British Library",GB,,IA.23403,Horae: ad usum Sarum (Salisbury),,"Venice : Johannes Hamman, for Fredericus de Egmondt and Gerardus Barrevelt, 1494",IT,lat,16°,liturgy,GW 13377,Duff 181 | STC 15874 | Sander 3454 = 5055 | Oates 2044 | Bod-inc H-190 | Sheppard 4147 | Rhodes(Oxford Colleges) 934 | Pr 5205 | BMC V 426 | GW 13377,Created by Cristina Dondi; additions by John Goldfinch,eng,1,b | c,,,,2,0,data/expanded/mei-corpus.json,2026-09-30T19:27:12.854663+00:00,https://data.cerl.org/mei/_search
00201178,00201178,https://data.cerl.org/mei/00201178,ih00420440,ih00420440,direct,LondonDrapers,"London, Drapers' Company","London, Drapers' Company",GB,,,Horae: ad usum Sarum (Salisbury),,"Venice : Johannes Hamman, for Fredericus de Egmondt and Gerardus Barrevelt, 1494",IT,lat,16°,liturgy,GW 13377,Duff 181 | STC 15874 | Sander 3454 = 5055 | Oates 2044 | Bod-inc H-190 | Sheppard 4147 | Rhodes(Oxford Colleges) 934 | Pr 5205 | BMC V 426 | GW 13377,,eng,,b,,,,0,0,data/expanded/mei-corpus.json,2026-09-30T19:27:12.854663+00:00,https://data.cerl.org/mei/_search
00201179,00201179,https://data.cerl.org/mei/00201179,ih00420440,ih00420440,direct,OxfordBrasenose,"Oxford, Brasenose College","Oxford, Brasenose College",GB,,,Horae: ad usum Sarum (Salisbury),,"Venice : Johannes Hamman, for Fredericus de Egmondt and Gerardus Barrevelt, 1494",IT,lat,16°,liturgy,GW 13377,Duff 181 | STC 15874 | Sander 3454 = 5055 | Oates 2044 | Bod-inc H-190 | Sheppard 4147 | Rhodes(Oxford Colleges) 934 | Pr 5205 | BMC V 426 | GW 13377,,eng,,b,,,,0,0,data/expanded/mei-corpus.json,2026-09-30T19:27:12.854663+00:00,https://data.cerl.org/mei/_search
00206217,00206217,https://data.cerl.org/mei/00206217,ih00420440,ih00420440,direct,OxfordBodley,"Oxford, Bodleian Library",Oxford Bodley,GB,,Inc. b. I4.1494.2.,Horae: ad usum Sarum (Salisbury),,"Venice : Johannes Hamman, for Fredericus de Egmondt and Gerardus Barrevelt, 1494",IT,lat,16°,liturgy,GW 13377,Duff 181 | STC 15874 | Sander 3454 = 5055 | Oates 2044 | Bod-inc H-190 | Sheppard 4147 | Rhodes(Oxford Colleges) 934 | Pr 5205 | BMC V 426 | GW 13377,BodInc-Id: H-190(1),eng,,,,"{""identifier"": ""tih00420435"", ""source"": ""uktextinc""}",,5,0,data/expanded/mei-corpus.json,2026-09-30T19:27:12.854663+00:00,https://data.cerl.org/mei/_search
00201177,00201177,https://data.cerl.org/mei/00201177,ih00420440,ih00420440,direct,DurhamUshaw,"Durham, Ushaw College","Durham, Ushaw College",GB,,,Horae: ad usum Sarum (Salisbury),,"Venice : Johannes Hamman, for Fredericus de Egmondt and Gerardus Barrevelt, 1494",IT,lat,16°,liturgy,GW 13377,Duff 181 | STC 15874 | Sander 3454 = 5055 | Oates 2044 | Bod-inc H-190 | Sheppard 4147 | Rhodes(Oxford Colleges) 934 | Pr 5205 | BMC V 426 | GW 13377,,eng,,b,,,,0,0,data/expanded/mei-corpus.json,2026-09-30T19:27:12.854663+00:00,https://data.cerl.org/mei/_search
00200607,00200607,https://data.cerl.org/mei/00200607,ih00420440,ih00420440,direct,Eton,"Eton, Eton College Library","Eton, Eton College Library",GB,,DDf.8.09,Horae: ad usum Sarum (Salisbury),,"Venice : Johannes Hamman, for Fredericus de Egmondt and Gerardus Barrevelt, 1494",IT,lat,16°,liturgy,GW 13377,Duff 181 | STC 15874 | Sander 3454 = 5055 | Oates 2044 | Bod-inc H-190 | Sheppard 4147 | Rhodes(Oxford Colleges) 934 | Pr 5205 | BMC V 426 | GW 13377,Created by John Goldfinch,eng,1,b,,,"A cropped, unfolded copy of the final sheet, removed from the binding of Thomas Aquinas, Catena aurea super quattuor evangelistas (Venice: Bonetus Locatellus, for Octavianus Scotus, 4 June 1493), Eton DDg.5.05, MEI 02131241, bound by the Foliaged Staff Binder. A second copy of the same sheet from the same binding was exchanged with the Bodleian Library, Oxford, for a copy of the first sheet",2,0,data/expanded/mei-corpus.json,2026-09-30T19:27:12.854663+00:00,https://data.cerl.org/mei/_search
00560445,00560445,https://data.cerl.org/mei/00560445,ih00420440,ih00420440,direct,CambridgeUL,"Cambridge, University Library",Cambridge UL,GB,Inc.2-7,Inc.Fragments.3[3710],Horae: ad usum Sarum (Salisbury),,"Venice : Johannes Hamman, for Fredericus de Egmondt and Gerardus Barrevelt, 1494",IT,lat,16°,liturgy,GW 13377,Duff 181 | STC 15874 | Sander 3454 = 5055 | Oates 2044 | Bod-inc H-190 | Sheppard 4147 | Rhodes(Oxford Colleges) 934 | Pr 5205 | BMC V 426 | GW 13377,"Title from title page on leaf [a1] recto.  | The incipit of the Horae Beatae Virginis Mariae reads as follows:  Incipiunt hore b[ea]te Marie / virginis s[e]c[un]d[u]m vsum ecclesie / Sarum.  | Imprints from colophon on leaf [rum8] recto [?], which reads in full:  Jmpressum venetijs per Jo/hanne[m] hertzog Jmpe[n]sis fa/mosoru[m] viror[um] Gerardi ber/reuelt [et] fridrici de egmont / Anno d[omi]ni Mccccxciiij.  | Woodcut device of Fredericus de Egmondt and Gerardus Barrevelt on leaf a1 recto.  For de Egmondt's and Barrevelt's device, see BM 15th cent., V, 423.  | Woodcut device D of Johannes Hamman in red on leaf [rum8] verso [?].  For Hamman's device D, see BM 15th cent., V, 423.  | All recorded copies are fragmentary, many extracted from bindings made by Oldham's 'Foliage Staff Binder': see Rogers, ""Johann Hamman at Venice..."", 1970, pp. 363-366, with suggested collation.  | Woodcut illustrations seemengly as follows:  Virgin and Child in glory, Trinity, Annunciation, St. Helena adoring the True Cross, St. Jerome [twice] and Pietà, on leaves a1 verso, b6 verso, c4 verso, r7 verso, t5 verso and [con3] verso, and [rum 3] verso.  | Woodcut initials with reserved decoration or foliate design.  | Signatures possibly:  a⁸-z⁸ [et]⁸ [con]⁸ [rum]⁸.  | BM 15th cent., V, 426  | Bod-inc, H-190  | GW, 13377  (with digital facsimile)  | E. Hoskins, Horae beatae Mariae virginis, or Sarum and York Primers : with kindred books, and Primers of the reformed Roman use, together with an introduction, London, 1901, pp. xxiii-xxv  | ISTC, ih00420440  | Oates, 2044  | Proctor, 5205  | D. Rogers, ""Johann Hamman at Venice: A Survey of  His Career. With a Note on the Sarum 'Horae' of 1494"", in Essays in Honour of Victor Scholderer, ed. D. E. Rhodes, Mainz, 1970, 349-68, pp. 363-366  | Sander, 3454 = 5055  | Unbound.  | Fragments only:  a) part of a half sheet, 207 x 58 mm., containing the upper part of two leaves [leaves r7-r8], and a small portion of a third leaf [leaf r2], i.e. the end of the Commendationes animarum, the woodcut of St. Helena adoring the True Cross and a portion of the first of the Psalmi de passione;  b) part of a half sheet, 290 x 238 mm., containing six leaves of text [leaves s2-s3 and s5-s8] and the inner woodcut border of two others [leaves s1 and s4], i.e. portions of the Psalmi de passione: see Hoskins, Horae beatae Mariae virginis ..., 1901, p. xxiii, and Rogers, ""Johann Hamman at Venice..."", 1970, p. 365.  | Description based on BM 15th cent., V, 426,  Bod-inc H-190 and GW 13377.  | [208 ?] leaves ; | Original item identifier in source database: 5465561",eng,,,,,,3,0,data/expanded/mei-corpus.json,2026-09-30T19:27:12.854663+00:00,https://data.cerl.org/mei/_search
02149072,02149072,https://data.cerl.org/mei/02149072,ih00420440,ih00420440,direct,Eton,"Eton, Eton College Library","Eton, Eton College Library",GB,,DDh.6.12,Horae: ad usum Sarum (Salisbury),,"Venice : Johannes Hamman, for Fredericus de Egmondt and Gerardus Barrevelt, 1494",IT,lat,16°,liturgy,GW 13377,Duff 181 | STC 15874 | Sander 3454 = 5055 | Oates 2044 | Bod-inc H-190 | Sheppard 4147 | Rhodes(Oxford Colleges) 934 | Pr 5205 | BMC V 426 | GW 13377,Created by John Goldfinch,eng,1,b,,,,4,0,data/expanded/mei-corpus.json,2026-09-30T19:27:12.854663+00:00,https://data.cerl.org/mei/_search
00560447,00560447,https://data.cerl.org/mei/00560447,ih00420450,ih00420450,direct,CambridgeUL,"Cambridge, University Library",Cambridge UL,GB,Inc.2-7,Inc.4.J.1.2[3571],Horae: ad usum Sarum (Salisbury),,"[Westminster] : Wynkyn de Worde, [about 1493]",GB,eng,4°,liturgy,GW 13025,"C 2272 | Duff 182 | Oates 4150, 4151 | STC 15875 | Bod-inc H-184 | Sheppard 7430 | Pr 9731 = 9732 | BMC XI 186 | GW 13025",Original item identifier in source database: 4852021,eng,,,,,,1,0,data/expanded/mei-corpus.json,2026-09-30T19:27:16.741980+00:00,https://data.cerl.org/mei/_search
00560446,00560446,https://data.cerl.org/mei/00560446,ih00420450,ih00420450,direct,CambridgeUL,"Cambridge, University Library",Cambridge UL,GB,Inc.2-7,Inc.4.J.1.2[3570],Horae: ad usum Sarum (Salisbury),,"[Westminster] : Wynkyn de Worde, [about 1493]",GB,eng,4°,liturgy,GW 13025,"C 2272 | Duff 182 | Oates 4150, 4151 | STC 15875 | Bod-inc H-184 | Sheppard 7430 | Pr 9731 = 9732 | BMC XI 186 | GW 13025",Original item identifier in source database: 4852020,eng,,,,,,4,0,data/expanded/mei-corpus.json,2026-09-30T19:27:16.741980+00:00,https://data.cerl.org/mei/_search
00207214,00207214,https://data.cerl.org/mei/00207214,ih00420450,ih00420450,direct,OxfordBodley,"Oxford, Bodleian Library",Oxford Bodley,GB,,Arch. G e.43.,Horae: ad usum Sarum (Salisbury),,"[Westminster] : Wynkyn de Worde, [about 1493]",GB,eng,4°,liturgy,GW 13025,"C 2272 | Duff 182 | Oates 4150, 4151 | STC 15875 | Bod-inc H-184 | Sheppard 7430 | Pr 9731 = 9732 | BMC XI 186 | GW 13025",BodInc-Id: H-184(1),,,,,"{""identifier"": ""tih00420450"", ""source"": ""uktextinc""}",,2,0,data/expanded/mei-corpus.json,2026-09-30T19:27:16.741980+00:00,https://data.cerl.org/mei/_search
02010668,02010668,https://data.cerl.org/mei/02010668,ih00420520,ih00420520,direct,LondonLambeth,"London, Lambeth Palace Library",London Lambeth,GB,,[ZZ] 1494.6,Horae: ad usum Sarum (Salisbury),,"[Westminster : Wynkyn de Worde, about 1493-94]",GB,lat,4°,liturgy,GW 13025,Duff Suppl. 11 | GW 13025,Created by Angeline Rais,eng,1,,,,,8,0,data/expanded/mei-corpus.json,2026-09-30T19:27:20.748331+00:00,https://data.cerl.org/mei/_search
00205587,00205587,https://data.cerl.org/mei/00205587,ih00420580,ih00420580,direct,OxfordBodley,"Oxford, Bodleian Library",Oxford Bodley,GB,,Douce 24.,Horae: ad usum Sarum (Salisbury),,"[Rouen : Jacques Le Forestier?], 1495",FR,lat,4°,liturgy,GW 13093,Duff 186 | STC 15880 | Bod-inc H-188 | Sheppard 6561-62 | Pr 8480 | BMC VIII 226 | GW 13093,BodInc-Id: H-188(1),,,,,"{""identifier"": ""tih00420580"", ""source"": ""uktextinc""}",,7,0,data/expanded/mei-corpus.json,2026-09-23T13:31:13.189958+00:00,https://data.cerl.org/mei/_search
00212866,00212866,https://data.cerl.org/mei/00212866,ih00420580,ih00420580,direct,OxfordBodley,"Oxford, Bodleian Library",Oxford Bodley,GB,,Douce 24.,Horae: ad usum Sarum (Salisbury),,"[Rouen : Jacques Le Forestier?], 1495",FR,lat,4°,liturgy,GW 13093,Duff 186 | STC 15880 | Bod-inc H-188 | Sheppard 6561-62 | Pr 8480 | BMC VIII 226 | GW 13093,BodInc-Id: H-188(1)?,,,,,"{""identifier"": ""tih00420580"", ""source"": ""uktextinc""}",,2,0,data/expanded/mei-corpus.json,2026-09-23T13:31:13.189958+00:00,https://data.cerl.org/mei/_search
00207364,00207364,https://data.cerl.org/mei/00207364,ih00420600,ih00420600,direct,OxfordBodley,"Oxford, Bodleian Library",Oxford Bodley,GB,,8° Rawl. 586(6).,Horae: ad usum Sarum (Salisbury),,"[London : Richard Pynson, about 1495]",GB,lat,8°,liturgy,GW 13015,Duff 188 | STC 15882 | Bod-inc H-185 | Sheppard 7544 | GW 13015,BodInc-Id: H-185(1),,,,,"{""identifier"": ""tih00420600"", ""source"": ""uktextinc""}",,4,0,data/expanded/mei-corpus.json,2026-09-30T19:27:26.708183+00:00,https://data.cerl.org/mei/_search
00212881,00212881,https://data.cerl.org/mei/00212881,ih00420650,ih00420650,direct,OxfordBodley,"Oxford, Bodleian Library",Oxford Bodley,GB,,Douce adds. f.7.,Horae: ad usum Sarum (Salisbury),,"London : Julian Notary and I.H. (for Wynkyn de Worde), 3 Apr. 1497",GB,lat,8°,liturgy,GW 13017,C 3137 | Duff 190 | Pr 9823 | Bod-inc H-186 | Sheppard 7568 | STC 15884 | GW 13017,BodInc-Id: H-186(1),,,,,"{""identifier"": ""tih00420650"", ""source"": ""uktextinc""}",,2,0,data/expanded/mei-corpus.json,2026-09-30T19:27:30.850074+00:00,https://data.cerl.org/mei/_search
00205586,00205586,https://data.cerl.org/mei/00205586,ih00420700,ih00420700,direct,OxfordBodley,"Oxford, Bodleian Library",Oxford Bodley,GB,,Arch. G e.38.,Horae: ad usum Sarum (Salisbury),,"[London] : Richard Pynson, [about 1497]",GB,eng,4°,liturgy,GW 13016,C 3134 | Duff 192 | STC 15886 | Bod-inc H-187 | Sheppard 7549 | Pr 9806 | GW 13016,BodInc-Id: H-187(1),,,,,"{""identifier"": ""tih00420700"", ""source"": ""uktextinc""}",,4,0,data/expanded/mei-corpus.json,2026-09-30T19:27:32.981678+00:00,https://data.cerl.org/mei/_search
00560448,00560448,https://data.cerl.org/mei/00560448,ih00421000,ih00421000,direct,CambridgeUL,"Cambridge, University Library",Cambridge UL,GB,Inc.2-7,Inc.6.D.1.33[2600],Horae: ad usum Sarum (Salisbury) [Latin and English],,"[Paris] : J[ohann] P[hilippi de Cruzenach], for Thielman Kerver and Jean Richard, 1497",FR,eng,8°,liturgy,GW 13156,Goff H421 | HC 8862 | Duff 191 | STC 15885 | Oates 3098 | Bod-inc H-179 | Sheppard 6379 | Pr 8242 | BMC VIII 150 | GW 13156,"Title from title page on leaf [a1] recto.  | Year of printing and bookseller's name from colophon on leaf r4 verso, which reads in full:  Hoc presens officium beate marie cu[m] multis deuotis suffragiis ad vsum sa-rum finita sunt. Anno domini millesimo quadringentesimo nonagesimo septimo Pro iohanne ricardo mercatore librario rothomagi commoranti iuxta magna[m] ecclesiam beate marie.  | Metal cut devices of the publisher Thielman Kerver on leaf [a1] recto and of the printer Johann Philippi de Cruzenach (device B: see BM 15th cent., VIII, 150) on leaf r4v.  | Metal cut illustrations and full borders throughout.  | Main text in Latin and captions in Middle English.  | Spaces left blank for initials.  | Signatures:  [a⁸] b-q⁸ r⁴ [et]⁸.  Gathering [a] unsigned, gatherings b-r and [et] signed only on first leaf.  | [Title page], with publisher's device, [a1]r;  ""Almanach pro .xxvii. Annis"", i.e. 1494-1520, [a1]v;  [Zodiac man], with captions, [a2]r;  [Calendarium], with 4 hexameters for each month, [a2]v-[a8]r;  [Sequentiae evangeliorum], [a8]v-b3r;  ""Passio d[omi]ni n[ost]ri iesu [Christ]i s[ecundum] iohanne[m]"", b3v-b8r;  [Horae Beatae Virginis Mariae], b8v-d4r, including suffragia, d1r-d4r;  Officium de sancta Cruce, d4r-d5r;  [Horae compassionis Beatae Virginis Mariae], d5r-f2v;  [Orationes, gaudia Beatae Virginis Mariae, et suffragia], f2v-k2r, including Gregorius I, Pont. Max. [?]. [Orationes sancti Gregorii], with caption in English, h2r, Bernardinus Senensis. Oratio, h4v-h5r, [Suffragia], h5v-i3v, [Benedictio], i8v, and prayers in English, i3v-i5r and k1r-k2r;  Septem psalmi poenitentiales, k2v-k7r;  ""Quindecim psalmi"", k7r-k8v;  [Litaniae sanctorum], k8v-l6r;  [Orationes et psalmi], l6r-r2v, including Bernardus [Claravallensis] [?]. Oratio, l6r, Gregorius I, Pont. Max. [?]. ""Oratio sancti Gregorii"", q6v-q8v, [Rosarium], q8v-r2v;  ""The contentis of thys booke"", r2v-r4v;  colophon, with printer's device, r4v;  [Orationes], in Latin with captions in English, [et]1r-[et]8v.  For further content details, see Bod-inc H-179.  | BM 15th cent., VIII, 150  | Bod-inc, H-179  | Goff, H421  | GW, 13156  | Hain-Copinger, 8862  | ISTC, ih00421000  | Oates, 3098  | Wanting conjoint leaves [a1] and [a8], and leaf p8.  | Gathering [et] misbound after gathering [a].  | [140] leaves : | Original item identifier in source database: 5244324",eng,,,,,,2,0,data/expanded/mei-corpus.json,2026-09-30T19:27:34.813174+00:00,https://data.cerl.org/mei/_search
02142705,02142705,https://data.cerl.org/mei/02142705,ih00421000,ih00421000,direct,FolgSL,"Washington DC, Folger Shakespeare Library","Washington DC, Folger Shakespeare Library",US,,STC 15885,Horae: ad usum Sarum (Salisbury) [Latin and English],,"[Paris] : J[ohann] P[hilippi de Cruzenach], for Thielman Kerver and Jean Richard, 1497",FR,eng,8°,liturgy,GW 13156,Goff H421 | HC 8862 | Duff 191 | STC 15885 | Oates 3098 | Bod-inc H-179 | Sheppard 6379 | Pr 8242 | BMC VIII 150 | GW 13156,,eng,,,,"{""identifier"": 92665, ""source"": ""usfol""}",,2,0,data/expanded/mei-corpus.json,2026-09-30T19:27:34.813174+00:00,https://data.cerl.org/mei/_search
00203408,00203408,https://data.cerl.org/mei/00203408,ih00421000,ih00421000,direct,OxfordBodley,"Oxford, Bodleian Library",Oxford Bodley,GB,,Douce 25.,Horae: ad usum Sarum (Salisbury) [Latin and English],,"[Paris] : J[ohann] P[hilippi de Cruzenach], for Thielman Kerver and Jean Richard, 1497",FR,eng,8°,liturgy,GW 13156,Goff H421 | HC 8862 | Duff 191 | STC 15885 | Oates 3098 | Bod-inc H-179 | Sheppard 6379 | Pr 8242 | BMC VIII 150 | GW 13156,BodInc-Id: H-179(1),,,,,"{""identifier"": ""tih00421000"", ""source"": ""uktextinc""}",,4,0,data/expanded/mei-corpus.json,2026-09-30T19:27:34.813174+00:00,https://data.cerl.org/mei/_search
02149440,02149440,https://data.cerl.org/mei/02149440,ih00421000,ih00421000,direct,LondonBL,"London, British Library","London, British Library",GB,Old Royal Library,IA.40487,Horae: ad usum Sarum (Salisbury) [Latin and English],,"[Paris] : J[ohann] P[hilippi de Cruzenach], for Thielman Kerver and Jean Richard, 1497",FR,eng,8°,liturgy,GW 13156,Goff H421 | HC 8862 | Duff 191 | STC 15885 | Oates 3098 | Bod-inc H-179 | Sheppard 6379 | Pr 8242 | BMC VIII 150 | GW 13156,Created by John Goldfinch,eng,1,b,,,"The greater part of leaf 63 (h7), bearing prayers to St. James the Apostle and St. Sebastian, has been torn away.
The name of St. Thomas Becket and the titles of sainted popes have been erased from the calendar, and prayers to St. Thomas Becket from leaf 27 (d3) recto.
The image of the Mass of St. Gregory on leaf q6 verso has been affected by rubbing; an MS. note in the upper margin of q7 verso.",3,0,data/expanded/mei-corpus.json,2026-09-30T19:27:34.813174+00:00,https://data.cerl.org/mei/_search
02176402,02176402,https://data.cerl.org/mei/02176402,ih00421000,ih00421000,direct,WellingtonATL,"Wellington, National Library of New Zealand, Alexander Turnbull Library","Wellington, Alexander Turnbull Library",NZ,,Howard 42,Horae: ad usum Sarum (Salisbury) [Latin and English],,"[Paris] : J[ohann] P[hilippi de Cruzenach], for Thielman Kerver and Jean Richard, 1497",FR,eng,8°,liturgy,GW 13156,Goff H421 | HC 8862 | Duff 191 | STC 15885 | Oates 3098 | Bod-inc H-179 | Sheppard 6379 | Pr 8242 | BMC VIII 150 | GW 13156,Record was created by Anna Chemisova using information from the catalog provided by Anthony Tedeschi.,eng,0,,,,,3,0,data/expanded/mei-corpus.json,2026-09-30T19:27:34.813174+00:00,https://data.cerl.org/mei/_search
02142730,02142730,https://data.cerl.org/mei/02142730,ih00422000,ih00422000,direct,FolgSL,"Washington DC, Folger Shakespeare Library","Washington DC, Folger Shakespeare Library",US,,STC 15889,Horae: ad usum Sarum (Salisbury) [Latin and English],,"Paris : Philippe Pigouchet, for Simon Vostre, [about 1497]",FR,eng,8°,liturgy,GW 13251,"Goff H422 | Duff 195 | Morg 1484 | STC 15889 | C.F. Bühler, in The Library ser.4, 19 (1938) pp. 304-10  | GW 13251","Washington, D.C., Folger Shakespeare Library, 2010. Vivat Rex! (catalog entry 8)",eng,,,,"{""identifier"": 170300, ""source"": ""usfol""}",,3,0,data/expanded/mei-corpus.json,2026-09-30T19:27:37.051262+00:00,https://data.cerl.org/mei/_search
00203407,00203407,https://data.cerl.org/mei/00203407,ih00422500,ih00422500,direct,OxfordBodley,"Oxford, Bodleian Library",Oxford Bodley,GB,,Arch. B f.42.,Horae: ad usum Sarum (Salisbury),,"[Paris : Etienne Jehannot, about 1497-99]",FR,lat,8°,liturgy,GW 13129,(R)STC 15881.3 | Bod-inc H-189 | Pr 8486 | GW 13129,BodInc-Id: H-189(1),,,,,"{""identifier"": ""tih00422500"", ""source"": ""uktextinc""}",,2,0,data/expanded/mei-corpus.json,2026-09-30T19:27:40.969215+00:00,https://data.cerl.org/mei/_search
00560449,00560449,https://data.cerl.org/mei/00560449,ih00423000,ih00423000,direct,CambridgeUL,"Cambridge, University Library",Cambridge UL,GB,Inc.2-7,Inc.5.D.1.29[2580],Horae: ad usum Sarum (Salisbury) [Latin and English],,"Paris : Philippe Pigouchet, for Simon Vostre, 16 May 1498",FR,eng,8°,liturgy,GW 13216,"Goff H423 | HC 8863 | Duff 193 | STC 15887 | C.F. Bühler, in The Library ser.4, 19 (1938-39) pp. 304-10  | Christie's (NY) 22 Oct. 1987 (Doheny) 126 | CCIR H-46  | Oates 3074 | Bod-inc H-180 | Sheppard 6311, 6312 | Pr 8194 | BMC VIII 119 | GW 13216","BM 15th cent., VIII, p. 119  | Bod-inc, H-180  | C.F. Bühler, ""Three Horae ad usum Sarum printed by Philippe Pigouchet"" The Library ser. 4, v. 19 (1938-39) p. 304-10  | Duff, 193  | GW, 13216  | Goff, H423  | Hain-Copinger, 8863  | ISTC, ih00423000  | Oates, 3074  | STC (2nd ed.), 15887  | Includes text in English.  | On parchment. Decoration: Initials illuminated and coloured in red and blue; line spaces filled in in red. At the end two leaves of fifteenth-century manuscript, in English, containing devotional instructions and the Five Sorrows of Mary.  | 128 leaves : | Original item identifier in source database: 5314086",eng,,,,,,1,0,data/expanded/mei-corpus.json,2026-09-30T19:27:43.265150+00:00,https://data.cerl.org/mei/_search
02010192,02010192,https://data.cerl.org/mei/02010192,ih00423000,ih00423000,direct,LondonLambeth,"London, Lambeth Palace Library",London Lambeth,GB,,[ZZ] 1498.6,Horae: ad usum Sarum (Salisbury) [Latin and English],,"Paris : Philippe Pigouchet, for Simon Vostre, 16 May 1498",FR,eng,8°,liturgy,GW 13216,"Goff H423 | HC 8863 | Duff 193 | STC 15887 | C.F. Bühler, in The Library ser.4, 19 (1938-39) pp. 304-10  | Christie's (NY) 22 Oct. 1987 (Doheny) 126 | CCIR H-46  | Oates 3074 | Bod-inc H-180 | Sheppard 6311, 6312 | Pr 8194 | BMC VIII 119 | GW 13216",Created by Angeline Rais,eng,,,,,,9,0,data/expanded/mei-corpus.json,2026-09-30T19:27:43.265150+00:00,https://data.cerl.org/mei/_search
00206905,00206905,https://data.cerl.org/mei/00206905,ih00423000,ih00423000,direct,OxfordBodley,"Oxford, Bodleian Library",Oxford Bodley,GB,,Gough Missals 10.,Horae: ad usum Sarum (Salisbury) [Latin and English],,"Paris : Philippe Pigouchet, for Simon Vostre, 16 May 1498",FR,eng,8°,liturgy,GW 13216,"Goff H423 | HC 8863 | Duff 193 | STC 15887 | C.F. Bühler, in The Library ser.4, 19 (1938-39) pp. 304-10  | Christie's (NY) 22 Oct. 1987 (Doheny) 126 | CCIR H-46  | Oates 3074 | Bod-inc H-180 | Sheppard 6311, 6312 | Pr 8194 | BMC VIII 119 | GW 13216",BodInc-Id: H-180(2),,,,,"{""identifier"": ""tih00423000"", ""source"": ""uktextinc""}",,3,0,data/expanded/mei-corpus.json,2026-09-30T19:27:43.265150+00:00,https://data.cerl.org/mei/_search
00202853,00202853,https://data.cerl.org/mei/00202853,ih00423000,ih00423000,direct,OxfordBodley,"Oxford, Bodleian Library",Oxford Bodley,GB,,Douce 23.,Horae: ad usum Sarum (Salisbury) [Latin and English],,"Paris : Philippe Pigouchet, for Simon Vostre, 16 May 1498",FR,eng,8°,liturgy,GW 13216,"Goff H423 | HC 8863 | Duff 193 | STC 15887 | C.F. Bühler, in The Library ser.4, 19 (1938-39) pp. 304-10  | Christie's (NY) 22 Oct. 1987 (Doheny) 126 | CCIR H-46  | Oates 3074 | Bod-inc H-180 | Sheppard 6311, 6312 | Pr 8194 | BMC VIII 119 | GW 13216",BodInc-Id: H-180(1),,,,,"{""identifier"": ""tih00423000"", ""source"": ""uktextinc""}",,3,0,data/expanded/mei-corpus.json,2026-09-30T19:27:43.265150+00:00,https://data.cerl.org/mei/_search
02177794,02177794,https://data.cerl.org/mei/02177794,ih00423000,ih00423000,direct,LondonBL,"London, British Library","London, British Library",GB,,IA.40335,Horae: ad usum Sarum (Salisbury) [Latin and English],,"Paris : Philippe Pigouchet, for Simon Vostre, 16 May 1498",FR,eng,8°,liturgy,GW 13216,"Goff H423 | HC 8863 | Duff 193 | STC 15887 | C.F. Bühler, in The Library ser.4, 19 (1938-39) pp. 304-10  | Christie's (NY) 22 Oct. 1987 (Doheny) 126 | CCIR H-46  | Oates 3074 | Bod-inc H-180 | Sheppard 6311, 6312 | Pr 8194 | BMC VIII 119 | GW 13216","Created by John Goldfinch | Beneath the calendar for April and November is written in red respectively: 'Obitus kather. aru[n]dell erit. x. die me[nsis] aprilis' 
and 'Obitus dni Ioh[ann]is aru[n]dell erit. v. die me[nsis] nove[m]b.'.  Mrs L.G. Clark, in Collectors and owners of incunabula in the British Museum (Bath, 1962) p.6 identifies these as children of Henry FitzAlan, 12th earl of Arundel (d. 1579/80), but gives no source for this. Another possibility might be Sir John Arundell, of Lanherne (d. 1545) whose wife was Katharine Grenville (d. ca. 1551)",eng,1,a,,,,4,0,data/expanded/mei-corpus.json,2026-09-30T19:27:43.265150+00:00,https://data.cerl.org/mei/_search
02176403,02176403,https://data.cerl.org/mei/02176403,ih00423000,ih00423000,direct,WellingtonATL,"Wellington, National Library of New Zealand, Alexander Turnbull Library","Wellington, Alexander Turnbull Library",NZ,,Howard 43,Horae: ad usum Sarum (Salisbury) [Latin and English],,"Paris : Philippe Pigouchet, for Simon Vostre, 16 May 1498",FR,eng,8°,liturgy,GW 13216,"Goff H423 | HC 8863 | Duff 193 | STC 15887 | C.F. Bühler, in The Library ser.4, 19 (1938-39) pp. 304-10  | Christie's (NY) 22 Oct. 1987 (Doheny) 126 | CCIR H-46  | Oates 3074 | Bod-inc H-180 | Sheppard 6311, 6312 | Pr 8194 | BMC VIII 119 | GW 13216",Record was created by Anna Chemisova using information from the catalog provided by Anthony Tedeschi.,eng,0,b,,,"Lacks leaves A2, C7, D3, I8, K3-4, L3, M8 and P1.",7,0,data/expanded/mei-corpus.json,2026-09-30T19:27:43.265150+00:00,https://data.cerl.org/mei/_search
00560450,00560450,https://data.cerl.org/mei/00560450,ih00424000,ih00424000,direct,CambridgeUL,"Cambridge, University Library",Cambridge UL,GB,SSS,SSS.18.1,Horae: ad usum Sarum (Salisbury) [Latin and English],,"Paris : Jean Jehannot [with the types of Etienne Jehannot], for Nicolaus Lecomte, 1498",FR,eng,8°,liturgy,GW 13211,Goff H424 | Duff 194 | STC 15888 | Hunt 4675 | Oates 3150 | GW 13211,"Signatures: A-Q⁸ R⁴ &⁸.  | Duff, 194  | ESTC, S122102  | GW, 13211  | Goff, H424  | ISTC, ih00424000  | Oates, 3150  | STC (2nd ed.), 15888  | On parchment. Imperfect: 14 leaves (B8, C1, C5, D5, D6, E1, E3-5, E7, F1, O7, R4 & [et]8). Misbound: gatherings F-H bound after gathering A. Decoration: Initials illuminated.  | [140] leaves : | Original item identifier in source database: 5349022",eng,,,,,,3,0,data/expanded/mei-corpus.json,2026-09-30T19:27:45.022415+00:00,https://data.cerl.org/mei/_search
00560451,00560451,https://data.cerl.org/mei/00560451,ih00424500,ih00424500,direct,CambridgeUL,"Cambridge, University Library",Cambridge UL,GB,Inc.2-7,Inc.7.J.3.6[3628],Horae: ad usum Sarum (Salisbury),,"[London : Richard Pynson, about 1498]",GB,lat,16°,liturgy,GW 13018,Duff 197 | Oates 4207 | STC 15891 | GW 13018,"4 leaves (gathering bb) only survive.  | Includes woodcuts of the Holy Trinity and the Annunciation.  | Duff, 197  | Oates, 4207  | ESTC, S93550  | ISTC, ih00424500  | STC, 15891  | Microfilm. Ann Arbor, Mich. : UMI, 2005. 1 microfilm reel ; 35 mm. (Early English books, 1475-1640 ; 2254:01).  | Includes some rubrics in English.  | Fragment: 4 leaves only, from a binding.  | [4+] leaves : | Original item identifier in source database: 4772458",eng,,,,,,2,0,data/expanded/mei-corpus.json,2026-09-30T19:27:46.802128+00:00,https://data.cerl.org/mei/_search
00560452,00560452,https://data.cerl.org/mei/00560452,ih00426500,ih00426500,direct,CambridgeUL,"Cambridge, University Library",Cambridge UL,GB,Inc.2-7,Inc.7.E.3.2[2885],Horae: ad usum Traiectensem (Utrecht),,"[Gouda : Gerard Leeu, between 1483 and 11 June 1484]",NL,lat,16°,liturgy,GW 13413,C 3140 | Camp 993 | ILC 1213 | Boh(1924) 1439 | Oates 3414 | GW 13413,"Calendar printed in red and black.  | Signatures: A-B⁸ a-r⁸ (A1, B6-8, a1? & r8 blank)  | Campbell, 993  | ISTC, ih00426500  | Oates, 3414  | Imperfect: Leaves a1 (blank?) and a8 wanting. At end 44 leaves of contemporary MS: 'De sancto herasmo or[ati]o' and other items.  | [152] leaves : | Original item identifier in source database: 5068835",eng,,,,,,3,0,data/expanded/mei-corpus.json,2026-09-23T13:29:42.025657+00:00,https://data.cerl.org/mei/_search
00205588,00205588,https://data.cerl.org/mei/00205588,ih00427100,ih00427100,direct,OxfordBodley,"Oxford, Bodleian Library",Oxford Bodley,GB,,Douce 16.,Horae: ad usum Traiectensem (Utrecht),,"[Antwerp : Gerard Leeu, about 13 Mar. 1492]",BE,lat,8°,liturgy,GW 13403,C 3141 | Camp-Kron I 990a | ILC 1215 | Pr(T) III 990A | Inv Ant 224 | Boh(1924) 1441 | Bod-inc H-192 | Sheppard 7239-7240 | Pr 9458 | GW 13403,BodInc-Id: H-192(1),,,,,"{""identifier"": ""tih00427100"", ""source"": ""uktextinc""}",,2,0,data/expanded/mei-corpus.json,2026-09-23T13:27:23.255711+00:00,https://data.cerl.org/mei/_search
00560453,00560453,https://data.cerl.org/mei/00560453,ih00427540,ih00427540,direct,CambridgeUL,"Cambridge, University Library",Cambridge UL,GB,Inc.2-7,Inc.7.F.6.7[3459],Horae: ad usum Traiectensem (Utrecht),,"Antwerp : Adriaen van Liesvelt, [13?] June 1495",BE,lat,8°,liturgy,GW 13406,"HC 8865 | TFS 1901rr | Camp 990 | ILC 1218 | Inv Ant 362 | Brussels exhib.1973, cat. 219a | Pell Ms 5943 (5931) | CIBN H-255 | Elliott-Loose 294 | IDL 2366 | Oates 3999 | BMC IX 205 | GW 13406","Title from first leaf recto.  | Colophon, M4 verso: Ad laude[m] dei omnipotentis & be=atissime v[ir]ginis marie necno[n] s[an]c[t]oru[m] s[an]c[t]aru[m]q[ue] omniu[m] presens hoc orariu[m] i[m]pressu[m] est Antwerpie per me Adria=nu[m] de liesvelt a⁰. d[omi]ni. M.⁰.cccc.⁰. No=uagesimoqui[n]to. xiij ydus iunij.  | Each page in a woodcut border.  | Signatures: [pi]⁴ a-c⁸ [lombardic]D-G⁸ A-L⁸ M⁴.  | title with woodcut, [pi]1r; tables, [pi]1v-4v; calendar, a1r-b3r; 'De sancta facie nostri salvatoris', b3v-4v; Horae ad usum Traiectensem, b5r-M4v; colophon, M4v.  | BM 15th cent., IX, p. 205 (variant title)  | BN cat. des incun., H-255  | Campbell, 990 (variant title)  | Hain-Copinger, 8865  | ISTC, ih00427540  | Oates, 3999  | Thienen & Goldfinch. Incunabula printed in the Low Countries, 1218  | [152] leaves : | Original item identifier in source database: 5273885",eng,,,,,,1,0,data/expanded/mei-corpus.json,2026-09-30T19:28:08.741386+00:00,https://data.cerl.org/mei/_search
02138779,02138779,https://data.cerl.org/mei/02138779,ih00427540,ih00427540,direct,TheHagueMMW,"Den Haag, Huis van het Boek ","Den Haag, Huis van het Boek ",NL,,001 F 012,Horae: ad usum Traiectensem (Utrecht),,"Antwerp : Adriaen van Liesvelt, [13?] June 1495",BE,lat,8°,liturgy,GW 13406,"HC 8865 | TFS 1901rr | Camp 990 | ILC 1218 | Inv Ant 362 | Brussels exhib.1973, cat. 219a | Pell Ms 5943 (5931) | CIBN H-255 | Elliott-Loose 294 | IDL 2366 | Oates 3999 | BMC IX 205 | GW 13406",,dut,,,,"{""identifier"": ""II 32"", ""source"": ""nldkp""}",,2,0,data/expanded/mei-corpus.json,2026-09-30T19:28:08.741386+00:00,https://data.cerl.org/mei/_search
00560454,00560454,https://data.cerl.org/mei/00560454,ih00427750,ih00427750,direct,CambridgeUL,"Cambridge, University Library",Cambridge UL,GB,Inc.2-7,Inc.6.E.3.10[2889],Horae: ad usum Traiectensem (Utrecht) [Dutch],,"Gouda : Collaciebroeders, 20 Apr. 1496",NL,dut,8°,liturgy,GW 13429,Goff Suppl. H427b | H 7766 | TFS 1901gg | Camp 840 | ILC 1219 | Polain(B) 1931 | IDL 2380 | Oates 3418 | GW 13429,"HPT argues that there is no reason to suppose that Nachtegael (to whom the printing was formerly assigned) was in fact the printer.  | Title from a1 recto.  | Colophon, s8 verso: Getyde[n] Van onser lieuer vronwen [sic]. va[n] den heilghen Cruyce Die seue[n] psalme[n] Die Vigilie van negen lessen Mit vele andere gebede[n] Geprent ter Goude in Holla[n]t. Int iaer ons here[n] .M.CCCC xcvi. den xx. dach In April: Deo gracias Ex domo fratrum In Gouda.  | Calendar on first sixteen leaves printed in red and black. All pages in woodcut borders.  | Signatures: a-b⁸ ²[a]-s⁸.  | Campbell, 840  | Goff, Suppl. H427b  | ISTC, ih00427750  | Oates, 3418  | [160] leaves : | Original item identifier in source database: 5083801",eng,,,,,,3,0,data/expanded/mei-corpus.json,2026-09-30T19:28:10.762446+00:00,https://data.cerl.org/mei/_search
02100413,02100413,https://data.cerl.org/mei/02100413,ih00427750,ih00427750,direct,NLKB,"Den Haag, Koninklijke Bibliotheek - Nationale Bibliotheek van Nederland","Den Haag, Koninklijke Bibliotheek - Nationale Bibliotheek van Nederland",NL,,KW 1084 D 6,Horae: ad usum Traiectensem (Utrecht) [Dutch],,"Gouda : Collaciebroeders, 20 Apr. 1496",NL,dut,8°,liturgy,GW 13429,Goff Suppl. H427b | H 7766 | TFS 1901gg | Camp 840 | ILC 1219 | Polain(B) 1931 | IDL 2380 | Oates 3418 | GW 13429,Record created by Ruben Celani,eng,1,b,"Pencil notes from the KB on the front pastedown: shelfmark. Loose sheets inserted between the front pastedown and the front flyleaf, with manuscript notes (in ink and pencil) in several modern handwritings: information about the printing and the missing folios, bibliographical references. ","{""identifier"": 325818142, ""source"": ""nldenhaag""}","Wanting 15 folios: quire a(8), fol. b1-b5, b8, s2.",5,0,data/expanded/mei-corpus.json,2026-09-30T19:28:10.762446+00:00,https://data.cerl.org/mei/_search
00206446,00206446,https://data.cerl.org/mei/00206446,ih00427800,ih00427800,direct,OxfordBodley,"Oxford, Bodleian Library",Oxford Bodley,GB,,8° Rawl. 1109.,Horae: ad usum Tullensem (Toul) [French and Latin],,"Paris : Philippe Pigouchet, for Simon Vostre, 20 Dec. 1499",FR,frm,8°,liturgy,GW 13232,H 8864 | Boh(1924) 1389 | Lacombe 77 | Bod-inc H-193 | Sheppard 6317-19 | Pr 8199 | GW 13232,BodInc-Id: H-193(1),,,,,"{""identifier"": ""tih00427800"", ""source"": ""uktextinc""}",,3,0,data/expanded/mei-corpus.json,2026-09-30T19:28:22.757848+00:00,https://data.cerl.org/mei/_search
00203815,00203815,https://data.cerl.org/mei/00203815,ih00427850,ih00427850,direct,OxfordBodley,"Oxford, Bodleian Library",Oxford Bodley,GB,,8° Rawl. 1110.,Horae: ad usum Turonensem (Tours) [French and Latin],,"Paris : Philippe Pigouchet, for Simon Vostre, 13 Mar. 1491/92",FR,frm,4°,liturgy,GW 13293,Boh(1924) 1406 = 1407 | Bod-inc H-194 | Sheppard 6303-5 | Pr 8183 | GW 13293,BodInc-Id: H-194(1),,,,,"{""identifier"": ""tih00427850"", ""source"": ""uktextinc""}",,4,0,data/expanded/mei-corpus.json,2026-09-30T19:28:28.744372+00:00,https://data.cerl.org/mei/_search
00205157,00205157,https://data.cerl.org/mei/00205157,ih00427895,ih00427895,direct,OxfordBodley,"Oxford, Bodleian Library",Oxford Bodley,GB,,Auct. T inf. 3.11.,Horae: ad usum Turonensem (Tours) et Parisiensem (Paris) [French and Latin],,"Paris : [André Bocard], for Antoine Vérard, '14 Aug. 1500' [not before 1503]",FR,frm,8°,liturgy,GW XI Sp.643a,Goff H350 | Boh(1924) 244 = 1410 =1411 | Macf 253 | Bod-inc H-195 | Sheppard 6270 | Pr 8461 | GW XI Sp.643a,BodInc-Id: H-195(1),,,,,"{""identifier"": ""tih00427895"", ""source"": ""uktextinc""}",,3,0,data/expanded/mei-corpus.json,2026-09-30T19:28:39.007292+00:00,https://data.cerl.org/mei/_search
02100324,02100324,https://data.cerl.org/mei/02100324,ih00427900,ih00427900,direct,NLKB,"Den Haag, Koninklijke Bibliotheek - Nationale Bibliotheek van Nederland","Den Haag, Koninklijke Bibliotheek - Nationale Bibliotheek van Nederland",NL,,KW 150 G 49,Horae: ad usum Windeshemensem (Windesheim),,"[Deventer] : Richardus Pafraet, 1497",NL,lat,16°,liturgy,GW 13410,C 3144 | Camp 991 | ILC 1220 | Boh(1924) 1449 | IDL 2367 | Borm 1381 | Boh(Parma) 486 | GW 13410,"The illustrations on the CD-ROM 'Illustrated ISTC' are derived from this signature. The following pages are displayed: 1 recto = [A]1 recto = title; 2 recto = [A]2 recto = calendar; 15 recto = B7 recto = start of text; 17 recto = C1 recto = first page of second (text) quire; 103 verso = N7 verso = end of text, colophon | Record created by Philip Muijtjens",eng,1,a | h,Pencil notes from the KB on front pastedown: shelfmark and bibliographical references.,"{""identifier"": ""325818215"", ""source"": ""nldenhaag""}",,5,0,data/expanded/mei-corpus.json,2026-09-30T19:28:40.979268+00:00,https://data.cerl.org/mei/_search
00560455,00560455,https://data.cerl.org/mei/00560455,ih00427930,ih00427930,direct,CambridgeUL,"Cambridge, University Library",Cambridge UL,GB,Inc.2-7,Inc.6.F.7.1[3466],Horae Beatae Virginis Mariae,,"[Ghent : Arend de Keysere, not before 1487]",BE,lat,8°,liturgy,GW 13412,C 3055 | TFS 1901ss | Camp(II) 985a  | ILC 1221 | Pr(T) III 985A | Boh(1924) 444 = 1460 | Machiels 32 | Madsen 2014 | Oates 4005 | GW 13412,"Fragments only survive.  | Kronenberg suggests that the Kalendarium Carmelitanum (Campbell-Kronenberg I 1064b) may belong to this edition.  | See also Conway, William Martin. The woodcutters of the Netherlands. Appendix, p. 350-9.  | Campbell, Suppl. II, 985a  | Copinger, 3055  | ISTC, ih00427930  | Oates, 4005  | Proctor, R. Tracts on early printing, III, p. 74, 985A  | Thienen & Goldfinch. Incunabula printed in the Low Countries,c 1221  | Fragments: 21 leaves in total, of which 3 are in duplicate. From a binding? See Conway, p. 357-8.  | [18+] leaves : | Original item identifier in source database: 5275249",eng,,,,,,2,0,data/expanded/mei-corpus.json,2026-09-30T19:28:42.825322+00:00,https://data.cerl.org/mei/_search
02000285,02000285,https://data.cerl.org/mei/02000285,ih00427960,ih00427960,direct,ManchesterJRL,"Manchester, University of Manchester, John Rylands Research Institute and Library","Manchester, University of Manchester, John Rylands Research Institute and Library",GB,,18193,Horae: ad usum Celestinorum ordinis S. Benedicti,,"Naples : Martinus de Amsterdam, 27 Jan. 1499",IT,lat,8°,liturgy,GW 13350,H 11997 | Fav e Bres 194 | Boh(1924) Off. 97 | GW 13350,,eng,1,,,,,5,0,data/expanded/mei-corpus.json,2026-09-30T19:28:46.746665+00:00,https://data.cerl.org/mei/_search
02010267,02010267,https://data.cerl.org/mei/02010267,ib00308000,ih00427965,bound_with,MadridBPalacioReal,"Madrid, Real Biblioteca",Madrid BPalacio Real,ES,Monasterio de las Descalzas Reales (Madrid),MD/H/13 (1),Regula,"Benedictus, S","Montserrat : Johann Luschner, 12 June 1499",ES,lat,8°,theology-practical,GW 3830,Goff B308 | HR 2776a | Haeb(BI) (+ Suppl) 46 | Vindel(A) I 219: 137 (VIII: 123) | Kurz 60 | Pell Ms 10054 (9838) | CIBN B-211 | IBE 901 | IGI 1455 | IBPort 264 | Martín Abad B-75 | BMC X 79 | GW 3830,,eng,,,,,Falto de cuadernillo d<8.,2,4,data/expanded/mei-corpus.json,2026-09-23T13:31:32.531084+00:00,https://data.cerl.org/mei/_search
02010270,02010270,https://data.cerl.org/mei/02010270,ib00889000,ih00427965,bound_with,MadridBPalacioReal,"Madrid, Real Biblioteca",Madrid BPalacio Real,ES,Monasterio de las Descalzas Reales (Madrid),MD/H13 (6),De instructione novitiorum. Add: De quattuor virtutibus cardinalibus,"Bonaventura, S","Montserrat : Johann Luschner, 16 June 1499",ES,lat,8°,theology-pastoral,GW 4736,Goff B889 | HR 3508 | GfT 1439 | Haeb(BI) I & II 62 | Vindel(A) I 224: 139 | Kurz 74 | IBE 1256 | CIBN B-657 | IGI 1892 | IBPort 359 | Martín Abad B-196 | Walsh 3986 | Oates 4056 | Pr 9613A | BMC X 79 | BSB-Ink B-680 | GW 4736,,eng,,,,,,2,4,data/expanded/mei-corpus.json,2026-09-23T13:31:32.531084+00:00,https://data.cerl.org/mei/_search
02010268,02010268,https://data.cerl.org/mei/02010268,ib00972000,ih00427965,bound_with,MadridBPalacioReal,"Madrid, Real Biblioteca",Madrid BPalacio Real,ES,Monasterio de las Descalzas Reales (Madrid),MD/H/13 (3),De triplici via. Add: Pseudo- Bonaventura: Opus contemplationis,"Bonaventura, S","Montserrat : Johann Luschner, 27 May 1499",ES,lat,8°,theology-speculative,GW 4708 (+ Accurti(1936) p.87),"Goff B972 | HC(Add) 3500 | GfT 1439 | Haeb(BI) 66 | Vindel(A) I 218: 136 | Kurz 72 | J. M. de Bustamante y Urrutia, in Revista de Archivos, Bibliotecas y Museos 34 (1930) T. 51, 1-3, pp. 68-74  | IBE 1272 | CIBN B-645 | IBPort 369 | Mendes 268 | Martín Abad B-193 | Schmitt II 4965,10 | Bod-inc B-433 | BMC X 78 | BSB-Ink B-666.050 | GW 4708 (+ Accurti(1936) p.87)",,eng,,,,,,2,4,data/expanded/mei-corpus.json,2026-09-23T13:31:32.531084+00:00,https://data.cerl.org/mei/_search
02010271,02010271,https://data.cerl.org/mei/02010271,ig00179000,ih00427965,bound_with,MadridBPalacioReal,"Madrid, Real Biblioteca",Madrid BPalacio Real,ES,Monasterio de las Descalzas Reales (Madrid) ,MD/H/13 (7),"De spiritualibus ascensionibus. Add: David de Augusta: De exterioris et interioris hominis compositione Lib. II, 1 (De quatuor in quibus incipientes deo servire debent esse cauti)",Gerardus de Zutphania (1367-1398),"Montserrat : Johann Luschner, 16 May 1499",ES,lat,8°,Theology-pastoral,GW 10692,Goff G179 | H 16297 | GfT 1438 | Haeb(BI) 292 | Vindel(A) I 217: 135 | Kurz 372 | IBE 2638 | IBPort 761 | CIBN G-134 | Martín Abad G-33 | Schäfer 139 | BMC X 78 | GW 10692,,eng,,,,,,2,4,data/expanded/mei-corpus.json,2026-09-23T13:31:32.531084+00:00,https://data.cerl.org/mei/_search
02010269,02010269,https://data.cerl.org/mei/02010269,ih00427965,ih00427965,direct,MadridBPalacioReal,"Madrid, Real Biblioteca",Madrid BPalacio Real,ES,Monasterio de las Descalzas Reales (Madrid),MD/H/13 (5),Horae secundum ordinem sancti Benedicti,,"Barcelona : Johannes Luschner, [1498?]",ES,lat,8°,liturgy,GW 13441,"J. Escobedo, Un incunable català retrobat: Horae secundum ordinem sancti Benedicti: Barchinone, Johannes Luschner, 1498? (Barcelona, 1992), with fac.  | IBE(Suppl) 6374  | GW 13441",,eng,,,,,"Incompleto, consta solo del cuadernillo l<8.",2,4,data/expanded/mei-corpus.json,2026-09-23T13:31:32.531084+00:00,https://data.cerl.org/mei/_search
00560456,00560456,https://data.cerl.org/mei/00560456,ih00429300,ih00429300,direct,CambridgeUL,"Cambridge, University Library",Cambridge UL,GB,Inc.2-7,Inc.5.E.2.2[2815],Horae [Dutch] Getijdenboek,,"Delft : [Jacob Jacobszoon van der Meer], 8 Apr. 1480",NL,dut,4°,liturgy,GW 13424,"HC 7758 | Boh(1924) 1522 | Camp 832 | ILC 1223 | IDL 2370 | Finger 452 | Kind(Göttingen) 966 | Oates 3342, 3343 | Pr 8865 | BMC IX 17 | GW 13424",Original item identifier in source database: 5142874,eng,,,,,,6,0,data/expanded/mei-corpus.json,2026-09-30T19:29:06.847237+00:00,https://data.cerl.org/mei/_search
00560457,00560457,https://data.cerl.org/mei/00560457,ih00429300,ih00429300,direct,CambridgeUL,"Cambridge, University Library",Cambridge UL,GB,SSS,SSS.19.16,Horae [Dutch] Getijdenboek,,"Delft : [Jacob Jacobszoon van der Meer], 8 Apr. 1480",NL,dut,4°,liturgy,GW 13424,"HC 7758 | Boh(1924) 1522 | Camp 832 | ILC 1223 | IDL 2370 | Finger 452 | Kind(Göttingen) 966 | Oates 3342, 3343 | Pr 8865 | BMC IX 17 | GW 13424",Original item identifier in source database: 5143412,eng,,,,,,1,0,data/expanded/mei-corpus.json,2026-09-30T19:29:06.847237+00:00,https://data.cerl.org/mei/_search
02101705,02101705,https://data.cerl.org/mei/02101705,ih00429300,ih00429300,direct,NLKB,"Den Haag, Koninklijke Bibliotheek - Nationale Bibliotheek van Nederland","Den Haag, Koninklijke Bibliotheek - Nationale Bibliotheek van Nederland",NL,,KW 169 G 49,Horae [Dutch] Getijdenboek,,"Delft : [Jacob Jacobszoon van der Meer], 8 Apr. 1480",NL,dut,4°,liturgy,GW 13424,"HC 7758 | Boh(1924) 1522 | Camp 832 | ILC 1223 | IDL 2370 | Finger 452 | Kind(Göttingen) 966 | Oates 3342, 3343 | Pr 8865 | BMC IX 17 | GW 13424","The illustrations on the CD-ROM 'Illustrated ISTC' are derived from this signature. The following pages are displayed: 1 verso = [*]1 verso = prelim: zodiac; 2 recto = [*]2 recto = start of calendar; 13 recto = A1 recto = start of text; 17 recto = a1 recto = start of text; 63 recto = f7 recto = end of text; 64 recto = f8 recto = start of text; 107 verso = m3 verso = end of text; 109 recto = m5 recto = start of text; 129 recto = p1 recto = end of text; 130 recto = p2 recto = start of text; 153 verso = s1 verso = end of text; 155 recto = s3 recto = start of text; 174 recto = v6 recto = end of text; 175 recto = v7 recto = start of text; 190 recto = y6 recto = end of text, colophon, printer's device | Record created by Lauren Leenders",eng,1,a,"Pencil notes from the KB on front pastedown: shelfmark and bibliographical references. Parchment endleaves.
","{""identifier"": ""134487095"", ""source"": ""nldenhaag""}",,6,0,data/expanded/mei-corpus.json,2026-09-30T19:29:06.847237+00:00,https://data.cerl.org/mei/_search
02149728,02149728,https://data.cerl.org/mei/02149728,ih00429300,ih00429300,direct,LondonBL,"London, British Library","London, British Library",GB,,IA.47112,Horae [Dutch] Getijdenboek,,"Delft : [Jacob Jacobszoon van der Meer], 8 Apr. 1480",NL,dut,4°,liturgy,GW 13424,"HC 7758 | Boh(1924) 1522 | Camp 832 | ILC 1223 | IDL 2370 | Finger 452 | Kind(Göttingen) 966 | Oates 3342, 3343 | Pr 8865 | BMC IX 17 | GW 13424",Created by John Goldfinch,eng,1,a,,,Without the blank leaves 17 and 154. The two quires containing the table now bound at the front appear to have been previously bound at the back,3,0,data/expanded/mei-corpus.json,2026-09-30T19:29:06.847237+00:00,https://data.cerl.org/mei/_search
02150602,02150602,https://data.cerl.org/mei/02150602,ih00429300,ih00429300,direct,DeventerSAB,"Deventer, Athenaeumbibliotheek ",Deventer SAB,NL,,61 D 6 KL,Horae [Dutch] Getijdenboek,,"Delft : [Jacob Jacobszoon van der Meer], 8 Apr. 1480",NL,dut,4°,liturgy,GW 13424,"HC 7758 | Boh(1924) 1522 | Camp 832 | ILC 1223 | IDL 2370 | Finger 452 | Kind(Göttingen) 966 | Oates 3342, 3343 | Pr 8865 | BMC IX 17 | GW 13424",Record created by Christian Zeeman.,eng,0,b,,,"Wants fols. [8] and [9]. Fol. [10] is separated from the book block.
Bound with an additional text on quires aa-ff: Dat heilighe sacraments getide",3,1,data/expanded/mei-corpus.json,2026-09-30T19:29:06.847237+00:00,https://data.cerl.org/mei/_search
02101580,02101580,https://data.cerl.org/mei/02101580,ih00429400,ih00429400,direct,NLKB,"Den Haag, Koninklijke Bibliotheek - Nationale Bibliotheek van Nederland","Den Haag, Koninklijke Bibliotheek - Nationale Bibliotheek van Nederland",NL,,KW 150 E 13,Horae [Dutch] Getijdenboek,,"[Brussels : Fratres Vitae Communis, between 9 June 1481 and 1484]",BE,dut,8°,liturgy,GW 13423,"C 2723 | Camp(I) 831a  | ILC 1224 | Brussels exhib.1973, cat. 96 | Boh(1924) 1524 | IDL 2371 | GW 13423","The illustrations on the CD-ROM 'Illustrated ISTC' are derived from this signature. The following pages are displayed: 3 recto = [a]3 recto = start of calendar, first extant leaf; 9 recto = [b]1 recto = first page of second quire; 17 recto = [c]1 recto = start of text: Ghetiden Maria; 54 recto = [g]6 recto = end of text; 54 verso = [g[6 verso = start of text: Cruys ghetiden; 58 verso = [h]2 verso = end of text; 59 recto = [h]3 recto = start of text: Heilige gheest ghetiden; 71 verso = [i]7 verso = end of text; 73 recto = [k]1 recto = start of text: Seven psalmen; 87 verso = [l]7 verso = end of text; 88 recto = [l]8 recto = start of text: Ghebeden; 96 verso = [m]8 verso = end of text; 97 recto = [n]1 recto = start of text: Vighelie; 118 verso = [p]6 verso = end of text | Record created by Lauren Leenders | In pencil on front pastedown: '23e [deleted] 150 E 13; CA 831 a (I); (...) ontbreken bll. [a] 1,2,7; b 7,8 15,16; i 8 72; n 2 98; p 7,8 199;120'. Pagenumbers have been added to the notes of Moll on the front flyleaf. On the back pastedown in pencil: 'Veiling W. Moll 1880 nr. 687'.",eng,1,b,Missing 7 folia ,"{""identifier"": ""325818274"", ""source"": ""nldenhaag""}",,5,0,data/expanded/mei-corpus.json,2026-09-30T19:29:09.053822+00:00,https://data.cerl.org/mei/_search
00560459,00560459,https://data.cerl.org/mei/00560459,ih00430000,ih00430000,direct,CambridgeUL,"Cambridge, University Library",Cambridge UL,GB,Inc.2-7,Inc.5.E.2.2[2822],Horae [Dutch] Ghetyden van onser liever vrouwen,,"Delft : Jacob Jacobszoon van der Meer, 19 July 1484",NL,dut,4°,liturgy,GW 13425,"Goff H430 | HC 7770* (incl. HC 7763) | Camp 833 | ILC 1225 | Boh(1924) 1525 | Pell Ms 5944 (5932) | CIBN H-266 | Elliott-Loose 295 | IDL 2372 | Amelung, Hellinga Festschrift 32 | Kind(Göttingen) 967 | Oates 3348, 3349, 3350 | BSB-Ink H-354 | GW 13425",Original item identifier in source database: 5144076,eng,,,,,,1,0,data/expanded/mei-corpus.json,2026-09-30T19:29:10.995856+00:00,https://data.cerl.org/mei/_search
02101376,02101376,https://data.cerl.org/mei/02101376,ih00430000,ih00430000,direct,NLKB,"Den Haag, Koninklijke Bibliotheek - Nationale Bibliotheek van Nederland","Den Haag, Koninklijke Bibliotheek - Nationale Bibliotheek van Nederland",NL,,KW 169 G 57,Horae [Dutch] Ghetyden van onser liever vrouwen,,"Delft : Jacob Jacobszoon van der Meer, 19 July 1484",NL,dut,4°,liturgy,GW 13425,"Goff H430 | HC 7770* (incl. HC 7763) | Camp 833 | ILC 1225 | Boh(1924) 1525 | Pell Ms 5944 (5932) | CIBN H-266 | Elliott-Loose 295 | IDL 2372 | Amelung, Hellinga Festschrift 32 | Kind(Göttingen) 967 | Oates 3348, 3349, 3350 | BSB-Ink H-354 | GW 13425","The illustrations on the CD-ROM 'Illustrated ISTC' are derived from this signature. The following pages are displayed: 1 verso = [*]1 verso = prelim; 2 recto = [*]2 recto = calendar; 13 recto = A1 recto = start of text; 17 recto = aa1 recto = start of text; 64 recto = ff8 recto = end of text; 65 recto = a1 recto = start of text; 94 recto = d6 recto = end of text; 95 recto = d7 recto = start of text; 111 recto = f7 recto = end of text; 112 recto = f8 recto = start of text; 140 recto = k4 recto = end of text; 141 recto = k5 recto = start of text; 155 verso = m3 verso = end of text; 157 recto = m5 recto = start of text; 177 recto = p1 recto = end of text; 178 recto = p2 recto = start of text; 201 verso = s1 verso = end of text; 203 recto = s3 recto = start of text; 224 recto = v6 recto = end of text; 225 recto = v7 recto = start of text; 238 recto = y6 recto = end of text, colophon, printer's device. | Record created by Marieke van Delft",eng,1,b,"Pencil notes from the KB on front endleaf: shelfmark and bibliographical reference.
","{""identifier"": ""325818290"", ""source"": ""nldenhaag""}","Includes four parts, signed in numbers, capital A, double letters aa-ff, and single letter a-y. Incomplete. Missing leaves: a1 [a2 signed a1]; m4 and s2. All blank. Fol. *vi restored; pasted on blank leaf.",5,0,data/expanded/mei-corpus.json,2026-09-30T19:29:10.995856+00:00,https://data.cerl.org/mei/_search
00560458,00560458,https://data.cerl.org/mei/00560458,ih00430000,ih00430000,direct,CambridgeUL,"Cambridge, University Library",Cambridge UL,GB,Inc.2-7,Inc.5.E.2.2[2821],Horae [Dutch] Ghetyden van onser liever vrouwen,,"Delft : Jacob Jacobszoon van der Meer, 19 July 1484",NL,dut,4°,liturgy,GW 13425,"Goff H430 | HC 7770* (incl. HC 7763) | Camp 833 | ILC 1225 | Boh(1924) 1525 | Pell Ms 5944 (5932) | CIBN H-266 | Elliott-Loose 295 | IDL 2372 | Amelung, Hellinga Festschrift 32 | Kind(Göttingen) 967 | Oates 3348, 3349, 3350 | BSB-Ink H-354 | GW 13425",Original item identifier in source database: 5144075,eng,,,,,,5,0,data/expanded/mei-corpus.json,2026-09-30T19:29:10.995856+00:00,https://data.cerl.org/mei/_search
02138780,02138780,https://data.cerl.org/mei/02138780,ih00430000,ih00430000,direct,TheHagueMMW,"Den Haag, Huis van het Boek ","Den Haag, Huis van het Boek ",NL,,001 E 026,Horae [Dutch] Ghetyden van onser liever vrouwen,,"Delft : Jacob Jacobszoon van der Meer, 19 July 1484",NL,dut,4°,liturgy,GW 13425,"Goff H430 | HC 7770* (incl. HC 7763) | Camp 833 | ILC 1225 | Boh(1924) 1525 | Pell Ms 5944 (5932) | CIBN H-266 | Elliott-Loose 295 | IDL 2372 | Amelung, Hellinga Festschrift 32 | Kind(Göttingen) 967 | Oates 3348, 3349, 3350 | BSB-Ink H-354 | GW 13425",,dut,,,,"{""identifier"": ""II 55"", ""source"": ""nldkp""}",,2,0,data/expanded/mei-corpus.json,2026-09-30T19:29:10.995856+00:00,https://data.cerl.org/mei/_search
02138781,02138781,https://data.cerl.org/mei/02138781,ih00430000,ih00430000,direct,TheHagueMMW,"Den Haag, Huis van het Boek ","Den Haag, Huis van het Boek ",NL,,144 K 004,Horae [Dutch] Ghetyden van onser liever vrouwen,,"Delft : Jacob Jacobszoon van der Meer, 19 July 1484",NL,dut,4°,liturgy,GW 13425,"Goff H430 | HC 7770* (incl. HC 7763) | Camp 833 | ILC 1225 | Boh(1924) 1525 | Pell Ms 5944 (5932) | CIBN H-266 | Elliott-Loose 295 | IDL 2372 | Amelung, Hellinga Festschrift 32 | Kind(Göttingen) 967 | Oates 3348, 3349, 3350 | BSB-Ink H-354 | GW 13425",,dut,,,,"{""identifier"": ""II 55"", ""source"": ""nldkp""}",,2,0,data/expanded/mei-corpus.json,2026-09-30T19:29:10.995856+00:00,https://data.cerl.org/mei/_search
00560460,00560460,https://data.cerl.org/mei/00560460,ih00430100,ih00430100,direct,CambridgeUL,"Cambridge, University Library",Cambridge UL,GB,Inc.2-7,Inc.7.E.8.2[3109],Horae [Dutch] Getijdenboek,,"Hasselt : [Peregrinus Barmentlo], 1488",NL,dut,8°,liturgy,GW 13430,C 2724 | TFS 1909ff | Camp 834 | ILC 1226 | Boh(1924) 1527 | IDL 2373 | Oates 3637 | GW 13430,"Colophon, s8 verso: Dit is voleindet toe hasselt. Int iaer ons heren. M.cccc.lxxxviij. Gode si lof.  | Signatures: A⁸ [B]⁴ a-s⁸. (leaf h8 blank)  | First two gatherings printed in red and black.  | GW, 13430  | Oates, 3637  | ISTC, ih00430100  | Imperfect: Leaves B1, B4 and  h8 (blank) wanting.  | [156] leaves ; | Original item identifier in source database: 5080803",eng,,,,,,2,0,data/expanded/mei-corpus.json,2026-09-30T19:29:12.750122+00:00,https://data.cerl.org/mei/_search
02101036,02101036,https://data.cerl.org/mei/02101036,ih00430100,ih00430100,direct,NLKB,"Den Haag, Koninklijke Bibliotheek - Nationale Bibliotheek van Nederland","Den Haag, Koninklijke Bibliotheek - Nationale Bibliotheek van Nederland",NL,,KW 150 F 8,Horae [Dutch] Getijdenboek,,"Hasselt : [Peregrinus Barmentlo], 1488",NL,dut,8°,liturgy,GW 13430,C 2724 | TFS 1909ff | Camp 834 | ILC 1226 | Boh(1924) 1527 | IDL 2373 | Oates 3637 | GW 13430,Record created by Lauren Leenders,eng,1,b,Missing title page and f. 12.,"{""identifier"": ""325818339"", ""source"": ""nldenhaag""}",,3,0,data/expanded/mei-corpus.json,2026-09-30T19:29:12.750122+00:00,https://data.cerl.org/mei/_search
02100872,02100872,https://data.cerl.org/mei/02100872,ih00430200,ih00430200,direct,NLKB,"Den Haag, Koninklijke Bibliotheek - Nationale Bibliotheek van Nederland","Den Haag, Koninklijke Bibliotheek - Nationale Bibliotheek van Nederland",NL,,KW 150 E 26,Horae [Dutch] Getijdenboek,,"Delft : [Christiaen Snellaert, [between 29 May 1490 and 10 Aug. 1491]",NL,dut,8°,liturgy,GW 13426,C 2722 | Camp 835 | ILC 1228 | Boh(1924) 1528 | IDL 2374 | GW 13426,Record created by Lauren Leenders,eng,1,b,Pencil notes from the KB on front pastedown and flyleaf: shelfmark and bibliographical references.,"{""identifier"": ""32581838X"", ""source"": ""nldenhaag""}","Fol. 1, 2 are missing.",2,0,data/expanded/mei-corpus.json,2026-09-30T19:29:14.738744+00:00,https://data.cerl.org/mei/_search
00560461,00560461,https://data.cerl.org/mei/00560461,ih00430300,ih00430300,direct,CambridgeUL,"Cambridge, University Library",Cambridge UL,GB,Inc.2-7,Inc.6.F.6.2[3394],Horae [Dutch] Getijdenboek,,"Antwerp : Gerard Leeu, 16 Aug. 1491",BE,dut,8°,liturgy,GW 13417,C 2725 | Camp-Kron I 835a | ILC 1229 | Inv Ant 212 | Boh(1924) 1529 | IDL 2375 | Oates 3933 | Pr 9399 | BMC IX 196 | GW 13417,"Title from ¹[a]1 recto.  | Colophon, s4 verso (as transcribed in BM 15th cent.): Dit boeck is gheprent tantwerpen bi mi Geraerdt leeu jnt iaer ons heere[n] M.cccc. en[de] xci. den xvi. dach vander maent Augnstus [sic].  | Signatures: [a]⁸ b⁶ ²a-r⁸ s⁴.  | Each page in woodcut border.  | title with woodcut, [a]1r (verso blank); calendar, a2r-b5v; b6r blank; Bible. N.T. John 1, b6v-a2r; Hours of Our Lady, a2r-e6v; e7r blank; Hours of the Passion, e7v-f4r; Veni creator spiritus (Dutch), f4v-f6r; Seven psalms, f6v-g7r; Litany, g7r-h2v; h3r blank; Vigils of the dead, h3v-k8v; prayers, l1r-; colophon, s4v.  | BM 15th cent., IX, p. 196  | Oates, 3933  | Campbell-Kronenberg, I 835a  | Copinger, 2725  | ISTC, ih00430300  | Thienen & Goldfinch. Incunabula printed in the Low Countries, 1229  | Imperfect: Wanting all after leaf r6.  | [154] leaves : | Original item identifier in source database: 5275133",eng,,,,,,2,0,data/expanded/mei-corpus.json,2026-09-30T19:29:16.783576+00:00,https://data.cerl.org/mei/_search
02100779,02100779,https://data.cerl.org/mei/02100779,ih00430300,ih00430300,direct,NLKB,"Den Haag, Koninklijke Bibliotheek - Nationale Bibliotheek van Nederland","Den Haag, Koninklijke Bibliotheek - Nationale Bibliotheek van Nederland",NL,,KW 150 F 48,Horae [Dutch] Getijdenboek,,"Antwerp : Gerard Leeu, 16 Aug. 1491",BE,dut,8°,liturgy,GW 13417,C 2725 | Camp-Kron I 835a | ILC 1229 | Inv Ant 212 | Boh(1924) 1529 | IDL 2375 | Oates 3933 | Pr 9399 | BMC IX 196 | GW 13417,Record created by Lauren Leenders,eng,1,b,,"{""identifier"": ""325818398"", ""source"": ""nldenhaag""}","Wanting fol. 1-14, 104, 109, 143, 150, 151, 154. Fragments of fol. 54 and 122.",3,0,data/expanded/mei-corpus.json,2026-09-30T19:29:16.783576+00:00,https://data.cerl.org/mei/_search
02138782,02138782,https://data.cerl.org/mei/02138782,ih00430500,ih00430500,direct,TheHagueMMW,"Den Haag, Huis van het Boek ","Den Haag, Huis van het Boek ",NL,,001 F 017: 01-02,Horae [Dutch] Getijdenboek,,"Leiden : Hugo Janszoon van Woerden, 10 Dec. 1494",NL,dut,8°,liturgy,GW 13432,H 7764 | Camp(II) 837  | ILC 1232 | Boh(1924) 1531 | IDL 2377 | BMC IX 97 | GW 13432,,dut,,,,"{""identifier"": ""II 160"", ""source"": ""nldkp""}",,2,0,data/expanded/mei-corpus.json,2026-09-23T13:29:58.515128+00:00,https://data.cerl.org/mei/_search
02100475,02100475,https://data.cerl.org/mei/02100475,ih00430600,ih00430500 | ih00430600,bound_with | direct,NLKB,"Den Haag, Koninklijke Bibliotheek - Nationale Bibliotheek van Nederland","Den Haag, Koninklijke Bibliotheek - Nationale Bibliotheek van Nederland",NL,,KW 150 G 4 [2],Horae [Dutch] Getijdenboek,,"Leiden : Hugo Janszoon van Woerden, 12 Jan. 1495",NL,dut,8°,liturgy,GW 13432,H 7765 | Camp(II) 838  | ILC 1233 | Boh(1924) 1533 | IDL 2378 | Pr 9162 | BMC IX 97 | GW 13432,Record created by Lauren Leenders,eng,1,a,,"{""identifier"": ""325819033"", ""source"": ""nldenhaag""}",,5,1,data/expanded/mei-corpus.json,2026-09-23T13:29:58.515128+00:00 | 2026-09-30T19:29:22.857969+00:00,https://data.cerl.org/mei/_search
02100561,02100561,https://data.cerl.org/mei/02100561,ih00430500,ih00430500 | ih00430600,direct | bound_with,NLKB,"Den Haag, Koninklijke Bibliotheek - Nationale Bibliotheek van Nederland","Den Haag, Koninklijke Bibliotheek - Nationale Bibliotheek van Nederland",NL,,KW 150 G 4 [1],Horae [Dutch] Getijdenboek,,"Leiden : Hugo Janszoon van Woerden, 10 Dec. 1494",NL,dut,8°,liturgy,GW 13432,H 7764 | Camp(II) 837  | ILC 1232 | Boh(1924) 1531 | IDL 2377 | BMC IX 97 | GW 13432,Record created by Lauren Leenders,eng,1,a | c,,"{""identifier"": ""325818460"", ""source"": ""nldenhaag""}",,5,1,data/expanded/mei-corpus.json,2026-09-23T13:29:58.515128+00:00 | 2026-09-30T19:29:22.857969+00:00,https://data.cerl.org/mei/_search
02138783,02138783,https://data.cerl.org/mei/02138783,ih00430600,ih00430600,direct,TheHagueMMW,"Den Haag, Huis van het Boek ","Den Haag, Huis van het Boek ",NL,,001 F 017: 03,Horae [Dutch] Getijdenboek,,"Leiden : Hugo Janszoon van Woerden, 12 Jan. 1495",NL,dut,8°,liturgy,GW 13432,H 7765 | Camp(II) 838  | ILC 1233 | Boh(1924) 1533 | IDL 2378 | Pr 9162 | BMC IX 97 | GW 13432,,dut,,,,"{""identifier"": ""II 160"", ""source"": ""nldkp""}",,2,0,data/expanded/mei-corpus.json,2026-09-30T19:29:22.857969+00:00,https://data.cerl.org/mei/_search
02100474,02100474,https://data.cerl.org/mei/02100474,ih00431000,ih00431000,direct,NLKB,"Den Haag, Koninklijke Bibliotheek - Nationale Bibliotheek van Nederland","Den Haag, Koninklijke Bibliotheek - Nationale Bibliotheek van Nederland",NL,,KW 150 F 33,Horae [Dutch]: Getijdenboek,,"Antwerp : Adriaen van Liesvelt, 29 July 1495",BE,dut,8°,liturgy,GW 13421,Goff H431 | C 2727 | Camp 839 | ILC 1234 | IDL 2379 | Boh(1924) 1534 | Morg 1709 | GW 13421,"The illustrations on the CD-ROM 'Illustrated ISTC' are derived from this signature. The following pages are displayed: 1 recto = [a]1 recto = woodcut, title; 2 recto = [a]2 recto = woodcut, start of text; 9 recto = b1 recto = woodcut, first page of second quire; 11 recto = b3 verso = woodcut, end of text; 13 verso = b5 verso = woodcut, start of text; 151 recto = t7 recto = woodcut, end of text; 151 verso = t7 verso = woodcut, colophon | Record created by Lauren Leenders",eng,1,b,,"{""identifier"": ""325819092"", ""source"": ""nldenhaag""}",Wanting fol. 122 and 152.,4,0,data/expanded/mei-corpus.json,2026-09-30T19:29:24.785203+00:00,https://data.cerl.org/mei/_search
02100488,02100488,https://data.cerl.org/mei/02100488,ih00431100,ih00431100,direct,NLKB,"Den Haag, Koninklijke Bibliotheek - Nationale Bibliotheek van Nederland","Den Haag, Koninklijke Bibliotheek - Nationale Bibliotheek van Nederland",NL,,KW 150 F 27,Horae [Dutch] Die seven getijden,,"[Antwerp : Govaert Bac], 1495",BE,dut,16°,liturgy,GW 13420,"C 2720 | Camp 829 | ILC 1235 | Brussels exhib.1973, cat. 213 | Inv Ant 273 | Boh(1924) 1535 | Polain(B) 1930 | IDL 2369 | GW 13420",Record created by Lauren Leenders,eng,1,a,Library notes on the front endleaves in pencil: '15a [deleted] 150 F 27; cg Campbell Annales n. 829'.,"{""identifier"": ""265812895"", ""source"": ""nldenhaag""}",,4,0,data/expanded/mei-corpus.json,2026-09-30T19:29:26.730854+00:00,https://data.cerl.org/mei/_search
02100225,02100225,https://data.cerl.org/mei/02100225,ih00431400,ih00431200 | ih00431400,bound_with | direct,NLKB,"Den Haag, Koninklijke Bibliotheek - Nationale Bibliotheek van Nederland","Den Haag, Koninklijke Bibliotheek - Nationale Bibliotheek van Nederland",NL,,KW 150 G 10 [2],Horae [Dutch] Getijdenboek,,"Schoonhoven : [Canonici Regulares apud S. Michaelem in Den Hem], 28 Mar. 1498",NL,dut,8°,liturgy,GW 13438,HC 7761 = H 7762? | Camp 842 | ILC 1241 | Boh(1924) 1540 | IDL 2384 | Oates 3661 | GW 13438,Record created by Lauren Leenders,eng,1,b,,"{""identifier"": ""325819254"", ""source"": ""nldenhaag""}",Fragments,4,1,data/expanded/mei-corpus.json,2026-09-30T19:29:28.767137+00:00 | 2026-09-23T13:30:06.420972+00:00,https://data.cerl.org/mei/_search
02100411,02100411,https://data.cerl.org/mei/02100411,ih00431200,ih00431200 | ih00431400,direct | bound_with,NLKB,"Den Haag, Koninklijke Bibliotheek - Nationale Bibliotheek van Nederland","Den Haag, Koninklijke Bibliotheek - Nationale Bibliotheek van Nederland",NL,,KW 150 G 10 [1],Horae [Dutch] Getijdenboek,,"Schoonhoven : [Canonici Regulares apud S. Michaelem in Den Hem], 5 Oct. 1496",NL,dut,8°,liturgy,GW 13437,"C 2728 | Camp(I,II) 840a  | ILC 1236 | Boh(1924) 1537 | IDL 2381 | GW 13437",Record created by Lauren Leenders,eng,1,a | h,,"{""identifier"": ""325819122"", ""source"": ""nldenhaag""}",Two parts of the book are in manuscript. The last part is written on parchment.,5,1,data/expanded/mei-corpus.json,2026-09-30T19:29:28.767137+00:00 | 2026-09-23T13:30:06.420972+00:00,https://data.cerl.org/mei/_search
02100322,02100322,https://data.cerl.org/mei/02100322,ih00431300,ih00431300,direct,NLKB,"Den Haag, Koninklijke Bibliotheek - Nationale Bibliotheek van Nederland","Den Haag, Koninklijke Bibliotheek - Nationale Bibliotheek van Nederland",NL,,KW 150 G 5,Horae [Dutch] Getijdenboek,,"Leiden : [Hugo Janszoon van Woerden], 1497",NL,dut,8°,liturgy,GW 13433,HC 7767 | C 3124 | Camp 841 | ILC 1237 | Boh(1924) 1539 | IDL 2382 | Pr 9164 | BMC IX 98 | GW 13433,Record created by Lauren Leenders,eng,1,a,,"{""identifier"": ""325819173"", ""source"": ""nldenhaag""}",,4,0,data/expanded/mei-corpus.json,2026-09-30T19:29:30.851960+00:00,https://data.cerl.org/mei/_search
00560462,00560462,https://data.cerl.org/mei/00560462,ih00431400,ih00431400,direct,CambridgeUL,"Cambridge, University Library",Cambridge UL,GB,Inc.2-7,Inc.6.E.13.1[3133],Horae [Dutch] Getijdenboek,,"Schoonhoven : [Canonici Regulares apud S. Michaelem in Den Hem], 28 Mar. 1498",NL,dut,8°,liturgy,GW 13438,HC 7761 = H 7762? | Camp 842 | ILC 1241 | Boh(1924) 1540 | IDL 2384 | Oates 3661 | GW 13438,"Signatures: A-D⁸ E⁴ F-G⁸ H⁴ I-K⁸ L⁴ M-T⁸ V⁴ X⁸ Y⁴.  | Colophon, Y4 verso: Gedruct Inde[n] Hem bute[n] scoe[n]houe[n] Int iaer ons heren M cccc en̄ xcviij. opten xxviij dach In marcio. Deo gracias.  | ISTC, ih00431400  | Campbell, 842  | Oates, 3661  | [156] leaves : | Original item identifier in source database: 5088936",eng,,,,,,3,0,data/expanded/mei-corpus.json,2026-09-23T13:30:06.420972+00:00,https://data.cerl.org/mei/_search
02138784,02138784,https://data.cerl.org/mei/02138784,ih00431400,ih00431400,direct,TheHagueMMW,"Den Haag, Huis van het Boek ","Den Haag, Huis van het Boek ",NL,,001 F 028,Horae [Dutch] Getijdenboek,,"Schoonhoven : [Canonici Regulares apud S. Michaelem in Den Hem], 28 Mar. 1498",NL,dut,8°,liturgy,GW 13438,HC 7761 = H 7762? | Camp 842 | ILC 1241 | Boh(1924) 1540 | IDL 2384 | Oates 3661 | GW 13438,,dut,,,,"{""identifier"": ""II 201"", ""source"": ""nldkp""}",,2,0,data/expanded/mei-corpus.json,2026-09-23T13:30:06.420972+00:00,https://data.cerl.org/mei/_search
02138785,02138785,https://data.cerl.org/mei/02138785,ih00431400,ih00431400,direct,TheHagueMMW,"Den Haag, Huis van het Boek ","Den Haag, Huis van het Boek ",NL,,001 F 021,Horae [Dutch] Getijdenboek,,"Schoonhoven : [Canonici Regulares apud S. Michaelem in Den Hem], 28 Mar. 1498",NL,dut,8°,liturgy,GW 13438,HC 7761 = H 7762? | Camp 842 | ILC 1241 | Boh(1924) 1540 | IDL 2384 | Oates 3661 | GW 13438,,dut,,,,"{""identifier"": ""II 165"", ""source"": ""nldkp""}",,2,0,data/expanded/mei-corpus.json,2026-09-23T13:30:06.420972+00:00,https://data.cerl.org/mei/_search
00205571,00205571,https://data.cerl.org/mei/00205571,ih00432500,ih00432500,direct,OxfordBodley,"Oxford, Bodleian Library",Oxford Bodley,GB,,Douce 3.,Horae [Dutch] Getijdenboek,,"Leiden : [Hugo Janszoon van Woerden], [after 25 May] 1498",NL,dut,8°,liturgy,GW 13434,"C 2730 | Camp-Kron I 845a | ILC 1242 | Boh(1924) 1543 | Voull(B) 4906 | Voull(1904) p.6, 3 | Pr(T) III 845A | Pr 9166 | Bod-inc H-149 | Sheppard 7022 | GW 13434",BodInc-Id: H-149(1),,,,,"{""identifier"": ""tih00432500"", ""source"": ""uktextinc""}",,2,0,data/expanded/mei-corpus.json,2026-09-30T19:29:42.786158+00:00,https://data.cerl.org/mei/_search
02100039,02100039,https://data.cerl.org/mei/02100039,ih00432800,ih00432800,direct,NLKB,"Den Haag, Koninklijke Bibliotheek - Nationale Bibliotheek van Nederland","Den Haag, Koninklijke Bibliotheek - Nationale Bibliotheek van Nederland",NL,,KW 150 E 7,Horae [Dutch] Getijdenboek,,"Paris : Thielman Kerver, 12 Feb. 1500",FR,dut,8°,liturgy,GW 13171,C 2732 | Camp-Kron I 845c | ILC B70 | Nijhoff & Kronenberg 997 | Boh(1924) 1545 | Polain(B) 4428 | IDL 2386 | Borm 1379 | BMC VIII 217 | GW 13171,"The illustrations on the CD-ROM 'Illustrated ISTC' are derived from this signature. The following pages are displayed: 1 recto = a1 recto = title, woodcut, woodcut border; 1 verso = a1 verso = prelim: almanac; 2 recto = a2 recto = prelim, woodcut, woodcut border; 2 verso = a2 verso = start of calendar, woodcut border; 14 recto = b6 recto = end of calendar, woodcut border; 14 verso = b6 verso = start of text, woodcut, woodcut border; 17 recto = c1 recto = first page of second (text) quire, woodcut border; 124 recto = q4 recto = end of text, colophon, woodcut border; 124 verso = q4 verso = colophon, printer's device, woodcut border. | Record created by Lauren Leenders",eng,1,a,On the back pastedown in ink ms: 1700 3/25 (...); in pencil in ms.: 156.,"{""identifier"": ""325819297"", ""source"": ""nldenhaag""}",,3,0,data/expanded/mei-corpus.json,2026-09-30T19:29:46.752266+00:00,https://data.cerl.org/mei/_search
02100049,02100049,https://data.cerl.org/mei/02100049,ih00433000,ih00433000,direct,NLKB,"Den Haag, Koninklijke Bibliotheek - Nationale Bibliotheek van Nederland","Den Haag, Koninklijke Bibliotheek - Nationale Bibliotheek van Nederland",NL,,KW 172 C 21,Horae [Dutch] Getijdenboek,,"Paris : Wolfgang Hopyl, 10 Sept. 1500",FR,dut,8°,liturgy,GW 13086,"Goff H433 | Boh(1924) 1546 | Nijhoff & Kronenberg 3085 | Lacombe 86 | Cl II 73 | M. van Delft, in Books in transition at the time of Philip the Fair, ed. H. Wijsman (Turnhout, 2010) pp.131-64  | Pell Ms 5946 | CIBN H-267 | Polain(B) 4429 | GW 13086",,eng,1,b,"F.  8, 16, 20, 23, 24, 26, 29, 34, 38, 43, 45, 46, 58, 59, 80 and 92 are missing.","{""identifier"": 315104414, ""source"": ""nldenhaag""}",,4,0,data/expanded/mei-corpus.json,2026-09-30T19:29:48.835396+00:00,https://data.cerl.org/mei/_search
02147380,02147380,https://data.cerl.org/mei/02147380,ih00433000,ih00433000,direct | bound_with,BrusselKBR,"Bruxelles, Bibliothèque royale de Belgique","Bruxelles, Bibliothèque royale de Belgique",BE,,INC A 2188,Horae [Dutch] Getijdenboek,,"Paris : Wolfgang Hopyl, 10 Sept. 1500",FR,dut,8°,liturgy,GW 13086,"Goff H433 | Boh(1924) 1546 | Nijhoff & Kronenberg 3085 | Lacombe 86 | Cl II 73 | M. van Delft, in Books in transition at the time of Philip the Fair, ed. H. Wijsman (Turnhout, 2010) pp.131-64  | Pell Ms 5946 | CIBN H-267 | Polain(B) 4429 | GW 13086",Copy history made by Antonia Delle Fratte (CERL Internship 2022),eng,1,a,"Printed illustration, rubrication",,,4,1,data/expanded/mei-corpus.json,2026-09-30T19:29:48.835396+00:00,https://data.cerl.org/mei/_search
00560464,00560464,https://data.cerl.org/mei/00560464,ih00433400,ih00433400,direct,CambridgeUL,"Cambridge, University Library",Cambridge UL,GB,Inc.2-7,Inc.6.A.41.1[4565],Horae Beatae Virginis Mariae [German] Die sieben Zeiten unsrer lieben Frauen,,"[Kirchheim in Elsass : Marcus Reinhart], 1491",FR,ger,8°,liturgy,GW 12984,"C 3125 | Boh(1924) 1481 | Schr 4060 | Lacombe 544 | Pell Ms 5950 (5939) | CIBN H-249 | Schmitt I 1214,20 | Pr 3210 | BMC III 691 | GW 12984","Signatures: [A, a] b-f A-I8 [K4].  | Colophon ([K4r]): Getruck zu[m] cleinē troya da man zalte von der geburt crifti. 1.4.9.1.  | Woodcuts.  | ISTC, ih00433400  | Oates, 1333.5 (not in Oates)  | Proctor, 3210  | BMC, III, 691  | GW, 12984  | Imperfect: Lacking [A1] (title) and [A8] (the latter in facsimile), plus a1 (blank on the recto; the verso with some text in red). See enclosed letter from a member of GW staff (dated 1998).  | BMC and GW both give the collation as [Aa] b-f A-I8 [K4], which would suggest that there is only a single gathering of 8 leaves immediately before sig. b.  BMC goes on to say that there should be a total of 132 leaves (which would necessitate two gatherings of 8 before sig. b).  These initial gatherings would perhaps best be described therefore as [A] [a]8.  | [132] leaves : | Original item identifier in source database: 5460601",eng,,,,,,3,0,data/expanded/mei-corpus.json,2026-09-30T19:29:54.856517+00:00,https://data.cerl.org/mei/_search
00211773,00211773,https://data.cerl.org/mei/00211773,ih00433500,ih00433500,direct,OxfordBodley,"Oxford, Bodleian Library",Oxford Bodley,GB,,Inc. b. G97.1(22).,Horae [German],,"[Nuremberg : Friedrich Creussner, about 1495?]",DE,ger,16°,liturgy,GW 12986,Bod-inc H-150 | Sheppard 1599 | GW 12986,BodInc-Id: H-150(1),,,,,"{""identifier"": ""tih00433500"", ""source"": ""uktextinc""}",,2,0,data/expanded/mei-corpus.json,2026-09-30T19:30:00.809262+00:00,https://data.cerl.org/mei/_search
00560465,00560465,https://data.cerl.org/mei/00560465,ih00437000,ih00437000,direct,CambridgeUL,"Cambridge, University Library",Cambridge UL,GB,Inc.2-7,Inc.6.E.13.1[3136],Horae Sanctae Crucis,,"Schoonhoven : [Canonici Regulares apud S. Michaelem in Den Hem, not before 1495]",NL,lat,8°,liturgy,GW 13415,Goff H437 | C 3138 | Boh(1924) 1451 | Camp-Kron 995 | ILC 1249 | Oates 3664 | GW 13415,"Signatures: a-o⁸ (a1 blank).  | Colophon, o8 verso: Imp[re]ssum extra muros scoe[n]houie.  | Campbell-Kronenberg, 995  | Goff, H437  | ISTC, ih00437000  | Oates, 3664  | Imperfect: Leaves a1 (blank) and g1 wanting. Formerly bound (1) with MS Nn.4.11 (Dutch hymnary, 16th cent.).  | [112] leaves ; | Original item identifier in source database: 5091842",eng,,,,,,2,0,data/expanded/mei-corpus.json,2026-09-30T19:30:12.839007+00:00,https://data.cerl.org/mei/_search
02126520,02126520,https://data.cerl.org/mei/02126520,ih00484300,ih00484300,direct,VilniusAcad,"Vilnius, Lietuvos mokslų akademijos Vrublevskių biblioteka","Vilnius, Lietuvos mokslų akademijos Vrublevskių biblioteka",LT,,I-9,Horologium [Church Slavonic] Chasoslovets,,"Cracow : Swietopolk Fiol, 1491",PL,chu,4°,theology-pastoral,GW 13447,Karataev 2 | Bošnjak 46 | Krajcar 1 | Zimmer pp.233-41 | Nemirovsky(Cyrillic) 2 | IGI VI 4898-B | IBP 1446 | Feigelmanas 221 | Bobrova 409 | Kiselev 326-329 | Zdanevich 513 | GW 13447,,eng,0,b,,,"Wanting [1] 1-3, [2] 1-3, [6] 1-2 [9] 5, [11] 4-5, [12] 2,7; [13] 1,3; [14] 1,8; [17]6, [19] 7, [20] 6, [21] 7, [23] 5-6, [25] 7, [28] 1-6, [32] 7-8, [33] 1-6, [36] 7-8, [43] 1-2, 7-8, [46]6, [48] 1-5",4,0,data/expanded/mei-corpus.json,2026-09-23T13:31:49.746254+00:00,https://data.cerl.org/mei/_search
00207797,00207797,https://data.cerl.org/mei/00207797,ih00485000,ih00485000,direct,OxfordBodley,"Oxford, Bodleian Library",Oxford Bodley,GB,,Inc. f. G7.1498.1.,Hortulus animae (Horae),,"Strassburg : Wilhelm Schaffener, 13 Mar. 1498",FR,lat,8°,liturgy,GW 12969,Goff H485 | HC(Add) 8936 | GfT 1642 | Oldenbourg L1 | Schramm XX p.30 | Schr 4242 | Boh(1924) p.72: 3 | Coq 280 | Zehnacker 1188 | Polain(B) 1999 | IBP 5887 | Ohly-Sack 1491 | Kind(Göttingen) 971 | Walsh 307 | Bod-inc H-219 | Sheppard 551-552 | BSB-Ink H-387.050 | GW 12969,BodInc-Id: H-219(1),,,,,"{""identifier"": ""tih00485000"", ""source"": ""uktextinc""}",,6,0,data/expanded/mei-corpus.json,2026-09-23T13:29:49.988585+00:00,https://data.cerl.org/mei/_search
02008999,02008999,https://data.cerl.org/mei/02008999,ih00485000,ih00485000,direct,HarvardHoughton,"Cambridge MA, Harvard University, Houghton Library","Cambridge MA, Harvard University, Houghton Library",US,,Inc 760.5,Hortulus animae (Horae),,"Strassburg : Wilhelm Schaffener, 13 Mar. 1498",FR,lat,8°,liturgy,GW 12969,Goff H485 | HC(Add) 8936 | GfT 1642 | Oldenbourg L1 | Schramm XX p.30 | Schr 4242 | Boh(1924) p.72: 3 | Coq 280 | Zehnacker 1188 | Polain(B) 1999 | IBP 5887 | Ohly-Sack 1491 | Kind(Göttingen) 971 | Walsh 307 | Bod-inc H-219 | Sheppard 551-552 | BSB-Ink H-387.050 | GW 12969,,eng,1,,,,,4,0,data/expanded/mei-corpus.json,2026-09-23T13:29:49.988585+00:00,https://data.cerl.org/mei/_search
02138788,02138788,https://data.cerl.org/mei/02138788,ih00485200,ih00485200,direct,TheHagueMMW,"Den Haag, Huis van het Boek ","Den Haag, Huis van het Boek ",NL,,001 F 036,Hortulus animae (Horae),,"Strassburg : Johann (Reinhard) Grüninger, 1500",FR,lat,16°,liturgy,GW 12971,Schramm XX 581-645 | IDL 2403 | GW 12971,,dut,,,,"{""identifier"": ""II 798"", ""source"": ""nldkp""}",,2,0,data/expanded/mei-corpus.json,2026-09-30T19:30:16.767693+00:00,https://data.cerl.org/mei/_search
02120307,02120307,https://data.cerl.org/mei/02120307,ih00485300,ih00485300,direct,WienONB,"Wien, Österreichische  Nationalbibliothek","Wien, ONB",AT,ZALT-INK,Ink 14.H.22,Hortulus animae (Horae),,"Strassburg : Johann (Reinhard) Grüninger, 31 Jan. 1500",FR,lat,8°,liturgy,GW 12972,"HC 8937 | GfT 2157 | Oldenbourg L3 | Schr 4245 | Boh(1924) p.72: 5 | Pell Ms 6134 (6116) | Zehnacker 1189 | IBP 2872 | SI 1981 | Coll(S) 1265 | Sack(Freiburg) 1892 | Voull(B) 2307,5 | Kind(Göttingen) 972 | Pr 491 | BMC I 114 | GW 12972",,eng,0,,,,,1,0,data/expanded/mei-corpus.json,2026-09-30T19:30:18.737540+00:00,https://data.cerl.org/mei/_search
02136286,02136286,https://data.cerl.org/mei/02136286,ih00485300,ih00485300,direct,TubingenUB,"Tübingen, Universitätsbibliothek","Tübingen, Universitätsbibliothek",DE,,Gb 565,Hortulus animae (Horae),,"Strassburg : Johann (Reinhard) Grüninger, 31 Jan. 1500",FR,lat,8°,liturgy,GW 12972,"HC 8937 | GfT 2157 | Oldenbourg L3 | Schr 4245 | Boh(1924) p.72: 5 | Pell Ms 6134 (6116) | Zehnacker 1189 | IBP 2872 | SI 1981 | Coll(S) 1265 | Sack(Freiburg) 1892 | Voull(B) 2307,5 | Kind(Göttingen) 972 | Pr 491 | BMC I 114 | GW 12972",,ger,,,"Rubr.; gedruckte, sowie von Hand eingetragene rote Lombarden. - Vereinzelt hs. Anm. von der Hand Konrad Hagers.","{""identifier"": ""GW 12972"", ""source"": ""degw""}",,2,0,data/expanded/mei-corpus.json,2026-09-30T19:30:18.737540+00:00,https://data.cerl.org/mei/_search
00561251,00561251,https://data.cerl.org/mei/00561251,in00260000,in00260000,direct,CambridgeUL,"Cambridge, University Library",Cambridge UL,GB,Inc.2-7,Inc.5.A.48.1[1106],Novum Psalterium Beatae Virginis Mariae,"Nitzschewitz, Hermannus","Zinna : Press of the Cistercian Monastery [with the type of Conrad Kachelofen, about 1493; not after 1496]",DE,lat,4°,literature-devotional,GW M27158,"Goff N260 | H 11891* | GfT 535, 536 | Schr 4859 | E. Hühns, in Beiträge zur Inkunabelkunde, Dritte Folge 6 (1975), pp.38-43 & Abb.8-14  | Pell Ms 8583 (8472) | CIBN N-150 | Polain(B) 2895 | IDL(Suppl) 3412a  | IBP 4015 | SI 2841 | Coll(S) 772 | Ernst(Hannover) 253 | C. Ernst, in Alt-Hildesheim, Heft 8 (1928), pp.32-44, Abb.6  | Ernst(Hildesheim) II,II 201 | Günt(L) 3939 | Voull(B) 2691 | Sack(Freiburg) 2604 | Schäfer 252 & Abb | Hummel-Wilhelmi 474 | Borm 1974 | Kind(Göttingen) 988 | Oates 1342 | Bod-inc N-118 | Sheppard 2270 | Pr 3226 | BMC III 700 | BSB-Ink N-208 | GW M27158","Title from title page on leaf A1 recto.  | Author's name and place of printing from prologue and dedication on leaf A2 recto, which reads:  ... Illustrissimi Friderici t[er]cij Imp[er]atoris & maximi Maximiliani gloriosissimi nostri regis ab earundem Illustrissimar[um] regiaru[m] maiestatu[m] hu[m]illimo Cappellano Herma[n]no Nitzschewitz ex Brandenburge[n]si Margia Trebbinensi vtriusq[ue] Iuris [con]sultu magno Circa Oderam Franckfordens[is] ciuitatis p[ro]tonotario ... [con]fectu[m] Anno domini Millesimoquadringe[n]=tesimooctuogesimo Nono Jllustrissimo Jmp[er]atori Friderico ex Lunenborch delatu[m] Et Anno Nonagesimosecu[n]do in mense Septe[m]bri ad Illustrissimas cesarias regiasq[ue] man[us] p[rese]ncialit[er] presentatn[m] [sic] Nutu regio cesaro iussu Ab illustrissima Romana Friderici Imp[er]atoris tercij Cancellaria examinatu[m] Cesareo sumptu ad imp[ri]me[n]dum [com]missum Nu[n]c et in Tzenna Cisterciensis ordi[ni]s deuoto claustro sub p[ri]ncipatu domini .d[omi]ni Nicolai abbatis spiritualis patris ... ad alti celsi sacri diui pij Illustrissimi maximi Maximiliani nostri gloriosissimi dignissimiq[ue] regis noui nostri et nu[n]c inuictissimi Jmp[er]atoris ... honore[m] no[n] sine modico sumptu impressum:  | On the identity of the printer, see F. Geldner. Die deutschen Inkunabeldrucker: Ein Handbuch der deutschen Buchdruckerdes XV. Jahrhunderts nach Druckorten, 2 vols, Stuttgart, 1968-70, I,p. 268, Hühns, and Herbig.  | The Bodleian copy has a purchase and rubrication date of 1496 on leaf L6 verso.  | The only known book from this press; the book may have been printed by Conrad Kachelofen or Johann Luce, or with type and woodcuts borrowed from them.  | Two full-page woodcut illustrations of dedicatees kneeling before the Virgin Mary and Child on leaves A1 recto and verso, G8 verso, and HH1 recto; for details on illustration and arms, see BM 15th cent., III, 700.  | Woodcut foliate initials and borders on leaves A2 recto and A5 recto, woodcut foliate borders on leaves C1 recto and [chi]1 recto; small woodcut vignette of the reclining Virgin on leaf [chi]1 recto.  | 166 small illustrations, and 6 side-pieces and 8 pairs of foot-pieces constantly repeated on leaves ²A1 recto - G8 recto,  HH1 verso - L4 recto.  | Spaces left blank for initials, with printed guide letters.  | Signatures:  A-B⁸ C¹⁰ ²A-C⁸ D-F⁸ H⁸ [chi]⁴ HH⁸ J-K⁸ L⁶.  Leaves A1-A2 and A4 unsigned, only third leaf ²A3 signed in gathering ²A; fourth leaf unsigned in gatherings ²B-C, D-F, H, K-J; leaves HH1 and HH4 unsigned.  | Title page, with , A1r;  woodcut representing Emperor Frederick III, A1v;  Hermannus Nitzschewitz.  [Prologue and dedication to] Frederick III and Maximilian I, Roman Emperors, A2r-v;  Hermannus Nitzschewitz.  Diffinitio psalterii beatae virginis, A2v-A4v;  Hermannus Nitzschewitz.  Novum Psalterium Beatae Virginis Mariae, dedicated to Frederick III, Roman Emperor and Maximilian I, Roman Emperor, A5r-L5v;  Alexander [Numai], Bishop of Forlì. ""Copia litterarum Alexandri Episcopi  Forliviensis legati a latere in partibus Germanie de confirmatione et approbatione fraternitatis psalterii virginis Marie"", dated Cologne, 10 March 1476, L5v-L6r;  table of images, L6r.  | BM 15th cent., III, 700  | BN cat. des incun., N-150  | Bod-inc, N-118  | BSB-Ink, N-208  | Goff, N260  | GW, M27158  | Hain, 11891*  | ISTC, in00260000  | Oates, 1342  | E. Hühns, ""Der Marienpsalter des Kloster Zinna"", Beiträge zur Inkunabelkunde, 3. Folge Nr. 6 (1975), pp. 38-43  | H. Herbig, ""Der Zinnaer Marienpsalter. Eine neue Druckzeitbestimmung"", Jahrbuch Stiftung Stadtmuseum Berlin, 1 (1995), pp. 289-294  | [116] leaves : | Original item identifier in source database: 5188804",eng,,,,,,4,0,data/expanded/mei-corpus.json,2026-09-30T19:30:34.739701+00:00,https://data.cerl.org/mei/_search
02116074,02116074,https://data.cerl.org/mei/02116074,in00260000,in00260000,direct,WienONB,"Wien, Österreichische  Nationalbibliothek","Wien, ONB",AT,ZALT-INK,Ink 5.H.65,Novum Psalterium Beatae Virginis Mariae,"Nitzschewitz, Hermannus","Zinna : Press of the Cistercian Monastery [with the type of Conrad Kachelofen, about 1493; not after 1496]",DE,lat,4°,literature-devotional,GW M27158,"Goff N260 | H 11891* | GfT 535, 536 | Schr 4859 | E. Hühns, in Beiträge zur Inkunabelkunde, Dritte Folge 6 (1975), pp.38-43 & Abb.8-14  | Pell Ms 8583 (8472) | CIBN N-150 | Polain(B) 2895 | IDL(Suppl) 3412a  | IBP 4015 | SI 2841 | Coll(S) 772 | Ernst(Hannover) 253 | C. Ernst, in Alt-Hildesheim, Heft 8 (1928), pp.32-44, Abb.6  | Ernst(Hildesheim) II,II 201 | Günt(L) 3939 | Voull(B) 2691 | Sack(Freiburg) 2604 | Schäfer 252 & Abb | Hummel-Wilhelmi 474 | Borm 1974 | Kind(Göttingen) 988 | Oates 1342 | Bod-inc N-118 | Sheppard 2270 | Pr 3226 | BMC III 700 | BSB-Ink N-208 | GW M27158",,eng,0,,,,,1,0,data/expanded/mei-corpus.json,2026-09-30T19:30:34.739701+00:00,https://data.cerl.org/mei/_search
00204685,00204685,https://data.cerl.org/mei/00204685,in00260000,in00260000,direct,OxfordBodley,"Oxford, Bodleian Library",Oxford Bodley,GB,,Auct. 1Q 7.70.,Novum Psalterium Beatae Virginis Mariae,"Nitzschewitz, Hermannus","Zinna : Press of the Cistercian Monastery [with the type of Conrad Kachelofen, about 1493; not after 1496]",DE,lat,4°,literature-devotional,GW M27158,"Goff N260 | H 11891* | GfT 535, 536 | Schr 4859 | E. Hühns, in Beiträge zur Inkunabelkunde, Dritte Folge 6 (1975), pp.38-43 & Abb.8-14  | Pell Ms 8583 (8472) | CIBN N-150 | Polain(B) 2895 | IDL(Suppl) 3412a  | IBP 4015 | SI 2841 | Coll(S) 772 | Ernst(Hannover) 253 | C. Ernst, in Alt-Hildesheim, Heft 8 (1928), pp.32-44, Abb.6  | Ernst(Hildesheim) II,II 201 | Günt(L) 3939 | Voull(B) 2691 | Sack(Freiburg) 2604 | Schäfer 252 & Abb | Hummel-Wilhelmi 474 | Borm 1974 | Kind(Göttingen) 988 | Oates 1342 | Bod-inc N-118 | Sheppard 2270 | Pr 3226 | BMC III 700 | BSB-Ink N-208 | GW M27158",BodInc-Id: N-118(1),eng,,,,"{""identifier"": ""tin00260000"", ""source"": ""uktextinc""}"," Leaf A1 mounted. Binding: Nineteenth-century gold- and blind-tooled diced calf; blue-edged leaves; blue marbled pastedowns and blue silk bookmark. Size: 218 × 160 × 22 mm. Size of leaf: 210 × 152 mm. Occasional marginal notes, extracting key words, in red in the rubricator's hand. On the verso of the front endleaf bibliographical notes in Latin and in German in eighteenth- and nineteenth-century hands. Two- and three-line initials (with extensions into the margins) and paragraph marks are supplied in red or blue. Underlining of chapter headings and capital strokes in red. With rubricator's date 1496; see below. ",2,0,data/expanded/mei-corpus.json,2026-09-30T19:30:34.739701+00:00,https://data.cerl.org/mei/_search
00200704,00200704,https://data.cerl.org/mei/00200704,io00030200,io00030200,direct,BolognaArchStato,"Bologna, Archivio di Stato",Bologna Arch Stato,IT,,codici miniati no. 80,Officia Fraternitatis Flagellantium Bononiae,,"Bologna : Ugo Rugerius, 23 Feb. 1498",IT,lat,f°,liturgy,GW 13390,Goff O46 | R 271 = 1591 | Boh(1924) Off. 95 | IGI 4857 = 6961 | Pr 6657A | BMC VI 810 | GW 13390,,eng,,,,,,0,0,data/expanded/mei-corpus.json,2026-09-30T19:30:36.841473+00:00,https://data.cerl.org/mei/_search
00200705,00200705,https://data.cerl.org/mei/00200705,io00030200,io00030200,direct,BolognaBibliotecaComunaledellArchiginnasio,"Bologna, Biblioteca Comunale dell'Archiginnasio","Bologna, Archiginnasio",IT,,16 O.III.29,Officia Fraternitatis Flagellantium Bononiae,,"Bologna : Ugo Rugerius, 23 Feb. 1498",IT,lat,f°,liturgy,GW 13390,Goff O46 | R 271 = 1591 | Boh(1924) Off. 95 | IGI 4857 = 6961 | Pr 6657A | BMC VI 810 | GW 13390,,eng,,,,,,0,0,data/expanded/mei-corpus.json,2026-09-30T19:30:36.841473+00:00,https://data.cerl.org/mei/_search
00200707,00200707,https://data.cerl.org/mei/00200707,io00030200,io00030200,direct,SanMarinoHun,"San Marino CA, Huntington Library","San Marino CA, Huntington Library",US,,103886,Officia Fraternitatis Flagellantium Bononiae,,"Bologna : Ugo Rugerius, 23 Feb. 1498",IT,lat,f°,liturgy,GW 13390,Goff O46 | R 271 = 1591 | Boh(1924) Off. 95 | IGI 4857 = 6961 | Pr 6657A | BMC VI 810 | GW 13390,"Record created by John Lancaster, based on book in hand and Dondi.",eng,1,b,,,Lacks leaf a1.,6,0,data/expanded/mei-corpus.json,2026-09-30T19:30:36.841473+00:00,https://data.cerl.org/mei/_search
00200706,00200706,https://data.cerl.org/mei/00200706,io00030200,io00030200,direct,LondonBL,"London, British Library","London, British Library",GB,,IB.29183,Officia Fraternitatis Flagellantium Bononiae,,"Bologna : Ugo Rugerius, 23 Feb. 1498",IT,lat,f°,liturgy,GW 13390,Goff O46 | R 271 = 1591 | Boh(1924) Off. 95 | IGI 4857 = 6961 | Pr 6657A | BMC VI 810 | GW 13390,Edited by John Goldfinch,eng,0,a,,,Capitals supplied in red. Bound in old blind-tooled calf,1,0,data/expanded/mei-corpus.json,2026-09-30T19:30:36.841473+00:00,https://data.cerl.org/mei/_search
00200565,00200565,https://data.cerl.org/mei/00200565,io00048800,io00048800,direct,GenovaU,"Genova, Biblioteca Universitaria",Genova U,IT,,Inc. Gaslini 1,Officio della Vergine Maria tradotto e composto per Mario Filelfo,,"Venice : Bernardinus de Choris, de Cremona, 29 Mar. 1488",IT,ita,12°,liturgy,GW 13395,H 12000 | Boh(1924) Off. 57 | IBE 6248 | IGI 4871 | GW 13395,,eng,,,,,,0,0,data/expanded/mei-corpus.json,2026-09-30T19:30:38.814753+00:00,https://data.cerl.org/mei/_search
00200566,00200566,https://data.cerl.org/mei/00200566,io00048800,io00048800,direct,SevillaColombina,"Sevilla, Biblioteca Colombina",Sevilla Colombina,ES,,3-2-1,Officio della Vergine Maria tradotto e composto per Mario Filelfo,,"Venice : Bernardinus de Choris, de Cremona, 29 Mar. 1488",IT,ita,12°,liturgy,GW 13395,H 12000 | Boh(1924) Off. 57 | IBE 6248 | IGI 4871 | GW 13395,,eng,,a | k,,,,3,0,data/expanded/mei-corpus.json,2026-09-30T19:30:38.814753+00:00,https://data.cerl.org/mei/_search
00200698,00200698,https://data.cerl.org/mei/00200698,io00049000,io00049000,direct,FerraraC,"Ferrara, Biblioteca Comunale Ariostea",Ferrara C,IT,,S. 5. 1. 1,Officium breve quotidianum (Horae),,"Ferrara : Laurentius de Rubeis, de Valentia, 15 July 1497",IT,lat,16°,liturgy,GW 13330,Goff O49 | HCR 11972 | Boh(1924) Off. 88 | Meyer-Baer p.36 | Sander 5113 | Pell Ms 8667 (8542) | CIBN O-16 | IGI 6963 | Pr 5763 | BMC VI 613 | GW 13330,,eng,,,,,,0,0,data/expanded/mei-corpus.json,2026-09-23T13:30:56.167679+00:00,https://data.cerl.org/mei/_search
00200702,00200702,https://data.cerl.org/mei/00200702,io00049000,io00049000,direct,ParisBN,"Paris, Bibliothèque nationale de France","Paris, BnF",FR,,Vélins 1548,Officium breve quotidianum (Horae),,"Ferrara : Laurentius de Rubeis, de Valentia, 15 July 1497",IT,lat,16°,liturgy,GW 13330,Goff O49 | HCR 11972 | Boh(1924) Off. 88 | Meyer-Baer p.36 | Sander 5113 | Pell Ms 8667 (8542) | CIBN O-16 | IGI 6963 | Pr 5763 | BMC VI 613 | GW 13330,,eng,,,,,,0,0,data/expanded/mei-corpus.json,2026-09-23T13:30:56.167679+00:00,https://data.cerl.org/mei/_search
00200701,00200701,https://data.cerl.org/mei/00200701,io00049000,io00049000,direct,NewYorkNYPierpontMorganLibrary,"New York NY, The Morgan Library and Museum","New York NY, The Morgan Library and Museum",US,,ChL 1037,Officium breve quotidianum (Horae),,"Ferrara : Laurentius de Rubeis, de Valentia, 15 July 1497",IT,lat,16°,liturgy,GW 13330,Goff O49 | HCR 11972 | Boh(1924) Off. 88 | Meyer-Baer p.36 | Sander 5113 | Pell Ms 8667 (8542) | CIBN O-16 | IGI 6963 | Pr 5763 | BMC VI 613 | GW 13330,,eng,,,,,,0,0,data/expanded/mei-corpus.json,2026-09-23T13:30:56.167679+00:00,https://data.cerl.org/mei/_search
00200700,00200700,https://data.cerl.org/mei/00200700,io00049000,io00049000,direct,ModenaEst,"Modena, Biblioteca Estense Universitaria","Modena, Biblioteca Estense",IT,,[alfa]. C. 10. 33,Officium breve quotidianum (Horae),,"Ferrara : Laurentius de Rubeis, de Valentia, 15 July 1497",IT,lat,16°,liturgy,GW 13330,Goff O49 | HCR 11972 | Boh(1924) Off. 88 | Meyer-Baer p.36 | Sander 5113 | Pell Ms 8667 (8542) | CIBN O-16 | IGI 6963 | Pr 5763 | BMC VI 613 | GW 13330,,eng,,,,,,0,0,data/expanded/mei-corpus.json,2026-09-23T13:30:56.167679+00:00,https://data.cerl.org/mei/_search
00200699,00200699,https://data.cerl.org/mei/00200699,io00049000,io00049000,direct,FerraraC,"Ferrara, Biblioteca Comunale Ariostea",Ferrara C,IT,,S. 16. 4. 15,Officium breve quotidianum (Horae),,"Ferrara : Laurentius de Rubeis, de Valentia, 15 July 1497",IT,lat,16°,liturgy,GW 13330,Goff O49 | HCR 11972 | Boh(1924) Off. 88 | Meyer-Baer p.36 | Sander 5113 | Pell Ms 8667 (8542) | CIBN O-16 | IGI 6963 | Pr 5763 | BMC VI 613 | GW 13330,,eng,,,,,,0,0,data/expanded/mei-corpus.json,2026-09-23T13:30:56.167679+00:00,https://data.cerl.org/mei/_search
00200703,00200703,https://data.cerl.org/mei/00200703,io00049000,io00049000,direct,WashingtonLoC,"Washington DC, Library of Congress, Rare Book Division, Lessing J. Rosenwald Collection","Washington DC, Library of Congress, Rare Book Division, Lessing J. Rosenwald Collection",US,Lessing J. Rosenwald Collection,Incun. 1497.C3,Officium breve quotidianum (Horae),,"Ferrara : Laurentius de Rubeis, de Valentia, 15 July 1497",IT,lat,16°,liturgy,GW 13330,Goff O49 | HCR 11972 | Boh(1924) Off. 88 | Meyer-Baer p.36 | Sander 5113 | Pell Ms 8667 (8542) | CIBN O-16 | IGI 6963 | Pr 5763 | BMC VI 613 | GW 13330,,eng,,,,,,0,0,data/expanded/mei-corpus.json,2026-09-23T13:30:56.167679+00:00,https://data.cerl.org/mei/_search
02000909,02000909,https://data.cerl.org/mei/02000909,io00049000,io00049000,direct,LondonBL,"London, British Library","London, British Library",GB,,IA.25755,Officium breve quotidianum (Horae),,"Ferrara : Laurentius de Rubeis, de Valentia, 15 July 1497",IT,lat,16°,liturgy,GW 13330,Goff O49 | HCR 11972 | Boh(1924) Off. 88 | Meyer-Baer p.36 | Sander 5113 | Pell Ms 8667 (8542) | CIBN O-16 | IGI 6963 | Pr 5763 | BMC VI 613 | GW 13330,Created by A. Panzanelli,eng,,,,,"On 1a is written: 'G.A. Barotti Ferr.e'. In the top cover is the armorial bookplate of the Marchese Costabili-Containi. Old vellum, the volume also containing IA.25756",3,1,data/expanded/mei-corpus.json,2026-09-23T13:30:56.167679+00:00,https://data.cerl.org/mei/_search
02135240,02135240,https://data.cerl.org/mei/02135240,io00065980,io00065980,direct,TubingenUB,"Tübingen, Universitätsbibliothek","Tübingen, Universitätsbibliothek",DE,,Gi 366 a,Orationes,,"[Ulm : Johann Schäffler, about 1500?]",DE,lat,8°,liturgy,GW M2806420,GW M2806420,,ger,,,,"{""identifier"": ""GW M2806420"", ""source"": ""degw""}",,1,0,data/expanded/mei-corpus.json,2026-09-30T19:30:44.741058+00:00,https://data.cerl.org/mei/_search
02119676,02119676,https://data.cerl.org/mei/02119676,io00069500,io00069500,direct,WienONB,"Wien, Österreichische  Nationalbibliothek","Wien, ONB",AT,ZALT-INK,Ink 23.G.3,Orationes spirituales ex variis auctoribus collectae,,"[Venice? : Adam de Ambergau?, about 1475]",IT,lat,4°,liturgy,GW M28063,"H 12034 | IGI 7014 | Catalogo ... della collezione de' libri ... donata dal Conte Piero Guicciardini alla città di Firenze (Firenze, 1877) p. 209  | GW M28063",,eng,0,,,,,1,0,data/expanded/mei-corpus.json,2026-09-30T19:30:58.753513+00:00,https://data.cerl.org/mei/_search
02125438,02125438,https://data.cerl.org/mei/02125438,io00069500,io00069500,direct,EdinburghNLS,"Edinburgh, National Library of Scotland","Edinburgh, National Library of Scotland",GB,,Inc.244.3,Orationes spirituales ex variis auctoribus collectae,,"[Venice? : Adam de Ambergau?, about 1475]",IT,lat,4°,liturgy,GW M28063,"H 12034 | IGI 7014 | Catalogo ... della collezione de' libri ... donata dal Conte Piero Guicciardini alla città di Firenze (Firenze, 1877) p. 209  | GW M28063",Record created by Krisztina Rábai,eng,0,a,,,,2,0,data/expanded/mei-corpus.json,2026-09-30T19:30:58.753513+00:00,https://data.cerl.org/mei/_search
00200751,00200751,https://data.cerl.org/mei/00200751,io00072600,io00072600,direct,VeneziaFondCini,"Venezia, Fondazione Cini",Venezia Fond Cini,IT,Fondo Antico ,FOAN TES 682,Orazione di Gesù Cristo,,"[Venice : Matteo Capcasa (di Codeca), about 1494]",IT,ita,16°,liturgy,GW M0484310,De Marinis 40 (& Tav. XL) | IGI VI 7015-B | GW M0484310,,ita,,a,,"{""identifier"": "" M0484310 "", ""source"": ""degw""}",,4,0,data/expanded/mei-corpus.json,2026-09-30T19:31:00.748144+00:00,https://data.cerl.org/mei/_search
02015299,02015299,https://data.cerl.org/mei/02015299,ip00079700,ip00079700,direct,LondonBL,"London, British Library","London, British Library",GB,,IA.37709,Paradisus animae (Horae),,"Basel : Jacobus Wolff, de Pforzheim, 13 Apr. 1498",CH,lat,16°,Liturgy,GW 12951,HR 12028 = H 11993 | Boh(1924) Off. 60 | BMC III 777 | BSB-Ink H-352 | GW 12951,Created by A. Panzanelli and A. Rais.,eng,1,l,,,"Manuscript head-lines. On 1a is a note 'loci capuc: Friburgi'; and on a fly-leaf at the end 'Sum Melchioris Messerschmidt zu Bassel Anno Domi(ni) 1564'. Old stamped leather, rebacked [added in ms]. Ms pastedowns. (BMC). ",4,0,data/expanded/mei-corpus.json,2026-09-30T19:31:04.737222+00:00,https://data.cerl.org/mei/_search
02101163,02101163,https://data.cerl.org/mei/02101163,ij00473900,ip01049460,bound_with,NLKB,"Den Haag, Koninklijke Bibliotheek - Nationale Bibliotheek van Nederland","Den Haag, Koninklijke Bibliotheek - Nationale Bibliotheek van Nederland",NL,,KW 150 F 5 [2],Meditationes de vita et passione Christi,Jordanus de Quedlinburg,"Antwerp : Gerard Leeu, 25 July 1487",BE,lat,16°,literature-devotional,GW M15099,C 3374 | Camp 1047 | ILC 1365 | Inv Ant 135 | IDL 2740 | Oates 3891 | GW M15099,"The illustrations on the CD-ROM 'Illustrated ISTC' are derived from this signature. The following pages are displayed: 1 recto = a1 recto = title, woodcut; 2 recto = a2 recto = start of text; 9 recto = b1 recto = first page of second quire; 112 recto = o8 recto = colophon | Record created by Philip Muijtjens",eng,1,c,Pencil notes from the KB on front end leaves: shelfmark and bibliographical references.,"{""identifier"": ""251129551"", ""source"": ""nldenhaag""}",,4,1,data/expanded/mei-corpus.json,2026-09-30T19:31:06.911714+00:00,https://data.cerl.org/mei/_search
02100762,02100762,https://data.cerl.org/mei/02100762,ip01049460,ip01049460,direct,NLKB,"Den Haag, Koninklijke Bibliotheek - Nationale Bibliotheek van Nederland","Den Haag, Koninklijke Bibliotheek - Nationale Bibliotheek van Nederland",NL,,KW 150 F 5 [1],Psalterium B.M.V.,,"[Zwolle : Peter van Os, between 30 Apr. 1491 and 7 Sept. 1492]",NL,lat,16°,liturgy,GW M38907,HC 13533 | Camp 1461 | ILC 1843 | ZD 72 | IDL 3836 | GW M38907,"The illustrations on the CD-ROM 'Illustrated ISTC' are derived from this signature. The following pages are displayed: 1 recto = [a]1 recto = title, woodcut; 2 recto = [a]2 recto = prelim: prologus; 5 recto = [a]5 recto = start of text; 9 recto = b1 recto = first page of second quire; 53 verso = g5 verso = end of text; 54 verso = g6 verso = woodcut  | Record created by Philip Muijtjens",eng,1,c,"Pencil notes from the KB on front end leaves: shelfmark and bibliographical references.
","{""identifier"": ""326093265"", ""source"": ""nldenhaag""}",,4,1,data/expanded/mei-corpus.json,2026-09-30T19:31:06.911714+00:00,https://data.cerl.org/mei/_search
02174475,02174475,https://data.cerl.org/mei/02174475,is00525000,ir00318590,bound_with,CastrorealeMuseo,Castroreale Fondo Museo Civico,Castroreale Museo,IT,,u MC 3(int.2),De baptismo Sancti Spiritus et eius virtute,Simon Dalmata,"Venice : Guilielmus Gallus, 14 Oct. 1477",IT,lat,4°,theology-pastoral,GW M42220,Goff S525 | HCR 5911 | GfT 2428 | TFS 1902z | Pell 4091 | CIBN S-275 | Hillard 1854 | IBE 5261 | IGI 9000 | Sajó-Soltész 3095 | Voull(B) 3830 | Madsen 1324 | Bod-inc S-211 | Sheppard 3583 | Pr 4452 | BMC V 261 | GW M42220,,eng,,,,,,0,2,data/expanded/mei-corpus.json,2026-09-30T19:31:12.758138+00:00,https://data.cerl.org/mei/_search
02174474,02174474,https://data.cerl.org/mei/02174474,it00288000,ir00318590,bound_with,CastrorealeMuseo,Castroreale Fondo Museo Civico,Castroreale Museo,IT,,u MC 3(int.4),De ente et essentia. Ed: Ludovicus Regius,Thomas Aquinas,"Venice : Johannes Lucilius Santritter and Hieronymus de Sanctis, for Franciscus Bolanus, 'xix kalendas Martii' 1488",IT,lat,4°,Philosophy,GW M46142,Goff T288 | HC 1502* | Essling 447 | Sander 7284 | Mich 177 | Pell 1085 | CIBN T-199 | IGI 9541 | IBE 5592 | CCIR T-56 | Madsen 3898 | Schlechter-Ries 1720 | Günt(L) 3675 | Sack(Freiburg) 3403 | Pr 5182 | BMC V 462 | BSB-Ink T-309 | GW M46142,,eng,,,,,,0,2,data/expanded/mei-corpus.json,2026-09-30T19:31:12.758138+00:00,https://data.cerl.org/mei/_search
02174458,02174458,https://data.cerl.org/mei/02174458,ir00318590,ir00318590,direct,CastrorealeMuseo,Castroreale Fondo Museo Civico,Castroreale Museo,IT,,u MC 3(int.3),Rosario odore della vita,,"[Naples : Mathias Moravus, about 1480]",IT,ita,4°,,GW M3893050,GW M3893050,,ita,,,,,,0,3,data/expanded/mei-corpus.json,2026-09-30T19:31:12.758138+00:00,https://data.cerl.org/mei/_search
02101150,02101150,https://data.cerl.org/mei/02101150,ir00318850,ir00318850,direct,NLKB,"Den Haag, Koninklijke Bibliotheek - Nationale Bibliotheek van Nederland","Den Haag, Koninklijke Bibliotheek - Nationale Bibliotheek van Nederland",NL,,KW 150 F 9,Rosarium Beatae Virginis Mariae,,"Antwerp : [Gerard Leeu], [before 25 July] 1487",BE,lat,16°,literature-devotional,GW M38886,C 5165 | Camp 1481 | ILC 1889 | Inv Ant 149 | IDL 3964 | GW M38886,"The illustrations on the CD-ROM 'Illustrated ISTC' are derived from this signature. The following pages are displayed: 1 recto = a1 recto = title, woodcut; 1 verso = a1 verso = start of text; 9 recto = b1 recto = woodcut, first page of second quire; 40 verso = e8 verso = end of text, colophon | Record created by Philip Muijtjens",eng,1,b | l,Pencil notes from the KB on front endleaves: shelfmark and bibliographical references.,"{""identifier"": ""260408107"", ""source"": ""nldenhaag""}",F. 32 is missing.,4,0,data/expanded/mei-corpus.json,2026-09-30T19:31:18.807016+00:00,https://data.cerl.org/mei/_search
02101636,02101636,https://data.cerl.org/mei/02101636,ir00359000,ir00359000,direct,NLKB,"Den Haag, Koninklijke Bibliotheek - Nationale Bibliotheek van Nederland","Den Haag, Koninklijke Bibliotheek - Nationale Bibliotheek van Nederland",NL,,KW 233 F 51,"Apologeticus, sive tractatus responsorius de Psalterio Beatae Virginis Mariae","Rupe, Alanus de","[Lübeck : Printer of Fliscus (Lucas Brandis?), about 1480]",DE,lat,8°,theology-pastoral,GW M3918420,Goff R359 = R360 | IDL 3973 | Harper Cat 4 (1956) 77 | Borm 2370 | Kind(Göttingen) 2475 | BSB-Ink A-99 | GW M3918420,,dut,,,tegen schutbl. gedrukte titel uit veilingcat.: nr. 2493 a/d achterzijde: nr. 2488= CA 397. ,"{""identifier"": 326093915, ""source"": ""nldenhaag""}","the LCH copy, acquired in 1966",2,0,data/expanded/mei-corpus.json,2026-09-30T19:31:48.726722+00:00,https://data.cerl.org/mei/_search
02139272,02139272,https://data.cerl.org/mei/02139272,ir00360500,ir00360500,direct,TheHagueMMW,"Den Haag, Huis van het Boek ","Den Haag, Huis van het Boek ",NL,,001 E 068: 02,Compendium psalterii Trinitatis [Dutch] Van die nutticheyt ende edelheit des Vrouwen Souter,"Rupe, Alanus de","[Utrecht : Printer with the Monogram, after 30 Mar. 1480]",NL,dut,4°,Literature-devotional,GW M39208,C 5188 | Camp 449 | ILC 1896 | IDL 3974 | GW M39208,,dut,,,,"{""identifier"": ""II 222"", ""source"": ""nldkp""}",,2,0,data/expanded/mei-corpus.json,2026-09-23T13:33:52.523522+00:00,https://data.cerl.org/mei/_search
02101635,02101635,https://data.cerl.org/mei/02101635,ir00360500,ir00360500,direct,NLKB,"Den Haag, Koninklijke Bibliotheek - Nationale Bibliotheek van Nederland","Den Haag, Koninklijke Bibliotheek - Nationale Bibliotheek van Nederland",NL,,KW 168 G 42,Compendium psalterii Trinitatis [Dutch] Van die nutticheyt ende edelheit des Vrouwen Souter,"Rupe, Alanus de","[Utrecht : Printer with the Monogram, after 30 Mar. 1480]",NL,dut,4°,Literature-devotional,GW M39208,C 5188 | Camp 449 | ILC 1896 | IDL 3974 | GW M39208,"The illustrations on the CD-ROM 'Illustrated ISTC' are derived from this signature. The following pages are displayed: 1 recto = [a]1 recto = prelim: prologus; 2 verso = [a]2 verso = start of text; 9 recto = [b]1 recto = first page of second quire; 20 verso = [c]4 verso = end of text, start of endmatter; 32 verso = [d]8 verso = end of endmatter. | Record created by Ruben Celani",eng,1,a,Pencil notes from the KB on the front pastedown and on [a1 r]: shelfmark and bibliographic reference. Manuscript foliation from the KB.,"{""identifier"": 326093966, ""source"": ""nldenhaag""}",,4,0,data/expanded/mei-corpus.json,2026-09-23T13:33:52.523522+00:00,https://data.cerl.org/mei/_search
02145459,02145459,https://data.cerl.org/mei/02145459,ig00404000,ir00361000,bound_with,CambridgeUL,"Cambridge, University Library",Cambridge UL,GB,,Inc.4.A.4.15[573],Dialogorum libri quattuor,"Gregorius I, Pont. Max","[Cologne] : Bartholomaeus de Unkel, [not after 1482]",DE,lat,4°,theology-pastoral,GW 11398,"Goff G404 | HC 7962* | Voull(K) 506 | Pell 5350 | IDL 2081 | SI 1727 | Coll(U) 630 | Voull(B) 855,5 | Voull(Trier) 529 | Zedler(Nassau) 311 | Ohly-Sack 1269 | Sack(Freiburg) 1614 | Borm 1181 | Finger 463 | Kind(Göttingen) 2153 | Oates 638 | Bod-inc G-196 | Sheppard 874 | Pr 1148 | BMC I 243 | BSB-Ink G-296 | GW 11398",,eng,,,,,,2,2,data/expanded/mei-corpus.json,2026-09-30T19:31:51.285911+00:00,https://data.cerl.org/mei/_search
00560243,00560243,https://data.cerl.org/mei/00560243,ig00439000,ir00361000,bound_with,CambridgeUL,"Cambridge, University Library",Cambridge UL,GB,Inc.2-7,Inc.4.A.4.15[573],"Pastorale, sive Regula pastoralis","Gregorius I, Pont. Max","[Cologne : Conrad Winters, de Homborch], 1482",DE,lat,4°,theology-pastoral,GW 11444,"Goff G439 | HC 7985* | Voull(K) 510 | Pell 5389 | IBE 2721 | IDL 2104 | Martín Abad G-69 | Voull(B) 865,5 | Ohly-Sack 1292 | Oates 658 | Pr 1172 | BMC I 249 | BSB-Ink G-325 | GW 11444","Collation: a-k8, l6, m-n8, o6.  | With an initial blank leaf.  | ISTC, ig00439000  | Goff, G439  | Oates, 658  | BMC 15th Century, I 249  | BSB-Ink, G-325  | GW, 11444  | Item no. 1 in volume Inc.4.A.4.15[573]. Bound with Pope Gregory I Dialogorum libri quattuor Cologne: [not after 1482] and Alain de la Roche Psalterium Virginis Mariae, Gripsholm: 1498.  | Original item identifier in source database: 4998638",eng,,,,,,3,2,data/expanded/mei-corpus.json,2026-09-30T19:31:51.285911+00:00,https://data.cerl.org/mei/_search
02145460,02145460,https://data.cerl.org/mei/02145460,ir00361000,ir00361000,direct,CambridgeUL,"Cambridge, University Library",Cambridge UL,GB,,Inc.4.A.4.15[573],"Psalterium Virginis Mariae. Add: Apologeticus, sive tractatus responsorius de Psalterio B.M.V. Sermo in III Sententiarum, sive De XV laudibus B.M.V. Sermo super salutatione angelica. Epilogus psalterii. Compendium psalterii Trinitatis. De dignitate sive excellentiis sacerdotum. Scala religionis. Triginta excellentiae et praerogativae religionis","Rupe, Alanus de","[Gripsholm : Carthusian Monastery of Mariefred], 24 Mar. 1498",SE,lat,4°,Literature-devotional,GW M39205,"Goff R361 | HC(+Add) 14035  | GfT 1082 | TFS 1900tt | SI 3433 | Coll(SB) I p.160 | Pell Ms 10289 (10062) | CIBN R-231 | IGI 8479 | IBP 4820 | Coll(U) 26 | Coll(S) 12 | Madsen 3558, 3559 | Ernst(Hildesheim) I,I 347, 348 | Voull(B) 1166,10 | Borm 2371 | Kind(Göttingen) 2476 | Hunt 5285 | Oates 4221 | Pr 9831 | GW M39205",,eng,,,,,,2,2,data/expanded/mei-corpus.json,2026-09-30T19:31:51.285911+00:00,https://data.cerl.org/mei/_search
02147105,02147105,https://data.cerl.org/mei/02147105,ir00361000,ir00361000,direct,ZamoscKap,"Zamość, Cathedral Library ",Zamość Kap,PL,,1825,"Psalterium Virginis Mariae. Add: Apologeticus, sive tractatus responsorius de Psalterio B.M.V. Sermo in III Sententiarum, sive De XV laudibus B.M.V. Sermo super salutatione angelica. Epilogus psalterii. Compendium psalterii Trinitatis. De dignitate sive excellentiis sacerdotum. Scala religionis. Triginta excellentiae et praerogativae religionis","Rupe, Alanus de","[Gripsholm : Carthusian Monastery of Mariefred], 24 Mar. 1498",SE,lat,4°,Literature-devotional,GW M39205,"Goff R361 | HC(+Add) 14035  | GfT 1082 | TFS 1900tt | SI 3433 | Coll(SB) I p.160 | Pell Ms 10289 (10062) | CIBN R-231 | IGI 8479 | IBP 4820 | Coll(U) 26 | Coll(S) 12 | Madsen 3558, 3559 | Ernst(Hildesheim) I,I 347, 348 | Voull(B) 1166,10 | Borm 2371 | Kind(Göttingen) 2476 | Hunt 5285 | Oates 4221 | Pr 9831 | GW M39205",Created by Agnieszka Franczyk-Cegła  as part of the scholarship of the Polish Minister of Culture and National Heritage.,eng,1,,,,,2,0,data/expanded/mei-corpus.json,2026-09-30T19:31:51.285911+00:00,https://data.cerl.org/mei/_search
00561813,00561813,https://data.cerl.org/mei/00561813,ir00361900,ir00361900,direct,CambridgeUL,"Cambridge, University Library",Cambridge UL,GB,Inc.2-7,Inc.5.A.6.5[809],Psalterium Virginis Mariae [German] Unser lieben Frauen Psalter,"Rupe, Alanus de","Augsburg : Anton Sorg, 1490",DE,ger,4°,Literature-devotional,GW M39192,"H 14038 | Schr 5163 | Boh(LB) 998 | Voull(B) 150 | Hubay(Augsburg) 1819 | Sack(Freiburg) 3113 | Oates 930, 931 | GW M39192",Original item identifier in source database: 5131025,eng,,,,,,7,0,data/expanded/mei-corpus.json,2026-09-30T19:31:56.743485+00:00,https://data.cerl.org/mei/_search
00561814,00561814,https://data.cerl.org/mei/00561814,ir00361900,ir00361900,direct,CambridgeUL,"Cambridge, University Library",Cambridge UL,GB,Inc.2-7,Inc.5.A.6.5[810],Psalterium Virginis Mariae [German] Unser lieben Frauen Psalter,"Rupe, Alanus de","Augsburg : Anton Sorg, 1490",DE,ger,4°,Literature-devotional,GW M39192,"H 14038 | Schr 5163 | Boh(LB) 998 | Voull(B) 150 | Hubay(Augsburg) 1819 | Sack(Freiburg) 3113 | Oates 930, 931 | GW M39192",Original item identifier in source database: 5131314,eng,,,,,,1,0,data/expanded/mei-corpus.json,2026-09-30T19:31:56.743485+00:00,https://data.cerl.org/mei/_search
02107275,02107275,https://data.cerl.org/mei/02107275,ir00362900,ir00362900,direct,WienONB,"Wien, Österreichische  Nationalbibliothek","Wien, ONB",AT,,Ink 14.G.18,Psalterium Virginis Mariae [German] Unser Lieben Frauen Psalter,"Rupe, Alanus de","Ulm : Conrad Dinckmut, 1492",DE,ger,4°,Literature-devotional,GW M39200,"H 14041* | Schr 5165 | Amelung, Frühdruck I p. 242 | BSB-Ink P-817 | GW M39200","Früher zweiter Teil eines Sammelbandes, erster Teil herausgerissen.  | Bl.N1b Eintrag ""Daß bet ist guet mit fasten unnd allmußen geben"" (Kurrent, 18. Jh).  | Gotischer Halblederband: braunes Leder über Holz, Hälfte der Holzdeckel blank, Blinddruck (sehr abgerieben): Jagdrolle (Jäger mit Tieren, Gitter). Reste von 2 Schließen. - Mazal: Süddeutschland, Umkreis Memmingen, ähnlich Kyriss 110, Werkstatt ""Wappen rund"" - im Vergleich mit EBDB w000143 (r000488) jedoch nicht eindeutig. - 195x130mm.  | Innendeckel und Bl.V1a zwei datierte Besitzeinträge: ""Dass Buch gehörtt in das wirdig Gotzhause und dene Andechtige Schwesteren in dem Thalbach bey Bregentz gelegen - 1477(sic)"" und 1727. Im 1436 gegründeten Franziskanerinnen-Kloster Thalbach bei Bregenz war seit Ende des 16. Jhs die Marienstatue „Sedes Sapientiae“ Wallfahrtsziel.  | Wohl nach Aufhebung des Frauenklosters 1782 an die Hofbibliothek gelangt.  | Mazal, Otto: Österreichische Nationalbibliothek, Inkunabelkatalog (ÖNB-Ink). Wiesbaden 2004, Bd. 1, S.41. - Einbanddatenbank EBDB. Verbundprojekt zur Erschließung von Einbanddurchreibungen von Bucheinbänden des 15. und 16. Jahrhunderts. http://www.hist-einband.de/?ws=w000143.  | 86 Bl. 24 Z.",eng,,,,,,1,0,data/expanded/mei-corpus.json,2026-09-30T19:32:00.898819+00:00,https://data.cerl.org/mei/_search
02107276,02107276,https://data.cerl.org/mei/02107276,ir00363100,ir00363100,direct,WienONB,"Wien, Österreichische  Nationalbibliothek","Wien, ONB",AT,,Ink 7.H.107,Psalterium Virginis Mariae [German] Unser lieben Frauen Psalter,"Rupe, Alanus de","Augsburg : Lucas Zeissenmair, 29 July 1495",DE,ger,4°,Literature-devotional,GW M39194,HC 14043* | Schr 5167 | Zehnacker 33 | Hubay(Augsburg) 1820 | Günt(L) 193 | Pr 1930 | BMC II 400 | BSB-Ink P-819 | GW M39194,"Gotischer Einband: helles Schweinsleder über Holz, blinder Stempel- und Plattendruck. Augsburg, Werkstatt ""Stempelblüte frei III"", 1495-98 (EBDB w002089, Kyriss 91: Stempel Rosette an Zweig s012771, Rollen Rundbogenfries r000495 und Flechtwerk r000496). - Pergamentfälze, Spuren von 2 Schließen, Rückenschild. - 207x145mm.  | Im 17. Jh im Besitz des Johann Joachim Enzmüller (Enzmilner, 1600-1678), Graf von Windhag (Oberösterreich): Besitzeintrag ""Ex Bibliotheca Windhagiana"" (Bl.1a) und Wappen-Exlibris, datiert 1661 (Bl.1b).  | 1784 (1786?) mit Handschriften und Inkunabeln der Windhagiana an die Hofbibliothek gelangt.  | Mazal, Otto: Österreichische Nationalbibliothek, Inkunabelkatalog (ÖNB-Ink), Wiesbaden 2004. Bd. 1, S.41-42 (Einbandwerkstatt Augsburg, ""Rosettenpalmette""). - Einbanddatenbank EBDB. Verbundprojekt zur Erschließung von Einbanddurchreibungen von Bucheinbänden des 15. und 16. Jahrhunderts. http://www.hist-einband.de/?ws=w002089.  | 70 Bl. 27 Z.",eng,,,,,,1,0,data/expanded/mei-corpus.json,2026-09-30T19:32:05.053835+00:00,https://data.cerl.org/mei/_search
02178427,02178427,https://data.cerl.org/mei/02178427,ic00208000,is00362000,bound_with,NueGN,"Nürnberg, Germanisches Nationalmuseum, Bibliothek",NuernbergGNM,DE,Sammlung Neufforge,Slg: N 16,"Bulla aurea [German] Die guldin Bull. Add: Fridericus III, Reformation und Ordnung vom 14 August 1442",Carolus IV,"[Nuremberg : Friedrich Creussner, about 1474]",DE,ger,f°,Law-civil,GW M16093,Goff C208 | HC 4077* | Pell 3319 | CIBN C-249 | Voull(B) 1831 | Hubay(Augsburg) 1273 | Rhodes(Oxford Colleges) 512 | BSB-Ink K-18 | GW M16093,"Record created by Clara Lilli Schorcht | Bound together with Hellwig 840 and Hellwig 444.
For provenance information, see GNM MEI record of ISTC is00362000.",eng,1,,,,,0,2,data/expanded/mei-corpus.json,2026-09-30T19:32:08.875138+00:00,https://data.cerl.org/mei/_search
02178426,02178426,https://data.cerl.org/mei/02178426,ig00509500,is00362000,bound_with,NueGN,"Nürnberg, Germanisches Nationalmuseum, Bibliothek",NuernbergGNM,DE,Sammlung Neufforge,Slg: N 16,Doctrinale für die Laien [German] Doctrinal für die Leyen,"Gross, Erhart","[Strassburg : C.W., about 1473-74]",FR,ger,f°,Theology-pastoral,GW 11562,H 8083 | Voull(B) 2191 | Hellwig 444 | BSB-Ink G-376 | GW 11562,"Record created by Clara Lilli Schorcht | Bound together with Hellwig 840 and Hellwig 581. 
For provenance, see GNM MEI record of ISTC is00362000",eng,1,,,,,0,2,data/expanded/mei-corpus.json,2026-09-30T19:32:08.875138+00:00,https://data.cerl.org/mei/_search
02117615,02117615,https://data.cerl.org/mei/02117615,is00362000,is00362000,direct,WienONB,"Wien, Österreichische  Nationalbibliothek","Wien, ONB",AT,ZALT-INK,Ink 6.F.5,"Seelen-Wurzgarten Part I only, with title: Bewährung, dass die Juden irren",,"Nuremberg : Friedrich Creussner, 1473",DE,ger,f°,literature-devotional,GW M41175,Goff S362 | H 3023* | C 1591 | GfT 1125 | Pell 2262 | CIBN S-181 | Voull(B) 1796 | Hellwig 840 | Hubay(Augsburg) 1875 | Walsh 765 | Pr 2127 | BMC II 446 | BSB-Ink B-406 | GW M41175,,eng,0,,,,,1,0,data/expanded/mei-corpus.json,2026-09-30T19:32:08.875138+00:00,https://data.cerl.org/mei/_search
02125583,02125583,https://data.cerl.org/mei/02125583,is00362000,is00362000,direct,HarvardHoughton,"Cambridge MA, Harvard University, Houghton Library","Cambridge MA, Harvard University, Houghton Library",US,,Inc 2127,"Seelen-Wurzgarten Part I only, with title: Bewährung, dass die Juden irren",,"Nuremberg : Friedrich Creussner, 1473",DE,ger,f°,literature-devotional,GW M41175,Goff S362 | H 3023* | C 1591 | GfT 1125 | Pell 2262 | CIBN S-181 | Voull(B) 1796 | Hellwig 840 | Hubay(Augsburg) 1875 | Walsh 765 | Pr 2127 | BMC II 446 | BSB-Ink B-406 | GW M41175,Record created by John Lancaster.,eng,1,a,,,,5,0,data/expanded/mei-corpus.json,2026-09-30T19:32:08.875138+00:00,https://data.cerl.org/mei/_search
02178425,02178425,https://data.cerl.org/mei/02178425,is00362000,is00362000,direct,NueGN,"Nürnberg, Germanisches Nationalmuseum, Bibliothek",NuernbergGNM,DE,Sammlung Neufforge,Slg: N 16,"Seelen-Wurzgarten Part I only, with title: Bewährung, dass die Juden irren",,"Nuremberg : Friedrich Creussner, 1473",DE,ger,f°,literature-devotional,GW M41175,Goff S362 | H 3023* | C 1591 | GfT 1125 | Pell 2262 | CIBN S-181 | Voull(B) 1796 | Hellwig 840 | Hubay(Augsburg) 1875 | Walsh 765 | Pr 2127 | BMC II 446 | BSB-Ink B-406 | GW M41175,"Record created by Clara Lilli Schorcht | Hellwig 840, Hellwig 444 and Hellwig 581 bound together in one binding.
All information in this MEI record",eng,1,a | d,,,,5,2,data/expanded/mei-corpus.json,2026-09-30T19:32:08.875138+00:00,https://data.cerl.org/mei/_search
02174834,02174834,https://data.cerl.org/mei/02174834,in00225000,is00363000,bound_with,PragueStrahov,"Praha, Strahovský klášter","Praha, Strahovský klášter",CZ,,DQ IV 19/1,Die vierundzwanzig goldenen Harfen,"Nider, Johannes","Strassburg : Martin Schott, 3 Aug. 1493",FR,ger,f°,literature-devotional?,GW M26863,"Goff N225 | HC(Add) 11854* | Schr 4854 | Schramm XIX p. 16 | Pell 3342 | CIBN N-141 | Zehnacker 641 | SI 2816 | Coll(S) 1334 | Šimáková-Vrchotka 1396 | Ohly-Sack 2126 | Sack(Freiburg) 2575, 2576 | Borm 1946 | Schüling 627 | Voull(B) 2237 | Günt(L) 2975 | Kind(Göttingen) 2390 | BSB-Ink N-182 | GW M26863",Record created by Constanța Burlacu,eng,0,b,"Three leaves are missing, namely fol. a1-2 (title with woodcut on the reverse and beginning of the preface) and the final, ninth leaf of section q (index).","{""identifier"": ""(M) 26863"", ""source"": ""degw""} | {""identifier"": ""N 182"", ""source"": ""debsb""}",[105] ff.: a10 b - n6 o8 p6 q8+1; 2° ,3,2,data/expanded/mei-corpus.json,2026-09-30T19:32:10.837523+00:00,https://data.cerl.org/mei/_search
02174837,02174837,https://data.cerl.org/mei/02174837,ir00046000,is00363000,bound_with,PragueStrahov,"Praha, Strahovský klášter","Praha, Strahovský klášter",CZ,,DQ IV 19/3,Regimen sanitatis [German] Die Ordnung der Gesundheit,,"Nuremberg : Friedrich Creussner, [about 1472]",DE,ger,f°,medicine-practical,GW M37286,Goff R46 | HC 13735 | Klebs 828.2 | Osler(IM) 17 | CIBN R-31 | IGI 8307 | Madsen 3465 | Bod-inc R-021 | Sheppard 1558 | Pr 2172 | BMC II 447 | GW M37286,Record created by Constanța Burlacu,eng,0,a,"One leaf missing, namely the unprinted fol. a1.","{""identifier"": ""(M) 37286"", ""source"": ""degw""} | {""identifier"": ""8307"", ""source"": ""itigi""} | {""identifier"": ""2, 447"", ""source"": ""bmc""}",[32] ff. [a10 b - c8 d6] ; 2°,3,2,data/expanded/mei-corpus.json,2026-09-30T19:32:10.837523+00:00,https://data.cerl.org/mei/_search
02119147,02119147,https://data.cerl.org/mei/02119147,is00363000,is00363000,direct,WienONB,"Wien, Österreichische  Nationalbibliothek","Wien, ONB",AT,ZALT-INK,Ink 6.F.8,"Seelen-Wurzgarten Part I only, with title: Bewährung, dass die Juden irren",,"Nuremberg : Friedrich Creussner, 1474",DE,ger,f°,literature-devotional,GW M41177,Goff S363 | HR(Suppl) 3024  | IBP 4964 | Madsen 3659 | Hubay(Augsburg) 1876 | Hunt 1283 | GW M41177,,eng,0,,,,,1,0,data/expanded/mei-corpus.json,2026-09-30T19:32:10.837523+00:00,https://data.cerl.org/mei/_search
02174836,02174836,https://data.cerl.org/mei/02174836,is00363000,is00363000,direct,PragueStrahov,"Praha, Strahovský klášter","Praha, Strahovský klášter",CZ,,DQ IV 19/2,"Seelen-Wurzgarten Part I only, with title: Bewährung, dass die Juden irren",,"Nuremberg : Friedrich Creussner, 1474",DE,ger,f°,literature-devotional,GW M41177,Goff S363 | HR(Suppl) 3024  | IBP 4964 | Madsen 3659 | Hubay(Augsburg) 1876 | Hunt 1283 | GW M41177,Record created by Constanța Burlacu,eng,0,b,"Two leaves missing, namely the unprinted fol. a1 and f6. ","{""identifier"": ""(M) 41177"", ""source"": ""degw""}",[48] ff.: [a10 b - e8 f6] ; 2°,3,2,data/expanded/mei-corpus.json,2026-09-30T19:32:10.837523+00:00,https://data.cerl.org/mei/_search
02174835,02174835,https://data.cerl.org/mei/02174835,is00363000,is00363000,direct,PragueStrahov,"Praha, Strahovský klášter","Praha, Strahovský klášter",CZ,,DQ IV 19/2,"Seelen-Wurzgarten Part I only, with title: Bewährung, dass die Juden irren",,"Nuremberg : Friedrich Creussner, 1474",DE,ger,f°,literature-devotional,GW M41177,Goff S363 | HR(Suppl) 3024  | IBP 4964 | Madsen 3659 | Hubay(Augsburg) 1876 | Hunt 1283 | GW M41177,Record created by Constanța Burlacu,eng,0,b,"Two leaves missing, namely the unprinted fol. a1 and f6. ","{""identifier"": ""(M) 41177"", ""source"": ""degw""}",[48] ff.: [a10 b - e8 f6] ; 2°,3,1,data/expanded/mei-corpus.json,2026-09-30T19:32:10.837523+00:00,https://data.cerl.org/mei/_search
02178424,02178424,https://data.cerl.org/mei/02178424,is00364000,is00364000,direct,NueGN,"Nürnberg, Germanisches Nationalmuseum, Bibliothek",NuernbergGNM,DE,,Inc. 4° 5834,Seelen-Wurzgarten,,"Ulm : Conrad Dinckmut, 26 July 1483",DE,ger,f°,literature-devotional,GW M41167,"Goff S364 | C 5345 | GfT 746 | Schr 5229 | Schramm VI p. 5 & 18 | Amelung, Frühdruck I 97 | SI 3526 | Madsen 3660 | Hubay(Augsburg) 1877 | Schäfer 312 | Bod-inc S-128 | Sheppard 1843 | Pr 2561 = 1767 | BMC II 533 | BSB-Ink S-241 | GW M41167",Record created by Clara Lilli Schorcht,eng,1,b,,,"Folios 7, 35 and 152 are missing. At the end of the text on folio 153 recto, a fragment from folio 152 (?) has been pasted in. Folio 5 has been partially restored along the right-hand margin. Some leaves are damaged by tears. The woodcut on folio dd8 (depicting the child and the body of the woman in labour) has been partially obscured. The binding contains a fragment of a parchment manuscript.",5,0,data/expanded/mei-corpus.json,2026-09-30T19:32:15.040365+00:00,https://data.cerl.org/mei/_search
02119146,02119146,https://data.cerl.org/mei/02119146,is00365000,is00365000,direct,WienONB,"Wien, Österreichische  Nationalbibliothek","Wien, ONB",AT,ZALT-INK,Ink 23.E.28,Seelen-Wurzgarten,,"Ulm : Conrad Dinckmut, 4 Oct. 1483",DE,ger,f°,literature-devotional,GW M41170,Goff S365 | HC 14584* | Schr 5230 | Schlechter-Ries 1633 | Schramm VI p. 5 & 18 | Pr 2562 | BMC II 533 | BSB-Ink S-242 | GW M41170,,eng,0,,,,,1,0,data/expanded/mei-corpus.json,2026-09-30T19:32:17.007213+00:00,https://data.cerl.org/mei/_search
02133601,02133601,https://data.cerl.org/mei/02133601,is00365000,is00365000,direct,SolothurnZB,"Solothurn, Zentralbibliothek ","Solothurn, Zentralbibliothek ",CH,,ZBS Rar 196,Seelen-Wurzgarten,,"Ulm : Conrad Dinckmut, 4 Oct. 1483",DE,ger,f°,literature-devotional,GW M41170,Goff S365 | HC 14584* | Schr 5230 | Schlechter-Ries 1633 | Schramm VI p. 5 & 18 | Pr 2562 | BMC II 533 | BSB-Ink S-242 | GW M41170,"Vorlageform des Erscheinungsvermerks im Kolophon: ""Gedrucket und seliglichen vollendet dises buoch von Conrado dinckmuoth zuo Ulm am nechsten samstag nach sant Michels tag. Anno domini. M.cccc.lxxx. iar &c."" | Signaturen: []⁴, A-V⁸, X¹° | Holzschnitt-Illustrationen, cf. Schramm VI, Nr. 89-108 | Created by Mara Meier.",ger,1,b,"Erste Blätter inkl. Titelblatt fehlen, Titel nach BSB-Ink; Bl. [102] und [188] sind handschriftlich ergänzt ",,,2,0,data/expanded/mei-corpus.json,2026-09-30T19:32:17.007213+00:00,https://data.cerl.org/mei/_search
02119145,02119145,https://data.cerl.org/mei/02119145,is00366000,is00366000,direct,WienONB,"Wien, Österreichische  Nationalbibliothek","Wien, ONB",AT,ZALT-INK,Ink 13.F.17,Seelen-Wurzgarten,,"Augsburg : Johann Schönsperger, 28 Aug. 1484",DE,ger,f°,literature-devotional,GW M41162,Goff S366 | HC 14585* | Schr 5231 | Voull(B) 209 | Sack(Freiburg) 3198 | Hunt 1077 | BSB-Ink S-243 | GW M41162,,eng,0,,,,,1,0,data/expanded/mei-corpus.json,2026-09-30T19:32:18.758051+00:00,https://data.cerl.org/mei/_search
00570483,00570483,https://data.cerl.org/mei/00570483,is00366200,is00366200,direct,ZurichZB,"Zürich, Zentralbibliothek",Zürich ZB,CH,ZB Alte Drucke,2.109,Seelen-Wurzgarten,,"Augsburg : Johann Schönsperger, 21 July 1488",DE,ger,f°,literature-devotional,GW M41163,H 14586* | Schr 5232 | IBP 4965 | Madsen 3661 | Schlechter-Ries 1634 | Pr 1768 | BMC II 366 | BSB-Ink S-244 | GW M41163,"Bl. 80 und 114 beschädigt mit Textverlust, Bl. 144 (leer) fehlt",ger,,,,,,3,0,data/expanded/mei-corpus.json,2026-09-30T19:32:20.735194+00:00,https://data.cerl.org/mei/_search
02137129,02137129,https://data.cerl.org/mei/02137129,is00366250,is00366250,direct,TubingenUB,"Tübingen, Universitätsbibliothek","Tübingen, Universitätsbibliothek",DE,,in: Gb 473.2,Seelen-Wurzgarten,,"Ulm : Conrad Dinckmut, 18 Dec. 1488",DE,ger,f°,literature-devotional,GW M41173,C 5346 | GfT 532 | Schr 5233 | Voull(B) 2652 | Überlingen 245 | Pr 2571 | BMC II 536 | BSB-Ink S-244.050 | GW M41173,,ger,,,"Vorhanden: zwei Bll. der Lage h, die als Einbandmakulatur bei der Ink. Tübingen Nr. 1798 (Brinkhus/Dubowik-Baradoy) verwendet wurden: Bll. 58b, 63a, 59b und 62a auf die Spiegel des Einbandes aus der Werkstatt von Konrad Dinckmut aufgeklebt. Siehe auch Ink. Tübingen Nr. 1881 (Brinkhus/Dubowik-Baradoy).","{""identifier"": ""GW M41173"", ""source"": ""degw""}",,1,0,data/expanded/mei-corpus.json,2026-09-30T19:32:22.761571+00:00,https://data.cerl.org/mei/_search
02137128,02137128,https://data.cerl.org/mei/02137128,is00366250,is00366250,direct,TubingenUB,"Tübingen, Universitätsbibliothek","Tübingen, Universitätsbibliothek",DE,,1 in: Gb 508.4,Seelen-Wurzgarten,,"Ulm : Conrad Dinckmut, 18 Dec. 1488",DE,ger,f°,literature-devotional,GW M41173,C 5346 | GfT 532 | Schr 5233 | Voull(B) 2652 | Überlingen 245 | Pr 2571 | BMC II 536 | BSB-Ink S-244.050 | GW M41173,,ger,,,"Fehlendes Titelbl. durch Kopie ersetzt, defekte Bll. 2, 8, 51, 96-98 von eingehefteten Kopien begleitet. - Holzschnitte und Init. koloriert. - Wenige hs. Anm. Siehe auch Fragment Ink. Tübingen Nr. 1882 (Brinkhus/Dubowik-Baradoy).","{""identifier"": ""GW M41173"", ""source"": ""degw""}",,4,0,data/expanded/mei-corpus.json,2026-09-30T19:32:22.761571+00:00,https://data.cerl.org/mei/_search
