station_id,mei_id,copy_id,requested_istc_id,host_istc_id,station_type,station_role,source_order,place_order_within_source,provenance_id,place_occurrence_id,location_label,place_name,preferred_placename,place_authority,place_authority_id,place_authority_url,latitude,longitude,country,institution_id,institution_name,shelfmark,time_start,time_end,centuries,observation_date,date_status,certainty,location_resolution_status,evidence_status,source_catalogue,source_record_id,source_url,source_snapshot,note,source_place_name,source_latitude,source_longitude,location_mapping_id,resolved_country_code,place_wikidata_id,institution_wikidata_id,location_resolution_method,location_resolution_note,resolution_source_url,source_location_label,review_id,spatial_precision,display_uncertainty,date_warning
00559195-print,00559195,00559195,ib00503000,ib00503000,print_place,first,0,1,,,Köln,Cologne,Cologne,GeoNames,2886242,https://www.geonames.org/2886242,50.93333,6.95,,,,Inc.7.A.4.1[343],1488,1488,,,gw_extracted_year_range,,coordinates_resolved,edition_level_print_statement,GW,04172,https://gesamtkatalogderwiegendrucke.de/docs/GW04172.htm,data/derived/prayer-book-corpus.csv,Printing statement shared by copies of the edition.,Köln,,,print_place-koeln,DE,,,reused_mei_geonames,,https://gesamtkatalogderwiegendrucke.de/docs/GW04172.htm,Köln,,locality,,
00559195-current,00559195,00559195,ib00503000,ib00503000,current_holding,last,2,1,,,"Cambridge, University Library",Cambridge,Cambridge,GeoNames,2653941,https://www.geonames.org/2653941,52.2,0.11667,GB,CambridgeUL,"Cambridge, University Library",Inc.7.A.4.1[343],,,,2026-09-23,current_observation_only,,coordinates_resolved,current_holding_statement,MEI,00559195,https://data.cerl.org/mei/00559195,data/expanded/mei-corpus.json,Observed as the current holding institution; no arrival date is inferred.,,,,current_holding-cambridgeul,GB,,Q1028334,cerl_holding_city_to_geonames,"The holding institution is mapped to its city-level GeoNames point, not to building coordinates.",https://data.cerl.org/holdinst/CambridgeUL,"Cambridge, University Library",,locality,,
02010644-print,02010644,02010644,ib00503000,ib00503000,print_place,first,0,1,,,Köln,Cologne,Cologne,GeoNames,2886242,https://www.geonames.org/2886242,50.93333,6.95,,,,[ZZ] 1488.4.01,1488,1488,,,gw_extracted_year_range,,coordinates_resolved,edition_level_print_statement,GW,04172,https://gesamtkatalogderwiegendrucke.de/docs/GW04172.htm,data/derived/prayer-book-corpus.csv,Printing statement shared by copies of the edition.,Köln,,,print_place-koeln,DE,,,reused_mei_geonames,,https://gesamtkatalogderwiegendrucke.de/docs/GW04172.htm,Köln,,locality,,
02010644-current,02010644,02010644,ib00503000,ib00503000,current_holding,last,8,1,,,"London, Lambeth Palace Library",London,London,GeoNames,2643743,https://www.geonames.org/2643743,51.50853,-0.12574,GB,LondonLambeth,"London, Lambeth Palace Library",[ZZ] 1488.4.01,,,,2026-09-23,current_observation_only,,coordinates_resolved,current_holding_statement,MEI,02010644,https://data.cerl.org/mei/02010644,data/expanded/mei-corpus.json,Observed as the current holding institution; no arrival date is inferred.,,,,current_holding-londonlambeth,GB,,Q30264838,cerl_holding_city_to_geonames,"The holding institution is mapped to its city-level GeoNames point, not to building coordinates.",https://data.cerl.org/holdinst/LondonLambeth,"London, Lambeth Palace Library",,locality,,
00559194-print,00559194,00559194,ib00503000,ib00503000,print_place,first,0,1,,,Köln,Cologne,Cologne,GeoNames,2886242,https://www.geonames.org/2886242,50.93333,6.95,,,,Inc.7.A.4.1[342],1488,1488,,,gw_extracted_year_range,,coordinates_resolved,edition_level_print_statement,GW,04172,https://gesamtkatalogderwiegendrucke.de/docs/GW04172.htm,data/derived/prayer-book-corpus.csv,Printing statement shared by copies of the edition.,Köln,,,print_place-koeln,DE,,,reused_mei_geonames,,https://gesamtkatalogderwiegendrucke.de/docs/GW04172.htm,Köln,,locality,,
00559194-current,00559194,00559194,ib00503000,ib00503000,current_holding,last,3,1,,,"Cambridge, University Library",Cambridge,Cambridge,GeoNames,2653941,https://www.geonames.org/2653941,52.2,0.11667,GB,CambridgeUL,"Cambridge, University Library",Inc.7.A.4.1[342],,,,2026-09-23,current_observation_only,,coordinates_resolved,current_holding_statement,MEI,00559194,https://data.cerl.org/mei/00559194,data/expanded/mei-corpus.json,Observed as the current holding institution; no arrival date is inferred.,,,,current_holding-cambridgeul,GB,,Q1028334,cerl_holding_city_to_geonames,"The holding institution is mapped to its city-level GeoNames point, not to building coordinates.",https://data.cerl.org/holdinst/CambridgeUL,"Cambridge, University Library",,locality,,
02115001-print,02115001,02115001,ib00505000,ib00505000,print_place,first,0,1,,,Nürnberg,Nuremberg,Nuremberg,GeoNames,2861650,https://www.geonames.org/2861650,49.45421,11.07752,,,,Ink 14.H.16,1489,1489,,,gw_extracted_year_range,,coordinates_resolved,edition_level_print_statement,GW,04174,https://gesamtkatalogderwiegendrucke.de/docs/GW04174.htm,data/derived/prayer-book-corpus.csv,Printing statement shared by copies of the edition.,Nürnberg,,,,DE,,,source_name_and_country_match,Locality-level point reused from source data; no building location or arrival date inferred.,https://www.geonames.org/2861650,Nürnberg,,locality,,
02115001-current,02115001,02115001,ib00505000,ib00505000,current_holding,last,2,1,,,"Wien, Österreichische  Nationalbibliothek",Vienna,Vienna,GeoNames,2761369,https://www.geonames.org/2761369,48.20849,16.37208,AT,WienONB,"Wien, Österreichische  Nationalbibliothek",Ink 14.H.16,,,,2026-09-30,current_observation_only,,coordinates_resolved,current_holding_statement,MEI,02115001,https://data.cerl.org/mei/02115001,data/expanded/mei-corpus.json,Observed as the current holding institution; no arrival date is inferred.,,,,,AT,,,source_name_and_country_match,Locality-level point reused from source data; no building location or arrival date inferred.,https://data.cerl.org/mei/02115001,"Wien, Österreichische  Nationalbibliothek",,locality,,
00559196-print,00559196,00559196,ib00506000,ib00506000,print_place,first,0,1,,,Basel,Basel,Basel,GeoNames,2661604,https://www.geonames.org/2661604,47.55839,7.57327,,,,Inc.5.C.1.5[2335],1490,1490,,,gw_extracted_year_range,,coordinates_resolved,edition_level_print_statement,GW,04175,https://gesamtkatalogderwiegendrucke.de/docs/GW04175.htm,data/derived/prayer-book-corpus.csv,Printing statement shared by copies of the edition.,Basel,,,print_place-basel,CH,,,reused_mei_geonames,,https://gesamtkatalogderwiegendrucke.de/docs/GW04168.htm | https://gesamtkatalogderwiegendrucke.de/docs/GW04175.htm,Basel,,locality,,
00559196-current,00559196,00559196,ib00506000,ib00506000,current_holding,last,2,1,,,"Cambridge, University Library",Cambridge,Cambridge,GeoNames,2653941,https://www.geonames.org/2653941,52.2,0.11667,GB,CambridgeUL,"Cambridge, University Library",Inc.5.C.1.5[2335],,,,2026-09-23,current_observation_only,,coordinates_resolved,current_holding_statement,MEI,00559196,https://data.cerl.org/mei/00559196,data/expanded/mei-corpus.json,Observed as the current holding institution; no arrival date is inferred.,,,,current_holding-cambridgeul,GB,,Q1028334,cerl_holding_city_to_geonames,"The holding institution is mapped to its city-level GeoNames point, not to building coordinates.",https://data.cerl.org/holdinst/CambridgeUL,"Cambridge, University Library",,locality,,
02135612-print,02135612,02135612,ib00506000,ib00506000,print_place,first,0,1,,,Basel,Basel,Basel,GeoNames,2661604,https://www.geonames.org/2661604,47.55839,7.57327,,,,3 in: Gb 607,1490,1490,,,gw_extracted_year_range,,coordinates_resolved,edition_level_print_statement,GW,04175,https://gesamtkatalogderwiegendrucke.de/docs/GW04175.htm,data/derived/prayer-book-corpus.csv,Printing statement shared by copies of the edition.,Basel,,,print_place-basel,CH,,,reused_mei_geonames,,https://gesamtkatalogderwiegendrucke.de/docs/GW04168.htm | https://gesamtkatalogderwiegendrucke.de/docs/GW04175.htm,Basel,,locality,,
02135612-p001-loc01,02135612,02135612,ib00506000,ib00506000,provenance_place,intermediate,1,1,02135612-p001,02135612-p001-loc01,Tübingen,Tübingen,Tübingen,GeoNames,2820860,https://www.geonames.org/2820860,48.52266,9.05222,,,,3 in: Gb 607,,,,,undated,,coordinates_resolved,copy_level_provenance_place,MEI,02135612-p001,https://data.cerl.org/mei/02135612,data/expanded/mei-corpus.json,,Tübingen,,,provenance_place-tuebingen,DE,Q3806,,verified_geonames_city,,https://data.cerl.org/mei/02135612,Tübingen,,locality,,
02135612-current,02135612,02135612,ib00506000,ib00506000,current_holding,last,2,1,,,"Tübingen, Universitätsbibliothek",Tübingen,Tübingen,GeoNames,2820860,https://www.geonames.org/2820860,48.52266,9.05222,DE,TubingenUB,"Tübingen, Universitätsbibliothek",3 in: Gb 607,,,,2026-09-23,current_observation_only,,coordinates_resolved,current_holding_statement,MEI,02135612,https://data.cerl.org/mei/02135612,data/expanded/mei-corpus.json,Observed as the current holding institution; no arrival date is inferred.,,,,current_holding-tubingenub,DE,Q3806,Q2496347,cerl_holding_city_to_geonames,"The holding institution is mapped to its city-level GeoNames point, not to building coordinates.",https://data.cerl.org/holdinst/TubingenUB,"Tübingen, Universitätsbibliothek",,locality,,
02138264-print,02138264,02138264,ib00506000,ib00506000,print_place,first,0,1,,,Basel,Basel,Basel,GeoNames,2661604,https://www.geonames.org/2661604,47.55839,7.57327,,,,001 F 033: 01,1490,1490,,,gw_extracted_year_range,,coordinates_resolved,edition_level_print_statement,GW,04175,https://gesamtkatalogderwiegendrucke.de/docs/GW04175.htm,data/derived/prayer-book-corpus.csv,Printing statement shared by copies of the edition.,Basel,,,print_place-basel,CH,,,reused_mei_geonames,,https://gesamtkatalogderwiegendrucke.de/docs/GW04168.htm | https://gesamtkatalogderwiegendrucke.de/docs/GW04175.htm,Basel,,locality,,
02138264-current,02138264,02138264,ib00506000,ib00506000,current_holding,last,4,1,,,"Den Haag, Huis van het Boek ",The Hague,The Hague,GeoNames,2747373,https://www.geonames.org/2747373,52.07667,4.29861,NL,TheHagueMMW,"Den Haag, Huis van het Boek ",001 F 033: 01,,,,2026-09-23,current_observation_only,,coordinates_resolved,current_holding_statement,MEI,02138264,https://data.cerl.org/mei/02138264,data/expanded/mei-corpus.json,Observed as the current holding institution; no arrival date is inferred.,,,,current_holding-thehaguemmw,NL,,,cerl_holding_city_to_geonames,"The holding institution is mapped to its city-level GeoNames point, not to building coordinates.",https://data.cerl.org/holdinst/TheHagueMMW,"Den Haag, Huis van het Boek ",,locality,,
00201811-print,00201811,00201811,ib00506000,ib00506000,print_place,first,0,1,,,Basel,Basel,Basel,GeoNames,2661604,https://www.geonames.org/2661604,47.55839,7.57327,,,,Inc. 979(1),1490,1490,,,gw_extracted_year_range,,coordinates_resolved,edition_level_print_statement,GW,04175,https://gesamtkatalogderwiegendrucke.de/docs/GW04175.htm,data/derived/prayer-book-corpus.csv,Printing statement shared by copies of the edition.,Basel,,,print_place-basel,CH,,,reused_mei_geonames,,https://gesamtkatalogderwiegendrucke.de/docs/GW04168.htm | https://gesamtkatalogderwiegendrucke.de/docs/GW04175.htm,Basel,,locality,,
00201811-current,00201811,00201811,ib00506000,ib00506000,current_holding,last,3,1,,,"Mantova, Biblioteca Comunale Teresiana",Mantova,Mantova,GeoNames,3174051,https://www.geonames.org/3174051,45.16031,10.79784,IT,MantovaC,"Mantova, Biblioteca Comunale Teresiana",Inc. 979(1),,,,2026-09-23,current_observation_only,,coordinates_resolved,current_holding_statement,MEI,00201811,https://data.cerl.org/mei/00201811,data/expanded/mei-corpus.json,Observed as the current holding institution; no arrival date is inferred.,,,,current_holding-mantovac,IT,,,cerl_holding_city_to_geonames,"The holding institution is mapped to its city-level GeoNames point, not to building coordinates.",https://data.cerl.org/holdinst/MantovaC,"Mantova, Biblioteca Comunale Teresiana",,locality,,
02128157-print,02128157,02128157,ib00506000,ib00506000,print_place,first,0,1,,,Basel,Basel,Basel,GeoNames,2661604,https://www.geonames.org/2661604,47.55839,7.57327,,,,AP. XIX. 10/3,1490,1490,,,gw_extracted_year_range,,coordinates_resolved,edition_level_print_statement,GW,04175,https://gesamtkatalogderwiegendrucke.de/docs/GW04175.htm,data/derived/prayer-book-corpus.csv,Printing statement shared by copies of the edition.,Basel,,,print_place-basel,CH,,,reused_mei_geonames,,https://gesamtkatalogderwiegendrucke.de/docs/GW04168.htm | https://gesamtkatalogderwiegendrucke.de/docs/GW04175.htm,Basel,,locality,,
02128157-current,02128157,02128157,ib00506000,ib00506000,current_holding,last,4,1,,,"Milano, Biblioteca Nazionale Braidense",Milan,Milan,GeoNames,3173435,https://www.geonames.org/3173435,45.46427,9.18951,IT,MilanoN,"Milano, Biblioteca Nazionale Braidense",AP. XIX. 10/3,,,,2026-09-23,current_observation_only,,coordinates_resolved,current_holding_statement,MEI,02128157,https://data.cerl.org/mei/02128157,data/expanded/mei-corpus.json,Observed as the current holding institution; no arrival date is inferred.,,,,current_holding-milanon,IT,,,cerl_holding_city_to_geonames,"The holding institution is mapped to its city-level GeoNames point, not to building coordinates.",https://data.cerl.org/holdinst/MilanoN,"Milano, Biblioteca Nazionale Braidense",,locality,,
02013740-print,02013740,02013740,ib00506000,ib00506000,print_place,first,0,1,,,Basel,Basel,Basel,GeoNames,2661604,https://www.geonames.org/2661604,47.55839,7.57327,,,,5866.174,1490,1490,,,gw_extracted_year_range,,coordinates_resolved,edition_level_print_statement,GW,04175,https://gesamtkatalogderwiegendrucke.de/docs/GW04175.htm,data/derived/prayer-book-corpus.csv,Printing statement shared by copies of the edition.,Basel,,,print_place-basel,CH,,,reused_mei_geonames,,https://gesamtkatalogderwiegendrucke.de/docs/GW04168.htm | https://gesamtkatalogderwiegendrucke.de/docs/GW04175.htm,Basel,,locality,,
02013740-current,02013740,02013740,ib00506000,ib00506000,current_holding,last,4,1,,,"Princeton NJ, Princeton University, Firestone Library, Rare Book Division",Princeton,Princeton,GeoNames,5102922,https://www.geonames.org/5102922,40.34872,-74.65905,US,PrincetonUL,"Princeton NJ, Princeton University, Firestone Library, Rare Book Division",5866.174,,,,2026-09-23,current_observation_only,,coordinates_resolved,current_holding_statement,MEI,02013740,https://data.cerl.org/mei/02013740,data/expanded/mei-corpus.json,Observed as the current holding institution; no arrival date is inferred.,,,,current_holding-princetonul,US,,,cerl_holding_city_to_geonames,"The holding institution is mapped to its city-level GeoNames point, not to building coordinates.",https://data.cerl.org/holdinst/PrincetonUL,"Princeton NJ, Princeton University, Firestone Library, Rare Book Division",,locality,,
00202805-print,00202805,00202805,ib00506000,ib00506000,print_place,first,0,1,,,Basel,Basel,Basel,GeoNames,2661604,https://www.geonames.org/2661604,47.55839,7.57327,,,,Auct. Q sup. 3.3.,1490,1490,,,gw_extracted_year_range,,coordinates_resolved,edition_level_print_statement,GW,04175,https://gesamtkatalogderwiegendrucke.de/docs/GW04175.htm,data/derived/prayer-book-corpus.csv,Printing statement shared by copies of the edition.,Basel,,,print_place-basel,CH,,,reused_mei_geonames,,https://gesamtkatalogderwiegendrucke.de/docs/GW04168.htm | https://gesamtkatalogderwiegendrucke.de/docs/GW04175.htm,Basel,,locality,,
00202805-current,00202805,00202805,ib00506000,ib00506000,current_holding,last,3,1,,,"Oxford, Bodleian Library",Oxford,Oxford,GeoNames,2640729,https://www.geonames.org/2640729,51.75222,-1.25596,GB,OxfordBodley,"Oxford, Bodleian Library",Auct. Q sup. 3.3.,,,,2026-09-23,current_observation_only,,coordinates_resolved,current_holding_statement,MEI,00202805,https://data.cerl.org/mei/00202805,data/expanded/mei-corpus.json,Observed as the current holding institution; no arrival date is inferred.,,,,current_holding-oxfordbodley,GB,,Q82133,cerl_holding_city_to_geonames,"The holding institution is mapped to its city-level GeoNames point, not to building coordinates.",https://data.cerl.org/holdinst/OxfordBodley,"Oxford, Bodleian Library",,locality,,
02152090-print,02152090,02152090,ib00506000,ib00506000,print_place,first,0,1,,,Basel,Basel,Basel,GeoNames,2661604,https://www.geonames.org/2661604,47.55839,7.57327,,,,Inc B441,1490,1490,,,gw_extracted_year_range,,coordinates_resolved,edition_level_print_statement,GW,04175,https://gesamtkatalogderwiegendrucke.de/docs/GW04175.htm,data/derived/prayer-book-corpus.csv,Printing statement shared by copies of the edition.,Basel,,,print_place-basel,CH,,,reused_mei_geonames,,https://gesamtkatalogderwiegendrucke.de/docs/GW04168.htm | https://gesamtkatalogderwiegendrucke.de/docs/GW04175.htm,Basel,,locality,,
02152090-current,02152090,02152090,ib00506000,ib00506000,current_holding,last,9,1,,,Williams College Library,Williamstown,Williamstown,GeoNames,4955786,https://www.geonames.org/4955786,42.71202,-73.20372,US,WillCL,Williams College Library,Inc B441,,,,2026-09-23,current_observation_only,,coordinates_resolved,current_holding_statement,MEI,02152090,https://data.cerl.org/mei/02152090,data/expanded/mei-corpus.json,Observed as the current holding institution; no arrival date is inferred.,,,,current_holding-willcl,US,,,cerl_holding_city_to_geonames,"The holding institution is mapped to its city-level GeoNames point, not to building coordinates.",https://data.cerl.org/holdinst/WillCL,Williams College Library,,locality,,
02133844-print,02133844,02133844,ib00506000,ib00506000,print_place,first,0,1,,,Basel,Basel,Basel,GeoNames,2661604,https://www.geonames.org/2661604,47.55839,7.57327,,,,ZBS Rar 109 (1 an),1490,1490,,,gw_extracted_year_range,,coordinates_resolved,edition_level_print_statement,GW,04175,https://gesamtkatalogderwiegendrucke.de/docs/GW04175.htm,data/derived/prayer-book-corpus.csv,Printing statement shared by copies of the edition.,Basel,,,print_place-basel,CH,,,reused_mei_geonames,,https://gesamtkatalogderwiegendrucke.de/docs/GW04168.htm | https://gesamtkatalogderwiegendrucke.de/docs/GW04175.htm,Basel,,locality,,
02133844-current,02133844,02133844,ib00506000,ib00506000,current_holding,last,6,1,,,"Solothurn, Zentralbibliothek ",Solothurn,Solothurn,GeoNames,2658564,https://www.geonames.org/2658564,47.20791,7.53714,CH,SolothurnZB,"Solothurn, Zentralbibliothek ",ZBS Rar 109 (1 an),,,,2026-09-23,current_observation_only,,coordinates_resolved,current_holding_statement,MEI,02133844,https://data.cerl.org/mei/02133844,data/expanded/mei-corpus.json,Observed as the current holding institution; no arrival date is inferred.,,,,current_holding-solothurnzb,CH,,,cerl_holding_city_to_geonames,"The holding institution is mapped to its city-level GeoNames point, not to building coordinates.",https://data.cerl.org/holdinst/SolothurnZB,"Solothurn, Zentralbibliothek ",,locality,,
02115003-print,02115003,02115003,ib00507000,ib00507000,print_place,first,0,1,,,Köln,Cologne,Cologne,GeoNames,2886242,https://www.geonames.org/2886242,50.93333,6.95,,,,Ink 33-40 Teil 1,1498,1498,,,gw_extracted_year_range,,coordinates_resolved,edition_level_print_statement,GW,04176,https://gesamtkatalogderwiegendrucke.de/docs/GW04176.htm,data/derived/prayer-book-corpus.csv,Printing statement shared by copies of the edition.,Köln,,,print_place-koeln,DE,,,reused_mei_geonames,,https://gesamtkatalogderwiegendrucke.de/docs/GW04172.htm,Köln,,locality,,
02115003-current,02115003,02115003,ib00507000,ib00507000,current_holding,last,2,1,,,"Wien, Österreichische  Nationalbibliothek",Vienna,Vienna,GeoNames,2761369,https://www.geonames.org/2761369,48.20849,16.37208,AT,WienONB,"Wien, Österreichische  Nationalbibliothek",Ink 33-40 Teil 1,,,,2026-09-30,current_observation_only,,coordinates_resolved,current_holding_statement,MEI,02115003,https://data.cerl.org/mei/02115003,data/expanded/mei-corpus.json,Observed as the current holding institution; no arrival date is inferred.,,,,,AT,,,source_name_and_country_match,Locality-level point reused from source data; no building location or arrival date inferred.,https://data.cerl.org/mei/02115001,"Wien, Österreichische  Nationalbibliothek",,locality,,
00200716-print,00200716,00200716,ib00507000,ib00507000,print_place,first,0,1,,,Köln,Cologne,Cologne,GeoNames,2886242,https://www.geonames.org/2886242,50.93333,6.95,,,,Typ Inc 1481.5,1498,1498,,,gw_extracted_year_range,,coordinates_resolved,edition_level_print_statement,GW,04176,https://gesamtkatalogderwiegendrucke.de/docs/GW04176.htm,data/derived/prayer-book-corpus.csv,Printing statement shared by copies of the edition.,Köln,,,print_place-koeln,DE,,,reused_mei_geonames,,https://gesamtkatalogderwiegendrucke.de/docs/GW04172.htm,Köln,,locality,,
00200716-current,00200716,00200716,ib00507000,ib00507000,current_holding,last,5,1,,,"Cambridge MA, Harvard University, Houghton Library",Cambridge (Massachusetts),Cambridge (Massachusetts),GeoNames,4931972,https://www.geonames.org/4931972,42.37510,-71.10561,US,HarvardHoughton,"Cambridge MA, Harvard University, Houghton Library",Typ Inc 1481.5,,,,2026-09-30,current_observation_only,,coordinates_resolved,current_holding_statement,MEI,00200716,https://data.cerl.org/mei/00200716,data/expanded/mei-corpus.json,Observed as the current holding institution; no arrival date is inferred.,,,,current_holding-harvardhoughton,US,Q49111,,cerl_holding_city_to_geonames,"The holding institution is mapped to its city-level GeoNames point, not to building coordinates.",https://data.cerl.org/holdinst/HarvardHoughton,"Cambridge MA, Harvard University, Houghton Library",,locality,,
00559197-print,00559197,00559197,ib00507000,ib00507000,print_place,first,0,1,,,Köln,Cologne,Cologne,GeoNames,2886242,https://www.geonames.org/2886242,50.93333,6.95,,,,SSS.47.1,1498,1498,,,gw_extracted_year_range,,coordinates_resolved,edition_level_print_statement,GW,04176,https://gesamtkatalogderwiegendrucke.de/docs/GW04176.htm,data/derived/prayer-book-corpus.csv,Printing statement shared by copies of the edition.,Köln,,,print_place-koeln,DE,,,reused_mei_geonames,,https://gesamtkatalogderwiegendrucke.de/docs/GW04172.htm,Köln,,locality,,
00559197-current,00559197,00559197,ib00507000,ib00507000,current_holding,last,3,1,,,"Cambridge, University Library",Cambridge,Cambridge,GeoNames,2653941,https://www.geonames.org/2653941,52.2,0.11667,GB,CambridgeUL,"Cambridge, University Library",SSS.47.1,,,,2026-09-30,current_observation_only,,coordinates_resolved,current_holding_statement,MEI,00559197,https://data.cerl.org/mei/00559197,data/expanded/mei-corpus.json,Observed as the current holding institution; no arrival date is inferred.,,,,current_holding-cambridgeul,GB,,Q1028334,cerl_holding_city_to_geonames,"The holding institution is mapped to its city-level GeoNames point, not to building coordinates.",https://data.cerl.org/holdinst/CambridgeUL,"Cambridge, University Library",,locality,,
00559198-print,00559198,00559198,ib00512000,ib00512000,print_place,first,0,1,,,Basel,Basel,Basel,GeoNames,2661604,https://www.geonames.org/2661604,47.55839,7.57327,,,,Inc.6.C.1.5[2315],1492,1492,,,gw_extracted_year_range,,coordinates_resolved,edition_level_print_statement,GW,04168,https://gesamtkatalogderwiegendrucke.de/docs/GW04168.htm,data/derived/prayer-book-corpus.csv,Printing statement shared by copies of the edition.,Basel,,,print_place-basel,CH,,,reused_mei_geonames,,https://gesamtkatalogderwiegendrucke.de/docs/GW04168.htm | https://gesamtkatalogderwiegendrucke.de/docs/GW04175.htm,Basel,,locality,,
00559198-current,00559198,00559198,ib00512000,ib00512000,current_holding,last,5,1,,,"Cambridge, University Library",Cambridge,Cambridge,GeoNames,2653941,https://www.geonames.org/2653941,52.2,0.11667,GB,CambridgeUL,"Cambridge, University Library",Inc.6.C.1.5[2315],,,,2026-09-23,current_observation_only,,coordinates_resolved,current_holding_statement,MEI,00559198,https://data.cerl.org/mei/00559198,data/expanded/mei-corpus.json,Observed as the current holding institution; no arrival date is inferred.,,,,current_holding-cambridgeul,GB,,Q1028334,cerl_holding_city_to_geonames,"The holding institution is mapped to its city-level GeoNames point, not to building coordinates.",https://data.cerl.org/holdinst/CambridgeUL,"Cambridge, University Library",,locality,,
02115000-print,02115000,02115000,ib00515000,ib00515000,print_place,first,0,1,,,Nürnberg,Nuremberg,Nuremberg,GeoNames,2861650,https://www.geonames.org/2861650,49.45421,11.07752,,,,Ink 2.H.132,1495,1495,,,gw_extracted_year_range,,coordinates_resolved,edition_level_print_statement,GW,04171,https://gesamtkatalogderwiegendrucke.de/docs/GW04171.htm,data/derived/prayer-book-corpus.csv,Printing statement shared by copies of the edition.,Nürnberg,,,,DE,,,source_name_and_country_match,Locality-level point reused from source data; no building location or arrival date inferred.,https://www.geonames.org/2861650,Nürnberg,,locality,,
02115000-current,02115000,02115000,ib00515000,ib00515000,current_holding,last,2,1,,,"Wien, Österreichische  Nationalbibliothek",Vienna,Vienna,GeoNames,2761369,https://www.geonames.org/2761369,48.20849,16.37208,AT,WienONB,"Wien, Österreichische  Nationalbibliothek",Ink 2.H.132,,,,2026-09-30,current_observation_only,,coordinates_resolved,current_holding_statement,MEI,02115000,https://data.cerl.org/mei/02115000,data/expanded/mei-corpus.json,Observed as the current holding institution; no arrival date is inferred.,,,,,AT,,,source_name_and_country_match,Locality-level point reused from source data; no building location or arrival date inferred.,https://data.cerl.org/mei/02115001,"Wien, Österreichische  Nationalbibliothek",,locality,,
02115009-print,02115009,02115009,ib00524000,ib00524000,print_place,first,0,1,,,Antwerpen,Antwerp,Antwerp,GeoNames,2803138,https://www.geonames.org/2803138,51.21989,4.40346,,,,Ink 1.H.104,1495,1495,,,gw_extracted_year_range,,coordinates_resolved,edition_level_print_statement,GW,04194,https://gesamtkatalogderwiegendrucke.de/docs/GW04194.htm,data/derived/prayer-book-corpus.csv,Printing statement shared by copies of the edition.,Antwerpen,,,print_place-antwerpen,BE,,,verified_geonames_city,,https://gesamtkatalogderwiegendrucke.de/docs/GW13403.htm,Antwerpen,,locality,,
02115009-current,02115009,02115009,ib00524000,ib00524000,current_holding,last,2,1,,,"Wien, Österreichische  Nationalbibliothek",Vienna,Vienna,GeoNames,2761369,https://www.geonames.org/2761369,48.20849,16.37208,AT,WienONB,"Wien, Österreichische  Nationalbibliothek",Ink 1.H.104,,,,2026-09-30,current_observation_only,,coordinates_resolved,current_holding_statement,MEI,02115009,https://data.cerl.org/mei/02115009,data/expanded/mei-corpus.json,Observed as the current holding institution; no arrival date is inferred.,,,,,AT,,,source_name_and_country_match,Locality-level point reused from source data; no building location or arrival date inferred.,https://data.cerl.org/mei/02115001,"Wien, Österreichische  Nationalbibliothek",,locality,,
02100631-print,02100631,02100631,ib00524000,ib00524000,print_place,first,0,1,,,Antwerpen,Antwerp,Antwerp,GeoNames,2803138,https://www.geonames.org/2803138,51.21989,4.40346,,,,KW 150 C 18,1495,1495,,,gw_extracted_year_range,,coordinates_resolved,edition_level_print_statement,GW,04194,https://gesamtkatalogderwiegendrucke.de/docs/GW04194.htm,data/derived/prayer-book-corpus.csv,Printing statement shared by copies of the edition.,Antwerpen,,,print_place-antwerpen,BE,,,verified_geonames_city,,https://gesamtkatalogderwiegendrucke.de/docs/GW13403.htm,Antwerpen,,locality,,
02100631-current,02100631,02100631,ib00524000,ib00524000,current_holding,last,4,1,,,"Den Haag, Koninklijke Bibliotheek - Nationale Bibliotheek van Nederland",The Hague,The Hague,GeoNames,2747373,https://www.geonames.org/2747373,52.07667,4.29861,NL,NLKB,"Den Haag, Koninklijke Bibliotheek - Nationale Bibliotheek van Nederland",KW 150 C 18,,,,2026-09-30,current_observation_only,,coordinates_resolved,current_holding_statement,MEI,02100631,https://data.cerl.org/mei/02100631,data/expanded/mei-corpus.json,Observed as the current holding institution; no arrival date is inferred.,,,,current_holding-nlkb,NL,,,cerl_holding_city_to_geonames,"The holding institution is mapped to its city-level GeoNames point, not to building coordinates.",https://data.cerl.org/holdinst/NLKB,"Den Haag, Koninklijke Bibliotheek - Nationale Bibliotheek van Nederland",,locality,,
00559203-print,00559203,00559203,ib00524000,ib00524000,print_place,first,0,1,,,Antwerpen,Antwerp,Antwerp,GeoNames,2803138,https://www.geonames.org/2803138,51.21989,4.40346,,,,Inc.5.F.6.5[3440],1495,1495,,,gw_extracted_year_range,,coordinates_resolved,edition_level_print_statement,GW,04194,https://gesamtkatalogderwiegendrucke.de/docs/GW04194.htm,data/derived/prayer-book-corpus.csv,Printing statement shared by copies of the edition.,Antwerpen,,,print_place-antwerpen,BE,,,verified_geonames_city,,https://gesamtkatalogderwiegendrucke.de/docs/GW13403.htm,Antwerpen,,locality,,
00559203-current,00559203,00559203,ib00524000,ib00524000,current_holding,last,4,1,,,"Cambridge, University Library",Cambridge,Cambridge,GeoNames,2653941,https://www.geonames.org/2653941,52.2,0.11667,GB,CambridgeUL,"Cambridge, University Library",Inc.5.F.6.5[3440],,,,2026-09-30,current_observation_only,,coordinates_resolved,current_holding_statement,MEI,00559203,https://data.cerl.org/mei/00559203,data/expanded/mei-corpus.json,Observed as the current holding institution; no arrival date is inferred.,,,,current_holding-cambridgeul,GB,,Q1028334,cerl_holding_city_to_geonames,"The holding institution is mapped to its city-level GeoNames point, not to building coordinates.",https://data.cerl.org/holdinst/CambridgeUL,"Cambridge, University Library",,locality,,
02160790-print,02160790,02160790,ib00677000,ib00677000,print_place,first,0,1,,,Venedig,Venice,Venice,GeoNames,3164603,https://www.geonames.org/3164603,45.43713,12.33265,,,,Incun. X .H43 (Copy 1),1475,1480,,,gw_extracted_year_range,,coordinates_resolved,edition_level_print_statement,GW,04362,https://gesamtkatalogderwiegendrucke.de/docs/GW04362.htm,data/derived/prayer-book-corpus.csv,Printing statement shared by copies of the edition.,Venedig,,,print_place-venedig,IT,,,verified_geonames_city,,https://gesamtkatalogderwiegendrucke.de/docs/GW13360.htm | https://gesamtkatalogderwiegendrucke.de/docs/GW1338820N.htm,Venedig,,locality,,
02160790-current,02160790,02160790,ib00677000,ib00677000,current_holding,last,2,1,,,"Washington DC, Library of Congress, Rare Book Division",Washington,Washington,GeoNames,4140963,https://www.geonames.org/4140963,38.89511,-77.03637,US,LC,"Washington DC, Library of Congress, Rare Book Division",Incun. X .H43 (Copy 1),,,,2026-09-30,current_observation_only,,coordinates_resolved,current_holding_statement,MEI,02160790,https://data.cerl.org/mei/02160790,data/expanded/mei-corpus.json,Observed as the current holding institution; no arrival date is inferred.,,,,,US,,,source_name_and_country_match,Locality-level point reused from source data; no building location or arrival date inferred.,https://data.cerl.org/holdinst/WashingtonLoC,"Washington DC, Library of Congress, Rare Book Division",,locality,,
02122495-print,02122495,02122495,ib00677500,ib00677500,print_place,first,0,1,,,Rom,Rome,Rome,GeoNames,3169070,https://www.geonames.org/3169070,41.89193,12.51133,,,,XV.9,1488,1490,,,gw_extracted_year_range,,coordinates_resolved,edition_level_print_statement,GW,04364,https://gesamtkatalogderwiegendrucke.de/docs/GW04364.htm,data/derived/prayer-book-corpus.csv,Printing statement shared by copies of the edition.,Rom,,,print_place-rom,IT,,,reused_mei_geonames,,https://gesamtkatalogderwiegendrucke.de/docs/GW13353.htm,Rom,,locality,,
02122495-current,02122495,02122495,ib00677500,ib00677500,current_holding,last,5,1,,,"Wrocław, Ossolineum",Wroclaw,Wroclaw,GeoNames,3081368,https://www.geonames.org/3081368,51.10286,17.03006,PL,WroclawO,"Wrocław, Ossolineum",XV.9,,,,2026-09-30,current_observation_only,,coordinates_resolved,current_holding_statement,MEI,02122495,https://data.cerl.org/mei/02122495,data/expanded/mei-corpus.json,Observed as the current holding institution; no arrival date is inferred.,,,,,PL,,,source_name_and_country_match,Locality-level point reused from source data; no building location or arrival date inferred.,https://data.cerl.org/mei/02122495,"Wrocław, Ossolineum",,locality,,
02161112-print,02161112,02161112,ib00678000,ib00678000,print_place,first,0,1,,,Rom,Rome,Rome,GeoNames,3169070,https://www.geonames.org/3169070,41.89193,12.51133,,,,BT430 .Q563 1491 Incun Coll Vollbehr Coll (Copy 1),1491,1491,,,gw_extracted_year_range,,coordinates_resolved,edition_level_print_statement,GW,04366,https://gesamtkatalogderwiegendrucke.de/docs/GW04366.htm,data/derived/prayer-book-corpus.csv,Printing statement shared by copies of the edition.,Rom,,,print_place-rom,IT,,,reused_mei_geonames,,https://gesamtkatalogderwiegendrucke.de/docs/GW13353.htm,Rom,,locality,,
02161112-current,02161112,02161112,ib00678000,ib00678000,current_holding,last,3,1,,,"Washington DC, Library of Congress, Rare Book Division",Washington,Washington,GeoNames,4140963,https://www.geonames.org/4140963,38.89511,-77.03637,US,LC,"Washington DC, Library of Congress, Rare Book Division",BT430 .Q563 1491 Incun Coll Vollbehr Coll (Copy 1),,,,2026-09-30,current_observation_only,,coordinates_resolved,current_holding_statement,MEI,02161112,https://data.cerl.org/mei/02161112,data/expanded/mei-corpus.json,Observed as the current holding institution; no arrival date is inferred.,,,,,US,,,source_name_and_country_match,Locality-level point reused from source data; no building location or arrival date inferred.,https://data.cerl.org/holdinst/WashingtonLoC,"Washington DC, Library of Congress, Rare Book Division",,locality,,
02115031-print,02115031,02115031,ib00679000,ib00679000,print_place,first,0,1,,,Rom,Rome,Rome,GeoNames,3169070,https://www.geonames.org/3169070,41.89193,12.51133,,,,Ink 14.H.60,1495,1495,,,gw_extracted_year_range,,coordinates_resolved,edition_level_print_statement,GW,04368,https://gesamtkatalogderwiegendrucke.de/docs/GW04368.htm,data/derived/prayer-book-corpus.csv,Printing statement shared by copies of the edition.,Rom,,,print_place-rom,IT,,,reused_mei_geonames,,https://gesamtkatalogderwiegendrucke.de/docs/GW13353.htm,Rom,,locality,,
02115031-current,02115031,02115031,ib00679000,ib00679000,current_holding,last,2,1,,,"Wien, Österreichische  Nationalbibliothek",Vienna,Vienna,GeoNames,2761369,https://www.geonames.org/2761369,48.20849,16.37208,AT,WienONB,"Wien, Österreichische  Nationalbibliothek",Ink 14.H.60,,,,2026-09-30,current_observation_only,,coordinates_resolved,current_holding_statement,MEI,02115031,https://data.cerl.org/mei/02115031,data/expanded/mei-corpus.json,Observed as the current holding institution; no arrival date is inferred.,,,,,AT,,,source_name_and_country_match,Locality-level point reused from source data; no building location or arrival date inferred.,https://data.cerl.org/mei/02115001,"Wien, Österreichische  Nationalbibliothek",,locality,,
02126877-print,02126877,02126877,ib00679000,ib00679000,print_place,first,0,1,,,Rom,Rome,Rome,GeoNames,3169070,https://www.geonames.org/3169070,41.89193,12.51133,,,,AN. XVI. 33/6,1495,1495,,,gw_extracted_year_range,,coordinates_resolved,edition_level_print_statement,GW,04368,https://gesamtkatalogderwiegendrucke.de/docs/GW04368.htm,data/derived/prayer-book-corpus.csv,Printing statement shared by copies of the edition.,Rom,,,print_place-rom,IT,,,reused_mei_geonames,,https://gesamtkatalogderwiegendrucke.de/docs/GW13353.htm,Rom,,locality,,
02126877-current,02126877,02126877,ib00679000,ib00679000,current_holding,last,3,1,,,"Milano, Biblioteca Nazionale Braidense",Milan,Milan,GeoNames,3173435,https://www.geonames.org/3173435,45.46427,9.18951,IT,MilanoN,"Milano, Biblioteca Nazionale Braidense",AN. XVI. 33/6,,,,2026-09-30,current_observation_only,,coordinates_resolved,current_holding_statement,MEI,02126877,https://data.cerl.org/mei/02126877,data/expanded/mei-corpus.json,Observed as the current holding institution; no arrival date is inferred.,,,,current_holding-milanon,IT,,,cerl_holding_city_to_geonames,"The holding institution is mapped to its city-level GeoNames point, not to building coordinates.",https://data.cerl.org/holdinst/MilanoN,"Milano, Biblioteca Nazionale Braidense",,locality,,
02156758-print,02156758,02156758,ib00679000,ib00679000,print_place,first,0,1,,,Rom,Rome,Rome,GeoNames,3169070,https://www.geonames.org/3169070,41.89193,12.51133,,,,85021,1495,1495,,,gw_extracted_year_range,,coordinates_resolved,edition_level_print_statement,GW,04368,https://gesamtkatalogderwiegendrucke.de/docs/GW04368.htm,data/derived/prayer-book-corpus.csv,Printing statement shared by copies of the edition.,Rom,,,print_place-rom,IT,,,reused_mei_geonames,,https://gesamtkatalogderwiegendrucke.de/docs/GW13353.htm,Rom,,locality,,
02156758-p001-loc01,02156758,02156758,ib00679000,ib00679000,provenance_place,intermediate,1,1,02156758-p001,02156758-p001-loc01,Kiel,Kiel,Kiel,GeoNames,2891122,https://www.geonames.org/2891122,54.32133,10.13489,,,,85021,,1925,15 | 16 | 17 | 18 | 19 | 20,,mei_timeperiod,,coordinates_resolved,copy_level_provenance_place,MEI,02156758-p001,https://data.cerl.org/mei/02156758,data/expanded/mei-corpus.json,,,,,,DE,,,human_review_2026_10_01,Kiel nach manueller Zuordnung zum Besitzer (CERL owners/2820); kein eigenständiger Aufenthaltsbeleg.,https://www.geonames.org/2891122,,ORT-808D07DD,locality,Ortszuweisung über Besitzerangabe,
02156758-current,02156758,02156758,ib00679000,ib00679000,current_holding,last,4,1,,,"San Marino CA, Huntington Library",San Marino,San Marino,GeoNames,5392400,https://www.geonames.org/5392400,34.1214,-118.10646,US,SanMarinoHun,"San Marino CA, Huntington Library",85021,,,,2026-09-30,current_observation_only,,coordinates_resolved,current_holding_statement,MEI,02156758,https://data.cerl.org/mei/02156758,data/expanded/mei-corpus.json,Observed as the current holding institution; no arrival date is inferred.,,,,,US,,,human_review_2026_10_01,Ortszuweisung nach Prüfung durch Stefan Matter (01.10.2026); Kartenpunkt auf Ortsebene.,https://data.cerl.org/mei/02156758,"San Marino CA, Huntington Library",ORT-CB30A216,locality,,
02146351-print,02146351,02146351,ib00679400,ib00679400,print_place,first,0,1,,,Rom,Rome,Rome,GeoNames,3169070,https://www.geonames.org/3169070,41.89193,12.51133,,,,XV.34 adl.,1499,1499,,,gw_extracted_year_range,,coordinates_resolved,edition_level_print_statement,GW,04372,https://gesamtkatalogderwiegendrucke.de/docs/GW04372.htm,data/derived/prayer-book-corpus.csv,Printing statement shared by copies of the edition.,Rom,,,print_place-rom,IT,,,reused_mei_geonames,,https://gesamtkatalogderwiegendrucke.de/docs/GW13353.htm,Rom,,locality,,
02146351-current,02146351,02146351,ib00679400,ib00679400,current_holding,last,6,1,,,Warsaw Public Library,Warschau,Warschau,GeoNames,756135,https://www.geonames.org/756135,52.22977,21.01178,PL,WarsawPubl,Warsaw Public Library,XV.34 adl.,,,,2026-09-30,current_observation_only,,coordinates_resolved,current_holding_statement,MEI,02146351,https://data.cerl.org/mei/02146351,data/expanded/mei-corpus.json,Observed as the current holding institution; no arrival date is inferred.,,,,,PL,,,human_review_2026_10_01,Ortszuweisung nach Prüfung durch Stefan Matter (01.10.2026); Kartenpunkt auf Ortsebene.,https://data.cerl.org/mei/02146268,Warsaw Public Library,ORT-2967293D,locality,,
02017044-print,02017044,02017044,ib00679850,ib00679850,print_place,first,0,1,,,Rom,Rome,Rome,GeoNames,3169070,https://www.geonames.org/3169070,41.89193,12.51133,,,,Ink. 322,1500,1500,,,gw_extracted_year_range,,coordinates_resolved,edition_level_print_statement,GW,04377,https://gesamtkatalogderwiegendrucke.de/docs/GW04377.htm,data/derived/prayer-book-corpus.csv,Printing statement shared by copies of the edition.,Rom,,,print_place-rom,IT,,,reused_mei_geonames,,https://gesamtkatalogderwiegendrucke.de/docs/GW13353.htm,Rom,,locality,,
02017044-current,02017044,02017044,ib00679850,ib00679850,current_holding,last,3,1,,,"Vilnius, University Library",Vilnius,Vilnius,GeoNames,593116,https://www.geonames.org/593116,54.68916,25.2798,LT,VilniusUB,"Vilnius, University Library",Ink. 322,,,,2026-09-30,current_observation_only,,coordinates_resolved,current_holding_statement,MEI,02017044,https://data.cerl.org/mei/02017044,data/expanded/mei-corpus.json,Observed as the current holding institution; no arrival date is inferred.,,,,,LT,,,source_name_and_country_match,Locality-level point reused from source data; no building location or arrival date inferred.,https://data.cerl.org/holdinst/VilniusAcad,"Vilnius, University Library",,locality,,
00201176-print,00201176,00201176,ib00680000,ib00680000,print_place,first,0,1,,,Rom,Rome,Rome,GeoNames,3169070,https://www.geonames.org/3169070,41.89193,12.51133,,,,14088.181,1500,1500,,,gw_extracted_year_range,,coordinates_resolved,edition_level_print_statement,GW,04379,https://gesamtkatalogderwiegendrucke.de/docs/GW04379.htm,data/derived/prayer-book-corpus.csv,Printing statement shared by copies of the edition.,Rom,,,print_place-rom,IT,,,reused_mei_geonames,,https://gesamtkatalogderwiegendrucke.de/docs/GW13353.htm,Rom,,locality,,
00201176-p002-loc01,00201176,00201176,ib00680000,ib00680000,provenance_place,intermediate,2,1,00201176-p002,00201176-p002-loc01,Princeton,Princeton,Princeton,GeoNames,5102922,https://www.geonames.org/5102922,40.34872,-74.65905,,,,14088.181,1910,1945,20,,mei_timeperiod,a,coordinates_resolved,copy_level_provenance_place,MEI,00201176-p002,https://data.cerl.org/mei/00201176,data/expanded/mei-corpus.json,,"Princeton, NJ",,,,US,,,human_review_2026_10_01,Ortszuweisung nach Prüfung durch Stefan Matter (01.10.2026); Kartenpunkt auf Ortsebene.,https://data.cerl.org/mei/02013740,"Princeton, NJ",ORT-005FD384,locality,,
00201176-current,00201176,00201176,ib00680000,ib00680000,current_holding,last,4,1,,,"Princeton NJ, Princeton University, Firestone Library, Rare Book Division",Princeton,Princeton,GeoNames,5102922,https://www.geonames.org/5102922,40.34872,-74.65905,US,PrincetonUL,"Princeton NJ, Princeton University, Firestone Library, Rare Book Division",14088.181,,,,2026-09-30,current_observation_only,,coordinates_resolved,current_holding_statement,MEI,00201176,https://data.cerl.org/mei/00201176,data/expanded/mei-corpus.json,Observed as the current holding institution; no arrival date is inferred.,,,,current_holding-princetonul,US,,,cerl_holding_city_to_geonames,"The holding institution is mapped to its city-level GeoNames point, not to building coordinates.",https://data.cerl.org/holdinst/PrincetonUL,"Princeton NJ, Princeton University, Firestone Library, Rare Book Division",,locality,,
02125857-print,02125857,02125857,ib00680000,ib00680000,print_place,first,0,1,,,Rom,Rome,Rome,GeoNames,3169070,https://www.geonames.org/3169070,41.89193,12.51133,,,,14088.181 IN PROCESS,1500,1500,,,gw_extracted_year_range,,coordinates_resolved,edition_level_print_statement,GW,04379,https://gesamtkatalogderwiegendrucke.de/docs/GW04379.htm,data/derived/prayer-book-corpus.csv,Printing statement shared by copies of the edition.,Rom,,,print_place-rom,IT,,,reused_mei_geonames,,https://gesamtkatalogderwiegendrucke.de/docs/GW13353.htm,Rom,,locality,,
02125857-current,02125857,02125857,ib00680000,ib00680000,current_holding,last,3,1,,,"Princeton NJ, Princeton University, Firestone Library, Rare Book Division",Princeton,Princeton,GeoNames,5102922,https://www.geonames.org/5102922,40.34872,-74.65905,US,PrincetonUL,"Princeton NJ, Princeton University, Firestone Library, Rare Book Division",14088.181 IN PROCESS,,,,2026-09-30,current_observation_only,,coordinates_resolved,current_holding_statement,MEI,02125857,https://data.cerl.org/mei/02125857,data/expanded/mei-corpus.json,Observed as the current holding institution; no arrival date is inferred.,,,,current_holding-princetonul,US,,,cerl_holding_city_to_geonames,"The holding institution is mapped to its city-level GeoNames point, not to building coordinates.",https://data.cerl.org/holdinst/PrincetonUL,"Princeton NJ, Princeton University, Firestone Library, Rare Book Division",,locality,,
02149284-print,02149284,02149284,ib00680400,ib00680400,print_place,first,0,1,,,Rom,Rome,Rome,GeoNames,3169070,https://www.geonames.org/3169070,41.89193,12.51133,,,,RH 1,1500,1500,,,gw_extracted_year_range,,coordinates_resolved,edition_level_print_statement,GW,04380,https://gesamtkatalogderwiegendrucke.de/docs/GW04380.htm,data/derived/prayer-book-corpus.csv,Printing statement shared by copies of the edition.,Rom,,,print_place-rom,IT,,,reused_mei_geonames,,https://gesamtkatalogderwiegendrucke.de/docs/GW13353.htm,Rom,,locality,,
02149284-current,02149284,02149284,ib00680400,ib00680400,current_holding,last,3,1,,,"Riga, National Library of Latvia",Riga,Riga,GeoNames,456172,https://www.geonames.org/456172,56.946,24.10589,LV,RigaNL,"Riga, National Library of Latvia",RH 1,,,,2026-09-30,current_observation_only,,coordinates_resolved,current_holding_statement,MEI,02149284,https://data.cerl.org/mei/02149284,data/expanded/mei-corpus.json,Observed as the current holding institution; no arrival date is inferred.,,,,,LV,,,source_name_and_country_match,Locality-level point reused from source data; no building location or arrival date inferred.,https://data.cerl.org/mei/02149283,"Riga, National Library of Latvia",,locality,,
02154984-print,02154984,02154984,ib00681000,ib00681000,print_place,first,0,1,,,Rom,Rome,Rome,GeoNames,3169070,https://www.geonames.org/3169070,41.89193,12.51133,,,,Inc 3764.5 (19.2),1494,1500,,,gw_extracted_year_range,,coordinates_resolved,edition_level_print_statement,GW,04382,https://gesamtkatalogderwiegendrucke.de/docs/GW04382.htm,data/derived/prayer-book-corpus.csv,Printing statement shared by copies of the edition.,Rom,,,print_place-rom,IT,,,reused_mei_geonames,,https://gesamtkatalogderwiegendrucke.de/docs/GW13353.htm,Rom,,locality,,
02154984-current,02154984,02154984,ib00681000,ib00681000,current_holding,last,3,1,,,"Cambridge MA, Harvard University, Houghton Library",Cambridge (Massachusetts),Cambridge (Massachusetts),GeoNames,4931972,https://www.geonames.org/4931972,42.37510,-71.10561,US,HarvardHoughton,"Cambridge MA, Harvard University, Houghton Library",Inc 3764.5 (19.2),,,,2026-09-30,current_observation_only,,coordinates_resolved,current_holding_statement,MEI,02154984,https://data.cerl.org/mei/02154984,data/expanded/mei-corpus.json,Observed as the current holding institution; no arrival date is inferred.,,,,current_holding-harvardhoughton,US,Q49111,,cerl_holding_city_to_geonames,"The holding institution is mapped to its city-level GeoNames point, not to building coordinates.",https://data.cerl.org/holdinst/HarvardHoughton,"Cambridge MA, Harvard University, Houghton Library",,locality,,
02160423-print,02160423,02160423,ib00681000,ib00681000,print_place,first,0,1,,,Rom,Rome,Rome,GeoNames,3169070,https://www.geonames.org/3169070,41.89193,12.51133,,,,Incun. X .B6 Rosenwald Coll : midi (Copy 1),1494,1500,,,gw_extracted_year_range,,coordinates_resolved,edition_level_print_statement,GW,04382,https://gesamtkatalogderwiegendrucke.de/docs/GW04382.htm,data/derived/prayer-book-corpus.csv,Printing statement shared by copies of the edition.,Rom,,,print_place-rom,IT,,,reused_mei_geonames,,https://gesamtkatalogderwiegendrucke.de/docs/GW13353.htm,Rom,,locality,,
02160423-p001-loc01,02160423,02160423,ib00681000,ib00681000,provenance_place,intermediate,1,1,02160423-p001,02160423-p001-loc01,Paris,Paris,Paris,GeoNames,2988507,https://www.geonames.org/2988507,48.85341,2.3488,France,,,Incun. X .B6 Rosenwald Coll : midi (Copy 1),,1910,15 | 16 | 17 | 18 | 19 | 20,,mei_timeperiod,,coordinates_resolved,copy_level_provenance_place,MEI,02160423-p001,https://data.cerl.org/mei/02160423,data/expanded/mei-corpus.json,,Paris,48.85341,2.3488,provenance_place-paris,FR,Q90,,normalised_geonames_city,MEI uses two different GeoNames records for Paris in the pilot; the analytical map layer consistently uses the capital record 2988507.,https://data.cerl.org/mei/02003992 | https://data.cerl.org/mei/02004013 | https://data.cerl.org/mei/02004012 | https://data.cerl.org/mei/02003961,Paris,,locality,,
02160423-current,02160423,02160423,ib00681000,ib00681000,current_holding,last,4,1,,,"Washington DC, Library of Congress, Rare Book Division, Lessing J. Rosenwald Collection",Washington,Washington,GeoNames,4140963,https://www.geonames.org/4140963,38.89511,-77.03637,US,WashingtonLoC,"Washington DC, Library of Congress, Rare Book Division, Lessing J. Rosenwald Collection",Incun. X .B6 Rosenwald Coll : midi (Copy 1),,,,2026-09-30,current_observation_only,,coordinates_resolved,current_holding_statement,MEI,02160423,https://data.cerl.org/mei/02160423,data/expanded/mei-corpus.json,Observed as the current holding institution; no arrival date is inferred.,,,,current_holding-washingtonloc,US,,,cerl_holding_city_to_geonames,"The holding institution is mapped to its city-level GeoNames point, not to building coordinates.",https://data.cerl.org/holdinst/WashingtonLoC,"Washington DC, Library of Congress, Rare Book Division, Lessing J. Rosenwald Collection",,locality,,
02169264-print,02169264,02169264,ib00681500,ib00681500,print_place,first,0,1,,,Rom,Rome,Rome,GeoNames,3169070,https://www.geonames.org/3169070,41.89193,12.51133,,,,in progress - awaiting verification,1495,1495,,,gw_extracted_year_range,,coordinates_resolved,edition_level_print_statement,GW,04371,https://gesamtkatalogderwiegendrucke.de/docs/GW04371.htm,data/derived/prayer-book-corpus.csv,Printing statement shared by copies of the edition.,Rom,,,print_place-rom,IT,,,reused_mei_geonames,,https://gesamtkatalogderwiegendrucke.de/docs/GW13353.htm,Rom,,locality,,
02169264-current,02169264,02169264,ib00681500,ib00681500,current_holding,last,1,1,,,"Los Angeles CA, University of California",Los Angeles,Los Angeles,GeoNames,5368361,https://www.geonames.org/5368361,34.05223,-118.24368,US,UCalLAL,"Los Angeles CA, University of California",in progress - awaiting verification,,,,2026-09-30,current_observation_only,,coordinates_resolved,current_holding_statement,MEI,02169264,https://data.cerl.org/mei/02169264,data/expanded/mei-corpus.json,Observed as the current holding institution; no arrival date is inferred.,,,,,US,,,human_review_2026_10_01,Ortszuweisung nach Prüfung durch Stefan Matter (01.10.2026); Kartenpunkt auf Ortsebene.,https://data.cerl.org/mei/00200639,"Los Angeles CA, University of California",ORT-DB7BF974,locality,,
02012280-print,02012280,02012280,ib00682700,ib00682700,print_place,first,0,1,,,Rom,Rome,Rome,GeoNames,3169070,https://www.geonames.org/3169070,41.89193,12.51133,,,,Misc. 4044.003a,1500,1500,,,gw_extracted_year_range,,coordinates_resolved,edition_level_print_statement,GW,04376,https://gesamtkatalogderwiegendrucke.de/docs/GW04376.htm,data/derived/prayer-book-corpus.csv,Printing statement shared by copies of the edition.,Rom,,,print_place-rom,IT,,,reused_mei_geonames,,https://gesamtkatalogderwiegendrucke.de/docs/GW13353.htm,Rom,,locality,,
02012280-current,02012280,02012280,ib00682700,ib00682700,current_holding,last,2,1,,,"Venezia, Biblioteca Nazionale Marciana",Venice,Venice,GeoNames,3164603,https://www.geonames.org/3164603,45.43713,12.33265,IT,VeneziaN,"Venezia, Biblioteca Nazionale Marciana",Misc. 4044.003a,,,,2026-09-30,current_observation_only,,coordinates_resolved,current_holding_statement,MEI,02012280,https://data.cerl.org/mei/02012280,data/expanded/mei-corpus.json,Observed as the current holding institution; no arrival date is inferred.,,,,,IT,,,source_name_and_country_match,Locality-level point reused from source data; no building location or arrival date inferred.,https://www.geonames.org/3164603,"Venezia, Biblioteca Nazionale Marciana",,locality,,
00570038-print,00570038,00570038,ib00682700,ib00682700,print_place,first,0,1,,,Rom,Rome,Rome,GeoNames,3169070,https://www.geonames.org/3169070,41.89193,12.51133,,,,"4.353,6 ",1500,1500,,,gw_extracted_year_range,,coordinates_resolved,edition_level_print_statement,GW,04376,https://gesamtkatalogderwiegendrucke.de/docs/GW04376.htm,data/derived/prayer-book-corpus.csv,Printing statement shared by copies of the edition.,Rom,,,print_place-rom,IT,,,reused_mei_geonames,,https://gesamtkatalogderwiegendrucke.de/docs/GW13353.htm,Rom,,locality,,
00570038-current,00570038,00570038,ib00682700,ib00682700,current_holding,last,3,1,,,"Zürich, Zentralbibliothek",Zurich,Zurich,GeoNames,2657896,https://www.geonames.org/2657896,47.36667,8.55,CH,ZurichZB,"Zürich, Zentralbibliothek","4.353,6 ",,,,2026-09-30,current_observation_only,,coordinates_resolved,current_holding_statement,MEI,00570038,https://data.cerl.org/mei/00570038,data/expanded/mei-corpus.json,Observed as the current holding institution; no arrival date is inferred.,,,,current_holding-zurichzb,CH,,Q190260,cerl_holding_city_to_geonames,"The holding institution is mapped to its city-level GeoNames point, not to building coordinates.",https://data.cerl.org/holdinst/ZurichZB,"Zürich, Zentralbibliothek",,locality,,
00212673-print,00212673,00212673,ib00682700,ib00682700,print_place,first,0,1,,,Rom,Rome,Rome,GeoNames,3169070,https://www.geonames.org/3169070,41.89193,12.51133,,,,8° M 40(6) Th. Seld.,1500,1500,,,gw_extracted_year_range,,coordinates_resolved,edition_level_print_statement,GW,04376,https://gesamtkatalogderwiegendrucke.de/docs/GW04376.htm,data/derived/prayer-book-corpus.csv,Printing statement shared by copies of the edition.,Rom,,,print_place-rom,IT,,,reused_mei_geonames,,https://gesamtkatalogderwiegendrucke.de/docs/GW13353.htm,Rom,,locality,,
00212673-current,00212673,00212673,ib00682700,ib00682700,current_holding,last,3,1,,,"Oxford, Bodleian Library",Oxford,Oxford,GeoNames,2640729,https://www.geonames.org/2640729,51.75222,-1.25596,GB,OxfordBodley,"Oxford, Bodleian Library",8° M 40(6) Th. Seld.,,,,2026-09-30,current_observation_only,,coordinates_resolved,current_holding_statement,MEI,00212673,https://data.cerl.org/mei/00212673,data/expanded/mei-corpus.json,Observed as the current holding institution; no arrival date is inferred.,,,,current_holding-oxfordbodley,GB,,Q82133,cerl_holding_city_to_geonames,"The holding institution is mapped to its city-level GeoNames point, not to building coordinates.",https://data.cerl.org/holdinst/OxfordBodley,"Oxford, Bodleian Library",,locality,,
02161113-print,02161113,02161113,ib00683450,ib00683450,print_place,first,0,1,,,Rom,Rome,Rome,GeoNames,3169070,https://www.geonames.org/3169070,41.89193,12.51133,,,,BT430 .Q563 1500 Incun Coll Vollbehr Coll (Copy 1),1500,1500,,,gw_extracted_year_range,,coordinates_resolved,edition_level_print_statement,GW,04383,https://gesamtkatalogderwiegendrucke.de/docs/GW04383.htm,data/derived/prayer-book-corpus.csv,Printing statement shared by copies of the edition.,Rom,,,print_place-rom,IT,,,reused_mei_geonames,,https://gesamtkatalogderwiegendrucke.de/docs/GW13353.htm,Rom,,locality,,
02161113-current,02161113,02161113,ib00683450,ib00683450,current_holding,last,3,1,,,"Washington DC, Library of Congress, Rare Book Division",Washington,Washington,GeoNames,4140963,https://www.geonames.org/4140963,38.89511,-77.03637,US,LC,"Washington DC, Library of Congress, Rare Book Division",BT430 .Q563 1500 Incun Coll Vollbehr Coll (Copy 1),,,,2026-09-30,current_observation_only,,coordinates_resolved,current_holding_statement,MEI,02161113,https://data.cerl.org/mei/02161113,data/expanded/mei-corpus.json,Observed as the current holding institution; no arrival date is inferred.,,,,,US,,,source_name_and_country_match,Locality-level point reused from source data; no building location or arrival date inferred.,https://data.cerl.org/holdinst/WashingtonLoC,"Washington DC, Library of Congress, Rare Book Division",,locality,,
02169730-print,02169730,02169730,ib00683450,ib00683450,print_place,first,0,1,,,Rom,Rome,Rome,GeoNames,3169070,https://www.geonames.org/3169070,41.89193,12.51133,,,,in progress - awaiting verification,1500,1500,,,gw_extracted_year_range,,coordinates_resolved,edition_level_print_statement,GW,04383,https://gesamtkatalogderwiegendrucke.de/docs/GW04383.htm,data/derived/prayer-book-corpus.csv,Printing statement shared by copies of the edition.,Rom,,,print_place-rom,IT,,,reused_mei_geonames,,https://gesamtkatalogderwiegendrucke.de/docs/GW13353.htm,Rom,,locality,,
02169730-current,02169730,02169730,ib00683450,ib00683450,current_holding,last,1,1,,,"Los Angeles CA, University of California",Los Angeles,Los Angeles,GeoNames,5368361,https://www.geonames.org/5368361,34.05223,-118.24368,US,UCalLAL,"Los Angeles CA, University of California",in progress - awaiting verification,,,,2026-09-30,current_observation_only,,coordinates_resolved,current_holding_statement,MEI,02169730,https://data.cerl.org/mei/02169730,data/expanded/mei-corpus.json,Observed as the current holding institution; no arrival date is inferred.,,,,,US,,,human_review_2026_10_01,Ortszuweisung nach Prüfung durch Stefan Matter (01.10.2026); Kartenpunkt auf Ortsebene.,https://data.cerl.org/mei/00200639,"Los Angeles CA, University of California",ORT-DB7BF974,locality,,
00200682-print,00200682,00200682,ib00939000,ib00939000,print_place,first,0,1,,,Venedig,Venice,Venice,GeoNames,3164603,https://www.geonames.org/3164603,45.43713,12.33265,,,,Inc.c.a. 27 m,1486,1486,,,gw_extracted_year_range,,coordinates_resolved,edition_level_print_statement,GW,13367,https://gesamtkatalogderwiegendrucke.de/docs/GW13367.htm,data/derived/prayer-book-corpus.csv,Printing statement shared by copies of the edition.,Venedig,,,print_place-venedig,IT,,,verified_geonames_city,,https://gesamtkatalogderwiegendrucke.de/docs/GW13360.htm | https://gesamtkatalogderwiegendrucke.de/docs/GW1338820N.htm,Venedig,,locality,,
00200682-current,00200682,00200682,ib00939000,ib00939000,current_holding,last,1,1,,,"München, Bayerische Staatsbibliothek",Munich,Munich,GeoNames,2867714,https://www.geonames.org/2867714,48.13743,11.57549,DE,MunchenBSB,"München, Bayerische Staatsbibliothek",Inc.c.a. 27 m,,,,2026-09-30,current_observation_only,,coordinates_resolved,current_holding_statement,MEI,00200682,https://data.cerl.org/mei/00200682,data/expanded/mei-corpus.json,Observed as the current holding institution; no arrival date is inferred.,,,,,DE,,,source_name_and_country_match,Locality-level point reused from source data; no building location or arrival date inferred.,https://data.cerl.org/mei/02003758,"München, Bayerische Staatsbibliothek",,locality,,
00200683-print,00200683,00200683,ib00939000,ib00939000,print_place,first,0,1,,,Venedig,Venice,Venice,GeoNames,3164603,https://www.geonames.org/3164603,45.43713,12.33265,,,,41 G 48,1486,1486,,,gw_extracted_year_range,,coordinates_resolved,edition_level_print_statement,GW,13367,https://gesamtkatalogderwiegendrucke.de/docs/GW13367.htm,data/derived/prayer-book-corpus.csv,Printing statement shared by copies of the edition.,Venedig,,,print_place-venedig,IT,,,verified_geonames_city,,https://gesamtkatalogderwiegendrucke.de/docs/GW13360.htm | https://gesamtkatalogderwiegendrucke.de/docs/GW1338820N.htm,Venedig,,locality,,
00200683-current,00200683,00200683,ib00939000,ib00939000,current_holding,last,1,1,,,"Praha, Národni knihovna České republiky",Prag,Prag,GeoNames,3067696,https://www.geonames.org/3067696,50.08804,14.42076,CZ,PragueNL,"Praha, Národni knihovna České republiky",41 G 48,,,,2026-09-30,current_observation_only,,coordinates_resolved,current_holding_statement,MEI,00200683,https://data.cerl.org/mei/00200683,data/expanded/mei-corpus.json,Observed as the current holding institution; no arrival date is inferred.,,,,,CZ,,,human_review_2026_10_01,Ortszuweisung nach Prüfung durch Stefan Matter (01.10.2026); Kartenpunkt auf Ortsebene.,https://www.geonames.org/3067696,"Praha, Národni knihovna České republiky",ORT-2F38A59F,locality,,
00200686-print,00200686,00200686,ib00939000,ib00939000,print_place,first,0,1,,,Venedig,Venice,Venice,GeoNames,3164603,https://www.geonames.org/3164603,45.43713,12.33265,,,,"17,12,43",1486,1486,,,gw_extracted_year_range,,coordinates_resolved,edition_level_print_statement,GW,13367,https://gesamtkatalogderwiegendrucke.de/docs/GW13367.htm,data/derived/prayer-book-corpus.csv,Printing statement shared by copies of the edition.,Venedig,,,print_place-venedig,IT,,,verified_geonames_city,,https://gesamtkatalogderwiegendrucke.de/docs/GW13360.htm | https://gesamtkatalogderwiegendrucke.de/docs/GW1338820N.htm,Venedig,,locality,,
00200686-current,00200686,00200686,ib00939000,ib00939000,current_holding,last,1,1,,,"Zwickau, Ratsschulbibliothek",Zwickau,Zwickau,GeoNames,2803560,https://www.geonames.org/2803560,50.72724,12.48839,DE,ZwickauRatsSchB,"Zwickau, Ratsschulbibliothek","17,12,43",,,,2026-09-30,current_observation_only,,coordinates_resolved,current_holding_statement,MEI,00200686,https://data.cerl.org/mei/00200686,data/expanded/mei-corpus.json,Observed as the current holding institution; no arrival date is inferred.,,,,,DE,,,human_review_2026_10_01,Ortszuweisung nach Prüfung durch Stefan Matter (01.10.2026); Kartenpunkt auf Ortsebene.,https://www.geonames.org/2803560,"Zwickau, Ratsschulbibliothek",ORT-0280117C,locality,,
02101265-print,02101265,02101265,ib00939000,ib00939000,print_place,first,0,1,,,Venedig,Venice,Venice,GeoNames,3164603,https://www.geonames.org/3164603,45.43713,12.33265,,,,KW 150 D 20,1486,1486,,,gw_extracted_year_range,,coordinates_resolved,edition_level_print_statement,GW,13367,https://gesamtkatalogderwiegendrucke.de/docs/GW13367.htm,data/derived/prayer-book-corpus.csv,Printing statement shared by copies of the edition.,Venedig,,,print_place-venedig,IT,,,verified_geonames_city,,https://gesamtkatalogderwiegendrucke.de/docs/GW13360.htm | https://gesamtkatalogderwiegendrucke.de/docs/GW1338820N.htm,Venedig,,locality,,
02101265-current,02101265,02101265,ib00939000,ib00939000,current_holding,last,4,1,,,"Den Haag, Koninklijke Bibliotheek - Nationale Bibliotheek van Nederland",The Hague,The Hague,GeoNames,2747373,https://www.geonames.org/2747373,52.07667,4.29861,NL,NLKB,"Den Haag, Koninklijke Bibliotheek - Nationale Bibliotheek van Nederland",KW 150 D 20,,,,2026-09-30,current_observation_only,,coordinates_resolved,current_holding_statement,MEI,02101265,https://data.cerl.org/mei/02101265,data/expanded/mei-corpus.json,Observed as the current holding institution; no arrival date is inferred.,,,,current_holding-nlkb,NL,,,cerl_holding_city_to_geonames,"The holding institution is mapped to its city-level GeoNames point, not to building coordinates.",https://data.cerl.org/holdinst/NLKB,"Den Haag, Koninklijke Bibliotheek - Nationale Bibliotheek van Nederland",,locality,,
00200681-print,00200681,00200681,ib00939000,ib00939000,print_place,first,0,1,,,Venedig,Venice,Venice,GeoNames,3164603,https://www.geonames.org/3164603,45.43713,12.33265,,,,A1.B642p 1486,1486,1486,,,gw_extracted_year_range,,coordinates_resolved,edition_level_print_statement,GW,13367,https://gesamtkatalogderwiegendrucke.de/docs/GW13367.htm,data/derived/prayer-book-corpus.csv,Printing statement shared by copies of the edition.,Venedig,,,print_place-venedig,IT,,,verified_geonames_city,,https://gesamtkatalogderwiegendrucke.de/docs/GW13360.htm | https://gesamtkatalogderwiegendrucke.de/docs/GW1338820N.htm,Venedig,,locality,,
00200681-current,00200681,00200681,ib00939000,ib00939000,current_holding,last,1,1,,,"Los Angeles CA, University of California",Los Angeles,Los Angeles,GeoNames,5368361,https://www.geonames.org/5368361,34.05223,-118.24368,US,UCalLAL,"Los Angeles CA, University of California",A1.B642p 1486,,,,2026-09-30,current_observation_only,,coordinates_resolved,current_holding_statement,MEI,00200681,https://data.cerl.org/mei/00200681,data/expanded/mei-corpus.json,Observed as the current holding institution; no arrival date is inferred.,,,,,US,,,human_review_2026_10_01,Ortszuweisung nach Prüfung durch Stefan Matter (01.10.2026); Kartenpunkt auf Ortsebene.,https://data.cerl.org/mei/00200639,"Los Angeles CA, University of California",ORT-DB7BF974,locality,,
00200684-print,00200684,00200684,ib00939000,ib00939000,print_place,first,0,1,,,Venedig,Venice,Venice,GeoNames,3164603,https://www.geonames.org/3164603,45.43713,12.33265,,,,Inc.56 T.III.2,1486,1486,,,gw_extracted_year_range,,coordinates_resolved,edition_level_print_statement,GW,13367,https://gesamtkatalogderwiegendrucke.de/docs/GW13367.htm,data/derived/prayer-book-corpus.csv,Printing statement shared by copies of the edition.,Venedig,,,print_place-venedig,IT,,,verified_geonames_city,,https://gesamtkatalogderwiegendrucke.de/docs/GW13360.htm | https://gesamtkatalogderwiegendrucke.de/docs/GW1338820N.htm,Venedig,,locality,,
00200684-current,00200684,00200684,ib00939000,ib00939000,current_holding,last,2,1,,,"Szczyrzyc, Biblioteka OO. Cystersów",Szczyrzyc,Szczyrzyc,GeoNames,757367,https://www.geonames.org/757367,49.78304,20.19012,PL,SzczyrzycC,"Szczyrzyc, Biblioteka OO. Cystersów",Inc.56 T.III.2,,,,2026-09-30,current_observation_only,,coordinates_resolved,current_holding_statement,MEI,00200684,https://data.cerl.org/mei/00200684,data/expanded/mei-corpus.json,Observed as the current holding institution; no arrival date is inferred.,,,,,PL,,,source_name_and_country_match,Locality-level point reused from source data; no building location or arrival date inferred.,https://data.cerl.org/mei/00200684,"Szczyrzyc, Biblioteka OO. Cystersów",,locality,,
02000952-print,02000952,02000952,ic00788150,ic00788150,print_place,first,0,1,,,Florenz,Florence,Florence,GeoNames,3176959,https://www.geonames.org/3176959,43.77925,11.24626,,,,IA.27029,1477,1477,,,gw_extracted_year_range,,coordinates_resolved,edition_level_print_statement,GW,13391,https://gesamtkatalogderwiegendrucke.de/docs/GW13391.htm,data/derived/prayer-book-corpus.csv,Printing statement shared by copies of the edition.,Florenz,,,print_place-florenz,IT,,,reused_mei_geonames,,https://gesamtkatalogderwiegendrucke.de/docs/GW13391.htm | https://gesamtkatalogderwiegendrucke.de/docs/GW13394.htm,Florenz,,locality,,
02000952-current,02000952,02000952,ic00788150,ic00788150,current_holding,last,2,1,,,"London, British Library",London,London,GeoNames,2643743,https://www.geonames.org/2643743,51.50853,-0.12574,GB,LondonBL,"London, British Library",IA.27029,,,,2026-09-23,current_observation_only,,coordinates_resolved,current_holding_statement,MEI,02000952,https://data.cerl.org/mei/02000952,data/expanded/mei-corpus.json,Observed as the current holding institution; no arrival date is inferred.,,,,current_holding-londonbl,GB,,Q23308,cerl_holding_city_to_geonames,"The holding institution is mapped to its city-level GeoNames point, not to building coordinates.",https://data.cerl.org/holdinst/LondonBL,"London, British Library",,locality,,
00200669-print,00200669,00200669,ic00788150,ic00788150,print_place,first,0,1,,,Florenz,Florence,Florence,GeoNames,3176959,https://www.geonames.org/3176959,43.77925,11.24626,,,,Inc.4.B.8.3 (4375),1477,1477,,,gw_extracted_year_range,,coordinates_resolved,edition_level_print_statement,GW,13391,https://gesamtkatalogderwiegendrucke.de/docs/GW13391.htm,data/derived/prayer-book-corpus.csv,Printing statement shared by copies of the edition.,Florenz,,,print_place-florenz,IT,,,reused_mei_geonames,,https://gesamtkatalogderwiegendrucke.de/docs/GW13391.htm | https://gesamtkatalogderwiegendrucke.de/docs/GW13394.htm,Florenz,,locality,,
00200669-current,00200669,00200669,ic00788150,ic00788150,current_holding,last,1,1,,,"Cambridge, University Library",Cambridge,Cambridge,GeoNames,2653941,https://www.geonames.org/2653941,52.2,0.11667,GB,CambridgeUL,"Cambridge, University Library",Inc.4.B.8.3 (4375),,,,2026-09-23,current_observation_only,,coordinates_resolved,current_holding_statement,MEI,00200669,https://data.cerl.org/mei/00200669,data/expanded/mei-corpus.json,Observed as the current holding institution; no arrival date is inferred.,,,,current_holding-cambridgeul,GB,,Q1028334,cerl_holding_city_to_geonames,"The holding institution is mapped to its city-level GeoNames point, not to building coordinates.",https://data.cerl.org/holdinst/CambridgeUL,"Cambridge, University Library",,locality,,
00200671-print,00200671,00200671,ic00788150,ic00788150,print_place,first,0,1,,,Florenz,Florence,Florence,GeoNames,3176959,https://www.geonames.org/3176959,43.77925,11.24626,,,,Ed.R 647,1477,1477,,,gw_extracted_year_range,,coordinates_resolved,edition_level_print_statement,GW,13391,https://gesamtkatalogderwiegendrucke.de/docs/GW13391.htm,data/derived/prayer-book-corpus.csv,Printing statement shared by copies of the edition.,Florenz,,,print_place-florenz,IT,,,reused_mei_geonames,,https://gesamtkatalogderwiegendrucke.de/docs/GW13391.htm | https://gesamtkatalogderwiegendrucke.de/docs/GW13394.htm,Florenz,,locality,,
00200671-current,00200671,00200671,ic00788150,ic00788150,current_holding,last,1,1,,,Firenze Biblioteca Riccardiana,Florence,Florence,GeoNames,3176959,https://www.geonames.org/3176959,43.77925,11.24626,IT,FirenzeRicc,Firenze Biblioteca Riccardiana,Ed.R 647,,,,2026-09-23,current_observation_only,,coordinates_resolved,current_holding_statement,MEI,00200671,https://data.cerl.org/mei/00200671,data/expanded/mei-corpus.json,Observed as the current holding institution; no arrival date is inferred.,,,,current_holding-firenzericc,IT,,,cerl_holding_city_to_geonames,"The holding institution is mapped to its city-level GeoNames point, not to building coordinates.",https://data.cerl.org/holdinst/FirenzeRicc,Firenze Biblioteca Riccardiana,,locality,,
00200670-print,00200670,00200670,ic00788150,ic00788150,print_place,first,0,1,,,Florenz,Florence,Florence,GeoNames,3176959,https://www.geonames.org/3176959,43.77925,11.24626,,,,B. 5. 31,1477,1477,,,gw_extracted_year_range,,coordinates_resolved,edition_level_print_statement,GW,13391,https://gesamtkatalogderwiegendrucke.de/docs/GW13391.htm,data/derived/prayer-book-corpus.csv,Printing statement shared by copies of the edition.,Florenz,,,print_place-florenz,IT,,,reused_mei_geonames,,https://gesamtkatalogderwiegendrucke.de/docs/GW13391.htm | https://gesamtkatalogderwiegendrucke.de/docs/GW13394.htm,Florenz,,locality,,
00200670-current,00200670,00200670,ic00788150,ic00788150,current_holding,last,1,1,,,"Firenze, Biblioteca Nazionale Centrale",Florence,Florence,GeoNames,3176959,https://www.geonames.org/3176959,43.77925,11.24626,IT,FirenzeN,"Firenze, Biblioteca Nazionale Centrale",B. 5. 31,,,,2026-09-23,current_observation_only,,coordinates_resolved,current_holding_statement,MEI,00200670,https://data.cerl.org/mei/00200670,data/expanded/mei-corpus.json,Observed as the current holding institution; no arrival date is inferred.,,,,current_holding-firenzen,IT,,,cerl_holding_city_to_geonames,"The holding institution is mapped to its city-level GeoNames point, not to building coordinates.",https://data.cerl.org/holdinst/FirenzeN,"Firenze, Biblioteca Nazionale Centrale",,locality,,
00559729-print,00559729,00559729,ic00788150,ic00788150,print_place,first,0,1,,,Florenz,Florence,Florence,GeoNames,3176959,https://www.geonames.org/3176959,43.77925,11.24626,,,,Inc.4.B.8.3[4375],1477,1477,,,gw_extracted_year_range,,coordinates_resolved,edition_level_print_statement,GW,13391,https://gesamtkatalogderwiegendrucke.de/docs/GW13391.htm,data/derived/prayer-book-corpus.csv,Printing statement shared by copies of the edition.,Florenz,,,print_place-florenz,IT,,,reused_mei_geonames,,https://gesamtkatalogderwiegendrucke.de/docs/GW13391.htm | https://gesamtkatalogderwiegendrucke.de/docs/GW13394.htm,Florenz,,locality,,
00559729-current,00559729,00559729,ic00788150,ic00788150,current_holding,last,3,1,,,"Cambridge, University Library",Cambridge,Cambridge,GeoNames,2653941,https://www.geonames.org/2653941,52.2,0.11667,GB,CambridgeUL,"Cambridge, University Library",Inc.4.B.8.3[4375],,,,2026-09-23,current_observation_only,,coordinates_resolved,current_holding_statement,MEI,00559729,https://data.cerl.org/mei/00559729,data/expanded/mei-corpus.json,Observed as the current holding institution; no arrival date is inferred.,,,,current_holding-cambridgeul,GB,,Q1028334,cerl_holding_city_to_geonames,"The holding institution is mapped to its city-level GeoNames point, not to building coordinates.",https://data.cerl.org/holdinst/CambridgeUL,"Cambridge, University Library",,locality,,
00200677-print,00200677,00200677,ic00788300,ic00788300,print_place,first,0,1,,,Florenz,Florence,Florence,GeoNames,3176959,https://www.geonames.org/3176959,43.77925,11.24626,,,,A. 7. 16,1486,1486,,,gw_extracted_year_range,,coordinates_resolved,edition_level_print_statement,GW,13392,https://gesamtkatalogderwiegendrucke.de/docs/GW13392.htm,data/derived/prayer-book-corpus.csv,Printing statement shared by copies of the edition.,Florenz,,,print_place-florenz,IT,,,reused_mei_geonames,,https://gesamtkatalogderwiegendrucke.de/docs/GW13391.htm | https://gesamtkatalogderwiegendrucke.de/docs/GW13394.htm,Florenz,,locality,,
00200677-current,00200677,00200677,ic00788300,ic00788300,current_holding,last,1,1,,,"Firenze, Biblioteca Nazionale Centrale",Florence,Florence,GeoNames,3176959,https://www.geonames.org/3176959,43.77925,11.24626,IT,FirenzeN,"Firenze, Biblioteca Nazionale Centrale",A. 7. 16,,,,2026-09-30,current_observation_only,,coordinates_resolved,current_holding_statement,MEI,00200677,https://data.cerl.org/mei/00200677,data/expanded/mei-corpus.json,Observed as the current holding institution; no arrival date is inferred.,,,,current_holding-firenzen,IT,,,cerl_holding_city_to_geonames,"The holding institution is mapped to its city-level GeoNames point, not to building coordinates.",https://data.cerl.org/holdinst/FirenzeN,"Firenze, Biblioteca Nazionale Centrale",,locality,,
00200678-print,00200678,00200678,ic00788300,ic00788300,print_place,first,0,1,,,Florenz,Florence,Florence,GeoNames,3176959,https://www.geonames.org/3176959,43.77925,11.24626,,,,Ed.R. 648,1486,1486,,,gw_extracted_year_range,,coordinates_resolved,edition_level_print_statement,GW,13392,https://gesamtkatalogderwiegendrucke.de/docs/GW13392.htm,data/derived/prayer-book-corpus.csv,Printing statement shared by copies of the edition.,Florenz,,,print_place-florenz,IT,,,reused_mei_geonames,,https://gesamtkatalogderwiegendrucke.de/docs/GW13391.htm | https://gesamtkatalogderwiegendrucke.de/docs/GW13394.htm,Florenz,,locality,,
00200678-current,00200678,00200678,ic00788300,ic00788300,current_holding,last,1,1,,,Firenze Biblioteca Riccardiana,Florence,Florence,GeoNames,3176959,https://www.geonames.org/3176959,43.77925,11.24626,IT,FirenzeRicc,Firenze Biblioteca Riccardiana,Ed.R. 648,,,,2026-09-30,current_observation_only,,coordinates_resolved,current_holding_statement,MEI,00200678,https://data.cerl.org/mei/00200678,data/expanded/mei-corpus.json,Observed as the current holding institution; no arrival date is inferred.,,,,current_holding-firenzericc,IT,,,cerl_holding_city_to_geonames,"The holding institution is mapped to its city-level GeoNames point, not to building coordinates.",https://data.cerl.org/holdinst/FirenzeRicc,Firenze Biblioteca Riccardiana,,locality,,
00200679-print,00200679,00200679,ic00788300,ic00788300,print_place,first,0,1,,,Florenz,Florence,Florence,GeoNames,3176959,https://www.geonames.org/3176959,43.77925,11.24626,,,,Inc.54,1486,1486,,,gw_extracted_year_range,,coordinates_resolved,edition_level_print_statement,GW,13392,https://gesamtkatalogderwiegendrucke.de/docs/GW13392.htm,data/derived/prayer-book-corpus.csv,Printing statement shared by copies of the edition.,Florenz,,,print_place-florenz,IT,,,reused_mei_geonames,,https://gesamtkatalogderwiegendrucke.de/docs/GW13391.htm | https://gesamtkatalogderwiegendrucke.de/docs/GW13394.htm,Florenz,,locality,,
00200679-current,00200679,00200679,ic00788300,ic00788300,current_holding,last,1,1,,,"Pisa, Biblioteca Cathariniana del Seminario Arcivescovile",Pisa,Pisa,,,,43.717,10.4,IT,PisaSem,"Pisa, Biblioteca Cathariniana del Seminario Arcivescovile",Inc.54,,,,2026-09-30,current_observation_only,,coordinates_resolved,current_holding_statement,MEI,00200679,https://data.cerl.org/mei/00200679,data/expanded/mei-corpus.json,Observed as the current holding institution; no arrival date is inferred.,,,,,IT,,,human_review_2026_10_01,Ortszuweisung nach Prüfung durch Stefan Matter (01.10.2026); Kartenpunkt auf Ortsebene.,https://en.wikipedia.org/wiki/Pisa,"Pisa, Biblioteca Cathariniana del Seminario Arcivescovile",ORT-B5A08C2C,locality,,
00200680-print,00200680,00200680,ic00788300,ic00788300,print_place,first,0,1,,,Florenz,Florence,Florence,GeoNames,3176959,https://www.geonames.org/3176959,43.77925,11.24626,,,,AB/3 II fila 80,1486,1486,,,gw_extracted_year_range,,coordinates_resolved,edition_level_print_statement,GW,13392,https://gesamtkatalogderwiegendrucke.de/docs/GW13392.htm,data/derived/prayer-book-corpus.csv,Printing statement shared by copies of the edition.,Florenz,,,print_place-florenz,IT,,,reused_mei_geonames,,https://gesamtkatalogderwiegendrucke.de/docs/GW13391.htm | https://gesamtkatalogderwiegendrucke.de/docs/GW13394.htm,Florenz,,locality,,
00200680-current,00200680,00200680,ic00788300,ic00788300,current_holding,last,1,1,,,"Pistoia, Biblioteca Forteguerriana",Pistoia,Pistoia,GeoNames,3170621,https://www.geonames.org/3170621,43.93064,10.92365,IT,PistoiaFort,"Pistoia, Biblioteca Forteguerriana",AB/3 II fila 80,,,,2026-09-30,current_observation_only,,coordinates_resolved,current_holding_statement,MEI,00200680,https://data.cerl.org/mei/00200680,data/expanded/mei-corpus.json,Observed as the current holding institution; no arrival date is inferred.,,,,,IT,,,source_name_and_country_match,Locality-level point reused from source data; no building location or arrival date inferred.,https://data.cerl.org/mei/00200661,"Pistoia, Biblioteca Forteguerriana",,locality,,
00200688-print,00200688,00200688,ic00788450,ic00788450,print_place,first,0,1,,,Florenz,Florence,Florence,GeoNames,3176959,https://www.geonames.org/3176959,43.77925,11.24626,,,,L. 6. 62,1488,1488,,,gw_extracted_year_range,,coordinates_resolved,edition_level_print_statement,GW,13393,https://gesamtkatalogderwiegendrucke.de/docs/GW13393.htm,data/derived/prayer-book-corpus.csv,Printing statement shared by copies of the edition.,Florenz,,,print_place-florenz,IT,,,reused_mei_geonames,,https://gesamtkatalogderwiegendrucke.de/docs/GW13391.htm | https://gesamtkatalogderwiegendrucke.de/docs/GW13394.htm,Florenz,,locality,,
00200688-current,00200688,00200688,ic00788450,ic00788450,current_holding,last,1,1,,,"Firenze, Biblioteca Nazionale Centrale",Florence,Florence,GeoNames,3176959,https://www.geonames.org/3176959,43.77925,11.24626,IT,FirenzeN,"Firenze, Biblioteca Nazionale Centrale",L. 6. 62,,,,2026-09-30,current_observation_only,,coordinates_resolved,current_holding_statement,MEI,00200688,https://data.cerl.org/mei/00200688,data/expanded/mei-corpus.json,Observed as the current holding institution; no arrival date is inferred.,,,,current_holding-firenzen,IT,,,cerl_holding_city_to_geonames,"The holding institution is mapped to its city-level GeoNames point, not to building coordinates.",https://data.cerl.org/holdinst/FirenzeN,"Firenze, Biblioteca Nazionale Centrale",,locality,,
00200689-print,00200689,00200689,ic00788450,ic00788450,print_place,first,0,1,,,Florenz,Florence,Florence,GeoNames,3176959,https://www.geonames.org/3176959,43.77925,11.24626,,,,N VI 024,1488,1488,,,gw_extracted_year_range,,coordinates_resolved,edition_level_print_statement,GW,13393,https://gesamtkatalogderwiegendrucke.de/docs/GW13393.htm,data/derived/prayer-book-corpus.csv,Printing statement shared by copies of the edition.,Florenz,,,print_place-florenz,IT,,,reused_mei_geonames,,https://gesamtkatalogderwiegendrucke.de/docs/GW13391.htm | https://gesamtkatalogderwiegendrucke.de/docs/GW13394.htm,Florenz,,locality,,
00200689-current,00200689,00200689,ic00788450,ic00788450,current_holding,last,1,1,,,"Siena, Biblioteca Comunale degli Intronati",Siena,Siena,GeoNames,3166548,https://www.geonames.org/3166548,43.31822,11.33064,IT,SienaC,"Siena, Biblioteca Comunale degli Intronati",N VI 024,,,,2026-09-30,current_observation_only,,coordinates_resolved,current_holding_statement,MEI,00200689,https://data.cerl.org/mei/00200689,data/expanded/mei-corpus.json,Observed as the current holding institution; no arrival date is inferred.,,,,current_holding-sienac,IT,,,cerl_holding_city_to_geonames,"The holding institution is mapped to its city-level GeoNames point, not to building coordinates.",https://data.cerl.org/holdinst/SienaC,"Siena, Biblioteca Comunale degli Intronati",,locality,,
00559730-print,00559730,00559730,ic00788450,ic00788450,print_place,first,0,1,,,Florenz,Florence,Florence,GeoNames,3176959,https://www.geonames.org/3176959,43.77925,11.24626,,,,Inc.4.B.8.12[4461],1488,1488,,,gw_extracted_year_range,,coordinates_resolved,edition_level_print_statement,GW,13393,https://gesamtkatalogderwiegendrucke.de/docs/GW13393.htm,data/derived/prayer-book-corpus.csv,Printing statement shared by copies of the edition.,Florenz,,,print_place-florenz,IT,,,reused_mei_geonames,,https://gesamtkatalogderwiegendrucke.de/docs/GW13391.htm | https://gesamtkatalogderwiegendrucke.de/docs/GW13394.htm,Florenz,,locality,,
00559730-current,00559730,00559730,ic00788450,ic00788450,current_holding,last,5,1,,,"Cambridge, University Library",Cambridge,Cambridge,GeoNames,2653941,https://www.geonames.org/2653941,52.2,0.11667,GB,CambridgeUL,"Cambridge, University Library",Inc.4.B.8.12[4461],,,,2026-09-30,current_observation_only,,coordinates_resolved,current_holding_statement,MEI,00559730,https://data.cerl.org/mei/00559730,data/expanded/mei-corpus.json,Observed as the current holding institution; no arrival date is inferred.,,,,current_holding-cambridgeul,GB,,Q1028334,cerl_holding_city_to_geonames,"The holding institution is mapped to its city-level GeoNames point, not to building coordinates.",https://data.cerl.org/holdinst/CambridgeUL,"Cambridge, University Library",,locality,,
00200693-print,00200693,00200693,ic00788600,ic00788600,print_place,first,0,1,,,Florenz,Florence,Florence,GeoNames,3176959,https://www.geonames.org/3176959,43.77925,11.24626,,,,B. 5. 32,,,,,gw_date_not_yet_extracted,,coordinates_resolved,edition_level_print_statement,GW,13394,https://gesamtkatalogderwiegendrucke.de/docs/GW13394.htm,data/derived/prayer-book-corpus.csv,Printing statement shared by copies of the edition.,Florenz,,,print_place-florenz,IT,,,reused_mei_geonames,,https://gesamtkatalogderwiegendrucke.de/docs/GW13391.htm | https://gesamtkatalogderwiegendrucke.de/docs/GW13394.htm,Florenz,,locality,,
00200693-current,00200693,00200693,ic00788600,ic00788600,current_holding,last,1,1,,,"Firenze, Biblioteca Nazionale Centrale",Florence,Florence,GeoNames,3176959,https://www.geonames.org/3176959,43.77925,11.24626,IT,FirenzeN,"Firenze, Biblioteca Nazionale Centrale",B. 5. 32,,,,2026-09-23,current_observation_only,,coordinates_resolved,current_holding_statement,MEI,00200693,https://data.cerl.org/mei/00200693,data/expanded/mei-corpus.json,Observed as the current holding institution; no arrival date is inferred.,,,,current_holding-firenzen,IT,,,cerl_holding_city_to_geonames,"The holding institution is mapped to its city-level GeoNames point, not to building coordinates.",https://data.cerl.org/holdinst/FirenzeN,"Firenze, Biblioteca Nazionale Centrale",,locality,,
00200696-print,00200696,00200696,ic00788600,ic00788600,print_place,first,0,1,,,Florenz,Florence,Florence,GeoNames,3176959,https://www.geonames.org/3176959,43.77925,11.24626,,,,Rés. B. 2912,,,,,gw_date_not_yet_extracted,,coordinates_resolved,edition_level_print_statement,GW,13394,https://gesamtkatalogderwiegendrucke.de/docs/GW13394.htm,data/derived/prayer-book-corpus.csv,Printing statement shared by copies of the edition.,Florenz,,,print_place-florenz,IT,,,reused_mei_geonames,,https://gesamtkatalogderwiegendrucke.de/docs/GW13391.htm | https://gesamtkatalogderwiegendrucke.de/docs/GW13394.htm,Florenz,,locality,,
00200696-current,00200696,00200696,ic00788600,ic00788600,current_holding,last,1,1,,,"Paris, Bibliothèque nationale de France",Paris,Paris,GeoNames,2988507,https://www.geonames.org/2988507,48.85341,2.3488,FR,ParisBN,"Paris, Bibliothèque nationale de France",Rés. B. 2912,,,,2026-09-23,current_observation_only,,coordinates_resolved,current_holding_statement,MEI,00200696,https://data.cerl.org/mei/00200696,data/expanded/mei-corpus.json,Observed as the current holding institution; no arrival date is inferred.,,,,current_holding-parisbn,FR,Q90,Q193563,cerl_holding_city_to_geonames,"The holding institution is mapped to the same Paris capital record used by MEI provenance places, not to exact building coordinates.",https://data.cerl.org/holdinst/ParisBN,"Paris, Bibliothèque nationale de France",,locality,,
00200695-print,00200695,00200695,ic00788600,ic00788600,print_place,first,0,1,,,Florenz,Florence,Florence,GeoNames,3176959,https://www.geonames.org/3176959,43.77925,11.24626,,,,[alfa]. C.2.4,,,,,gw_date_not_yet_extracted,,coordinates_resolved,edition_level_print_statement,GW,13394,https://gesamtkatalogderwiegendrucke.de/docs/GW13394.htm,data/derived/prayer-book-corpus.csv,Printing statement shared by copies of the edition.,Florenz,,,print_place-florenz,IT,,,reused_mei_geonames,,https://gesamtkatalogderwiegendrucke.de/docs/GW13391.htm | https://gesamtkatalogderwiegendrucke.de/docs/GW13394.htm,Florenz,,locality,,
00200695-current,00200695,00200695,ic00788600,ic00788600,current_holding,last,1,1,,,"Modena, Biblioteca Estense Universitaria",Modena,Modena,GeoNames,3173331,https://www.geonames.org/3173331,44.64783,10.92539,IT,ModenaEst,"Modena, Biblioteca Estense Universitaria",[alfa]. C.2.4,,,,2026-09-23,current_observation_only,,coordinates_resolved,current_holding_statement,MEI,00200695,https://data.cerl.org/mei/00200695,data/expanded/mei-corpus.json,Observed as the current holding institution; no arrival date is inferred.,,,,current_holding-modenaest,IT,Q279,,cerl_holding_city_to_geonames,"The holding institution is mapped to its city-level GeoNames point, not to building coordinates.",https://data.cerl.org/holdinst/ModenaEst,"Modena, Biblioteca Estense Universitaria",,locality,,
00200697-print,00200697,00200697,ic00788600,ic00788600,print_place,first,0,1,,,Florenz,Florence,Florence,GeoNames,3176959,https://www.geonames.org/3176959,43.77925,11.24626,,,,M VI 021,,,,,gw_date_not_yet_extracted,,coordinates_resolved,edition_level_print_statement,GW,13394,https://gesamtkatalogderwiegendrucke.de/docs/GW13394.htm,data/derived/prayer-book-corpus.csv,Printing statement shared by copies of the edition.,Florenz,,,print_place-florenz,IT,,,reused_mei_geonames,,https://gesamtkatalogderwiegendrucke.de/docs/GW13391.htm | https://gesamtkatalogderwiegendrucke.de/docs/GW13394.htm,Florenz,,locality,,
00200697-current,00200697,00200697,ic00788600,ic00788600,current_holding,last,1,1,,,"Siena, Biblioteca Comunale degli Intronati",Siena,Siena,GeoNames,3166548,https://www.geonames.org/3166548,43.31822,11.33064,IT,SienaC,"Siena, Biblioteca Comunale degli Intronati",M VI 021,,,,2026-09-23,current_observation_only,,coordinates_resolved,current_holding_statement,MEI,00200697,https://data.cerl.org/mei/00200697,data/expanded/mei-corpus.json,Observed as the current holding institution; no arrival date is inferred.,,,,current_holding-sienac,IT,,,cerl_holding_city_to_geonames,"The holding institution is mapped to its city-level GeoNames point, not to building coordinates.",https://data.cerl.org/holdinst/SienaC,"Siena, Biblioteca Comunale degli Intronati",,locality,,
00200694-print,00200694,00200694,ic00788600,ic00788600,print_place,first,0,1,,,Florenz,Florence,Florence,GeoNames,3176959,https://www.geonames.org/3176959,43.77925,11.24626,,,,Pal. D. 7. 6. 3,,,,,gw_date_not_yet_extracted,,coordinates_resolved,edition_level_print_statement,GW,13394,https://gesamtkatalogderwiegendrucke.de/docs/GW13394.htm,data/derived/prayer-book-corpus.csv,Printing statement shared by copies of the edition.,Florenz,,,print_place-florenz,IT,,,reused_mei_geonames,,https://gesamtkatalogderwiegendrucke.de/docs/GW13391.htm | https://gesamtkatalogderwiegendrucke.de/docs/GW13394.htm,Florenz,,locality,,
00200694-current,00200694,00200694,ic00788600,ic00788600,current_holding,last,5,1,,,"Firenze, Biblioteca Nazionale Centrale",Florence,Florence,GeoNames,3176959,https://www.geonames.org/3176959,43.77925,11.24626,IT,FirenzeN,"Firenze, Biblioteca Nazionale Centrale",Pal. D. 7. 6. 3,,,,2026-09-23,current_observation_only,,coordinates_resolved,current_holding_statement,MEI,00200694,https://data.cerl.org/mei/00200694,data/expanded/mei-corpus.json,Observed as the current holding institution; no arrival date is inferred.,,,,current_holding-firenzen,IT,,,cerl_holding_city_to_geonames,"The holding institution is mapped to its city-level GeoNames point, not to building coordinates.",https://data.cerl.org/holdinst/FirenzeN,"Firenze, Biblioteca Nazionale Centrale",,locality,,
00200712-print,00200712,00200712,ic00790000,ic00790000,print_place,first,0,1,,,Venedig,Venice,Venice,GeoNames,3164603,https://www.geonames.org/3164603,45.43713,12.33265,,,,1420,1498,1498,,,gw_extracted_year_range,,coordinates_resolved,edition_level_print_statement,GW,13386,https://gesamtkatalogderwiegendrucke.de/docs/GW13386.htm,data/derived/prayer-book-corpus.csv,Printing statement shared by copies of the edition.,Venedig,,,print_place-venedig,IT,,,verified_geonames_city,,https://gesamtkatalogderwiegendrucke.de/docs/GW13360.htm | https://gesamtkatalogderwiegendrucke.de/docs/GW1338820N.htm,Venedig,,locality,,
00200712-current,00200712,00200712,ic00790000,ic00790000,current_holding,last,1,1,,,"Klosterneuburg, Chorherren, Stiftsbibliothek",Klosterneuburg,Klosterneuburg,GeoNames,2773913,https://www.geonames.org/2773913,48.30521,16.32522,AT,Klosterneuburg,"Klosterneuburg, Chorherren, Stiftsbibliothek",1420,,,,2026-09-30,current_observation_only,,coordinates_resolved,current_holding_statement,MEI,00200712,https://data.cerl.org/mei/00200712,data/expanded/mei-corpus.json,Observed as the current holding institution; no arrival date is inferred.,,,,,AT,,,human_review_2026_10_01,Ortszuweisung nach Prüfung durch Stefan Matter (01.10.2026); Kartenpunkt auf Ortsebene.,https://www.geonames.org/2773913,"Klosterneuburg, Chorherren, Stiftsbibliothek",ORT-906EE6B5,locality,,
00200709-print,00200709,00200709,ic00790000,ic00790000,print_place,first,0,1,,,Venedig,Venice,Venice,GeoNames,3164603,https://www.geonames.org/3164603,45.43713,12.33265,,,,,1498,1498,,,gw_extracted_year_range,,coordinates_resolved,edition_level_print_statement,GW,13386,https://gesamtkatalogderwiegendrucke.de/docs/GW13386.htm,data/derived/prayer-book-corpus.csv,Printing statement shared by copies of the edition.,Venedig,,,print_place-venedig,IT,,,verified_geonames_city,,https://gesamtkatalogderwiegendrucke.de/docs/GW13360.htm | https://gesamtkatalogderwiegendrucke.de/docs/GW1338820N.htm,Venedig,,locality,,
00200709-current,00200709,00200709,ic00790000,ic00790000,current_holding,last,1,1,,,"Esztergom, Érseki Simor Könyvtár",Esztergom,Esztergom,GeoNames,3053163,https://www.geonames.org/3053163,47.7928,18.74148,HU,EsztergomSimor,"Esztergom, Érseki Simor Könyvtár",,,,,2026-09-30,current_observation_only,,coordinates_resolved,current_holding_statement,MEI,00200709,https://data.cerl.org/mei/00200709,data/expanded/mei-corpus.json,Observed as the current holding institution; no arrival date is inferred.,,,,,HU,,,human_review_2026_10_01,Ortszuweisung nach Prüfung durch Stefan Matter (01.10.2026); Kartenpunkt auf Ortsebene.,https://www.geonames.org/3053163,"Esztergom, Érseki Simor Könyvtár",ORT-B6C1FED3,locality,,
00200711-print,00200711,00200711,ic00790000,ic00790000,print_place,first,0,1,,,Venedig,Venice,Venice,GeoNames,3164603,https://www.geonames.org/3164603,45.43713,12.33265,,,,Sec. XV 259,1498,1498,,,gw_extracted_year_range,,coordinates_resolved,edition_level_print_statement,GW,13386,https://gesamtkatalogderwiegendrucke.de/docs/GW13386.htm,data/derived/prayer-book-corpus.csv,Printing statement shared by copies of the edition.,Venedig,,,print_place-venedig,IT,,,verified_geonames_city,,https://gesamtkatalogderwiegendrucke.de/docs/GW13360.htm | https://gesamtkatalogderwiegendrucke.de/docs/GW1338820N.htm,Venedig,,locality,,
00200711-current,00200711,00200711,ic00790000,ic00790000,current_holding,last,1,1,,,"Padova, Biblioteca Universitaria",Padua,Padua,GeoNames,3171728,https://www.geonames.org/3171728,45.40797,11.88586,IT,PadovaU,"Padova, Biblioteca Universitaria",Sec. XV 259,,,,2026-09-30,current_observation_only,,coordinates_resolved,current_holding_statement,MEI,00200711,https://data.cerl.org/mei/00200711,data/expanded/mei-corpus.json,Observed as the current holding institution; no arrival date is inferred.,,,,,IT,,,source_name_and_country_match,Locality-level point reused from source data; no building location or arrival date inferred.,https://data.cerl.org/mei/02007622,"Padova, Biblioteca Universitaria",,locality,,
00200708-print,00200708,00200708,ic00790000,ic00790000,print_place,first,0,1,,,Venedig,Venice,Venice,GeoNames,3164603,https://www.geonames.org/3164603,45.43713,12.33265,,,,BV249.L3 C6 1498,1498,1498,,,gw_extracted_year_range,,coordinates_resolved,edition_level_print_statement,GW,13386,https://gesamtkatalogderwiegendrucke.de/docs/GW13386.htm,data/derived/prayer-book-corpus.csv,Printing statement shared by copies of the edition.,Venedig,,,print_place-venedig,IT,,,verified_geonames_city,,https://gesamtkatalogderwiegendrucke.de/docs/GW13360.htm | https://gesamtkatalogderwiegendrucke.de/docs/GW1338820N.htm,Venedig,,locality,,
00200708-current,00200708,00200708,ic00790000,ic00790000,current_holding,last,1,1,,,"Clinton NY, Hamilton College, Burke Library",Clinton,Clinton,,,,43.04889,-75.38028,US,HamCL,"Clinton NY, Hamilton College, Burke Library",BV249.L3 C6 1498,,,,2026-09-30,current_observation_only,,coordinates_resolved,current_holding_statement,MEI,00200708,https://data.cerl.org/mei/00200708,data/expanded/mei-corpus.json,Observed as the current holding institution; no arrival date is inferred.,,,,,US,,,human_review_2026_10_01,Ortszuweisung nach Prüfung durch Stefan Matter (01.10.2026); Kartenpunkt auf Ortsebene.,"https://en.wikipedia.org/wiki/Clinton,_Oneida_County,_New_York","Clinton NY, Hamilton College, Burke Library",ORT-35F5E504,locality,,
00200710-print,00200710,00200710,ic00790000,ic00790000,print_place,first,0,1,,,Venedig,Venice,Venice,GeoNames,3164603,https://www.geonames.org/3164603,45.43713,12.33265,,,,A1. C815 1498,1498,1498,,,gw_extracted_year_range,,coordinates_resolved,edition_level_print_statement,GW,13386,https://gesamtkatalogderwiegendrucke.de/docs/GW13386.htm,data/derived/prayer-book-corpus.csv,Printing statement shared by copies of the edition.,Venedig,,,print_place-venedig,IT,,,verified_geonames_city,,https://gesamtkatalogderwiegendrucke.de/docs/GW13360.htm | https://gesamtkatalogderwiegendrucke.de/docs/GW1338820N.htm,Venedig,,locality,,
00200710-current,00200710,00200710,ic00790000,ic00790000,current_holding,last,1,1,,,"Los Angeles CA, University of California",Los Angeles,Los Angeles,GeoNames,5368361,https://www.geonames.org/5368361,34.05223,-118.24368,US,UCalLAL,"Los Angeles CA, University of California",A1. C815 1498,,,,2026-09-30,current_observation_only,,coordinates_resolved,current_holding_statement,MEI,00200710,https://data.cerl.org/mei/00200710,data/expanded/mei-corpus.json,Observed as the current holding institution; no arrival date is inferred.,,,,,US,,,human_review_2026_10_01,Ortszuweisung nach Prüfung durch Stefan Matter (01.10.2026); Kartenpunkt auf Ortsebene.,https://data.cerl.org/mei/00200639,"Los Angeles CA, University of California",ORT-DB7BF974,locality,,
02136284-print,02136284,02136284,ic00989950,ic00989950,print_place,first,0,1,,,Ulm,Ulm,Ulm,GeoNames,2820256,https://www.geonames.org/2820256,48.39841,9.99155,,,,Gb 537 a,1482,1482,,,gw_extracted_year_range,,coordinates_resolved,edition_level_print_statement,GW,12975,https://gesamtkatalogderwiegendrucke.de/docs/GW12975.htm,data/derived/prayer-book-corpus.csv,Printing statement shared by copies of the edition.,Ulm,,,,DE,,,source_name_and_country_match,Locality-level point reused from source data; no building location or arrival date inferred.,https://www.geonames.org/2820256,Ulm,,locality,,
02136284-p001-loc01,02136284,02136284,ic00989950,ic00989950,provenance_place,intermediate,1,1,02136284-p001,02136284-p001-loc01,Weingarten,Weingarten,Weingarten,,,,47.80917,9.64444,,,,Gb 537 a,,,,,undated,,coordinates_resolved,copy_level_provenance_place,MEI,02136284-p001,https://data.cerl.org/mei/02136284,data/expanded/mei-corpus.json,,Weingarten,,,,DE,,,human_review_2026_10_01,Ortszuweisung nach Prüfung durch Stefan Matter (01.10.2026); Kartenpunkt auf Ortsebene.,"https://en.wikipedia.org/wiki/Weingarten,_W%C3%BCrttemberg",Weingarten,ORT-00E61902,locality,,
02136284-p002-loc01,02136284,02136284,ic00989950,ic00989950,provenance_place,intermediate,2,1,02136284-p002,02136284-p002-loc01,Stuttgart,Stuttgart,Stuttgart,,,,48.7775,9.18,,,,Gb 537 a,,,,,undated,,coordinates_resolved,copy_level_provenance_place,MEI,02136284-p002,https://data.cerl.org/mei/02136284,data/expanded/mei-corpus.json,,Stuttgart,,,,DE,,,human_review_2026_10_01,Ortszuweisung nach Prüfung durch Stefan Matter (01.10.2026); Kartenpunkt auf Ortsebene.,https://en.wikipedia.org/wiki/Stuttgart,Stuttgart,ORT-E236C774,locality,,
02136284-p003-loc01,02136284,02136284,ic00989950,ic00989950,provenance_place,intermediate,3,1,02136284-p003,02136284-p003-loc01,Tübingen,Tübingen,Tübingen,GeoNames,2820860,https://www.geonames.org/2820860,48.52266,9.05222,,,,Gb 537 a,,,,,undated,,coordinates_resolved,copy_level_provenance_place,MEI,02136284-p003,https://data.cerl.org/mei/02136284,data/expanded/mei-corpus.json,,Tübingen,,,provenance_place-tuebingen,DE,Q3806,,verified_geonames_city,,https://data.cerl.org/mei/02135612,Tübingen,,locality,,
02136284-p004-loc01,02136284,02136284,ic00989950,ic00989950,provenance_place,intermediate,4,1,02136284-p004,02136284-p004-loc01,Buchbinderwerkstätten (nicht lokalisiert),Buchbinderwerkstätten (nicht lokalisiert),,,,,,,,,,Gb 537 a,,,,,undated,,non_geographic,copy_level_provenance_place,MEI,02136284-p004,https://data.cerl.org/mei/02136284,data/expanded/mei-corpus.json,,Buchbinderwerkstätten (nicht lokalisiert),,,,,,,unresolved,,,Buchbinderwerkstätten (nicht lokalisiert),,,,
02136284-p005-loc01,02136284,02136284,ic00989950,ic00989950,provenance_place,intermediate,5,1,02136284-p005,02136284-p005-loc01,Tübingen,Tübingen,Tübingen,GeoNames,2820860,https://www.geonames.org/2820860,48.52266,9.05222,,,,Gb 537 a,,,,,undated,,coordinates_resolved,copy_level_provenance_place,MEI,02136284-p005,https://data.cerl.org/mei/02136284,data/expanded/mei-corpus.json,,Tübingen,,,provenance_place-tuebingen,DE,Q3806,,verified_geonames_city,,https://data.cerl.org/mei/02135612,Tübingen,,locality,,
02136284-current,02136284,02136284,ic00989950,ic00989950,current_holding,last,6,1,,,"Tübingen, Universitätsbibliothek",Tübingen,Tübingen,GeoNames,2820860,https://www.geonames.org/2820860,48.52266,9.05222,DE,TubingenUB,"Tübingen, Universitätsbibliothek",Gb 537 a,,,,2026-09-30,current_observation_only,,coordinates_resolved,current_holding_statement,MEI,02136284,https://data.cerl.org/mei/02136284,data/expanded/mei-corpus.json,Observed as the current holding institution; no arrival date is inferred.,,,,current_holding-tubingenub,DE,Q3806,Q2496347,cerl_holding_city_to_geonames,"The holding institution is mapped to its city-level GeoNames point, not to building coordinates.",https://data.cerl.org/holdinst/TubingenUB,"Tübingen, Universitätsbibliothek",,locality,,
02124929-print,02124929,02124929,ic00989950,ic00989950,print_place,first,0,1,,,Ulm,Ulm,Ulm,GeoNames,2820256,https://www.geonames.org/2820256,48.39841,9.99155,,,,Inc.84,1482,1482,,,gw_extracted_year_range,,coordinates_resolved,edition_level_print_statement,GW,12975,https://gesamtkatalogderwiegendrucke.de/docs/GW12975.htm,data/derived/prayer-book-corpus.csv,Printing statement shared by copies of the edition.,Ulm,,,,DE,,,source_name_and_country_match,Locality-level point reused from source data; no building location or arrival date inferred.,https://www.geonames.org/2820256,Ulm,,locality,,
02124929-current,02124929,02124929,ic00989950,ic00989950,current_holding,last,4,1,,,"Edinburgh, National Library of Scotland",Edinburgh,Edinburgh,GeoNames,2650225,https://www.geonames.org/2650225,55.95206,-3.19648,GB,EdinburghNLS,"Edinburgh, National Library of Scotland",Inc.84,,,,2026-09-30,current_observation_only,,coordinates_resolved,current_holding_statement,MEI,02124929,https://data.cerl.org/mei/02124929,data/expanded/mei-corpus.json,Observed as the current holding institution; no arrival date is inferred.,,,,,GB,,,source_name_and_country_match,Locality-level point reused from source data; no building location or arrival date inferred.,https://data.cerl.org/mei/02124929,"Edinburgh, National Library of Scotland",,locality,,
02135886-print,02135886,02135886,ic00989970,ic00989970,print_place,first,0,1,,,Ulm,Ulm,Ulm,GeoNames,2820256,https://www.geonames.org/2820256,48.39841,9.99155,,,,Ke XVIII 4 c.2 (Nr. 8),1488,1488,,,gw_extracted_year_range,,coordinates_resolved,edition_level_print_statement,GW,12978,https://gesamtkatalogderwiegendrucke.de/docs/GW12978.htm,data/derived/prayer-book-corpus.csv,Printing statement shared by copies of the edition.,Ulm,,,,DE,,,source_name_and_country_match,Locality-level point reused from source data; no building location or arrival date inferred.,https://www.geonames.org/2820256,Ulm,,locality,,
02135886-p001-loc01,02135886,02135886,ic00989970,ic00989970,provenance_place,intermediate,1,1,02135886-p001,02135886-p001-loc01,Tübingen,Tübingen,Tübingen,GeoNames,2820860,https://www.geonames.org/2820860,48.52266,9.05222,,,,Ke XVIII 4 c.2 (Nr. 8),,,,,undated,,coordinates_resolved,copy_level_provenance_place,MEI,02135886-p001,https://data.cerl.org/mei/02135886,data/expanded/mei-corpus.json,,Tübingen,,,provenance_place-tuebingen,DE,Q3806,,verified_geonames_city,,https://data.cerl.org/mei/02135612,Tübingen,,locality,,
02135886-current,02135886,02135886,ic00989970,ic00989970,current_holding,last,2,1,,,"Tübingen, Universitätsbibliothek",Tübingen,Tübingen,GeoNames,2820860,https://www.geonames.org/2820860,48.52266,9.05222,DE,TubingenUB,"Tübingen, Universitätsbibliothek",Ke XVIII 4 c.2 (Nr. 8),,,,2026-09-30,current_observation_only,,coordinates_resolved,current_holding_statement,MEI,02135886,https://data.cerl.org/mei/02135886,data/expanded/mei-corpus.json,Observed as the current holding institution; no arrival date is inferred.,,,,current_holding-tubingenub,DE,Q3806,Q2496347,cerl_holding_city_to_geonames,"The holding institution is mapped to its city-level GeoNames point, not to building coordinates.",https://data.cerl.org/holdinst/TubingenUB,"Tübingen, Universitätsbibliothek",,locality,,
02120861-print,02120861,02120861,ic00990000,ic00990000,print_place,first,0,1,,,Augsburg,Augsburg,Augsburg,GeoNames,2954172,https://www.geonames.org/2954172,48.37154,10.89851,,,,Ink 24.H.31,1487,1487,,,gw_extracted_year_range,,coordinates_resolved,edition_level_print_statement,GW,12945,https://gesamtkatalogderwiegendrucke.de/docs/GW12945.htm,data/derived/prayer-book-corpus.csv,Printing statement shared by copies of the edition.,Augsburg,,,,DE,,,source_name_and_country_match,Locality-level point reused from source data; no building location or arrival date inferred.,https://data.cerl.org/mei/02003758,Augsburg,,locality,,
02120861-current,02120861,02120861,ic00990000,ic00990000,current_holding,last,2,1,,,"Wien, Österreichische  Nationalbibliothek",Vienna,Vienna,GeoNames,2761369,https://www.geonames.org/2761369,48.20849,16.37208,AT,WienONB,"Wien, Österreichische  Nationalbibliothek",Ink 24.H.31,,,,2026-09-30,current_observation_only,,coordinates_resolved,current_holding_statement,MEI,02120861,https://data.cerl.org/mei/02120861,data/expanded/mei-corpus.json,Observed as the current holding institution; no arrival date is inferred.,,,,,AT,,,source_name_and_country_match,Locality-level point reused from source data; no building location or arrival date inferred.,https://data.cerl.org/mei/02115001,"Wien, Österreichische  Nationalbibliothek",,locality,,
00559789-print,00559789,00559789,ic00990000,ic00990000,print_place,first,0,1,,,Augsburg,Augsburg,Augsburg,GeoNames,2954172,https://www.geonames.org/2954172,48.37154,10.89851,,,,Inc.6.A.6.5[805],1487,1487,,,gw_extracted_year_range,,coordinates_resolved,edition_level_print_statement,GW,12945,https://gesamtkatalogderwiegendrucke.de/docs/GW12945.htm,data/derived/prayer-book-corpus.csv,Printing statement shared by copies of the edition.,Augsburg,,,,DE,,,source_name_and_country_match,Locality-level point reused from source data; no building location or arrival date inferred.,https://data.cerl.org/mei/02003758,Augsburg,,locality,,
00559789-current,00559789,00559789,ic00990000,ic00990000,current_holding,last,4,1,,,"Cambridge, University Library",Cambridge,Cambridge,GeoNames,2653941,https://www.geonames.org/2653941,52.2,0.11667,GB,CambridgeUL,"Cambridge, University Library",Inc.6.A.6.5[805],,,,2026-09-30,current_observation_only,,coordinates_resolved,current_holding_statement,MEI,00559789,https://data.cerl.org/mei/00559789,data/expanded/mei-corpus.json,Observed as the current holding institution; no arrival date is inferred.,,,,current_holding-cambridgeul,GB,,Q1028334,cerl_holding_city_to_geonames,"The holding institution is mapped to its city-level GeoNames point, not to building coordinates.",https://data.cerl.org/holdinst/CambridgeUL,"Cambridge, University Library",,locality,,
02118529-print,02118529,02118529,ic00990500,ic00990500,print_place,first,0,1,,,Speyer,Speyer,Speyer,,,,49.320833,8.431111,,,,Ink 19.H.18,1488,1488,,,gw_extracted_year_range,,coordinates_resolved,edition_level_print_statement,GW,12966,https://gesamtkatalogderwiegendrucke.de/docs/GW12966.htm,data/derived/prayer-book-corpus.csv,Printing statement shared by copies of the edition.,Speyer,,,,DE,,,human_review_2026_10_01,Ortszuweisung nach Prüfung durch Stefan Matter (01.10.2026); Kartenpunkt auf Ortsebene.,https://www.geonames.org/advanced-search.html?country=DE&q=Palatinate,Speyer,ORT-79A3571C,locality,,
02118529-current,02118529,02118529,ic00990500,ic00990500,current_holding,last,2,1,,,"Wien, Österreichische  Nationalbibliothek",Vienna,Vienna,GeoNames,2761369,https://www.geonames.org/2761369,48.20849,16.37208,AT,WienONB,"Wien, Österreichische  Nationalbibliothek",Ink 19.H.18,,,,2026-09-30,current_observation_only,,coordinates_resolved,current_holding_statement,MEI,02118529,https://data.cerl.org/mei/02118529,data/expanded/mei-corpus.json,Observed as the current holding institution; no arrival date is inferred.,,,,,AT,,,source_name_and_country_match,Locality-level point reused from source data; no building location or arrival date inferred.,https://data.cerl.org/mei/02115001,"Wien, Österreichische  Nationalbibliothek",,locality,,
02136285-print,02136285,02136285,ic00990500,ic00990500,print_place,first,0,1,,,Speyer,Speyer,Speyer,,,,49.320833,8.431111,,,,Gb 537,1488,1488,,,gw_extracted_year_range,,coordinates_resolved,edition_level_print_statement,GW,12966,https://gesamtkatalogderwiegendrucke.de/docs/GW12966.htm,data/derived/prayer-book-corpus.csv,Printing statement shared by copies of the edition.,Speyer,,,,DE,,,human_review_2026_10_01,Ortszuweisung nach Prüfung durch Stefan Matter (01.10.2026); Kartenpunkt auf Ortsebene.,https://www.geonames.org/advanced-search.html?country=DE&q=Palatinate,Speyer,ORT-79A3571C,locality,,
02136285-p002-loc01,02136285,02136285,ic00990500,ic00990500,provenance_place,intermediate,2,1,02136285-p002,02136285-p002-loc01,Mergentheim,Mergentheim,Mergentheim,GeoNames,2953402,https://www.geonames.org/2953402,49.4925,9.77361,,,,Gb 537,,,,,undated,,coordinates_resolved,copy_level_provenance_place,MEI,02136285-p002,https://data.cerl.org/mei/02136285,data/expanded/mei-corpus.json,,Mergentheim,,,,DE,,,human_review_2026_10_01,Ortszuweisung nach Prüfung durch Stefan Matter (01.10.2026); Kartenpunkt auf Ortsebene.,https://www.geonames.org/2953402,Mergentheim,ORT-3DE24268,locality,,
02136285-p003-loc01,02136285,02136285,ic00990500,ic00990500,provenance_place,intermediate,3,1,02136285-p003,02136285-p003-loc01,Tübingen,Tübingen,Tübingen,GeoNames,2820860,https://www.geonames.org/2820860,48.52266,9.05222,,,,Gb 537,,,,,undated,,coordinates_resolved,copy_level_provenance_place,MEI,02136285-p003,https://data.cerl.org/mei/02136285,data/expanded/mei-corpus.json,,Tübingen,,,provenance_place-tuebingen,DE,Q3806,,verified_geonames_city,,https://data.cerl.org/mei/02135612,Tübingen,,locality,,
02136285-current,02136285,02136285,ic00990500,ic00990500,current_holding,last,4,1,,,"Tübingen, Universitätsbibliothek",Tübingen,Tübingen,GeoNames,2820860,https://www.geonames.org/2820860,48.52266,9.05222,DE,TubingenUB,"Tübingen, Universitätsbibliothek",Gb 537,,,,2026-09-30,current_observation_only,,coordinates_resolved,current_holding_statement,MEI,02136285,https://data.cerl.org/mei/02136285,data/expanded/mei-corpus.json,Observed as the current holding institution; no arrival date is inferred.,,,,current_holding-tubingenub,DE,Q3806,Q2496347,cerl_holding_city_to_geonames,"The holding institution is mapped to its city-level GeoNames point, not to building coordinates.",https://data.cerl.org/holdinst/TubingenUB,"Tübingen, Universitätsbibliothek",,locality,,
02120860-print,02120860,02120860,ic00991000,ic00991000,print_place,first,0,1,,,Augsburg,Augsburg,Augsburg,GeoNames,2954172,https://www.geonames.org/2954172,48.37154,10.89851,,,,Ink 13.H.31,1489,1489,,,gw_extracted_year_range,,coordinates_resolved,edition_level_print_statement,GW,12946,https://gesamtkatalogderwiegendrucke.de/docs/GW12946.htm,data/derived/prayer-book-corpus.csv,Printing statement shared by copies of the edition.,Augsburg,,,,DE,,,source_name_and_country_match,Locality-level point reused from source data; no building location or arrival date inferred.,https://data.cerl.org/mei/02003758,Augsburg,,locality,,
02120860-current,02120860,02120860,ic00991000,ic00991000,current_holding,last,2,1,,,"Wien, Österreichische  Nationalbibliothek",Vienna,Vienna,GeoNames,2761369,https://www.geonames.org/2761369,48.20849,16.37208,AT,WienONB,"Wien, Österreichische  Nationalbibliothek",Ink 13.H.31,,,,2026-09-30,current_observation_only,,coordinates_resolved,current_holding_statement,MEI,02120860,https://data.cerl.org/mei/02120860,data/expanded/mei-corpus.json,Observed as the current holding institution; no arrival date is inferred.,,,,,AT,,,source_name_and_country_match,Locality-level point reused from source data; no building location or arrival date inferred.,https://data.cerl.org/mei/02115001,"Wien, Österreichische  Nationalbibliothek",,locality,,
02120859-print,02120859,02120859,ic00993000,ic00993000,print_place,first,0,1,,,Ulm,Ulm,Ulm,GeoNames,2820256,https://www.geonames.org/2820256,48.39841,9.99155,,,,Ink 24.H.32,1485,1485,,,gw_extracted_year_range,,coordinates_resolved,edition_level_print_statement,GW,12976,https://gesamtkatalogderwiegendrucke.de/docs/GW12976.htm,data/derived/prayer-book-corpus.csv,Printing statement shared by copies of the edition.,Ulm,,,,DE,,,source_name_and_country_match,Locality-level point reused from source data; no building location or arrival date inferred.,https://www.geonames.org/2820256,Ulm,,locality,,
02120859-current,02120859,02120859,ic00993000,ic00993000,current_holding,last,2,1,,,"Wien, Österreichische  Nationalbibliothek",Vienna,Vienna,GeoNames,2761369,https://www.geonames.org/2761369,48.20849,16.37208,AT,WienONB,"Wien, Österreichische  Nationalbibliothek",Ink 24.H.32,,,,2026-09-30,current_observation_only,,coordinates_resolved,current_holding_statement,MEI,02120859,https://data.cerl.org/mei/02120859,data/expanded/mei-corpus.json,Observed as the current holding institution; no arrival date is inferred.,,,,,AT,,,source_name_and_country_match,Locality-level point reused from source data; no building location or arrival date inferred.,https://data.cerl.org/mei/02115001,"Wien, Österreichische  Nationalbibliothek",,locality,,
02136283-print,02136283,02136283,ig00112700,ig00112700,print_place,first,0,1,,,Augsburg,Augsburg,Augsburg,GeoNames,2954172,https://www.geonames.org/2954172,48.37154,10.89851,,,,Gb 536,1471,1471,,,gw_extracted_year_range,,coordinates_resolved,edition_level_print_statement,GW,12981,https://gesamtkatalogderwiegendrucke.de/docs/GW12981.htm,data/derived/prayer-book-corpus.csv,Printing statement shared by copies of the edition.,Augsburg,,,,DE,,,source_name_and_country_match,Locality-level point reused from source data; no building location or arrival date inferred.,https://data.cerl.org/mei/02003758,Augsburg,,locality,,
02136283-p001-loc01,02136283,02136283,ig00112700,ig00112700,provenance_place,intermediate,1,1,02136283-p001,02136283-p001-loc01,Weingarten,Weingarten,Weingarten,,,,47.80917,9.64444,,,,Gb 536,,,,,undated,,coordinates_resolved,copy_level_provenance_place,MEI,02136283-p001,https://data.cerl.org/mei/02136283,data/expanded/mei-corpus.json,,Weingarten,,,,DE,,,human_review_2026_10_01,Ortszuweisung nach Prüfung durch Stefan Matter (01.10.2026); Kartenpunkt auf Ortsebene.,"https://en.wikipedia.org/wiki/Weingarten,_W%C3%BCrttemberg",Weingarten,ORT-18AC6571,locality,,
02136283-p002-loc01,02136283,02136283,ig00112700,ig00112700,provenance_place,intermediate,2,1,02136283-p002,02136283-p002-loc01,Buchbinderwerkstätten (nicht lokalisiert),Buchbinderwerkstätten (nicht lokalisiert),,,,,,,,,,Gb 536,,,,,undated,,non_geographic,copy_level_provenance_place,MEI,02136283-p002,https://data.cerl.org/mei/02136283,data/expanded/mei-corpus.json,,Buchbinderwerkstätten (nicht lokalisiert),,,,,,,unresolved,,,Buchbinderwerkstätten (nicht lokalisiert),,,,
02136283-p003-loc01,02136283,02136283,ig00112700,ig00112700,provenance_place,intermediate,3,1,02136283-p003,02136283-p003-loc01,Tübingen,Tübingen,Tübingen,GeoNames,2820860,https://www.geonames.org/2820860,48.52266,9.05222,,,,Gb 536,,,,,undated,,coordinates_resolved,copy_level_provenance_place,MEI,02136283-p003,https://data.cerl.org/mei/02136283,data/expanded/mei-corpus.json,,Tübingen,,,provenance_place-tuebingen,DE,Q3806,,verified_geonames_city,,https://data.cerl.org/mei/02135612,Tübingen,,locality,,
02136283-current,02136283,02136283,ig00112700,ig00112700,current_holding,last,4,1,,,"Tübingen, Universitätsbibliothek",Tübingen,Tübingen,GeoNames,2820860,https://www.geonames.org/2820860,48.52266,9.05222,DE,TubingenUB,"Tübingen, Universitätsbibliothek",Gb 536,,,,2026-09-30,current_observation_only,,coordinates_resolved,current_holding_statement,MEI,02136283,https://data.cerl.org/mei/02136283,data/expanded/mei-corpus.json,Observed as the current holding institution; no arrival date is inferred.,,,,current_holding-tubingenub,DE,Q3806,Q2496347,cerl_holding_city_to_geonames,"The holding institution is mapped to its city-level GeoNames point, not to building coordinates.",https://data.cerl.org/holdinst/TubingenUB,"Tübingen, Universitätsbibliothek",,locality,,
02120572-print,02120572,02120572,ig00113000,ig00113000,print_place,first,0,1,,,Nürnberg,Nuremberg,Nuremberg,GeoNames,2861650,https://www.geonames.org/2861650,49.45421,11.07752,,,,Ink 13.H.37,1481,1481,,,gw_extracted_year_range,,coordinates_resolved,edition_level_print_statement,GW,12985,https://gesamtkatalogderwiegendrucke.de/docs/GW12985.htm,data/derived/prayer-book-corpus.csv,Printing statement shared by copies of the edition.,Nürnberg,,,,DE,,,source_name_and_country_match,Locality-level point reused from source data; no building location or arrival date inferred.,https://www.geonames.org/2861650,Nürnberg,,locality,,
02120572-current,02120572,02120572,ig00113000,ig00113000,current_holding,last,2,1,,,"Wien, Österreichische  Nationalbibliothek",Vienna,Vienna,GeoNames,2761369,https://www.geonames.org/2761369,48.20849,16.37208,AT,WienONB,"Wien, Österreichische  Nationalbibliothek",Ink 13.H.37,,,,2026-09-30,current_observation_only,,coordinates_resolved,current_holding_statement,MEI,02120572,https://data.cerl.org/mei/02120572,data/expanded/mei-corpus.json,Observed as the current holding institution; no arrival date is inferred.,,,,,AT,,,source_name_and_country_match,Locality-level point reused from source data; no building location or arrival date inferred.,https://data.cerl.org/mei/02115001,"Wien, Österreichische  Nationalbibliothek",,locality,,
02138640-print,02138640,02138640,ig00113000,ig00113000,print_place,first,0,1,,,Nürnberg,Nuremberg,Nuremberg,GeoNames,2861650,https://www.geonames.org/2861650,49.45421,11.07752,,,,001 F 050,1481,1481,,,gw_extracted_year_range,,coordinates_resolved,edition_level_print_statement,GW,12985,https://gesamtkatalogderwiegendrucke.de/docs/GW12985.htm,data/derived/prayer-book-corpus.csv,Printing statement shared by copies of the edition.,Nürnberg,,,,DE,,,source_name_and_country_match,Locality-level point reused from source data; no building location or arrival date inferred.,https://www.geonames.org/2861650,Nürnberg,,locality,,
02138640-current,02138640,02138640,ig00113000,ig00113000,current_holding,last,4,1,,,"Den Haag, Huis van het Boek ",The Hague,The Hague,GeoNames,2747373,https://www.geonames.org/2747373,52.07667,4.29861,NL,TheHagueMMW,"Den Haag, Huis van het Boek ",001 F 050,,,,2026-09-30,current_observation_only,,coordinates_resolved,current_holding_statement,MEI,02138640,https://data.cerl.org/mei/02138640,data/expanded/mei-corpus.json,Observed as the current holding institution; no arrival date is inferred.,,,,current_holding-thehaguemmw,NL,,,cerl_holding_city_to_geonames,"The holding institution is mapped to its city-level GeoNames point, not to building coordinates.",https://data.cerl.org/holdinst/TheHagueMMW,"Den Haag, Huis van het Boek ",,locality,,
02130968-print,02130968,02130968,ig00113080,ig00113080,print_place,first,0,1,,,Lübeck,Lübeck,Lübeck,GeoNames,2875601,https://www.geonames.org/2875601,53.86893,10.68729,,,,H: QuH 169.10,1482,1482,,,gw_extracted_year_range,,coordinates_resolved,edition_level_print_statement,GW,13000,https://gesamtkatalogderwiegendrucke.de/docs/GW13000.htm,data/derived/prayer-book-corpus.csv,Printing statement shared by copies of the edition.,Lübeck,,,,DE,,,source_name_and_country_match,Locality-level point reused from source data; no building location or arrival date inferred.,https://data.cerl.org/mei/02130968,Lübeck,,locality,,
02130968-current,02130968,02130968,ig00113080,ig00113080,current_holding,last,4,1,,,"Wolfenbüttel, Herzog August Bibliothek",Wolfenbüttel,Wolfenbüttel,GeoNames,2806914,https://www.geonames.org/2806914,52.16442,10.54095,DE,WolfenbuettelHAB,"Wolfenbüttel, Herzog August Bibliothek",H: QuH 169.10,,,,2026-09-30,current_observation_only,,coordinates_resolved,current_holding_statement,MEI,02130968,https://data.cerl.org/mei/02130968,data/expanded/mei-corpus.json,Observed as the current holding institution; no arrival date is inferred.,,,,,DE,,,source_name_and_country_match,Locality-level point reused from source data; no building location or arrival date inferred.,https://data.cerl.org/mei/02130968,"Wolfenbüttel, Herzog August Bibliothek",,locality,,
02131168-print,02131168,02131168,ig00113100,ig00113100,print_place,first,0,1,,,Lübeck,Lübeck,Lübeck,GeoNames,2875601,https://www.geonames.org/2875601,53.86893,10.68729,,,,M: Th 202,1484,1484,,,gw_extracted_year_range,,coordinates_resolved,edition_level_print_statement,GW,13002,https://gesamtkatalogderwiegendrucke.de/docs/GW13002.htm,data/derived/prayer-book-corpus.csv,Printing statement shared by copies of the edition.,Lübeck,,,,DE,,,source_name_and_country_match,Locality-level point reused from source data; no building location or arrival date inferred.,https://data.cerl.org/mei/02130968,Lübeck,,locality,,
02131168-current,02131168,02131168,ig00113100,ig00113100,current_holding,last,4,1,,,"Wolfenbüttel, Herzog August Bibliothek",Wolfenbüttel,Wolfenbüttel,GeoNames,2806914,https://www.geonames.org/2806914,52.16442,10.54095,DE,WolfenbuettelHAB,"Wolfenbüttel, Herzog August Bibliothek",M: Th 202,,,,2026-09-30,current_observation_only,,coordinates_resolved,current_holding_statement,MEI,02131168,https://data.cerl.org/mei/02131168,data/expanded/mei-corpus.json,Observed as the current holding institution; no arrival date is inferred.,,,,,DE,,,source_name_and_country_match,Locality-level point reused from source data; no building location or arrival date inferred.,https://data.cerl.org/mei/02130968,"Wolfenbüttel, Herzog August Bibliothek",,locality,,
00560115-print,00560115,00560115,ig00113100,ig00113100,print_place,first,0,1,,,Lübeck,Lübeck,Lübeck,GeoNames,2875601,https://www.geonames.org/2875601,53.86893,10.68729,,,,Inc.6.A.14.2[1020],1484,1484,,,gw_extracted_year_range,,coordinates_resolved,edition_level_print_statement,GW,13002,https://gesamtkatalogderwiegendrucke.de/docs/GW13002.htm,data/derived/prayer-book-corpus.csv,Printing statement shared by copies of the edition.,Lübeck,,,,DE,,,source_name_and_country_match,Locality-level point reused from source data; no building location or arrival date inferred.,https://data.cerl.org/mei/02130968,Lübeck,,locality,,
00560115-current,00560115,00560115,ig00113100,ig00113100,current_holding,last,7,1,,,"Cambridge, University Library",Cambridge,Cambridge,GeoNames,2653941,https://www.geonames.org/2653941,52.2,0.11667,GB,CambridgeUL,"Cambridge, University Library",Inc.6.A.14.2[1020],,,,2026-09-30,current_observation_only,,coordinates_resolved,current_holding_statement,MEI,00560115,https://data.cerl.org/mei/00560115,data/expanded/mei-corpus.json,Observed as the current holding institution; no arrival date is inferred.,,,,current_holding-cambridgeul,GB,,Q1028334,cerl_holding_city_to_geonames,"The holding institution is mapped to its city-level GeoNames point, not to building coordinates.",https://data.cerl.org/holdinst/CambridgeUL,"Cambridge, University Library",,locality,,
02131176-print,02131176,02131176,ig00113110,ig00113110,print_place,first,0,1,,,Lübeck,Lübeck,Lübeck,GeoNames,2875601,https://www.geonames.org/2875601,53.86893,10.68729,,,,M. Th 203,1485,1485,,,gw_extracted_year_range,,coordinates_resolved,edition_level_print_statement,GW,13003,https://gesamtkatalogderwiegendrucke.de/docs/GW13003.htm,data/derived/prayer-book-corpus.csv,Printing statement shared by copies of the edition.,Lübeck,,,,DE,,,source_name_and_country_match,Locality-level point reused from source data; no building location or arrival date inferred.,https://data.cerl.org/mei/02130968,Lübeck,,locality,,
02131176-current,02131176,02131176,ig00113110,ig00113110,current_holding,last,5,1,,,"Wolfenbüttel, Herzog August Bibliothek",Wolfenbüttel,Wolfenbüttel,GeoNames,2806914,https://www.geonames.org/2806914,52.16442,10.54095,DE,WolfenbuettelHAB,"Wolfenbüttel, Herzog August Bibliothek",M. Th 203,,,,2026-09-30,current_observation_only,,coordinates_resolved,current_holding_statement,MEI,02131176,https://data.cerl.org/mei/02131176,data/expanded/mei-corpus.json,Observed as the current holding institution; no arrival date is inferred.,,,,,DE,,,source_name_and_country_match,Locality-level point reused from source data; no building location or arrival date inferred.,https://data.cerl.org/mei/02130968,"Wolfenbüttel, Herzog August Bibliothek",,locality,,
02131171-print,02131171,02131171,ig00113130,ig00113130,print_place,first,0,1,,,Lübeck,Lübeck,Lübeck,GeoNames,2875601,https://www.geonames.org/2875601,53.86893,10.68729,,,,H: QuH 169.21,1487,1487,,,gw_extracted_year_range,,coordinates_resolved,edition_level_print_statement,GW,13004,https://gesamtkatalogderwiegendrucke.de/docs/GW13004.htm,data/derived/prayer-book-corpus.csv,Printing statement shared by copies of the edition.,Lübeck,,,,DE,,,source_name_and_country_match,Locality-level point reused from source data; no building location or arrival date inferred.,https://data.cerl.org/mei/02130968,Lübeck,,locality,,
02131171-p002-loc01,02131171,02131171,ig00113130,ig00113130,provenance_place,intermediate,2,1,02131171-p002,02131171-p002-loc01,Braunschweig,Braunschweig,Braunschweig,,,,52.26916666666666,10.521111111111113,,,,H: QuH 169.21,1512,1604,16 | 17,,mei_timeperiod,,coordinates_resolved,copy_level_provenance_place,MEI,02131171-p002,https://data.cerl.org/mei/02131171,data/expanded/mei-corpus.json,,Braunschweig,,,,DE,,,human_review_2026_10_01,Ortszuweisung nach Prüfung durch Stefan Matter (01.10.2026); Kartenpunkt auf Ortsebene.,https://de.wikipedia.org/wiki/Braunschweig,Braunschweig,ORT-93E4EE2C,locality,,
02131171-current,02131171,02131171,ig00113130,ig00113130,current_holding,last,5,1,,,"Wolfenbüttel, Herzog August Bibliothek",Wolfenbüttel,Wolfenbüttel,GeoNames,2806914,https://www.geonames.org/2806914,52.16442,10.54095,DE,WolfenbuettelHAB,"Wolfenbüttel, Herzog August Bibliothek",H: QuH 169.21,,,,2026-09-30,current_observation_only,,coordinates_resolved,current_holding_statement,MEI,02131171,https://data.cerl.org/mei/02131171,data/expanded/mei-corpus.json,Observed as the current holding institution; no arrival date is inferred.,,,,,DE,,,source_name_and_country_match,Locality-level point reused from source data; no building location or arrival date inferred.,https://data.cerl.org/mei/02130968,"Wolfenbüttel, Herzog August Bibliothek",,locality,,
02131190-print,02131190,02131190,ig00113150,ig00113150,print_place,first,0,1,,,Lübeck,Lübeck,Lübeck,GeoNames,2875601,https://www.geonames.org/2875601,53.86893,10.68729,,,,M: Th 204,1497,1497,,,gw_extracted_year_range,,coordinates_resolved,edition_level_print_statement,GW,13008,https://gesamtkatalogderwiegendrucke.de/docs/GW13008.htm,data/derived/prayer-book-corpus.csv,Printing statement shared by copies of the edition.,Lübeck,,,,DE,,,source_name_and_country_match,Locality-level point reused from source data; no building location or arrival date inferred.,https://data.cerl.org/mei/02130968,Lübeck,,locality,,
02131190-current,02131190,02131190,ig00113150,ig00113150,current_holding,last,4,1,,,"Wolfenbüttel, Herzog August Bibliothek",Wolfenbüttel,Wolfenbüttel,GeoNames,2806914,https://www.geonames.org/2806914,52.16442,10.54095,DE,WolfenbuettelHAB,"Wolfenbüttel, Herzog August Bibliothek",M: Th 204,,,,2026-09-30,current_observation_only,,coordinates_resolved,current_holding_statement,MEI,02131190,https://data.cerl.org/mei/02131190,data/expanded/mei-corpus.json,Observed as the current holding institution; no arrival date is inferred.,,,,,DE,,,source_name_and_country_match,Locality-level point reused from source data; no building location or arrival date inferred.,https://data.cerl.org/mei/02130968,"Wolfenbüttel, Herzog August Bibliothek",,locality,,
02120377-print,02120377,02120377,ih00135000,ih00135000,print_place,first,0,1,,,Nürnberg,Nuremberg,Nuremberg,GeoNames,2861650,https://www.geonames.org/2861650,49.45421,11.07752,,,,Ink 16.H.24,1497,1497,,,gw_extracted_year_range,,coordinates_resolved,edition_level_print_statement,GW,M07711,https://gesamtkatalogderwiegendrucke.de/docs/M07711.htm,data/derived/prayer-book-corpus.csv,Printing statement shared by copies of the edition.,Nürnberg,,,,DE,,,source_name_and_country_match,Locality-level point reused from source data; no building location or arrival date inferred.,https://www.geonames.org/2861650,Nürnberg,,locality,,
02120377-current,02120377,02120377,ih00135000,ih00135000,current_holding,last,2,1,,,"Wien, Österreichische  Nationalbibliothek",Vienna,Vienna,GeoNames,2761369,https://www.geonames.org/2761369,48.20849,16.37208,AT,WienONB,"Wien, Österreichische  Nationalbibliothek",Ink 16.H.24,,,,2026-09-30,current_observation_only,,coordinates_resolved,current_holding_statement,MEI,02120377,https://data.cerl.org/mei/02120377,data/expanded/mei-corpus.json,Observed as the current holding institution; no arrival date is inferred.,,,,,AT,,,source_name_and_country_match,Locality-level point reused from source data; no building location or arrival date inferred.,https://data.cerl.org/mei/02115001,"Wien, Österreichische  Nationalbibliothek",,locality,,
02100528-print,02100528,02100528,ih00135000,ih00135000,print_place,first,0,1,,,Nürnberg,Nuremberg,Nuremberg,GeoNames,2861650,https://www.geonames.org/2861650,49.45421,11.07752,,,,KW 150 D 10,1497,1497,,,gw_extracted_year_range,,coordinates_resolved,edition_level_print_statement,GW,M07711,https://gesamtkatalogderwiegendrucke.de/docs/M07711.htm,data/derived/prayer-book-corpus.csv,Printing statement shared by copies of the edition.,Nürnberg,,,,DE,,,source_name_and_country_match,Locality-level point reused from source data; no building location or arrival date inferred.,https://www.geonames.org/2861650,Nürnberg,,locality,,
02100528-current,02100528,02100528,ih00135000,ih00135000,current_holding,last,4,1,,,"Den Haag, Koninklijke Bibliotheek - Nationale Bibliotheek van Nederland",The Hague,The Hague,GeoNames,2747373,https://www.geonames.org/2747373,52.07667,4.29861,NL,NLKB,"Den Haag, Koninklijke Bibliotheek - Nationale Bibliotheek van Nederland",KW 150 D 10,,,,2026-09-30,current_observation_only,,coordinates_resolved,current_holding_statement,MEI,02100528,https://data.cerl.org/mei/02100528,data/expanded/mei-corpus.json,Observed as the current holding institution; no arrival date is inferred.,,,,current_holding-nlkb,NL,,,cerl_holding_city_to_geonames,"The holding institution is mapped to its city-level GeoNames point, not to building coordinates.",https://data.cerl.org/holdinst/NLKB,"Den Haag, Koninklijke Bibliotheek - Nationale Bibliotheek van Nederland",,locality,,
00200531-print,00200531,00200531,ih00257280,ih00257280,print_place,first,0,1,,,Mailand,Milan,Milan,GeoNames,3173435,https://www.geonames.org/3173435,45.46427,9.18951,,,,VI. 13. 3,1475,1475,,,gw_extracted_year_range,,coordinates_resolved,edition_level_print_statement,GW,13333,https://gesamtkatalogderwiegendrucke.de/docs/GW13333.htm,data/derived/prayer-book-corpus.csv,Printing statement shared by copies of the edition.,Mailand,,,,IT,,,source_name_and_country_match,Locality-level point reused from source data; no building location or arrival date inferred.,https://www.geonames.org/3173435,Mailand,,locality,,
00200531-current,00200531,00200531,ih00257280,ih00257280,current_holding,last,2,1,,,"Cambridge, Trinity College",Cambridge,Cambridge,GeoNames,2653941,https://www.geonames.org/2653941,52.2,0.11667,GB,CambridgeTrinityCollege,"Cambridge, Trinity College",VI. 13. 3,,,,2026-09-30,current_observation_only,,coordinates_resolved,current_holding_statement,MEI,00200531,https://data.cerl.org/mei/00200531,data/expanded/mei-corpus.json,Observed as the current holding institution; no arrival date is inferred.,,,,,GB,,,source_name_and_country_match,Locality-level point reused from source data; no building location or arrival date inferred.,https://data.cerl.org/holdinst/CambridgeUL,"Cambridge, Trinity College",,locality,,
00205575-print,00205575,00205575,ih00335200,ih00335200,print_place,first,0,1,,,Paris,Paris,Paris,GeoNames,2988507,https://www.geonames.org/2988507,48.85341,2.3488,,,,Douce BB 130.,1499,1499,,,gw_extracted_year_range,,coordinates_resolved,edition_level_print_statement,GW,13277,https://gesamtkatalogderwiegendrucke.de/docs/GW13277.htm,data/derived/prayer-book-corpus.csv,Printing statement shared by copies of the edition.,Paris,,,,FR,,,source_name_and_country_match,Locality-level point reused from source data; no building location or arrival date inferred.,https://data.cerl.org/holdinst/ParisBN,Paris,,locality,,
00205575-current,00205575,00205575,ih00335200,ih00335200,current_holding,last,3,1,,,"Oxford, Bodleian Library",Oxford,Oxford,GeoNames,2640729,https://www.geonames.org/2640729,51.75222,-1.25596,GB,OxfordBodley,"Oxford, Bodleian Library",Douce BB 130.,,,,2026-09-30,current_observation_only,,coordinates_resolved,current_holding_statement,MEI,00205575,https://data.cerl.org/mei/00205575,data/expanded/mei-corpus.json,Observed as the current holding institution; no arrival date is inferred.,,,,current_holding-oxfordbodley,GB,,Q82133,cerl_holding_city_to_geonames,"The holding institution is mapped to its city-level GeoNames point, not to building coordinates.",https://data.cerl.org/holdinst/OxfordBodley,"Oxford, Bodleian Library",,locality,,
00200668-print,00200668,00200668,ih00336100,ih00336100,print_place,first,0,1,,,Italien,Italien,Italien,GeoNames,3175395,https://www.geonames.org/3175395,42.83333,12.83333,,,,8o inc. 4635.10,1500,1500,,,gw_extracted_year_range,,coordinates_resolved,edition_level_print_statement,GW,13328,https://gesamtkatalogderwiegendrucke.de/docs/GW13328.htm,data/derived/prayer-book-corpus.csv,Printing statement shared by copies of the edition.,Italien,,,print_place-italien,IT,,,human_review_2026_10_01,Repräsentativer Länderpunkt aus GeoNames; kein genauer Aufenthaltsort und kein berechneter Flächenschwerpunkt.,https://data.cerl.org/mei/00200522,Italien,ORT-CFF8B19E,country,Nur Land bekannt,
00200668-current,00200668,00200668,ih00336100,ih00336100,current_holding,last,1,1,,,"Berlin, Staatsbibliothek",Berlin,Berlin,GeoNames,2950159,https://www.geonames.org/2950159,52.52437,13.41053,DE,BerlinSB,"Berlin, Staatsbibliothek",8o inc. 4635.10,,,,2026-09-23,current_observation_only,,coordinates_resolved,current_holding_statement,MEI,00200668,https://data.cerl.org/mei/00200668,data/expanded/mei-corpus.json,Observed as the current holding institution; no arrival date is inferred.,,,,current_holding-berlinsb,DE,,Q170109,cerl_holding_city_to_geonames,"The holding institution is mapped to its city-level GeoNames point, not to building coordinates.",https://data.cerl.org/holdinst/BerlinSB,"Berlin, Staatsbibliothek",,locality,,
00206443-print,00206443,00206443,ih00339490,ih00339490,print_place,first,0,1,,,Paris,Paris,Paris,GeoNames,2988507,https://www.geonames.org/2988507,48.85341,2.3488,,,,8° Rawl. 1093.,1497,1497,,,gw_extracted_year_range,,coordinates_resolved,edition_level_print_statement,GW,13201,https://gesamtkatalogderwiegendrucke.de/docs/GW13201.htm,data/derived/prayer-book-corpus.csv,Printing statement shared by copies of the edition.,Paris,,,,FR,,,source_name_and_country_match,Locality-level point reused from source data; no building location or arrival date inferred.,https://data.cerl.org/holdinst/ParisBN,Paris,,locality,,
00206443-current,00206443,00206443,ih00339490,ih00339490,current_holding,last,4,1,,,"Oxford, Bodleian Library",Oxford,Oxford,GeoNames,2640729,https://www.geonames.org/2640729,51.75222,-1.25596,GB,OxfordBodley,"Oxford, Bodleian Library",8° Rawl. 1093.,,,,2026-09-30,current_observation_only,,coordinates_resolved,current_holding_statement,MEI,00206443,https://data.cerl.org/mei/00206443,data/expanded/mei-corpus.json,Observed as the current holding institution; no arrival date is inferred.,,,,current_holding-oxfordbodley,GB,,Q82133,cerl_holding_city_to_geonames,"The holding institution is mapped to its city-level GeoNames point, not to building coordinates.",https://data.cerl.org/holdinst/OxfordBodley,"Oxford, Bodleian Library",,locality,,
02013655-print,02013655,02013655,ih00341000,ih00341000,print_place,first,0,1,,,Paris,Paris,Paris,GeoNames,2988507,https://www.geonames.org/2988507,48.85341,2.3488,,,,5942.247.11,1500,1501,,,gw_extracted_year_range,,coordinates_resolved,edition_level_print_statement,GW,13303,https://gesamtkatalogderwiegendrucke.de/docs/GW13303.htm,data/derived/prayer-book-corpus.csv,Printing statement shared by copies of the edition.,Paris,,,,FR,,,source_name_and_country_match,Locality-level point reused from source data; no building location or arrival date inferred.,https://data.cerl.org/holdinst/ParisBN,Paris,,locality,,
02013655-current,02013655,02013655,ih00341000,ih00341000,current_holding,last,3,1,,,"Princeton NJ, Princeton University, Firestone Library, Rare Book Division",Princeton,Princeton,GeoNames,5102922,https://www.geonames.org/5102922,40.34872,-74.65905,US,PrincetonUL,"Princeton NJ, Princeton University, Firestone Library, Rare Book Division",5942.247.11,,,,2026-09-30,current_observation_only,,coordinates_resolved,current_holding_statement,MEI,02013655,https://data.cerl.org/mei/02013655,data/expanded/mei-corpus.json,Observed as the current holding institution; no arrival date is inferred.,,,,current_holding-princetonul,US,,,cerl_holding_city_to_geonames,"The holding institution is mapped to its city-level GeoNames point, not to building coordinates.",https://data.cerl.org/holdinst/PrincetonUL,"Princeton NJ, Princeton University, Firestone Library, Rare Book Division",,locality,,
02132447-print,02132447,02132447,ih00341500,ih00341500,print_place,first,0,1,,,Paris,Paris,Paris,GeoNames,2988507,https://www.geonames.org/2988507,48.85341,2.3488,,,,B.G. Inc. 69,1499,1499,,,gw_extracted_year_range,,coordinates_resolved,edition_level_print_statement,GW,13102,https://gesamtkatalogderwiegendrucke.de/docs/GW13102.htm,data/derived/prayer-book-corpus.csv,Printing statement shared by copies of the edition.,Paris,,,,FR,,,source_name_and_country_match,Locality-level point reused from source data; no building location or arrival date inferred.,https://data.cerl.org/holdinst/ParisBN,Paris,,locality,,
02132447-current,02132447,02132447,ih00341500,ih00341500,current_holding,last,6,1,,,"Milano, Biblioteca Nazionale Braidense",Milan,Milan,GeoNames,3173435,https://www.geonames.org/3173435,45.46427,9.18951,IT,MilanoN,"Milano, Biblioteca Nazionale Braidense",B.G. Inc. 69,,,,2026-09-30,current_observation_only,,coordinates_resolved,current_holding_statement,MEI,02132447,https://data.cerl.org/mei/02132447,data/expanded/mei-corpus.json,Observed as the current holding institution; no arrival date is inferred.,,,,current_holding-milanon,IT,,,cerl_holding_city_to_geonames,"The holding institution is mapped to its city-level GeoNames point, not to building coordinates.",https://data.cerl.org/holdinst/MilanoN,"Milano, Biblioteca Nazionale Braidense",,locality,,
00205572-print,00205572,00205572,ih00341800,ih00341800,print_place,first,0,1,,,Paris,Paris,Paris,GeoNames,2988507,https://www.geonames.org/2988507,48.85341,2.3488,,,,Douce 27.,1500,1501,,,gw_extracted_year_range,,coordinates_resolved,edition_level_print_statement,GW,13109,https://gesamtkatalogderwiegendrucke.de/docs/GW13109.htm,data/derived/prayer-book-corpus.csv,Printing statement shared by copies of the edition.,Paris,,,,FR,,,source_name_and_country_match,Locality-level point reused from source data; no building location or arrival date inferred.,https://data.cerl.org/holdinst/ParisBN,Paris,,locality,,
00205572-current,00205572,00205572,ih00341800,ih00341800,current_holding,last,4,1,,,"Oxford, Bodleian Library",Oxford,Oxford,GeoNames,2640729,https://www.geonames.org/2640729,51.75222,-1.25596,GB,OxfordBodley,"Oxford, Bodleian Library",Douce 27.,,,,2026-09-30,current_observation_only,,coordinates_resolved,current_holding_statement,MEI,00205572,https://data.cerl.org/mei/00205572,data/expanded/mei-corpus.json,Observed as the current holding institution; no arrival date is inferred.,,,,current_holding-oxfordbodley,GB,,Q82133,cerl_holding_city_to_geonames,"The holding institution is mapped to its city-level GeoNames point, not to building coordinates.",https://data.cerl.org/holdinst/OxfordBodley,"Oxford, Bodleian Library",,locality,,
02154630-print,02154630,02154630,ih00343100,ih00343100,print_place,first,0,1,,,Paris,Paris,Paris,GeoNames,2988507,https://www.geonames.org/2988507,48.85341,2.3488,,,,1705-1888,1492,1493,,,gw_extracted_year_range,,coordinates_resolved,edition_level_print_statement,GW,13138,https://gesamtkatalogderwiegendrucke.de/docs/GW13138.htm,data/derived/prayer-book-corpus.csv,Printing statement shared by copies of the edition.,Paris,,,,FR,,,source_name_and_country_match,Locality-level point reused from source data; no building location or arrival date inferred.,https://data.cerl.org/holdinst/ParisBN,Paris,,locality,,
02154630-current,02154630,02154630,ih00343100,ih00343100,current_holding,last,1,1,,,"London, Victoria and Albert Museum, National Art Library",London,London,GeoNames,2643743,https://www.geonames.org/2643743,51.50853,-0.12574,GB,LondonVA,"London, Victoria and Albert Museum, National Art Library",1705-1888,,,,2026-09-30,current_observation_only,,coordinates_resolved,current_holding_statement,MEI,02154630,https://data.cerl.org/mei/02154630,data/expanded/mei-corpus.json,Observed as the current holding institution; no arrival date is inferred.,,,,,GB,,,source_name_and_country_match,Locality-level point reused from source data; no building location or arrival date inferred.,https://data.cerl.org/holdinst/LondonLambeth,"London, Victoria and Albert Museum, National Art Library",,locality,,
00560427-print,00560427,00560427,ih00343200,ih00343200,print_place,first,0,1,,,Paris,Paris,Paris,GeoNames,2988507,https://www.geonames.org/2988507,48.85341,2.3488,,,,SSS.18.2,1498,1498,,,gw_extracted_year_range,,coordinates_resolved,edition_level_print_statement,GW,13213,https://gesamtkatalogderwiegendrucke.de/docs/GW13213.htm,data/derived/prayer-book-corpus.csv,Printing statement shared by copies of the edition.,Paris,,,,FR,,,source_name_and_country_match,Locality-level point reused from source data; no building location or arrival date inferred.,https://data.cerl.org/holdinst/ParisBN,Paris,,locality,,
00560427-current,00560427,00560427,ih00343200,ih00343200,current_holding,last,4,1,,,"Cambridge, University Library",Cambridge,Cambridge,GeoNames,2653941,https://www.geonames.org/2653941,52.2,0.11667,GB,CambridgeUL,"Cambridge, University Library",SSS.18.2,,,,2026-09-30,current_observation_only,,coordinates_resolved,current_holding_statement,MEI,00560427,https://data.cerl.org/mei/00560427,data/expanded/mei-corpus.json,Observed as the current holding institution; no arrival date is inferred.,,,,current_holding-cambridgeul,GB,,Q1028334,cerl_holding_city_to_geonames,"The holding institution is mapped to its city-level GeoNames point, not to building coordinates.",https://data.cerl.org/holdinst/CambridgeUL,"Cambridge, University Library",,locality,,
00205573-print,00205573,00205573,ih00343300,ih00343300,print_place,first,0,1,,,Paris,Paris,Paris,GeoNames,2988507,https://www.geonames.org/2988507,48.85341,2.3488,,,,Douce 22.,1498,1499,,,gw_extracted_year_range,,coordinates_resolved,edition_level_print_statement,GW,13225,https://gesamtkatalogderwiegendrucke.de/docs/GW13225.htm,data/derived/prayer-book-corpus.csv,Printing statement shared by copies of the edition.,Paris,,,,FR,,,source_name_and_country_match,Locality-level point reused from source data; no building location or arrival date inferred.,https://data.cerl.org/holdinst/ParisBN,Paris,,locality,,
00205573-current,00205573,00205573,ih00343300,ih00343300,current_holding,last,3,1,,,"Oxford, Bodleian Library",Oxford,Oxford,GeoNames,2640729,https://www.geonames.org/2640729,51.75222,-1.25596,GB,OxfordBodley,"Oxford, Bodleian Library",Douce 22.,,,,2026-09-30,current_observation_only,,coordinates_resolved,current_holding_statement,MEI,00205573,https://data.cerl.org/mei/00205573,data/expanded/mei-corpus.json,Observed as the current holding institution; no arrival date is inferred.,,,,current_holding-oxfordbodley,GB,,Q82133,cerl_holding_city_to_geonames,"The holding institution is mapped to its city-level GeoNames point, not to building coordinates.",https://data.cerl.org/holdinst/OxfordBodley,"Oxford, Bodleian Library",,locality,,
00205574-print,00205574,00205574,ih00343500,ih00343500,print_place,first,0,1,,,Paris,Paris,Paris,GeoNames,2988507,https://www.geonames.org/2988507,48.85341,2.3488,,,,Douce 29.,1500,1500,,,gw_extracted_year_range,,coordinates_resolved,edition_level_print_statement,GW,13260,https://gesamtkatalogderwiegendrucke.de/docs/GW13260.htm,data/derived/prayer-book-corpus.csv,Printing statement shared by copies of the edition.,Paris,,,,FR,,,source_name_and_country_match,Locality-level point reused from source data; no building location or arrival date inferred.,https://data.cerl.org/holdinst/ParisBN,Paris,,locality,,
00205574-current,00205574,00205574,ih00343500,ih00343500,current_holding,last,4,1,,,"Oxford, Bodleian Library",Oxford,Oxford,GeoNames,2640729,https://www.geonames.org/2640729,51.75222,-1.25596,GB,OxfordBodley,"Oxford, Bodleian Library",Douce 29.,,,,2026-09-30,current_observation_only,,coordinates_resolved,current_holding_statement,MEI,00205574,https://data.cerl.org/mei/00205574,data/expanded/mei-corpus.json,Observed as the current holding institution; no arrival date is inferred.,,,,current_holding-oxfordbodley,GB,,Q82133,cerl_holding_city_to_geonames,"The holding institution is mapped to its city-level GeoNames point, not to building coordinates.",https://data.cerl.org/holdinst/OxfordBodley,"Oxford, Bodleian Library",,locality,,
00211918-print,00211918,00211918,ih00345450,ih00345450,print_place,first,0,1,,,Paris,Paris,Paris,GeoNames,2988507,https://www.geonames.org/2988507,48.85341,2.3488,,,,8° Rawl. 1094.,1500,1500,,,gw_extracted_year_range,,coordinates_resolved,edition_level_print_statement,GW,13243,https://gesamtkatalogderwiegendrucke.de/docs/GW13243.htm,data/derived/prayer-book-corpus.csv,Printing statement shared by copies of the edition.,Paris,,,,FR,,,source_name_and_country_match,Locality-level point reused from source data; no building location or arrival date inferred.,https://data.cerl.org/holdinst/ParisBN,Paris,,locality,,
00211918-current,00211918,00211918,ih00345450,ih00345450,current_holding,last,3,1,,,"Oxford, Bodleian Library",Oxford,Oxford,GeoNames,2640729,https://www.geonames.org/2640729,51.75222,-1.25596,GB,OxfordBodley,"Oxford, Bodleian Library",8° Rawl. 1094.,,,,2026-09-30,current_observation_only,,coordinates_resolved,current_holding_statement,MEI,00211918,https://data.cerl.org/mei/00211918,data/expanded/mei-corpus.json,Observed as the current holding institution; no arrival date is inferred.,,,,current_holding-oxfordbodley,GB,,Q82133,cerl_holding_city_to_geonames,"The holding institution is mapped to its city-level GeoNames point, not to building coordinates.",https://data.cerl.org/holdinst/OxfordBodley,"Oxford, Bodleian Library",,locality,,
00570256-print,00570256,00570256,ih00348050,ih00348050,print_place,first,0,1,,,Leipzig,Leipzig,Leipzig,GeoNames,2879139,https://www.geonames.org/2879139,51.33962,12.37129,,,,Rb 69,1495,1495,,,gw_extracted_year_range,,coordinates_resolved,edition_level_print_statement,GW,12956,https://gesamtkatalogderwiegendrucke.de/docs/GW12956.htm,data/derived/prayer-book-corpus.csv,Printing statement shared by copies of the edition.,Leipzig,,,print_place-leipzig,DE,,,verified_geonames_city,,https://gesamtkatalogderwiegendrucke.de/docs/GW12956.htm,Leipzig,,locality,,
00570256-current,00570256,00570256,ih00348050,ih00348050,current_holding,last,4,1,,,"Zürich, Zentralbibliothek",Zurich,Zurich,GeoNames,2657896,https://www.geonames.org/2657896,47.36667,8.55,CH,ZurichZB,"Zürich, Zentralbibliothek",Rb 69,,,,2026-09-23,current_observation_only,,coordinates_resolved,current_holding_statement,MEI,00570256,https://data.cerl.org/mei/00570256,data/expanded/mei-corpus.json,Observed as the current holding institution; no arrival date is inferred.,,,,current_holding-zurichzb,CH,,Q190260,cerl_holding_city_to_geonames,"The holding institution is mapped to its city-level GeoNames point, not to building coordinates.",https://data.cerl.org/holdinst/ZurichZB,"Zürich, Zentralbibliothek",,locality,,
00560428-print,00560428,00560428,ih00351000,ih00351000,print_place,first,0,1,,,Paris,Paris,Paris,GeoNames,2988507,https://www.geonames.org/2988507,48.85341,2.3488,,,,SSS.60.13,1491,1491,,,gw_extracted_year_range,,coordinates_resolved,edition_level_print_statement,GW,13147,https://gesamtkatalogderwiegendrucke.de/docs/GW13147.htm,data/derived/prayer-book-corpus.csv,Printing statement shared by copies of the edition.,Paris,,,,FR,,,source_name_and_country_match,Locality-level point reused from source data; no building location or arrival date inferred.,https://data.cerl.org/holdinst/ParisBN,Paris,,locality,,
00560428-current,00560428,00560428,ih00351000,ih00351000,current_holding,last,3,1,,,"Cambridge, University Library",Cambridge,Cambridge,GeoNames,2653941,https://www.geonames.org/2653941,52.2,0.11667,GB,CambridgeUL,"Cambridge, University Library",SSS.60.13,,,,2026-09-30,current_observation_only,,coordinates_resolved,current_holding_statement,MEI,00560428,https://data.cerl.org/mei/00560428,data/expanded/mei-corpus.json,Observed as the current holding institution; no arrival date is inferred.,,,,current_holding-cambridgeul,GB,,Q1028334,cerl_holding_city_to_geonames,"The holding institution is mapped to its city-level GeoNames point, not to building coordinates.",https://data.cerl.org/holdinst/CambridgeUL,"Cambridge, University Library",,locality,,
00201212-print,00201212,00201212,ih00351000,ih00351000,print_place,first,0,1,,,Paris,Paris,Paris,GeoNames,2988507,https://www.geonames.org/2988507,48.85341,2.3488,,,,Rari Triv. H 1857,1491,1491,,,gw_extracted_year_range,,coordinates_resolved,edition_level_print_statement,GW,13147,https://gesamtkatalogderwiegendrucke.de/docs/GW13147.htm,data/derived/prayer-book-corpus.csv,Printing statement shared by copies of the edition.,Paris,,,,FR,,,source_name_and_country_match,Locality-level point reused from source data; no building location or arrival date inferred.,https://data.cerl.org/holdinst/ParisBN,Paris,,locality,,
00201212-current,00201212,00201212,ih00351000,ih00351000,current_holding,last,4,1,,,"Milano, Archivio Storico Civico e Biblioteca Trivulziana",Milan,Milan,GeoNames,3173435,https://www.geonames.org/3173435,45.46427,9.18951,IT,MilanoTriv,"Milano, Archivio Storico Civico e Biblioteca Trivulziana",Rari Triv. H 1857,,,,2026-09-30,current_observation_only,,coordinates_resolved,current_holding_statement,MEI,00201212,https://data.cerl.org/mei/00201212,data/expanded/mei-corpus.json,Observed as the current holding institution; no arrival date is inferred.,,,,,IT,,,source_name_and_country_match,Locality-level point reused from source data; no building location or arrival date inferred.,https://www.geonames.org/3173435,"Milano, Archivio Storico Civico e Biblioteca Trivulziana",,locality,,
02018713-print,02018713,02018713,ih00351500,ih00351500,print_place,first,0,1,,,Paris,Paris,Paris,GeoNames,2988507,https://www.geonames.org/2988507,48.85341,2.3488,,,,Inc.273.5,1493,1493,,,gw_extracted_year_range,,coordinates_resolved,edition_level_print_statement,GW,13060,https://gesamtkatalogderwiegendrucke.de/docs/GW13060.htm,data/derived/prayer-book-corpus.csv,Printing statement shared by copies of the edition.,Paris,,,,FR,,,source_name_and_country_match,Locality-level point reused from source data; no building location or arrival date inferred.,https://data.cerl.org/holdinst/ParisBN,Paris,,locality,,
02018713-current,02018713,02018713,ih00351500,ih00351500,current_holding,last,3,1,,,"Edinburgh, National Library of Scotland",Edinburgh,Edinburgh,GeoNames,2650225,https://www.geonames.org/2650225,55.95206,-3.19648,GB,EdinburghNLS,"Edinburgh, National Library of Scotland",Inc.273.5,,,,2026-09-30,current_observation_only,,coordinates_resolved,current_holding_statement,MEI,02018713,https://data.cerl.org/mei/02018713,data/expanded/mei-corpus.json,Observed as the current holding institution; no arrival date is inferred.,,,,,GB,,,source_name_and_country_match,Locality-level point reused from source data; no building location or arrival date inferred.,https://data.cerl.org/mei/02124929,"Edinburgh, National Library of Scotland",,locality,,
02131208-print,02131208,02131208,ih00352000,ih00352000,print_place,first,0,1,,,Paris,Paris,Paris,GeoNames,2988507,https://www.geonames.org/2988507,48.85341,2.3488,,,,Inc H-352,1497,1497,,,gw_extracted_year_range,,coordinates_resolved,edition_level_print_statement,GW,13122,https://gesamtkatalogderwiegendrucke.de/docs/GW13122.htm,data/derived/prayer-book-corpus.csv,Printing statement shared by copies of the edition.,Paris,,,,FR,,,source_name_and_country_match,Locality-level point reused from source data; no building location or arrival date inferred.,https://data.cerl.org/holdinst/ParisBN,Paris,,locality,,
02131208-current,02131208,02131208,ih00352000,ih00352000,current_holding,last,8,1,,,"Wellesley MA, Wellesley College, Margaret Clapp Library",Wellesley,Wellesley,GeoNames,4954738,https://www.geonames.org/4954738,42.29649,-71.29256,US,WellCL,"Wellesley MA, Wellesley College, Margaret Clapp Library",Inc H-352,,,,2026-09-30,current_observation_only,,coordinates_resolved,current_holding_statement,MEI,02131208,https://data.cerl.org/mei/02131208,data/expanded/mei-corpus.json,Observed as the current holding institution; no arrival date is inferred.,,,,,US,,,human_review_2026_10_01,Ortszuweisung nach Prüfung durch Stefan Matter (01.10.2026); Kartenpunkt auf Ortsebene.,https://data.cerl.org/mei/02131208,"Wellesley MA, Wellesley College, Margaret Clapp Library",ORT-456955D6,locality,,
00211919-print,00211919,00211919,ih00353500,ih00353500,print_place,first,0,1,,,Paris,Paris,Paris,GeoNames,2988507,https://www.geonames.org/2988507,48.85341,2.3488,,,,8° Rawl. 1096.,1498,1498,,,gw_extracted_year_range,,coordinates_resolved,edition_level_print_statement,GW,13215,https://gesamtkatalogderwiegendrucke.de/docs/GW13215.htm,data/derived/prayer-book-corpus.csv,Printing statement shared by copies of the edition.,Paris,,,,FR,,,source_name_and_country_match,Locality-level point reused from source data; no building location or arrival date inferred.,https://data.cerl.org/holdinst/ParisBN,Paris,,locality,,
00211919-current,00211919,00211919,ih00353500,ih00353500,current_holding,last,3,1,,,"Oxford, Bodleian Library",Oxford,Oxford,GeoNames,2640729,https://www.geonames.org/2640729,51.75222,-1.25596,GB,OxfordBodley,"Oxford, Bodleian Library",8° Rawl. 1096.,,,,2026-09-30,current_observation_only,,coordinates_resolved,current_holding_statement,MEI,00211919,https://data.cerl.org/mei/00211919,data/expanded/mei-corpus.json,Observed as the current holding institution; no arrival date is inferred.,,,,current_holding-oxfordbodley,GB,,Q82133,cerl_holding_city_to_geonames,"The holding institution is mapped to its city-level GeoNames point, not to building coordinates.",https://data.cerl.org/holdinst/OxfordBodley,"Oxford, Bodleian Library",,locality,,
02134902-print,02134902,02134902,ih00354400,ih00354400,print_place,first,0,1,,,Paris,Paris,Paris,GeoNames,2988507,https://www.geonames.org/2988507,48.85341,2.3488,,,,XV.14,1499,1499,,,gw_extracted_year_range,,coordinates_resolved,edition_level_print_statement,GW,13100,https://gesamtkatalogderwiegendrucke.de/docs/GW13100.htm,data/derived/prayer-book-corpus.csv,Printing statement shared by copies of the edition.,Paris,,,,FR,,,source_name_and_country_match,Locality-level point reused from source data; no building location or arrival date inferred.,https://data.cerl.org/holdinst/ParisBN,Paris,,locality,,
02134902-current,02134902,02134902,ih00354400,ih00354400,current_holding,last,5,1,,,"Wrocław, Ossolineum",Wroclaw,Wroclaw,GeoNames,3081368,https://www.geonames.org/3081368,51.10286,17.03006,PL,WroclawO,"Wrocław, Ossolineum",XV.14,,,,2026-09-30,current_observation_only,,coordinates_resolved,current_holding_statement,MEI,02134902,https://data.cerl.org/mei/02134902,data/expanded/mei-corpus.json,Observed as the current holding institution; no arrival date is inferred.,,,,,PL,,,source_name_and_country_match,Locality-level point reused from source data; no building location or arrival date inferred.,https://data.cerl.org/mei/02122495,"Wrocław, Ossolineum",,locality,,
02177634-print,02177634,02177634,ih00354400,ih00354400,print_place,first,0,1,,,Paris,Paris,Paris,GeoNames,2988507,https://www.geonames.org/2988507,48.85341,2.3488,,,,IA.40956,1499,1499,,,gw_extracted_year_range,,coordinates_resolved,edition_level_print_statement,GW,13100,https://gesamtkatalogderwiegendrucke.de/docs/GW13100.htm,data/derived/prayer-book-corpus.csv,Printing statement shared by copies of the edition.,Paris,,,,FR,,,source_name_and_country_match,Locality-level point reused from source data; no building location or arrival date inferred.,https://data.cerl.org/holdinst/ParisBN,Paris,,locality,,
02177634-current,02177634,02177634,ih00354400,ih00354400,current_holding,last,4,1,,,"London, British Library",London,London,GeoNames,2643743,https://www.geonames.org/2643743,51.50853,-0.12574,GB,LondonBL,"London, British Library",IA.40956,,,,2026-09-30,current_observation_only,,coordinates_resolved,current_holding_statement,MEI,02177634,https://data.cerl.org/mei/02177634,data/expanded/mei-corpus.json,Observed as the current holding institution; no arrival date is inferred.,,,,current_holding-londonbl,GB,,Q23308,cerl_holding_city_to_geonames,"The holding institution is mapped to its city-level GeoNames point, not to building coordinates.",https://data.cerl.org/holdinst/LondonBL,"London, British Library",,locality,,
02020083-print,02020083,02020083,ih00354700,ih00354700,print_place,first,0,1,,,Paris,Paris,Paris,GeoNames,2988507,https://www.geonames.org/2988507,48.85341,2.3488,,,,Arch. C. 12. 8,1499,1499,,,gw_extracted_year_range,,coordinates_resolved,edition_level_print_statement,GW,13228,https://gesamtkatalogderwiegendrucke.de/docs/GW13228.htm,data/derived/prayer-book-corpus.csv,Printing statement shared by copies of the edition.,Paris,,,,FR,,,source_name_and_country_match,Locality-level point reused from source data; no building location or arrival date inferred.,https://data.cerl.org/holdinst/ParisBN,Paris,,locality,,
02020083-p001-loc01,02020083,02020083,ih00354700,ih00354700,provenance_place,intermediate,1,1,02020083-p001,02020083-p001-loc01,Paris,Paris,Paris,GeoNames,2988507,https://www.geonames.org/2988507,48.85341,2.3488,France,,,Arch. C. 12. 8,1498,1498,15,1498,mei_timeperiod,a,coordinates_resolved,copy_level_provenance_place,MEI,02020083-p001,https://data.cerl.org/mei/02020083,data/expanded/mei-corpus.json,,Paris,48.85341,2.3488,provenance_place-paris,FR,Q90,,normalised_geonames_city,MEI uses two different GeoNames records for Paris in the pilot; the analytical map layer consistently uses the capital record 2988507.,https://data.cerl.org/mei/02003992 | https://data.cerl.org/mei/02004013 | https://data.cerl.org/mei/02004012 | https://data.cerl.org/mei/02003961,Paris,,locality,,
02020083-current,02020083,02020083,ih00354700,ih00354700,current_holding,last,5,1,,,"Oxford, Balliol College",Oxford,Oxford,GeoNames,2640729,https://www.geonames.org/2640729,51.75222,-1.25596,GB,OxfordBalliolCollege,"Oxford, Balliol College",Arch. C. 12. 8,,,,2026-09-30,current_observation_only,,coordinates_resolved,current_holding_statement,MEI,02020083,https://data.cerl.org/mei/02020083,data/expanded/mei-corpus.json,Observed as the current holding institution; no arrival date is inferred.,,,,,GB,,,source_name_and_country_match,Locality-level point reused from source data; no building location or arrival date inferred.,https://data.cerl.org/holdinst/OxfordBodley,"Oxford, Balliol College",,locality,,
02128182-print,02128182,02128182,ih00356000,ih00356000,print_place,first,0,1,,,Paris,Paris,Paris,GeoNames,2988507,https://www.geonames.org/2988507,48.85341,2.3488,,,,\*34.13\Pari\P633\1500‬,1500,1500,,,gw_extracted_year_range,,coordinates_resolved,edition_level_print_statement,GW,13085,https://gesamtkatalogderwiegendrucke.de/docs/GW13085.htm,data/derived/prayer-book-corpus.csv,Printing statement shared by copies of the edition.,Paris,,,,FR,,,source_name_and_country_match,Locality-level point reused from source data; no building location or arrival date inferred.,https://data.cerl.org/holdinst/ParisBN,Paris,,locality,,
02128182-current,02128182,02128182,ih00356000,ih00356000,current_holding,last,7,1,,,"New York NY, Grolier Club",New York,New York,GeoNames,5128581,https://www.geonames.org/5128581,40.71427,-74.00597,US,NewYorkGrolier,"New York NY, Grolier Club",\*34.13\Pari\P633\1500‬,,,,2026-09-30,current_observation_only,,coordinates_resolved,current_holding_statement,MEI,02128182,https://data.cerl.org/mei/02128182,data/expanded/mei-corpus.json,Observed as the current holding institution; no arrival date is inferred.,,,,,US,,,source_name_and_country_match,Locality-level point reused from source data; no building location or arrival date inferred.,https://data.cerl.org/holdinst/NewYorkNYPierpontMorganLibrary,"New York NY, Grolier Club",,locality,,
00560429-print,00560429,00560429,ih00357100,ih00357100,print_place,first,0,1,,,Paris,Paris,Paris,GeoNames,2988507,https://www.geonames.org/2988507,48.85341,2.3488,,,,Inc.5.D.1.26[2581],1498,1498,,,gw_extracted_year_range,,coordinates_resolved,edition_level_print_statement,GW,13220,https://gesamtkatalogderwiegendrucke.de/docs/GW13220.htm,data/derived/prayer-book-corpus.csv,Printing statement shared by copies of the edition.,Paris,,,,FR,,,source_name_and_country_match,Locality-level point reused from source data; no building location or arrival date inferred.,https://data.cerl.org/holdinst/ParisBN,Paris,,locality,,
00560429-current,00560429,00560429,ih00357100,ih00357100,current_holding,last,3,1,,,"Cambridge, University Library",Cambridge,Cambridge,GeoNames,2653941,https://www.geonames.org/2653941,52.2,0.11667,GB,CambridgeUL,"Cambridge, University Library",Inc.5.D.1.26[2581],,,,2026-09-30,current_observation_only,,coordinates_resolved,current_holding_statement,MEI,00560429,https://data.cerl.org/mei/00560429,data/expanded/mei-corpus.json,Observed as the current holding institution; no arrival date is inferred.,,,,current_holding-cambridgeul,GB,,Q1028334,cerl_holding_city_to_geonames,"The holding institution is mapped to its city-level GeoNames point, not to building coordinates.",https://data.cerl.org/holdinst/CambridgeUL,"Cambridge, University Library",,locality,,
00200522-print,00200522,00200522,ih00357200,ih00357200,print_place,first,0,1,,,Rom,Rome,Rome,GeoNames,3169070,https://www.geonames.org/3169070,41.89193,12.51133,,,,54.A.63,1473,1473,,,gw_extracted_year_range,,coordinates_resolved,edition_level_print_statement,GW,13351,https://gesamtkatalogderwiegendrucke.de/docs/GW13351.htm,data/derived/prayer-book-corpus.csv,Printing statement shared by copies of the edition.,Rom,,,print_place-rom,IT,,,reused_mei_geonames,,https://gesamtkatalogderwiegendrucke.de/docs/GW13353.htm,Rom,,locality,,
00200522-current,00200522,00200522,ih00357200,ih00357200,current_holding,last,5,1,,,"Roma, Biblioteca dell'Accademia Nazionale dei Lincei e Corsiniana ",Rome,Rome,GeoNames,3169070,https://www.geonames.org/3169070,41.89193,12.51133,IT,RomaBibliotecaCorsiniana,"Roma, Biblioteca dell'Accademia Nazionale dei Lincei e Corsiniana ",54.A.63,,,,2026-09-30,current_observation_only,,coordinates_resolved,current_holding_statement,MEI,00200522,https://data.cerl.org/mei/00200522,data/expanded/mei-corpus.json,Observed as the current holding institution; no arrival date is inferred.,,,,,IT,,,source_name_and_country_match,Locality-level point reused from source data; no building location or arrival date inferred.,https://gesamtkatalogderwiegendrucke.de/docs/GW13353.htm,"Roma, Biblioteca dell'Accademia Nazionale dei Lincei e Corsiniana ",,locality,,
02000020-print,02000020,02000020,ih00357230,ih00357230,print_place,first,0,1,,,Venedig,Venice,Venice,GeoNames,3164603,https://www.geonames.org/3164603,45.43713,12.33265,,,,Inc. Ross. 984,1474,1474,,,gw_extracted_year_range,,coordinates_resolved,edition_level_print_statement,GW,13355,https://gesamtkatalogderwiegendrucke.de/docs/GW13355.htm,data/derived/prayer-book-corpus.csv,Printing statement shared by copies of the edition.,Venedig,,,print_place-venedig,IT,,,verified_geonames_city,,https://gesamtkatalogderwiegendrucke.de/docs/GW13360.htm | https://gesamtkatalogderwiegendrucke.de/docs/GW1338820N.htm,Venedig,,locality,,
02000020-current,02000020,02000020,ih00357230,ih00357230,current_holding,last,6,1,,,"Città del Vaticano, Biblioteca Apostolica Vaticana",Vatikan,Vatikan,GeoNames,3164670,https://www.geonames.org/3164670,41.90225,12.4533,VA,VaticanoBAV,"Città del Vaticano, Biblioteca Apostolica Vaticana",Inc. Ross. 984,,,,2026-09-30,current_observation_only,,coordinates_resolved,current_holding_statement,MEI,02000020,https://data.cerl.org/mei/02000020,data/expanded/mei-corpus.json,Observed as the current holding institution; no arrival date is inferred.,,,,,VA,,,human_review_2026_10_01,Ortszuweisung nach Prüfung durch Stefan Matter (01.10.2026); Kartenpunkt auf Ortsebene.,https://data.cerl.org/mei/00200654,"Città del Vaticano, Biblioteca Apostolica Vaticana",ORT-DD656D97,locality,,
02007622-print,02007622,02007622,ih00357230,ih00357230,print_place,first,0,1,,,Venedig,Venice,Venice,GeoNames,3164603,https://www.geonames.org/3164603,45.43713,12.33265,,,,Forc. M.4.32,1474,1474,,,gw_extracted_year_range,,coordinates_resolved,edition_level_print_statement,GW,13355,https://gesamtkatalogderwiegendrucke.de/docs/GW13355.htm,data/derived/prayer-book-corpus.csv,Printing statement shared by copies of the edition.,Venedig,,,print_place-venedig,IT,,,verified_geonames_city,,https://gesamtkatalogderwiegendrucke.de/docs/GW13360.htm | https://gesamtkatalogderwiegendrucke.de/docs/GW1338820N.htm,Venedig,,locality,,
02007622-current,02007622,02007622,ih00357230,ih00357230,current_holding,last,8,1,,,"Padova, Biblioteca del Seminario Vescovile",Padua,Padua,GeoNames,3171728,https://www.geonames.org/3171728,45.40797,11.88586,IT,PadovaSem,"Padova, Biblioteca del Seminario Vescovile",Forc. M.4.32,,,,2026-09-30,current_observation_only,,coordinates_resolved,current_holding_statement,MEI,02007622,https://data.cerl.org/mei/02007622,data/expanded/mei-corpus.json,Observed as the current holding institution; no arrival date is inferred.,,,,,IT,,,source_name_and_country_match,Locality-level point reused from source data; no building location or arrival date inferred.,https://data.cerl.org/mei/02007622,"Padova, Biblioteca del Seminario Vescovile",,locality,,
02018734-print,02018734,02018734,ih00357230,ih00357230,print_place,first,0,1,,,Venedig,Venice,Venice,GeoNames,3164603,https://www.geonames.org/3164603,45.43713,12.33265,,,,No. 92,1474,1474,,,gw_extracted_year_range,,coordinates_resolved,edition_level_print_statement,GW,13355,https://gesamtkatalogderwiegendrucke.de/docs/GW13355.htm,data/derived/prayer-book-corpus.csv,Printing statement shared by copies of the edition.,Venedig,,,print_place-venedig,IT,,,verified_geonames_city,,https://gesamtkatalogderwiegendrucke.de/docs/GW13360.htm | https://gesamtkatalogderwiegendrucke.de/docs/GW1338820N.htm,Venedig,,locality,,
02018734-current,02018734,02018734,ih00357230,ih00357230,current_holding,last,6,1,,,"Macerata, Biblioteca Comunale Mozzi-Borgetti",Macerata,Macerata,GeoNames,3174380,https://www.geonames.org/3174380,43.29789,13.45293,IT,MacerataC,"Macerata, Biblioteca Comunale Mozzi-Borgetti",No. 92,,,,2026-09-30,current_observation_only,,coordinates_resolved,current_holding_statement,MEI,02018734,https://data.cerl.org/mei/02018734,data/expanded/mei-corpus.json,Observed as the current holding institution; no arrival date is inferred.,,,,current_holding-maceratac,IT,,,cerl_holding_city_to_geonames,"The holding institution is mapped to its city-level GeoNames point, not to building coordinates.",https://data.cerl.org/holdinst/MacerataC,"Macerata, Biblioteca Comunale Mozzi-Borgetti",,locality,,
02108409-print,02108409,02108409,ih00357230,ih00357230,print_place,first,0,1,,,Venedig,Venice,Venice,GeoNames,3164603,https://www.geonames.org/3164603,45.43713,12.33265,,,,Triv. Inc. E 24,1474,1474,,,gw_extracted_year_range,,coordinates_resolved,edition_level_print_statement,GW,13355,https://gesamtkatalogderwiegendrucke.de/docs/GW13355.htm,data/derived/prayer-book-corpus.csv,Printing statement shared by copies of the edition.,Venedig,,,print_place-venedig,IT,,,verified_geonames_city,,https://gesamtkatalogderwiegendrucke.de/docs/GW13360.htm | https://gesamtkatalogderwiegendrucke.de/docs/GW1338820N.htm,Venedig,,locality,,
02108409-current,02108409,02108409,ih00357230,ih00357230,current_holding,last,5,1,,,"Milano, Archivio Storico Civico e Biblioteca Trivulziana",Milan,Milan,GeoNames,3173435,https://www.geonames.org/3173435,45.46427,9.18951,IT,MilanoTriv,"Milano, Archivio Storico Civico e Biblioteca Trivulziana",Triv. Inc. E 24,,,,2026-09-30,current_observation_only,,coordinates_resolved,current_holding_statement,MEI,02108409,https://data.cerl.org/mei/02108409,data/expanded/mei-corpus.json,Observed as the current holding institution; no arrival date is inferred.,,,,,IT,,,source_name_and_country_match,Locality-level point reused from source data; no building location or arrival date inferred.,https://www.geonames.org/3173435,"Milano, Archivio Storico Civico e Biblioteca Trivulziana",,locality,,
02000466-print,02000466,02000466,ih00357230,ih00357230,print_place,first,0,1,,,Venedig,Venice,Venice,GeoNames,3164603,https://www.geonames.org/3164603,45.43713,12.33265,,,,IA. 19677,1474,1474,,,gw_extracted_year_range,,coordinates_resolved,edition_level_print_statement,GW,13355,https://gesamtkatalogderwiegendrucke.de/docs/GW13355.htm,data/derived/prayer-book-corpus.csv,Printing statement shared by copies of the edition.,Venedig,,,print_place-venedig,IT,,,verified_geonames_city,,https://gesamtkatalogderwiegendrucke.de/docs/GW13360.htm | https://gesamtkatalogderwiegendrucke.de/docs/GW1338820N.htm,Venedig,,locality,,
02000466-current,02000466,02000466,ih00357230,ih00357230,current_holding,last,5,1,,,"London, British Library",London,London,GeoNames,2643743,https://www.geonames.org/2643743,51.50853,-0.12574,GB,LondonBL,"London, British Library",IA. 19677,,,,2026-09-30,current_observation_only,,coordinates_resolved,current_holding_statement,MEI,02000466,https://data.cerl.org/mei/02000466,data/expanded/mei-corpus.json,Observed as the current holding institution; no arrival date is inferred.,,,,current_holding-londonbl,GB,,Q23308,cerl_holding_city_to_geonames,"The holding institution is mapped to its city-level GeoNames point, not to building coordinates.",https://data.cerl.org/holdinst/LondonBL,"London, British Library",,locality,,
02002946-print,02002946,02002946,ih00357230,ih00357230,print_place,first,0,1,,,Venedig,Venice,Venice,GeoNames,3164603,https://www.geonames.org/3164603,45.43713,12.33265,,,,18497,1474,1474,,,gw_extracted_year_range,,coordinates_resolved,edition_level_print_statement,GW,13355,https://gesamtkatalogderwiegendrucke.de/docs/GW13355.htm,data/derived/prayer-book-corpus.csv,Printing statement shared by copies of the edition.,Venedig,,,print_place-venedig,IT,,,verified_geonames_city,,https://gesamtkatalogderwiegendrucke.de/docs/GW13360.htm | https://gesamtkatalogderwiegendrucke.de/docs/GW1338820N.htm,Venedig,,locality,,
02002946-current,02002946,02002946,ih00357230,ih00357230,current_holding,last,10,1,,,"Manchester, University of Manchester, John Rylands Research Institute and Library",Manchester,Manchester,GeoNames,2643123,https://www.geonames.org/2643123,53.48095,-2.23743,GB,ManchesterJRL,"Manchester, University of Manchester, John Rylands Research Institute and Library",18497,,,,2026-09-30,current_observation_only,,coordinates_resolved,current_holding_statement,MEI,02002946,https://data.cerl.org/mei/02002946,data/expanded/mei-corpus.json,Observed as the current holding institution; no arrival date is inferred.,,,,current_holding-manchesterjrl,GB,,Q773989,cerl_holding_city_to_geonames,"The holding institution is mapped to its city-level GeoNames point, not to building coordinates.",https://data.cerl.org/holdinst/ManchesterJRL,"Manchester, University of Manchester, John Rylands Research Institute and Library",,locality,,
00200524-print,00200524,00200524,ih00357250,ih00357250,print_place,first,0,1,,,Venedig,Venice,Venice,GeoNames,3164603,https://www.geonames.org/3164603,45.43713,12.33265,,,,17393,1475,1475,,,gw_extracted_year_range,,coordinates_resolved,edition_level_print_statement,GW,13358,https://gesamtkatalogderwiegendrucke.de/docs/GW13358.htm,data/derived/prayer-book-corpus.csv,Printing statement shared by copies of the edition.,Venedig,,,print_place-venedig,IT,,,verified_geonames_city,,https://gesamtkatalogderwiegendrucke.de/docs/GW13360.htm | https://gesamtkatalogderwiegendrucke.de/docs/GW1338820N.htm,Venedig,,locality,,
00200524-current,00200524,00200524,ih00357250,ih00357250,current_holding,last,1,1,,,"Manchester, University of Manchester, John Rylands Research Institute and Library",Manchester,Manchester,GeoNames,2643123,https://www.geonames.org/2643123,53.48095,-2.23743,GB,ManchesterJRL,"Manchester, University of Manchester, John Rylands Research Institute and Library",17393,,,,2026-09-30,current_observation_only,,coordinates_resolved,current_holding_statement,MEI,00200524,https://data.cerl.org/mei/00200524,data/expanded/mei-corpus.json,Observed as the current holding institution; no arrival date is inferred.,,,,current_holding-manchesterjrl,GB,,Q773989,cerl_holding_city_to_geonames,"The holding institution is mapped to its city-level GeoNames point, not to building coordinates.",https://data.cerl.org/holdinst/ManchesterJRL,"Manchester, University of Manchester, John Rylands Research Institute and Library",,locality,,
00200525-print,00200525,00200525,ih00357250,ih00357250,print_place,first,0,1,,,Venedig,Venice,Venice,GeoNames,3164603,https://www.geonames.org/3164603,45.43713,12.33265,,,,S. Q. II. A. 23,1475,1475,,,gw_extracted_year_range,,coordinates_resolved,edition_level_print_statement,GW,13358,https://gesamtkatalogderwiegendrucke.de/docs/GW13358.htm,data/derived/prayer-book-corpus.csv,Printing statement shared by copies of the edition.,Venedig,,,print_place-venedig,IT,,,verified_geonames_city,,https://gesamtkatalogderwiegendrucke.de/docs/GW13360.htm | https://gesamtkatalogderwiegendrucke.de/docs/GW1338820N.htm,Venedig,,locality,,
00200525-current,00200525,00200525,ih00357250,ih00357250,current_holding,last,1,1,,,"Napoli, Biblioteca nazionale Vittorio Emanuele III",Naples,Naples,GeoNames,3172394,https://www.geonames.org/3172394,40.85216,14.26811,IT,NapoliN,"Napoli, Biblioteca nazionale Vittorio Emanuele III",S. Q. II. A. 23,,,,2026-09-30,current_observation_only,,coordinates_resolved,current_holding_statement,MEI,00200525,https://data.cerl.org/mei/00200525,data/expanded/mei-corpus.json,Observed as the current holding institution; no arrival date is inferred.,,,,current_holding-napolin,IT,,,cerl_holding_city_to_geonames,"The holding institution is mapped to its city-level GeoNames point, not to building coordinates.",https://data.cerl.org/holdinst/NapoliN,"Napoli, Biblioteca nazionale Vittorio Emanuele III",,locality,,
02003507-print,02003507,02003507,ih00357250,ih00357250,print_place,first,0,1,,,Venedig,Venice,Venice,GeoNames,3164603,https://www.geonames.org/3164603,45.43713,12.33265,,,,XV. IV 116,1475,1475,,,gw_extracted_year_range,,coordinates_resolved,edition_level_print_statement,GW,13358,https://gesamtkatalogderwiegendrucke.de/docs/GW13358.htm,data/derived/prayer-book-corpus.csv,Printing statement shared by copies of the edition.,Venedig,,,print_place-venedig,IT,,,verified_geonames_city,,https://gesamtkatalogderwiegendrucke.de/docs/GW13360.htm | https://gesamtkatalogderwiegendrucke.de/docs/GW1338820N.htm,Venedig,,locality,,
02003507-current,02003507,02003507,ih00357250,ih00357250,current_holding,last,3,1,,,"Torino, Biblioteca Nazionale Universitaria",Turin,Turin,GeoNames,3165524,https://www.geonames.org/3165524,45.07049,7.68682,IT,TorinoN,"Torino, Biblioteca Nazionale Universitaria",XV. IV 116,,,,2026-09-30,current_observation_only,,coordinates_resolved,current_holding_statement,MEI,02003507,https://data.cerl.org/mei/02003507,data/expanded/mei-corpus.json,Observed as the current holding institution; no arrival date is inferred.,,,,,IT,,,source_name_and_country_match,Locality-level point reused from source data; no building location or arrival date inferred.,https://www.geonames.org/3165524,"Torino, Biblioteca Nazionale Universitaria",,locality,,
02003132-print,02003132,02003132,ih00357250,ih00357250,print_place,first,0,1,,,Venedig,Venice,Venice,GeoNames,3164603,https://www.geonames.org/3164603,45.43713,12.33265,,,,Inc. E 24,1475,1475,,,gw_extracted_year_range,,coordinates_resolved,edition_level_print_statement,GW,13358,https://gesamtkatalogderwiegendrucke.de/docs/GW13358.htm,data/derived/prayer-book-corpus.csv,Printing statement shared by copies of the edition.,Venedig,,,print_place-venedig,IT,,,verified_geonames_city,,https://gesamtkatalogderwiegendrucke.de/docs/GW13360.htm | https://gesamtkatalogderwiegendrucke.de/docs/GW1338820N.htm,Venedig,,locality,,
02003132-current,02003132,02003132,ih00357250,ih00357250,current_holding,last,1,1,,,"Milano, Archivio Storico Civico e Biblioteca Trivulziana",Milan,Milan,GeoNames,3173435,https://www.geonames.org/3173435,45.46427,9.18951,IT,MilanoTriv,"Milano, Archivio Storico Civico e Biblioteca Trivulziana",Inc. E 24,,,,2026-09-30,current_observation_only,,coordinates_resolved,current_holding_statement,MEI,02003132,https://data.cerl.org/mei/02003132,data/expanded/mei-corpus.json,Observed as the current holding institution; no arrival date is inferred.,,,,,IT,,,source_name_and_country_match,Locality-level point reused from source data; no building location or arrival date inferred.,https://www.geonames.org/3173435,"Milano, Archivio Storico Civico e Biblioteca Trivulziana",,locality,,
02003305-print,02003305,02003305,ih00357250,ih00357250,print_place,first,0,1,,,Venedig,Venice,Venice,GeoNames,3164603,https://www.geonames.org/3164603,45.43713,12.33265,,,,\*34.15\Veni\J54\1475,1475,1475,,,gw_extracted_year_range,,coordinates_resolved,edition_level_print_statement,GW,13358,https://gesamtkatalogderwiegendrucke.de/docs/GW13358.htm,data/derived/prayer-book-corpus.csv,Printing statement shared by copies of the edition.,Venedig,,,print_place-venedig,IT,,,verified_geonames_city,,https://gesamtkatalogderwiegendrucke.de/docs/GW13360.htm | https://gesamtkatalogderwiegendrucke.de/docs/GW1338820N.htm,Venedig,,locality,,
02003305-p003-loc01,02003305,02003305,ih00357250,ih00357250,provenance_place,intermediate,3,1,02003305-p003,02003305-p003-loc01,Paris,Paris,Paris,GeoNames,2988507,https://www.geonames.org/2988507,48.85341,2.3488,France,,,\*34.15\Veni\J54\1475,1820,1876,19,,mei_timeperiod,a,coordinates_resolved,copy_level_provenance_place,MEI,02003305-p003,https://data.cerl.org/mei/02003305,data/expanded/mei-corpus.json,,Paris,48.85341,2.3488,provenance_place-paris,FR,Q90,,normalised_geonames_city,MEI uses two different GeoNames records for Paris in the pilot; the analytical map layer consistently uses the capital record 2988507.,https://data.cerl.org/mei/02003992 | https://data.cerl.org/mei/02004013 | https://data.cerl.org/mei/02004012 | https://data.cerl.org/mei/02003961,Paris,,locality,,
02003305-p004-loc01,02003305,02003305,ih00357250,ih00357250,provenance_place,intermediate,4,1,02003305-p004,02003305-p004-loc01,Paris,Paris,Paris,GeoNames,2988507,https://www.geonames.org/2988507,48.85341,2.3488,France,,,\*34.15\Veni\J54\1475,1879,1882,19,,mei_timeperiod,a,coordinates_resolved,copy_level_provenance_place,MEI,02003305-p004,https://data.cerl.org/mei/02003305,data/expanded/mei-corpus.json,,Paris,48.85341,2.3488,provenance_place-paris,FR,Q90,,normalised_geonames_city,MEI uses two different GeoNames records for Paris in the pilot; the analytical map layer consistently uses the capital record 2988507.,https://data.cerl.org/mei/02003992 | https://data.cerl.org/mei/02004013 | https://data.cerl.org/mei/02004012 | https://data.cerl.org/mei/02003961,Paris,,locality,,
02003305-current,02003305,02003305,ih00357250,ih00357250,current_holding,last,7,1,,,"New York NY, Grolier Club",New York,New York,GeoNames,5128581,https://www.geonames.org/5128581,40.71427,-74.00597,US,NewYorkGrolier,"New York NY, Grolier Club",\*34.15\Veni\J54\1475,,,,2026-09-30,current_observation_only,,coordinates_resolved,current_holding_statement,MEI,02003305,https://data.cerl.org/mei/02003305,data/expanded/mei-corpus.json,Observed as the current holding institution; no arrival date is inferred.,,,,,US,,,source_name_and_country_match,Locality-level point reused from source data; no building location or arrival date inferred.,https://data.cerl.org/holdinst/NewYorkNYPierpontMorganLibrary,"New York NY, Grolier Club",,locality,,
00200523-print,00200523,00200523,ih00357250,ih00357250,print_place,first,0,1,,,Venedig,Venice,Venice,GeoNames,3164603,https://www.geonames.org/3164603,45.43713,12.33265,,,,m.r.XI.3.1,1475,1475,,,gw_extracted_year_range,,coordinates_resolved,edition_level_print_statement,GW,13358,https://gesamtkatalogderwiegendrucke.de/docs/GW13358.htm,data/derived/prayer-book-corpus.csv,Printing statement shared by copies of the edition.,Venedig,,,print_place-venedig,IT,,,verified_geonames_city,,https://gesamtkatalogderwiegendrucke.de/docs/GW13360.htm | https://gesamtkatalogderwiegendrucke.de/docs/GW1338820N.htm,Venedig,,locality,,
00200523-current,00200523,00200523,ih00357250,ih00357250,current_holding,last,1,1,,,"Genova, Biblioteca Civica Berio",Genova,Genova,GeoNames,6542282,https://www.geonames.org/6542282,44.41286,8.95729,IT,GenovaC,"Genova, Biblioteca Civica Berio",m.r.XI.3.1,,,,2026-09-30,current_observation_only,,coordinates_resolved,current_holding_statement,MEI,00200523,https://data.cerl.org/mei/00200523,data/expanded/mei-corpus.json,Observed as the current holding institution; no arrival date is inferred.,,,,,IT,,,source_name_and_country_match,Locality-level point reused from source data; no building location or arrival date inferred.,https://data.cerl.org/mei/02003507,"Genova, Biblioteca Civica Berio",,locality,,
00200526-print,00200526,00200526,ih00357260,ih00357260,print_place,first,0,1,,,Venedig,Venice,Venice,GeoNames,3164603,https://www.geonames.org/3164603,45.43713,12.33265,,,,Inc. Ross. 986,1475,1475,,,gw_extracted_year_range,,coordinates_resolved,edition_level_print_statement,GW,13356,https://gesamtkatalogderwiegendrucke.de/docs/GW13356.htm,data/derived/prayer-book-corpus.csv,Printing statement shared by copies of the edition.,Venedig,,,print_place-venedig,IT,,,verified_geonames_city,,https://gesamtkatalogderwiegendrucke.de/docs/GW13360.htm | https://gesamtkatalogderwiegendrucke.de/docs/GW1338820N.htm,Venedig,,locality,,
00200526-current,00200526,00200526,ih00357260,ih00357260,current_holding,last,1,1,,,"Città del Vaticano, Biblioteca Apostolica Vaticana",Vatikan,Vatikan,GeoNames,3164670,https://www.geonames.org/3164670,41.90225,12.4533,VA,VaticanoBAV,"Città del Vaticano, Biblioteca Apostolica Vaticana",Inc. Ross. 986,,,,2026-09-30,current_observation_only,,coordinates_resolved,current_holding_statement,MEI,00200526,https://data.cerl.org/mei/00200526,data/expanded/mei-corpus.json,Observed as the current holding institution; no arrival date is inferred.,,,,,VA,,,human_review_2026_10_01,Ortszuweisung nach Prüfung durch Stefan Matter (01.10.2026); Kartenpunkt auf Ortsebene.,https://data.cerl.org/mei/00200654,"Città del Vaticano, Biblioteca Apostolica Vaticana",ORT-DD656D97,locality,,
02003758-print,02003758,02003758,ih00357260,ih00357260,print_place,first,0,1,,,Venedig,Venice,Venice,GeoNames,3164603,https://www.geonames.org/3164603,45.43713,12.33265,,,,Rar. 343,1475,1475,,,gw_extracted_year_range,,coordinates_resolved,edition_level_print_statement,GW,13356,https://gesamtkatalogderwiegendrucke.de/docs/GW13356.htm,data/derived/prayer-book-corpus.csv,Printing statement shared by copies of the edition.,Venedig,,,print_place-venedig,IT,,,verified_geonames_city,,https://gesamtkatalogderwiegendrucke.de/docs/GW13360.htm | https://gesamtkatalogderwiegendrucke.de/docs/GW1338820N.htm,Venedig,,locality,,
02003758-current,02003758,02003758,ih00357260,ih00357260,current_holding,last,6,1,,,"München, Bayerische Staatsbibliothek",Munich,Munich,GeoNames,2867714,https://www.geonames.org/2867714,48.13743,11.57549,DE,MunchenBSB,"München, Bayerische Staatsbibliothek",Rar. 343,,,,2026-09-30,current_observation_only,,coordinates_resolved,current_holding_statement,MEI,02003758,https://data.cerl.org/mei/02003758,data/expanded/mei-corpus.json,Observed as the current holding institution; no arrival date is inferred.,,,,,DE,,,source_name_and_country_match,Locality-level point reused from source data; no building location or arrival date inferred.,https://data.cerl.org/mei/02003758,"München, Bayerische Staatsbibliothek",,locality,,
00200529-print,00200529,00200529,ih00357270,ih00357270,print_place,first,0,1,,,Venedig,Venice,Venice,GeoNames,3164603,https://www.geonames.org/3164603,45.43713,12.33265,,,,Inc. 1,1475,1475,,,gw_extracted_year_range,,coordinates_resolved,edition_level_print_statement,GW,13357,https://gesamtkatalogderwiegendrucke.de/docs/GW13357.htm,data/derived/prayer-book-corpus.csv,Printing statement shared by copies of the edition.,Venedig,,,print_place-venedig,IT,,,verified_geonames_city,,https://gesamtkatalogderwiegendrucke.de/docs/GW13360.htm | https://gesamtkatalogderwiegendrucke.de/docs/GW1338820N.htm,Venedig,,locality,,
00200529-current,00200529,00200529,ih00357270,ih00357270,current_holding,last,1,1,,,"Verona, Biblioteca Civica",Verona,Verona,GeoNames,3164527,https://www.geonames.org/3164527,45.43854,10.9938,IT,VeronaC,"Verona, Biblioteca Civica",Inc. 1,,,,2026-09-30,current_observation_only,,coordinates_resolved,current_holding_statement,MEI,00200529,https://data.cerl.org/mei/00200529,data/expanded/mei-corpus.json,Observed as the current holding institution; no arrival date is inferred.,,,,,IT,,,source_name_and_country_match,Locality-level point reused from source data; no building location or arrival date inferred.,https://data.cerl.org/mei/00200622,"Verona, Biblioteca Civica",,locality,,
00200528-print,00200528,00200528,ih00357270,ih00357270,print_place,first,0,1,,,Venedig,Venice,Venice,GeoNames,3164603,https://www.geonames.org/3164603,45.43713,12.33265,,,,Rés. Vélins 1478,1475,1475,,,gw_extracted_year_range,,coordinates_resolved,edition_level_print_statement,GW,13357,https://gesamtkatalogderwiegendrucke.de/docs/GW13357.htm,data/derived/prayer-book-corpus.csv,Printing statement shared by copies of the edition.,Venedig,,,print_place-venedig,IT,,,verified_geonames_city,,https://gesamtkatalogderwiegendrucke.de/docs/GW13360.htm | https://gesamtkatalogderwiegendrucke.de/docs/GW1338820N.htm,Venedig,,locality,,
00200528-p001-loc01,00200528,00200528,ih00357270,ih00357270,provenance_place,intermediate,1,1,00200528-p001,00200528-p001-loc01,Ferrara,Ferrara,Ferrara,GeoNames,3177090,https://www.geonames.org/3177090,44.83804,11.62057,Italy,,,Rés. Vélins 1478,1450,1575,15 | 16,,mei_timeperiod,a,coordinates_resolved,copy_level_provenance_place,MEI,00200528-p001,https://data.cerl.org/mei/00200528,data/expanded/mei-corpus.json,,Ferrara,44.83804,11.62057,provenance_place-ferrara,IT,,,corrected_mei_geonames,The MEI-supplied GeoNames ID 6299592 identifies a bus-terminal/airport feature; the analytical map layer corrects it to the populated-place record.,https://data.cerl.org/mei/02000909,Ferrara,,locality,,
00200528-p005-loc01,00200528,00200528,ih00357270,ih00357270,provenance_place,intermediate,5,1,00200528-p005,00200528-p005-loc01,Paris,Paris,Paris,GeoNames,2988507,https://www.geonames.org/2988507,48.85341,2.3488,France,,,Rés. Vélins 1478,1368,1871,15 | 16 | 17 | 18 | 19,5 Apr. 1827,mei_timeperiod,a,coordinates_resolved,copy_level_provenance_place,MEI,00200528-p005,https://data.cerl.org/mei/00200528,data/expanded/mei-corpus.json,,Paris,48.85341,2.3488,provenance_place-paris,FR,Q90,,normalised_geonames_city,MEI uses two different GeoNames records for Paris in the pilot; the analytical map layer consistently uses the capital record 2988507.,https://data.cerl.org/mei/02003992 | https://data.cerl.org/mei/02004013 | https://data.cerl.org/mei/02004012 | https://data.cerl.org/mei/02003961,Paris,,locality,,
00200528-current,00200528,00200528,ih00357270,ih00357270,current_holding,last,6,1,,,"Paris, Bibliothèque nationale de France",Paris,Paris,GeoNames,2988507,https://www.geonames.org/2988507,48.85341,2.3488,FR,ParisBN,"Paris, Bibliothèque nationale de France",Rés. Vélins 1478,,,,2026-09-30,current_observation_only,,coordinates_resolved,current_holding_statement,MEI,00200528,https://data.cerl.org/mei/00200528,data/expanded/mei-corpus.json,Observed as the current holding institution; no arrival date is inferred.,,,,current_holding-parisbn,FR,Q90,Q193563,cerl_holding_city_to_geonames,"The holding institution is mapped to the same Paris capital record used by MEI provenance places, not to exact building coordinates.",https://data.cerl.org/holdinst/ParisBN,"Paris, Bibliothèque nationale de France",,locality,,
00200527-print,00200527,00200527,ih00357270,ih00357270,print_place,first,0,1,,,Venedig,Venice,Venice,GeoNames,3164603,https://www.geonames.org/3164603,45.43713,12.33265,,,,Rés. Vélins 1477,1475,1475,,,gw_extracted_year_range,,coordinates_resolved,edition_level_print_statement,GW,13357,https://gesamtkatalogderwiegendrucke.de/docs/GW13357.htm,data/derived/prayer-book-corpus.csv,Printing statement shared by copies of the edition.,Venedig,,,print_place-venedig,IT,,,verified_geonames_city,,https://gesamtkatalogderwiegendrucke.de/docs/GW13360.htm | https://gesamtkatalogderwiegendrucke.de/docs/GW1338820N.htm,Venedig,,locality,,
00200527-p001-loc01,00200527,00200527,ih00357270,ih00357270,provenance_place,intermediate,1,1,00200527-p001,00200527-p001-loc01,Ferrara,Ferrara,Ferrara,GeoNames,3177090,https://www.geonames.org/3177090,44.83804,11.62057,Italy,,,Rés. Vélins 1477,1401,1500,15,,mei_timeperiod,a,coordinates_resolved,copy_level_provenance_place,MEI,00200527-p001,https://data.cerl.org/mei/00200527,data/expanded/mei-corpus.json,,Ferrara,44.83804,11.62057,provenance_place-ferrara,IT,,,corrected_mei_geonames,The MEI-supplied GeoNames ID 6299592 identifies a bus-terminal/airport feature; the analytical map layer corrects it to the populated-place record.,https://data.cerl.org/mei/02000909,Ferrara,,locality,,
00200527-p002-loc01,00200527,00200527,ih00357270,ih00357270,provenance_place,intermediate,2,1,00200527-p002,00200527-p002-loc01,Paris,Paris,Paris,GeoNames,2988507,https://www.geonames.org/2988507,48.85341,2.3488,France,,,Rés. Vélins 1477,1368,1871,15 | 16 | 17 | 18 | 19,1819,mei_timeperiod,a,coordinates_resolved,copy_level_provenance_place,MEI,00200527-p002,https://data.cerl.org/mei/00200527,data/expanded/mei-corpus.json,,Paris,48.85341,2.3488,provenance_place-paris,FR,Q90,,normalised_geonames_city,MEI uses two different GeoNames records for Paris in the pilot; the analytical map layer consistently uses the capital record 2988507.,https://data.cerl.org/mei/02003992 | https://data.cerl.org/mei/02004013 | https://data.cerl.org/mei/02004012 | https://data.cerl.org/mei/02003961,Paris,,locality,,
00200527-current,00200527,00200527,ih00357270,ih00357270,current_holding,last,3,1,,,"Paris, Bibliothèque nationale de France",Paris,Paris,GeoNames,2988507,https://www.geonames.org/2988507,48.85341,2.3488,FR,ParisBN,"Paris, Bibliothèque nationale de France",Rés. Vélins 1477,,,,2026-09-30,current_observation_only,,coordinates_resolved,current_holding_statement,MEI,00200527,https://data.cerl.org/mei/00200527,data/expanded/mei-corpus.json,Observed as the current holding institution; no arrival date is inferred.,,,,current_holding-parisbn,FR,Q90,Q193563,cerl_holding_city_to_geonames,"The holding institution is mapped to the same Paris capital record used by MEI provenance places, not to exact building coordinates.",https://data.cerl.org/holdinst/ParisBN,"Paris, Bibliothèque nationale de France",,locality,,
02124407-print,02124407,02124407,ih00357270,ih00357270,print_place,first,0,1,,,Venedig,Venice,Venice,GeoNames,3164603,https://www.geonames.org/3164603,45.43713,12.33265,,,,Inc. M 001,1475,1475,,,gw_extracted_year_range,,coordinates_resolved,edition_level_print_statement,GW,13357,https://gesamtkatalogderwiegendrucke.de/docs/GW13357.htm,data/derived/prayer-book-corpus.csv,Printing statement shared by copies of the edition.,Venedig,,,print_place-venedig,IT,,,verified_geonames_city,,https://gesamtkatalogderwiegendrucke.de/docs/GW13360.htm | https://gesamtkatalogderwiegendrucke.de/docs/GW1338820N.htm,Venedig,,locality,,
02124407-current,02124407,02124407,ih00357270,ih00357270,current_holding,last,5,1,,,"Venezia, Biblioteca del Museo Correr",Venice,Venice,GeoNames,3164603,https://www.geonames.org/3164603,45.43713,12.33265,IT,VeneziaC,"Venezia, Biblioteca del Museo Correr",Inc. M 001,,,,2026-09-30,current_observation_only,,coordinates_resolved,current_holding_statement,MEI,02124407,https://data.cerl.org/mei/02124407,data/expanded/mei-corpus.json,Observed as the current holding institution; no arrival date is inferred.,,,,,IT,,,source_name_and_country_match,Locality-level point reused from source data; no building location or arrival date inferred.,https://www.geonames.org/3164603,"Venezia, Biblioteca del Museo Correr",,locality,,
00200530-print,00200530,00200530,ih00357290,ih00357290,print_place,first,0,1,,,Ferrara,Ferrara,Ferrara,GeoNames,3177090,https://www.geonames.org/3177090,44.83804,11.62057,,,,101430,1475,1475,,,gw_extracted_year_range,,coordinates_resolved,edition_level_print_statement,GW,13329,https://gesamtkatalogderwiegendrucke.de/docs/GW13329.htm,data/derived/prayer-book-corpus.csv,Printing statement shared by copies of the edition.,Ferrara,,,print_place-ferrara,IT,,,verified_geonames_city,The earlier MEI-derived GeoNames ID 6299592 identifies a bus-terminal/airport feature rather than the city; this mapping uses the populated-place record.,https://gesamtkatalogderwiegendrucke.de/docs/GW13330.htm,Ferrara,,locality,,
00200530-current,00200530,00200530,ih00357290,ih00357290,current_holding,last,8,1,,,"San Marino CA, Huntington Library",San Marino,San Marino,GeoNames,5392400,https://www.geonames.org/5392400,34.1214,-118.10646,US,SanMarinoHun,"San Marino CA, Huntington Library",101430,,,,2026-09-30,current_observation_only,,coordinates_resolved,current_holding_statement,MEI,00200530,https://data.cerl.org/mei/00200530,data/expanded/mei-corpus.json,Observed as the current holding institution; no arrival date is inferred.,,,,,US,,,human_review_2026_10_01,Ortszuweisung nach Prüfung durch Stefan Matter (01.10.2026); Kartenpunkt auf Ortsebene.,https://data.cerl.org/mei/02156758,"San Marino CA, Huntington Library",ORT-CB30A216,locality,,
00200532-print,00200532,00200532,ih00357295,ih00357295,print_place,first,0,1,,,Neapel,Naples,Naples,GeoNames,3172394,https://www.geonames.org/3172394,40.85216,14.26811,,,,20964,1476,1476,,,gw_extracted_year_range,,coordinates_resolved,edition_level_print_statement,GW,13335,https://gesamtkatalogderwiegendrucke.de/docs/GW13335.htm,data/derived/prayer-book-corpus.csv,Printing statement shared by copies of the edition.,Neapel,,,print_place-neapel,IT,,,reused_mei_geonames,,https://gesamtkatalogderwiegendrucke.de/docs/GW1333510.htm | https://gesamtkatalogderwiegendrucke.de/docs/GW13337.htm,Neapel,,locality,,
00200532-current,00200532,00200532,ih00357295,ih00357295,current_holding,last,1,1,,,"Manchester, University of Manchester, John Rylands Research Institute and Library",Manchester,Manchester,GeoNames,2643123,https://www.geonames.org/2643123,53.48095,-2.23743,GB,ManchesterJRL,"Manchester, University of Manchester, John Rylands Research Institute and Library",20964,,,,2026-09-30,current_observation_only,,coordinates_resolved,current_holding_statement,MEI,00200532,https://data.cerl.org/mei/00200532,data/expanded/mei-corpus.json,Observed as the current holding institution; no arrival date is inferred.,,,,current_holding-manchesterjrl,GB,,Q773989,cerl_holding_city_to_geonames,"The holding institution is mapped to its city-level GeoNames point, not to building coordinates.",https://data.cerl.org/holdinst/ManchesterJRL,"Manchester, University of Manchester, John Rylands Research Institute and Library",,locality,,
00200534-print,00200534,00200534,ih00357297,ih00357297,print_place,first,0,1,,,Neapel,Naples,Naples,GeoNames,3172394,https://www.geonames.org/3172394,40.85216,14.26811,,,,U. 575,1477,1477,,,gw_extracted_year_range,,coordinates_resolved,edition_level_print_statement,GW,13336,https://gesamtkatalogderwiegendrucke.de/docs/GW13336.htm,data/derived/prayer-book-corpus.csv,Printing statement shared by copies of the edition.,Neapel,,,print_place-neapel,IT,,,reused_mei_geonames,,https://gesamtkatalogderwiegendrucke.de/docs/GW1333510.htm | https://gesamtkatalogderwiegendrucke.de/docs/GW13337.htm,Neapel,,locality,,
00200534-current,00200534,00200534,ih00357297,ih00357297,current_holding,last,1,1,,,"Strängnäs, Domkyrkobibliotek",Strängnäs,Strängnäs,,,,59.367,17.033,SE,StrangnasDomkyrkobibliotek,"Strängnäs, Domkyrkobibliotek",U. 575,,,,2026-09-30,current_observation_only,,coordinates_resolved,current_holding_statement,MEI,00200534,https://data.cerl.org/mei/00200534,data/expanded/mei-corpus.json,Observed as the current holding institution; no arrival date is inferred.,,,,,SE,,,human_review_2026_10_01,Ortszuweisung nach Prüfung durch Stefan Matter (01.10.2026); Kartenpunkt auf Ortsebene.,https://en.wikipedia.org/wiki/Str%C3%A4ngn%C3%A4s,"Strängnäs, Domkyrkobibliotek",ORT-FF921484,locality,,
00200537-print,00200537,00200537,ih00357300,ih00357300,print_place,first,0,1,,,Venedig,Venice,Venice,GeoNames,3164603,https://www.geonames.org/3164603,45.43713,12.33265,,,,Rés. Vélins 1468,1478,1478,,,gw_extracted_year_range,,coordinates_resolved,edition_level_print_statement,GW,13359,https://gesamtkatalogderwiegendrucke.de/docs/GW13359.htm,data/derived/prayer-book-corpus.csv,Printing statement shared by copies of the edition.,Venedig,,,print_place-venedig,IT,,,verified_geonames_city,,https://gesamtkatalogderwiegendrucke.de/docs/GW13360.htm | https://gesamtkatalogderwiegendrucke.de/docs/GW1338820N.htm,Venedig,,locality,,
00200537-current,00200537,00200537,ih00357300,ih00357300,current_holding,last,1,1,,,"Paris, Bibliothèque nationale de France",Paris,Paris,GeoNames,2988507,https://www.geonames.org/2988507,48.85341,2.3488,FR,ParisBN,"Paris, Bibliothèque nationale de France",Rés. Vélins 1468,,,,2026-09-30,current_observation_only,,coordinates_resolved,current_holding_statement,MEI,00200537,https://data.cerl.org/mei/00200537,data/expanded/mei-corpus.json,Observed as the current holding institution; no arrival date is inferred.,,,,current_holding-parisbn,FR,Q90,Q193563,cerl_holding_city_to_geonames,"The holding institution is mapped to the same Paris capital record used by MEI provenance places, not to exact building coordinates.",https://data.cerl.org/holdinst/ParisBN,"Paris, Bibliothèque nationale de France",,locality,,
00200538-print,00200538,00200538,ih00357300,ih00357300,print_place,first,0,1,,,Venedig,Venice,Venice,GeoNames,3164603,https://www.geonames.org/3164603,45.43713,12.33265,,,,M 9 Inc.,1478,1478,,,gw_extracted_year_range,,coordinates_resolved,edition_level_print_statement,GW,13359,https://gesamtkatalogderwiegendrucke.de/docs/GW13359.htm,data/derived/prayer-book-corpus.csv,Printing statement shared by copies of the edition.,Venedig,,,print_place-venedig,IT,,,verified_geonames_city,,https://gesamtkatalogderwiegendrucke.de/docs/GW13360.htm | https://gesamtkatalogderwiegendrucke.de/docs/GW1338820N.htm,Venedig,,locality,,
00200538-current,00200538,00200538,ih00357300,ih00357300,current_holding,last,1,1,,,"Venezia, Biblioteca del Museo Correr",Venice,Venice,GeoNames,3164603,https://www.geonames.org/3164603,45.43713,12.33265,IT,VeneziaC,"Venezia, Biblioteca del Museo Correr",M 9 Inc.,,,,2026-09-30,current_observation_only,,coordinates_resolved,current_holding_statement,MEI,00200538,https://data.cerl.org/mei/00200538,data/expanded/mei-corpus.json,Observed as the current holding institution; no arrival date is inferred.,,,,,IT,,,source_name_and_country_match,Locality-level point reused from source data; no building location or arrival date inferred.,https://www.geonames.org/3164603,"Venezia, Biblioteca del Museo Correr",,locality,,
00200536-print,00200536,00200536,ih00357300,ih00357300,print_place,first,0,1,,,Venedig,Venice,Venice,GeoNames,3164603,https://www.geonames.org/3164603,45.43713,12.33265,,,,Rés. Vélins 1467,1478,1478,,,gw_extracted_year_range,,coordinates_resolved,edition_level_print_statement,GW,13359,https://gesamtkatalogderwiegendrucke.de/docs/GW13359.htm,data/derived/prayer-book-corpus.csv,Printing statement shared by copies of the edition.,Venedig,,,print_place-venedig,IT,,,verified_geonames_city,,https://gesamtkatalogderwiegendrucke.de/docs/GW13360.htm | https://gesamtkatalogderwiegendrucke.de/docs/GW1338820N.htm,Venedig,,locality,,
00200536-current,00200536,00200536,ih00357300,ih00357300,current_holding,last,1,1,,,"Paris, Bibliothèque nationale de France",Paris,Paris,GeoNames,2988507,https://www.geonames.org/2988507,48.85341,2.3488,FR,ParisBN,"Paris, Bibliothèque nationale de France",Rés. Vélins 1467,,,,2026-09-30,current_observation_only,,coordinates_resolved,current_holding_statement,MEI,00200536,https://data.cerl.org/mei/00200536,data/expanded/mei-corpus.json,Observed as the current holding institution; no arrival date is inferred.,,,,current_holding-parisbn,FR,Q90,Q193563,cerl_holding_city_to_geonames,"The holding institution is mapped to the same Paris capital record used by MEI provenance places, not to exact building coordinates.",https://data.cerl.org/holdinst/ParisBN,"Paris, Bibliothèque nationale de France",,locality,,
02124443-print,02124443,02124443,ih00357300,ih00357300,print_place,first,0,1,,,Venedig,Venice,Venice,GeoNames,3164603,https://www.geonames.org/3164603,45.43713,12.33265,,,,Inc. M 009,1478,1478,,,gw_extracted_year_range,,coordinates_resolved,edition_level_print_statement,GW,13359,https://gesamtkatalogderwiegendrucke.de/docs/GW13359.htm,data/derived/prayer-book-corpus.csv,Printing statement shared by copies of the edition.,Venedig,,,print_place-venedig,IT,,,verified_geonames_city,,https://gesamtkatalogderwiegendrucke.de/docs/GW13360.htm | https://gesamtkatalogderwiegendrucke.de/docs/GW1338820N.htm,Venedig,,locality,,
02124443-current,02124443,02124443,ih00357300,ih00357300,current_holding,last,4,1,,,"Venezia, Biblioteca del Museo Correr",Venice,Venice,GeoNames,3164603,https://www.geonames.org/3164603,45.43713,12.33265,IT,VeneziaC,"Venezia, Biblioteca del Museo Correr",Inc. M 009,,,,2026-09-30,current_observation_only,,coordinates_resolved,current_holding_statement,MEI,02124443,https://data.cerl.org/mei/02124443,data/expanded/mei-corpus.json,Observed as the current holding institution; no arrival date is inferred.,,,,,IT,,,source_name_and_country_match,Locality-level point reused from source data; no building location or arrival date inferred.,https://www.geonames.org/3164603,"Venezia, Biblioteca del Museo Correr",,locality,,
00560430-print,00560430,00560430,ih00357300,ih00357300,print_place,first,0,1,,,Venedig,Venice,Venice,GeoNames,3164603,https://www.geonames.org/3164603,45.43713,12.33265,,,,Inc.7.B.3.27[1476],1478,1478,,,gw_extracted_year_range,,coordinates_resolved,edition_level_print_statement,GW,13359,https://gesamtkatalogderwiegendrucke.de/docs/GW13359.htm,data/derived/prayer-book-corpus.csv,Printing statement shared by copies of the edition.,Venedig,,,print_place-venedig,IT,,,verified_geonames_city,,https://gesamtkatalogderwiegendrucke.de/docs/GW13360.htm | https://gesamtkatalogderwiegendrucke.de/docs/GW1338820N.htm,Venedig,,locality,,
00560430-current,00560430,00560430,ih00357300,ih00357300,current_holding,last,3,1,,,"Cambridge, University Library",Cambridge,Cambridge,GeoNames,2653941,https://www.geonames.org/2653941,52.2,0.11667,GB,CambridgeUL,"Cambridge, University Library",Inc.7.B.3.27[1476],,,,2026-09-30,current_observation_only,,coordinates_resolved,current_holding_statement,MEI,00560430,https://data.cerl.org/mei/00560430,data/expanded/mei-corpus.json,Observed as the current holding institution; no arrival date is inferred.,,,,current_holding-cambridgeul,GB,,Q1028334,cerl_holding_city_to_geonames,"The holding institution is mapped to its city-level GeoNames point, not to building coordinates.",https://data.cerl.org/holdinst/CambridgeUL,"Cambridge, University Library",,locality,,
02018770-print,02018770,02018770,ih00357300,ih00357300,print_place,first,0,1,,,Venedig,Venice,Venice,GeoNames,3164603,https://www.geonames.org/3164603,45.43713,12.33265,,,,Inc. 7. B. 3. 27 [1476],1478,1478,,,gw_extracted_year_range,,coordinates_resolved,edition_level_print_statement,GW,13359,https://gesamtkatalogderwiegendrucke.de/docs/GW13359.htm,data/derived/prayer-book-corpus.csv,Printing statement shared by copies of the edition.,Venedig,,,print_place-venedig,IT,,,verified_geonames_city,,https://gesamtkatalogderwiegendrucke.de/docs/GW13360.htm | https://gesamtkatalogderwiegendrucke.de/docs/GW1338820N.htm,Venedig,,locality,,
02018770-current,02018770,02018770,ih00357300,ih00357300,current_holding,last,6,1,,,"Cambridge, University Library",Cambridge,Cambridge,GeoNames,2653941,https://www.geonames.org/2653941,52.2,0.11667,GB,CambridgeUL,"Cambridge, University Library",Inc. 7. B. 3. 27 [1476],,,,2026-09-30,current_observation_only,,coordinates_resolved,current_holding_statement,MEI,02018770,https://data.cerl.org/mei/02018770,data/expanded/mei-corpus.json,Observed as the current holding institution; no arrival date is inferred.,,,,current_holding-cambridgeul,GB,,Q1028334,cerl_holding_city_to_geonames,"The holding institution is mapped to its city-level GeoNames point, not to building coordinates.",https://data.cerl.org/holdinst/CambridgeUL,"Cambridge, University Library",,locality,,
00200539-print,00200539,00200539,ih00357340,ih00357340,print_place,first,0,1,,,Venedig,Venice,Venice,GeoNames,3164603,https://www.geonames.org/3164603,45.43713,12.33265,,,,91.880,1478,1478,,,gw_extracted_year_range,,coordinates_resolved,edition_level_print_statement,GW,13360,https://gesamtkatalogderwiegendrucke.de/docs/GW13360.htm,data/derived/prayer-book-corpus.csv,Printing statement shared by copies of the edition.,Venedig,,,print_place-venedig,IT,,,verified_geonames_city,,https://gesamtkatalogderwiegendrucke.de/docs/GW13360.htm | https://gesamtkatalogderwiegendrucke.de/docs/GW1338820N.htm,Venedig,,locality,,
00200539-current,00200539,00200539,ih00357340,ih00357340,current_holding,last,1,1,,,"Baltimore MD, The Walters Art Museum Library",Baltimore,Baltimore,GeoNames,4347778,https://www.geonames.org/4347778,39.29038,-76.61219,US,BaltimoreMDWalters,"Baltimore MD, The Walters Art Museum Library",91.880,,,,2026-09-23,current_observation_only,,coordinates_resolved,current_holding_statement,MEI,00200539,https://data.cerl.org/mei/00200539,data/expanded/mei-corpus.json,Observed as the current holding institution; no arrival date is inferred.,,,,current_holding-baltimoremdwalters,US,,,cerl_holding_city_to_geonames,"The holding institution is mapped to its city-level GeoNames point, not to building coordinates.",https://data.cerl.org/holdinst/BaltimoreMDWalters,"Baltimore MD, The Walters Art Museum Library",,locality,,
00201166-print,00201166,00201166,ih00357340,ih00357340,print_place,first,0,1,,,Venedig,Venice,Venice,GeoNames,3164603,https://www.geonames.org/3164603,45.43713,12.33265,,,,Vienna,1478,1478,,,gw_extracted_year_range,,coordinates_resolved,edition_level_print_statement,GW,13360,https://gesamtkatalogderwiegendrucke.de/docs/GW13360.htm,data/derived/prayer-book-corpus.csv,Printing statement shared by copies of the edition.,Venedig,,,print_place-venedig,IT,,,verified_geonames_city,,https://gesamtkatalogderwiegendrucke.de/docs/GW13360.htm | https://gesamtkatalogderwiegendrucke.de/docs/GW1338820N.htm,Venedig,,locality,,
00201166-current,00201166,00201166,ih00357340,ih00357340,last_known,last_known_location,2,1,,,Wien,Wien,Wien,GeoNames,2761369,https://www.geonames.org/2761369,48.20849,16.37208,,HistCopy,Historical Copy,Vienna,1905,1905,,,current_observation_only,,coordinates_resolved,current_holding_statement,MEI,00201166,https://data.cerl.org/mei/00201166,data/expanded/mei-corpus.json,Observed as the current holding institution; no arrival date is inferred.,,,,current_holding-histcopy,,,,last_known_source_event,Letzter bekannter Nachweis; heutiger Aufenthaltsort unbekannt.,https://data.cerl.org/mei/00201166,Historical Copy,ORT-D9F69B6F,locality,Heutiger Aufenthaltsort unbekannt,
00200533-print,00200533,00200533,ih00357350,ih00357350,print_place,first,0,1,,,Neapel,Naples,Naples,GeoNames,3172394,https://www.geonames.org/3172394,40.85216,14.26811,,,,(no shelfmark),,,,,gw_date_not_yet_extracted,,coordinates_resolved,edition_level_print_statement,GW,1333510,https://gesamtkatalogderwiegendrucke.de/docs/GW1333510.htm,data/derived/prayer-book-corpus.csv,Printing statement shared by copies of the edition.,Neapel,,,print_place-neapel,IT,,,reused_mei_geonames,,https://gesamtkatalogderwiegendrucke.de/docs/GW1333510.htm | https://gesamtkatalogderwiegendrucke.de/docs/GW13337.htm,Neapel,,locality,,
00200533-p005-loc01,00200533,00200533,ih00357350,ih00357350,provenance_place,intermediate,5,1,00200533-p005,00200533-p005-loc01,London,London,London,GeoNames,2643743,https://www.geonames.org/2643743,51.50853,-0.12574,,,,(no shelfmark),2007,2007,21,,mei_timeperiod,,coordinates_resolved,copy_level_provenance_place,MEI,00200533-p005,https://data.cerl.org/mei/00200533,data/expanded/mei-corpus.json,,London,,,provenance_place-london,GB,,,reused_mei_geonames,,https://data.cerl.org/mei/00200533,London,,locality,,
00200533-p006-loc01,00200533,00200533,ih00357350,ih00357350,provenance_place,intermediate,6,1,00200533-p006,00200533-p006-loc01,London,London,London,GeoNames,2643743,https://www.geonames.org/2643743,51.50853,-0.12574,,,,(no shelfmark),2007,,21,,mei_timeperiod,,coordinates_resolved,copy_level_provenance_place,MEI,00200533-p006,https://data.cerl.org/mei/00200533,data/expanded/mei-corpus.json,,London,,,provenance_place-london,GB,,,reused_mei_geonames,,https://data.cerl.org/mei/00200533,London,,locality,,
00200533-current,00200533,00200533,ih00357350,ih00357350,current_holding,last,7,1,,,"London, C. Dondi",London,London,GeoNames,2643743,https://www.geonames.org/2643743,51.50853,-0.12574,GB,LondonCDondi,"London, C. Dondi",(no shelfmark),,,,2026-09-23,current_observation_only,,coordinates_resolved,current_holding_statement,MEI,00200533,https://data.cerl.org/mei/00200533,data/expanded/mei-corpus.json,Observed as the current holding institution; no arrival date is inferred.,,,,current_holding-londoncdondi,GB,,,cerl_holding_city_to_geonames,"The holding institution is mapped to its city-level GeoNames point, not to building coordinates.",https://data.cerl.org/holdinst/LondonCDondi,"London, C. Dondi",,locality,,
02003957-print,02003957,02003957,ih00357360,ih00357360,print_place,first,0,1,,,Neapel,Naples,Naples,GeoNames,3172394,https://www.geonames.org/3172394,40.85216,14.26811,,,,A. V. B. VIII. 47,1478,1478,,,gw_extracted_year_range,,coordinates_resolved,edition_level_print_statement,GW,13337,https://gesamtkatalogderwiegendrucke.de/docs/GW13337.htm,data/derived/prayer-book-corpus.csv,Printing statement shared by copies of the edition.,Neapel,,,print_place-neapel,IT,,,reused_mei_geonames,,https://gesamtkatalogderwiegendrucke.de/docs/GW1333510.htm | https://gesamtkatalogderwiegendrucke.de/docs/GW13337.htm,Neapel,,locality,,
02003957-p002-loc01,02003957,02003957,ih00357360,ih00357360,provenance_place,intermediate,2,1,02003957-p002,02003957-p002-loc01,Bologna,Bologna,Bologna,GeoNames,3181928,https://www.geonames.org/3181928,44.49381,11.33875,Italy,,,A. V. B. VIII. 47,1701,1800,18,,mei_timeperiod,a,coordinates_supplied,copy_level_provenance_place,MEI,02003957-p002,https://data.cerl.org/mei/02003957,data/expanded/mei-corpus.json,,Bologna,44.46667,11.43333,,,,,city_not_province,Stadtpunkt Bologna statt des zuvor verwendeten Provinzpunkts; ursprüngliche Koordinaten bleiben gespeichert.,https://data.cerl.org/mei/02003305,Bologna,,locality,,
02003957-p003-loc01,02003957,02003957,ih00357360,ih00357360,provenance_place,intermediate,3,1,02003957-p003,02003957-p003-loc01,Bologna,Bologna,Bologna,GeoNames,3181928,https://www.geonames.org/3181928,44.49381,11.33875,Italy,,,A. V. B. VIII. 47,1801,,19,,mei_timeperiod,a,coordinates_supplied,copy_level_provenance_place,MEI,02003957-p003,https://data.cerl.org/mei/02003957,data/expanded/mei-corpus.json,,Bologna,44.46667,11.43333,,,,,city_not_province,Stadtpunkt Bologna statt des zuvor verwendeten Provinzpunkts; ursprüngliche Koordinaten bleiben gespeichert.,https://data.cerl.org/mei/02003305,Bologna,,locality,,
02003957-current,02003957,02003957,ih00357360,ih00357360,current_holding,last,4,1,,,"Bologna, Biblioteca Universitaria",Bologna,Bologna,GeoNames,3181928,https://www.geonames.org/3181928,44.49381,11.33875,IT,BolognaU,"Bologna, Biblioteca Universitaria",A. V. B. VIII. 47,,,,2026-09-23,current_observation_only,,coordinates_resolved,current_holding_statement,MEI,02003957,https://data.cerl.org/mei/02003957,data/expanded/mei-corpus.json,Observed as the current holding institution; no arrival date is inferred.,,,,current_holding-bolognau,IT,,,city_not_province,Stadtpunkt Bologna statt des zuvor verwendeten Provinzpunkts; ursprüngliche Koordinaten bleiben gespeichert.,https://data.cerl.org/mei/02003305,"Bologna, Biblioteca Universitaria",,locality,,
00201167-print,00201167,00201167,ih00357360,ih00357360,print_place,first,0,1,,,Neapel,Naples,Naples,GeoNames,3172394,https://www.geonames.org/3172394,40.85216,14.26811,,,,Rome,1478,1478,,,gw_extracted_year_range,,coordinates_resolved,edition_level_print_statement,GW,13337,https://gesamtkatalogderwiegendrucke.de/docs/GW13337.htm,data/derived/prayer-book-corpus.csv,Printing statement shared by copies of the edition.,Neapel,,,print_place-neapel,IT,,,reused_mei_geonames,,https://gesamtkatalogderwiegendrucke.de/docs/GW1333510.htm | https://gesamtkatalogderwiegendrucke.de/docs/GW13337.htm,Neapel,,locality,,
00201167-current,00201167,00201167,ih00357360,ih00357360,last_known,last_known_location,2,1,,,Rom,Rom,Rom,GeoNames,3169070,https://www.geonames.org/3169070,41.89193,12.51133,,HistCopy,Historical Copy,Rome,1681,1681,,,current_observation_only,,coordinates_resolved,current_holding_statement,MEI,00201167,https://data.cerl.org/mei/00201167,data/expanded/mei-corpus.json,Observed as the current holding institution; no arrival date is inferred.,,,,current_holding-histcopy,,,,last_known_source_event,Letzter bekannter Nachweis; heutiger Aufenthaltsort unbekannt.,https://data.cerl.org/mei/00201167,Historical Copy,ORT-D9F69B6F,locality,Heutiger Aufenthaltsort unbekannt,
02003991-print,02003991,02003991,ih00357360,ih00357360,print_place,first,0,1,,,Neapel,Naples,Naples,GeoNames,3172394,https://www.geonames.org/3172394,40.85216,14.26811,,,,S. Q. XXIII. A. 44,1478,1478,,,gw_extracted_year_range,,coordinates_resolved,edition_level_print_statement,GW,13337,https://gesamtkatalogderwiegendrucke.de/docs/GW13337.htm,data/derived/prayer-book-corpus.csv,Printing statement shared by copies of the edition.,Neapel,,,print_place-neapel,IT,,,reused_mei_geonames,,https://gesamtkatalogderwiegendrucke.de/docs/GW1333510.htm | https://gesamtkatalogderwiegendrucke.de/docs/GW13337.htm,Neapel,,locality,,
02003991-current,02003991,02003991,ih00357360,ih00357360,current_holding,last,5,1,,,"Napoli, Biblioteca nazionale Vittorio Emanuele III",Naples,Naples,GeoNames,3172394,https://www.geonames.org/3172394,40.85216,14.26811,IT,NapoliN,"Napoli, Biblioteca nazionale Vittorio Emanuele III",S. Q. XXIII. A. 44,,,,2026-09-23,current_observation_only,,coordinates_resolved,current_holding_statement,MEI,02003991,https://data.cerl.org/mei/02003991,data/expanded/mei-corpus.json,Observed as the current holding institution; no arrival date is inferred.,,,,current_holding-napolin,IT,,,cerl_holding_city_to_geonames,"The holding institution is mapped to its city-level GeoNames point, not to building coordinates.",https://data.cerl.org/holdinst/NapoliN,"Napoli, Biblioteca nazionale Vittorio Emanuele III",,locality,,
02003992-print,02003992,02003992,ih00357360,ih00357360,print_place,first,0,1,,,Neapel,Naples,Naples,GeoNames,3172394,https://www.geonames.org/3172394,40.85216,14.26811,,,,"CheckList 1229, Accession no. 19008",1478,1478,,,gw_extracted_year_range,,coordinates_resolved,edition_level_print_statement,GW,13337,https://gesamtkatalogderwiegendrucke.de/docs/GW13337.htm,data/derived/prayer-book-corpus.csv,Printing statement shared by copies of the edition.,Neapel,,,print_place-neapel,IT,,,reused_mei_geonames,,https://gesamtkatalogderwiegendrucke.de/docs/GW1333510.htm | https://gesamtkatalogderwiegendrucke.de/docs/GW13337.htm,Neapel,,locality,,
02003992-p004-loc01,02003992,02003992,ih00357360,ih00357360,provenance_place,intermediate,4,1,02003992-p004,02003992-p004-loc01,Paris,Paris,Paris,GeoNames,2988507,https://www.geonames.org/2988507,48.85341,2.3488,France,,,"CheckList 1229, Accession no. 19008",1900,1901,19 | 20,,mei_timeperiod,a,coordinates_resolved,copy_level_provenance_place,MEI,02003992-p004,https://data.cerl.org/mei/02003992,data/expanded/mei-corpus.json,,Paris,48.86,2.34444,provenance_place-paris,FR,Q90,,normalised_geonames_city,MEI uses two different GeoNames records for Paris in the pilot; the analytical map layer consistently uses the capital record 2988507.,https://data.cerl.org/mei/02003992 | https://data.cerl.org/mei/02004013 | https://data.cerl.org/mei/02004012 | https://data.cerl.org/mei/02003961,Paris,,locality,,
02003992-current,02003992,02003992,ih00357360,ih00357360,current_holding,last,9,1,,,"New York NY, The Morgan Library and Museum",New York,New York,GeoNames,5128581,https://www.geonames.org/5128581,40.71427,-74.00597,US,NewYorkNYPierpontMorganLibrary,"New York NY, The Morgan Library and Museum","CheckList 1229, Accession no. 19008",,,,2026-09-23,current_observation_only,,coordinates_resolved,current_holding_statement,MEI,02003992,https://data.cerl.org/mei/02003992,data/expanded/mei-corpus.json,Observed as the current holding institution; no arrival date is inferred.,,,,current_holding-newyorknypierpontmorganlibrary,US,,,cerl_holding_city_to_geonames,"The holding institution is mapped to its city-level GeoNames point, not to building coordinates.",https://data.cerl.org/holdinst/NewYorkNYPierpontMorganLibrary,"New York NY, The Morgan Library and Museum",,locality,,
02003958-print,02003958,02003958,ih00357360,ih00357360,print_place,first,0,1,,,Neapel,Naples,Naples,GeoNames,3172394,https://www.geonames.org/3172394,40.85216,14.26811,,,,331,1478,1478,,,gw_extracted_year_range,,coordinates_resolved,edition_level_print_statement,GW,13337,https://gesamtkatalogderwiegendrucke.de/docs/GW13337.htm,data/derived/prayer-book-corpus.csv,Printing statement shared by copies of the edition.,Neapel,,,print_place-neapel,IT,,,reused_mei_geonames,,https://gesamtkatalogderwiegendrucke.de/docs/GW1333510.htm | https://gesamtkatalogderwiegendrucke.de/docs/GW13337.htm,Neapel,,locality,,
02003958-p001-loc01,02003958,02003958,ih00357360,ih00357360,provenance_place,intermediate,1,1,02003958-p001,02003958-p001-loc01,Firenze,Florence,Florence,GeoNames,3176959,https://www.geonames.org/3176959,43.77925,11.24626,,,,331,,1600,15 | 16,,mei_timeperiod,a,coordinates_resolved,copy_level_provenance_place,MEI,02003958-p001,https://data.cerl.org/mei/02003958,data/expanded/mei-corpus.json,,Firenze,,,provenance_place-firenze,IT,,,reused_mei_geonames,,https://data.cerl.org/mei/02003958,Firenze,,locality,,
02003958-current,02003958,02003958,ih00357360,ih00357360,current_holding,last,4,1,,,Firenze Biblioteca Riccardiana,Florence,Florence,GeoNames,3176959,https://www.geonames.org/3176959,43.77925,11.24626,IT,FirenzeRicc,Firenze Biblioteca Riccardiana,331,,,,2026-09-23,current_observation_only,,coordinates_resolved,current_holding_statement,MEI,02003958,https://data.cerl.org/mei/02003958,data/expanded/mei-corpus.json,Observed as the current holding institution; no arrival date is inferred.,,,,current_holding-firenzericc,IT,,,cerl_holding_city_to_geonames,"The holding institution is mapped to its city-level GeoNames point, not to building coordinates.",https://data.cerl.org/holdinst/FirenzeRicc,Firenze Biblioteca Riccardiana,,locality,,
02004013-print,02004013,02004013,ih00357360,ih00357360,print_place,first,0,1,,,Neapel,Naples,Naples,GeoNames,3172394,https://www.geonames.org/3172394,40.85216,14.26811,,,,Incun. 1478.C3,1478,1478,,,gw_extracted_year_range,,coordinates_resolved,edition_level_print_statement,GW,13337,https://gesamtkatalogderwiegendrucke.de/docs/GW13337.htm,data/derived/prayer-book-corpus.csv,Printing statement shared by copies of the edition.,Neapel,,,print_place-neapel,IT,,,reused_mei_geonames,,https://gesamtkatalogderwiegendrucke.de/docs/GW1333510.htm | https://gesamtkatalogderwiegendrucke.de/docs/GW13337.htm,Neapel,,locality,,
02004013-p001-loc01,02004013,02004013,ih00357360,ih00357360,provenance_place,intermediate,1,1,02004013-p001,02004013-p001-loc01,Italien,Italien,Italien,GeoNames,3175395,https://www.geonames.org/3175395,42.83333,12.83333,,,,Incun. 1478.C3,1478,1500,15,,mei_timeperiod,a,coordinates_resolved,copy_level_provenance_place,MEI,02004013-p001,https://data.cerl.org/mei/02004013,data/expanded/mei-corpus.json,,Italien,,,provenance_place-italien,IT,,,human_review_2026_10_01,Repräsentativer Länderpunkt aus GeoNames; kein genauer Aufenthaltsort und kein berechneter Flächenschwerpunkt.,https://data.cerl.org/mei/00200522,Italien,ORT-DC45DE97,country,Nur Land bekannt,
02004013-p002-loc01,02004013,02004013,ih00357360,ih00357360,provenance_place,intermediate,2,1,02004013-p002,02004013-p002-loc01,Paris,Paris,Paris,GeoNames,2988507,https://www.geonames.org/2988507,48.85341,2.3488,France,,,Incun. 1478.C3,1902,1902,20,,mei_timeperiod,a,coordinates_resolved,copy_level_provenance_place,MEI,02004013-p002,https://data.cerl.org/mei/02004013,data/expanded/mei-corpus.json,,Paris,48.86,2.34444,provenance_place-paris,FR,Q90,,normalised_geonames_city,MEI uses two different GeoNames records for Paris in the pilot; the analytical map layer consistently uses the capital record 2988507.,https://data.cerl.org/mei/02003992 | https://data.cerl.org/mei/02004013 | https://data.cerl.org/mei/02004012 | https://data.cerl.org/mei/02003961,Paris,,locality,,
02004013-current,02004013,02004013,ih00357360,ih00357360,current_holding,last,6,1,,,"Washington DC, Library of Congress, Rare Book Division, Lessing J. Rosenwald Collection",Washington,Washington,GeoNames,4140963,https://www.geonames.org/4140963,38.89511,-77.03637,US,WashingtonLoC,"Washington DC, Library of Congress, Rare Book Division, Lessing J. Rosenwald Collection",Incun. 1478.C3,,,,2026-09-23,current_observation_only,,coordinates_resolved,current_holding_statement,MEI,02004013,https://data.cerl.org/mei/02004013,data/expanded/mei-corpus.json,Observed as the current holding institution; no arrival date is inferred.,,,,current_holding-washingtonloc,US,,,cerl_holding_city_to_geonames,"The holding institution is mapped to its city-level GeoNames point, not to building coordinates.",https://data.cerl.org/holdinst/WashingtonLoC,"Washington DC, Library of Congress, Rare Book Division, Lessing J. Rosenwald Collection",,locality,,
02004011-print,02004011,02004011,ih00357360,ih00357360,print_place,first,0,1,,,Neapel,Naples,Naples,GeoNames,3172394,https://www.geonames.org/3172394,40.85216,14.26811,,,,Arch. B f.43,1478,1478,,,gw_extracted_year_range,,coordinates_resolved,edition_level_print_statement,GW,13337,https://gesamtkatalogderwiegendrucke.de/docs/GW13337.htm,data/derived/prayer-book-corpus.csv,Printing statement shared by copies of the edition.,Neapel,,,print_place-neapel,IT,,,reused_mei_geonames,,https://gesamtkatalogderwiegendrucke.de/docs/GW1333510.htm | https://gesamtkatalogderwiegendrucke.de/docs/GW13337.htm,Neapel,,locality,,
02004011-p001-loc01,02004011,02004011,ih00357360,ih00357360,provenance_place,intermediate,1,1,02004011-p001,02004011-p001-loc01,Italien,Italien,Italien,GeoNames,3175395,https://www.geonames.org/3175395,42.83333,12.83333,,,,Arch. B f.43,,1500,15,,mei_timeperiod,a,coordinates_resolved,copy_level_provenance_place,MEI,02004011-p001,https://data.cerl.org/mei/02004011,data/expanded/mei-corpus.json,,Italien,,,provenance_place-italien,IT,,,human_review_2026_10_01,Repräsentativer Länderpunkt aus GeoNames; kein genauer Aufenthaltsort und kein berechneter Flächenschwerpunkt.,https://data.cerl.org/mei/00200522,Italien,ORT-EB459E02,country,Nur Land bekannt,
02004011-current,02004011,02004011,ih00357360,ih00357360,current_holding,last,4,1,,,"Oxford, Bodleian Library",Oxford,Oxford,GeoNames,2640729,https://www.geonames.org/2640729,51.75222,-1.25596,GB,OxfordBodley,"Oxford, Bodleian Library",Arch. B f.43,,,,2026-09-23,current_observation_only,,coordinates_resolved,current_holding_statement,MEI,02004011,https://data.cerl.org/mei/02004011,data/expanded/mei-corpus.json,Observed as the current holding institution; no arrival date is inferred.,,,,current_holding-oxfordbodley,GB,,Q82133,cerl_holding_city_to_geonames,"The holding institution is mapped to its city-level GeoNames point, not to building coordinates.",https://data.cerl.org/holdinst/OxfordBodley,"Oxford, Bodleian Library",,locality,,
02003961-print,02003961,02003961,ih00357360,ih00357360,print_place,first,0,1,,,Neapel,Naples,Naples,GeoNames,3172394,https://www.geonames.org/3172394,40.85216,14.26811,,,,B. G. Inc. 80,1478,1478,,,gw_extracted_year_range,,coordinates_resolved,edition_level_print_statement,GW,13337,https://gesamtkatalogderwiegendrucke.de/docs/GW13337.htm,data/derived/prayer-book-corpus.csv,Printing statement shared by copies of the edition.,Neapel,,,print_place-neapel,IT,,,reused_mei_geonames,,https://gesamtkatalogderwiegendrucke.de/docs/GW1333510.htm | https://gesamtkatalogderwiegendrucke.de/docs/GW13337.htm,Neapel,,locality,,
02003961-p002-loc01,02003961,02003961,ih00357360,ih00357360,provenance_place,intermediate,2,1,02003961-p002,02003961-p002-loc01,Paris,Paris,Paris,GeoNames,2988507,https://www.geonames.org/2988507,48.85341,2.3488,France,,,B. G. Inc. 80,1801,1883,19,,mei_timeperiod,a,coordinates_resolved,copy_level_provenance_place,MEI,02003961-p002,https://data.cerl.org/mei/02003961,data/expanded/mei-corpus.json,,Paris,48.85341,2.3488,provenance_place-paris,FR,Q90,,normalised_geonames_city,MEI uses two different GeoNames records for Paris in the pilot; the analytical map layer consistently uses the capital record 2988507.,https://data.cerl.org/mei/02003992 | https://data.cerl.org/mei/02004013 | https://data.cerl.org/mei/02004012 | https://data.cerl.org/mei/02003961,Paris,,locality,,
02003961-p003-loc01,02003961,02003961,ih00357360,ih00357360,provenance_place,intermediate,3,1,02003961-p003,02003961-p003-loc01,Schwarzau am Steinfeld,Schwarzau am Steinfeld,Schwarzau am Steinfeld,GeoNames,2765489,https://www.geonames.org/2765489,47.73183,16.17094,,,,B. G. Inc. 80,1883,1907,19 | 20,,mei_timeperiod,a,coordinates_resolved,copy_level_provenance_place,MEI,02003961-p003,https://data.cerl.org/mei/02003961,data/expanded/mei-corpus.json,,Schwarzau am Steinfeld (Vienna)?,,,provenance_place-schwarzau-am-steinfeld-vienna,AT,,,human_review_2026_10_01,Ortszuweisung nach Prüfung durch Stefan Matter (01.10.2026); Kartenpunkt auf Ortsebene. Quellenangabe: Schwarzau am Steinfeld (Vienna)?. Alternative bzw. Unsicherheit bleibt bestehen.,https://data.cerl.org/mei/02132447,Schwarzau am Steinfeld (Vienna)?,ORT-445CF3AC,locality,Unsichere Ortszuweisung; für die Karte gewählt,
02003961-current,02003961,02003961,ih00357360,ih00357360,current_holding,last,7,1,,,"Milano, Biblioteca Nazionale Braidense",Milan,Milan,GeoNames,3173435,https://www.geonames.org/3173435,45.46427,9.18951,IT,MilanoN,"Milano, Biblioteca Nazionale Braidense",B. G. Inc. 80,,,,2026-09-23,current_observation_only,,coordinates_resolved,current_holding_statement,MEI,02003961,https://data.cerl.org/mei/02003961,data/expanded/mei-corpus.json,Observed as the current holding institution; no arrival date is inferred.,,,,current_holding-milanon,IT,,,cerl_holding_city_to_geonames,"The holding institution is mapped to its city-level GeoNames point, not to building coordinates.",https://data.cerl.org/holdinst/MilanoN,"Milano, Biblioteca Nazionale Braidense",,locality,,
02003959-print,02003959,02003959,ih00357360,ih00357360,print_place,first,0,1,,,Neapel,Naples,Naples,GeoNames,3172394,https://www.geonames.org/3172394,40.85216,14.26811,,,,18498.1,1478,1478,,,gw_extracted_year_range,,coordinates_resolved,edition_level_print_statement,GW,13337,https://gesamtkatalogderwiegendrucke.de/docs/GW13337.htm,data/derived/prayer-book-corpus.csv,Printing statement shared by copies of the edition.,Neapel,,,print_place-neapel,IT,,,reused_mei_geonames,,https://gesamtkatalogderwiegendrucke.de/docs/GW1333510.htm | https://gesamtkatalogderwiegendrucke.de/docs/GW13337.htm,Neapel,,locality,,
02003959-current,02003959,02003959,ih00357360,ih00357360,current_holding,last,5,1,,,"Manchester, University of Manchester, John Rylands Research Institute and Library",Manchester,Manchester,GeoNames,2643123,https://www.geonames.org/2643123,53.48095,-2.23743,GB,ManchesterJRL,"Manchester, University of Manchester, John Rylands Research Institute and Library",18498.1,,,,2026-09-23,current_observation_only,,coordinates_resolved,current_holding_statement,MEI,02003959,https://data.cerl.org/mei/02003959,data/expanded/mei-corpus.json,Observed as the current holding institution; no arrival date is inferred.,,,,current_holding-manchesterjrl,GB,,Q773989,cerl_holding_city_to_geonames,"The holding institution is mapped to its city-level GeoNames point, not to building coordinates.",https://data.cerl.org/holdinst/ManchesterJRL,"Manchester, University of Manchester, John Rylands Research Institute and Library",,locality,,
02003960-print,02003960,02003960,ih00357360,ih00357360,print_place,first,0,1,,,Neapel,Naples,Naples,GeoNames,3172394,https://www.geonames.org/3172394,40.85216,14.26811,,,,18498.2,1478,1478,,,gw_extracted_year_range,,coordinates_resolved,edition_level_print_statement,GW,13337,https://gesamtkatalogderwiegendrucke.de/docs/GW13337.htm,data/derived/prayer-book-corpus.csv,Printing statement shared by copies of the edition.,Neapel,,,print_place-neapel,IT,,,reused_mei_geonames,,https://gesamtkatalogderwiegendrucke.de/docs/GW1333510.htm | https://gesamtkatalogderwiegendrucke.de/docs/GW13337.htm,Neapel,,locality,,
02003960-current,02003960,02003960,ih00357360,ih00357360,current_holding,last,5,1,,,"Manchester, University of Manchester, John Rylands Research Institute and Library",Manchester,Manchester,GeoNames,2643123,https://www.geonames.org/2643123,53.48095,-2.23743,GB,ManchesterJRL,"Manchester, University of Manchester, John Rylands Research Institute and Library",18498.2,,,,2026-09-23,current_observation_only,,coordinates_resolved,current_holding_statement,MEI,02003960,https://data.cerl.org/mei/02003960,data/expanded/mei-corpus.json,Observed as the current holding institution; no arrival date is inferred.,,,,current_holding-manchesterjrl,GB,,Q773989,cerl_holding_city_to_geonames,"The holding institution is mapped to its city-level GeoNames point, not to building coordinates.",https://data.cerl.org/holdinst/ManchesterJRL,"Manchester, University of Manchester, John Rylands Research Institute and Library",,locality,,
00201576-print,00201576,00201576,ih00357360,ih00357360,print_place,first,0,1,,,Neapel,Naples,Naples,GeoNames,3172394,https://www.geonames.org/3172394,40.85216,14.26811,,,,"Kiefer, Pforzheim, 25-27 Sept. 2024, lot 135-352",1478,1478,,,gw_extracted_year_range,,coordinates_resolved,edition_level_print_statement,GW,13337,https://gesamtkatalogderwiegendrucke.de/docs/GW13337.htm,data/derived/prayer-book-corpus.csv,Printing statement shared by copies of the edition.,Neapel,,,print_place-neapel,IT,,,reused_mei_geonames,,https://gesamtkatalogderwiegendrucke.de/docs/GW1333510.htm | https://gesamtkatalogderwiegendrucke.de/docs/GW13337.htm,Neapel,,locality,,
00201576-current,00201576,00201576,ih00357360,ih00357360,last_known,last_known_location,5,1,,,Pforzheim,Pforzheim,Pforzheim,GeoNames,2853969,https://www.geonames.org/2853969,48.88436,8.69892,,TradeCopy,Trade Copy,"Kiefer, Pforzheim, 25-27 Sept. 2024, lot 135-352",2024,2024,,,current_observation_only,,coordinates_resolved,current_holding_statement,MEI,00201576,https://data.cerl.org/mei/00201576,data/expanded/mei-corpus.json,Observed as the current holding institution; no arrival date is inferred.,,,,current_holding-tradecopy,,,,last_known_source_event,Letzter bekannter Nachweis; heutiger Aufenthaltsort unbekannt.,https://data.cerl.org/mei/00201576,Trade Copy,ORT-F5C6BF63,locality,Heutiger Aufenthaltsort unbekannt,
02004012-print,02004012,02004012,ih00357360,ih00357360,print_place,first,0,1,,,Neapel,Naples,Naples,GeoNames,3172394,https://www.geonames.org/3172394,40.85216,14.26811,,,,Res. Velins 1479,1478,1478,,,gw_extracted_year_range,,coordinates_resolved,edition_level_print_statement,GW,13337,https://gesamtkatalogderwiegendrucke.de/docs/GW13337.htm,data/derived/prayer-book-corpus.csv,Printing statement shared by copies of the edition.,Neapel,,,print_place-neapel,IT,,,reused_mei_geonames,,https://gesamtkatalogderwiegendrucke.de/docs/GW1333510.htm | https://gesamtkatalogderwiegendrucke.de/docs/GW13337.htm,Neapel,,locality,,
02004012-p001-loc01,02004012,02004012,ih00357360,ih00357360,provenance_place,intermediate,1,1,02004012-p001,02004012-p001-loc01,Italien,Italien,Italien,GeoNames,3175395,https://www.geonames.org/3175395,42.83333,12.83333,,,,Res. Velins 1479,,1500,15,,mei_timeperiod,a,coordinates_resolved,copy_level_provenance_place,MEI,02004012-p001,https://data.cerl.org/mei/02004012,data/expanded/mei-corpus.json,,Italien,,,provenance_place-italien,IT,,,human_review_2026_10_01,Repräsentativer Länderpunkt aus GeoNames; kein genauer Aufenthaltsort und kein berechneter Flächenschwerpunkt.,https://data.cerl.org/mei/00200522,Italien,ORT-962E4345,country,Nur Land bekannt,
02004012-p003-loc01,02004012,02004012,ih00357360,ih00357360,provenance_place,intermediate,3,1,02004012-p003,02004012-p003-loc01,Paris,Paris,Paris,GeoNames,2988507,https://www.geonames.org/2988507,48.85341,2.3488,France,,,Res. Velins 1479,1701,1800,18,,mei_timeperiod,a,coordinates_resolved,copy_level_provenance_place,MEI,02004012-p003,https://data.cerl.org/mei/02004012,data/expanded/mei-corpus.json,,Paris,48.86,2.34444,provenance_place-paris,FR,Q90,,normalised_geonames_city,MEI uses two different GeoNames records for Paris in the pilot; the analytical map layer consistently uses the capital record 2988507.,https://data.cerl.org/mei/02003992 | https://data.cerl.org/mei/02004013 | https://data.cerl.org/mei/02004012 | https://data.cerl.org/mei/02003961,Paris,,locality,,
02004012-p004-loc01,02004012,02004012,ih00357360,ih00357360,provenance_place,intermediate,4,1,02004012-p004,02004012-p004-loc01,Paris,Paris,Paris,GeoNames,2988507,https://www.geonames.org/2988507,48.85341,2.3488,France,,,Res. Velins 1479,1783,,18,,mei_timeperiod,a,coordinates_resolved,copy_level_provenance_place,MEI,02004012-p004,https://data.cerl.org/mei/02004012,data/expanded/mei-corpus.json,,Paris,48.86,2.34444,provenance_place-paris,FR,Q90,,normalised_geonames_city,MEI uses two different GeoNames records for Paris in the pilot; the analytical map layer consistently uses the capital record 2988507.,https://data.cerl.org/mei/02003992 | https://data.cerl.org/mei/02004013 | https://data.cerl.org/mei/02004012 | https://data.cerl.org/mei/02003961,Paris,,locality,,
02004012-current,02004012,02004012,ih00357360,ih00357360,current_holding,last,5,1,,,"Paris, Bibliothèque nationale de France",Paris,Paris,GeoNames,2988507,https://www.geonames.org/2988507,48.85341,2.3488,FR,ParisBN,"Paris, Bibliothèque nationale de France",Res. Velins 1479,,,,2026-09-23,current_observation_only,,coordinates_resolved,current_holding_statement,MEI,02004012,https://data.cerl.org/mei/02004012,data/expanded/mei-corpus.json,Observed as the current holding institution; no arrival date is inferred.,,,,current_holding-parisbn,FR,Q90,Q193563,cerl_holding_city_to_geonames,"The holding institution is mapped to the same Paris capital record used by MEI provenance places, not to exact building coordinates.",https://data.cerl.org/holdinst/ParisBN,"Paris, Bibliothèque nationale de France",,locality,,
00201995-print,00201995,00201995,ih00357370,ih00357370,print_place,first,0,1,,,Venedig,Venice,Venice,GeoNames,3164603,https://www.geonames.org/3164603,45.43713,12.33265,,,,1761 I P C.,1500,1500,,,gw_extracted_year_range,,coordinates_resolved,edition_level_print_statement,GW,1338820N,https://gesamtkatalogderwiegendrucke.de/docs/GW1338820N.htm,data/derived/prayer-book-corpus.csv,Printing statement shared by copies of the edition.,Venedig,,,print_place-venedig,IT,,,verified_geonames_city,,https://gesamtkatalogderwiegendrucke.de/docs/GW13360.htm | https://gesamtkatalogderwiegendrucke.de/docs/GW1338820N.htm,Venedig,,locality,,
00201995-current,00201995,00201995,ih00357370,ih00357370,current_holding,last,5,1,,,"Ljubljana, Narodna in univerzitetna knjižnica",Ljubljana,Ljubljana,GeoNames,3196359,https://www.geonames.org/3196359,46.05108,14.50513,SI,LjubljanaNUK,"Ljubljana, Narodna in univerzitetna knjižnica",1761 I P C.,,,,2026-09-23,current_observation_only,,coordinates_resolved,current_holding_statement,MEI,00201995,https://data.cerl.org/mei/00201995,data/expanded/mei-corpus.json,Observed as the current holding institution; no arrival date is inferred.,,,,current_holding-ljubljananuk,SI,,Q1520466,cerl_holding_city_to_geonames,"The holding institution is mapped to its city-level GeoNames point, not to building coordinates.",https://data.cerl.org/holdinst/LjubljanaNUK,"Ljubljana, Narodna in univerzitetna knjižnica",,locality,,
00200563-print,00200563,00200563,ih00357450,ih00357450,print_place,first,0,1,,,Florenz,Florence,Florence,GeoNames,3176959,https://www.geonames.org/3176959,43.77925,11.24626,,,,I 10 Inc.,1487,1487,,,gw_extracted_year_range,,coordinates_resolved,edition_level_print_statement,GW,13332,https://gesamtkatalogderwiegendrucke.de/docs/GW13332.htm,data/derived/prayer-book-corpus.csv,Printing statement shared by copies of the edition.,Florenz,,,print_place-florenz,IT,,,reused_mei_geonames,,https://gesamtkatalogderwiegendrucke.de/docs/GW13391.htm | https://gesamtkatalogderwiegendrucke.de/docs/GW13394.htm,Florenz,,locality,,
00200563-current,00200563,00200563,ih00357450,ih00357450,current_holding,last,1,1,,,"Venezia, Biblioteca del Museo Correr",Venice,Venice,GeoNames,3164603,https://www.geonames.org/3164603,45.43713,12.33265,IT,VeneziaC,"Venezia, Biblioteca del Museo Correr",I 10 Inc.,,,,2026-09-30,current_observation_only,,coordinates_resolved,current_holding_statement,MEI,00200563,https://data.cerl.org/mei/00200563,data/expanded/mei-corpus.json,Observed as the current holding institution; no arrival date is inferred.,,,,,IT,,,source_name_and_country_match,Locality-level point reused from source data; no building location or arrival date inferred.,https://www.geonames.org/3164603,"Venezia, Biblioteca del Museo Correr",,locality,,
02123970-print,02123970,02123970,ih00357450,ih00357450,print_place,first,0,1,,,Florenz,Florence,Florence,GeoNames,3176959,https://www.geonames.org/3176959,43.77925,11.24626,,,,Inc. I 010,1487,1487,,,gw_extracted_year_range,,coordinates_resolved,edition_level_print_statement,GW,13332,https://gesamtkatalogderwiegendrucke.de/docs/GW13332.htm,data/derived/prayer-book-corpus.csv,Printing statement shared by copies of the edition.,Florenz,,,print_place-florenz,IT,,,reused_mei_geonames,,https://gesamtkatalogderwiegendrucke.de/docs/GW13391.htm | https://gesamtkatalogderwiegendrucke.de/docs/GW13394.htm,Florenz,,locality,,
02123970-current,02123970,02123970,ih00357450,ih00357450,current_holding,last,4,1,,,"Venezia, Biblioteca del Museo Correr",Venice,Venice,GeoNames,3164603,https://www.geonames.org/3164603,45.43713,12.33265,IT,VeneziaC,"Venezia, Biblioteca del Museo Correr",Inc. I 010,,,,2026-09-30,current_observation_only,,coordinates_resolved,current_holding_statement,MEI,02123970,https://data.cerl.org/mei/02123970,data/expanded/mei-corpus.json,Observed as the current holding institution; no arrival date is inferred.,,,,,IT,,,source_name_and_country_match,Locality-level point reused from source data; no building location or arrival date inferred.,https://www.geonames.org/3164603,"Venezia, Biblioteca del Museo Correr",,locality,,
00560431-print,00560431,00560431,ih00357470,ih00357470,print_place,first,0,1,,,Paris,Paris,Paris,GeoNames,2988507,https://www.geonames.org/2988507,48.85341,2.3488,,,,Inc.Fragments.1[2503],1486,1490,,,gw_extracted_year_range,,coordinates_resolved,edition_level_print_statement,GW,13053,https://gesamtkatalogderwiegendrucke.de/docs/GW13053.htm,data/derived/prayer-book-corpus.csv,Printing statement shared by copies of the edition.,Paris,,,,FR,,,source_name_and_country_match,Locality-level point reused from source data; no building location or arrival date inferred.,https://data.cerl.org/holdinst/ParisBN,Paris,,locality,,
00560431-current,00560431,00560431,ih00357470,ih00357470,current_holding,last,2,1,,,"Cambridge, University Library",Cambridge,Cambridge,GeoNames,2653941,https://www.geonames.org/2653941,52.2,0.11667,GB,CambridgeUL,"Cambridge, University Library",Inc.Fragments.1[2503],,,,2026-09-30,current_observation_only,,coordinates_resolved,current_holding_statement,MEI,00560431,https://data.cerl.org/mei/00560431,data/expanded/mei-corpus.json,Observed as the current holding institution; no arrival date is inferred.,,,,current_holding-cambridgeul,GB,,Q1028334,cerl_holding_city_to_geonames,"The holding institution is mapped to its city-level GeoNames point, not to building coordinates.",https://data.cerl.org/holdinst/CambridgeUL,"Cambridge, University Library",,locality,,
00570693-print,00570693,00570693,ih00357480,ih00357480,print_place,first,0,1,,,Basel,Basel,Basel,GeoNames,2661604,https://www.geonames.org/2661604,47.55839,7.57327,,,,Rb 70,1480,1480,,,gw_extracted_year_range,,coordinates_resolved,edition_level_print_statement,GW,12948,https://gesamtkatalogderwiegendrucke.de/docs/GW12948.htm,data/derived/prayer-book-corpus.csv,Printing statement shared by copies of the edition.,Basel,,,print_place-basel,CH,,,reused_mei_geonames,,https://gesamtkatalogderwiegendrucke.de/docs/GW04168.htm | https://gesamtkatalogderwiegendrucke.de/docs/GW04175.htm,Basel,,locality,,
00570693-current,00570693,00570693,ih00357480,ih00357480,current_holding,last,6,1,,,"Zürich, Zentralbibliothek",Zurich,Zurich,GeoNames,2657896,https://www.geonames.org/2657896,47.36667,8.55,CH,ZurichZB,"Zürich, Zentralbibliothek",Rb 70,,,,2026-09-30,current_observation_only,,coordinates_resolved,current_holding_statement,MEI,00570693,https://data.cerl.org/mei/00570693,data/expanded/mei-corpus.json,Observed as the current holding institution; no arrival date is inferred.,,,,current_holding-zurichzb,CH,,Q190260,cerl_holding_city_to_geonames,"The holding institution is mapped to its city-level GeoNames point, not to building coordinates.",https://data.cerl.org/holdinst/ZurichZB,"Zürich, Zentralbibliothek",,locality,,
00570696-print,00570696,00570696,ih00357480,ih00357480,print_place,first,0,1,,,Basel,Basel,Basel,GeoNames,2661604,https://www.geonames.org/2661604,47.55839,7.57327,,,,,1480,1480,,,gw_extracted_year_range,,coordinates_resolved,edition_level_print_statement,GW,12948,https://gesamtkatalogderwiegendrucke.de/docs/GW12948.htm,data/derived/prayer-book-corpus.csv,Printing statement shared by copies of the edition.,Basel,,,print_place-basel,CH,,,reused_mei_geonames,,https://gesamtkatalogderwiegendrucke.de/docs/GW04168.htm | https://gesamtkatalogderwiegendrucke.de/docs/GW04175.htm,Basel,,locality,,
00570696-current,00570696,00570696,ih00357480,ih00357480,current_holding,last,5,1,,,"Zürich, Zentralbibliothek",Zurich,Zurich,GeoNames,2657896,https://www.geonames.org/2657896,47.36667,8.55,CH,ZurichZB,"Zürich, Zentralbibliothek",,,,,2026-09-30,current_observation_only,,coordinates_resolved,current_holding_statement,MEI,00570696,https://data.cerl.org/mei/00570696,data/expanded/mei-corpus.json,Observed as the current holding institution; no arrival date is inferred.,,,,current_holding-zurichzb,CH,,Q190260,cerl_holding_city_to_geonames,"The holding institution is mapped to its city-level GeoNames point, not to building coordinates.",https://data.cerl.org/holdinst/ZurichZB,"Zürich, Zentralbibliothek",,locality,,
00200540-print,00200540,00200540,ih00357500,ih00357500,print_place,first,0,1,,,Rom,Rome,Rome,GeoNames,3169070,https://www.geonames.org/3169070,41.89193,12.51133,,,,no. 91,1481,1481,,,gw_extracted_year_range,,coordinates_resolved,edition_level_print_statement,GW,13353,https://gesamtkatalogderwiegendrucke.de/docs/GW13353.htm,data/derived/prayer-book-corpus.csv,Printing statement shared by copies of the edition.,Rom,,,print_place-rom,IT,,,reused_mei_geonames,,https://gesamtkatalogderwiegendrucke.de/docs/GW13353.htm,Rom,,locality,,
00200540-current,00200540,00200540,ih00357500,ih00357500,current_holding,last,1,1,,,"Macerata, Biblioteca Comunale Mozzi-Borgetti",Macerata,Macerata,GeoNames,3174380,https://www.geonames.org/3174380,43.29789,13.45293,IT,MacerataC,"Macerata, Biblioteca Comunale Mozzi-Borgetti",no. 91,,,,2026-09-23,current_observation_only,,coordinates_resolved,current_holding_statement,MEI,00200540,https://data.cerl.org/mei/00200540,data/expanded/mei-corpus.json,Observed as the current holding institution; no arrival date is inferred.,,,,current_holding-maceratac,IT,,,cerl_holding_city_to_geonames,"The holding institution is mapped to its city-level GeoNames point, not to building coordinates.",https://data.cerl.org/holdinst/MacerataC,"Macerata, Biblioteca Comunale Mozzi-Borgetti",,locality,,
00200541-print,00200541,00200541,ih00357600,ih00357600,print_place,first,0,1,,,Verona,Verona,Verona,GeoNames,3164527,https://www.geonames.org/3164527,45.43854,10.9938,,,,Inc. I.A.1,1481,1481,,,gw_extracted_year_range,,coordinates_resolved,edition_level_print_statement,GW,13389,https://gesamtkatalogderwiegendrucke.de/docs/GW13389.htm,data/derived/prayer-book-corpus.csv,Printing statement shared by copies of the edition.,Verona,,,,IT,,,source_name_and_country_match,Locality-level point reused from source data; no building location or arrival date inferred.,https://data.cerl.org/mei/00200622,Verona,,locality,,
00200541-current,00200541,00200541,ih00357600,ih00357600,current_holding,last,1,1,,,"Bassano del Grappa, Museo Biblioteca Archivio",Bassano del Grappa,Bassano del Grappa,,,,45.76667,11.73417,IT,BassanodelGrappaC,"Bassano del Grappa, Museo Biblioteca Archivio",Inc. I.A.1,,,,2026-09-30,current_observation_only,,coordinates_resolved,current_holding_statement,MEI,00200541,https://data.cerl.org/mei/00200541,data/expanded/mei-corpus.json,Observed as the current holding institution; no arrival date is inferred.,,,,,IT,,,human_review_2026_10_01,Ortszuweisung nach Prüfung durch Stefan Matter (01.10.2026); Kartenpunkt auf Ortsebene.,https://en.wikipedia.org/wiki/Bassano_del_Grappa,"Bassano del Grappa, Museo Biblioteca Archivio",ORT-72DB4B2F,locality,,
00200542-print,00200542,00200542,ih00357650,ih00357650,print_place,first,0,1,,,Venedig,Venice,Venice,GeoNames,3164603,https://www.geonames.org/3164603,45.43713,12.33265,,,,IA.20792,1481,1481,,,gw_extracted_year_range,,coordinates_resolved,edition_level_print_statement,GW,13361,https://gesamtkatalogderwiegendrucke.de/docs/GW13361.htm,data/derived/prayer-book-corpus.csv,Printing statement shared by copies of the edition.,Venedig,,,print_place-venedig,IT,,,verified_geonames_city,,https://gesamtkatalogderwiegendrucke.de/docs/GW13360.htm | https://gesamtkatalogderwiegendrucke.de/docs/GW1338820N.htm,Venedig,,locality,,
00200542-current,00200542,00200542,ih00357650,ih00357650,current_holding,last,1,1,,,"London, British Library",London,London,GeoNames,2643743,https://www.geonames.org/2643743,51.50853,-0.12574,GB,LondonBL,"London, British Library",IA.20792,,,,2026-09-30,current_observation_only,,coordinates_resolved,current_holding_statement,MEI,00200542,https://data.cerl.org/mei/00200542,data/expanded/mei-corpus.json,Observed as the current holding institution; no arrival date is inferred.,,,,current_holding-londonbl,GB,,Q23308,cerl_holding_city_to_geonames,"The holding institution is mapped to its city-level GeoNames point, not to building coordinates.",https://data.cerl.org/holdinst/LondonBL,"London, British Library",,locality,,
00200543-print,00200543,00200543,ih00357700,ih00357700,print_place,first,0,1,,,Venedig,Venice,Venice,GeoNames,3164603,https://www.geonames.org/3164603,45.43713,12.33265,,,,no. 2838,1481,1481,,,gw_extracted_year_range,,coordinates_resolved,edition_level_print_statement,GW,13362,https://gesamtkatalogderwiegendrucke.de/docs/GW13362.htm,data/derived/prayer-book-corpus.csv,Printing statement shared by copies of the edition.,Venedig,,,print_place-venedig,IT,,,verified_geonames_city,,https://gesamtkatalogderwiegendrucke.de/docs/GW13360.htm | https://gesamtkatalogderwiegendrucke.de/docs/GW1338820N.htm,Venedig,,locality,,
00200543-current,00200543,00200543,ih00357700,ih00357700,current_holding,last,1,1,,,"Venezia, S. Lazzaro degli Armeni",Venice,Venice,GeoNames,3164603,https://www.geonames.org/3164603,45.43713,12.33265,IT,VeneziaSLazzaro,"Venezia, S. Lazzaro degli Armeni",no. 2838,,,,2026-09-30,current_observation_only,,coordinates_resolved,current_holding_statement,MEI,00200543,https://data.cerl.org/mei/00200543,data/expanded/mei-corpus.json,Observed as the current holding institution; no arrival date is inferred.,,,,,IT,,,source_name_and_country_match,Locality-level point reused from source data; no building location or arrival date inferred.,https://www.geonames.org/3164603,"Venezia, S. Lazzaro degli Armeni",,locality,,
00200545-print,00200545,00200545,ih00357740,ih00357740,print_place,first,0,1,,,Venedig,Venice,Venice,GeoNames,3164603,https://www.geonames.org/3164603,45.43713,12.33265,,,,"17,12,40",1482,1482,,,gw_extracted_year_range,,coordinates_resolved,edition_level_print_statement,GW,13363,https://gesamtkatalogderwiegendrucke.de/docs/GW13363.htm,data/derived/prayer-book-corpus.csv,Printing statement shared by copies of the edition.,Venedig,,,print_place-venedig,IT,,,verified_geonames_city,,https://gesamtkatalogderwiegendrucke.de/docs/GW13360.htm | https://gesamtkatalogderwiegendrucke.de/docs/GW1338820N.htm,Venedig,,locality,,
00200545-current,00200545,00200545,ih00357740,ih00357740,current_holding,last,1,1,,,"Zwickau, Ratsschulbibliothek",Zwickau,Zwickau,GeoNames,2803560,https://www.geonames.org/2803560,50.72724,12.48839,DE,ZwickauRatsSchB,"Zwickau, Ratsschulbibliothek","17,12,40",,,,2026-09-30,current_observation_only,,coordinates_resolved,current_holding_statement,MEI,00200545,https://data.cerl.org/mei/00200545,data/expanded/mei-corpus.json,Observed as the current holding institution; no arrival date is inferred.,,,,,DE,,,human_review_2026_10_01,Ortszuweisung nach Prüfung durch Stefan Matter (01.10.2026); Kartenpunkt auf Ortsebene.,https://www.geonames.org/2803560,"Zwickau, Ratsschulbibliothek",ORT-0280117C,locality,,
00200544-print,00200544,00200544,ih00357740,ih00357740,print_place,first,0,1,,,Venedig,Venice,Venice,GeoNames,3164603,https://www.geonames.org/3164603,45.43713,12.33265,,,,8o Inc.c.a. 12,1482,1482,,,gw_extracted_year_range,,coordinates_resolved,edition_level_print_statement,GW,13363,https://gesamtkatalogderwiegendrucke.de/docs/GW13363.htm,data/derived/prayer-book-corpus.csv,Printing statement shared by copies of the edition.,Venedig,,,print_place-venedig,IT,,,verified_geonames_city,,https://gesamtkatalogderwiegendrucke.de/docs/GW13360.htm | https://gesamtkatalogderwiegendrucke.de/docs/GW1338820N.htm,Venedig,,locality,,
00200544-current,00200544,00200544,ih00357740,ih00357740,current_holding,last,1,1,,,"München, Bayerische Staatsbibliothek",Munich,Munich,GeoNames,2867714,https://www.geonames.org/2867714,48.13743,11.57549,DE,MunchenBSB,"München, Bayerische Staatsbibliothek",8o Inc.c.a. 12,,,,2026-09-30,current_observation_only,,coordinates_resolved,current_holding_statement,MEI,00200544,https://data.cerl.org/mei/00200544,data/expanded/mei-corpus.json,Observed as the current holding institution; no arrival date is inferred.,,,,,DE,,,source_name_and_country_match,Locality-level point reused from source data; no building location or arrival date inferred.,https://data.cerl.org/mei/02003758,"München, Bayerische Staatsbibliothek",,locality,,
00200546-print,00200546,00200546,ih00357750,ih00357750,print_place,first,0,1,,,Florenz,Florence,Florence,GeoNames,3176959,https://www.geonames.org/3176959,43.77925,11.24626,,,,Ed.R. 726,1483,1483,,,gw_extracted_year_range,,coordinates_resolved,edition_level_print_statement,GW,13331,https://gesamtkatalogderwiegendrucke.de/docs/GW13331.htm,data/derived/prayer-book-corpus.csv,Printing statement shared by copies of the edition.,Florenz,,,print_place-florenz,IT,,,reused_mei_geonames,,https://gesamtkatalogderwiegendrucke.de/docs/GW13391.htm | https://gesamtkatalogderwiegendrucke.de/docs/GW13394.htm,Florenz,,locality,,
00200546-current,00200546,00200546,ih00357750,ih00357750,current_holding,last,1,1,,,Firenze Biblioteca Riccardiana,Florence,Florence,GeoNames,3176959,https://www.geonames.org/3176959,43.77925,11.24626,IT,FirenzeRicc,Firenze Biblioteca Riccardiana,Ed.R. 726,,,,2026-09-30,current_observation_only,,coordinates_resolved,current_holding_statement,MEI,00200546,https://data.cerl.org/mei/00200546,data/expanded/mei-corpus.json,Observed as the current holding institution; no arrival date is inferred.,,,,current_holding-firenzericc,IT,,,cerl_holding_city_to_geonames,"The holding institution is mapped to its city-level GeoNames point, not to building coordinates.",https://data.cerl.org/holdinst/FirenzeRicc,Firenze Biblioteca Riccardiana,,locality,,
02117004-print,02117004,02117004,ih00357760,ih00357760,print_place,first,0,1,,,Memmingen,Memmingen,Memmingen,,,,47.9837174333001,10.185270309448242,,,,Ink 19.H.19,1483,1486,,,gw_extracted_year_range,,coordinates_resolved,edition_level_print_statement,GW,12964,https://gesamtkatalogderwiegendrucke.de/docs/GW12964.htm,data/derived/prayer-book-corpus.csv,Printing statement shared by copies of the edition.,Memmingen,,,,DE,,,human_review_2026_10_01,Ortszuweisung nach Prüfung durch Stefan Matter (01.10.2026); Kartenpunkt auf Ortsebene.,https://www.geonames.org/advanced-search.html?q=Memmingen&startRow=0,Memmingen,ORT-F6A59136,locality,,
02117004-current,02117004,02117004,ih00357760,ih00357760,current_holding,last,2,1,,,"Wien, Österreichische  Nationalbibliothek",Vienna,Vienna,GeoNames,2761369,https://www.geonames.org/2761369,48.20849,16.37208,AT,WienONB,"Wien, Österreichische  Nationalbibliothek",Ink 19.H.19,,,,2026-09-30,current_observation_only,,coordinates_resolved,current_holding_statement,MEI,02117004,https://data.cerl.org/mei/02117004,data/expanded/mei-corpus.json,Observed as the current holding institution; no arrival date is inferred.,,,,,AT,,,source_name_and_country_match,Locality-level point reused from source data; no building location or arrival date inferred.,https://data.cerl.org/mei/02115001,"Wien, Österreichische  Nationalbibliothek",,locality,,
02126336-print,02126336,02126336,ih00357760,ih00357760,print_place,first,0,1,,,Memmingen,Memmingen,Memmingen,,,,47.9837174333001,10.185270309448242,,,,ZZi 07,1483,1486,,,gw_extracted_year_range,,coordinates_resolved,edition_level_print_statement,GW,12964,https://gesamtkatalogderwiegendrucke.de/docs/GW12964.htm,data/derived/prayer-book-corpus.csv,Printing statement shared by copies of the edition.,Memmingen,,,,DE,,,human_review_2026_10_01,Ortszuweisung nach Prüfung durch Stefan Matter (01.10.2026); Kartenpunkt auf Ortsebene.,https://www.geonames.org/advanced-search.html?q=Memmingen&startRow=0,Memmingen,ORT-F6A59136,locality,,
02126336-current,02126336,02126336,ih00357760,ih00357760,current_holding,last,3,1,,,"New Haven CT, Yale University, Beinecke Library",New Haven,New Haven,GeoNames,4839366,https://www.geonames.org/4839366,41.30815,-72.92816,US,YaleBeinecke,"New Haven CT, Yale University, Beinecke Library",ZZi 07,,,,2026-09-30,current_observation_only,,coordinates_resolved,current_holding_statement,MEI,02126336,https://data.cerl.org/mei/02126336,data/expanded/mei-corpus.json,Observed as the current holding institution; no arrival date is inferred.,,,,,US,,,human_review_2026_10_01,Ortszuweisung nach Prüfung durch Stefan Matter (01.10.2026); Kartenpunkt auf Ortsebene.,https://data.cerl.org/mei/02126336,"New Haven CT, Yale University, Beinecke Library",ORT-204DEEFD,locality,,
00200548-print,00200548,00200548,ih00357770,ih00357770,print_place,first,0,1,,,Venedig,Venice,Venice,GeoNames,3164603,https://www.geonames.org/3164603,45.43713,12.33265,,,,CIM II 209,1484,1484,,,gw_extracted_year_range,,coordinates_resolved,edition_level_print_statement,GW,13364,https://gesamtkatalogderwiegendrucke.de/docs/GW13364.htm,data/derived/prayer-book-corpus.csv,Printing statement shared by copies of the edition.,Venedig,,,print_place-venedig,IT,,,verified_geonames_city,,https://gesamtkatalogderwiegendrucke.de/docs/GW13360.htm | https://gesamtkatalogderwiegendrucke.de/docs/GW1338820N.htm,Venedig,,locality,,
00200548-current,00200548,00200548,ih00357770,ih00357770,current_holding,last,1,1,,," Oldenburg, Landesbibliothek",Oldenburg,Oldenburg,GeoNames,2857458,https://www.geonames.org/2857458,53.14039,8.21479,DE,OldenburgLB," Oldenburg, Landesbibliothek",CIM II 209,,,,2026-09-30,current_observation_only,,coordinates_resolved,current_holding_statement,MEI,00200548,https://data.cerl.org/mei/00200548,data/expanded/mei-corpus.json,Observed as the current holding institution; no arrival date is inferred.,,,,,DE,,,human_review_2026_10_01,Ortszuweisung nach Prüfung durch Stefan Matter (01.10.2026); Kartenpunkt auf Ortsebene.,https://www.geonames.org/2857458," Oldenburg, Landesbibliothek",ORT-923F2C9C,locality,,
00200551-print,00200551,00200551,ih00357772,ih00357772,print_place,first,0,1,,,Mailand,Milan,Milan,GeoNames,3173435,https://www.geonames.org/3173435,45.46427,9.18951,,,,Ink K 309,1485,1485,,,gw_extracted_year_range,,coordinates_resolved,edition_level_print_statement,GW,13334,https://gesamtkatalogderwiegendrucke.de/docs/GW13334.htm,data/derived/prayer-book-corpus.csv,Printing statement shared by copies of the edition.,Mailand,,,,IT,,,source_name_and_country_match,Locality-level point reused from source data; no building location or arrival date inferred.,https://www.geonames.org/3173435,Mailand,,locality,,
00200551-current,00200551,00200551,ih00357772,ih00357772,current_holding,last,1,1,,,"Zürich, Zentralbibliothek",Zurich,Zurich,GeoNames,2657896,https://www.geonames.org/2657896,47.36667,8.55,CH,ZurichZB,"Zürich, Zentralbibliothek",Ink K 309,,,,2026-09-30,current_observation_only,,coordinates_resolved,current_holding_statement,MEI,00200551,https://data.cerl.org/mei/00200551,data/expanded/mei-corpus.json,Observed as the current holding institution; no arrival date is inferred.,,,,current_holding-zurichzb,CH,,Q190260,cerl_holding_city_to_geonames,"The holding institution is mapped to its city-level GeoNames point, not to building coordinates.",https://data.cerl.org/holdinst/ZurichZB,"Zürich, Zentralbibliothek",,locality,,
00570569-print,00570569,00570569,ih00357772,ih00357772,print_place,first,0,1,,,Mailand,Milan,Milan,GeoNames,3173435,https://www.geonames.org/3173435,45.46427,9.18951,,,,Ink K 309,1485,1485,,,gw_extracted_year_range,,coordinates_resolved,edition_level_print_statement,GW,13334,https://gesamtkatalogderwiegendrucke.de/docs/GW13334.htm,data/derived/prayer-book-corpus.csv,Printing statement shared by copies of the edition.,Mailand,,,,IT,,,source_name_and_country_match,Locality-level point reused from source data; no building location or arrival date inferred.,https://www.geonames.org/3173435,Mailand,,locality,,
00570569-current,00570569,00570569,ih00357772,ih00357772,current_holding,last,5,1,,,"Zürich, Zentralbibliothek",Zurich,Zurich,GeoNames,2657896,https://www.geonames.org/2657896,47.36667,8.55,CH,ZurichZB,"Zürich, Zentralbibliothek",Ink K 309,,,,2026-09-30,current_observation_only,,coordinates_resolved,current_holding_statement,MEI,00570569,https://data.cerl.org/mei/00570569,data/expanded/mei-corpus.json,Observed as the current holding institution; no arrival date is inferred.,,,,current_holding-zurichzb,CH,,Q190260,cerl_holding_city_to_geonames,"The holding institution is mapped to its city-level GeoNames point, not to building coordinates.",https://data.cerl.org/holdinst/ZurichZB,"Zürich, Zentralbibliothek",,locality,,
00200550-print,00200550,00200550,ih00357773,ih00357773,print_place,first,0,1,,,Venedig,Venice,Venice,GeoNames,3164603,https://www.geonames.org/3164603,45.43713,12.33265,,,,MK Ink/2841,1485,1485,,,gw_extracted_year_range,,coordinates_resolved,edition_level_print_statement,GW,13366,https://gesamtkatalogderwiegendrucke.de/docs/GW13366.htm,data/derived/prayer-book-corpus.csv,Printing statement shared by copies of the edition.,Venedig,,,print_place-venedig,IT,,,verified_geonames_city,,https://gesamtkatalogderwiegendrucke.de/docs/GW13360.htm | https://gesamtkatalogderwiegendrucke.de/docs/GW1338820N.htm,Venedig,,locality,,
00200550-current,00200550,00200550,ih00357773,ih00357773,current_holding,last,1,1,,,"Moscow, Russian State Library",Moscow,Moscow,GeoNames,524901,https://www.geonames.org/524901,55.75204,37.61781,RU,MoscowSL,"Moscow, Russian State Library",MK Ink/2841,,,,2026-09-30,current_observation_only,,coordinates_resolved,current_holding_statement,MEI,00200550,https://data.cerl.org/mei/00200550,data/expanded/mei-corpus.json,Observed as the current holding institution; no arrival date is inferred.,,,,,RU,,,source_name_and_country_match,Locality-level point reused from source data; no building location or arrival date inferred.,https://data.cerl.org/mei/00200641,"Moscow, Russian State Library",,locality,,
00200547-print,00200547,00200547,ih00357780,ih00357780,print_place,first,0,1,,,Venedig,Venice,Venice,GeoNames,3164603,https://www.geonames.org/3164603,45.43713,12.33265,,,,Rés. Vélins 1480,1485,1488,,,gw_extracted_year_range,,coordinates_resolved,edition_level_print_statement,GW,13365,https://gesamtkatalogderwiegendrucke.de/docs/GW13365.htm,data/derived/prayer-book-corpus.csv,Printing statement shared by copies of the edition.,Venedig,,,print_place-venedig,IT,,,verified_geonames_city,,https://gesamtkatalogderwiegendrucke.de/docs/GW13360.htm | https://gesamtkatalogderwiegendrucke.de/docs/GW1338820N.htm,Venedig,,locality,,
00200547-current,00200547,00200547,ih00357780,ih00357780,current_holding,last,1,1,,,"Paris, Bibliothèque nationale de France",Paris,Paris,GeoNames,2988507,https://www.geonames.org/2988507,48.85341,2.3488,FR,ParisBN,"Paris, Bibliothèque nationale de France",Rés. Vélins 1480,,,,2026-09-30,current_observation_only,,coordinates_resolved,current_holding_statement,MEI,00200547,https://data.cerl.org/mei/00200547,data/expanded/mei-corpus.json,Observed as the current holding institution; no arrival date is inferred.,,,,current_holding-parisbn,FR,Q90,Q193563,cerl_holding_city_to_geonames,"The holding institution is mapped to the same Paris capital record used by MEI provenance places, not to exact building coordinates.",https://data.cerl.org/holdinst/ParisBN,"Paris, Bibliothèque nationale de France",,locality,,
00200552-print,00200552,00200552,ih00357800,ih00357800,print_place,first,0,1,,,Neapel,Naples,Naples,GeoNames,3172394,https://www.geonames.org/3172394,40.85216,14.26811,,,,IA.29431,1486,1486,,,gw_extracted_year_range,,coordinates_resolved,edition_level_print_statement,GW,13338,https://gesamtkatalogderwiegendrucke.de/docs/GW13338.htm,data/derived/prayer-book-corpus.csv,Printing statement shared by copies of the edition.,Neapel,,,print_place-neapel,IT,,,reused_mei_geonames,,https://gesamtkatalogderwiegendrucke.de/docs/GW1333510.htm | https://gesamtkatalogderwiegendrucke.de/docs/GW13337.htm,Neapel,,locality,,
00200552-p001-loc01,00200552,00200552,ih00357800,ih00357800,provenance_place,intermediate,1,1,00200552-p001,00200552-p001-loc01,London,London,London,GeoNames,2643743,https://www.geonames.org/2643743,51.50853,-0.12574,,,,IA.29431,,,,,undated,,coordinates_resolved,copy_level_provenance_place,MEI,00200552-p001,https://data.cerl.org/mei/00200552,data/expanded/mei-corpus.json,,London,,,provenance_place-london,GB,,,reused_mei_geonames,,https://data.cerl.org/mei/00200533,London,,locality,,
00200552-current,00200552,00200552,ih00357800,ih00357800,current_holding,last,2,1,,,"London, British Library",London,London,GeoNames,2643743,https://www.geonames.org/2643743,51.50853,-0.12574,GB,LondonBL,"London, British Library",IA.29431,,,,2026-09-30,current_observation_only,,coordinates_resolved,current_holding_statement,MEI,00200552,https://data.cerl.org/mei/00200552,data/expanded/mei-corpus.json,Observed as the current holding institution; no arrival date is inferred.,,,,current_holding-londonbl,GB,,Q23308,cerl_holding_city_to_geonames,"The holding institution is mapped to its city-level GeoNames point, not to building coordinates.",https://data.cerl.org/holdinst/LondonBL,"London, British Library",,locality,,
00200558-print,00200558,00200558,ih00357850,ih00357850,print_place,first,0,1,,,Neapel,Naples,Naples,GeoNames,3172394,https://www.geonames.org/3172394,40.85216,14.26811,,,,101431,1486,1486,,,gw_extracted_year_range,,coordinates_resolved,edition_level_print_statement,GW,13339,https://gesamtkatalogderwiegendrucke.de/docs/GW13339.htm,data/derived/prayer-book-corpus.csv,Printing statement shared by copies of the edition.,Neapel,,,print_place-neapel,IT,,,reused_mei_geonames,,https://gesamtkatalogderwiegendrucke.de/docs/GW1333510.htm | https://gesamtkatalogderwiegendrucke.de/docs/GW13337.htm,Neapel,,locality,,
00200558-current,00200558,00200558,ih00357850,ih00357850,current_holding,last,8,1,,,"San Marino CA, Huntington Library",San Marino,San Marino,GeoNames,5392400,https://www.geonames.org/5392400,34.1214,-118.10646,US,SanMarinoHun,"San Marino CA, Huntington Library",101431,,,,2026-09-30,current_observation_only,,coordinates_resolved,current_holding_statement,MEI,00200558,https://data.cerl.org/mei/00200558,data/expanded/mei-corpus.json,Observed as the current holding institution; no arrival date is inferred.,,,,,US,,,human_review_2026_10_01,Ortszuweisung nach Prüfung durch Stefan Matter (01.10.2026); Kartenpunkt auf Ortsebene.,https://data.cerl.org/mei/02156758,"San Marino CA, Huntington Library",ORT-CB30A216,locality,,
02149767-print,02149767,02149767,ih00357880,ih00357880,print_place,first,0,1,,,Valencia,Valencia,Valencia,GeoNames,2509954,https://www.geonames.org/2509954,39.47391,-0.37966,,,,93013,1486,1486,,,gw_extracted_year_range,,coordinates_resolved,edition_level_print_statement,GW,13442,https://gesamtkatalogderwiegendrucke.de/docs/GW13442.htm,data/derived/prayer-book-corpus.csv,Printing statement shared by copies of the edition.,Valencia,,,,ES,,,source_name_and_country_match,Locality-level point reused from source data; no building location or arrival date inferred.,https://data.cerl.org/mei/02003992,Valencia,,locality,,
02149767-current,02149767,02149767,ih00357880,ih00357880,current_holding,last,7,1,,,"San Marino CA, Huntington Library",San Marino,San Marino,GeoNames,5392400,https://www.geonames.org/5392400,34.1214,-118.10646,US,SanMarinoHun,"San Marino CA, Huntington Library",93013,,,,2026-09-30,current_observation_only,,coordinates_resolved,current_holding_statement,MEI,02149767,https://data.cerl.org/mei/02149767,data/expanded/mei-corpus.json,Observed as the current holding institution; no arrival date is inferred.,,,,,US,,,human_review_2026_10_01,Ortszuweisung nach Prüfung durch Stefan Matter (01.10.2026); Kartenpunkt auf Ortsebene.,https://data.cerl.org/mei/02156758,"San Marino CA, Huntington Library",ORT-CB30A216,locality,,
00200559-print,00200559,00200559,ih00357930,ih00357930,print_place,first,0,1,,,Neapel,Naples,Naples,GeoNames,3172394,https://www.geonames.org/3172394,40.85216,14.26811,,,,Typ Inc 6706.5,1487,1487,,,gw_extracted_year_range,,coordinates_resolved,edition_level_print_statement,GW,13340,https://gesamtkatalogderwiegendrucke.de/docs/GW13340.htm,data/derived/prayer-book-corpus.csv,Printing statement shared by copies of the edition.,Neapel,,,print_place-neapel,IT,,,reused_mei_geonames,,https://gesamtkatalogderwiegendrucke.de/docs/GW1333510.htm | https://gesamtkatalogderwiegendrucke.de/docs/GW13337.htm,Neapel,,locality,,
00200559-p004-loc01,00200559,00200559,ih00357930,ih00357930,provenance_place,intermediate,4,1,00200559-p004,00200559-p004-loc01,Paris,Paris,Paris,GeoNames,2988507,https://www.geonames.org/2988507,48.85341,2.3488,France,,,Typ Inc 6706.5,1850,1909,19 | 20,,mei_timeperiod,a,coordinates_resolved,copy_level_provenance_place,MEI,00200559-p004,https://data.cerl.org/mei/00200559,data/expanded/mei-corpus.json,,Paris,48.85341,2.3488,provenance_place-paris,FR,Q90,,normalised_geonames_city,MEI uses two different GeoNames records for Paris in the pilot; the analytical map layer consistently uses the capital record 2988507.,https://data.cerl.org/mei/02003992 | https://data.cerl.org/mei/02004013 | https://data.cerl.org/mei/02004012 | https://data.cerl.org/mei/02003961,Paris,,locality,,
00200559-p005-loc01,00200559,00200559,ih00357930,ih00357930,provenance_place,intermediate,5,1,00200559-p005,00200559-p005-loc01,Paris,Paris,Paris,GeoNames,2988507,https://www.geonames.org/2988507,48.85341,2.3488,France,,,Typ Inc 6706.5,1939,1939,20,,mei_timeperiod,a,coordinates_resolved,copy_level_provenance_place,MEI,00200559-p005,https://data.cerl.org/mei/00200559,data/expanded/mei-corpus.json,,Paris,48.85341,2.3488,provenance_place-paris,FR,Q90,,normalised_geonames_city,MEI uses two different GeoNames records for Paris in the pilot; the analytical map layer consistently uses the capital record 2988507.,https://data.cerl.org/mei/02003992 | https://data.cerl.org/mei/02004013 | https://data.cerl.org/mei/02004012 | https://data.cerl.org/mei/02003961,Paris,,locality,,
00200559-current,00200559,00200559,ih00357930,ih00357930,current_holding,last,8,1,,,"Cambridge MA, Harvard University, Houghton Library",Cambridge (Massachusetts),Cambridge (Massachusetts),GeoNames,4931972,https://www.geonames.org/4931972,42.37510,-71.10561,US,HarvardHoughton,"Cambridge MA, Harvard University, Houghton Library",Typ Inc 6706.5,,,,2026-09-30,current_observation_only,,coordinates_resolved,current_holding_statement,MEI,00200559,https://data.cerl.org/mei/00200559,data/expanded/mei-corpus.json,Observed as the current holding institution; no arrival date is inferred.,,,,current_holding-harvardhoughton,US,Q49111,,cerl_holding_city_to_geonames,"The holding institution is mapped to its city-level GeoNames point, not to building coordinates.",https://data.cerl.org/holdinst/HarvardHoughton,"Cambridge MA, Harvard University, Houghton Library",,locality,,
02162911-print,02162911,02162911,ih00357930,ih00357930,print_place,first,0,1,,,Neapel,Naples,Naples,GeoNames,3172394,https://www.geonames.org/3172394,40.85216,14.26811,,,,in progress - awaiting verification,1487,1487,,,gw_extracted_year_range,,coordinates_resolved,edition_level_print_statement,GW,13340,https://gesamtkatalogderwiegendrucke.de/docs/GW13340.htm,data/derived/prayer-book-corpus.csv,Printing statement shared by copies of the edition.,Neapel,,,print_place-neapel,IT,,,reused_mei_geonames,,https://gesamtkatalogderwiegendrucke.de/docs/GW1333510.htm | https://gesamtkatalogderwiegendrucke.de/docs/GW13337.htm,Neapel,,locality,,
02162911-current,02162911,02162911,ih00357930,ih00357930,current_holding,last,1,1,,,"Allendale MI, Grand Valley State University, Seidman House",Allendale,Allendale,,,,42.97222,-85.95361,US,GVSUL,"Allendale MI, Grand Valley State University, Seidman House",in progress - awaiting verification,,,,2026-09-30,current_observation_only,,coordinates_resolved,current_holding_statement,MEI,02162911,https://data.cerl.org/mei/02162911,data/expanded/mei-corpus.json,Observed as the current holding institution; no arrival date is inferred.,,,,,US,,,human_review_2026_10_01,Ortszuweisung nach Prüfung durch Stefan Matter (01.10.2026); Kartenpunkt auf Ortsebene.,"https://en.wikipedia.org/wiki/Allendale,_Michigan","Allendale MI, Grand Valley State University, Seidman House",ORT-7582AA47,locality,,
00202014-print,00202014,00202014,ih00357930,ih00357930,print_place,first,0,1,,,Neapel,Naples,Naples,GeoNames,3172394,https://www.geonames.org/3172394,40.85216,14.26811,,,,Incun BX 2080 .R66 1487 [A172],1487,1487,,,gw_extracted_year_range,,coordinates_resolved,edition_level_print_statement,GW,13340,https://gesamtkatalogderwiegendrucke.de/docs/GW13340.htm,data/derived/prayer-book-corpus.csv,Printing statement shared by copies of the edition.,Neapel,,,print_place-neapel,IT,,,reused_mei_geonames,,https://gesamtkatalogderwiegendrucke.de/docs/GW1333510.htm | https://gesamtkatalogderwiegendrucke.de/docs/GW13337.htm,Neapel,,locality,,
00202014-current,00202014,00202014,ih00357930,ih00357930,current_holding,last,1,1,,,"Allendale MI, Grand Valley State University, Seidman House",Allendale,Allendale,,,,42.97222,-85.95361,US,GVSUL,"Allendale MI, Grand Valley State University, Seidman House",Incun BX 2080 .R66 1487 [A172],,,,2026-09-30,current_observation_only,,coordinates_resolved,current_holding_statement,MEI,00202014,https://data.cerl.org/mei/00202014,data/expanded/mei-corpus.json,Observed as the current holding institution; no arrival date is inferred.,,,,,US,,,human_review_2026_10_01,Ortszuweisung nach Prüfung durch Stefan Matter (01.10.2026); Kartenpunkt auf Ortsebene.,"https://en.wikipedia.org/wiki/Allendale,_Michigan","Allendale MI, Grand Valley State University, Seidman House",ORT-7582AA47,locality,,
00200560-print,00200560,00200560,ih00357950,ih00357950,print_place,first,0,1,,,Neapel,Naples,Naples,GeoNames,3172394,https://www.geonames.org/3172394,40.85216,14.26811,,,,19266,1487,1487,,,gw_extracted_year_range,,coordinates_resolved,edition_level_print_statement,GW,13341,https://gesamtkatalogderwiegendrucke.de/docs/GW13341.htm,data/derived/prayer-book-corpus.csv,Printing statement shared by copies of the edition.,Neapel,,,print_place-neapel,IT,,,reused_mei_geonames,,https://gesamtkatalogderwiegendrucke.de/docs/GW1333510.htm | https://gesamtkatalogderwiegendrucke.de/docs/GW13337.htm,Neapel,,locality,,
00200560-current,00200560,00200560,ih00357950,ih00357950,current_holding,last,1,1,,,"Manchester, University of Manchester, John Rylands Research Institute and Library",Manchester,Manchester,GeoNames,2643123,https://www.geonames.org/2643123,53.48095,-2.23743,GB,ManchesterJRL,"Manchester, University of Manchester, John Rylands Research Institute and Library",19266,,,,2026-09-30,current_observation_only,,coordinates_resolved,current_holding_statement,MEI,00200560,https://data.cerl.org/mei/00200560,data/expanded/mei-corpus.json,Observed as the current holding institution; no arrival date is inferred.,,,,current_holding-manchesterjrl,GB,,Q773989,cerl_holding_city_to_geonames,"The holding institution is mapped to its city-level GeoNames point, not to building coordinates.",https://data.cerl.org/holdinst/ManchesterJRL,"Manchester, University of Manchester, John Rylands Research Institute and Library",,locality,,
00200561-print,00200561,00200561,ih00357950,ih00357950,print_place,first,0,1,,,Neapel,Naples,Naples,GeoNames,3172394,https://www.geonames.org/3172394,40.85216,14.26811,,,,CF.1.29,1487,1487,,,gw_extracted_year_range,,coordinates_resolved,edition_level_print_statement,GW,13341,https://gesamtkatalogderwiegendrucke.de/docs/GW13341.htm,data/derived/prayer-book-corpus.csv,Printing statement shared by copies of the edition.,Neapel,,,print_place-neapel,IT,,,reused_mei_geonames,,https://gesamtkatalogderwiegendrucke.de/docs/GW1333510.htm | https://gesamtkatalogderwiegendrucke.de/docs/GW13337.htm,Neapel,,locality,,
00200561-current,00200561,00200561,ih00357950,ih00357950,current_holding,last,1,1,,,"Napoli, Biblioteca Statale Oratoriana dei Girolamini",Naples,Naples,GeoNames,3172394,https://www.geonames.org/3172394,40.85216,14.26811,IT,NapoliOrat,"Napoli, Biblioteca Statale Oratoriana dei Girolamini",CF.1.29,,,,2026-09-30,current_observation_only,,coordinates_resolved,current_holding_statement,MEI,00200561,https://data.cerl.org/mei/00200561,data/expanded/mei-corpus.json,Observed as the current holding institution; no arrival date is inferred.,,,,,IT,,,source_name_and_country_match,Locality-level point reused from source data; no building location or arrival date inferred.,https://data.cerl.org/holdinst/NapoliN,"Napoli, Biblioteca Statale Oratoriana dei Girolamini",,locality,,
00200562-print,00200562,00200562,ih00357950,ih00357950,print_place,first,0,1,,,Neapel,Naples,Naples,GeoNames,3172394,https://www.geonames.org/3172394,40.85216,14.26811,,,,"ChL 1236, Accession no. 460",1487,1487,,,gw_extracted_year_range,,coordinates_resolved,edition_level_print_statement,GW,13341,https://gesamtkatalogderwiegendrucke.de/docs/GW13341.htm,data/derived/prayer-book-corpus.csv,Printing statement shared by copies of the edition.,Neapel,,,print_place-neapel,IT,,,reused_mei_geonames,,https://gesamtkatalogderwiegendrucke.de/docs/GW1333510.htm | https://gesamtkatalogderwiegendrucke.de/docs/GW13337.htm,Neapel,,locality,,
00200562-current,00200562,00200562,ih00357950,ih00357950,current_holding,last,1,1,,,"New York NY, The Morgan Library and Museum",New York,New York,GeoNames,5128581,https://www.geonames.org/5128581,40.71427,-74.00597,US,NewYorkNYPierpontMorganLibrary,"New York NY, The Morgan Library and Museum","ChL 1236, Accession no. 460",,,,2026-09-30,current_observation_only,,coordinates_resolved,current_holding_statement,MEI,00200562,https://data.cerl.org/mei/00200562,data/expanded/mei-corpus.json,Observed as the current holding institution; no arrival date is inferred.,,,,current_holding-newyorknypierpontmorganlibrary,US,,,cerl_holding_city_to_geonames,"The holding institution is mapped to its city-level GeoNames point, not to building coordinates.",https://data.cerl.org/holdinst/NewYorkNYPierpontMorganLibrary,"New York NY, The Morgan Library and Museum",,locality,,
02132409-print,02132409,02132409,ih00359000,ih00359000,print_place,first,0,1,,,Paris,Paris,Paris,GeoNames,2988507,https://www.geonames.org/2988507,48.85341,2.3488,,,,B.G. Inc. 49,1491,1492,,,gw_extracted_year_range,,coordinates_resolved,edition_level_print_statement,GW,13145,https://gesamtkatalogderwiegendrucke.de/docs/GW13145.htm,data/derived/prayer-book-corpus.csv,Printing statement shared by copies of the edition.,Paris,,,,FR,,,source_name_and_country_match,Locality-level point reused from source data; no building location or arrival date inferred.,https://data.cerl.org/holdinst/ParisBN,Paris,,locality,,
02132409-current,02132409,02132409,ih00359000,ih00359000,current_holding,last,10,1,,,"Milano, Biblioteca Nazionale Braidense",Milan,Milan,GeoNames,3173435,https://www.geonames.org/3173435,45.46427,9.18951,IT,MilanoN,"Milano, Biblioteca Nazionale Braidense",B.G. Inc. 49,,,,2026-09-30,current_observation_only,,coordinates_resolved,current_holding_statement,MEI,02132409,https://data.cerl.org/mei/02132409,data/expanded/mei-corpus.json,Observed as the current holding institution; no arrival date is inferred.,,,,current_holding-milanon,IT,,,cerl_holding_city_to_geonames,"The holding institution is mapped to its city-level GeoNames point, not to building coordinates.",https://data.cerl.org/holdinst/MilanoN,"Milano, Biblioteca Nazionale Braidense",,locality,,
00201173-print,00201173,00201173,ih00359643,ih00359643,print_place,first,0,1,,,Neapel,Naples,Naples,GeoNames,3172394,https://www.geonames.org/3172394,40.85216,14.26811,,,,,1488,1488,,,gw_extracted_year_range,,coordinates_resolved,edition_level_print_statement,GW,13342,https://gesamtkatalogderwiegendrucke.de/docs/GW13342.htm,data/derived/prayer-book-corpus.csv,Printing statement shared by copies of the edition.,Neapel,,,print_place-neapel,IT,,,reused_mei_geonames,,https://gesamtkatalogderwiegendrucke.de/docs/GW1333510.htm | https://gesamtkatalogderwiegendrucke.de/docs/GW13337.htm,Neapel,,locality,,
00201173-current,00201173,00201173,ih00359643,ih00359643,current_holding,last,2,1,,,"Wien, Österreichisches Museum für angewandte Kunst (MAK)",Vienna,Vienna,GeoNames,2761369,https://www.geonames.org/2761369,48.20849,16.37208,AT,ViennaMAK,"Wien, Österreichisches Museum für angewandte Kunst (MAK)",,,,,2026-09-30,current_observation_only,,coordinates_resolved,current_holding_statement,MEI,00201173,https://data.cerl.org/mei/00201173,data/expanded/mei-corpus.json,Observed as the current holding institution; no arrival date is inferred.,,,,,AT,,,source_name_and_country_match,Locality-level point reused from source data; no building location or arrival date inferred.,https://data.cerl.org/mei/02115001,"Wien, Österreichisches Museum für angewandte Kunst (MAK)",,locality,,
00200568-print,00200568,00200568,ih00359643,ih00359643,print_place,first,0,1,,,Neapel,Naples,Naples,GeoNames,3172394,https://www.geonames.org/3172394,40.85216,14.26811,,,,Rés. Vélins 1469,1488,1488,,,gw_extracted_year_range,,coordinates_resolved,edition_level_print_statement,GW,13342,https://gesamtkatalogderwiegendrucke.de/docs/GW13342.htm,data/derived/prayer-book-corpus.csv,Printing statement shared by copies of the edition.,Neapel,,,print_place-neapel,IT,,,reused_mei_geonames,,https://gesamtkatalogderwiegendrucke.de/docs/GW1333510.htm | https://gesamtkatalogderwiegendrucke.de/docs/GW13337.htm,Neapel,,locality,,
00200568-current,00200568,00200568,ih00359643,ih00359643,current_holding,last,1,1,,,"Paris, Bibliothèque nationale de France",Paris,Paris,GeoNames,2988507,https://www.geonames.org/2988507,48.85341,2.3488,FR,ParisBN,"Paris, Bibliothèque nationale de France",Rés. Vélins 1469,,,,2026-09-30,current_observation_only,,coordinates_resolved,current_holding_statement,MEI,00200568,https://data.cerl.org/mei/00200568,data/expanded/mei-corpus.json,Observed as the current holding institution; no arrival date is inferred.,,,,current_holding-parisbn,FR,Q90,Q193563,cerl_holding_city_to_geonames,"The holding institution is mapped to the same Paris capital record used by MEI provenance places, not to exact building coordinates.",https://data.cerl.org/holdinst/ParisBN,"Paris, Bibliothèque nationale de France",,locality,,
00200567-print,00200567,00200567,ih00359643,ih00359643,print_place,first,0,1,,,Neapel,Naples,Naples,GeoNames,3172394,https://www.geonames.org/3172394,40.85216,14.26811,,,,19206,1488,1488,,,gw_extracted_year_range,,coordinates_resolved,edition_level_print_statement,GW,13342,https://gesamtkatalogderwiegendrucke.de/docs/GW13342.htm,data/derived/prayer-book-corpus.csv,Printing statement shared by copies of the edition.,Neapel,,,print_place-neapel,IT,,,reused_mei_geonames,,https://gesamtkatalogderwiegendrucke.de/docs/GW1333510.htm | https://gesamtkatalogderwiegendrucke.de/docs/GW13337.htm,Neapel,,locality,,
00200567-current,00200567,00200567,ih00359643,ih00359643,current_holding,last,1,1,,,"Manchester, University of Manchester, John Rylands Research Institute and Library",Manchester,Manchester,GeoNames,2643123,https://www.geonames.org/2643123,53.48095,-2.23743,GB,ManchesterJRL,"Manchester, University of Manchester, John Rylands Research Institute and Library",19206,,,,2026-09-30,current_observation_only,,coordinates_resolved,current_holding_statement,MEI,00200567,https://data.cerl.org/mei/00200567,data/expanded/mei-corpus.json,Observed as the current holding institution; no arrival date is inferred.,,,,current_holding-manchesterjrl,GB,,Q773989,cerl_holding_city_to_geonames,"The holding institution is mapped to its city-level GeoNames point, not to building coordinates.",https://data.cerl.org/holdinst/ManchesterJRL,"Manchester, University of Manchester, John Rylands Research Institute and Library",,locality,,
00211925-print,00211925,00211925,ih00359670,ih00359670,print_place,first,0,1,,,Paris,Paris,Paris,GeoNames,2988507,https://www.geonames.org/2988507,48.85341,2.3488,,,,Arch. B f.38.,1488,1488,,,gw_extracted_year_range,,coordinates_resolved,edition_level_print_statement,GW,13065,https://gesamtkatalogderwiegendrucke.de/docs/GW13065.htm,data/derived/prayer-book-corpus.csv,Printing statement shared by copies of the edition.,Paris,,,,FR,,,source_name_and_country_match,Locality-level point reused from source data; no building location or arrival date inferred.,https://data.cerl.org/holdinst/ParisBN,Paris,,locality,,
00211925-current,00211925,00211925,ih00359670,ih00359670,current_holding,last,3,1,,,"Oxford, Bodleian Library",Oxford,Oxford,GeoNames,2640729,https://www.geonames.org/2640729,51.75222,-1.25596,GB,OxfordBodley,"Oxford, Bodleian Library",Arch. B f.38.,,,,2026-09-30,current_observation_only,,coordinates_resolved,current_holding_statement,MEI,00211925,https://data.cerl.org/mei/00211925,data/expanded/mei-corpus.json,Observed as the current holding institution; no arrival date is inferred.,,,,current_holding-oxfordbodley,GB,,Q82133,cerl_holding_city_to_geonames,"The holding institution is mapped to its city-level GeoNames point, not to building coordinates.",https://data.cerl.org/holdinst/OxfordBodley,"Oxford, Bodleian Library",,locality,,
00204061-print,00204061,00204061,ih00359670,ih00359670,print_place,first,0,1,,,Paris,Paris,Paris,GeoNames,2988507,https://www.geonames.org/2988507,48.85341,2.3488,,,,Arch. B f.38.,1488,1488,,,gw_extracted_year_range,,coordinates_resolved,edition_level_print_statement,GW,13065,https://gesamtkatalogderwiegendrucke.de/docs/GW13065.htm,data/derived/prayer-book-corpus.csv,Printing statement shared by copies of the edition.,Paris,,,,FR,,,source_name_and_country_match,Locality-level point reused from source data; no building location or arrival date inferred.,https://data.cerl.org/holdinst/ParisBN,Paris,,locality,,
00204061-current,00204061,00204061,ih00359670,ih00359670,current_holding,last,4,1,,,"Oxford, Bodleian Library",Oxford,Oxford,GeoNames,2640729,https://www.geonames.org/2640729,51.75222,-1.25596,GB,OxfordBodley,"Oxford, Bodleian Library",Arch. B f.38.,,,,2026-09-30,current_observation_only,,coordinates_resolved,current_holding_statement,MEI,00204061,https://data.cerl.org/mei/00204061,data/expanded/mei-corpus.json,Observed as the current holding institution; no arrival date is inferred.,,,,current_holding-oxfordbodley,GB,,Q82133,cerl_holding_city_to_geonames,"The holding institution is mapped to its city-level GeoNames point, not to building coordinates.",https://data.cerl.org/holdinst/OxfordBodley,"Oxford, Bodleian Library",,locality,,
00200564-print,00200564,00200564,ih00359730,ih00359730,print_place,first,0,1,,,Venedig,Venice,Venice,GeoNames,3164603,https://www.geonames.org/3164603,45.43713,12.33265,,,,17394,1488,1488,,,gw_extracted_year_range,,coordinates_resolved,edition_level_print_statement,GW,13368,https://gesamtkatalogderwiegendrucke.de/docs/GW13368.htm,data/derived/prayer-book-corpus.csv,Printing statement shared by copies of the edition.,Venedig,,,print_place-venedig,IT,,,verified_geonames_city,,https://gesamtkatalogderwiegendrucke.de/docs/GW13360.htm | https://gesamtkatalogderwiegendrucke.de/docs/GW1338820N.htm,Venedig,,locality,,
00200564-current,00200564,00200564,ih00359730,ih00359730,current_holding,last,1,1,,,"Manchester, University of Manchester, John Rylands Research Institute and Library",Manchester,Manchester,GeoNames,2643123,https://www.geonames.org/2643123,53.48095,-2.23743,GB,ManchesterJRL,"Manchester, University of Manchester, John Rylands Research Institute and Library",17394,,,,2026-09-30,current_observation_only,,coordinates_resolved,current_holding_statement,MEI,00200564,https://data.cerl.org/mei/00200564,data/expanded/mei-corpus.json,Observed as the current holding institution; no arrival date is inferred.,,,,current_holding-manchesterjrl,GB,,Q773989,cerl_holding_city_to_geonames,"The holding institution is mapped to its city-level GeoNames point, not to building coordinates.",https://data.cerl.org/holdinst/ManchesterJRL,"Manchester, University of Manchester, John Rylands Research Institute and Library",,locality,,
02000453-print,02000453,02000453,ih00361500,ih00361500,print_place,first,0,1,,,Venedig,Venice,Venice,GeoNames,3164603,https://www.geonames.org/3164603,45.43713,12.33265,,,,Inc. M 2 ,1489,1489,,,gw_extracted_year_range,,coordinates_resolved,edition_level_print_statement,GW,13369,https://gesamtkatalogderwiegendrucke.de/docs/GW13369.htm,data/derived/prayer-book-corpus.csv,Printing statement shared by copies of the edition.,Venedig,,,print_place-venedig,IT,,,verified_geonames_city,,https://gesamtkatalogderwiegendrucke.de/docs/GW13360.htm | https://gesamtkatalogderwiegendrucke.de/docs/GW1338820N.htm,Venedig,,locality,,
02000453-current,02000453,02000453,ih00361500,ih00361500,current_holding,last,5,1,,,"Venezia, Biblioteca del Museo Correr",Venice,Venice,GeoNames,3164603,https://www.geonames.org/3164603,45.43713,12.33265,IT,VeneziaC,"Venezia, Biblioteca del Museo Correr",Inc. M 2 ,,,,2026-09-30,current_observation_only,,coordinates_resolved,current_holding_statement,MEI,02000453,https://data.cerl.org/mei/02000453,data/expanded/mei-corpus.json,Observed as the current holding institution; no arrival date is inferred.,,,,,IT,,,source_name_and_country_match,Locality-level point reused from source data; no building location or arrival date inferred.,https://www.geonames.org/3164603,"Venezia, Biblioteca del Museo Correr",,locality,,
00200571-print,00200571,00200571,ih00364600,ih00364600,print_place,first,0,1,,,Neapel,Naples,Naples,GeoNames,3172394,https://www.geonames.org/3172394,40.85216,14.26811,,,,"ChL 1230, Accession no. 461",1490,1490,,,gw_extracted_year_range,,coordinates_resolved,edition_level_print_statement,GW,13343,https://gesamtkatalogderwiegendrucke.de/docs/GW13343.htm,data/derived/prayer-book-corpus.csv,Printing statement shared by copies of the edition.,Neapel,,,print_place-neapel,IT,,,reused_mei_geonames,,https://gesamtkatalogderwiegendrucke.de/docs/GW1333510.htm | https://gesamtkatalogderwiegendrucke.de/docs/GW13337.htm,Neapel,,locality,,
00200571-current,00200571,00200571,ih00364600,ih00364600,current_holding,last,1,1,,,"New York NY, The Morgan Library and Museum",New York,New York,GeoNames,5128581,https://www.geonames.org/5128581,40.71427,-74.00597,US,NewYorkNYPierpontMorganLibrary,"New York NY, The Morgan Library and Museum","ChL 1230, Accession no. 461",,,,2026-09-30,current_observation_only,,coordinates_resolved,current_holding_statement,MEI,00200571,https://data.cerl.org/mei/00200571,data/expanded/mei-corpus.json,Observed as the current holding institution; no arrival date is inferred.,,,,current_holding-newyorknypierpontmorganlibrary,US,,,cerl_holding_city_to_geonames,"The holding institution is mapped to its city-level GeoNames point, not to building coordinates.",https://data.cerl.org/holdinst/NewYorkNYPierpontMorganLibrary,"New York NY, The Morgan Library and Museum",,locality,,
00200573-print,00200573,00200573,ih00364800,ih00364800,print_place,first,0,1,,,Neapel,Naples,Naples,GeoNames,3172394,https://www.geonames.org/3172394,40.85216,14.26811,,,,[alfa]. G. 9. 33,1490,1490,,,gw_extracted_year_range,,coordinates_resolved,edition_level_print_statement,GW,13344,https://gesamtkatalogderwiegendrucke.de/docs/GW13344.htm,data/derived/prayer-book-corpus.csv,Printing statement shared by copies of the edition.,Neapel,,,print_place-neapel,IT,,,reused_mei_geonames,,https://gesamtkatalogderwiegendrucke.de/docs/GW1333510.htm | https://gesamtkatalogderwiegendrucke.de/docs/GW13337.htm,Neapel,,locality,,
00200573-current,00200573,00200573,ih00364800,ih00364800,current_holding,last,1,1,,,"Modena, Biblioteca Estense Universitaria",Modena,Modena,GeoNames,3173331,https://www.geonames.org/3173331,44.64783,10.92539,IT,ModenaEst,"Modena, Biblioteca Estense Universitaria",[alfa]. G. 9. 33,,,,2026-09-30,current_observation_only,,coordinates_resolved,current_holding_statement,MEI,00200573,https://data.cerl.org/mei/00200573,data/expanded/mei-corpus.json,Observed as the current holding institution; no arrival date is inferred.,,,,current_holding-modenaest,IT,Q279,,cerl_holding_city_to_geonames,"The holding institution is mapped to its city-level GeoNames point, not to building coordinates.",https://data.cerl.org/holdinst/ModenaEst,"Modena, Biblioteca Estense Universitaria",,locality,,
00200572-print,00200572,00200572,ih00364800,ih00364800,print_place,first,0,1,,,Neapel,Naples,Naples,GeoNames,3172394,https://www.geonames.org/3172394,40.85216,14.26811,,,,IA.29544,1490,1490,,,gw_extracted_year_range,,coordinates_resolved,edition_level_print_statement,GW,13344,https://gesamtkatalogderwiegendrucke.de/docs/GW13344.htm,data/derived/prayer-book-corpus.csv,Printing statement shared by copies of the edition.,Neapel,,,print_place-neapel,IT,,,reused_mei_geonames,,https://gesamtkatalogderwiegendrucke.de/docs/GW1333510.htm | https://gesamtkatalogderwiegendrucke.de/docs/GW13337.htm,Neapel,,locality,,
00200572-current,00200572,00200572,ih00364800,ih00364800,current_holding,last,1,1,,,"London, British Library",London,London,GeoNames,2643743,https://www.geonames.org/2643743,51.50853,-0.12574,GB,LondonBL,"London, British Library",IA.29544,,,,2026-09-30,current_observation_only,,coordinates_resolved,current_holding_statement,MEI,00200572,https://data.cerl.org/mei/00200572,data/expanded/mei-corpus.json,Observed as the current holding institution; no arrival date is inferred.,,,,current_holding-londonbl,GB,,Q23308,cerl_holding_city_to_geonames,"The holding institution is mapped to its city-level GeoNames point, not to building coordinates.",https://data.cerl.org/holdinst/LondonBL,"London, British Library",,locality,,
00200578-print,00200578,00200578,ih00365300,ih00365300,print_place,first,0,1,,,Venedig,Venice,Venice,GeoNames,3164603,https://www.geonames.org/3164603,45.43713,12.33265,,,,"ChL 959, Accession no. 348",1490,1490,,,gw_extracted_year_range,,coordinates_resolved,edition_level_print_statement,GW,13371,https://gesamtkatalogderwiegendrucke.de/docs/GW13371.htm,data/derived/prayer-book-corpus.csv,Printing statement shared by copies of the edition.,Venedig,,,print_place-venedig,IT,,,verified_geonames_city,,https://gesamtkatalogderwiegendrucke.de/docs/GW13360.htm | https://gesamtkatalogderwiegendrucke.de/docs/GW1338820N.htm,Venedig,,locality,,
00200578-current,00200578,00200578,ih00365300,ih00365300,current_holding,last,1,1,,,"New York NY, The Morgan Library and Museum",New York,New York,GeoNames,5128581,https://www.geonames.org/5128581,40.71427,-74.00597,US,NewYorkNYPierpontMorganLibrary,"New York NY, The Morgan Library and Museum","ChL 959, Accession no. 348",,,,2026-09-30,current_observation_only,,coordinates_resolved,current_holding_statement,MEI,00200578,https://data.cerl.org/mei/00200578,data/expanded/mei-corpus.json,Observed as the current holding institution; no arrival date is inferred.,,,,current_holding-newyorknypierpontmorganlibrary,US,,,cerl_holding_city_to_geonames,"The holding institution is mapped to its city-level GeoNames point, not to building coordinates.",https://data.cerl.org/holdinst/NewYorkNYPierpontMorganLibrary,"New York NY, The Morgan Library and Museum",,locality,,
00200577-print,00200577,00200577,ih00365300,ih00365300,print_place,first,0,1,,,Venedig,Venice,Venice,GeoNames,3164603,https://www.geonames.org/3164603,45.43713,12.33265,,,,[alfa]. H. 9. 21,1490,1490,,,gw_extracted_year_range,,coordinates_resolved,edition_level_print_statement,GW,13371,https://gesamtkatalogderwiegendrucke.de/docs/GW13371.htm,data/derived/prayer-book-corpus.csv,Printing statement shared by copies of the edition.,Venedig,,,print_place-venedig,IT,,,verified_geonames_city,,https://gesamtkatalogderwiegendrucke.de/docs/GW13360.htm | https://gesamtkatalogderwiegendrucke.de/docs/GW1338820N.htm,Venedig,,locality,,
00200577-current,00200577,00200577,ih00365300,ih00365300,current_holding,last,1,1,,,"Modena, Biblioteca Estense Universitaria",Modena,Modena,GeoNames,3173331,https://www.geonames.org/3173331,44.64783,10.92539,IT,ModenaEst,"Modena, Biblioteca Estense Universitaria",[alfa]. H. 9. 21,,,,2026-09-30,current_observation_only,,coordinates_resolved,current_holding_statement,MEI,00200577,https://data.cerl.org/mei/00200577,data/expanded/mei-corpus.json,Observed as the current holding institution; no arrival date is inferred.,,,,current_holding-modenaest,IT,Q279,,cerl_holding_city_to_geonames,"The holding institution is mapped to its city-level GeoNames point, not to building coordinates.",https://data.cerl.org/holdinst/ModenaEst,"Modena, Biblioteca Estense Universitaria",,locality,,
02118389-print,02118389,02118389,ih00366000,ih00366000,print_place,first,0,1,,,Kirchheim im Elsass,Kirchheim im Elsass,Kirchheim im Elsass,,,,48.609249189619135,7.496366500854492,,,,Ink 27-57,1490,1490,,,gw_extracted_year_range,,coordinates_resolved,edition_level_print_statement,GW,12953,https://gesamtkatalogderwiegendrucke.de/docs/GW12953.htm,data/derived/prayer-book-corpus.csv,Printing statement shared by copies of the edition.,Kirchheim,,,,FR,,,human_review_2026_10_01,Ortszuweisung nach Prüfung durch Stefan Matter (01.10.2026); Kartenpunkt auf Ortsebene.,https://www.geonames.org/search.html?country=&q=kirchheim,Kirchheim,ORT-94C92DC2,locality,,
02118389-current,02118389,02118389,ih00366000,ih00366000,current_holding,last,2,1,,,"Wien, Österreichische  Nationalbibliothek",Vienna,Vienna,GeoNames,2761369,https://www.geonames.org/2761369,48.20849,16.37208,AT,WienONB,"Wien, Österreichische  Nationalbibliothek",Ink 27-57,,,,2026-09-30,current_observation_only,,coordinates_resolved,current_holding_statement,MEI,02118389,https://data.cerl.org/mei/02118389,data/expanded/mei-corpus.json,Observed as the current holding institution; no arrival date is inferred.,,,,,AT,,,source_name_and_country_match,Locality-level point reused from source data; no building location or arrival date inferred.,https://data.cerl.org/mei/02115001,"Wien, Österreichische  Nationalbibliothek",,locality,,
00200574-print,00200574,00200574,ih00366400,ih00366400,print_place,first,0,1,,,Venedig,Venice,Venice,GeoNames,3164603,https://www.geonames.org/3164603,45.43713,12.33265,,,,Inc. 451,1490,1490,,,gw_extracted_year_range,,coordinates_resolved,edition_level_print_statement,GW,13370,https://gesamtkatalogderwiegendrucke.de/docs/GW13370.htm,data/derived/prayer-book-corpus.csv,Printing statement shared by copies of the edition.,Venedig,,,print_place-venedig,IT,,,verified_geonames_city,,https://gesamtkatalogderwiegendrucke.de/docs/GW13360.htm | https://gesamtkatalogderwiegendrucke.de/docs/GW1338820N.htm,Venedig,,locality,,
00200574-current,00200574,00200574,ih00366400,ih00366400,current_holding,last,1,1,,,"Milano, Biblioteca Ambrosiana",Milan,Milan,GeoNames,3173435,https://www.geonames.org/3173435,45.46427,9.18951,IT,MilanoAmbr,"Milano, Biblioteca Ambrosiana",Inc. 451,,,,2026-09-30,current_observation_only,,coordinates_resolved,current_holding_statement,MEI,00200574,https://data.cerl.org/mei/00200574,data/expanded/mei-corpus.json,Observed as the current holding institution; no arrival date is inferred.,,,,,IT,,,source_name_and_country_match,Locality-level point reused from source data; no building location or arrival date inferred.,https://www.geonames.org/3173435,"Milano, Biblioteca Ambrosiana",,locality,,
00200575-print,00200575,00200575,ih00366400,ih00366400,print_place,first,0,1,,,Venedig,Venice,Venice,GeoNames,3164603,https://www.geonames.org/3164603,45.43713,12.33265,,,,Inc. Parm. 23,1490,1490,,,gw_extracted_year_range,,coordinates_resolved,edition_level_print_statement,GW,13370,https://gesamtkatalogderwiegendrucke.de/docs/GW13370.htm,data/derived/prayer-book-corpus.csv,Printing statement shared by copies of the edition.,Venedig,,,print_place-venedig,IT,,,verified_geonames_city,,https://gesamtkatalogderwiegendrucke.de/docs/GW13360.htm | https://gesamtkatalogderwiegendrucke.de/docs/GW1338820N.htm,Venedig,,locality,,
00200575-current,00200575,00200575,ih00366400,ih00366400,current_holding,last,1,1,,,"Parma, Biblioteca Palatina",Parma,Parma,GeoNames,3171457,https://www.geonames.org/3171457,44.79935,10.32618,IT,ParmaPal,"Parma, Biblioteca Palatina",Inc. Parm. 23,,,,2026-09-30,current_observation_only,,coordinates_resolved,current_holding_statement,MEI,00200575,https://data.cerl.org/mei/00200575,data/expanded/mei-corpus.json,Observed as the current holding institution; no arrival date is inferred.,,,,,IT,,,source_name_and_country_match,Locality-level point reused from source data; no building location or arrival date inferred.,https://data.cerl.org/mei/00200652,"Parma, Biblioteca Palatina",,locality,,
00200576-print,00200576,00200576,ih00366400,ih00366400,print_place,first,0,1,,,Venedig,Venice,Venice,GeoNames,3164603,https://www.geonames.org/3164603,45.43713,12.33265,,,,L 2 Inc.,1490,1490,,,gw_extracted_year_range,,coordinates_resolved,edition_level_print_statement,GW,13370,https://gesamtkatalogderwiegendrucke.de/docs/GW13370.htm,data/derived/prayer-book-corpus.csv,Printing statement shared by copies of the edition.,Venedig,,,print_place-venedig,IT,,,verified_geonames_city,,https://gesamtkatalogderwiegendrucke.de/docs/GW13360.htm | https://gesamtkatalogderwiegendrucke.de/docs/GW1338820N.htm,Venedig,,locality,,
00200576-current,00200576,00200576,ih00366400,ih00366400,current_holding,last,5,1,,,"Venezia, Biblioteca del Museo Correr",Venice,Venice,GeoNames,3164603,https://www.geonames.org/3164603,45.43713,12.33265,IT,VeneziaC,"Venezia, Biblioteca del Museo Correr",L 2 Inc.,,,,2026-09-30,current_observation_only,,coordinates_resolved,current_holding_statement,MEI,00200576,https://data.cerl.org/mei/00200576,data/expanded/mei-corpus.json,Observed as the current holding institution; no arrival date is inferred.,,,,,IT,,,source_name_and_country_match,Locality-level point reused from source data; no building location or arrival date inferred.,https://www.geonames.org/3164603,"Venezia, Biblioteca del Museo Correr",,locality,,
02154453-print,02154453,02154453,ih00366400,ih00366400,print_place,first,0,1,,,Venedig,Venice,Venice,GeoNames,3164603,https://www.geonames.org/3164603,45.43713,12.33265,,,,Inc. 55,1490,1490,,,gw_extracted_year_range,,coordinates_resolved,edition_level_print_statement,GW,13370,https://gesamtkatalogderwiegendrucke.de/docs/GW13370.htm,data/derived/prayer-book-corpus.csv,Printing statement shared by copies of the edition.,Venedig,,,print_place-venedig,IT,,,verified_geonames_city,,https://gesamtkatalogderwiegendrucke.de/docs/GW13360.htm | https://gesamtkatalogderwiegendrucke.de/docs/GW1338820N.htm,Venedig,,locality,,
02154453-current,02154453,02154453,ih00366400,ih00366400,current_holding,last,4,1,,,"Valletta, National Library of Malta",Valletta,Valletta,GeoNames,2562305,https://www.geonames.org/2562305,35.89968,14.5148,MT,VallettaNL,"Valletta, National Library of Malta",Inc. 55,,,,2026-09-30,current_observation_only,,coordinates_resolved,current_holding_statement,MEI,02154453,https://data.cerl.org/mei/02154453,data/expanded/mei-corpus.json,Observed as the current holding institution; no arrival date is inferred.,,,,,MT,,,human_review_2026_10_01,Ortszuweisung nach Prüfung durch Stefan Matter (01.10.2026); Kartenpunkt auf Ortsebene.,https://data.cerl.org/mei/02154453,"Valletta, National Library of Malta",ORT-3DBD7FCB,locality,,
00560432-print,00560432,00560432,ih00369170,ih00369170,print_place,first,0,1,,,Paris,Paris,Paris,GeoNames,2988507,https://www.geonames.org/2988507,48.85341,2.3488,,,,Inc.5.D.1.19[2530],1491,1491,,,gw_extracted_year_range,,coordinates_resolved,edition_level_print_statement,GW,13271,https://gesamtkatalogderwiegendrucke.de/docs/GW13271.htm,data/derived/prayer-book-corpus.csv,Printing statement shared by copies of the edition.,Paris,,,,FR,,,source_name_and_country_match,Locality-level point reused from source data; no building location or arrival date inferred.,https://data.cerl.org/holdinst/ParisBN,Paris,,locality,,
00560432-current,00560432,00560432,ih00369170,ih00369170,current_holding,last,5,1,,,"Cambridge, University Library",Cambridge,Cambridge,GeoNames,2653941,https://www.geonames.org/2653941,52.2,0.11667,GB,CambridgeUL,"Cambridge, University Library",Inc.5.D.1.19[2530],,,,2026-09-30,current_observation_only,,coordinates_resolved,current_holding_statement,MEI,00560432,https://data.cerl.org/mei/00560432,data/expanded/mei-corpus.json,Observed as the current holding institution; no arrival date is inferred.,,,,current_holding-cambridgeul,GB,,Q1028334,cerl_holding_city_to_geonames,"The holding institution is mapped to its city-level GeoNames point, not to building coordinates.",https://data.cerl.org/holdinst/CambridgeUL,"Cambridge, University Library",,locality,,
00200580-print,00200580,00200580,ih00369350,ih00369350,print_place,first,0,1,,,Venedig,Venice,Venice,GeoNames,3164603,https://www.geonames.org/3164603,45.43713,12.33265,,,,Rés. Vélins 1470,1491,1491,,,gw_extracted_year_range,,coordinates_resolved,edition_level_print_statement,GW,13372,https://gesamtkatalogderwiegendrucke.de/docs/GW13372.htm,data/derived/prayer-book-corpus.csv,Printing statement shared by copies of the edition.,Venedig,,,print_place-venedig,IT,,,verified_geonames_city,,https://gesamtkatalogderwiegendrucke.de/docs/GW13360.htm | https://gesamtkatalogderwiegendrucke.de/docs/GW1338820N.htm,Venedig,,locality,,
00200580-current,00200580,00200580,ih00369350,ih00369350,current_holding,last,1,1,,,"Paris, Bibliothèque nationale de France",Paris,Paris,GeoNames,2988507,https://www.geonames.org/2988507,48.85341,2.3488,FR,ParisBN,"Paris, Bibliothèque nationale de France",Rés. Vélins 1470,,,,2026-09-30,current_observation_only,,coordinates_resolved,current_holding_statement,MEI,00200580,https://data.cerl.org/mei/00200580,data/expanded/mei-corpus.json,Observed as the current holding institution; no arrival date is inferred.,,,,current_holding-parisbn,FR,Q90,Q193563,cerl_holding_city_to_geonames,"The holding institution is mapped to the same Paris capital record used by MEI provenance places, not to exact building coordinates.",https://data.cerl.org/holdinst/ParisBN,"Paris, Bibliothèque nationale de France",,locality,,
00560433-print,00560433,00560433,ih00369400,ih00369400,print_place,first,0,1,,,Paris,Paris,Paris,GeoNames,2988507,https://www.geonames.org/2988507,48.85341,2.3488,,,,SSS.15.13,1491,1492,,,gw_extracted_year_range,,coordinates_resolved,edition_level_print_statement,GW,13291,https://gesamtkatalogderwiegendrucke.de/docs/GW13291.htm,data/derived/prayer-book-corpus.csv,Printing statement shared by copies of the edition.,Paris,,,,FR,,,source_name_and_country_match,Locality-level point reused from source data; no building location or arrival date inferred.,https://data.cerl.org/holdinst/ParisBN,Paris,,locality,,
00560433-current,00560433,00560433,ih00369400,ih00369400,current_holding,last,3,1,,,"Cambridge, University Library",Cambridge,Cambridge,GeoNames,2653941,https://www.geonames.org/2653941,52.2,0.11667,GB,CambridgeUL,"Cambridge, University Library",SSS.15.13,,,,2026-09-30,current_observation_only,,coordinates_resolved,current_holding_statement,MEI,00560433,https://data.cerl.org/mei/00560433,data/expanded/mei-corpus.json,Observed as the current holding institution; no arrival date is inferred.,,,,current_holding-cambridgeul,GB,,Q1028334,cerl_holding_city_to_geonames,"The holding institution is mapped to its city-level GeoNames point, not to building coordinates.",https://data.cerl.org/holdinst/CambridgeUL,"Cambridge, University Library",,locality,,
02015650-print,02015650,02015650,ih00369500,ih00369500,print_place,first,0,1,,,Paris,Paris,Paris,GeoNames,2988507,https://www.geonames.org/2988507,48.85341,2.3488,,,,2G-3-12,1491,1492,,,gw_extracted_year_range,,coordinates_resolved,edition_level_print_statement,GW,13292,https://gesamtkatalogderwiegendrucke.de/docs/GW13292.htm,data/derived/prayer-book-corpus.csv,Printing statement shared by copies of the edition.,Paris,,,,FR,,,source_name_and_country_match,Locality-level point reused from source data; no building location or arrival date inferred.,https://data.cerl.org/holdinst/ParisBN,Paris,,locality,,
02015650-current,02015650,02015650,ih00369500,ih00369500,current_holding,last,6,1,,,"Milano, Biblioteca del Capitolo Metropolitano",Milan,Milan,GeoNames,3173435,https://www.geonames.org/3173435,45.46427,9.18951,IT,MilanoCapMetr,"Milano, Biblioteca del Capitolo Metropolitano",2G-3-12,,,,2026-09-30,current_observation_only,,coordinates_resolved,current_holding_statement,MEI,02015650,https://data.cerl.org/mei/02015650,data/expanded/mei-corpus.json,Observed as the current holding institution; no arrival date is inferred.,,,,,IT,,,source_name_and_country_match,Locality-level point reused from source data; no building location or arrival date inferred.,https://www.geonames.org/3173435,"Milano, Biblioteca del Capitolo Metropolitano",,locality,,
00200582-print,00200582,00200582,ih00369700,ih00369700,print_place,first,0,1,,,Neapel,Naples,Naples,GeoNames,3172394,https://www.geonames.org/3172394,40.85216,14.26811,,,,Rés. Vélins 1472,1492,1492,,,gw_extracted_year_range,,coordinates_resolved,edition_level_print_statement,GW,13345,https://gesamtkatalogderwiegendrucke.de/docs/GW13345.htm,data/derived/prayer-book-corpus.csv,Printing statement shared by copies of the edition.,Neapel,,,print_place-neapel,IT,,,reused_mei_geonames,,https://gesamtkatalogderwiegendrucke.de/docs/GW1333510.htm | https://gesamtkatalogderwiegendrucke.de/docs/GW13337.htm,Neapel,,locality,,
00200582-current,00200582,00200582,ih00369700,ih00369700,current_holding,last,1,1,,,"Paris, Bibliothèque nationale de France",Paris,Paris,GeoNames,2988507,https://www.geonames.org/2988507,48.85341,2.3488,FR,ParisBN,"Paris, Bibliothèque nationale de France",Rés. Vélins 1472,,,,2026-09-30,current_observation_only,,coordinates_resolved,current_holding_statement,MEI,00200582,https://data.cerl.org/mei/00200582,data/expanded/mei-corpus.json,Observed as the current holding institution; no arrival date is inferred.,,,,current_holding-parisbn,FR,Q90,Q193563,cerl_holding_city_to_geonames,"The holding institution is mapped to the same Paris capital record used by MEI provenance places, not to exact building coordinates.",https://data.cerl.org/holdinst/ParisBN,"Paris, Bibliothèque nationale de France",,locality,,
00200581-print,00200581,00200581,ih00369700,ih00369700,print_place,first,0,1,,,Neapel,Naples,Naples,GeoNames,3172394,https://www.geonames.org/3172394,40.85216,14.26811,,,,S. Q. II. A. 24,1492,1492,,,gw_extracted_year_range,,coordinates_resolved,edition_level_print_statement,GW,13345,https://gesamtkatalogderwiegendrucke.de/docs/GW13345.htm,data/derived/prayer-book-corpus.csv,Printing statement shared by copies of the edition.,Neapel,,,print_place-neapel,IT,,,reused_mei_geonames,,https://gesamtkatalogderwiegendrucke.de/docs/GW1333510.htm | https://gesamtkatalogderwiegendrucke.de/docs/GW13337.htm,Neapel,,locality,,
00200581-current,00200581,00200581,ih00369700,ih00369700,current_holding,last,1,1,,,"Napoli, Biblioteca nazionale Vittorio Emanuele III",Naples,Naples,GeoNames,3172394,https://www.geonames.org/3172394,40.85216,14.26811,IT,NapoliN,"Napoli, Biblioteca nazionale Vittorio Emanuele III",S. Q. II. A. 24,,,,2026-09-30,current_observation_only,,coordinates_resolved,current_holding_statement,MEI,00200581,https://data.cerl.org/mei/00200581,data/expanded/mei-corpus.json,Observed as the current holding institution; no arrival date is inferred.,,,,current_holding-napolin,IT,,,cerl_holding_city_to_geonames,"The holding institution is mapped to its city-level GeoNames point, not to building coordinates.",https://data.cerl.org/holdinst/NapoliN,"Napoli, Biblioteca nazionale Vittorio Emanuele III",,locality,,
02125063-print,02125063,02125063,ih00370000,ih00370000,print_place,first,0,1,,,Paris,Paris,Paris,GeoNames,2988507,https://www.geonames.org/2988507,48.85341,2.3488,,,,Zi 8182.3,1491,1492,,,gw_extracted_year_range,,coordinates_resolved,edition_level_print_statement,GW,13148,https://gesamtkatalogderwiegendrucke.de/docs/GW13148.htm,data/derived/prayer-book-corpus.csv,Printing statement shared by copies of the edition.,Paris,,,,FR,,,source_name_and_country_match,Locality-level point reused from source data; no building location or arrival date inferred.,https://data.cerl.org/holdinst/ParisBN,Paris,,locality,,
02125063-current,02125063,02125063,ih00370000,ih00370000,current_holding,last,11,1,,,"New Haven CT, Yale University, Beinecke Library",New Haven,New Haven,GeoNames,4839366,https://www.geonames.org/4839366,41.30815,-72.92816,US,YaleBeinecke,"New Haven CT, Yale University, Beinecke Library",Zi 8182.3,,,,2026-09-30,current_observation_only,,coordinates_resolved,current_holding_statement,MEI,02125063,https://data.cerl.org/mei/02125063,data/expanded/mei-corpus.json,Observed as the current holding institution; no arrival date is inferred.,,,,,US,,,human_review_2026_10_01,Ortszuweisung nach Prüfung durch Stefan Matter (01.10.2026); Kartenpunkt auf Ortsebene.,https://data.cerl.org/mei/02126336,"New Haven CT, Yale University, Beinecke Library",ORT-204DEEFD,locality,,
00203573-print,00203573,00203573,ih00370100,ih00370100,print_place,first,0,1,,,Antwerpen,Antwerp,Antwerp,GeoNames,2803138,https://www.geonames.org/2803138,51.21989,4.40346,,,,Gough Missals 40.,1492,1492,,,gw_extracted_year_range,,coordinates_resolved,edition_level_print_statement,GW,13403,https://gesamtkatalogderwiegendrucke.de/docs/GW13403.htm,data/derived/prayer-book-corpus.csv,Printing statement shared by copies of the edition.,Antwerpen,,,print_place-antwerpen,BE,,,verified_geonames_city,,https://gesamtkatalogderwiegendrucke.de/docs/GW13403.htm,Antwerpen,,locality,,
00203573-current,00203573,00203573,ih00370100,ih00370100,current_holding,last,6,1,,,"Oxford, Bodleian Library",Oxford,Oxford,GeoNames,2640729,https://www.geonames.org/2640729,51.75222,-1.25596,GB,OxfordBodley,"Oxford, Bodleian Library",Gough Missals 40.,,,,2026-09-23,current_observation_only,,coordinates_resolved,current_holding_statement,MEI,00203573,https://data.cerl.org/mei/00203573,data/expanded/mei-corpus.json,Observed as the current holding institution; no arrival date is inferred.,,,,current_holding-oxfordbodley,GB,,Q82133,cerl_holding_city_to_geonames,"The holding institution is mapped to its city-level GeoNames point, not to building coordinates.",https://data.cerl.org/holdinst/OxfordBodley,"Oxford, Bodleian Library",,locality,,
00200583-print,00200583,00200583,ih00370300,ih00370300,print_place,first,0,1,,,Venedig,Venice,Venice,GeoNames,3164603,https://www.geonames.org/3164603,45.43713,12.33265,,,,Inc. 2,1492,1492,,,gw_extracted_year_range,,coordinates_resolved,edition_level_print_statement,GW,13373,https://gesamtkatalogderwiegendrucke.de/docs/GW13373.htm,data/derived/prayer-book-corpus.csv,Printing statement shared by copies of the edition.,Venedig,,,print_place-venedig,IT,,,verified_geonames_city,,https://gesamtkatalogderwiegendrucke.de/docs/GW13360.htm | https://gesamtkatalogderwiegendrucke.de/docs/GW1338820N.htm,Venedig,,locality,,
00200583-current,00200583,00200583,ih00370300,ih00370300,current_holding,last,1,1,,,"Verona, Biblioteca Civica",Verona,Verona,GeoNames,3164527,https://www.geonames.org/3164527,45.43854,10.9938,IT,VeronaC,"Verona, Biblioteca Civica",Inc. 2,,,,2026-09-30,current_observation_only,,coordinates_resolved,current_holding_statement,MEI,00200583,https://data.cerl.org/mei/00200583,data/expanded/mei-corpus.json,Observed as the current holding institution; no arrival date is inferred.,,,,,IT,,,source_name_and_country_match,Locality-level point reused from source data; no building location or arrival date inferred.,https://data.cerl.org/mei/00200622,"Verona, Biblioteca Civica",,locality,,
00211923-print,00211923,00211923,ih00370600,ih00370600,print_place,first,0,1,,,Paris,Paris,Paris,GeoNames,2988507,https://www.geonames.org/2988507,48.85341,2.3488,,,,8° Rawl. 1092.,1493,1493,,,gw_extracted_year_range,,coordinates_resolved,edition_level_print_statement,GW,13073,https://gesamtkatalogderwiegendrucke.de/docs/GW13073.htm,data/derived/prayer-book-corpus.csv,Printing statement shared by copies of the edition.,Paris,,,,FR,,,source_name_and_country_match,Locality-level point reused from source data; no building location or arrival date inferred.,https://data.cerl.org/holdinst/ParisBN,Paris,,locality,,
00211923-current,00211923,00211923,ih00370600,ih00370600,current_holding,last,3,1,,,"Oxford, Bodleian Library",Oxford,Oxford,GeoNames,2640729,https://www.geonames.org/2640729,51.75222,-1.25596,GB,OxfordBodley,"Oxford, Bodleian Library",8° Rawl. 1092.,,,,2026-09-30,current_observation_only,,coordinates_resolved,current_holding_statement,MEI,00211923,https://data.cerl.org/mei/00211923,data/expanded/mei-corpus.json,Observed as the current holding institution; no arrival date is inferred.,,,,current_holding-oxfordbodley,GB,,Q82133,cerl_holding_city_to_geonames,"The holding institution is mapped to its city-level GeoNames point, not to building coordinates.",https://data.cerl.org/holdinst/OxfordBodley,"Oxford, Bodleian Library",,locality,,
00200584-print,00200584,00200584,ih00370950,ih00370950,print_place,first,0,1,,,Venedig,Venice,Venice,GeoNames,3164603,https://www.geonames.org/3164603,45.43713,12.33265,,,,Rés. Vélins 1471,1492,1493,,,gw_extracted_year_range,,coordinates_resolved,edition_level_print_statement,GW,13374,https://gesamtkatalogderwiegendrucke.de/docs/GW13374.htm,data/derived/prayer-book-corpus.csv,Printing statement shared by copies of the edition.,Venedig,,,print_place-venedig,IT,,,verified_geonames_city,,https://gesamtkatalogderwiegendrucke.de/docs/GW13360.htm | https://gesamtkatalogderwiegendrucke.de/docs/GW1338820N.htm,Venedig,,locality,,
00200584-current,00200584,00200584,ih00370950,ih00370950,current_holding,last,1,1,,,"Paris, Bibliothèque nationale de France",Paris,Paris,GeoNames,2988507,https://www.geonames.org/2988507,48.85341,2.3488,FR,ParisBN,"Paris, Bibliothèque nationale de France",Rés. Vélins 1471,,,,2026-09-30,current_observation_only,,coordinates_resolved,current_holding_statement,MEI,00200584,https://data.cerl.org/mei/00200584,data/expanded/mei-corpus.json,Observed as the current holding institution; no arrival date is inferred.,,,,current_holding-parisbn,FR,Q90,Q193563,cerl_holding_city_to_geonames,"The holding institution is mapped to the same Paris capital record used by MEI provenance places, not to exact building coordinates.",https://data.cerl.org/holdinst/ParisBN,"Paris, Bibliothèque nationale de France",,locality,,
00200585-print,00200585,00200585,ih00370950,ih00370950,print_place,first,0,1,,,Venedig,Venice,Venice,GeoNames,3164603,https://www.geonames.org/3164603,45.43713,12.33265,,,,Inc. Ross. 985,1492,1493,,,gw_extracted_year_range,,coordinates_resolved,edition_level_print_statement,GW,13374,https://gesamtkatalogderwiegendrucke.de/docs/GW13374.htm,data/derived/prayer-book-corpus.csv,Printing statement shared by copies of the edition.,Venedig,,,print_place-venedig,IT,,,verified_geonames_city,,https://gesamtkatalogderwiegendrucke.de/docs/GW13360.htm | https://gesamtkatalogderwiegendrucke.de/docs/GW1338820N.htm,Venedig,,locality,,
00200585-current,00200585,00200585,ih00370950,ih00370950,current_holding,last,1,1,,,"Città del Vaticano, Biblioteca Apostolica Vaticana",Vatikan,Vatikan,GeoNames,3164670,https://www.geonames.org/3164670,41.90225,12.4533,VA,VaticanoBAV,"Città del Vaticano, Biblioteca Apostolica Vaticana",Inc. Ross. 985,,,,2026-09-30,current_observation_only,,coordinates_resolved,current_holding_statement,MEI,00200585,https://data.cerl.org/mei/00200585,data/expanded/mei-corpus.json,Observed as the current holding institution; no arrival date is inferred.,,,,,VA,,,human_review_2026_10_01,Ortszuweisung nach Prüfung durch Stefan Matter (01.10.2026); Kartenpunkt auf Ortsebene.,https://data.cerl.org/mei/00200654,"Città del Vaticano, Biblioteca Apostolica Vaticana",ORT-DD656D97,locality,,
00200586-print,00200586,00200586,ih00373300,ih00373300,print_place,first,0,1,,,Venedig,Venice,Venice,GeoNames,3164603,https://www.geonames.org/3164603,45.43713,12.33265,,,,Rés. Vélins 1473,1493,1493,,,gw_extracted_year_range,,coordinates_resolved,edition_level_print_statement,GW,13376,https://gesamtkatalogderwiegendrucke.de/docs/GW13376.htm,data/derived/prayer-book-corpus.csv,Printing statement shared by copies of the edition.,Venedig,,,print_place-venedig,IT,,,verified_geonames_city,,https://gesamtkatalogderwiegendrucke.de/docs/GW13360.htm | https://gesamtkatalogderwiegendrucke.de/docs/GW1338820N.htm,Venedig,,locality,,
00200586-current,00200586,00200586,ih00373300,ih00373300,current_holding,last,1,1,,,"Paris, Bibliothèque nationale de France",Paris,Paris,GeoNames,2988507,https://www.geonames.org/2988507,48.85341,2.3488,FR,ParisBN,"Paris, Bibliothèque nationale de France",Rés. Vélins 1473,,,,2026-09-30,current_observation_only,,coordinates_resolved,current_holding_statement,MEI,00200586,https://data.cerl.org/mei/00200586,data/expanded/mei-corpus.json,Observed as the current holding institution; no arrival date is inferred.,,,,current_holding-parisbn,FR,Q90,Q193563,cerl_holding_city_to_geonames,"The holding institution is mapped to the same Paris capital record used by MEI provenance places, not to exact building coordinates.",https://data.cerl.org/holdinst/ParisBN,"Paris, Bibliothèque nationale de France",,locality,,
00211922-print,00211922,00211922,ih00374000,ih00374000,print_place,first,0,1,,,Paris,Paris,Paris,GeoNames,2988507,https://www.geonames.org/2988507,48.85341,2.3488,,,,8° Rawl. 1098.,1493,1493,,,gw_extracted_year_range,,coordinates_resolved,edition_level_print_statement,GW,13151,https://gesamtkatalogderwiegendrucke.de/docs/GW13151.htm,data/derived/prayer-book-corpus.csv,Printing statement shared by copies of the edition.,Paris,,,,FR,,,source_name_and_country_match,Locality-level point reused from source data; no building location or arrival date inferred.,https://data.cerl.org/holdinst/ParisBN,Paris,,locality,,
00211922-current,00211922,00211922,ih00374000,ih00374000,current_holding,last,3,1,,,"Oxford, Bodleian Library",Oxford,Oxford,GeoNames,2640729,https://www.geonames.org/2640729,51.75222,-1.25596,GB,OxfordBodley,"Oxford, Bodleian Library",8° Rawl. 1098.,,,,2026-09-30,current_observation_only,,coordinates_resolved,current_holding_statement,MEI,00211922,https://data.cerl.org/mei/00211922,data/expanded/mei-corpus.json,Observed as the current holding institution; no arrival date is inferred.,,,,current_holding-oxfordbodley,GB,,Q82133,cerl_holding_city_to_geonames,"The holding institution is mapped to its city-level GeoNames point, not to building coordinates.",https://data.cerl.org/holdinst/OxfordBodley,"Oxford, Bodleian Library",,locality,,
00200226-print,00200226,00200226,ih00374500,ih00374500,print_place,first,0,1,,,Venedig,Venice,Venice,GeoNames,3164603,https://www.geonames.org/3164603,45.43713,12.33265,,,,FOAN TES 678,1494,1494,,,gw_extracted_year_range,,coordinates_resolved,edition_level_print_statement,GW,13378,https://gesamtkatalogderwiegendrucke.de/docs/GW13378.htm,data/derived/prayer-book-corpus.csv,Printing statement shared by copies of the edition.,Venedig,,,print_place-venedig,IT,,,verified_geonames_city,,https://gesamtkatalogderwiegendrucke.de/docs/GW13360.htm | https://gesamtkatalogderwiegendrucke.de/docs/GW1338820N.htm,Venedig,,locality,,
00200226-current,00200226,00200226,ih00374500,ih00374500,current_holding,last,6,1,,,"Venezia, Fondazione Cini",Venice,Venice,GeoNames,3164603,https://www.geonames.org/3164603,45.43713,12.33265,IT,VeneziaFondCini,"Venezia, Fondazione Cini",FOAN TES 678,,,,2026-09-30,current_observation_only,,coordinates_resolved,current_holding_statement,MEI,00200226,https://data.cerl.org/mei/00200226,data/expanded/mei-corpus.json,Observed as the current holding institution; no arrival date is inferred.,,,,,IT,,,source_name_and_country_match,Locality-level point reused from source data; no building location or arrival date inferred.,https://www.geonames.org/3164603,"Venezia, Fondazione Cini",,locality,,
00200598-print,00200598,00200598,ih00374500,ih00374500,print_place,first,0,1,,,Venedig,Venice,Venice,GeoNames,3164603,https://www.geonames.org/3164603,45.43713,12.33265,,,,S. 5. 1. 16,1494,1494,,,gw_extracted_year_range,,coordinates_resolved,edition_level_print_statement,GW,13378,https://gesamtkatalogderwiegendrucke.de/docs/GW13378.htm,data/derived/prayer-book-corpus.csv,Printing statement shared by copies of the edition.,Venedig,,,print_place-venedig,IT,,,verified_geonames_city,,https://gesamtkatalogderwiegendrucke.de/docs/GW13360.htm | https://gesamtkatalogderwiegendrucke.de/docs/GW1338820N.htm,Venedig,,locality,,
00200598-current,00200598,00200598,ih00374500,ih00374500,current_holding,last,1,1,,,"Ferrara, Biblioteca Comunale Ariostea",Ferrara,Ferrara,GeoNames,3177090,https://www.geonames.org/3177090,44.83804,11.62057,IT,FerraraC,"Ferrara, Biblioteca Comunale Ariostea",S. 5. 1. 16,,,,2026-09-30,current_observation_only,,coordinates_resolved,current_holding_statement,MEI,00200598,https://data.cerl.org/mei/00200598,data/expanded/mei-corpus.json,Observed as the current holding institution; no arrival date is inferred.,,,,current_holding-ferrarac,IT,,,cerl_holding_city_to_geonames,"The holding institution is mapped to the Ferrara populated-place record, not to exact building coordinates. The earlier MEI-derived ID 6299592 identifies a bus-terminal/airport feature.",https://data.cerl.org/holdinst/FerraraC,"Ferrara, Biblioteca Comunale Ariostea",,locality,,
00200600-print,00200600,00200600,ih00374500,ih00374500,print_place,first,0,1,,,Venedig,Venice,Venice,GeoNames,3164603,https://www.geonames.org/3164603,45.43713,12.33265,,,,FOAN TES 678 (V B.17),1494,1494,,,gw_extracted_year_range,,coordinates_resolved,edition_level_print_statement,GW,13378,https://gesamtkatalogderwiegendrucke.de/docs/GW13378.htm,data/derived/prayer-book-corpus.csv,Printing statement shared by copies of the edition.,Venedig,,,print_place-venedig,IT,,,verified_geonames_city,,https://gesamtkatalogderwiegendrucke.de/docs/GW13360.htm | https://gesamtkatalogderwiegendrucke.de/docs/GW1338820N.htm,Venedig,,locality,,
00200600-current,00200600,00200600,ih00374500,ih00374500,current_holding,last,1,1,,,"Venezia, Fondazione Cini",Venice,Venice,GeoNames,3164603,https://www.geonames.org/3164603,45.43713,12.33265,IT,VeneziaFondCini,"Venezia, Fondazione Cini",FOAN TES 678 (V B.17),,,,2026-09-30,current_observation_only,,coordinates_resolved,current_holding_statement,MEI,00200600,https://data.cerl.org/mei/00200600,data/expanded/mei-corpus.json,Observed as the current holding institution; no arrival date is inferred.,,,,,IT,,,source_name_and_country_match,Locality-level point reused from source data; no building location or arrival date inferred.,https://www.geonames.org/3164603,"Venezia, Fondazione Cini",,locality,,
00200599-print,00200599,00200599,ih00374500,ih00374500,print_place,first,0,1,,,Venedig,Venice,Venice,GeoNames,3164603,https://www.geonames.org/3164603,45.43713,12.33265,,,,Rés. Vélins 1474,1494,1494,,,gw_extracted_year_range,,coordinates_resolved,edition_level_print_statement,GW,13378,https://gesamtkatalogderwiegendrucke.de/docs/GW13378.htm,data/derived/prayer-book-corpus.csv,Printing statement shared by copies of the edition.,Venedig,,,print_place-venedig,IT,,,verified_geonames_city,,https://gesamtkatalogderwiegendrucke.de/docs/GW13360.htm | https://gesamtkatalogderwiegendrucke.de/docs/GW1338820N.htm,Venedig,,locality,,
00200599-current,00200599,00200599,ih00374500,ih00374500,current_holding,last,1,1,,,"Paris, Bibliothèque nationale de France",Paris,Paris,GeoNames,2988507,https://www.geonames.org/2988507,48.85341,2.3488,FR,ParisBN,"Paris, Bibliothèque nationale de France",Rés. Vélins 1474,,,,2026-09-30,current_observation_only,,coordinates_resolved,current_holding_statement,MEI,00200599,https://data.cerl.org/mei/00200599,data/expanded/mei-corpus.json,Observed as the current holding institution; no arrival date is inferred.,,,,current_holding-parisbn,FR,Q90,Q193563,cerl_holding_city_to_geonames,"The holding institution is mapped to the same Paris capital record used by MEI provenance places, not to exact building coordinates.",https://data.cerl.org/holdinst/ParisBN,"Paris, Bibliothèque nationale de France",,locality,,
02018645-print,02018645,02018645,ih00374500,ih00374500,print_place,first,0,1,,,Venedig,Venice,Venice,GeoNames,3164603,https://www.geonames.org/3164603,45.43713,12.33265,,,,FOAN TES 678,1494,1494,,,gw_extracted_year_range,,coordinates_resolved,edition_level_print_statement,GW,13378,https://gesamtkatalogderwiegendrucke.de/docs/GW13378.htm,data/derived/prayer-book-corpus.csv,Printing statement shared by copies of the edition.,Venedig,,,print_place-venedig,IT,,,verified_geonames_city,,https://gesamtkatalogderwiegendrucke.de/docs/GW13360.htm | https://gesamtkatalogderwiegendrucke.de/docs/GW1338820N.htm,Venedig,,locality,,
02018645-current,02018645,02018645,ih00374500,ih00374500,current_holding,last,7,1,,,"Venezia, Fondazione Cini",Venice,Venice,GeoNames,3164603,https://www.geonames.org/3164603,45.43713,12.33265,IT,VeneziaFondCini,"Venezia, Fondazione Cini",FOAN TES 678,,,,2026-09-30,current_observation_only,,coordinates_resolved,current_holding_statement,MEI,02018645,https://data.cerl.org/mei/02018645,data/expanded/mei-corpus.json,Observed as the current holding institution; no arrival date is inferred.,,,,,IT,,,source_name_and_country_match,Locality-level point reused from source data; no building location or arrival date inferred.,https://www.geonames.org/3164603,"Venezia, Fondazione Cini",,locality,,
02011381-print,02011381,02011381,ih00375000,ih00375000,print_place,first,0,1,,,Paris,Paris,Paris,GeoNames,2988507,https://www.geonames.org/2988507,48.85341,2.3488,,,,INC 73,1493,1493,,,gw_extracted_year_range,,coordinates_resolved,edition_level_print_statement,GW,13294,https://gesamtkatalogderwiegendrucke.de/docs/GW13294.htm,data/derived/prayer-book-corpus.csv,Printing statement shared by copies of the edition.,Paris,,,,FR,,,source_name_and_country_match,Locality-level point reused from source data; no building location or arrival date inferred.,https://data.cerl.org/holdinst/ParisBN,Paris,,locality,,
02011381-p003-loc01,02011381,02011381,ih00375000,ih00375000,provenance_place,intermediate,3,1,02011381-p003,02011381-p003-loc01,London,London,London,GeoNames,2643743,https://www.geonames.org/2643743,51.50853,-0.12574,,,,INC 73,1891,,19,,mei_timeperiod,,coordinates_resolved,copy_level_provenance_place,MEI,02011381-p003,https://data.cerl.org/mei/02011381,data/expanded/mei-corpus.json,,London,,,provenance_place-london,GB,,,reused_mei_geonames,,https://data.cerl.org/mei/00200533,London,,locality,,
02011381-current,02011381,02011381,ih00375000,ih00375000,current_holding,last,4,1,,,"London, Guildhall Library",London,London,GeoNames,2643743,https://www.geonames.org/2643743,51.50853,-0.12574,GB,LondonGuildhallLibrary,"London, Guildhall Library",INC 73,,,,2026-09-30,current_observation_only,,coordinates_resolved,current_holding_statement,MEI,02011381,https://data.cerl.org/mei/02011381,data/expanded/mei-corpus.json,Observed as the current holding institution; no arrival date is inferred.,,,,,GB,,,source_name_and_country_match,Locality-level point reused from source data; no building location or arrival date inferred.,https://data.cerl.org/holdinst/LondonLambeth,"London, Guildhall Library",,locality,,
02013677-print,02013677,02013677,ih00375000,ih00375000,print_place,first,0,1,,,Paris,Paris,Paris,GeoNames,2988507,https://www.geonames.org/2988507,48.85341,2.3488,,,,5942.247,1493,1493,,,gw_extracted_year_range,,coordinates_resolved,edition_level_print_statement,GW,13294,https://gesamtkatalogderwiegendrucke.de/docs/GW13294.htm,data/derived/prayer-book-corpus.csv,Printing statement shared by copies of the edition.,Paris,,,,FR,,,source_name_and_country_match,Locality-level point reused from source data; no building location or arrival date inferred.,https://data.cerl.org/holdinst/ParisBN,Paris,,locality,,
02013677-current,02013677,02013677,ih00375000,ih00375000,current_holding,last,3,1,,,"Princeton NJ, Princeton University, Firestone Library, Rare Book Division",Princeton,Princeton,GeoNames,5102922,https://www.geonames.org/5102922,40.34872,-74.65905,US,PrincetonUL,"Princeton NJ, Princeton University, Firestone Library, Rare Book Division",5942.247,,,,2026-09-30,current_observation_only,,coordinates_resolved,current_holding_statement,MEI,02013677,https://data.cerl.org/mei/02013677,data/expanded/mei-corpus.json,Observed as the current holding institution; no arrival date is inferred.,,,,current_holding-princetonul,US,,,cerl_holding_city_to_geonames,"The holding institution is mapped to its city-level GeoNames point, not to building coordinates.",https://data.cerl.org/holdinst/PrincetonUL,"Princeton NJ, Princeton University, Firestone Library, Rare Book Division",,locality,,
00202346-print,00202346,00202346,ih00375300,ih00375300,print_place,first,0,1,,,Paris,Paris,Paris,GeoNames,2988507,https://www.geonames.org/2988507,48.85341,2.3488,,,,Inc. 149,1493,1493,,,gw_extracted_year_range,,coordinates_resolved,edition_level_print_statement,GW,13140,https://gesamtkatalogderwiegendrucke.de/docs/GW13140.htm,data/derived/prayer-book-corpus.csv,Printing statement shared by copies of the edition.,Paris,,,,FR,,,source_name_and_country_match,Locality-level point reused from source data; no building location or arrival date inferred.,https://data.cerl.org/holdinst/ParisBN,Paris,,locality,,
00202346-current,00202346,00202346,ih00375300,ih00375300,current_holding,last,1,1,,,"Mantova, Biblioteca Comunale Teresiana",Mantova,Mantova,GeoNames,3174051,https://www.geonames.org/3174051,45.16031,10.79784,IT,MantovaC,"Mantova, Biblioteca Comunale Teresiana",Inc. 149,,,,2026-09-30,current_observation_only,,coordinates_resolved,current_holding_statement,MEI,00202346,https://data.cerl.org/mei/00202346,data/expanded/mei-corpus.json,Observed as the current holding institution; no arrival date is inferred.,,,,current_holding-mantovac,IT,,,cerl_holding_city_to_geonames,"The holding institution is mapped to its city-level GeoNames point, not to building coordinates.",https://data.cerl.org/holdinst/MantovaC,"Mantova, Biblioteca Comunale Teresiana",,locality,,
00200591-print,00200591,00200591,ih00375500,ih00375500,print_place,first,0,1,,,Venedig,Venice,Venice,GeoNames,3164603,https://www.geonames.org/3164603,45.43713,12.33265,,,,[alfa]. C. 7. 20,,,,,gw_date_not_yet_extracted,,coordinates_resolved,edition_level_print_statement,GW,13375,https://gesamtkatalogderwiegendrucke.de/docs/GW13375.htm,data/derived/prayer-book-corpus.csv,Printing statement shared by copies of the edition.,Venedig,,,print_place-venedig,IT,,,verified_geonames_city,,https://gesamtkatalogderwiegendrucke.de/docs/GW13360.htm | https://gesamtkatalogderwiegendrucke.de/docs/GW1338820N.htm,Venedig,,locality,,
00200591-current,00200591,00200591,ih00375500,ih00375500,current_holding,last,1,1,,,"Modena, Biblioteca Estense Universitaria",Modena,Modena,GeoNames,3173331,https://www.geonames.org/3173331,44.64783,10.92539,IT,ModenaEst,"Modena, Biblioteca Estense Universitaria",[alfa]. C. 7. 20,,,,2026-09-30,current_observation_only,,coordinates_resolved,current_holding_statement,MEI,00200591,https://data.cerl.org/mei/00200591,data/expanded/mei-corpus.json,Observed as the current holding institution; no arrival date is inferred.,,,,current_holding-modenaest,IT,Q279,,cerl_holding_city_to_geonames,"The holding institution is mapped to its city-level GeoNames point, not to building coordinates.",https://data.cerl.org/holdinst/ModenaEst,"Modena, Biblioteca Estense Universitaria",,locality,,
02000343-print,02000343,02000343,ih00375500,ih00375500,print_place,first,0,1,,,Venedig,Venice,Venice,GeoNames,3164603,https://www.geonames.org/3164603,45.43713,12.33265,,,,FOAN TES 970,,,,,gw_date_not_yet_extracted,,coordinates_resolved,edition_level_print_statement,GW,13375,https://gesamtkatalogderwiegendrucke.de/docs/GW13375.htm,data/derived/prayer-book-corpus.csv,Printing statement shared by copies of the edition.,Venedig,,,print_place-venedig,IT,,,verified_geonames_city,,https://gesamtkatalogderwiegendrucke.de/docs/GW13360.htm | https://gesamtkatalogderwiegendrucke.de/docs/GW1338820N.htm,Venedig,,locality,,
02000343-p006-loc01,02000343,02000343,ih00375500,ih00375500,provenance_place,intermediate,6,1,02000343-p006,02000343-p006-loc01,Venedig,Venedig,Venedig,GeoNames,3164603,https://www.geonames.org/3164603,45.43713,12.33265,,,,FOAN TES 970,1951,,20,,mei_timeperiod,a,coordinates_resolved,copy_level_provenance_place,MEI,02000343-p006,https://data.cerl.org/mei/02000343,data/expanded/mei-corpus.json,,Venezia,,,,IT,,,human_review_2026_10_01,Ortszuweisung nach Prüfung durch Stefan Matter (01.10.2026); Kartenpunkt auf Ortsebene.,https://data.cerl.org/mei/02000020,Venezia,ORT-64ED3113,locality,,
02000343-current,02000343,02000343,ih00375500,ih00375500,current_holding,last,7,1,,,"Venezia, Fondazione Cini",Venice,Venice,GeoNames,3164603,https://www.geonames.org/3164603,45.43713,12.33265,IT,VeneziaFondCini,"Venezia, Fondazione Cini",FOAN TES 970,,,,2026-09-30,current_observation_only,,coordinates_resolved,current_holding_statement,MEI,02000343,https://data.cerl.org/mei/02000343,data/expanded/mei-corpus.json,Observed as the current holding institution; no arrival date is inferred.,,,,,IT,,,source_name_and_country_match,Locality-level point reused from source data; no building location or arrival date inferred.,https://www.geonames.org/3164603,"Venezia, Fondazione Cini",,locality,,
00200588-print,00200588,00200588,ih00375500,ih00375500,print_place,first,0,1,,,Venedig,Venice,Venice,GeoNames,3164603,https://www.geonames.org/3164603,45.43713,12.33265,,,,Typ Inc 5190,,,,,gw_date_not_yet_extracted,,coordinates_resolved,edition_level_print_statement,GW,13375,https://gesamtkatalogderwiegendrucke.de/docs/GW13375.htm,data/derived/prayer-book-corpus.csv,Printing statement shared by copies of the edition.,Venedig,,,print_place-venedig,IT,,,verified_geonames_city,,https://gesamtkatalogderwiegendrucke.de/docs/GW13360.htm | https://gesamtkatalogderwiegendrucke.de/docs/GW1338820N.htm,Venedig,,locality,,
00200588-current,00200588,00200588,ih00375500,ih00375500,current_holding,last,6,1,,,"Cambridge MA, Harvard University, Houghton Library",Cambridge (Massachusetts),Cambridge (Massachusetts),GeoNames,4931972,https://www.geonames.org/4931972,42.37510,-71.10561,US,HarvardHoughton,"Cambridge MA, Harvard University, Houghton Library",Typ Inc 5190,,,,2026-09-30,current_observation_only,,coordinates_resolved,current_holding_statement,MEI,00200588,https://data.cerl.org/mei/00200588,data/expanded/mei-corpus.json,Observed as the current holding institution; no arrival date is inferred.,,,,current_holding-harvardhoughton,US,Q49111,,cerl_holding_city_to_geonames,"The holding institution is mapped to its city-level GeoNames point, not to building coordinates.",https://data.cerl.org/holdinst/HarvardHoughton,"Cambridge MA, Harvard University, Houghton Library",,locality,,
00200587-print,00200587,00200587,ih00375500,ih00375500,print_place,first,0,1,,,Venedig,Venice,Venice,GeoNames,3164603,https://www.geonames.org/3164603,45.43713,12.33265,,,,Inc. 7. B. 3.97 [1707],,,,,gw_date_not_yet_extracted,,coordinates_resolved,edition_level_print_statement,GW,13375,https://gesamtkatalogderwiegendrucke.de/docs/GW13375.htm,data/derived/prayer-book-corpus.csv,Printing statement shared by copies of the edition.,Venedig,,,print_place-venedig,IT,,,verified_geonames_city,,https://gesamtkatalogderwiegendrucke.de/docs/GW13360.htm | https://gesamtkatalogderwiegendrucke.de/docs/GW1338820N.htm,Venedig,,locality,,
00200587-current,00200587,00200587,ih00375500,ih00375500,current_holding,last,4,1,,,"Cambridge, University Library",Cambridge,Cambridge,GeoNames,2653941,https://www.geonames.org/2653941,52.2,0.11667,GB,CambridgeUL,"Cambridge, University Library",Inc. 7. B. 3.97 [1707],,,,2026-09-30,current_observation_only,,coordinates_resolved,current_holding_statement,MEI,00200587,https://data.cerl.org/mei/00200587,data/expanded/mei-corpus.json,Observed as the current holding institution; no arrival date is inferred.,,,,current_holding-cambridgeul,GB,,Q1028334,cerl_holding_city_to_geonames,"The holding institution is mapped to its city-level GeoNames point, not to building coordinates.",https://data.cerl.org/holdinst/CambridgeUL,"Cambridge, University Library",,locality,,
00200589-print,00200589,00200589,ih00375500,ih00375500,print_place,first,0,1,,,Venedig,Venice,Venice,GeoNames,3164603,https://www.geonames.org/3164603,45.43713,12.33265,,,,IA.23361,,,,,gw_date_not_yet_extracted,,coordinates_resolved,edition_level_print_statement,GW,13375,https://gesamtkatalogderwiegendrucke.de/docs/GW13375.htm,data/derived/prayer-book-corpus.csv,Printing statement shared by copies of the edition.,Venedig,,,print_place-venedig,IT,,,verified_geonames_city,,https://gesamtkatalogderwiegendrucke.de/docs/GW13360.htm | https://gesamtkatalogderwiegendrucke.de/docs/GW1338820N.htm,Venedig,,locality,,
00200589-p004-loc01,00200589,00200589,ih00375500,ih00375500,provenance_place,intermediate,4,1,00200589-p004,00200589-p004-loc01,Paris,Paris,Paris,GeoNames,2988507,https://www.geonames.org/2988507,48.85341,2.3488,France,,,IA.23361,1859,1876,19,,mei_timeperiod,a,coordinates_resolved,copy_level_provenance_place,MEI,00200589-p004,https://data.cerl.org/mei/00200589,data/expanded/mei-corpus.json,,Paris,48.85341,2.3488,provenance_place-paris,FR,Q90,,normalised_geonames_city,MEI uses two different GeoNames records for Paris in the pilot; the analytical map layer consistently uses the capital record 2988507.,https://data.cerl.org/mei/02003992 | https://data.cerl.org/mei/02004013 | https://data.cerl.org/mei/02004012 | https://data.cerl.org/mei/02003961,Paris,,locality,,
00200589-current,00200589,00200589,ih00375500,ih00375500,current_holding,last,6,1,,,"London, British Library",London,London,GeoNames,2643743,https://www.geonames.org/2643743,51.50853,-0.12574,GB,LondonBL,"London, British Library",IA.23361,,,,2026-09-30,current_observation_only,,coordinates_resolved,current_holding_statement,MEI,00200589,https://data.cerl.org/mei/00200589,data/expanded/mei-corpus.json,Observed as the current holding institution; no arrival date is inferred.,,,,current_holding-londonbl,GB,,Q23308,cerl_holding_city_to_geonames,"The holding institution is mapped to its city-level GeoNames point, not to building coordinates.",https://data.cerl.org/holdinst/LondonBL,"London, British Library",,locality,,
00200590-print,00200590,00200590,ih00375500,ih00375500,print_place,first,0,1,,,Venedig,Venice,Venice,GeoNames,3164603,https://www.geonames.org/3164603,45.43713,12.33265,,,,IA.23362,,,,,gw_date_not_yet_extracted,,coordinates_resolved,edition_level_print_statement,GW,13375,https://gesamtkatalogderwiegendrucke.de/docs/GW13375.htm,data/derived/prayer-book-corpus.csv,Printing statement shared by copies of the edition.,Venedig,,,print_place-venedig,IT,,,verified_geonames_city,,https://gesamtkatalogderwiegendrucke.de/docs/GW13360.htm | https://gesamtkatalogderwiegendrucke.de/docs/GW1338820N.htm,Venedig,,locality,,
00200590-current,00200590,00200590,ih00375500,ih00375500,current_holding,last,3,1,,,"London, British Library",London,London,GeoNames,2643743,https://www.geonames.org/2643743,51.50853,-0.12574,GB,LondonBL,"London, British Library",IA.23362,,,,2026-09-30,current_observation_only,,coordinates_resolved,current_holding_statement,MEI,00200590,https://data.cerl.org/mei/00200590,data/expanded/mei-corpus.json,Observed as the current holding institution; no arrival date is inferred.,,,,current_holding-londonbl,GB,,Q23308,cerl_holding_city_to_geonames,"The holding institution is mapped to its city-level GeoNames point, not to building coordinates.",https://data.cerl.org/holdinst/LondonBL,"London, British Library",,locality,,
02123919-print,02123919,02123919,ih00376000,ih00376000,print_place,first,0,1,,,Paris,Paris,Paris,GeoNames,2988507,https://www.geonames.org/2988507,48.85341,2.3488,,,,Op.P.D. 28581,1494,1494,,,gw_extracted_year_range,,coordinates_resolved,edition_level_print_statement,GW,13177,https://gesamtkatalogderwiegendrucke.de/docs/GW13177.htm,data/derived/prayer-book-corpus.csv,Printing statement shared by copies of the edition.,Paris,,,,FR,,,source_name_and_country_match,Locality-level point reused from source data; no building location or arrival date inferred.,https://data.cerl.org/holdinst/ParisBN,Paris,,locality,,
02123919-current,02123919,02123919,ih00376000,ih00376000,current_holding,last,3,1,,,"Venezia, Biblioteca del Museo Correr",Venice,Venice,GeoNames,3164603,https://www.geonames.org/3164603,45.43713,12.33265,IT,VeneziaC,"Venezia, Biblioteca del Museo Correr",Op.P.D. 28581,,,,2026-09-30,current_observation_only,,coordinates_resolved,current_holding_statement,MEI,02123919,https://data.cerl.org/mei/02123919,data/expanded/mei-corpus.json,Observed as the current holding institution; no arrival date is inferred.,,,,,IT,,,source_name_and_country_match,Locality-level point reused from source data; no building location or arrival date inferred.,https://www.geonames.org/3164603,"Venezia, Biblioteca del Museo Correr",,locality,,
00204184-print,00204184,00204184,ih00377300,ih00377300,print_place,first,0,1,,,Venedig,Venice,Venice,GeoNames,3164603,https://www.geonames.org/3164603,45.43713,12.33265,,,,Inc. g. I4.1494.1.,1494,1494,,,gw_extracted_year_range,,coordinates_resolved,edition_level_print_statement,GW,13379,https://gesamtkatalogderwiegendrucke.de/docs/GW13379.htm,data/derived/prayer-book-corpus.csv,Printing statement shared by copies of the edition.,Venedig,,,print_place-venedig,IT,,,verified_geonames_city,,https://gesamtkatalogderwiegendrucke.de/docs/GW13360.htm | https://gesamtkatalogderwiegendrucke.de/docs/GW1338820N.htm,Venedig,,locality,,
00204184-current,00204184,00204184,ih00377300,ih00377300,current_holding,last,3,1,,,"Oxford, Bodleian Library",Oxford,Oxford,GeoNames,2640729,https://www.geonames.org/2640729,51.75222,-1.25596,GB,OxfordBodley,"Oxford, Bodleian Library",Inc. g. I4.1494.1.,,,,2026-09-30,current_observation_only,,coordinates_resolved,current_holding_statement,MEI,00204184,https://data.cerl.org/mei/00204184,data/expanded/mei-corpus.json,Observed as the current holding institution; no arrival date is inferred.,,,,current_holding-oxfordbodley,GB,,Q82133,cerl_holding_city_to_geonames,"The holding institution is mapped to its city-level GeoNames point, not to building coordinates.",https://data.cerl.org/holdinst/OxfordBodley,"Oxford, Bodleian Library",,locality,,
00200601-print,00200601,00200601,ih00377300,ih00377300,print_place,first,0,1,,,Venedig,Venice,Venice,GeoNames,3164603,https://www.geonames.org/3164603,45.43713,12.33265,,,,Inc.g.I4.1494.1,1494,1494,,,gw_extracted_year_range,,coordinates_resolved,edition_level_print_statement,GW,13379,https://gesamtkatalogderwiegendrucke.de/docs/GW13379.htm,data/derived/prayer-book-corpus.csv,Printing statement shared by copies of the edition.,Venedig,,,print_place-venedig,IT,,,verified_geonames_city,,https://gesamtkatalogderwiegendrucke.de/docs/GW13360.htm | https://gesamtkatalogderwiegendrucke.de/docs/GW1338820N.htm,Venedig,,locality,,
00200601-current,00200601,00200601,ih00377300,ih00377300,current_holding,last,1,1,,,"Oxford, Bodleian Library",Oxford,Oxford,GeoNames,2640729,https://www.geonames.org/2640729,51.75222,-1.25596,GB,OxfordBodley,"Oxford, Bodleian Library",Inc.g.I4.1494.1,,,,2026-09-30,current_observation_only,,coordinates_resolved,current_holding_statement,MEI,00200601,https://data.cerl.org/mei/00200601,data/expanded/mei-corpus.json,Observed as the current holding institution; no arrival date is inferred.,,,,current_holding-oxfordbodley,GB,,Q82133,cerl_holding_city_to_geonames,"The holding institution is mapped to its city-level GeoNames point, not to building coordinates.",https://data.cerl.org/holdinst/OxfordBodley,"Oxford, Bodleian Library",,locality,,
02015305-print,02015305,02015305,ih00377400,ih00377400,print_place,first,0,1,,,Paris,Paris,Paris,GeoNames,2988507,https://www.geonames.org/2988507,48.85341,2.3488,,,,IA.40673,1494,1494,,,gw_extracted_year_range,,coordinates_resolved,edition_level_print_statement,GW,13061,https://gesamtkatalogderwiegendrucke.de/docs/GW13061.htm,data/derived/prayer-book-corpus.csv,Printing statement shared by copies of the edition.,Paris,,,,FR,,,source_name_and_country_match,Locality-level point reused from source data; no building location or arrival date inferred.,https://data.cerl.org/holdinst/ParisBN,Paris,,locality,,
02015305-p001-loc01,02015305,02015305,ih00377400,ih00377400,provenance_place,intermediate,1,1,02015305-p001,02015305-p001-loc01,Paris,Paris,Paris,GeoNames,2988507,https://www.geonames.org/2988507,48.85341,2.3488,France,,,IA.40673,1494,1525,15 | 16,,mei_timeperiod,b,coordinates_resolved,copy_level_provenance_place,MEI,02015305-p001,https://data.cerl.org/mei/02015305,data/expanded/mei-corpus.json,,Paris,48.85341,2.3488,provenance_place-paris,FR,Q90,,normalised_geonames_city,MEI uses two different GeoNames records for Paris in the pilot; the analytical map layer consistently uses the capital record 2988507.,https://data.cerl.org/mei/02003992 | https://data.cerl.org/mei/02004013 | https://data.cerl.org/mei/02004012 | https://data.cerl.org/mei/02003961,Paris,,locality,,
02015305-current,02015305,02015305,ih00377400,ih00377400,current_holding,last,9,1,,,"London, British Library",London,London,GeoNames,2643743,https://www.geonames.org/2643743,51.50853,-0.12574,GB,LondonBL,"London, British Library",IA.40673,,,,2026-09-30,current_observation_only,,coordinates_resolved,current_holding_statement,MEI,02015305,https://data.cerl.org/mei/02015305,data/expanded/mei-corpus.json,Observed as the current holding institution; no arrival date is inferred.,,,,current_holding-londonbl,GB,,Q23308,cerl_holding_city_to_geonames,"The holding institution is mapped to its city-level GeoNames point, not to building coordinates.",https://data.cerl.org/holdinst/LondonBL,"London, British Library",,locality,,
00200608-print,00200608,00200608,ih00377550,ih00377550,print_place,first,0,1,,,Turin,Turin,Turin,GeoNames,3165524,https://www.geonames.org/3165524,45.07049,7.68682,,,,918.8 Theol.,1495,1495,,,gw_extracted_year_range,,coordinates_resolved,edition_level_print_statement,GW,13354,https://gesamtkatalogderwiegendrucke.de/docs/GW13354.htm,data/derived/prayer-book-corpus.csv,Printing statement shared by copies of the edition.,Turin,,,,IT,,,source_name_and_country_match,Locality-level point reused from source data; no building location or arrival date inferred.,https://www.geonames.org/3165524,Turin,,locality,,
00200608-current,00200608,00200608,ih00377550,ih00377550,current_holding,last,1,1,,,"Wolfenbüttel, Herzog August Bibliothek",Wolfenbüttel,Wolfenbüttel,GeoNames,2806914,https://www.geonames.org/2806914,52.16442,10.54095,DE,WolfenbuettelHAB,"Wolfenbüttel, Herzog August Bibliothek",918.8 Theol.,,,,2026-09-30,current_observation_only,,coordinates_resolved,current_holding_statement,MEI,00200608,https://data.cerl.org/mei/00200608,data/expanded/mei-corpus.json,Observed as the current holding institution; no arrival date is inferred.,,,,,DE,,,source_name_and_country_match,Locality-level point reused from source data; no building location or arrival date inferred.,https://data.cerl.org/mei/02130968,"Wolfenbüttel, Herzog August Bibliothek",,locality,,
02003117-print,02003117,02003117,ih00377600,ih00377600,print_place,first,0,1,,,Paris,Paris,Paris,GeoNames,2988507,https://www.geonames.org/2988507,48.85341,2.3488,,,,Inc.C.VII.18,1495,1496,,,gw_extracted_year_range,,coordinates_resolved,edition_level_print_statement,GW,13186,https://gesamtkatalogderwiegendrucke.de/docs/GW13186.htm,data/derived/prayer-book-corpus.csv,Printing statement shared by copies of the edition.,Paris,,,,FR,,,source_name_and_country_match,Locality-level point reused from source data; no building location or arrival date inferred.,https://data.cerl.org/holdinst/ParisBN,Paris,,locality,,
02003117-current,02003117,02003117,ih00377600,ih00377600,current_holding,last,2,1,,,"Brescia, Biblioteca Queriniana",Brescia,Brescia,GeoNames,3181554,https://www.geonames.org/3181554,45.53558,10.21472,IT,BresciaC,"Brescia, Biblioteca Queriniana",Inc.C.VII.18,,,,2026-09-30,current_observation_only,,coordinates_resolved,current_holding_statement,MEI,02003117,https://data.cerl.org/mei/02003117,data/expanded/mei-corpus.json,Observed as the current holding institution; no arrival date is inferred.,,,,,IT,,,source_name_and_country_match,Locality-level point reused from source data; no building location or arrival date inferred.,https://data.cerl.org/mei/00201995,"Brescia, Biblioteca Queriniana",,locality,,
00200610-print,00200610,00200610,ih00377800,ih00377800,print_place,first,0,1,,,Neapel,Naples,Naples,GeoNames,3172394,https://www.geonames.org/3172394,40.85216,14.26811,,,,Inc. 3175.20,1495,1495,,,gw_extracted_year_range,,coordinates_resolved,edition_level_print_statement,GW,13346,https://gesamtkatalogderwiegendrucke.de/docs/GW13346.htm,data/derived/prayer-book-corpus.csv,Printing statement shared by copies of the edition.,Neapel,,,print_place-neapel,IT,,,reused_mei_geonames,,https://gesamtkatalogderwiegendrucke.de/docs/GW1333510.htm | https://gesamtkatalogderwiegendrucke.de/docs/GW13337.htm,Neapel,,locality,,
00200610-current,00200610,00200610,ih00377800,ih00377800,current_holding,last,1,1,,,"Berlin, Staatsbibliothek",Berlin,Berlin,GeoNames,2950159,https://www.geonames.org/2950159,52.52437,13.41053,DE,BerlinSB,"Berlin, Staatsbibliothek",Inc. 3175.20,,,,2026-09-30,current_observation_only,,coordinates_resolved,current_holding_statement,MEI,00200610,https://data.cerl.org/mei/00200610,data/expanded/mei-corpus.json,Observed as the current holding institution; no arrival date is inferred.,,,,current_holding-berlinsb,DE,,Q170109,cerl_holding_city_to_geonames,"The holding institution is mapped to its city-level GeoNames point, not to building coordinates.",https://data.cerl.org/holdinst/BerlinSB,"Berlin, Staatsbibliothek",,locality,,
00200611-print,00200611,00200611,ih00377800,ih00377800,print_place,first,0,1,,,Neapel,Naples,Naples,GeoNames,3172394,https://www.geonames.org/3172394,40.85216,14.26811,,,,Inc. Parm. 638,1495,1495,,,gw_extracted_year_range,,coordinates_resolved,edition_level_print_statement,GW,13346,https://gesamtkatalogderwiegendrucke.de/docs/GW13346.htm,data/derived/prayer-book-corpus.csv,Printing statement shared by copies of the edition.,Neapel,,,print_place-neapel,IT,,,reused_mei_geonames,,https://gesamtkatalogderwiegendrucke.de/docs/GW1333510.htm | https://gesamtkatalogderwiegendrucke.de/docs/GW13337.htm,Neapel,,locality,,
00200611-current,00200611,00200611,ih00377800,ih00377800,current_holding,last,1,1,,,"Parma, Biblioteca Palatina",Parma,Parma,GeoNames,3171457,https://www.geonames.org/3171457,44.79935,10.32618,IT,ParmaPal,"Parma, Biblioteca Palatina",Inc. Parm. 638,,,,2026-09-30,current_observation_only,,coordinates_resolved,current_holding_statement,MEI,00200611,https://data.cerl.org/mei/00200611,data/expanded/mei-corpus.json,Observed as the current holding institution; no arrival date is inferred.,,,,,IT,,,source_name_and_country_match,Locality-level point reused from source data; no building location or arrival date inferred.,https://data.cerl.org/mei/00200652,"Parma, Biblioteca Palatina",,locality,,
02005124-print,02005124,02005124,ih00378000,ih00378000,print_place,first,0,1,,,Paris,Paris,Paris,GeoNames,2988507,https://www.geonames.org/2988507,48.85341,2.3488,,,,Triv. Inc. C 52,1495,1495,,,gw_extracted_year_range,,coordinates_resolved,edition_level_print_statement,GW,13306,https://gesamtkatalogderwiegendrucke.de/docs/GW13306.htm,data/derived/prayer-book-corpus.csv,Printing statement shared by copies of the edition.,Paris,,,,FR,,,source_name_and_country_match,Locality-level point reused from source data; no building location or arrival date inferred.,https://data.cerl.org/holdinst/ParisBN,Paris,,locality,,
02005124-current,02005124,02005124,ih00378000,ih00378000,current_holding,last,1,1,,,"Milano, Archivio Storico Civico e Biblioteca Trivulziana",Milan,Milan,GeoNames,3173435,https://www.geonames.org/3173435,45.46427,9.18951,IT,MilanoTriv,"Milano, Archivio Storico Civico e Biblioteca Trivulziana",Triv. Inc. C 52,,,,2026-09-30,current_observation_only,,coordinates_resolved,current_holding_statement,MEI,02005124,https://data.cerl.org/mei/02005124,data/expanded/mei-corpus.json,Observed as the current holding institution; no arrival date is inferred.,,,,,IT,,,source_name_and_country_match,Locality-level point reused from source data; no building location or arrival date inferred.,https://www.geonames.org/3173435,"Milano, Archivio Storico Civico e Biblioteca Trivulziana",,locality,,
00200579-print,00200579,00200579,ih00378250,ih00378250,print_place,first,0,1,,,Venedig,Venedig,Venedig,GeoNames,3164603,https://www.geonames.org/3164603,45.43713,12.33265,,,,Inc. VI. 33,1495,1495,,,gw_extracted_year_range,,coordinates_resolved,edition_level_print_statement,GW,13397,https://gesamtkatalogderwiegendrucke.de/docs/GW13397.htm,data/derived/prayer-book-corpus.csv,Printing statement shared by copies of the edition.,Venedig(?),,,,IT,,,human_review_2026_10_01,Ortszuweisung nach Prüfung durch Stefan Matter (01.10.2026); Kartenpunkt auf Ortsebene. Quellenangabe: Venedig(?). Alternative bzw. Unsicherheit bleibt bestehen.,https://data.cerl.org/mei/02000020,Venedig(?),ORT-AEFF3068,locality,Unsichere Ortszuweisung; für die Karte gewählt,
00200579-current,00200579,00200579,ih00378250,ih00378250,current_holding,last,1,1,,,"Città del Vaticano, Biblioteca Apostolica Vaticana",Vatikan,Vatikan,GeoNames,3164670,https://www.geonames.org/3164670,41.90225,12.4533,VA,VaticanoBAV,"Città del Vaticano, Biblioteca Apostolica Vaticana",Inc. VI. 33,,,,2026-09-30,current_observation_only,,coordinates_resolved,current_holding_statement,MEI,00200579,https://data.cerl.org/mei/00200579,data/expanded/mei-corpus.json,Observed as the current holding institution; no arrival date is inferred.,,,,,VA,,,human_review_2026_10_01,Ortszuweisung nach Prüfung durch Stefan Matter (01.10.2026); Kartenpunkt auf Ortsebene.,https://data.cerl.org/mei/00200654,"Città del Vaticano, Biblioteca Apostolica Vaticana",ORT-DD656D97,locality,,
00200614-print,00200614,00200614,ih00378300,ih00378300,print_place,first,0,1,,,Neapel,Naples,Naples,GeoNames,3172394,https://www.geonames.org/3172394,40.85216,14.26811,,,,"ChL 1238, Accession no. 464",1496,1496,,,gw_extracted_year_range,,coordinates_resolved,edition_level_print_statement,GW,13347,https://gesamtkatalogderwiegendrucke.de/docs/GW13347.htm,data/derived/prayer-book-corpus.csv,Printing statement shared by copies of the edition.,Neapel,,,print_place-neapel,IT,,,reused_mei_geonames,,https://gesamtkatalogderwiegendrucke.de/docs/GW1333510.htm | https://gesamtkatalogderwiegendrucke.de/docs/GW13337.htm,Neapel,,locality,,
00200614-current,00200614,00200614,ih00378300,ih00378300,current_holding,last,1,1,,,"New York NY, The Morgan Library and Museum",New York,New York,GeoNames,5128581,https://www.geonames.org/5128581,40.71427,-74.00597,US,NewYorkNYPierpontMorganLibrary,"New York NY, The Morgan Library and Museum","ChL 1238, Accession no. 464",,,,2026-09-30,current_observation_only,,coordinates_resolved,current_holding_statement,MEI,00200614,https://data.cerl.org/mei/00200614,data/expanded/mei-corpus.json,Observed as the current holding institution; no arrival date is inferred.,,,,current_holding-newyorknypierpontmorganlibrary,US,,,cerl_holding_city_to_geonames,"The holding institution is mapped to its city-level GeoNames point, not to building coordinates.",https://data.cerl.org/holdinst/NewYorkNYPierpontMorganLibrary,"New York NY, The Morgan Library and Museum",,locality,,
00200615-print,00200615,00200615,ih00378400,ih00378400,print_place,first,0,1,,,Neapel,Naples,Naples,GeoNames,3172394,https://www.geonames.org/3172394,40.85216,14.26811,,,,I. 73,1496,1496,,,gw_extracted_year_range,,coordinates_resolved,edition_level_print_statement,GW,13348,https://gesamtkatalogderwiegendrucke.de/docs/GW13348.htm,data/derived/prayer-book-corpus.csv,Printing statement shared by copies of the edition.,Neapel,,,print_place-neapel,IT,,,reused_mei_geonames,,https://gesamtkatalogderwiegendrucke.de/docs/GW1333510.htm | https://gesamtkatalogderwiegendrucke.de/docs/GW13337.htm,Neapel,,locality,,
00200615-current,00200615,00200615,ih00378400,ih00378400,current_holding,last,1,1,,,"Salamanca, Biblioteca General Histórica de la Universidad",Salamanca,Salamanca,GeoNames,3111108,https://www.geonames.org/3111108,40.96882,-5.66388,ES,SalamancaBU,"Salamanca, Biblioteca General Histórica de la Universidad",I. 73,,,,2026-09-30,current_observation_only,,coordinates_resolved,current_holding_statement,MEI,00200615,https://data.cerl.org/mei/00200615,data/expanded/mei-corpus.json,Observed as the current holding institution; no arrival date is inferred.,,,,,ES,,,source_name_and_country_match,Locality-level point reused from source data; no building location or arrival date inferred.,https://data.cerl.org/mei/02125950,"Salamanca, Biblioteca General Histórica de la Universidad",,locality,,
00200616-print,00200616,00200616,ih00378400,ih00378400,print_place,first,0,1,,,Neapel,Naples,Naples,GeoNames,3172394,https://www.geonames.org/3172394,40.85216,14.26811,,,,101432,1496,1496,,,gw_extracted_year_range,,coordinates_resolved,edition_level_print_statement,GW,13348,https://gesamtkatalogderwiegendrucke.de/docs/GW13348.htm,data/derived/prayer-book-corpus.csv,Printing statement shared by copies of the edition.,Neapel,,,print_place-neapel,IT,,,reused_mei_geonames,,https://gesamtkatalogderwiegendrucke.de/docs/GW1333510.htm | https://gesamtkatalogderwiegendrucke.de/docs/GW13337.htm,Neapel,,locality,,
00200616-current,00200616,00200616,ih00378400,ih00378400,current_holding,last,9,1,,,"San Marino CA, Huntington Library",San Marino,San Marino,GeoNames,5392400,https://www.geonames.org/5392400,34.1214,-118.10646,US,SanMarinoHun,"San Marino CA, Huntington Library",101432,,,,2026-09-30,current_observation_only,,coordinates_resolved,current_holding_statement,MEI,00200616,https://data.cerl.org/mei/00200616,data/expanded/mei-corpus.json,Observed as the current holding institution; no arrival date is inferred.,,,,,US,,,human_review_2026_10_01,Ortszuweisung nach Prüfung durch Stefan Matter (01.10.2026); Kartenpunkt auf Ortsebene.,https://data.cerl.org/mei/02156758,"San Marino CA, Huntington Library",ORT-CB30A216,locality,,
00200617-print,00200617,00200617,ih00378700,ih00378700,print_place,first,0,1,,,Venedig,Venice,Venice,GeoNames,3164603,https://www.geonames.org/3164603,45.43713,12.33265,,,,Rés. Vélins 1476,1496,1496,,,gw_extracted_year_range,,coordinates_resolved,edition_level_print_statement,GW,13381,https://gesamtkatalogderwiegendrucke.de/docs/GW13381.htm,data/derived/prayer-book-corpus.csv,Printing statement shared by copies of the edition.,Venedig,,,print_place-venedig,IT,,,verified_geonames_city,,https://gesamtkatalogderwiegendrucke.de/docs/GW13360.htm | https://gesamtkatalogderwiegendrucke.de/docs/GW1338820N.htm,Venedig,,locality,,
00200617-current,00200617,00200617,ih00378700,ih00378700,current_holding,last,1,1,,,"Paris, Bibliothèque nationale de France",Paris,Paris,GeoNames,2988507,https://www.geonames.org/2988507,48.85341,2.3488,FR,ParisBN,"Paris, Bibliothèque nationale de France",Rés. Vélins 1476,,,,2026-09-30,current_observation_only,,coordinates_resolved,current_holding_statement,MEI,00200617,https://data.cerl.org/mei/00200617,data/expanded/mei-corpus.json,Observed as the current holding institution; no arrival date is inferred.,,,,current_holding-parisbn,FR,Q90,Q193563,cerl_holding_city_to_geonames,"The holding institution is mapped to the same Paris capital record used by MEI provenance places, not to exact building coordinates.",https://data.cerl.org/holdinst/ParisBN,"Paris, Bibliothèque nationale de France",,locality,,
00200618-print,00200618,00200618,ih00378700,ih00378700,print_place,first,0,1,,,Venedig,Venice,Venice,GeoNames,3164603,https://www.geonames.org/3164603,45.43713,12.33265,,,,Inc. G.3.4.10,1496,1496,,,gw_extracted_year_range,,coordinates_resolved,edition_level_print_statement,GW,13381,https://gesamtkatalogderwiegendrucke.de/docs/GW13381.htm,data/derived/prayer-book-corpus.csv,Printing statement shared by copies of the edition.,Venedig,,,print_place-venedig,IT,,,verified_geonames_city,,https://gesamtkatalogderwiegendrucke.de/docs/GW13360.htm | https://gesamtkatalogderwiegendrucke.de/docs/GW1338820N.htm,Venedig,,locality,,
00200618-current,00200618,00200618,ih00378700,ih00378700,current_holding,last,1,1,,,"Vicenza, Biblioteca Civica Bertoliana",Vicenza,Vicenza,GeoNames,3164419,https://www.geonames.org/3164419,45.54672,11.5475,IT,VicenzaC,"Vicenza, Biblioteca Civica Bertoliana",Inc. G.3.4.10,,,,2026-09-30,current_observation_only,,coordinates_resolved,current_holding_statement,MEI,00200618,https://data.cerl.org/mei/00200618,data/expanded/mei-corpus.json,Observed as the current holding institution; no arrival date is inferred.,,,,,IT,,,source_name_and_country_match,Locality-level point reused from source data; no building location or arrival date inferred.,https://data.cerl.org/mei/00200528,"Vicenza, Biblioteca Civica Bertoliana",,locality,,
00200619-print,00200619,00200619,ih00379100,ih00379100,print_place,first,0,1,,,Venedig,Venice,Venice,GeoNames,3164603,https://www.geonames.org/3164603,45.43713,12.33265,,,,[alfa]. Y. 9. 13,1496,1496,,,gw_extracted_year_range,,coordinates_resolved,edition_level_print_statement,GW,13382,https://gesamtkatalogderwiegendrucke.de/docs/GW13382.htm,data/derived/prayer-book-corpus.csv,Printing statement shared by copies of the edition.,Venedig,,,print_place-venedig,IT,,,verified_geonames_city,,https://gesamtkatalogderwiegendrucke.de/docs/GW13360.htm | https://gesamtkatalogderwiegendrucke.de/docs/GW1338820N.htm,Venedig,,locality,,
00200619-current,00200619,00200619,ih00379100,ih00379100,current_holding,last,1,1,,,"Modena, Biblioteca Estense Universitaria",Modena,Modena,GeoNames,3173331,https://www.geonames.org/3173331,44.64783,10.92539,IT,ModenaEst,"Modena, Biblioteca Estense Universitaria",[alfa]. Y. 9. 13,,,,2026-09-30,current_observation_only,,coordinates_resolved,current_holding_statement,MEI,00200619,https://data.cerl.org/mei/00200619,data/expanded/mei-corpus.json,Observed as the current holding institution; no arrival date is inferred.,,,,current_holding-modenaest,IT,Q279,,cerl_holding_city_to_geonames,"The holding institution is mapped to its city-level GeoNames point, not to building coordinates.",https://data.cerl.org/holdinst/ModenaEst,"Modena, Biblioteca Estense Universitaria",,locality,,
02013652-print,02013652,02013652,ih00380000,ih00380000,print_place,first,0,1,,,Paris,Paris,Paris,GeoNames,2988507,https://www.geonames.org/2988507,48.85341,2.3488,,,,5942.247.12 IN PROCESS,1496,1496,,,gw_extracted_year_range,,coordinates_resolved,edition_level_print_statement,GW,13307,https://gesamtkatalogderwiegendrucke.de/docs/GW13307.htm,data/derived/prayer-book-corpus.csv,Printing statement shared by copies of the edition.,Paris,,,,FR,,,source_name_and_country_match,Locality-level point reused from source data; no building location or arrival date inferred.,https://data.cerl.org/holdinst/ParisBN,Paris,,locality,,
02013652-current,02013652,02013652,ih00380000,ih00380000,current_holding,last,3,1,,,"Princeton NJ, Princeton University, Firestone Library, Rare Book Division",Princeton,Princeton,GeoNames,5102922,https://www.geonames.org/5102922,40.34872,-74.65905,US,PrincetonUL,"Princeton NJ, Princeton University, Firestone Library, Rare Book Division",5942.247.12 IN PROCESS,,,,2026-09-30,current_observation_only,,coordinates_resolved,current_holding_statement,MEI,02013652,https://data.cerl.org/mei/02013652,data/expanded/mei-corpus.json,Observed as the current holding institution; no arrival date is inferred.,,,,current_holding-princetonul,US,,,cerl_holding_city_to_geonames,"The holding institution is mapped to its city-level GeoNames point, not to building coordinates.",https://data.cerl.org/holdinst/PrincetonUL,"Princeton NJ, Princeton University, Firestone Library, Rare Book Division",,locality,,
02120319-print,02120319,02120319,ih00380500,ih00380500,print_place,first,0,1,,,Paris,Paris,Paris,GeoNames,2988507,https://www.geonames.org/2988507,48.85341,2.3488,,,,Ink 2.H.140,1496,1497,,,gw_extracted_year_range,,coordinates_resolved,edition_level_print_statement,GW,13190,https://gesamtkatalogderwiegendrucke.de/docs/GW13190.htm,data/derived/prayer-book-corpus.csv,Printing statement shared by copies of the edition.,Paris,,,,FR,,,source_name_and_country_match,Locality-level point reused from source data; no building location or arrival date inferred.,https://data.cerl.org/holdinst/ParisBN,Paris,,locality,,
02120319-current,02120319,02120319,ih00380500,ih00380500,current_holding,last,2,1,,,"Wien, Österreichische  Nationalbibliothek",Vienna,Vienna,GeoNames,2761369,https://www.geonames.org/2761369,48.20849,16.37208,AT,WienONB,"Wien, Österreichische  Nationalbibliothek",Ink 2.H.140,,,,2026-09-30,current_observation_only,,coordinates_resolved,current_holding_statement,MEI,02120319,https://data.cerl.org/mei/02120319,data/expanded/mei-corpus.json,Observed as the current holding institution; no arrival date is inferred.,,,,,AT,,,source_name_and_country_match,Locality-level point reused from source data; no building location or arrival date inferred.,https://data.cerl.org/mei/02115001,"Wien, Österreichische  Nationalbibliothek",,locality,,
00560436-print,00560436,00560436,ih00381100,ih00381100,print_place,first,0,1,,,Paris,Paris,Paris,GeoNames,2988507,https://www.geonames.org/2988507,48.85341,2.3488,,,,Inc.6.D.1.29[2579],1497,1498,,,gw_extracted_year_range,,coordinates_resolved,edition_level_print_statement,GW,13209,https://gesamtkatalogderwiegendrucke.de/docs/GW13209.htm,data/derived/prayer-book-corpus.csv,Printing statement shared by copies of the edition.,Paris,,,,FR,,,source_name_and_country_match,Locality-level point reused from source data; no building location or arrival date inferred.,https://data.cerl.org/holdinst/ParisBN,Paris,,locality,,
00560436-current,00560436,00560436,ih00381100,ih00381100,current_holding,last,2,1,,,"Cambridge, University Library",Cambridge,Cambridge,GeoNames,2653941,https://www.geonames.org/2653941,52.2,0.11667,GB,CambridgeUL,"Cambridge, University Library",Inc.6.D.1.29[2579],,,,2026-09-30,current_observation_only,,coordinates_resolved,current_holding_statement,MEI,00560436,https://data.cerl.org/mei/00560436,data/expanded/mei-corpus.json,Observed as the current holding institution; no arrival date is inferred.,,,,current_holding-cambridgeul,GB,,Q1028334,cerl_holding_city_to_geonames,"The holding institution is mapped to its city-level GeoNames point, not to building coordinates.",https://data.cerl.org/holdinst/CambridgeUL,"Cambridge, University Library",,locality,,
00560435-print,00560435,00560435,ih00381100,ih00381100,print_place,first,0,1,,,Paris,Paris,Paris,GeoNames,2988507,https://www.geonames.org/2988507,48.85341,2.3488,,,,Inc.6.D.1.29[2578],1497,1498,,,gw_extracted_year_range,,coordinates_resolved,edition_level_print_statement,GW,13209,https://gesamtkatalogderwiegendrucke.de/docs/GW13209.htm,data/derived/prayer-book-corpus.csv,Printing statement shared by copies of the edition.,Paris,,,,FR,,,source_name_and_country_match,Locality-level point reused from source data; no building location or arrival date inferred.,https://data.cerl.org/holdinst/ParisBN,Paris,,locality,,
00560435-current,00560435,00560435,ih00381100,ih00381100,current_holding,last,4,1,,,"Cambridge, University Library",Cambridge,Cambridge,GeoNames,2653941,https://www.geonames.org/2653941,52.2,0.11667,GB,CambridgeUL,"Cambridge, University Library",Inc.6.D.1.29[2578],,,,2026-09-30,current_observation_only,,coordinates_resolved,current_holding_statement,MEI,00560435,https://data.cerl.org/mei/00560435,data/expanded/mei-corpus.json,Observed as the current holding institution; no arrival date is inferred.,,,,current_holding-cambridgeul,GB,,Q1028334,cerl_holding_city_to_geonames,"The holding institution is mapped to its city-level GeoNames point, not to building coordinates.",https://data.cerl.org/holdinst/CambridgeUL,"Cambridge, University Library",,locality,,
02115809-print,02115809,02115809,ih00382000,ih00382000,print_place,first,0,1,,,Paris,Paris,Paris,GeoNames,2988507,https://www.geonames.org/2988507,48.85341,2.3488,,,,Ink 13.H.13,1496,1497,,,gw_extracted_year_range,,coordinates_resolved,edition_level_print_statement,GW,13250,https://gesamtkatalogderwiegendrucke.de/docs/GW13250.htm,data/derived/prayer-book-corpus.csv,Printing statement shared by copies of the edition.,Paris,,,,FR,,,source_name_and_country_match,Locality-level point reused from source data; no building location or arrival date inferred.,https://data.cerl.org/holdinst/ParisBN,Paris,,locality,,
02115809-current,02115809,02115809,ih00382000,ih00382000,current_holding,last,2,1,,,"Wien, Österreichische  Nationalbibliothek",Vienna,Vienna,GeoNames,2761369,https://www.geonames.org/2761369,48.20849,16.37208,AT,WienONB,"Wien, Österreichische  Nationalbibliothek",Ink 13.H.13,,,,2026-09-30,current_observation_only,,coordinates_resolved,current_holding_statement,MEI,02115809,https://data.cerl.org/mei/02115809,data/expanded/mei-corpus.json,Observed as the current holding institution; no arrival date is inferred.,,,,,AT,,,source_name_and_country_match,Locality-level point reused from source data; no building location or arrival date inferred.,https://data.cerl.org/mei/02115001,"Wien, Österreichische  Nationalbibliothek",,locality,,
00200621-print,00200621,00200621,ih00383200,ih00383200,print_place,first,0,1,,,Venedig,Venice,Venice,GeoNames,3164603,https://www.geonames.org/3164603,45.43713,12.33265,,,,Ink. 27-72,1497,1497,,,gw_extracted_year_range,,coordinates_resolved,edition_level_print_statement,GW,13383,https://gesamtkatalogderwiegendrucke.de/docs/GW13383.htm,data/derived/prayer-book-corpus.csv,Printing statement shared by copies of the edition.,Venedig,,,print_place-venedig,IT,,,verified_geonames_city,,https://gesamtkatalogderwiegendrucke.de/docs/GW13360.htm | https://gesamtkatalogderwiegendrucke.de/docs/GW1338820N.htm,Venedig,,locality,,
00200621-current,00200621,00200621,ih00383200,ih00383200,current_holding,last,1,1,,,"Wien, Österreichische  Nationalbibliothek",Vienna,Vienna,GeoNames,2761369,https://www.geonames.org/2761369,48.20849,16.37208,AT,WienONB,"Wien, Österreichische  Nationalbibliothek",Ink. 27-72,,,,2026-09-30,current_observation_only,,coordinates_resolved,current_holding_statement,MEI,00200621,https://data.cerl.org/mei/00200621,data/expanded/mei-corpus.json,Observed as the current holding institution; no arrival date is inferred.,,,,,AT,,,source_name_and_country_match,Locality-level point reused from source data; no building location or arrival date inferred.,https://data.cerl.org/mei/02115001,"Wien, Österreichische  Nationalbibliothek",,locality,,
02108010-print,02108010,02108010,ih00383200,ih00383200,print_place,first,0,1,,,Venedig,Venice,Venice,GeoNames,3164603,https://www.geonames.org/3164603,45.43713,12.33265,,,,Ink 27-72,1497,1497,,,gw_extracted_year_range,,coordinates_resolved,edition_level_print_statement,GW,13383,https://gesamtkatalogderwiegendrucke.de/docs/GW13383.htm,data/derived/prayer-book-corpus.csv,Printing statement shared by copies of the edition.,Venedig,,,print_place-venedig,IT,,,verified_geonames_city,,https://gesamtkatalogderwiegendrucke.de/docs/GW13360.htm | https://gesamtkatalogderwiegendrucke.de/docs/GW1338820N.htm,Venedig,,locality,,
02108010-current,02108010,02108010,ih00383200,ih00383200,current_holding,last,2,1,,,"Wien, Österreichische  Nationalbibliothek",Vienna,Vienna,GeoNames,2761369,https://www.geonames.org/2761369,48.20849,16.37208,AT,WienONB,"Wien, Österreichische  Nationalbibliothek",Ink 27-72,,,,2026-09-30,current_observation_only,,coordinates_resolved,current_holding_statement,MEI,02108010,https://data.cerl.org/mei/02108010,data/expanded/mei-corpus.json,Observed as the current holding institution; no arrival date is inferred.,,,,,AT,,,source_name_and_country_match,Locality-level point reused from source data; no building location or arrival date inferred.,https://data.cerl.org/mei/02115001,"Wien, Österreichische  Nationalbibliothek",,locality,,
00205892-print,00205892,00205892,ih00383500,ih00383500,print_place,first,0,1,,,Paris,Paris,Paris,GeoNames,2988507,https://www.geonames.org/2988507,48.85341,2.3488,,,,Broxb. 77.2.,1497,1497,,,gw_extracted_year_range,,coordinates_resolved,edition_level_print_statement,GW,13252,https://gesamtkatalogderwiegendrucke.de/docs/GW13252.htm,data/derived/prayer-book-corpus.csv,Printing statement shared by copies of the edition.,Paris,,,,FR,,,source_name_and_country_match,Locality-level point reused from source data; no building location or arrival date inferred.,https://data.cerl.org/holdinst/ParisBN,Paris,,locality,,
00205892-current,00205892,00205892,ih00383500,ih00383500,current_holding,last,5,1,,,"Oxford, Bodleian Library",Oxford,Oxford,GeoNames,2640729,https://www.geonames.org/2640729,51.75222,-1.25596,GB,OxfordBodley,"Oxford, Bodleian Library",Broxb. 77.2.,,,,2026-09-30,current_observation_only,,coordinates_resolved,current_holding_statement,MEI,00205892,https://data.cerl.org/mei/00205892,data/expanded/mei-corpus.json,Observed as the current holding institution; no arrival date is inferred.,,,,current_holding-oxfordbodley,GB,,Q82133,cerl_holding_city_to_geonames,"The holding institution is mapped to its city-level GeoNames point, not to building coordinates.",https://data.cerl.org/holdinst/OxfordBodley,"Oxford, Bodleian Library",,locality,,
02148434-print,02148434,02148434,ih00384000,ih00384000,print_place,first,0,1,,,Paris,Paris,Paris,GeoNames,2988507,https://www.geonames.org/2988507,48.85341,2.3488,,,,XV.VIII.267,1497,1497,,,gw_extracted_year_range,,coordinates_resolved,edition_level_print_statement,GW,13157,https://gesamtkatalogderwiegendrucke.de/docs/GW13157.htm,data/derived/prayer-book-corpus.csv,Printing statement shared by copies of the edition.,Paris,,,,FR,,,source_name_and_country_match,Locality-level point reused from source data; no building location or arrival date inferred.,https://data.cerl.org/holdinst/ParisBN,Paris,,locality,,
02148434-current,02148434,02148434,ih00384000,ih00384000,current_holding,last,4,1,,,"Torino, Biblioteca Nazionale Universitaria",Turin,Turin,GeoNames,3165524,https://www.geonames.org/3165524,45.07049,7.68682,IT,TorinoN,"Torino, Biblioteca Nazionale Universitaria",XV.VIII.267,,,,2026-09-30,current_observation_only,,coordinates_resolved,current_holding_statement,MEI,02148434,https://data.cerl.org/mei/02148434,data/expanded/mei-corpus.json,Observed as the current holding institution; no arrival date is inferred.,,,,,IT,,,source_name_and_country_match,Locality-level point reused from source data; no building location or arrival date inferred.,https://www.geonames.org/3165524,"Torino, Biblioteca Nazionale Universitaria",,locality,,
02018156-print,02018156,02018156,ih00385000,ih00385000,print_place,first,0,1,,,Paris,Paris,Paris,GeoNames,2988507,https://www.geonames.org/2988507,48.85341,2.3488,,,,70.2.A.22,1497,1497,,,gw_extracted_year_range,,coordinates_resolved,edition_level_print_statement,GW,13196,https://gesamtkatalogderwiegendrucke.de/docs/GW13196.htm,data/derived/prayer-book-corpus.csv,Printing statement shared by copies of the edition.,Paris,,,,FR,,,source_name_and_country_match,Locality-level point reused from source data; no building location or arrival date inferred.,https://data.cerl.org/holdinst/ParisBN,Paris,,locality,,
02018156-current,02018156,02018156,ih00385000,ih00385000,current_holding,last,3,1,,,"Roma, Biblioteca Nazionale Centrale Vittorio Emanuele II",Rome,Rome,GeoNames,3169070,https://www.geonames.org/3169070,41.89193,12.51133,IT,RomaN,"Roma, Biblioteca Nazionale Centrale Vittorio Emanuele II",70.2.A.22,,,,2026-09-30,current_observation_only,,coordinates_resolved,current_holding_statement,MEI,02018156,https://data.cerl.org/mei/02018156,data/expanded/mei-corpus.json,Observed as the current holding institution; no arrival date is inferred.,,,,,IT,,,source_name_and_country_match,Locality-level point reused from source data; no building location or arrival date inferred.,https://gesamtkatalogderwiegendrucke.de/docs/GW13353.htm,"Roma, Biblioteca Nazionale Centrale Vittorio Emanuele II",,locality,,
02003343-print,02003343,02003343,ih00386050,ih00386050,print_place,first,0,1,,,Paris,Paris,Paris,GeoNames,2988507,https://www.geonames.org/2988507,48.85341,2.3488,,,,Inc.G.VII.11,1497,1497,,,gw_extracted_year_range,,coordinates_resolved,edition_level_print_statement,GW,13197,https://gesamtkatalogderwiegendrucke.de/docs/GW13197.htm,data/derived/prayer-book-corpus.csv,Printing statement shared by copies of the edition.,Paris,,,,FR,,,source_name_and_country_match,Locality-level point reused from source data; no building location or arrival date inferred.,https://data.cerl.org/holdinst/ParisBN,Paris,,locality,,
02003343-current,02003343,02003343,ih00386050,ih00386050,current_holding,last,2,1,,,"Brescia, Biblioteca Queriniana",Brescia,Brescia,GeoNames,3181554,https://www.geonames.org/3181554,45.53558,10.21472,IT,BresciaC,"Brescia, Biblioteca Queriniana",Inc.G.VII.11,,,,2026-09-30,current_observation_only,,coordinates_resolved,current_holding_statement,MEI,02003343,https://data.cerl.org/mei/02003343,data/expanded/mei-corpus.json,Observed as the current holding institution; no arrival date is inferred.,,,,,IT,,,source_name_and_country_match,Locality-level point reused from source data; no building location or arrival date inferred.,https://data.cerl.org/mei/00201995,"Brescia, Biblioteca Queriniana",,locality,,
00200623-print,00200623,00200623,ih00388800,ih00388800,print_place,first,0,1,,,Venedig,Venice,Venice,GeoNames,3164603,https://www.geonames.org/3164603,45.43713,12.33265,,,,Rés. Vélins 1475,1497,1497,,,gw_extracted_year_range,,coordinates_resolved,edition_level_print_statement,GW,13384,https://gesamtkatalogderwiegendrucke.de/docs/GW13384.htm,data/derived/prayer-book-corpus.csv,Printing statement shared by copies of the edition.,Venedig,,,print_place-venedig,IT,,,verified_geonames_city,,https://gesamtkatalogderwiegendrucke.de/docs/GW13360.htm | https://gesamtkatalogderwiegendrucke.de/docs/GW1338820N.htm,Venedig,,locality,,
00200623-current,00200623,00200623,ih00388800,ih00388800,current_holding,last,1,1,,,"Paris, Bibliothèque nationale de France",Paris,Paris,GeoNames,2988507,https://www.geonames.org/2988507,48.85341,2.3488,FR,ParisBN,"Paris, Bibliothèque nationale de France",Rés. Vélins 1475,,,,2026-09-30,current_observation_only,,coordinates_resolved,current_holding_statement,MEI,00200623,https://data.cerl.org/mei/00200623,data/expanded/mei-corpus.json,Observed as the current holding institution; no arrival date is inferred.,,,,current_holding-parisbn,FR,Q90,Q193563,cerl_holding_city_to_geonames,"The holding institution is mapped to the same Paris capital record used by MEI provenance places, not to exact building coordinates.",https://data.cerl.org/holdinst/ParisBN,"Paris, Bibliothèque nationale de France",,locality,,
00200622-print,00200622,00200622,ih00388800,ih00388800,print_place,first,0,1,,,Venedig,Venice,Venice,GeoNames,3164603,https://www.geonames.org/3164603,45.43713,12.33265,,,,Triv. Inc. E 25,1497,1497,,,gw_extracted_year_range,,coordinates_resolved,edition_level_print_statement,GW,13384,https://gesamtkatalogderwiegendrucke.de/docs/GW13384.htm,data/derived/prayer-book-corpus.csv,Printing statement shared by copies of the edition.,Venedig,,,print_place-venedig,IT,,,verified_geonames_city,,https://gesamtkatalogderwiegendrucke.de/docs/GW13360.htm | https://gesamtkatalogderwiegendrucke.de/docs/GW1338820N.htm,Venedig,,locality,,
00200622-current,00200622,00200622,ih00388800,ih00388800,current_holding,last,5,1,,,"Milano, Archivio Storico Civico e Biblioteca Trivulziana",Milan,Milan,GeoNames,3173435,https://www.geonames.org/3173435,45.46427,9.18951,IT,MilanoTriv,"Milano, Archivio Storico Civico e Biblioteca Trivulziana",Triv. Inc. E 25,,,,2026-09-30,current_observation_only,,coordinates_resolved,current_holding_statement,MEI,00200622,https://data.cerl.org/mei/00200622,data/expanded/mei-corpus.json,Observed as the current holding institution; no arrival date is inferred.,,,,,IT,,,source_name_and_country_match,Locality-level point reused from source data; no building location or arrival date inferred.,https://www.geonames.org/3173435,"Milano, Archivio Storico Civico e Biblioteca Trivulziana",,locality,,
00206978-print,00206978,00206978,ih00389000,ih00389000,print_place,first,0,1,,,Paris,Paris,Paris,GeoNames,2988507,https://www.geonames.org/2988507,48.85341,2.3488,,,,Lawn f.1.,1497,1498,,,gw_extracted_year_range,,coordinates_resolved,edition_level_print_statement,GW,13194,https://gesamtkatalogderwiegendrucke.de/docs/GW13194.htm,data/derived/prayer-book-corpus.csv,Printing statement shared by copies of the edition.,Paris,,,,FR,,,source_name_and_country_match,Locality-level point reused from source data; no building location or arrival date inferred.,https://data.cerl.org/holdinst/ParisBN,Paris,,locality,,
00206978-current,00206978,00206978,ih00389000,ih00389000,current_holding,last,5,1,,,"Oxford, Bodleian Library",Oxford,Oxford,GeoNames,2640729,https://www.geonames.org/2640729,51.75222,-1.25596,GB,OxfordBodley,"Oxford, Bodleian Library",Lawn f.1.,,,,2026-09-30,current_observation_only,,coordinates_resolved,current_holding_statement,MEI,00206978,https://data.cerl.org/mei/00206978,data/expanded/mei-corpus.json,Observed as the current holding institution; no arrival date is inferred.,,,,current_holding-oxfordbodley,GB,,Q82133,cerl_holding_city_to_geonames,"The holding institution is mapped to its city-level GeoNames point, not to building coordinates.",https://data.cerl.org/holdinst/OxfordBodley,"Oxford, Bodleian Library",,locality,,
00200624-print,00200624,00200624,ih00389500,ih00389500,print_place,first,0,1,,,Venedig,Venice,Venice,GeoNames,3164603,https://www.geonames.org/3164603,45.43713,12.33265,,,,Inc. Parm. 24,1497,1497,,,gw_extracted_year_range,,coordinates_resolved,edition_level_print_statement,GW,13385,https://gesamtkatalogderwiegendrucke.de/docs/GW13385.htm,data/derived/prayer-book-corpus.csv,Printing statement shared by copies of the edition.,Venedig,,,print_place-venedig,IT,,,verified_geonames_city,,https://gesamtkatalogderwiegendrucke.de/docs/GW13360.htm | https://gesamtkatalogderwiegendrucke.de/docs/GW1338820N.htm,Venedig,,locality,,
00200624-current,00200624,00200624,ih00389500,ih00389500,current_holding,last,1,1,,,"Parma, Biblioteca Palatina",Parma,Parma,GeoNames,3171457,https://www.geonames.org/3171457,44.79935,10.32618,IT,ParmaPal,"Parma, Biblioteca Palatina",Inc. Parm. 24,,,,2026-09-30,current_observation_only,,coordinates_resolved,current_holding_statement,MEI,00200624,https://data.cerl.org/mei/00200624,data/expanded/mei-corpus.json,Observed as the current holding institution; no arrival date is inferred.,,,,,IT,,,source_name_and_country_match,Locality-level point reused from source data; no building location or arrival date inferred.,https://data.cerl.org/mei/00200652,"Parma, Biblioteca Palatina",,locality,,
02125950-print,02125950,02125950,ih00389800,ih00389800,print_place,first,0,1,,,Paris,Paris,Paris,GeoNames,2988507,https://www.geonames.org/2988507,48.85341,2.3488,,,,"London, Bernard Quaritch, 2018",1497,1497,,,gw_extracted_year_range,,coordinates_resolved,edition_level_print_statement,GW,13200,https://gesamtkatalogderwiegendrucke.de/docs/GW13200.htm,data/derived/prayer-book-corpus.csv,Printing statement shared by copies of the edition.,Paris,,,,FR,,,source_name_and_country_match,Locality-level point reused from source data; no building location or arrival date inferred.,https://data.cerl.org/holdinst/ParisBN,Paris,,locality,,
02125950-current,02125950,02125950,ih00389800,ih00389800,last_known,last_known_location,9,1,,,London,London,London,GeoNames,2643743,https://www.geonames.org/2643743,51.50853,-0.12574,,TradeCopy,Trade Copy,"London, Bernard Quaritch, 2018",2018,2018,,,current_observation_only,,coordinates_resolved,current_holding_statement,MEI,02125950,https://data.cerl.org/mei/02125950,data/expanded/mei-corpus.json,Observed as the current holding institution; no arrival date is inferred.,,,,current_holding-tradecopy,,,,last_known_source_event,Letzter bekannter Nachweis; heutiger Aufenthaltsort unbekannt.,https://data.cerl.org/mei/02125950,Trade Copy,ORT-F5C6BF63,locality,Heutiger Aufenthaltsort unbekannt,
02154477-print,02154477,02154477,ih00390000,ih00390000,print_place,first,0,1,,,Paris,Paris,Paris,GeoNames,2988507,https://www.geonames.org/2988507,48.85341,2.3488,,,,Inc. 24,1497,1497,,,gw_extracted_year_range,,coordinates_resolved,edition_level_print_statement,GW,13310,https://gesamtkatalogderwiegendrucke.de/docs/GW13310.htm,data/derived/prayer-book-corpus.csv,Printing statement shared by copies of the edition.,Paris,,,,FR,,,source_name_and_country_match,Locality-level point reused from source data; no building location or arrival date inferred.,https://data.cerl.org/holdinst/ParisBN,Paris,,locality,,
02154477-current,02154477,02154477,ih00390000,ih00390000,current_holding,last,2,1,,,"Valletta, National Library of Malta",Valletta,Valletta,GeoNames,2562305,https://www.geonames.org/2562305,35.89968,14.5148,MT,VallettaNL,"Valletta, National Library of Malta",Inc. 24,,,,2026-09-30,current_observation_only,,coordinates_resolved,current_holding_statement,MEI,02154477,https://data.cerl.org/mei/02154477,data/expanded/mei-corpus.json,Observed as the current holding institution; no arrival date is inferred.,,,,,MT,,,human_review_2026_10_01,Ortszuweisung nach Prüfung durch Stefan Matter (01.10.2026); Kartenpunkt auf Ortsebene.,https://data.cerl.org/mei/02154453,"Valletta, National Library of Malta",ORT-3DBD7FCB,locality,,
00200656-print,00200656,00200656,ih00391000,ih00391000,print_place,first,0,1,,,Venedig,Venice,Venice,GeoNames,3164603,https://www.geonames.org/3164603,45.43713,12.33265,,,,Inc. 3,1497,1497,,,gw_extracted_year_range,,coordinates_resolved,edition_level_print_statement,GW,13396,https://gesamtkatalogderwiegendrucke.de/docs/GW13396.htm,data/derived/prayer-book-corpus.csv,Printing statement shared by copies of the edition.,Venedig,,,print_place-venedig,IT,,,verified_geonames_city,,https://gesamtkatalogderwiegendrucke.de/docs/GW13360.htm | https://gesamtkatalogderwiegendrucke.de/docs/GW1338820N.htm,Venedig,,locality,,
00200656-current,00200656,00200656,ih00391000,ih00391000,current_holding,last,4,1,,,"Verona, Biblioteca Civica",Verona,Verona,GeoNames,3164527,https://www.geonames.org/3164527,45.43854,10.9938,IT,VeronaC,"Verona, Biblioteca Civica",Inc. 3,,,,2026-09-30,current_observation_only,,coordinates_resolved,current_holding_statement,MEI,00200656,https://data.cerl.org/mei/00200656,data/expanded/mei-corpus.json,Observed as the current holding institution; no arrival date is inferred.,,,,,IT,,,source_name_and_country_match,Locality-level point reused from source data; no building location or arrival date inferred.,https://data.cerl.org/mei/00200622,"Verona, Biblioteca Civica",,locality,,
00200662-print,00200662,00200662,ih00391000,ih00391000,print_place,first,0,1,,,Venedig,Venice,Venice,GeoNames,3164603,https://www.geonames.org/3164603,45.43713,12.33265,,,,39.5,1497,1497,,,gw_extracted_year_range,,coordinates_resolved,edition_level_print_statement,GW,13396,https://gesamtkatalogderwiegendrucke.de/docs/GW13396.htm,data/derived/prayer-book-corpus.csv,Printing statement shared by copies of the edition.,Venedig,,,print_place-venedig,IT,,,verified_geonames_city,,https://gesamtkatalogderwiegendrucke.de/docs/GW13360.htm | https://gesamtkatalogderwiegendrucke.de/docs/GW1338820N.htm,Venedig,,locality,,
00200662-p005-loc01,00200662,00200662,ih00391000,ih00391000,provenance_place,intermediate,5,1,00200662-p005,00200662-p005-loc01,Titusville,Titusville,Titusville,,,,41.62694,-79.67611,,,,39.5,1929,1942,20,,mei_timeperiod,a,coordinates_resolved,copy_level_provenance_place,MEI,00200662-p005,https://data.cerl.org/mei/00200662,data/expanded/mei-corpus.json,,Titusville,,,,US,,,human_review_2026_10_01,Ortszuweisung nach Prüfung durch Stefan Matter (01.10.2026); Kartenpunkt auf Ortsebene.,"https://en.wikipedia.org/wiki/Titusville,_Pennsylvania",Titusville,ORT-335FFB03,locality,,
00200662-p006-loc01,00200662,00200662,ih00391000,ih00391000,provenance_place,intermediate,6,1,00200662-p006,00200662-p006-loc01,Princeton,Princeton,Princeton,GeoNames,5102922,https://www.geonames.org/5102922,40.34872,-74.65905,,,,39.5,1942,2014,20 | 21,,mei_timeperiod,a,coordinates_resolved,copy_level_provenance_place,MEI,00200662-p006,https://data.cerl.org/mei/00200662,data/expanded/mei-corpus.json,,"Princeton, NJ",,,,US,,,human_review_2026_10_01,Ortszuweisung nach Prüfung durch Stefan Matter (01.10.2026); Kartenpunkt auf Ortsebene.,https://data.cerl.org/mei/02013740,"Princeton, NJ",ORT-BF5A0F39,locality,,
00200662-current,00200662,00200662,ih00391000,ih00391000,current_holding,last,8,1,,,"Princeton NJ, Princeton University, Firestone Library, Rare Book Division",Princeton,Princeton,GeoNames,5102922,https://www.geonames.org/5102922,40.34872,-74.65905,US,PrincetonUL,"Princeton NJ, Princeton University, Firestone Library, Rare Book Division",39.5,,,,2026-09-30,current_observation_only,,coordinates_resolved,current_holding_statement,MEI,00200662,https://data.cerl.org/mei/00200662,data/expanded/mei-corpus.json,Observed as the current holding institution; no arrival date is inferred.,,,,current_holding-princetonul,US,,,cerl_holding_city_to_geonames,"The holding institution is mapped to its city-level GeoNames point, not to building coordinates.",https://data.cerl.org/holdinst/PrincetonUL,"Princeton NJ, Princeton University, Firestone Library, Rare Book Division",,locality,,
00200665-print,00200665,00200665,ih00391000,ih00391000,print_place,first,0,1,,,Venedig,Venice,Venice,GeoNames,3164603,https://www.geonames.org/3164603,45.43713,12.33265,,,,Inc. 109,1497,1497,,,gw_extracted_year_range,,coordinates_resolved,edition_level_print_statement,GW,13396,https://gesamtkatalogderwiegendrucke.de/docs/GW13396.htm,data/derived/prayer-book-corpus.csv,Printing statement shared by copies of the edition.,Venedig,,,print_place-venedig,IT,,,verified_geonames_city,,https://gesamtkatalogderwiegendrucke.de/docs/GW13360.htm | https://gesamtkatalogderwiegendrucke.de/docs/GW1338820N.htm,Venedig,,locality,,
00200665-current,00200665,00200665,ih00391000,ih00391000,current_holding,last,5,1,,,"Roma, Biblioteca Vallicelliana",Rome,Rome,GeoNames,3169070,https://www.geonames.org/3169070,41.89193,12.51133,IT,RomaVall,"Roma, Biblioteca Vallicelliana",Inc. 109,,,,2026-09-30,current_observation_only,,coordinates_resolved,current_holding_statement,MEI,00200665,https://data.cerl.org/mei/00200665,data/expanded/mei-corpus.json,Observed as the current holding institution; no arrival date is inferred.,,,,,IT,,,source_name_and_country_match,Locality-level point reused from source data; no building location or arrival date inferred.,https://gesamtkatalogderwiegendrucke.de/docs/GW13353.htm,"Roma, Biblioteca Vallicelliana",,locality,,
00201125-print,00201125,00201125,ih00391000,ih00391000,print_place,first,0,1,,,Venedig,Venice,Venice,GeoNames,3164603,https://www.geonames.org/3164603,45.43713,12.33265,,,,B/T 828,1497,1497,,,gw_extracted_year_range,,coordinates_resolved,edition_level_print_statement,GW,13396,https://gesamtkatalogderwiegendrucke.de/docs/GW13396.htm,data/derived/prayer-book-corpus.csv,Printing statement shared by copies of the edition.,Venedig,,,print_place-venedig,IT,,,verified_geonames_city,,https://gesamtkatalogderwiegendrucke.de/docs/GW13360.htm | https://gesamtkatalogderwiegendrucke.de/docs/GW1338820N.htm,Venedig,,locality,,
00201125-current,00201125,00201125,ih00391000,ih00391000,current_holding,last,7,1,,,"Athens, Gennadius Library",Athens,Athens,GeoNames,264371,https://www.geonames.org/264371,37.98376,23.72784,GR,AthensGennad,"Athens, Gennadius Library",B/T 828,,,,2026-09-30,current_observation_only,,coordinates_resolved,current_holding_statement,MEI,00201125,https://data.cerl.org/mei/00201125,data/expanded/mei-corpus.json,Observed as the current holding institution; no arrival date is inferred.,,,,,GR,,,source_name_and_country_match,Locality-level point reused from source data; no building location or arrival date inferred.,https://data.cerl.org/mei/00201125,"Athens, Gennadius Library",,locality,,
00200636-print,00200636,00200636,ih00391000,ih00391000,print_place,first,0,1,,,Venedig,Venice,Venice,GeoNames,3164603,https://www.geonames.org/3164603,45.43713,12.33265,,,,D'Elci 926,1497,1497,,,gw_extracted_year_range,,coordinates_resolved,edition_level_print_statement,GW,13396,https://gesamtkatalogderwiegendrucke.de/docs/GW13396.htm,data/derived/prayer-book-corpus.csv,Printing statement shared by copies of the edition.,Venedig,,,print_place-venedig,IT,,,verified_geonames_city,,https://gesamtkatalogderwiegendrucke.de/docs/GW13360.htm | https://gesamtkatalogderwiegendrucke.de/docs/GW1338820N.htm,Venedig,,locality,,
00200636-current,00200636,00200636,ih00391000,ih00391000,current_holding,last,4,1,,,"Firenze, Biblioteca Medicea Laurenziana",Florence,Florence,GeoNames,3176959,https://www.geonames.org/3176959,43.77925,11.24626,IT,FirenzeLaur,"Firenze, Biblioteca Medicea Laurenziana",D'Elci 926,,,,2026-09-30,current_observation_only,,coordinates_resolved,current_holding_statement,MEI,00200636,https://data.cerl.org/mei/00200636,data/expanded/mei-corpus.json,Observed as the current holding institution; no arrival date is inferred.,,,,,IT,,,source_name_and_country_match,Locality-level point reused from source data; no building location or arrival date inferred.,https://data.cerl.org/holdinst/FirenzeN,"Firenze, Biblioteca Medicea Laurenziana",,locality,,
00200625-print,00200625,00200625,ih00391000,ih00391000,print_place,first,0,1,,,Venedig,Venice,Venice,GeoNames,3164603,https://www.geonames.org/3164603,45.43713,12.33265,,,,91.1273,1497,1497,,,gw_extracted_year_range,,coordinates_resolved,edition_level_print_statement,GW,13396,https://gesamtkatalogderwiegendrucke.de/docs/GW13396.htm,data/derived/prayer-book-corpus.csv,Printing statement shared by copies of the edition.,Venedig,,,print_place-venedig,IT,,,verified_geonames_city,,https://gesamtkatalogderwiegendrucke.de/docs/GW13360.htm | https://gesamtkatalogderwiegendrucke.de/docs/GW1338820N.htm,Venedig,,locality,,
00200625-current,00200625,00200625,ih00391000,ih00391000,current_holding,last,8,1,,,"Baltimore MD, The Walters Art Museum Library",Baltimore,Baltimore,GeoNames,4347778,https://www.geonames.org/4347778,39.29038,-76.61219,US,BaltimoreMDWalters,"Baltimore MD, The Walters Art Museum Library",91.1273,,,,2026-09-30,current_observation_only,,coordinates_resolved,current_holding_statement,MEI,00200625,https://data.cerl.org/mei/00200625,data/expanded/mei-corpus.json,Observed as the current holding institution; no arrival date is inferred.,,,,current_holding-baltimoremdwalters,US,,,cerl_holding_city_to_geonames,"The holding institution is mapped to its city-level GeoNames point, not to building coordinates.",https://data.cerl.org/holdinst/BaltimoreMDWalters,"Baltimore MD, The Walters Art Museum Library",,locality,,
00200634-print,00200634,00200634,ih00391000,ih00391000,print_place,first,0,1,,,Venedig,Venice,Venice,GeoNames,3164603,https://www.geonames.org/3164603,45.43713,12.33265,,,,WKR 2.3.15,1497,1497,,,gw_extracted_year_range,,coordinates_resolved,edition_level_print_statement,GW,13396,https://gesamtkatalogderwiegendrucke.de/docs/GW13396.htm,data/derived/prayer-book-corpus.csv,Printing statement shared by copies of the edition.,Venedig,,,print_place-venedig,IT,,,verified_geonames_city,,https://gesamtkatalogderwiegendrucke.de/docs/GW13360.htm | https://gesamtkatalogderwiegendrucke.de/docs/GW1338820N.htm,Venedig,,locality,,
00200634-current,00200634,00200634,ih00391000,ih00391000,current_holding,last,6,1,,,"Cambridge MA, Harvard University, Houghton Library",Cambridge (Massachusetts),Cambridge (Massachusetts),GeoNames,4931972,https://www.geonames.org/4931972,42.37510,-71.10561,US,HarvardHoughton,"Cambridge MA, Harvard University, Houghton Library",WKR 2.3.15,,,,2026-09-30,current_observation_only,,coordinates_resolved,current_holding_statement,MEI,00200634,https://data.cerl.org/mei/00200634,data/expanded/mei-corpus.json,Observed as the current holding institution; no arrival date is inferred.,,,,current_holding-harvardhoughton,US,Q49111,,cerl_holding_city_to_geonames,"The holding institution is mapped to its city-level GeoNames point, not to building coordinates.",https://data.cerl.org/holdinst/HarvardHoughton,"Cambridge MA, Harvard University, Houghton Library",,locality,,
00200635-print,00200635,00200635,ih00391000,ih00391000,print_place,first,0,1,,,Venedig,Venice,Venice,GeoNames,3164603,https://www.geonames.org/3164603,45.43713,12.33265,,,,VI-F-028,1497,1497,,,gw_extracted_year_range,,coordinates_resolved,edition_level_print_statement,GW,13396,https://gesamtkatalogderwiegendrucke.de/docs/GW13396.htm,data/derived/prayer-book-corpus.csv,Printing statement shared by copies of the edition.,Venedig,,,print_place-venedig,IT,,,verified_geonames_city,,https://gesamtkatalogderwiegendrucke.de/docs/GW13360.htm | https://gesamtkatalogderwiegendrucke.de/docs/GW1338820N.htm,Venedig,,locality,,
00200635-current,00200635,00200635,ih00391000,ih00391000,current_holding,last,4,1,,,"Chantilly, Musée Condé",Chantilly,Chantilly,GeoNames,3026827,https://www.geonames.org/3026827,49.19461,2.47124,FR,ChantillyMConde,"Chantilly, Musée Condé",VI-F-028,,,,2026-09-30,current_observation_only,,coordinates_resolved,current_holding_statement,MEI,00200635,https://data.cerl.org/mei/00200635,data/expanded/mei-corpus.json,Observed as the current holding institution; no arrival date is inferred.,,,,,FR,,,source_name_and_country_match,Locality-level point reused from source data; no building location or arrival date inferred.,https://data.cerl.org/mei/00200635,"Chantilly, Musée Condé",,locality,,
00200648-print,00200648,00200648,ih00391000,ih00391000,print_place,first,0,1,,,Venedig,Venice,Venice,GeoNames,3164603,https://www.geonames.org/3164603,45.43713,12.33265,,,,Inc. 950 1e p.,1497,1497,,,gw_extracted_year_range,,coordinates_resolved,edition_level_print_statement,GW,13396,https://gesamtkatalogderwiegendrucke.de/docs/GW13396.htm,data/derived/prayer-book-corpus.csv,Printing statement shared by copies of the edition.,Venedig,,,print_place-venedig,IT,,,verified_geonames_city,,https://gesamtkatalogderwiegendrucke.de/docs/GW13360.htm | https://gesamtkatalogderwiegendrucke.de/docs/GW1338820N.htm,Venedig,,locality,,
00200648-p001-loc01,00200648,00200648,ih00391000,ih00391000,provenance_place,intermediate,1,1,00200648-p001,00200648-p001-loc01,Paris,Paris,Paris,GeoNames,2988507,https://www.geonames.org/2988507,48.85341,2.3488,France,,,Inc. 950 1e p.,1620,1654,17,,mei_timeperiod,b,coordinates_resolved,copy_level_provenance_place,MEI,00200648-p001,https://data.cerl.org/mei/00200648,data/expanded/mei-corpus.json,,Paris,48.85341,2.3488,provenance_place-paris,FR,Q90,,normalised_geonames_city,MEI uses two different GeoNames records for Paris in the pilot; the analytical map layer consistently uses the capital record 2988507.,https://data.cerl.org/mei/02003992 | https://data.cerl.org/mei/02004013 | https://data.cerl.org/mei/02004012 | https://data.cerl.org/mei/02003961,Paris,,locality,,
00200648-p002-loc01,00200648,00200648,ih00391000,ih00391000,provenance_place,intermediate,2,1,00200648-p002,00200648-p002-loc01,Paris,Paris,Paris,GeoNames,2988507,https://www.geonames.org/2988507,48.85341,2.3488,France,,,Inc. 950 1e p.,1654,1789,17 | 18,,mei_timeperiod,a,coordinates_resolved,copy_level_provenance_place,MEI,00200648-p002,https://data.cerl.org/mei/00200648,data/expanded/mei-corpus.json,,Paris,48.85341,2.3488,provenance_place-paris,FR,Q90,,normalised_geonames_city,MEI uses two different GeoNames records for Paris in the pilot; the analytical map layer consistently uses the capital record 2988507.,https://data.cerl.org/mei/02003992 | https://data.cerl.org/mei/02004013 | https://data.cerl.org/mei/02004012 | https://data.cerl.org/mei/02003961,Paris,,locality,,
00200648-p003-loc01,00200648,00200648,ih00391000,ih00391000,provenance_place,intermediate,3,1,00200648-p003,00200648-p003-loc01,Paris,Paris,Paris,GeoNames,2988507,https://www.geonames.org/2988507,48.85341,2.3488,France,,,Inc. 950 1e p.,1791,,18,,mei_timeperiod,a,coordinates_resolved,copy_level_provenance_place,MEI,00200648-p003,https://data.cerl.org/mei/00200648,data/expanded/mei-corpus.json,,Paris,48.85341,2.3488,provenance_place-paris,FR,Q90,,normalised_geonames_city,MEI uses two different GeoNames records for Paris in the pilot; the analytical map layer consistently uses the capital record 2988507.,https://data.cerl.org/mei/02003992 | https://data.cerl.org/mei/02004013 | https://data.cerl.org/mei/02004012 | https://data.cerl.org/mei/02003961,Paris,,locality,,
00200648-current,00200648,00200648,ih00391000,ih00391000,current_holding,last,4,1,,,"Paris, Bibliothèque Mazarine",Paris,Paris,GeoNames,2988507,https://www.geonames.org/2988507,48.85341,2.3488,FR,ParisMazarine,"Paris, Bibliothèque Mazarine",Inc. 950 1e p.,,,,2026-09-30,current_observation_only,,coordinates_resolved,current_holding_statement,MEI,00200648,https://data.cerl.org/mei/00200648,data/expanded/mei-corpus.json,Observed as the current holding institution; no arrival date is inferred.,,,,,FR,,,source_name_and_country_match,Locality-level point reused from source data; no building location or arrival date inferred.,https://data.cerl.org/holdinst/ParisBN,"Paris, Bibliothèque Mazarine",,locality,,
00200651-print,00200651,00200651,ih00391000,ih00391000,print_place,first,0,1,,,Venedig,Venice,Venice,GeoNames,3164603,https://www.geonames.org/3164603,45.43713,12.33265,,,,Rés. B. 13619,1497,1497,,,gw_extracted_year_range,,coordinates_resolved,edition_level_print_statement,GW,13396,https://gesamtkatalogderwiegendrucke.de/docs/GW13396.htm,data/derived/prayer-book-corpus.csv,Printing statement shared by copies of the edition.,Venedig,,,print_place-venedig,IT,,,verified_geonames_city,,https://gesamtkatalogderwiegendrucke.de/docs/GW13360.htm | https://gesamtkatalogderwiegendrucke.de/docs/GW1338820N.htm,Venedig,,locality,,
00200651-p002-loc01,00200651,00200651,ih00391000,ih00391000,provenance_place,intermediate,2,1,00200651-p002,00200651-p002-loc01,Paris,Paris,Paris,GeoNames,2988507,https://www.geonames.org/2988507,48.85341,2.3488,France,,,Rés. B. 13619,1800,,18,,mei_timeperiod,a,coordinates_resolved,copy_level_provenance_place,MEI,00200651-p002,https://data.cerl.org/mei/00200651,data/expanded/mei-corpus.json,,Paris,48.85341,2.3488,provenance_place-paris,FR,Q90,,normalised_geonames_city,MEI uses two different GeoNames records for Paris in the pilot; the analytical map layer consistently uses the capital record 2988507.,https://data.cerl.org/mei/02003992 | https://data.cerl.org/mei/02004013 | https://data.cerl.org/mei/02004012 | https://data.cerl.org/mei/02003961,Paris,,locality,,
00200651-current,00200651,00200651,ih00391000,ih00391000,current_holding,last,3,1,,,"Paris, Bibliothèque nationale de France",Paris,Paris,GeoNames,2988507,https://www.geonames.org/2988507,48.85341,2.3488,FR,ParisBN,"Paris, Bibliothèque nationale de France",Rés. B. 13619,,,,2026-09-30,current_observation_only,,coordinates_resolved,current_holding_statement,MEI,00200651,https://data.cerl.org/mei/00200651,data/expanded/mei-corpus.json,Observed as the current holding institution; no arrival date is inferred.,,,,current_holding-parisbn,FR,Q90,Q193563,cerl_holding_city_to_geonames,"The holding institution is mapped to the same Paris capital record used by MEI provenance places, not to exact building coordinates.",https://data.cerl.org/holdinst/ParisBN,"Paris, Bibliothèque nationale de France",,locality,,
00200654-print,00200654,00200654,ih00391000,ih00391000,print_place,first,0,1,,,Venedig,Venice,Venice,GeoNames,3164603,https://www.geonames.org/3164603,45.43713,12.33265,,,,Inc. Ross. 987,1497,1497,,,gw_extracted_year_range,,coordinates_resolved,edition_level_print_statement,GW,13396,https://gesamtkatalogderwiegendrucke.de/docs/GW13396.htm,data/derived/prayer-book-corpus.csv,Printing statement shared by copies of the edition.,Venedig,,,print_place-venedig,IT,,,verified_geonames_city,,https://gesamtkatalogderwiegendrucke.de/docs/GW13360.htm | https://gesamtkatalogderwiegendrucke.de/docs/GW1338820N.htm,Venedig,,locality,,
00200654-current,00200654,00200654,ih00391000,ih00391000,current_holding,last,5,1,,,"Città del Vaticano, Biblioteca Apostolica Vaticana",Vatikan,Vatikan,GeoNames,3164670,https://www.geonames.org/3164670,41.90225,12.4533,VA,VaticanoBAV,"Città del Vaticano, Biblioteca Apostolica Vaticana",Inc. Ross. 987,,,,2026-09-30,current_observation_only,,coordinates_resolved,current_holding_statement,MEI,00200654,https://data.cerl.org/mei/00200654,data/expanded/mei-corpus.json,Observed as the current holding institution; no arrival date is inferred.,,,,,VA,,,human_review_2026_10_01,Ortszuweisung nach Prüfung durch Stefan Matter (01.10.2026); Kartenpunkt auf Ortsebene.,https://data.cerl.org/mei/00200654,"Città del Vaticano, Biblioteca Apostolica Vaticana",ORT-DD656D97,locality,,
00200655-print,00200655,00200655,ih00391000,ih00391000,print_place,first,0,1,,,Venedig,Venice,Venice,GeoNames,3164603,https://www.geonames.org/3164603,45.43713,12.33265,,,,Inc. VI 6,1497,1497,,,gw_extracted_year_range,,coordinates_resolved,edition_level_print_statement,GW,13396,https://gesamtkatalogderwiegendrucke.de/docs/GW13396.htm,data/derived/prayer-book-corpus.csv,Printing statement shared by copies of the edition.,Venedig,,,print_place-venedig,IT,,,verified_geonames_city,,https://gesamtkatalogderwiegendrucke.de/docs/GW13360.htm | https://gesamtkatalogderwiegendrucke.de/docs/GW1338820N.htm,Venedig,,locality,,
00200655-current,00200655,00200655,ih00391000,ih00391000,current_holding,last,3,1,,,"Città del Vaticano, Biblioteca Apostolica Vaticana",Vatikan,Vatikan,GeoNames,3164670,https://www.geonames.org/3164670,41.90225,12.4533,VA,VaticanoBAV,"Città del Vaticano, Biblioteca Apostolica Vaticana",Inc. VI 6,,,,2026-09-30,current_observation_only,,coordinates_resolved,current_holding_statement,MEI,00200655,https://data.cerl.org/mei/00200655,data/expanded/mei-corpus.json,Observed as the current holding institution; no arrival date is inferred.,,,,,VA,,,human_review_2026_10_01,Ortszuweisung nach Prüfung durch Stefan Matter (01.10.2026); Kartenpunkt auf Ortsebene.,https://data.cerl.org/mei/00200654,"Città del Vaticano, Biblioteca Apostolica Vaticana",ORT-DD656D97,locality,,
00200661-print,00200661,00200661,ih00391000,ih00391000,print_place,first,0,1,,,Venedig,Venice,Venice,GeoNames,3164603,https://www.geonames.org/3164603,45.43713,12.33265,,,,L.83,1497,1497,,,gw_extracted_year_range,,coordinates_resolved,edition_level_print_statement,GW,13396,https://gesamtkatalogderwiegendrucke.de/docs/GW13396.htm,data/derived/prayer-book-corpus.csv,Printing statement shared by copies of the edition.,Venedig,,,print_place-venedig,IT,,,verified_geonames_city,,https://gesamtkatalogderwiegendrucke.de/docs/GW13360.htm | https://gesamtkatalogderwiegendrucke.de/docs/GW1338820N.htm,Venedig,,locality,,
00200661-current,00200661,00200661,ih00391000,ih00391000,current_holding,last,4,1,,,"Pistoia, Biblioteca Capitolare Fabroniana",Pistoia,Pistoia,GeoNames,3170621,https://www.geonames.org/3170621,43.93064,10.92365,IT,PistoiaFabr,"Pistoia, Biblioteca Capitolare Fabroniana",L.83,,,,2026-09-30,current_observation_only,,coordinates_resolved,current_holding_statement,MEI,00200661,https://data.cerl.org/mei/00200661,data/expanded/mei-corpus.json,Observed as the current holding institution; no arrival date is inferred.,,,,,IT,,,source_name_and_country_match,Locality-level point reused from source data; no building location or arrival date inferred.,https://data.cerl.org/mei/00200661,"Pistoia, Biblioteca Capitolare Fabroniana",,locality,,
00200637-print,00200637,00200637,ih00391000,ih00391000,print_place,first,0,1,,,Venedig,Venice,Venice,GeoNames,3164603,https://www.geonames.org/3164603,45.43713,12.33265,,,,D. V. 15,1497,1497,,,gw_extracted_year_range,,coordinates_resolved,edition_level_print_statement,GW,13396,https://gesamtkatalogderwiegendrucke.de/docs/GW13396.htm,data/derived/prayer-book-corpus.csv,Printing statement shared by copies of the edition.,Venedig,,,print_place-venedig,IT,,,verified_geonames_city,,https://gesamtkatalogderwiegendrucke.de/docs/GW13360.htm | https://gesamtkatalogderwiegendrucke.de/docs/GW1338820N.htm,Venedig,,locality,,
00200637-current,00200637,00200637,ih00391000,ih00391000,current_holding,last,6,1,,,"Firenze, Biblioteca del Seminario arcivescovile maggiore",Florence,Florence,GeoNames,3176959,https://www.geonames.org/3176959,43.77925,11.24626,IT,FirenzeSem,"Firenze, Biblioteca del Seminario arcivescovile maggiore",D. V. 15,,,,2026-09-30,current_observation_only,,coordinates_resolved,current_holding_statement,MEI,00200637,https://data.cerl.org/mei/00200637,data/expanded/mei-corpus.json,Observed as the current holding institution; no arrival date is inferred.,,,,,IT,,,source_name_and_country_match,Locality-level point reused from source data; no building location or arrival date inferred.,https://data.cerl.org/holdinst/FirenzeN,"Firenze, Biblioteca del Seminario arcivescovile maggiore",,locality,,
00200642-print,00200642,00200642,ih00391000,ih00391000,print_place,first,0,1,,,Venedig,Venice,Venice,GeoNames,3164603,https://www.geonames.org/3164603,45.43713,12.33265,,,,Rar. 1582,1497,1497,,,gw_extracted_year_range,,coordinates_resolved,edition_level_print_statement,GW,13396,https://gesamtkatalogderwiegendrucke.de/docs/GW13396.htm,data/derived/prayer-book-corpus.csv,Printing statement shared by copies of the edition.,Venedig,,,print_place-venedig,IT,,,verified_geonames_city,,https://gesamtkatalogderwiegendrucke.de/docs/GW13360.htm | https://gesamtkatalogderwiegendrucke.de/docs/GW1338820N.htm,Venedig,,locality,,
00200642-current,00200642,00200642,ih00391000,ih00391000,current_holding,last,5,1,,,"München, Bayerische Staatsbibliothek",Munich,Munich,GeoNames,2867714,https://www.geonames.org/2867714,48.13743,11.57549,DE,MunchenBSB,"München, Bayerische Staatsbibliothek",Rar. 1582,,,,2026-09-30,current_observation_only,,coordinates_resolved,current_holding_statement,MEI,00200642,https://data.cerl.org/mei/00200642,data/expanded/mei-corpus.json,Observed as the current holding institution; no arrival date is inferred.,,,,,DE,,,source_name_and_country_match,Locality-level point reused from source data; no building location or arrival date inferred.,https://data.cerl.org/mei/02003758,"München, Bayerische Staatsbibliothek",,locality,,
00200663-print,00200663,00200663,ih00391000,ih00391000,print_place,first,0,1,,,Venedig,Venice,Venice,GeoNames,3164603,https://www.geonames.org/3164603,45.43713,12.33265,,,,1497 n. 13 1 History of Printing Collection Aldine Collection,1497,1497,,,gw_extracted_year_range,,coordinates_resolved,edition_level_print_statement,GW,13396,https://gesamtkatalogderwiegendrucke.de/docs/GW13396.htm,data/derived/prayer-book-corpus.csv,Printing statement shared by copies of the edition.,Venedig,,,print_place-venedig,IT,,,verified_geonames_city,,https://gesamtkatalogderwiegendrucke.de/docs/GW13360.htm | https://gesamtkatalogderwiegendrucke.de/docs/GW1338820N.htm,Venedig,,locality,,
00200663-current,00200663,00200663,ih00391000,ih00391000,current_holding,last,4,1,,,"Provo UT, Brigham Young University, Harold B. Lee Library",Provo,Provo,GeoNames,5780026,https://www.geonames.org/5780026,40.23384,-111.65853,US,BYUL,"Provo UT, Brigham Young University, Harold B. Lee Library",1497 n. 13 1 History of Printing Collection Aldine Collection,,,,2026-09-30,current_observation_only,,coordinates_resolved,current_holding_statement,MEI,00200663,https://data.cerl.org/mei/00200663,data/expanded/mei-corpus.json,Observed as the current holding institution; no arrival date is inferred.,,,,,US,,,human_review_2026_10_01,Ortszuweisung nach Prüfung durch Stefan Matter (01.10.2026); Kartenpunkt auf Ortsebene.,https://data.cerl.org/mei/00200663,"Provo UT, Brigham Young University, Harold B. Lee Library",ORT-135032E7,locality,,
02011583-print,02011583,02011583,ih00391000,ih00391000,print_place,first,0,1,,,Venedig,Venice,Venice,GeoNames,3164603,https://www.geonames.org/3164603,45.43713,12.33265,,,,G.12135,1497,1497,,,gw_extracted_year_range,,coordinates_resolved,edition_level_print_statement,GW,13396,https://gesamtkatalogderwiegendrucke.de/docs/GW13396.htm,data/derived/prayer-book-corpus.csv,Printing statement shared by copies of the edition.,Venedig,,,print_place-venedig,IT,,,verified_geonames_city,,https://gesamtkatalogderwiegendrucke.de/docs/GW13360.htm | https://gesamtkatalogderwiegendrucke.de/docs/GW1338820N.htm,Venedig,,locality,,
02011583-p001-loc01,02011583,02011583,ih00391000,ih00391000,provenance_place,intermediate,1,1,02011583-p001,02011583-p001-loc01,London,London,London,GeoNames,2643743,https://www.geonames.org/2643743,51.50853,-0.12574,,,,G.12135,1755,1846,18 | 19,,mei_timeperiod,a,coordinates_resolved,copy_level_provenance_place,MEI,02011583-p001,https://data.cerl.org/mei/02011583,data/expanded/mei-corpus.json,,London,,,provenance_place-london,GB,,,reused_mei_geonames,,https://data.cerl.org/mei/00200533,London,,locality,,
02011583-p002-loc01,02011583,02011583,ih00391000,ih00391000,provenance_place,intermediate,2,1,02011583-p002,02011583-p002-loc01,London,London,London,GeoNames,2643743,https://www.geonames.org/2643743,51.50853,-0.12574,,,,G.12135,1847,,19,,mei_timeperiod,a,coordinates_resolved,copy_level_provenance_place,MEI,02011583-p002,https://data.cerl.org/mei/02011583,data/expanded/mei-corpus.json,,London,,,provenance_place-london,GB,,,reused_mei_geonames,,https://data.cerl.org/mei/00200533,London,,locality,,
02011583-current,02011583,02011583,ih00391000,ih00391000,current_holding,last,3,1,,,"London, British Library",London,London,GeoNames,2643743,https://www.geonames.org/2643743,51.50853,-0.12574,GB,LondonBL,"London, British Library",G.12135,,,,2026-09-30,current_observation_only,,coordinates_resolved,current_holding_statement,MEI,02011583,https://data.cerl.org/mei/02011583,data/expanded/mei-corpus.json,Observed as the current holding institution; no arrival date is inferred.,,,,current_holding-londonbl,GB,,Q23308,cerl_holding_city_to_geonames,"The holding institution is mapped to its city-level GeoNames point, not to building coordinates.",https://data.cerl.org/holdinst/LondonBL,"London, British Library",,locality,,
02126726-print,02126726,02126726,ih00391000,ih00391000,print_place,first,0,1,,,Venedig,Venice,Venice,GeoNames,3164603,https://www.geonames.org/3164603,45.43713,12.33265,,,,BJ Cam. X. I. 9,1497,1497,,,gw_extracted_year_range,,coordinates_resolved,edition_level_print_statement,GW,13396,https://gesamtkatalogderwiegendrucke.de/docs/GW13396.htm,data/derived/prayer-book-corpus.csv,Printing statement shared by copies of the edition.,Venedig,,,print_place-venedig,IT,,,verified_geonames_city,,https://gesamtkatalogderwiegendrucke.de/docs/GW13360.htm | https://gesamtkatalogderwiegendrucke.de/docs/GW1338820N.htm,Venedig,,locality,,
02126726-current,02126726,02126726,ih00391000,ih00391000,current_holding,last,4,1,,,"Kraków, Biblioteka Jagiellońska",Krakow,Krakow,GeoNames,3094802,https://www.geonames.org/3094802,50.06143,19.93658,PL,KrakowJ,"Kraków, Biblioteka Jagiellońska",BJ Cam. X. I. 9,,,,2026-09-30,current_observation_only,,coordinates_resolved,current_holding_statement,MEI,02126726,https://data.cerl.org/mei/02126726,data/expanded/mei-corpus.json,Observed as the current holding institution; no arrival date is inferred.,,,,,PL,,,source_name_and_country_match,Locality-level point reused from source data; no building location or arrival date inferred.,https://gesamtkatalogderwiegendrucke.de/docs/GW13447.htm,"Kraków, Biblioteka Jagiellońska",,locality,,
00200653-print,00200653,00200653,ih00391000,ih00391000,print_place,first,0,1,,,Venedig,Venice,Venice,GeoNames,3164603,https://www.geonames.org/3164603,45.43713,12.33265,,,,88359,1497,1497,,,gw_extracted_year_range,,coordinates_resolved,edition_level_print_statement,GW,13396,https://gesamtkatalogderwiegendrucke.de/docs/GW13396.htm,data/derived/prayer-book-corpus.csv,Printing statement shared by copies of the edition.,Venedig,,,print_place-venedig,IT,,,verified_geonames_city,,https://gesamtkatalogderwiegendrucke.de/docs/GW13360.htm | https://gesamtkatalogderwiegendrucke.de/docs/GW1338820N.htm,Venedig,,locality,,
00200653-p001-loc01,00200653,00200653,ih00391000,ih00391000,provenance_place,intermediate,1,1,00200653-p001,00200653-p001-loc01,Paris,Paris,Paris,GeoNames,2988507,https://www.geonames.org/2988507,48.85341,2.3488,France,,,88359,1875,1878,19,,mei_timeperiod,a,coordinates_resolved,copy_level_provenance_place,MEI,00200653-p001,https://data.cerl.org/mei/00200653,data/expanded/mei-corpus.json,,Paris,48.85341,2.3488,provenance_place-paris,FR,Q90,,normalised_geonames_city,MEI uses two different GeoNames records for Paris in the pilot; the analytical map layer consistently uses the capital record 2988507.,https://data.cerl.org/mei/02003992 | https://data.cerl.org/mei/02004013 | https://data.cerl.org/mei/02004012 | https://data.cerl.org/mei/02003961,Paris,,locality,,
00200653-current,00200653,00200653,ih00391000,ih00391000,current_holding,last,6,1,,,"San Marino CA, Huntington Library",San Marino,San Marino,GeoNames,5392400,https://www.geonames.org/5392400,34.1214,-118.10646,US,SanMarinoHun,"San Marino CA, Huntington Library",88359,,,,2026-09-30,current_observation_only,,coordinates_resolved,current_holding_statement,MEI,00200653,https://data.cerl.org/mei/00200653,data/expanded/mei-corpus.json,Observed as the current holding institution; no arrival date is inferred.,,,,,US,,,human_review_2026_10_01,Ortszuweisung nach Prüfung durch Stefan Matter (01.10.2026); Kartenpunkt auf Ortsebene.,https://data.cerl.org/mei/02156758,"San Marino CA, Huntington Library",ORT-CB30A216,locality,,
00200646-print,00200646,00200646,ih00391000,ih00391000,print_place,first,0,1,,,Venedig,Venice,Venice,GeoNames,3164603,https://www.geonames.org/3164603,45.43713,12.33265,,,,,1497,1497,,,gw_extracted_year_range,,coordinates_resolved,edition_level_print_statement,GW,13396,https://gesamtkatalogderwiegendrucke.de/docs/GW13396.htm,data/derived/prayer-book-corpus.csv,Printing statement shared by copies of the edition.,Venedig,,,print_place-venedig,IT,,,verified_geonames_city,,https://gesamtkatalogderwiegendrucke.de/docs/GW13360.htm | https://gesamtkatalogderwiegendrucke.de/docs/GW1338820N.htm,Venedig,,locality,,
00200646-p001-loc01,00200646,00200646,ih00391000,ih00391000,provenance_place,intermediate,1,1,00200646-p001,00200646-p001-loc01,Paris,Paris,Paris,GeoNames,2988507,https://www.geonames.org/2988507,48.85341,2.3488,France,,,,1800,1828,18 | 19,,mei_timeperiod,a,coordinates_resolved,copy_level_provenance_place,MEI,00200646-p001,https://data.cerl.org/mei/00200646,data/expanded/mei-corpus.json,,Paris,48.85341,2.3488,provenance_place-paris,FR,Q90,,normalised_geonames_city,MEI uses two different GeoNames records for Paris in the pilot; the analytical map layer consistently uses the capital record 2988507.,https://data.cerl.org/mei/02003992 | https://data.cerl.org/mei/02004013 | https://data.cerl.org/mei/02004012 | https://data.cerl.org/mei/02003961,Paris,,locality,,
00200646-current,00200646,00200646,ih00391000,ih00391000,current_holding,last,9,1,,,"New York NY, T. Kimball Brooker  ",New York,New York,GeoNames,5128581,https://www.geonames.org/5128581,40.71427,-74.00597,US,"NewYorkNY,T.KimballBrooker","New York NY, T. Kimball Brooker  ",,,,,2026-09-30,current_observation_only,,coordinates_resolved,current_holding_statement,MEI,00200646,https://data.cerl.org/mei/00200646,data/expanded/mei-corpus.json,Observed as the current holding institution; no arrival date is inferred.,,,,,US,,,source_name_and_country_match,Locality-level point reused from source data; no building location or arrival date inferred.,https://data.cerl.org/holdinst/NewYorkNYPierpontMorganLibrary,"New York NY, T. Kimball Brooker  ",,locality,,
00200633-print,00200633,00200633,ih00391000,ih00391000,print_place,first,0,1,,,Venedig,Venice,Venice,GeoNames,3164603,https://www.geonames.org/3164603,45.43713,12.33265,,,,M.12.1,1497,1497,,,gw_extracted_year_range,,coordinates_resolved,edition_level_print_statement,GW,13396,https://gesamtkatalogderwiegendrucke.de/docs/GW13396.htm,data/derived/prayer-book-corpus.csv,Printing statement shared by copies of the edition.,Venedig,,,print_place-venedig,IT,,,verified_geonames_city,,https://gesamtkatalogderwiegendrucke.de/docs/GW13360.htm | https://gesamtkatalogderwiegendrucke.de/docs/GW1338820N.htm,Venedig,,locality,,
00200633-current,00200633,00200633,ih00391000,ih00391000,current_holding,last,8,1,,,"Cambridge, Trinity College",Cambridge,Cambridge,GeoNames,2653941,https://www.geonames.org/2653941,52.2,0.11667,GB,CambridgeTrinityCollege,"Cambridge, Trinity College",M.12.1,,,,2026-09-30,current_observation_only,,coordinates_resolved,current_holding_statement,MEI,00200633,https://data.cerl.org/mei/00200633,data/expanded/mei-corpus.json,Observed as the current holding institution; no arrival date is inferred.,,,,,GB,,,source_name_and_country_match,Locality-level point reused from source data; no building location or arrival date inferred.,https://data.cerl.org/holdinst/CambridgeUL,"Cambridge, Trinity College",,locality,,
00200641-print,00200641,00200641,ih00391000,ih00391000,print_place,first,0,1,,,Venedig,Venice,Venice,GeoNames,3164603,https://www.geonames.org/3164603,45.43713,12.33265,,,,Ink. M 138 Ald 8.254,1497,1497,,,gw_extracted_year_range,,coordinates_resolved,edition_level_print_statement,GW,13396,https://gesamtkatalogderwiegendrucke.de/docs/GW13396.htm,data/derived/prayer-book-corpus.csv,Printing statement shared by copies of the edition.,Venedig,,,print_place-venedig,IT,,,verified_geonames_city,,https://gesamtkatalogderwiegendrucke.de/docs/GW13360.htm | https://gesamtkatalogderwiegendrucke.de/docs/GW1338820N.htm,Venedig,,locality,,
00200641-current,00200641,00200641,ih00391000,ih00391000,current_holding,last,3,1,,,"Moscow, Russian State Library",Moscow,Moscow,GeoNames,524901,https://www.geonames.org/524901,55.75204,37.61781,RU,MoscowSL,"Moscow, Russian State Library",Ink. M 138 Ald 8.254,,,,2026-09-30,current_observation_only,,coordinates_resolved,current_holding_statement,MEI,00200641,https://data.cerl.org/mei/00200641,data/expanded/mei-corpus.json,Observed as the current holding institution; no arrival date is inferred.,,,,,RU,,,source_name_and_country_match,Locality-level point reused from source data; no building location or arrival date inferred.,https://data.cerl.org/mei/00200641,"Moscow, Russian State Library",,locality,,
00200666-print,00200666,00200666,ih00391000,ih00391000,print_place,first,0,1,,,Venedig,Venice,Venice,GeoNames,3164603,https://www.geonames.org/3164603,45.43713,12.33265,,,,Vollbehr H8830,1497,1497,,,gw_extracted_year_range,,coordinates_resolved,edition_level_print_statement,GW,13396,https://gesamtkatalogderwiegendrucke.de/docs/GW13396.htm,data/derived/prayer-book-corpus.csv,Printing statement shared by copies of the edition.,Venedig,,,print_place-venedig,IT,,,verified_geonames_city,,https://gesamtkatalogderwiegendrucke.de/docs/GW13360.htm | https://gesamtkatalogderwiegendrucke.de/docs/GW1338820N.htm,Venedig,,locality,,
00200666-current,00200666,00200666,ih00391000,ih00391000,current_holding,last,5,1,,,"Washington DC, Library of Congress, Rare Book Division",Washington,Washington,GeoNames,4140963,https://www.geonames.org/4140963,38.89511,-77.03637,US,LC,"Washington DC, Library of Congress, Rare Book Division",Vollbehr H8830,,,,2026-09-30,current_observation_only,,coordinates_resolved,current_holding_statement,MEI,00200666,https://data.cerl.org/mei/00200666,data/expanded/mei-corpus.json,Observed as the current holding institution; no arrival date is inferred.,,,,,US,,,source_name_and_country_match,Locality-level point reused from source data; no building location or arrival date inferred.,https://data.cerl.org/holdinst/WashingtonLoC,"Washington DC, Library of Congress, Rare Book Division",,locality,,
00200632-print,00200632,00200632,ih00391000,ih00391000,print_place,first,0,1,,,Venedig,Venice,Venice,GeoNames,3164603,https://www.geonames.org/3164603,45.43713,12.33265,,,,"Ald. Ren. 15,13 = 8o Inc. 4497",1497,1497,,,gw_extracted_year_range,,coordinates_resolved,edition_level_print_statement,GW,13396,https://gesamtkatalogderwiegendrucke.de/docs/GW13396.htm,data/derived/prayer-book-corpus.csv,Printing statement shared by copies of the edition.,Venedig,,,print_place-venedig,IT,,,verified_geonames_city,,https://gesamtkatalogderwiegendrucke.de/docs/GW13360.htm | https://gesamtkatalogderwiegendrucke.de/docs/GW1338820N.htm,Venedig,,locality,,
00200632-current,00200632,00200632,ih00391000,ih00391000,current_holding,last,3,1,,,"Berlin, Staatsbibliothek",Berlin,Berlin,GeoNames,2950159,https://www.geonames.org/2950159,52.52437,13.41053,DE,BerlinSB,"Berlin, Staatsbibliothek","Ald. Ren. 15,13 = 8o Inc. 4497",,,,2026-09-30,current_observation_only,,coordinates_resolved,current_holding_statement,MEI,00200632,https://data.cerl.org/mei/00200632,data/expanded/mei-corpus.json,Observed as the current holding institution; no arrival date is inferred.,,,,current_holding-berlinsb,DE,,Q170109,cerl_holding_city_to_geonames,"The holding institution is mapped to its city-level GeoNames point, not to building coordinates.",https://data.cerl.org/holdinst/BerlinSB,"Berlin, Staatsbibliothek",,locality,,
00200645-print,00200645,00200645,ih00391000,ih00391000,print_place,first,0,1,,,Venedig,Venice,Venice,GeoNames,3164603,https://www.geonames.org/3164603,45.43713,12.33265,,,,"ChL 1002c, Accession no. 21863.2 - PML 21863.2",1497,1497,,,gw_extracted_year_range,,coordinates_resolved,edition_level_print_statement,GW,13396,https://gesamtkatalogderwiegendrucke.de/docs/GW13396.htm,data/derived/prayer-book-corpus.csv,Printing statement shared by copies of the edition.,Venedig,,,print_place-venedig,IT,,,verified_geonames_city,,https://gesamtkatalogderwiegendrucke.de/docs/GW13360.htm | https://gesamtkatalogderwiegendrucke.de/docs/GW1338820N.htm,Venedig,,locality,,
00200645-current,00200645,00200645,ih00391000,ih00391000,current_holding,last,7,1,,,"New York NY, The Morgan Library and Museum",New York,New York,GeoNames,5128581,https://www.geonames.org/5128581,40.71427,-74.00597,US,NewYorkNYPierpontMorganLibrary,"New York NY, The Morgan Library and Museum","ChL 1002c, Accession no. 21863.2 - PML 21863.2",,,,2026-09-30,current_observation_only,,coordinates_resolved,current_holding_statement,MEI,00200645,https://data.cerl.org/mei/00200645,data/expanded/mei-corpus.json,Observed as the current holding institution; no arrival date is inferred.,,,,current_holding-newyorknypierpontmorganlibrary,US,,,cerl_holding_city_to_geonames,"The holding institution is mapped to its city-level GeoNames point, not to building coordinates.",https://data.cerl.org/holdinst/NewYorkNYPierpontMorganLibrary,"New York NY, The Morgan Library and Museum",,locality,,
00200638-print,00200638,00200638,ih00391000,ih00391000,print_place,first,0,1,,,Venedig,Venice,Venice,GeoNames,3164603,https://www.geonames.org/3164603,45.43713,12.33265,,,,"8 H E RIT I, 8157 INC ",1497,1497,,,gw_extracted_year_range,,coordinates_resolved,edition_level_print_statement,GW,13396,https://gesamtkatalogderwiegendrucke.de/docs/GW13396.htm,data/derived/prayer-book-corpus.csv,Printing statement shared by copies of the edition.,Venedig,,,print_place-venedig,IT,,,verified_geonames_city,,https://gesamtkatalogderwiegendrucke.de/docs/GW13360.htm | https://gesamtkatalogderwiegendrucke.de/docs/GW1338820N.htm,Venedig,,locality,,
00200638-current,00200638,00200638,ih00391000,ih00391000,current_holding,last,6,1,,,"Göttingen, Staats- und Universitätsbibliothek",Göttingen,Göttingen,GeoNames,2918632,https://www.geonames.org/2918632,51.53443,9.93228,DE,GoettingenSUB,"Göttingen, Staats- und Universitätsbibliothek","8 H E RIT I, 8157 INC ",,,,2026-09-30,current_observation_only,,coordinates_resolved,current_holding_statement,MEI,00200638,https://data.cerl.org/mei/00200638,data/expanded/mei-corpus.json,Observed as the current holding institution; no arrival date is inferred.,,,,,DE,,,source_name_and_country_match,Locality-level point reused from source data; no building location or arrival date inferred.,https://data.cerl.org/mei/00200638,"Göttingen, Staats- und Universitätsbibliothek",,locality,,
00200652-print,00200652,00200652,ih00391000,ih00391000,print_place,first,0,1,,,Venedig,Venice,Venice,GeoNames,3164603,https://www.geonames.org/3164603,45.43713,12.33265,,,,LL I 58,1497,1497,,,gw_extracted_year_range,,coordinates_resolved,edition_level_print_statement,GW,13396,https://gesamtkatalogderwiegendrucke.de/docs/GW13396.htm,data/derived/prayer-book-corpus.csv,Printing statement shared by copies of the edition.,Venedig,,,print_place-venedig,IT,,,verified_geonames_city,,https://gesamtkatalogderwiegendrucke.de/docs/GW13360.htm | https://gesamtkatalogderwiegendrucke.de/docs/GW1338820N.htm,Venedig,,locality,,
00200652-current,00200652,00200652,ih00391000,ih00391000,current_holding,last,3,1,,,"Parma, Biblioteca Palatina",Parma,Parma,GeoNames,3171457,https://www.geonames.org/3171457,44.79935,10.32618,IT,ParmaPal,"Parma, Biblioteca Palatina",LL I 58,,,,2026-09-30,current_observation_only,,coordinates_resolved,current_holding_statement,MEI,00200652,https://data.cerl.org/mei/00200652,data/expanded/mei-corpus.json,Observed as the current holding institution; no arrival date is inferred.,,,,,IT,,,source_name_and_country_match,Locality-level point reused from source data; no building location or arrival date inferred.,https://data.cerl.org/mei/00200652,"Parma, Biblioteca Palatina",,locality,,
02011333-print,02011333,02011333,ih00391000,ih00391000,print_place,first,0,1,,,Venedig,Venice,Venice,GeoNames,3164603,https://www.geonames.org/3164603,45.43713,12.33265,,,,Brooke 7,1497,1497,,,gw_extracted_year_range,,coordinates_resolved,edition_level_print_statement,GW,13396,https://gesamtkatalogderwiegendrucke.de/docs/GW13396.htm,data/derived/prayer-book-corpus.csv,Printing statement shared by copies of the edition.,Venedig,,,print_place-venedig,IT,,,verified_geonames_city,,https://gesamtkatalogderwiegendrucke.de/docs/GW13360.htm | https://gesamtkatalogderwiegendrucke.de/docs/GW1338820N.htm,Venedig,,locality,,
02011333-p002-loc01,02011333,02011333,ih00391000,ih00391000,provenance_place,intermediate,2,1,02011333-p002,02011333-p002-loc01,Huddersfield,Huddersfield,Huddersfield,,,,53.645,-1.7798,,,,Brooke 7,1860,1908,19 | 20,,mei_timeperiod,a,coordinates_resolved,copy_level_provenance_place,MEI,02011333-p002,https://data.cerl.org/mei/02011333,data/expanded/mei-corpus.json,,Huddersfield,,,,GB,,,human_review_2026_10_01,Ortszuweisung nach Prüfung durch Stefan Matter (01.10.2026); Kartenpunkt auf Ortsebene.,https://en.wikipedia.org/wiki/Huddersfield,Huddersfield,ORT-CC29ED12,locality,,
02011333-current,02011333,02011333,ih00391000,ih00391000,current_holding,last,5,1,,,"Oxford, Keble College",Oxford,Oxford,GeoNames,2640729,https://www.geonames.org/2640729,51.75222,-1.25596,GB,OxfordKeble,"Oxford, Keble College",Brooke 7,,,,2026-09-30,current_observation_only,,coordinates_resolved,current_holding_statement,MEI,02011333,https://data.cerl.org/mei/02011333,data/expanded/mei-corpus.json,Observed as the current holding institution; no arrival date is inferred.,,,,,GB,,,source_name_and_country_match,Locality-level point reused from source data; no building location or arrival date inferred.,https://data.cerl.org/holdinst/OxfordBodley,"Oxford, Keble College",,locality,,
00200644-print,00200644,00200644,ih00391000,ih00391000,print_place,first,0,1,,,Venedig,Venice,Venice,GeoNames,3164603,https://www.geonames.org/3164603,45.43713,12.33265,,,,ChL 1002b + 1005 - PML 18876.2,1497,1497,,,gw_extracted_year_range,,coordinates_resolved,edition_level_print_statement,GW,13396,https://gesamtkatalogderwiegendrucke.de/docs/GW13396.htm,data/derived/prayer-book-corpus.csv,Printing statement shared by copies of the edition.,Venedig,,,print_place-venedig,IT,,,verified_geonames_city,,https://gesamtkatalogderwiegendrucke.de/docs/GW13360.htm | https://gesamtkatalogderwiegendrucke.de/docs/GW1338820N.htm,Venedig,,locality,,
00200644-current,00200644,00200644,ih00391000,ih00391000,current_holding,last,8,1,,,"New York NY, The Morgan Library and Museum",New York,New York,GeoNames,5128581,https://www.geonames.org/5128581,40.71427,-74.00597,US,NewYorkNYPierpontMorganLibrary,"New York NY, The Morgan Library and Museum",ChL 1002b + 1005 - PML 18876.2,,,,2026-09-30,current_observation_only,,coordinates_resolved,current_holding_statement,MEI,00200644,https://data.cerl.org/mei/00200644,data/expanded/mei-corpus.json,Observed as the current holding institution; no arrival date is inferred.,,,,current_holding-newyorknypierpontmorganlibrary,US,,,cerl_holding_city_to_geonames,"The holding institution is mapped to its city-level GeoNames point, not to building coordinates.",https://data.cerl.org/holdinst/NewYorkNYPierpontMorganLibrary,"New York NY, The Morgan Library and Museum",,locality,,
00200664-print,00200664,00200664,ih00391000,ih00391000,print_place,first,0,1,,,Venedig,Venice,Venice,GeoNames,3164603,https://www.geonames.org/3164603,45.43713,12.33265,,,,Inc. 855,1497,1497,,,gw_extracted_year_range,,coordinates_resolved,edition_level_print_statement,GW,13396,https://gesamtkatalogderwiegendrucke.de/docs/GW13396.htm,data/derived/prayer-book-corpus.csv,Printing statement shared by copies of the edition.,Venedig,,,print_place-venedig,IT,,,verified_geonames_city,,https://gesamtkatalogderwiegendrucke.de/docs/GW13360.htm | https://gesamtkatalogderwiegendrucke.de/docs/GW1338820N.htm,Venedig,,locality,,
00200664-current,00200664,00200664,ih00391000,ih00391000,current_holding,last,3,1,,,"Roma, Biblioteca Angelica",Rome,Rome,GeoNames,3169070,https://www.geonames.org/3169070,41.89193,12.51133,IT,RomaAng,"Roma, Biblioteca Angelica",Inc. 855,,,,2026-09-30,current_observation_only,,coordinates_resolved,current_holding_statement,MEI,00200664,https://data.cerl.org/mei/00200664,data/expanded/mei-corpus.json,Observed as the current holding institution; no arrival date is inferred.,,,,,IT,,,source_name_and_country_match,Locality-level point reused from source data; no building location or arrival date inferred.,https://gesamtkatalogderwiegendrucke.de/docs/GW13353.htm,"Roma, Biblioteca Angelica",,locality,,
00200667-print,00200667,00200667,ih00391000,ih00391000,print_place,first,0,1,,,Venedig,Venice,Venice,GeoNames,3164603,https://www.geonames.org/3164603,45.43713,12.33265,,,,Hours 1497 Rome,1497,1497,,,gw_extracted_year_range,,coordinates_resolved,edition_level_print_statement,GW,13396,https://gesamtkatalogderwiegendrucke.de/docs/GW13396.htm,data/derived/prayer-book-corpus.csv,Printing statement shared by copies of the edition.,Venedig,,,print_place-venedig,IT,,,verified_geonames_city,,https://gesamtkatalogderwiegendrucke.de/docs/GW13360.htm | https://gesamtkatalogderwiegendrucke.de/docs/GW1338820N.htm,Venedig,,locality,,
00200667-current,00200667,00200667,ih00391000,ih00391000,current_holding,last,10,1,,,Williams College Library,Williamstown,Williamstown,GeoNames,4955786,https://www.geonames.org/4955786,42.71202,-73.20372,US,WillCL,Williams College Library,Hours 1497 Rome,,,,2026-09-30,current_observation_only,,coordinates_resolved,current_holding_statement,MEI,00200667,https://data.cerl.org/mei/00200667,data/expanded/mei-corpus.json,Observed as the current holding institution; no arrival date is inferred.,,,,current_holding-willcl,US,,,cerl_holding_city_to_geonames,"The holding institution is mapped to its city-level GeoNames point, not to building coordinates.",https://data.cerl.org/holdinst/WillCL,Williams College Library,,locality,,
00200647-print,00200647,00200647,ih00391000,ih00391000,print_place,first,0,1,,,Venedig,Venice,Venice,GeoNames,3164603,https://www.geonames.org/3164603,45.43713,12.33265,,,,"Auct. 1R 5.34 (metal cuts Arch. G f.6,7)",1497,1497,,,gw_extracted_year_range,,coordinates_resolved,edition_level_print_statement,GW,13396,https://gesamtkatalogderwiegendrucke.de/docs/GW13396.htm,data/derived/prayer-book-corpus.csv,Printing statement shared by copies of the edition.,Venedig,,,print_place-venedig,IT,,,verified_geonames_city,,https://gesamtkatalogderwiegendrucke.de/docs/GW13360.htm | https://gesamtkatalogderwiegendrucke.de/docs/GW1338820N.htm,Venedig,,locality,,
00200647-current,00200647,00200647,ih00391000,ih00391000,current_holding,last,5,1,,,"Oxford, Bodleian Library",Oxford,Oxford,GeoNames,2640729,https://www.geonames.org/2640729,51.75222,-1.25596,GB,OxfordBodley,"Oxford, Bodleian Library","Auct. 1R 5.34 (metal cuts Arch. G f.6,7)",,,,2026-09-30,current_observation_only,,coordinates_resolved,current_holding_statement,MEI,00200647,https://data.cerl.org/mei/00200647,data/expanded/mei-corpus.json,Observed as the current holding institution; no arrival date is inferred.,,,,current_holding-oxfordbodley,GB,,Q82133,cerl_holding_city_to_geonames,"The holding institution is mapped to its city-level GeoNames point, not to building coordinates.",https://data.cerl.org/holdinst/OxfordBodley,"Oxford, Bodleian Library",,locality,,
00200639-print,00200639,00200639,ih00391000,ih00391000,print_place,first,0,1,,,Venedig,Venice,Venice,GeoNames,3164603,https://www.geonames.org/3164603,45.43713,12.33265,,,,A1. C27h 1497,1497,1497,,,gw_extracted_year_range,,coordinates_resolved,edition_level_print_statement,GW,13396,https://gesamtkatalogderwiegendrucke.de/docs/GW13396.htm,data/derived/prayer-book-corpus.csv,Printing statement shared by copies of the edition.,Venedig,,,print_place-venedig,IT,,,verified_geonames_city,,https://gesamtkatalogderwiegendrucke.de/docs/GW13360.htm | https://gesamtkatalogderwiegendrucke.de/docs/GW1338820N.htm,Venedig,,locality,,
00200639-current,00200639,00200639,ih00391000,ih00391000,current_holding,last,6,1,,,"Los Angeles CA, University of California",Los Angeles,Los Angeles,GeoNames,5368361,https://www.geonames.org/5368361,34.05223,-118.24368,US,UCalLAL,"Los Angeles CA, University of California",A1. C27h 1497,,,,2026-09-30,current_observation_only,,coordinates_resolved,current_holding_statement,MEI,00200639,https://data.cerl.org/mei/00200639,data/expanded/mei-corpus.json,Observed as the current holding institution; no arrival date is inferred.,,,,,US,,,human_review_2026_10_01,Ortszuweisung nach Prüfung durch Stefan Matter (01.10.2026); Kartenpunkt auf Ortsebene.,https://data.cerl.org/mei/00200639,"Los Angeles CA, University of California",ORT-DB7BF974,locality,,
00200643-print,00200643,00200643,ih00391000,ih00391000,print_place,first,0,1,,,Venedig,Venice,Venice,GeoNames,3164603,https://www.geonames.org/3164603,45.43713,12.33265,,,,NT 3069935,1497,1497,,,gw_extracted_year_range,,coordinates_resolved,edition_level_print_statement,GW,13396,https://gesamtkatalogderwiegendrucke.de/docs/GW13396.htm,data/derived/prayer-book-corpus.csv,Printing statement shared by copies of the edition.,Venedig,,,print_place-venedig,IT,,,verified_geonames_city,,https://gesamtkatalogderwiegendrucke.de/docs/GW13360.htm | https://gesamtkatalogderwiegendrucke.de/docs/GW1338820N.htm,Venedig,,locality,,
00200643-current,00200643,00200643,ih00391000,ih00391000,current_holding,last,5,1,,,"Blickling, Blickling Estate",Blickling,Blickling,,,,52.809,1.231,GB,BlicklingHall,"Blickling, Blickling Estate",NT 3069935,,,,2026-09-30,current_observation_only,,coordinates_resolved,current_holding_statement,MEI,00200643,https://data.cerl.org/mei/00200643,data/expanded/mei-corpus.json,Observed as the current holding institution; no arrival date is inferred.,,,,,GB,,,human_review_2026_10_01,Ortszuweisung nach Prüfung durch Stefan Matter (01.10.2026); Kartenpunkt auf Ortsebene.,https://en.wikipedia.org/wiki/Blickling,"Blickling, Blickling Estate",ORT-7A43E250,locality,,
00200631-print,00200631,00200631,ih00391000,ih00391000,print_place,first,0,1,,,Venedig,Venice,Venice,GeoNames,3164603,https://www.geonames.org/3164603,45.43713,12.33265,,,,Uzielli 15,1497,1497,,,gw_extracted_year_range,,coordinates_resolved,edition_level_print_statement,GW,13396,https://gesamtkatalogderwiegendrucke.de/docs/GW13396.htm,data/derived/prayer-book-corpus.csv,Printing statement shared by copies of the edition.,Venedig,,,print_place-venedig,IT,,,verified_geonames_city,,https://gesamtkatalogderwiegendrucke.de/docs/GW13360.htm | https://gesamtkatalogderwiegendrucke.de/docs/GW1338820N.htm,Venedig,,locality,,
00200631-current,00200631,00200631,ih00391000,ih00391000,current_holding,last,9,1,,,"Austin TX, University of Texas, Harry Ransom Center",Austin,Austin,GeoNames,4671654,https://www.geonames.org/4671654,30.26715,-97.74306,US,AustinRansom,"Austin TX, University of Texas, Harry Ransom Center",Uzielli 15,,,,2026-09-30,current_observation_only,,coordinates_resolved,current_holding_statement,MEI,00200631,https://data.cerl.org/mei/00200631,data/expanded/mei-corpus.json,Observed as the current holding institution; no arrival date is inferred.,,,,,US,,,human_review_2026_10_01,Ortszuweisung nach Prüfung durch Stefan Matter (01.10.2026); Kartenpunkt auf Ortsebene.,https://data.cerl.org/mei/00200631,"Austin TX, University of Texas, Harry Ransom Center",ORT-BB27428E,locality,,
00200640-print,00200640,00200640,ih00391000,ih00391000,print_place,first,0,1,,,Venedig,Venice,Venice,GeoNames,3164603,https://www.geonames.org/3164603,45.43713,12.33265,,,,19202,1497,1497,,,gw_extracted_year_range,,coordinates_resolved,edition_level_print_statement,GW,13396,https://gesamtkatalogderwiegendrucke.de/docs/GW13396.htm,data/derived/prayer-book-corpus.csv,Printing statement shared by copies of the edition.,Venedig,,,print_place-venedig,IT,,,verified_geonames_city,,https://gesamtkatalogderwiegendrucke.de/docs/GW13360.htm | https://gesamtkatalogderwiegendrucke.de/docs/GW1338820N.htm,Venedig,,locality,,
00200640-current,00200640,00200640,ih00391000,ih00391000,current_holding,last,4,1,,,"Manchester, University of Manchester, John Rylands Research Institute and Library",Manchester,Manchester,GeoNames,2643123,https://www.geonames.org/2643123,53.48095,-2.23743,GB,ManchesterJRL,"Manchester, University of Manchester, John Rylands Research Institute and Library",19202,,,,2026-09-30,current_observation_only,,coordinates_resolved,current_holding_statement,MEI,00200640,https://data.cerl.org/mei/00200640,data/expanded/mei-corpus.json,Observed as the current holding institution; no arrival date is inferred.,,,,current_holding-manchesterjrl,GB,,Q773989,cerl_holding_city_to_geonames,"The holding institution is mapped to its city-level GeoNames point, not to building coordinates.",https://data.cerl.org/holdinst/ManchesterJRL,"Manchester, University of Manchester, John Rylands Research Institute and Library",,locality,,
02135145-print,02135145,02135145,ih00392000,ih00392000,print_place,first,0,1,,,Paris,Paris,Paris,GeoNames,2988507,https://www.geonames.org/2988507,48.85341,2.3488,,,,Inc 951 GR,1497,1497,,,gw_extracted_year_range,,coordinates_resolved,edition_level_print_statement,GW,13297,https://gesamtkatalogderwiegendrucke.de/docs/GW13297.htm,data/derived/prayer-book-corpus.csv,Printing statement shared by copies of the edition.,Paris,,,,FR,,,source_name_and_country_match,Locality-level point reused from source data; no building location or arrival date inferred.,https://data.cerl.org/holdinst/ParisBN,Paris,,locality,,
02135145-current,02135145,02135145,ih00392000,ih00392000,current_holding,last,1,1,,,"Paris, Bibliothèque Mazarine",Paris,Paris,GeoNames,2988507,https://www.geonames.org/2988507,48.85341,2.3488,FR,ParisMazarine,"Paris, Bibliothèque Mazarine",Inc 951 GR,,,,2026-09-30,current_observation_only,,coordinates_resolved,current_holding_statement,MEI,02135145,https://data.cerl.org/mei/02135145,data/expanded/mei-corpus.json,Observed as the current holding institution; no arrival date is inferred.,,,,,FR,,,source_name_and_country_match,Locality-level point reused from source data; no building location or arrival date inferred.,https://data.cerl.org/holdinst/ParisBN,"Paris, Bibliothèque Mazarine",,locality,,
00205577-print,00205577,00205577,ih00392430,ih00392430,print_place,first,0,1,,,Paris,Paris,Paris,GeoNames,2988507,https://www.geonames.org/2988507,48.85341,2.3488,,,,Douce BB 121.,1497,1497,,,gw_extracted_year_range,,coordinates_resolved,edition_level_print_statement,GW,13308,https://gesamtkatalogderwiegendrucke.de/docs/GW13308.htm,data/derived/prayer-book-corpus.csv,Printing statement shared by copies of the edition.,Paris,,,,FR,,,source_name_and_country_match,Locality-level point reused from source data; no building location or arrival date inferred.,https://data.cerl.org/holdinst/ParisBN,Paris,,locality,,
00205577-current,00205577,00205577,ih00392430,ih00392430,current_holding,last,3,1,,,"Oxford, Bodleian Library",Oxford,Oxford,GeoNames,2640729,https://www.geonames.org/2640729,51.75222,-1.25596,GB,OxfordBodley,"Oxford, Bodleian Library",Douce BB 121.,,,,2026-09-30,current_observation_only,,coordinates_resolved,current_holding_statement,MEI,00205577,https://data.cerl.org/mei/00205577,data/expanded/mei-corpus.json,Observed as the current holding institution; no arrival date is inferred.,,,,current_holding-oxfordbodley,GB,,Q82133,cerl_holding_city_to_geonames,"The holding institution is mapped to its city-level GeoNames point, not to building coordinates.",https://data.cerl.org/holdinst/OxfordBodley,"Oxford, Bodleian Library",,locality,,
00560437-print,00560437,00560437,ih00392450,ih00392450,print_place,first,0,1,,,Paris,Paris,Paris,GeoNames,2988507,https://www.geonames.org/2988507,48.85341,2.3488,,,,Inc.5.D.1.43[4213],1499,1499,,,gw_extracted_year_range,,coordinates_resolved,edition_level_print_statement,GW,13295,https://gesamtkatalogderwiegendrucke.de/docs/GW13295.htm,data/derived/prayer-book-corpus.csv,Printing statement shared by copies of the edition.,Paris,,,,FR,,,source_name_and_country_match,Locality-level point reused from source data; no building location or arrival date inferred.,https://data.cerl.org/holdinst/ParisBN,Paris,,locality,,
00560437-current,00560437,00560437,ih00392450,ih00392450,current_holding,last,2,1,,,"Cambridge, University Library",Cambridge,Cambridge,GeoNames,2653941,https://www.geonames.org/2653941,52.2,0.11667,GB,CambridgeUL,"Cambridge, University Library",Inc.5.D.1.43[4213],,,,2026-09-30,current_observation_only,,coordinates_resolved,current_holding_statement,MEI,00560437,https://data.cerl.org/mei/00560437,data/expanded/mei-corpus.json,Observed as the current holding institution; no arrival date is inferred.,,,,current_holding-cambridgeul,GB,,Q1028334,cerl_holding_city_to_geonames,"The holding institution is mapped to its city-level GeoNames point, not to building coordinates.",https://data.cerl.org/holdinst/CambridgeUL,"Cambridge, University Library",,locality,,
00200657-print,00200657,00200657,ih00393400,ih00393400,print_place,first,0,1,,,Neapel,Naples,Naples,GeoNames,3172394,https://www.geonames.org/3172394,40.85216,14.26811,,,,A. Q. I. A. 21,1498,1498,,,gw_extracted_year_range,,coordinates_resolved,edition_level_print_statement,GW,13349,https://gesamtkatalogderwiegendrucke.de/docs/GW13349.htm,data/derived/prayer-book-corpus.csv,Printing statement shared by copies of the edition.,Neapel,,,print_place-neapel,IT,,,reused_mei_geonames,,https://gesamtkatalogderwiegendrucke.de/docs/GW1333510.htm | https://gesamtkatalogderwiegendrucke.de/docs/GW13337.htm,Neapel,,locality,,
00200657-current,00200657,00200657,ih00393400,ih00393400,current_holding,last,1,1,,,"Napoli, Biblioteca nazionale Vittorio Emanuele III",Naples,Naples,GeoNames,3172394,https://www.geonames.org/3172394,40.85216,14.26811,IT,NapoliN,"Napoli, Biblioteca nazionale Vittorio Emanuele III",A. Q. I. A. 21,,,,2026-09-30,current_observation_only,,coordinates_resolved,current_holding_statement,MEI,00200657,https://data.cerl.org/mei/00200657,data/expanded/mei-corpus.json,Observed as the current holding institution; no arrival date is inferred.,,,,current_holding-napolin,IT,,,cerl_holding_city_to_geonames,"The holding institution is mapped to its city-level GeoNames point, not to building coordinates.",https://data.cerl.org/holdinst/NapoliN,"Napoli, Biblioteca nazionale Vittorio Emanuele III",,locality,,
00204741-print,00204741,00204741,ih00393900,ih00393900,print_place,first,0,1,,,Paris,Paris,Paris,GeoNames,2988507,https://www.geonames.org/2988507,48.85341,2.3488,,,,Douce 131(2).,1498,1498,,,gw_extracted_year_range,,coordinates_resolved,edition_level_print_statement,GW,13312,https://gesamtkatalogderwiegendrucke.de/docs/GW13312.htm,data/derived/prayer-book-corpus.csv,Printing statement shared by copies of the edition.,Paris,,,,FR,,,source_name_and_country_match,Locality-level point reused from source data; no building location or arrival date inferred.,https://data.cerl.org/holdinst/ParisBN,Paris,,locality,,
00204741-current,00204741,00204741,ih00393900,ih00393900,current_holding,last,4,1,,,"Oxford, Bodleian Library",Oxford,Oxford,GeoNames,2640729,https://www.geonames.org/2640729,51.75222,-1.25596,GB,OxfordBodley,"Oxford, Bodleian Library",Douce 131(2).,,,,2026-09-30,current_observation_only,,coordinates_resolved,current_holding_statement,MEI,00204741,https://data.cerl.org/mei/00204741,data/expanded/mei-corpus.json,Observed as the current holding institution; no arrival date is inferred.,,,,current_holding-oxfordbodley,GB,,Q82133,cerl_holding_city_to_geonames,"The holding institution is mapped to its city-level GeoNames point, not to building coordinates.",https://data.cerl.org/holdinst/OxfordBodley,"Oxford, Bodleian Library",,locality,,
02003414-print,02003414,02003414,ih00394000,ih00394000,print_place,first,0,1,,,Paris,Paris,Paris,GeoNames,2988507,https://www.geonames.org/2988507,48.85341,2.3488,,,,Inc.F.VII.13,1498,1498,,,gw_extracted_year_range,,coordinates_resolved,edition_level_print_statement,GW,13314,https://gesamtkatalogderwiegendrucke.de/docs/GW13314.htm,data/derived/prayer-book-corpus.csv,Printing statement shared by copies of the edition.,Paris,,,,FR,,,source_name_and_country_match,Locality-level point reused from source data; no building location or arrival date inferred.,https://data.cerl.org/holdinst/ParisBN,Paris,,locality,,
02003414-current,02003414,02003414,ih00394000,ih00394000,current_holding,last,1,1,,,"Brescia, Biblioteca Queriniana",Brescia,Brescia,GeoNames,3181554,https://www.geonames.org/3181554,45.53558,10.21472,IT,BresciaC,"Brescia, Biblioteca Queriniana",Inc.F.VII.13,,,,2026-09-30,current_observation_only,,coordinates_resolved,current_holding_statement,MEI,02003414,https://data.cerl.org/mei/02003414,data/expanded/mei-corpus.json,Observed as the current holding institution; no arrival date is inferred.,,,,,IT,,,source_name_and_country_match,Locality-level point reused from source data; no building location or arrival date inferred.,https://data.cerl.org/mei/00201995,"Brescia, Biblioteca Queriniana",,locality,,
02116797-print,02116797,02116797,ih00394000,ih00394000,print_place,first,0,1,,,Paris,Paris,Paris,GeoNames,2988507,https://www.geonames.org/2988507,48.85341,2.3488,,,,Ink 29-179,1498,1498,,,gw_extracted_year_range,,coordinates_resolved,edition_level_print_statement,GW,13314,https://gesamtkatalogderwiegendrucke.de/docs/GW13314.htm,data/derived/prayer-book-corpus.csv,Printing statement shared by copies of the edition.,Paris,,,,FR,,,source_name_and_country_match,Locality-level point reused from source data; no building location or arrival date inferred.,https://data.cerl.org/holdinst/ParisBN,Paris,,locality,,
02116797-current,02116797,02116797,ih00394000,ih00394000,current_holding,last,2,1,,,"Wien, Österreichische  Nationalbibliothek",Vienna,Vienna,GeoNames,2761369,https://www.geonames.org/2761369,48.20849,16.37208,AT,WienONB,"Wien, Österreichische  Nationalbibliothek",Ink 29-179,,,,2026-09-30,current_observation_only,,coordinates_resolved,current_holding_statement,MEI,02116797,https://data.cerl.org/mei/02116797,data/expanded/mei-corpus.json,Observed as the current holding institution; no arrival date is inferred.,,,,,AT,,,source_name_and_country_match,Locality-level point reused from source data; no building location or arrival date inferred.,https://data.cerl.org/mei/02115001,"Wien, Österreichische  Nationalbibliothek",,locality,,
02125184-print,02125184,02125184,ih00394000,ih00394000,print_place,first,0,1,,,Paris,Paris,Paris,GeoNames,2988507,https://www.geonames.org/2988507,48.85341,2.3488,,,,1971 755,1498,1498,,,gw_extracted_year_range,,coordinates_resolved,edition_level_print_statement,GW,13314,https://gesamtkatalogderwiegendrucke.de/docs/GW13314.htm,data/derived/prayer-book-corpus.csv,Printing statement shared by copies of the edition.,Paris,,,,FR,,,source_name_and_country_match,Locality-level point reused from source data; no building location or arrival date inferred.,https://data.cerl.org/holdinst/ParisBN,Paris,,locality,,
02125184-current,02125184,02125184,ih00394000,ih00394000,current_holding,last,5,1,,,"New Haven CT, Yale University, Beinecke Library",New Haven,New Haven,GeoNames,4839366,https://www.geonames.org/4839366,41.30815,-72.92816,US,YaleBeinecke,"New Haven CT, Yale University, Beinecke Library",1971 755,,,,2026-09-30,current_observation_only,,coordinates_resolved,current_holding_statement,MEI,02125184,https://data.cerl.org/mei/02125184,data/expanded/mei-corpus.json,Observed as the current holding institution; no arrival date is inferred.,,,,,US,,,human_review_2026_10_01,Ortszuweisung nach Prüfung durch Stefan Matter (01.10.2026); Kartenpunkt auf Ortsebene.,https://data.cerl.org/mei/02126336,"New Haven CT, Yale University, Beinecke Library",ORT-204DEEFD,locality,,
02138776-print,02138776,02138776,ih00394000,ih00394000,print_place,first,0,1,,,Paris,Paris,Paris,GeoNames,2988507,https://www.geonames.org/2988507,48.85341,2.3488,,,,028 A 003 (olim 004 B 015),1498,1498,,,gw_extracted_year_range,,coordinates_resolved,edition_level_print_statement,GW,13314,https://gesamtkatalogderwiegendrucke.de/docs/GW13314.htm,data/derived/prayer-book-corpus.csv,Printing statement shared by copies of the edition.,Paris,,,,FR,,,source_name_and_country_match,Locality-level point reused from source data; no building location or arrival date inferred.,https://data.cerl.org/holdinst/ParisBN,Paris,,locality,,
02138776-current,02138776,02138776,ih00394000,ih00394000,current_holding,last,4,1,,,"Den Haag, Huis van het Boek ",The Hague,The Hague,GeoNames,2747373,https://www.geonames.org/2747373,52.07667,4.29861,NL,TheHagueMMW,"Den Haag, Huis van het Boek ",028 A 003 (olim 004 B 015),,,,2026-09-30,current_observation_only,,coordinates_resolved,current_holding_statement,MEI,02138776,https://data.cerl.org/mei/02138776,data/expanded/mei-corpus.json,Observed as the current holding institution; no arrival date is inferred.,,,,current_holding-thehaguemmw,NL,,,cerl_holding_city_to_geonames,"The holding institution is mapped to its city-level GeoNames point, not to building coordinates.",https://data.cerl.org/holdinst/TheHagueMMW,"Den Haag, Huis van het Boek ",,locality,,
02151349-print,02151349,02151349,ih00394000,ih00394000,print_place,first,0,1,,,Paris,Paris,Paris,GeoNames,2988507,https://www.geonames.org/2988507,48.85341,2.3488,,,,112. C. 25,1498,1498,,,gw_extracted_year_range,,coordinates_resolved,edition_level_print_statement,GW,13314,https://gesamtkatalogderwiegendrucke.de/docs/GW13314.htm,data/derived/prayer-book-corpus.csv,Printing statement shared by copies of the edition.,Paris,,,,FR,,,source_name_and_country_match,Locality-level point reused from source data; no building location or arrival date inferred.,https://data.cerl.org/holdinst/ParisBN,Paris,,locality,,
02151349-current,02151349,02151349,ih00394000,ih00394000,current_holding,last,4,1,,,"Pavia, Biblioteca Universitaria di Pavia - MiBACT",Pavia,Pavia,GeoNames,3171366,https://www.geonames.org/3171366,45.19205,9.15917,IT,PaviaU,"Pavia, Biblioteca Universitaria di Pavia - MiBACT",112. C. 25,,,,2026-09-30,current_observation_only,,coordinates_resolved,current_holding_statement,MEI,02151349,https://data.cerl.org/mei/02151349,data/expanded/mei-corpus.json,Observed as the current holding institution; no arrival date is inferred.,,,,,IT,,,source_name_and_country_match,Locality-level point reused from source data; no building location or arrival date inferred.,https://data.cerl.org/mei/02151349,"Pavia, Biblioteca Universitaria di Pavia - MiBACT",,locality,,
02178822-print,02178822,02178822,ih00394000,ih00394000,print_place,first,0,1,,,Paris,Paris,Paris,GeoNames,2988507,https://www.geonames.org/2988507,48.85341,2.3488,,,,MAG-P 12.2774,1498,1498,,,gw_extracted_year_range,,coordinates_resolved,edition_level_print_statement,GW,13314,https://gesamtkatalogderwiegendrucke.de/docs/GW13314.htm,data/derived/prayer-book-corpus.csv,Printing statement shared by copies of the edition.,Paris,,,,FR,,,source_name_and_country_match,Locality-level point reused from source data; no building location or arrival date inferred.,https://data.cerl.org/holdinst/ParisBN,Paris,,locality,,
02178822-current,02178822,02178822,ih00394000,ih00394000,current_holding,last,6,1,,,"Antwerpen, Universiteitsbibliotheek",Antwerp,Antwerp,GeoNames,2803138,https://www.geonames.org/2803138,51.21989,4.40346,BE,AntwerpenUB,"Antwerpen, Universiteitsbibliotheek",MAG-P 12.2774,,,,2026-09-30,current_observation_only,,coordinates_resolved,current_holding_statement,MEI,02178822,https://data.cerl.org/mei/02178822,data/expanded/mei-corpus.json,Observed as the current holding institution; no arrival date is inferred.,,,,,BE,,,source_name_and_country_match,Locality-level point reused from source data; no building location or arrival date inferred.,https://gesamtkatalogderwiegendrucke.de/docs/GW13403.htm,"Antwerpen, Universiteitsbibliotheek",,locality,,
00560438-print,00560438,00560438,ih00395000,ih00395000,print_place,first,0,1,,,Paris,Paris,Paris,GeoNames,2988507,https://www.geonames.org/2988507,48.85341,2.3488,,,,SSS.60.12,1498,1498,,,gw_extracted_year_range,,coordinates_resolved,edition_level_print_statement,GW,13253,https://gesamtkatalogderwiegendrucke.de/docs/GW13253.htm,data/derived/prayer-book-corpus.csv,Printing statement shared by copies of the edition.,Paris,,,,FR,,,source_name_and_country_match,Locality-level point reused from source data; no building location or arrival date inferred.,https://data.cerl.org/holdinst/ParisBN,Paris,,locality,,
00560438-current,00560438,00560438,ih00395000,ih00395000,current_holding,last,4,1,,,"Cambridge, University Library",Cambridge,Cambridge,GeoNames,2653941,https://www.geonames.org/2653941,52.2,0.11667,GB,CambridgeUL,"Cambridge, University Library",SSS.60.12,,,,2026-09-30,current_observation_only,,coordinates_resolved,current_holding_statement,MEI,00560438,https://data.cerl.org/mei/00560438,data/expanded/mei-corpus.json,Observed as the current holding institution; no arrival date is inferred.,,,,current_holding-cambridgeul,GB,,Q1028334,cerl_holding_city_to_geonames,"The holding institution is mapped to its city-level GeoNames point, not to building coordinates.",https://data.cerl.org/holdinst/CambridgeUL,"Cambridge, University Library",,locality,,
02100254-print,02100254,02100254,ih00395000,ih00395000,print_place,first,0,1,,,Paris,Paris,Paris,GeoNames,2988507,https://www.geonames.org/2988507,48.85341,2.3488,,,,KW 171 F 70,1498,1498,,,gw_extracted_year_range,,coordinates_resolved,edition_level_print_statement,GW,13253,https://gesamtkatalogderwiegendrucke.de/docs/GW13253.htm,data/derived/prayer-book-corpus.csv,Printing statement shared by copies of the edition.,Paris,,,,FR,,,source_name_and_country_match,Locality-level point reused from source data; no building location or arrival date inferred.,https://data.cerl.org/holdinst/ParisBN,Paris,,locality,,
02100254-current,02100254,02100254,ih00395000,ih00395000,current_holding,last,5,1,,,"Den Haag, Koninklijke Bibliotheek - Nationale Bibliotheek van Nederland",The Hague,The Hague,GeoNames,2747373,https://www.geonames.org/2747373,52.07667,4.29861,NL,NLKB,"Den Haag, Koninklijke Bibliotheek - Nationale Bibliotheek van Nederland",KW 171 F 70,,,,2026-09-30,current_observation_only,,coordinates_resolved,current_holding_statement,MEI,02100254,https://data.cerl.org/mei/02100254,data/expanded/mei-corpus.json,Observed as the current holding institution; no arrival date is inferred.,,,,current_holding-nlkb,NL,,,cerl_holding_city_to_geonames,"The holding institution is mapped to its city-level GeoNames point, not to building coordinates.",https://data.cerl.org/holdinst/NLKB,"Den Haag, Koninklijke Bibliotheek - Nationale Bibliotheek van Nederland",,locality,,
00204647-print,00204647,00204647,ih00395000,ih00395000,print_place,first,0,1,,,Paris,Paris,Paris,GeoNames,2988507,https://www.geonames.org/2988507,48.85341,2.3488,,,,Douce 137.,1498,1498,,,gw_extracted_year_range,,coordinates_resolved,edition_level_print_statement,GW,13253,https://gesamtkatalogderwiegendrucke.de/docs/GW13253.htm,data/derived/prayer-book-corpus.csv,Printing statement shared by copies of the edition.,Paris,,,,FR,,,source_name_and_country_match,Locality-level point reused from source data; no building location or arrival date inferred.,https://data.cerl.org/holdinst/ParisBN,Paris,,locality,,
00204647-current,00204647,00204647,ih00395000,ih00395000,current_holding,last,4,1,,,"Oxford, Bodleian Library",Oxford,Oxford,GeoNames,2640729,https://www.geonames.org/2640729,51.75222,-1.25596,GB,OxfordBodley,"Oxford, Bodleian Library",Douce 137.,,,,2026-09-30,current_observation_only,,coordinates_resolved,current_holding_statement,MEI,00204647,https://data.cerl.org/mei/00204647,data/expanded/mei-corpus.json,Observed as the current holding institution; no arrival date is inferred.,,,,current_holding-oxfordbodley,GB,,Q82133,cerl_holding_city_to_geonames,"The holding institution is mapped to its city-level GeoNames point, not to building coordinates.",https://data.cerl.org/holdinst/OxfordBodley,"Oxford, Bodleian Library",,locality,,
02122666-print,02122666,02122666,ih00395000,ih00395000,print_place,first,0,1,,,Paris,Paris,Paris,GeoNames,2988507,https://www.geonames.org/2988507,48.85341,2.3488,,,,BX2080.V67 1498,1498,1498,,,gw_extracted_year_range,,coordinates_resolved,edition_level_print_statement,GW,13253,https://gesamtkatalogderwiegendrucke.de/docs/GW13253.htm,data/derived/prayer-book-corpus.csv,Printing statement shared by copies of the edition.,Paris,,,,FR,,,source_name_and_country_match,Locality-level point reused from source data; no building location or arrival date inferred.,https://data.cerl.org/holdinst/ParisBN,Paris,,locality,,
02122666-current,02122666,02122666,ih00395000,ih00395000,current_holding,last,7,1,,,"Iowa City IA, University of Iowa, Main Library",Iowa City,Iowa City,GeoNames,4862034,https://www.geonames.org/4862034,41.66113,-91.53017,US,IowaUL,"Iowa City IA, University of Iowa, Main Library",BX2080.V67 1498,,,,2026-09-30,current_observation_only,,coordinates_resolved,current_holding_statement,MEI,02122666,https://data.cerl.org/mei/02122666,data/expanded/mei-corpus.json,Observed as the current holding institution; no arrival date is inferred.,,,,,US,,,human_review_2026_10_01,Ortszuweisung nach Prüfung durch Stefan Matter (01.10.2026); Kartenpunkt auf Ortsebene.,https://data.cerl.org/mei/02122666,"Iowa City IA, University of Iowa, Main Library",ORT-E106E51E,locality,,
02011390-print,02011390,02011390,ih00395000,ih00395000,print_place,first,0,1,,,Paris,Paris,Paris,GeoNames,2988507,https://www.geonames.org/2988507,48.85341,2.3488,,,,INC 57,1498,1498,,,gw_extracted_year_range,,coordinates_resolved,edition_level_print_statement,GW,13253,https://gesamtkatalogderwiegendrucke.de/docs/GW13253.htm,data/derived/prayer-book-corpus.csv,Printing statement shared by copies of the edition.,Paris,,,,FR,,,source_name_and_country_match,Locality-level point reused from source data; no building location or arrival date inferred.,https://data.cerl.org/holdinst/ParisBN,Paris,,locality,,
02011390-p006-loc01,02011390,02011390,ih00395000,ih00395000,provenance_place,intermediate,6,1,02011390-p006,02011390-p006-loc01,London,London,London,GeoNames,2643743,https://www.geonames.org/2643743,51.50853,-0.12574,,,,INC 57,1891,,19,,mei_timeperiod,,coordinates_resolved,copy_level_provenance_place,MEI,02011390-p006,https://data.cerl.org/mei/02011390,data/expanded/mei-corpus.json,,London,,,provenance_place-london,GB,,,reused_mei_geonames,,https://data.cerl.org/mei/00200533,London,,locality,,
02011390-current,02011390,02011390,ih00395000,ih00395000,current_holding,last,7,1,,,"London, Guildhall Library",London,London,GeoNames,2643743,https://www.geonames.org/2643743,51.50853,-0.12574,GB,LondonGuildhallLibrary,"London, Guildhall Library",INC 57,,,,2026-09-30,current_observation_only,,coordinates_resolved,current_holding_statement,MEI,02011390,https://data.cerl.org/mei/02011390,data/expanded/mei-corpus.json,Observed as the current holding institution; no arrival date is inferred.,,,,,GB,,,source_name_and_country_match,Locality-level point reused from source data; no building location or arrival date inferred.,https://data.cerl.org/holdinst/LondonLambeth,"London, Guildhall Library",,locality,,
02013229-print,02013229,02013229,ih00395000,ih00395000,print_place,first,0,1,,,Paris,Paris,Paris,GeoNames,2988507,https://www.geonames.org/2988507,48.85341,2.3488,,,,EXKA Incunabula 1498 Catholic Church,1498,1498,,,gw_extracted_year_range,,coordinates_resolved,edition_level_print_statement,GW,13253,https://gesamtkatalogderwiegendrucke.de/docs/GW13253.htm,data/derived/prayer-book-corpus.csv,Printing statement shared by copies of the edition.,Paris,,,,FR,,,source_name_and_country_match,Locality-level point reused from source data; no building location or arrival date inferred.,https://data.cerl.org/holdinst/ParisBN,Paris,,locality,,
02013229-p003-loc01,02013229,02013229,ih00395000,ih00395000,provenance_place,intermediate,3,1,02013229-p003,02013229-p003-loc01,London,London,London,GeoNames,2643743,https://www.geonames.org/2643743,51.50853,-0.12574,,,,EXKA Incunabula 1498 Catholic Church,1901,1910,20,,mei_timeperiod,a,coordinates_resolved,copy_level_provenance_place,MEI,02013229-p003,https://data.cerl.org/mei/02013229,data/expanded/mei-corpus.json,,London,,,provenance_place-london,GB,,,reused_mei_geonames,,https://data.cerl.org/mei/00200533,London,,locality,,
02013229-p004-loc01,02013229,02013229,ih00395000,ih00395000,provenance_place,intermediate,4,1,02013229-p004,02013229-p004-loc01,London,London,London,GeoNames,2643743,https://www.geonames.org/2643743,51.50853,-0.12574,,,,EXKA Incunabula 1498 Catholic Church,1801,1930,19 | 20,,mei_timeperiod,a,coordinates_resolved,copy_level_provenance_place,MEI,02013229-p004,https://data.cerl.org/mei/02013229,data/expanded/mei-corpus.json,,London,,,provenance_place-london,GB,,,reused_mei_geonames,,https://data.cerl.org/mei/00200533,London,,locality,,
02013229-p005-loc01,02013229,02013229,ih00395000,ih00395000,provenance_place,intermediate,5,1,02013229-p005,02013229-p005-loc01,London,London,London,GeoNames,2643743,https://www.geonames.org/2643743,51.50853,-0.12574,,,,EXKA Incunabula 1498 Catholic Church,1921,1930,20,,mei_timeperiod,a,coordinates_resolved,copy_level_provenance_place,MEI,02013229-p005,https://data.cerl.org/mei/02013229,data/expanded/mei-corpus.json,,London,,,provenance_place-london,GB,,,reused_mei_geonames,,https://data.cerl.org/mei/00200533,London,,locality,,
02013229-p006-loc01,02013229,02013229,ih00395000,ih00395000,provenance_place,intermediate,6,1,02013229-p006,02013229-p006-loc01,Tuxedo Park,Tuxedo Park,Tuxedo Park,,,,41.20139,-74.20167,,,,EXKA Incunabula 1498 Catholic Church,1921,1850,,,mei_timeperiod,a,coordinates_resolved,copy_level_provenance_place,MEI,02013229-p006,https://data.cerl.org/mei/02013229,data/expanded/mei-corpus.json,,Tuxedo Park,,,,US,,,human_review_2026_10_01,Ortszuweisung nach Prüfung durch Stefan Matter (01.10.2026); Kartenpunkt auf Ortsebene.,"https://en.wikipedia.org/wiki/Tuxedo_Park,_New_York",Tuxedo Park,ORT-B57D5A12,locality,,Widersprüchliche Datierung in der Quelle; nicht zur zeitlichen Verortung verwendet.
02013229-p007-loc01,02013229,02013229,ih00395000,ih00395000,provenance_place,intermediate,7,1,02013229-p007,02013229-p007-loc01,Princeton,Princeton,Princeton,GeoNames,5102922,https://www.geonames.org/5102922,40.34872,-74.65905,,,,EXKA Incunabula 1498 Catholic Church,1941,,20,,mei_timeperiod,a,coordinates_resolved,copy_level_provenance_place,MEI,02013229-p007,https://data.cerl.org/mei/02013229,data/expanded/mei-corpus.json,,"Princeton, NJ",,,,US,,,human_review_2026_10_01,Ortszuweisung nach Prüfung durch Stefan Matter (01.10.2026); Kartenpunkt auf Ortsebene.,https://data.cerl.org/mei/02013740,"Princeton, NJ",ORT-9994A659,locality,,
02013229-current,02013229,02013229,ih00395000,ih00395000,current_holding,last,8,1,,,"Princeton NJ, Princeton University, Firestone Library, Rare Book Division",Princeton,Princeton,GeoNames,5102922,https://www.geonames.org/5102922,40.34872,-74.65905,US,PrincetonUL,"Princeton NJ, Princeton University, Firestone Library, Rare Book Division",EXKA Incunabula 1498 Catholic Church,,,,2026-09-30,current_observation_only,,coordinates_resolved,current_holding_statement,MEI,02013229,https://data.cerl.org/mei/02013229,data/expanded/mei-corpus.json,Observed as the current holding institution; no arrival date is inferred.,,,,current_holding-princetonul,US,,,cerl_holding_city_to_geonames,"The holding institution is mapped to its city-level GeoNames point, not to building coordinates.",https://data.cerl.org/holdinst/PrincetonUL,"Princeton NJ, Princeton University, Firestone Library, Rare Book Division",,locality,,
02138777-print,02138777,02138777,ih00395000,ih00395000,print_place,first,0,1,,,Paris,Paris,Paris,GeoNames,2988507,https://www.geonames.org/2988507,48.85341,2.3488,,,,002 E 029 (olim 004 B 016),1498,1498,,,gw_extracted_year_range,,coordinates_resolved,edition_level_print_statement,GW,13253,https://gesamtkatalogderwiegendrucke.de/docs/GW13253.htm,data/derived/prayer-book-corpus.csv,Printing statement shared by copies of the edition.,Paris,,,,FR,,,source_name_and_country_match,Locality-level point reused from source data; no building location or arrival date inferred.,https://data.cerl.org/holdinst/ParisBN,Paris,,locality,,
02138777-current,02138777,02138777,ih00395000,ih00395000,current_holding,last,3,1,,,"Den Haag, Huis van het Boek ",The Hague,The Hague,GeoNames,2747373,https://www.geonames.org/2747373,52.07667,4.29861,NL,TheHagueMMW,"Den Haag, Huis van het Boek ",002 E 029 (olim 004 B 016),,,,2026-09-30,current_observation_only,,coordinates_resolved,current_holding_statement,MEI,02138777,https://data.cerl.org/mei/02138777,data/expanded/mei-corpus.json,Observed as the current holding institution; no arrival date is inferred.,,,,current_holding-thehaguemmw,NL,,,cerl_holding_city_to_geonames,"The holding institution is mapped to its city-level GeoNames point, not to building coordinates.",https://data.cerl.org/holdinst/TheHagueMMW,"Den Haag, Huis van het Boek ",,locality,,
00560439-print,00560439,00560439,ih00395050,ih00395050,print_place,first,0,1,,,Paris,Paris,Paris,GeoNames,2988507,https://www.geonames.org/2988507,48.85341,2.3488,,,,Inc.5.D.1.29[2583],1498,1498,,,gw_extracted_year_range,,coordinates_resolved,edition_level_print_statement,GW,13254,https://gesamtkatalogderwiegendrucke.de/docs/GW13254.htm,data/derived/prayer-book-corpus.csv,Printing statement shared by copies of the edition.,Paris,,,,FR,,,source_name_and_country_match,Locality-level point reused from source data; no building location or arrival date inferred.,https://data.cerl.org/holdinst/ParisBN,Paris,,locality,,
00560439-current,00560439,00560439,ih00395050,ih00395050,current_holding,last,3,1,,,"Cambridge, University Library",Cambridge,Cambridge,GeoNames,2653941,https://www.geonames.org/2653941,52.2,0.11667,GB,CambridgeUL,"Cambridge, University Library",Inc.5.D.1.29[2583],,,,2026-09-30,current_observation_only,,coordinates_resolved,current_holding_statement,MEI,00560439,https://data.cerl.org/mei/00560439,data/expanded/mei-corpus.json,Observed as the current holding institution; no arrival date is inferred.,,,,current_holding-cambridgeul,GB,,Q1028334,cerl_holding_city_to_geonames,"The holding institution is mapped to its city-level GeoNames point, not to building coordinates.",https://data.cerl.org/holdinst/CambridgeUL,"Cambridge, University Library",,locality,,
00205581-print,00205581,00205581,ih00395500,ih00395500,print_place,first,0,1,,,Venedig,Venice,Venice,GeoNames,3164603,https://www.geonames.org/3164603,45.43713,12.33265,,,,Douce adds. g.2.,1498,1498,,,gw_extracted_year_range,,coordinates_resolved,edition_level_print_statement,GW,13387,https://gesamtkatalogderwiegendrucke.de/docs/GW13387.htm,data/derived/prayer-book-corpus.csv,Printing statement shared by copies of the edition.,Venedig,,,print_place-venedig,IT,,,verified_geonames_city,,https://gesamtkatalogderwiegendrucke.de/docs/GW13360.htm | https://gesamtkatalogderwiegendrucke.de/docs/GW1338820N.htm,Venedig,,locality,,
00205581-current,00205581,00205581,ih00395500,ih00395500,current_holding,last,3,1,,,"Oxford, Bodleian Library",Oxford,Oxford,GeoNames,2640729,https://www.geonames.org/2640729,51.75222,-1.25596,GB,OxfordBodley,"Oxford, Bodleian Library",Douce adds. g.2.,,,,2026-09-30,current_observation_only,,coordinates_resolved,current_holding_statement,MEI,00205581,https://data.cerl.org/mei/00205581,data/expanded/mei-corpus.json,Observed as the current holding institution; no arrival date is inferred.,,,,current_holding-oxfordbodley,GB,,Q82133,cerl_holding_city_to_geonames,"The holding institution is mapped to its city-level GeoNames point, not to building coordinates.",https://data.cerl.org/holdinst/OxfordBodley,"Oxford, Bodleian Library",,locality,,
00200659-print,00200659,00200659,ih00395500,ih00395500,print_place,first,0,1,,,Venedig,Venice,Venice,GeoNames,3164603,https://www.geonames.org/3164603,45.43713,12.33265,,,,Douce adds. g.2,1498,1498,,,gw_extracted_year_range,,coordinates_resolved,edition_level_print_statement,GW,13387,https://gesamtkatalogderwiegendrucke.de/docs/GW13387.htm,data/derived/prayer-book-corpus.csv,Printing statement shared by copies of the edition.,Venedig,,,print_place-venedig,IT,,,verified_geonames_city,,https://gesamtkatalogderwiegendrucke.de/docs/GW13360.htm | https://gesamtkatalogderwiegendrucke.de/docs/GW1338820N.htm,Venedig,,locality,,
00200659-current,00200659,00200659,ih00395500,ih00395500,current_holding,last,1,1,,,"Oxford, Bodleian Library",Oxford,Oxford,GeoNames,2640729,https://www.geonames.org/2640729,51.75222,-1.25596,GB,OxfordBodley,"Oxford, Bodleian Library",Douce adds. g.2,,,,2026-09-30,current_observation_only,,coordinates_resolved,current_holding_statement,MEI,00200659,https://data.cerl.org/mei/00200659,data/expanded/mei-corpus.json,Observed as the current holding institution; no arrival date is inferred.,,,,current_holding-oxfordbodley,GB,,Q82133,cerl_holding_city_to_geonames,"The holding institution is mapped to its city-level GeoNames point, not to building coordinates.",https://data.cerl.org/holdinst/OxfordBodley,"Oxford, Bodleian Library",,locality,,
00200658-print,00200658,00200658,ih00395500,ih00395500,print_place,first,0,1,,,Venedig,Venice,Venice,GeoNames,3164603,https://www.geonames.org/3164603,45.43713,12.33265,,,,SSS. 34. 2,1498,1498,,,gw_extracted_year_range,,coordinates_resolved,edition_level_print_statement,GW,13387,https://gesamtkatalogderwiegendrucke.de/docs/GW13387.htm,data/derived/prayer-book-corpus.csv,Printing statement shared by copies of the edition.,Venedig,,,print_place-venedig,IT,,,verified_geonames_city,,https://gesamtkatalogderwiegendrucke.de/docs/GW13360.htm | https://gesamtkatalogderwiegendrucke.de/docs/GW1338820N.htm,Venedig,,locality,,
00200658-current,00200658,00200658,ih00395500,ih00395500,current_holding,last,3,1,,,"Cambridge, University Library",Cambridge,Cambridge,GeoNames,2653941,https://www.geonames.org/2653941,52.2,0.11667,GB,CambridgeUL,"Cambridge, University Library",SSS. 34. 2,,,,2026-09-30,current_observation_only,,coordinates_resolved,current_holding_statement,MEI,00200658,https://data.cerl.org/mei/00200658,data/expanded/mei-corpus.json,Observed as the current holding institution; no arrival date is inferred.,,,,current_holding-cambridgeul,GB,,Q1028334,cerl_holding_city_to_geonames,"The holding institution is mapped to its city-level GeoNames point, not to building coordinates.",https://data.cerl.org/holdinst/CambridgeUL,"Cambridge, University Library",,locality,,
00206444-print,00206444,00206444,ih00396000,ih00396000,print_place,first,0,1,,,Paris,Paris,Paris,GeoNames,2988507,https://www.geonames.org/2988507,48.85341,2.3488,,,,8° Rawl. 1099.,1498,1498,,,gw_extracted_year_range,,coordinates_resolved,edition_level_print_statement,GW,13274,https://gesamtkatalogderwiegendrucke.de/docs/GW13274.htm,data/derived/prayer-book-corpus.csv,Printing statement shared by copies of the edition.,Paris,,,,FR,,,source_name_and_country_match,Locality-level point reused from source data; no building location or arrival date inferred.,https://data.cerl.org/holdinst/ParisBN,Paris,,locality,,
00206444-current,00206444,00206444,ih00396000,ih00396000,current_holding,last,4,1,,,"Oxford, Bodleian Library",Oxford,Oxford,GeoNames,2640729,https://www.geonames.org/2640729,51.75222,-1.25596,GB,OxfordBodley,"Oxford, Bodleian Library",8° Rawl. 1099.,,,,2026-09-30,current_observation_only,,coordinates_resolved,current_holding_statement,MEI,00206444,https://data.cerl.org/mei/00206444,data/expanded/mei-corpus.json,Observed as the current holding institution; no arrival date is inferred.,,,,current_holding-oxfordbodley,GB,,Q82133,cerl_holding_city_to_geonames,"The holding institution is mapped to its city-level GeoNames point, not to building coordinates.",https://data.cerl.org/holdinst/OxfordBodley,"Oxford, Bodleian Library",,locality,,
02100255-print,02100255,02100255,ih00396500,ih00396500,print_place,first,0,1,,,Paris,Paris,Paris,GeoNames,2988507,https://www.geonames.org/2988507,48.85341,2.3488,,,,KW 343 G 29,1498,1498,,,gw_extracted_year_range,,coordinates_resolved,edition_level_print_statement,GW,13275,https://gesamtkatalogderwiegendrucke.de/docs/GW13275.htm,data/derived/prayer-book-corpus.csv,Printing statement shared by copies of the edition.,Paris,,,,FR,,,source_name_and_country_match,Locality-level point reused from source data; no building location or arrival date inferred.,https://data.cerl.org/holdinst/ParisBN,Paris,,locality,,
02100255-current,02100255,02100255,ih00396500,ih00396500,current_holding,last,3,1,,,"Den Haag, Koninklijke Bibliotheek - Nationale Bibliotheek van Nederland",The Hague,The Hague,GeoNames,2747373,https://www.geonames.org/2747373,52.07667,4.29861,NL,NLKB,"Den Haag, Koninklijke Bibliotheek - Nationale Bibliotheek van Nederland",KW 343 G 29,,,,2026-09-30,current_observation_only,,coordinates_resolved,current_holding_statement,MEI,02100255,https://data.cerl.org/mei/02100255,data/expanded/mei-corpus.json,Observed as the current holding institution; no arrival date is inferred.,,,,current_holding-nlkb,NL,,,cerl_holding_city_to_geonames,"The holding institution is mapped to its city-level GeoNames point, not to building coordinates.",https://data.cerl.org/holdinst/NLKB,"Den Haag, Koninklijke Bibliotheek - Nationale Bibliotheek van Nederland",,locality,,
02145200-print,02145200,02145200,ih00397000,ih00397000,print_place,first,0,1,,,Paris,Paris,Paris,GeoNames,2988507,https://www.geonames.org/2988507,48.85341,2.3488,,,,BX2080 .A2 1498,1498,1498,,,gw_extracted_year_range,,coordinates_resolved,edition_level_print_statement,GW,13222,https://gesamtkatalogderwiegendrucke.de/docs/GW13222.htm,data/derived/prayer-book-corpus.csv,Printing statement shared by copies of the edition.,Paris,,,,FR,,,source_name_and_country_match,Locality-level point reused from source data; no building location or arrival date inferred.,https://data.cerl.org/holdinst/ParisBN,Paris,,locality,,
02145200-current,02145200,02145200,ih00397000,ih00397000,current_holding,last,5,1,,,"Burlington VT, University of Vermont, Silver Special Collections Library",Burlington,Burlington,GeoNames,5234372,https://www.geonames.org/5234372,44.47588,-73.21207,US,UVerL,"Burlington VT, University of Vermont, Silver Special Collections Library",BX2080 .A2 1498,,,,2026-09-30,current_observation_only,,coordinates_resolved,current_holding_statement,MEI,02145200,https://data.cerl.org/mei/02145200,data/expanded/mei-corpus.json,Observed as the current holding institution; no arrival date is inferred.,,,,,US,,,human_review_2026_10_01,Ortszuweisung nach Prüfung durch Stefan Matter (01.10.2026); Kartenpunkt auf Ortsebene.,https://data.cerl.org/mei/02145200,"Burlington VT, University of Vermont, Silver Special Collections Library",ORT-0CD4D063,locality,,
02002302-print,02002302,02002302,ih00397300,ih00397300,print_place,first,0,1,,,Paris,Paris,Paris,GeoNames,2988507,https://www.geonames.org/2988507,48.85341,2.3488,,,,I/223,1498,1498,,,gw_extracted_year_range,,coordinates_resolved,edition_level_print_statement,GW,13272,https://gesamtkatalogderwiegendrucke.de/docs/GW13272.htm,data/derived/prayer-book-corpus.csv,Printing statement shared by copies of the edition.,Paris,,,,FR,,,source_name_and_country_match,Locality-level point reused from source data; no building location or arrival date inferred.,https://data.cerl.org/holdinst/ParisBN,Paris,,locality,,
02002302-p002-loc01,02002302,02002302,ih00397300,ih00397300,provenance_place,intermediate,2,1,02002302-p002,02002302-p002-loc01,Valençay,Valençay,Valençay,,,,47.1613888889,1.56694444444,,,,I/223,1801,1820,19,,mei_timeperiod,a,coordinates_resolved,copy_level_provenance_place,MEI,02002302-p002,https://data.cerl.org/mei/02002302,data/expanded/mei-corpus.json,,Valençay,,,,FR,,,human_review_2026_10_01,Ortszuweisung nach Prüfung durch Stefan Matter (01.10.2026); Kartenpunkt auf Ortsebene.,https://fr.wikipedia.org/wiki/Valen%C3%A7ay,Valençay,ORT-FD85E5B7,locality,,
02002302-current,02002302,02002302,ih00397300,ih00397300,current_holding,last,5,1,,,"Madrid, Real Biblioteca",Madrid,Madrid,GeoNames,3117735,https://www.geonames.org/3117735,40.41650,-3.70256,ES,MadridBPalacioReal,"Madrid, Real Biblioteca",I/223,,,,2026-09-30,current_observation_only,,coordinates_resolved,current_holding_statement,MEI,02002302,https://data.cerl.org/mei/02002302,data/expanded/mei-corpus.json,Observed as the current holding institution; no arrival date is inferred.,,,,current_holding-madridbpalacioreal,ES,,,cerl_holding_city_to_geonames,"The holding institution is mapped to its city-level GeoNames point, not to building coordinates.",https://data.cerl.org/holdinst/MadridBPalacioReal,"Madrid, Real Biblioteca",,locality,,
00560441-print,00560441,00560441,ih00398600,ih00398600,print_place,first,0,1,,,Paris,Paris,Paris,GeoNames,2988507,https://www.geonames.org/2988507,48.85341,2.3488,,,,SSS.47.4,1498,1498,,,gw_extracted_year_range,,coordinates_resolved,edition_level_print_statement,GW,13141,https://gesamtkatalogderwiegendrucke.de/docs/GW13141.htm,data/derived/prayer-book-corpus.csv,Printing statement shared by copies of the edition.,Paris,,,,FR,,,source_name_and_country_match,Locality-level point reused from source data; no building location or arrival date inferred.,https://data.cerl.org/holdinst/ParisBN,Paris,,locality,,
00560441-current,00560441,00560441,ih00398600,ih00398600,current_holding,last,5,1,,,"Cambridge, University Library",Cambridge,Cambridge,GeoNames,2653941,https://www.geonames.org/2653941,52.2,0.11667,GB,CambridgeUL,"Cambridge, University Library",SSS.47.4,,,,2026-09-30,current_observation_only,,coordinates_resolved,current_holding_statement,MEI,00560441,https://data.cerl.org/mei/00560441,data/expanded/mei-corpus.json,Observed as the current holding institution; no arrival date is inferred.,,,,current_holding-cambridgeul,GB,,Q1028334,cerl_holding_city_to_geonames,"The holding institution is mapped to its city-level GeoNames point, not to building coordinates.",https://data.cerl.org/holdinst/CambridgeUL,"Cambridge, University Library",,locality,,
02115886-print,02115886,02115886,ih00399360,ih00399360,print_place,first,0,1,,,Lyon,Lyon,Lyon,GeoNames,2996944,https://www.geonames.org/2996944,45.74906,4.84789,,,,Ink 25.H.80,1499,1499,,,gw_extracted_year_range,,coordinates_resolved,edition_level_print_statement,GW,13037,https://gesamtkatalogderwiegendrucke.de/docs/GW13037.htm,data/derived/prayer-book-corpus.csv,Printing statement shared by copies of the edition.,Lyon,,,,FR,,,source_name_and_country_match,Locality-level point reused from source data; no building location or arrival date inferred.,https://data.cerl.org/mei/00200644,Lyon,,locality,,
02115886-current,02115886,02115886,ih00399360,ih00399360,current_holding,last,2,1,,,"Wien, Österreichische  Nationalbibliothek",Vienna,Vienna,GeoNames,2761369,https://www.geonames.org/2761369,48.20849,16.37208,AT,WienONB,"Wien, Österreichische  Nationalbibliothek",Ink 25.H.80,,,,2026-09-30,current_observation_only,,coordinates_resolved,current_holding_statement,MEI,02115886,https://data.cerl.org/mei/02115886,data/expanded/mei-corpus.json,Observed as the current holding institution; no arrival date is inferred.,,,,,AT,,,source_name_and_country_match,Locality-level point reused from source data; no building location or arrival date inferred.,https://data.cerl.org/mei/02115001,"Wien, Österreichische  Nationalbibliothek",,locality,,
00205576-print,00205576,00205576,ih00399360,ih00399360,print_place,first,0,1,,,Lyon,Lyon,Lyon,GeoNames,2996944,https://www.geonames.org/2996944,45.74906,4.84789,,,,Douce 21.,1499,1499,,,gw_extracted_year_range,,coordinates_resolved,edition_level_print_statement,GW,13037,https://gesamtkatalogderwiegendrucke.de/docs/GW13037.htm,data/derived/prayer-book-corpus.csv,Printing statement shared by copies of the edition.,Lyon,,,,FR,,,source_name_and_country_match,Locality-level point reused from source data; no building location or arrival date inferred.,https://data.cerl.org/mei/00200644,Lyon,,locality,,
00205576-current,00205576,00205576,ih00399360,ih00399360,current_holding,last,3,1,,,"Oxford, Bodleian Library",Oxford,Oxford,GeoNames,2640729,https://www.geonames.org/2640729,51.75222,-1.25596,GB,OxfordBodley,"Oxford, Bodleian Library",Douce 21.,,,,2026-09-30,current_observation_only,,coordinates_resolved,current_holding_statement,MEI,00205576,https://data.cerl.org/mei/00205576,data/expanded/mei-corpus.json,Observed as the current holding institution; no arrival date is inferred.,,,,current_holding-oxfordbodley,GB,,Q82133,cerl_holding_city_to_geonames,"The holding institution is mapped to its city-level GeoNames point, not to building coordinates.",https://data.cerl.org/holdinst/OxfordBodley,"Oxford, Bodleian Library",,locality,,
02124346-print,02124346,02124346,ih00399360,ih00399360,print_place,first,0,1,,,Lyon,Lyon,Lyon,GeoNames,2996944,https://www.geonames.org/2996944,45.74906,4.84789,,,,Inc. I 055,1499,1499,,,gw_extracted_year_range,,coordinates_resolved,edition_level_print_statement,GW,13037,https://gesamtkatalogderwiegendrucke.de/docs/GW13037.htm,data/derived/prayer-book-corpus.csv,Printing statement shared by copies of the edition.,Lyon,,,,FR,,,source_name_and_country_match,Locality-level point reused from source data; no building location or arrival date inferred.,https://data.cerl.org/mei/00200644,Lyon,,locality,,
02124346-current,02124346,02124346,ih00399360,ih00399360,current_holding,last,5,1,,,"Venezia, Biblioteca del Museo Correr",Venice,Venice,GeoNames,3164603,https://www.geonames.org/3164603,45.43713,12.33265,IT,VeneziaC,"Venezia, Biblioteca del Museo Correr",Inc. I 055,,,,2026-09-30,current_observation_only,,coordinates_resolved,current_holding_statement,MEI,02124346,https://data.cerl.org/mei/02124346,data/expanded/mei-corpus.json,Observed as the current holding institution; no arrival date is inferred.,,,,,IT,,,source_name_and_country_match,Locality-level point reused from source data; no building location or arrival date inferred.,https://www.geonames.org/3164603,"Venezia, Biblioteca del Museo Correr",,locality,,
02138778-print,02138778,02138778,ih00399500,ih00399500,print_place,first,0,1,,,Paris,Paris,Paris,GeoNames,2988507,https://www.geonames.org/2988507,48.85341,2.3488,,,,001 F 047,1499,1499,,,gw_extracted_year_range,,coordinates_resolved,edition_level_print_statement,GW,13101,https://gesamtkatalogderwiegendrucke.de/docs/GW13101.htm,data/derived/prayer-book-corpus.csv,Printing statement shared by copies of the edition.,Paris,,,,FR,,,source_name_and_country_match,Locality-level point reused from source data; no building location or arrival date inferred.,https://data.cerl.org/holdinst/ParisBN,Paris,,locality,,
02138778-current,02138778,02138778,ih00399500,ih00399500,current_holding,last,4,1,,,"Den Haag, Huis van het Boek ",The Hague,The Hague,GeoNames,2747373,https://www.geonames.org/2747373,52.07667,4.29861,NL,TheHagueMMW,"Den Haag, Huis van het Boek ",001 F 047,,,,2026-09-30,current_observation_only,,coordinates_resolved,current_holding_statement,MEI,02138778,https://data.cerl.org/mei/02138778,data/expanded/mei-corpus.json,Observed as the current holding institution; no arrival date is inferred.,,,,current_holding-thehaguemmw,NL,,,cerl_holding_city_to_geonames,"The holding institution is mapped to its city-level GeoNames point, not to building coordinates.",https://data.cerl.org/holdinst/TheHagueMMW,"Den Haag, Huis van het Boek ",,locality,,
02122074-print,02122074,02122074,ih00399600,ih00399600,print_place,first,0,1,,,Lyon,Lyon,Lyon,GeoNames,2996944,https://www.geonames.org/2996944,45.74906,4.84789,,,,147D 261,1499,1499,,,gw_extracted_year_range,,coordinates_resolved,edition_level_print_statement,GW,13038,https://gesamtkatalogderwiegendrucke.de/docs/GW13038.htm,data/derived/prayer-book-corpus.csv,Printing statement shared by copies of the edition.,Lyon,,,,FR,,,source_name_and_country_match,Locality-level point reused from source data; no building location or arrival date inferred.,https://data.cerl.org/mei/00200644,Lyon,,locality,,
02122074-current,02122074,02122074,ih00399600,ih00399600,current_holding,last,2,1,,,"Venezia, Biblioteca Nazionale Marciana",Venice,Venice,GeoNames,3164603,https://www.geonames.org/3164603,45.43713,12.33265,IT,VeneziaN,"Venezia, Biblioteca Nazionale Marciana",147D 261,,,,2026-09-30,current_observation_only,,coordinates_resolved,current_holding_statement,MEI,02122074,https://data.cerl.org/mei/02122074,data/expanded/mei-corpus.json,Observed as the current holding institution; no arrival date is inferred.,,,,,IT,,,source_name_and_country_match,Locality-level point reused from source data; no building location or arrival date inferred.,https://www.geonames.org/3164603,"Venezia, Biblioteca Nazionale Marciana",,locality,,
02132440-print,02132440,02132440,ih00399600,ih00399600,print_place,first,0,1,,,Lyon,Lyon,Lyon,GeoNames,2996944,https://www.geonames.org/2996944,45.74906,4.84789,,,,B.G. Inc. 62,1499,1499,,,gw_extracted_year_range,,coordinates_resolved,edition_level_print_statement,GW,13038,https://gesamtkatalogderwiegendrucke.de/docs/GW13038.htm,data/derived/prayer-book-corpus.csv,Printing statement shared by copies of the edition.,Lyon,,,,FR,,,source_name_and_country_match,Locality-level point reused from source data; no building location or arrival date inferred.,https://data.cerl.org/mei/00200644,Lyon,,locality,,
02132440-current,02132440,02132440,ih00399600,ih00399600,current_holding,last,8,1,,,"Milano, Biblioteca Nazionale Braidense",Milan,Milan,GeoNames,3173435,https://www.geonames.org/3173435,45.46427,9.18951,IT,MilanoN,"Milano, Biblioteca Nazionale Braidense",B.G. Inc. 62,,,,2026-09-30,current_observation_only,,coordinates_resolved,current_holding_statement,MEI,02132440,https://data.cerl.org/mei/02132440,data/expanded/mei-corpus.json,Observed as the current holding institution; no arrival date is inferred.,,,,current_holding-milanon,IT,,,cerl_holding_city_to_geonames,"The holding institution is mapped to its city-level GeoNames point, not to building coordinates.",https://data.cerl.org/holdinst/MilanoN,"Milano, Biblioteca Nazionale Braidense",,locality,,
00200660-print,00200660,00200660,ih00399800,ih00399800,print_place,first,0,1,,,Venedig,Venice,Venice,GeoNames,3164603,https://www.geonames.org/3164603,45.43713,12.33265,,,,Rar. 15,1499,1499,,,gw_extracted_year_range,,coordinates_resolved,edition_level_print_statement,GW,13388,https://gesamtkatalogderwiegendrucke.de/docs/GW13388.htm,data/derived/prayer-book-corpus.csv,Printing statement shared by copies of the edition.,Venedig,,,print_place-venedig,IT,,,verified_geonames_city,,https://gesamtkatalogderwiegendrucke.de/docs/GW13360.htm | https://gesamtkatalogderwiegendrucke.de/docs/GW1338820N.htm,Venedig,,locality,,
00200660-current,00200660,00200660,ih00399800,ih00399800,current_holding,last,1,1,,,"München, Bayerische Staatsbibliothek",Munich,Munich,GeoNames,2867714,https://www.geonames.org/2867714,48.13743,11.57549,DE,MunchenBSB,"München, Bayerische Staatsbibliothek",Rar. 15,,,,2026-09-30,current_observation_only,,coordinates_resolved,current_holding_statement,MEI,00200660,https://data.cerl.org/mei/00200660,data/expanded/mei-corpus.json,Observed as the current holding institution; no arrival date is inferred.,,,,,DE,,,source_name_and_country_match,Locality-level point reused from source data; no building location or arrival date inferred.,https://data.cerl.org/mei/02003758,"München, Bayerische Staatsbibliothek",,locality,,
00205580-print,00205580,00205580,ih00401300,ih00401300,print_place,first,0,1,,,Paris,Paris,Paris,GeoNames,2988507,https://www.geonames.org/2988507,48.85341,2.3488,,,,Douce BB 49.,1497,1499,,,gw_extracted_year_range,,coordinates_resolved,edition_level_print_statement,GW,13123,https://gesamtkatalogderwiegendrucke.de/docs/GW13123.htm,data/derived/prayer-book-corpus.csv,Printing statement shared by copies of the edition.,Paris,,,,FR,,,source_name_and_country_match,Locality-level point reused from source data; no building location or arrival date inferred.,https://data.cerl.org/holdinst/ParisBN,Paris,,locality,,
00205580-current,00205580,00205580,ih00401300,ih00401300,current_holding,last,4,1,,,"Oxford, Bodleian Library",Oxford,Oxford,GeoNames,2640729,https://www.geonames.org/2640729,51.75222,-1.25596,GB,OxfordBodley,"Oxford, Bodleian Library",Douce BB 49.,,,,2026-09-30,current_observation_only,,coordinates_resolved,current_holding_statement,MEI,00205580,https://data.cerl.org/mei/00205580,data/expanded/mei-corpus.json,Observed as the current holding institution; no arrival date is inferred.,,,,current_holding-oxfordbodley,GB,,Q82133,cerl_holding_city_to_geonames,"The holding institution is mapped to its city-level GeoNames point, not to building coordinates.",https://data.cerl.org/holdinst/OxfordBodley,"Oxford, Bodleian Library",,locality,,
02108382-print,02108382,02108382,ih00405000,ih00405000,print_place,first,0,1,,,Paris,Paris,Paris,GeoNames,2988507,https://www.geonames.org/2988507,48.85341,2.3488,,,,Goff H405,1500,1501,,,gw_extracted_year_range,,coordinates_resolved,edition_level_print_statement,GW,13244,https://gesamtkatalogderwiegendrucke.de/docs/GW13244.htm,data/derived/prayer-book-corpus.csv,Printing statement shared by copies of the edition.,Paris,,,,FR,,,source_name_and_country_match,Locality-level point reused from source data; no building location or arrival date inferred.,https://data.cerl.org/holdinst/ParisBN,Paris,,locality,,
02108382-current,02108382,02108382,ih00405000,ih00405000,current_holding,last,2,1,,,"New York NY, Columbia University, Butler Library",New York,New York,GeoNames,5128581,https://www.geonames.org/5128581,40.71427,-74.00597,US,ColUL,"New York NY, Columbia University, Butler Library",Goff H405,,,,2026-09-30,current_observation_only,,coordinates_resolved,current_holding_statement,MEI,02108382,https://data.cerl.org/mei/02108382,data/expanded/mei-corpus.json,Observed as the current holding institution; no arrival date is inferred.,,,,,US,,,source_name_and_country_match,Locality-level point reused from source data; no building location or arrival date inferred.,https://data.cerl.org/holdinst/NewYorkNYPierpontMorganLibrary,"New York NY, Columbia University, Butler Library",,locality,,
02118280-print,02118280,02118280,ih00405600,ih00405600,print_place,first,0,1,,,Paris,Paris,Paris,GeoNames,2988507,https://www.geonames.org/2988507,48.85341,2.3488,,,,Ink 3.G.20,1500,1500,,,gw_extracted_year_range,,coordinates_resolved,edition_level_print_statement,GW,13300,https://gesamtkatalogderwiegendrucke.de/docs/GW13300.htm,data/derived/prayer-book-corpus.csv,Printing statement shared by copies of the edition.,Paris,,,,FR,,,source_name_and_country_match,Locality-level point reused from source data; no building location or arrival date inferred.,https://data.cerl.org/holdinst/ParisBN,Paris,,locality,,
02118280-current,02118280,02118280,ih00405600,ih00405600,current_holding,last,2,1,,,"Wien, Österreichische  Nationalbibliothek",Vienna,Vienna,GeoNames,2761369,https://www.geonames.org/2761369,48.20849,16.37208,AT,WienONB,"Wien, Österreichische  Nationalbibliothek",Ink 3.G.20,,,,2026-09-30,current_observation_only,,coordinates_resolved,current_holding_statement,MEI,02118280,https://data.cerl.org/mei/02118280,data/expanded/mei-corpus.json,Observed as the current holding institution; no arrival date is inferred.,,,,,AT,,,source_name_and_country_match,Locality-level point reused from source data; no building location or arrival date inferred.,https://data.cerl.org/mei/02115001,"Wien, Österreichische  Nationalbibliothek",,locality,,
02100103-print,02100103,02100103,ih00405900,ih00405900,print_place,first,0,1,,,Paris,Paris,Paris,GeoNames,2988507,https://www.geonames.org/2988507,48.85341,2.3488,,,,KW 343 H 28,1500,1500,,,gw_extracted_year_range,,coordinates_resolved,edition_level_print_statement,GW,13169,https://gesamtkatalogderwiegendrucke.de/docs/GW13169.htm,data/derived/prayer-book-corpus.csv,Printing statement shared by copies of the edition.,Paris,,,,FR,,,source_name_and_country_match,Locality-level point reused from source data; no building location or arrival date inferred.,https://data.cerl.org/holdinst/ParisBN,Paris,,locality,,
02100103-current,02100103,02100103,ih00405900,ih00405900,current_holding,last,3,1,,,"Den Haag, Koninklijke Bibliotheek - Nationale Bibliotheek van Nederland",The Hague,The Hague,GeoNames,2747373,https://www.geonames.org/2747373,52.07667,4.29861,NL,NLKB,"Den Haag, Koninklijke Bibliotheek - Nationale Bibliotheek van Nederland",KW 343 H 28,,,,2026-09-30,current_observation_only,,coordinates_resolved,current_holding_statement,MEI,02100103,https://data.cerl.org/mei/02100103,data/expanded/mei-corpus.json,Observed as the current holding institution; no arrival date is inferred.,,,,current_holding-nlkb,NL,,,cerl_holding_city_to_geonames,"The holding institution is mapped to its city-level GeoNames point, not to building coordinates.",https://data.cerl.org/holdinst/NLKB,"Den Haag, Koninklijke Bibliotheek - Nationale Bibliotheek van Nederland",,locality,,
02132453-print,02132453,02132453,ih00410500,ih00410500,print_place,first,0,1,,,Paris,Paris,Paris,GeoNames,2988507,https://www.geonames.org/2988507,48.85341,2.3488,,,,B.G. Inc. 70,1500,1500,,,gw_extracted_year_range,,coordinates_resolved,edition_level_print_statement,GW,13259,https://gesamtkatalogderwiegendrucke.de/docs/GW13259.htm,data/derived/prayer-book-corpus.csv,Printing statement shared by copies of the edition.,Paris,,,,FR,,,source_name_and_country_match,Locality-level point reused from source data; no building location or arrival date inferred.,https://data.cerl.org/holdinst/ParisBN,Paris,,locality,,
02132453-current,02132453,02132453,ih00410500,ih00410500,current_holding,last,7,1,,,"Milano, Biblioteca Nazionale Braidense",Milan,Milan,GeoNames,3173435,https://www.geonames.org/3173435,45.46427,9.18951,IT,MilanoN,"Milano, Biblioteca Nazionale Braidense",B.G. Inc. 70,,,,2026-09-30,current_observation_only,,coordinates_resolved,current_holding_statement,MEI,02132453,https://data.cerl.org/mei/02132453,data/expanded/mei-corpus.json,Observed as the current holding institution; no arrival date is inferred.,,,,current_holding-milanon,IT,,,cerl_holding_city_to_geonames,"The holding institution is mapped to its city-level GeoNames point, not to building coordinates.",https://data.cerl.org/holdinst/MilanoN,"Milano, Biblioteca Nazionale Braidense",,locality,,
00204427-print,00204427,00204427,ih00418010,ih00418010,print_place,first,0,1,,,Paris,Paris,Paris,GeoNames,2988507,https://www.geonames.org/2988507,48.85341,2.3488,,,,Byw. R 4.12*.,1490,1490,,,gw_extracted_year_range,,coordinates_resolved,edition_level_print_statement,GW,13052,https://gesamtkatalogderwiegendrucke.de/docs/GW13052.htm,data/derived/prayer-book-corpus.csv,Printing statement shared by copies of the edition.,Paris,,,,FR,,,source_name_and_country_match,Locality-level point reused from source data; no building location or arrival date inferred.,https://data.cerl.org/holdinst/ParisBN,Paris,,locality,,
00204427-current,00204427,00204427,ih00418010,ih00418010,current_holding,last,3,1,,,"Oxford, Bodleian Library",Oxford,Oxford,GeoNames,2640729,https://www.geonames.org/2640729,51.75222,-1.25596,GB,OxfordBodley,"Oxford, Bodleian Library",Byw. R 4.12*.,,,,2026-09-30,current_observation_only,,coordinates_resolved,current_holding_statement,MEI,00204427,https://data.cerl.org/mei/00204427,data/expanded/mei-corpus.json,Observed as the current holding institution; no arrival date is inferred.,,,,current_holding-oxfordbodley,GB,,Q82133,cerl_holding_city_to_geonames,"The holding institution is mapped to its city-level GeoNames point, not to building coordinates.",https://data.cerl.org/holdinst/OxfordBodley,"Oxford, Bodleian Library",,locality,,
00205582-print,00205582,00205582,ih00418800,ih00418800,print_place,first,0,1,,,Paris,Paris,Paris,GeoNames,2988507,https://www.geonames.org/2988507,48.85341,2.3488,,,,Douce BB 113.,1497,1497,,,gw_extracted_year_range,,coordinates_resolved,edition_level_print_statement,GW,13193,https://gesamtkatalogderwiegendrucke.de/docs/GW13193.htm,data/derived/prayer-book-corpus.csv,Printing statement shared by copies of the edition.,Paris,,,,FR,,,source_name_and_country_match,Locality-level point reused from source data; no building location or arrival date inferred.,https://data.cerl.org/holdinst/ParisBN,Paris,,locality,,
00205582-current,00205582,00205582,ih00418800,ih00418800,current_holding,last,3,1,,,"Oxford, Bodleian Library",Oxford,Oxford,GeoNames,2640729,https://www.geonames.org/2640729,51.75222,-1.25596,GB,OxfordBodley,"Oxford, Bodleian Library",Douce BB 113.,,,,2026-09-30,current_observation_only,,coordinates_resolved,current_holding_statement,MEI,00205582,https://data.cerl.org/mei/00205582,data/expanded/mei-corpus.json,Observed as the current holding institution; no arrival date is inferred.,,,,current_holding-oxfordbodley,GB,,Q82133,cerl_holding_city_to_geonames,"The holding institution is mapped to its city-level GeoNames point, not to building coordinates.",https://data.cerl.org/holdinst/OxfordBodley,"Oxford, Bodleian Library",,locality,,
02010654-print,02010654,02010654,ih00419000,ih00419000,print_place,first,0,1,,,Paris,Paris,Paris,GeoNames,2988507,https://www.geonames.org/2988507,48.85341,2.3488,,,,[ZZ] 1488.5,1498,1498,,,gw_extracted_year_range,,coordinates_resolved,edition_level_print_statement,GW,13212,https://gesamtkatalogderwiegendrucke.de/docs/GW13212.htm,data/derived/prayer-book-corpus.csv,Printing statement shared by copies of the edition.,Paris,,,,FR,,,source_name_and_country_match,Locality-level point reused from source data; no building location or arrival date inferred.,https://data.cerl.org/holdinst/ParisBN,Paris,,locality,,
02010654-current,02010654,02010654,ih00419000,ih00419000,current_holding,last,6,1,,,"London, Lambeth Palace Library",London,London,GeoNames,2643743,https://www.geonames.org/2643743,51.50853,-0.12574,GB,LondonLambeth,"London, Lambeth Palace Library",[ZZ] 1488.5,,,,2026-09-30,current_observation_only,,coordinates_resolved,current_holding_statement,MEI,02010654,https://data.cerl.org/mei/02010654,data/expanded/mei-corpus.json,Observed as the current holding institution; no arrival date is inferred.,,,,current_holding-londonlambeth,GB,,Q30264838,cerl_holding_city_to_geonames,"The holding institution is mapped to its city-level GeoNames point, not to building coordinates.",https://data.cerl.org/holdinst/LondonLambeth,"London, Lambeth Palace Library",,locality,,
00200613-print,00200613,00200613,ih00419500,ih00419500,print_place,first,0,1,,,Venedig,Venice,Venice,GeoNames,3164603,https://www.geonames.org/3164603,45.43713,12.33265,,,,Ink. 12,1495,1495,,,gw_extracted_year_range,,coordinates_resolved,edition_level_print_statement,GW,13380,https://gesamtkatalogderwiegendrucke.de/docs/GW13380.htm,data/derived/prayer-book-corpus.csv,Printing statement shared by copies of the edition.,Venedig,,,print_place-venedig,IT,,,verified_geonames_city,,https://gesamtkatalogderwiegendrucke.de/docs/GW13360.htm | https://gesamtkatalogderwiegendrucke.de/docs/GW1338820N.htm,Venedig,,locality,,
00200613-current,00200613,00200613,ih00419500,ih00419500,current_holding,last,1,1,,,"Salzburg, Städtisches Museum Carolino-Augusteum, Bibliothek",Salzburg,Salzburg,GeoNames,2766824,https://www.geonames.org/2766824,47.79941,13.04399,AT,SalzburgCarolinoAug,"Salzburg, Städtisches Museum Carolino-Augusteum, Bibliothek",Ink. 12,,,,2026-09-30,current_observation_only,,coordinates_resolved,current_holding_statement,MEI,00200613,https://data.cerl.org/mei/00200613,data/expanded/mei-corpus.json,Observed as the current holding institution; no arrival date is inferred.,,,,,AT,,,human_review_2026_10_01,Ortszuweisung nach Prüfung durch Stefan Matter (01.10.2026); Kartenpunkt auf Ortsebene.,https://www.geonames.org/2766824,"Salzburg, Städtisches Museum Carolino-Augusteum, Bibliothek",ORT-96E54DAA,locality,,
02127516-print,02127516,02127516,ih00420000,ih00420000,print_place,first,0,1,,,Brügge,Bruges,Bruges,GeoNames,2800931,https://www.geonames.org/2800931,51.20892,3.22424,,,,PML 18386,1475,1475,,,gw_extracted_year_range,,coordinates_resolved,edition_level_print_statement,GW,13407,https://gesamtkatalogderwiegendrucke.de/docs/GW13407.htm,data/derived/prayer-book-corpus.csv,Printing statement shared by copies of the edition.,Brügge,,,,BE,,,source_name_and_country_match,Locality-level point reused from source data; no building location or arrival date inferred.,https://data.cerl.org/mei/02127516,Brügge,,locality,,
02127516-current,02127516,02127516,ih00420000,ih00420000,current_holding,last,7,1,,,"New York NY, The Morgan Library and Museum",New York,New York,GeoNames,5128581,https://www.geonames.org/5128581,40.71427,-74.00597,US,NewYorkNYPierpontMorganLibrary,"New York NY, The Morgan Library and Museum",PML 18386,,,,2026-09-30,current_observation_only,,coordinates_resolved,current_holding_statement,MEI,02127516,https://data.cerl.org/mei/02127516,data/expanded/mei-corpus.json,Observed as the current holding institution; no arrival date is inferred.,,,,current_holding-newyorknypierpontmorganlibrary,US,,,cerl_holding_city_to_geonames,"The holding institution is mapped to its city-level GeoNames point, not to building coordinates.",https://data.cerl.org/holdinst/NewYorkNYPierpontMorganLibrary,"New York NY, The Morgan Library and Museum",,locality,,
00205585-print,00205585,00205585,ih00420000,ih00420000,print_place,first,0,1,,,Brügge,Bruges,Bruges,GeoNames,2800931,https://www.geonames.org/2800931,51.20892,3.22424,,,,Douce Fragm. g.1.,1475,1475,,,gw_extracted_year_range,,coordinates_resolved,edition_level_print_statement,GW,13407,https://gesamtkatalogderwiegendrucke.de/docs/GW13407.htm,data/derived/prayer-book-corpus.csv,Printing statement shared by copies of the edition.,Brügge,,,,BE,,,source_name_and_country_match,Locality-level point reused from source data; no building location or arrival date inferred.,https://data.cerl.org/mei/02127516,Brügge,,locality,,
00205585-current,00205585,00205585,ih00420000,ih00420000,current_holding,last,4,1,,,"Oxford, Bodleian Library",Oxford,Oxford,GeoNames,2640729,https://www.geonames.org/2640729,51.75222,-1.25596,GB,OxfordBodley,"Oxford, Bodleian Library",Douce Fragm. g.1.,,,,2026-09-30,current_observation_only,,coordinates_resolved,current_holding_statement,MEI,00205585,https://data.cerl.org/mei/00205585,data/expanded/mei-corpus.json,Observed as the current holding institution; no arrival date is inferred.,,,,current_holding-oxfordbodley,GB,,Q82133,cerl_holding_city_to_geonames,"The holding institution is mapped to its city-level GeoNames point, not to building coordinates.",https://data.cerl.org/holdinst/OxfordBodley,"Oxford, Bodleian Library",,locality,,
02137556-print,02137556,02137556,ih00420200,ih00420200,print_place,first,0,1,,,Westminster,Westminster,Westminster,GeoNames,2634341,https://www.geonames.org/2634341,51.50040,-0.12650,,,,IB.55036,1478,1478,,,gw_extracted_year_range,,coordinates_resolved,edition_level_print_statement,GW,13021,https://gesamtkatalogderwiegendrucke.de/docs/GW13021.htm,data/derived/prayer-book-corpus.csv,Printing statement shared by copies of the edition.,Westminster,,,print_place-westminster,GB,Q189960,,verified_geonames_city,,https://gesamtkatalogderwiegendrucke.de/docs/GW13021.htm,Westminster,,locality,,
02137556-current,02137556,02137556,ih00420200,ih00420200,current_holding,last,3,1,,,"London, British Library",London,London,GeoNames,2643743,https://www.geonames.org/2643743,51.50853,-0.12574,GB,LondonBL,"London, British Library",IB.55036,,,,2026-09-23,current_observation_only,,coordinates_resolved,current_holding_statement,MEI,02137556,https://data.cerl.org/mei/02137556,data/expanded/mei-corpus.json,Observed as the current holding institution; no arrival date is inferred.,,,,current_holding-londonbl,GB,,Q23308,cerl_holding_city_to_geonames,"The holding institution is mapped to its city-level GeoNames point, not to building coordinates.",https://data.cerl.org/holdinst/LondonBL,"London, British Library",,locality,,
00560442-print,00560442,00560442,ih00420300,ih00420300,print_place,first,0,1,,,London,London,London,GeoNames,2643743,https://www.geonames.org/2643743,51.50853,-0.12574,,,,Inc.6.J.3.4[3606],1484,1484,,,gw_extracted_year_range,,coordinates_resolved,edition_level_print_statement,GW,13013,https://gesamtkatalogderwiegendrucke.de/docs/GW13013.htm,data/derived/prayer-book-corpus.csv,Printing statement shared by copies of the edition.,London,,,print_place-london,GB,,,reused_mei_geonames,,https://gesamtkatalogderwiegendrucke.de/docs/GW13013.htm,London,,locality,,
00560442-current,00560442,00560442,ih00420300,ih00420300,current_holding,last,2,1,,,"Cambridge, University Library",Cambridge,Cambridge,GeoNames,2653941,https://www.geonames.org/2653941,52.2,0.11667,GB,CambridgeUL,"Cambridge, University Library",Inc.6.J.3.4[3606],,,,2026-09-23,current_observation_only,,coordinates_resolved,current_holding_statement,MEI,00560442,https://data.cerl.org/mei/00560442,data/expanded/mei-corpus.json,Observed as the current holding institution; no arrival date is inferred.,,,,current_holding-cambridgeul,GB,,Q1028334,cerl_holding_city_to_geonames,"The holding institution is mapped to its city-level GeoNames point, not to building coordinates.",https://data.cerl.org/holdinst/CambridgeUL,"Cambridge, University Library",,locality,,
00203485-print,00203485,00203485,ih00420300,ih00420300,print_place,first,0,1,,,London,London,London,GeoNames,2643743,https://www.geonames.org/2643743,51.50853,-0.12574,,,,Arch. G f.16.,1484,1484,,,gw_extracted_year_range,,coordinates_resolved,edition_level_print_statement,GW,13013,https://gesamtkatalogderwiegendrucke.de/docs/GW13013.htm,data/derived/prayer-book-corpus.csv,Printing statement shared by copies of the edition.,London,,,print_place-london,GB,,,reused_mei_geonames,,https://gesamtkatalogderwiegendrucke.de/docs/GW13013.htm,London,,locality,,
00203485-current,00203485,00203485,ih00420300,ih00420300,current_holding,last,7,1,,,"Oxford, Bodleian Library",Oxford,Oxford,GeoNames,2640729,https://www.geonames.org/2640729,51.75222,-1.25596,GB,OxfordBodley,"Oxford, Bodleian Library",Arch. G f.16.,,,,2026-09-23,current_observation_only,,coordinates_resolved,current_holding_statement,MEI,00203485,https://data.cerl.org/mei/00203485,data/expanded/mei-corpus.json,Observed as the current holding institution; no arrival date is inferred.,,,,current_holding-oxfordbodley,GB,,Q82133,cerl_holding_city_to_geonames,"The holding institution is mapped to its city-level GeoNames point, not to building coordinates.",https://data.cerl.org/holdinst/OxfordBodley,"Oxford, Bodleian Library",,locality,,
00560443-print,00560443,00560443,ih00420330,ih00420330,print_place,first,0,1,,,Paris,Paris,Paris,GeoNames,2988507,https://www.geonames.org/2988507,48.85341,2.3488,,,,Inc.6.D.1.14[2501],1488,1488,,,gw_extracted_year_range,,coordinates_resolved,edition_level_print_statement,GW,13051,https://gesamtkatalogderwiegendrucke.de/docs/GW13051.htm,data/derived/prayer-book-corpus.csv,Printing statement shared by copies of the edition.,Paris(?),,,,FR,,,human_review_2026_10_01,Ortszuweisung nach Prüfung durch Stefan Matter (01.10.2026); Kartenpunkt auf Ortsebene. Quellenangabe: Paris(?). Alternative bzw. Unsicherheit bleibt bestehen.,https://data.cerl.org/mei/02160423,Paris(?),ORT-54F9F609,locality,Unsichere Ortszuweisung; für die Karte gewählt,
00560443-current,00560443,00560443,ih00420330,ih00420330,current_holding,last,4,1,,,"Cambridge, University Library",Cambridge,Cambridge,GeoNames,2653941,https://www.geonames.org/2653941,52.2,0.11667,GB,CambridgeUL,"Cambridge, University Library",Inc.6.D.1.14[2501],,,,2026-09-30,current_observation_only,,coordinates_resolved,current_holding_statement,MEI,00560443,https://data.cerl.org/mei/00560443,data/expanded/mei-corpus.json,Observed as the current holding institution; no arrival date is inferred.,,,,current_holding-cambridgeul,GB,,Q1028334,cerl_holding_city_to_geonames,"The holding institution is mapped to its city-level GeoNames point, not to building coordinates.",https://data.cerl.org/holdinst/CambridgeUL,"Cambridge, University Library",,locality,,
00560444-print,00560444,00560444,ih00420400,ih00420400,print_place,first,0,1,,,Westminster,Westminster,Westminster,GeoNames,2634341,https://www.geonames.org/2634341,51.50040,-0.12650,,,,Inc.6.J.1.1[3533],1484,1484,,,gw_extracted_year_range,,coordinates_resolved,edition_level_print_statement,GW,13022,https://gesamtkatalogderwiegendrucke.de/docs/GW13022.htm,data/derived/prayer-book-corpus.csv,Printing statement shared by copies of the edition.,Westminster,,,print_place-westminster,GB,Q189960,,verified_geonames_city,,https://gesamtkatalogderwiegendrucke.de/docs/GW13021.htm,Westminster,,locality,,
00560444-current,00560444,00560444,ih00420400,ih00420400,current_holding,last,2,1,,,"Cambridge, University Library",Cambridge,Cambridge,GeoNames,2653941,https://www.geonames.org/2653941,52.2,0.11667,GB,CambridgeUL,"Cambridge, University Library",Inc.6.J.1.1[3533],,,,2026-09-30,current_observation_only,,coordinates_resolved,current_holding_statement,MEI,00560444,https://data.cerl.org/mei/00560444,data/expanded/mei-corpus.json,Observed as the current holding institution; no arrival date is inferred.,,,,current_holding-cambridgeul,GB,,Q1028334,cerl_holding_city_to_geonames,"The holding institution is mapped to its city-level GeoNames point, not to building coordinates.",https://data.cerl.org/holdinst/CambridgeUL,"Cambridge, University Library",,locality,,
00201174-print,00201174,00201174,ih00420440,ih00420440,print_place,first,0,1,,,Venedig,Venice,Venice,GeoNames,3164603,https://www.geonames.org/3164603,45.43713,12.33265,,,,Inc.Fragments.3[3710],1494,1494,,,gw_extracted_year_range,,coordinates_resolved,edition_level_print_statement,GW,13377,https://gesamtkatalogderwiegendrucke.de/docs/GW13377.htm,data/derived/prayer-book-corpus.csv,Printing statement shared by copies of the edition.,Venedig,,,print_place-venedig,IT,,,verified_geonames_city,,https://gesamtkatalogderwiegendrucke.de/docs/GW13360.htm | https://gesamtkatalogderwiegendrucke.de/docs/GW1338820N.htm,Venedig,,locality,,
00201174-current,00201174,00201174,ih00420440,ih00420440,current_holding,last,1,1,,,"Cambridge, University Library",Cambridge,Cambridge,GeoNames,2653941,https://www.geonames.org/2653941,52.2,0.11667,GB,CambridgeUL,"Cambridge, University Library",Inc.Fragments.3[3710],,,,2026-09-30,current_observation_only,,coordinates_resolved,current_holding_statement,MEI,00201174,https://data.cerl.org/mei/00201174,data/expanded/mei-corpus.json,Observed as the current holding institution; no arrival date is inferred.,,,,current_holding-cambridgeul,GB,,Q1028334,cerl_holding_city_to_geonames,"The holding institution is mapped to its city-level GeoNames point, not to building coordinates.",https://data.cerl.org/holdinst/CambridgeUL,"Cambridge, University Library",,locality,,
00201175-print,00201175,00201175,ih00420440,ih00420440,print_place,first,0,1,,,Venedig,Venice,Venice,GeoNames,3164603,https://www.geonames.org/3164603,45.43713,12.33265,,,,,1494,1494,,,gw_extracted_year_range,,coordinates_resolved,edition_level_print_statement,GW,13377,https://gesamtkatalogderwiegendrucke.de/docs/GW13377.htm,data/derived/prayer-book-corpus.csv,Printing statement shared by copies of the edition.,Venedig,,,print_place-venedig,IT,,,verified_geonames_city,,https://gesamtkatalogderwiegendrucke.de/docs/GW13360.htm | https://gesamtkatalogderwiegendrucke.de/docs/GW1338820N.htm,Venedig,,locality,,
00201175-current,00201175,00201175,ih00420440,ih00420440,current_holding,last,1,1,,,"Durham, University Library, Barker Research Library, Palace Green ",Durham,Durham,,,,54.7761,-1.5733,GB,DurhamUL,"Durham, University Library, Barker Research Library, Palace Green ",,,,,2026-09-30,current_observation_only,,coordinates_resolved,current_holding_statement,MEI,00201175,https://data.cerl.org/mei/00201175,data/expanded/mei-corpus.json,Observed as the current holding institution; no arrival date is inferred.,,,,,GB,,,human_review_2026_10_01,Ortszuweisung nach Prüfung durch Stefan Matter (01.10.2026); Kartenpunkt auf Ortsebene.,"https://en.wikipedia.org/wiki/Durham,_England","Durham, University Library, Barker Research Library, Palace Green ",ORT-6A70D7BF,locality,,
00200605-print,00200605,00200605,ih00420440,ih00420440,print_place,first,0,1,,,Venedig,Venice,Venice,GeoNames,3164603,https://www.geonames.org/3164603,45.43713,12.33265,,,,R95017,1494,1494,,,gw_extracted_year_range,,coordinates_resolved,edition_level_print_statement,GW,13377,https://gesamtkatalogderwiegendrucke.de/docs/GW13377.htm,data/derived/prayer-book-corpus.csv,Printing statement shared by copies of the edition.,Venedig,,,print_place-venedig,IT,,,verified_geonames_city,,https://gesamtkatalogderwiegendrucke.de/docs/GW13360.htm | https://gesamtkatalogderwiegendrucke.de/docs/GW1338820N.htm,Venedig,,locality,,
00200605-current,00200605,00200605,ih00420440,ih00420440,current_holding,last,1,1,,,"Manchester, University of Manchester, John Rylands Research Institute and Library",Manchester,Manchester,GeoNames,2643123,https://www.geonames.org/2643123,53.48095,-2.23743,GB,ManchesterJRL,"Manchester, University of Manchester, John Rylands Research Institute and Library",R95017,,,,2026-09-30,current_observation_only,,coordinates_resolved,current_holding_statement,MEI,00200605,https://data.cerl.org/mei/00200605,data/expanded/mei-corpus.json,Observed as the current holding institution; no arrival date is inferred.,,,,current_holding-manchesterjrl,GB,,Q773989,cerl_holding_city_to_geonames,"The holding institution is mapped to its city-level GeoNames point, not to building coordinates.",https://data.cerl.org/holdinst/ManchesterJRL,"Manchester, University of Manchester, John Rylands Research Institute and Library",,locality,,
00201180-print,00201180,00201180,ih00420440,ih00420440,print_place,first,0,1,,,Venedig,Venice,Venice,GeoNames,3164603,https://www.geonames.org/3164603,45.43713,12.33265,,,,,1494,1494,,,gw_extracted_year_range,,coordinates_resolved,edition_level_print_statement,GW,13377,https://gesamtkatalogderwiegendrucke.de/docs/GW13377.htm,data/derived/prayer-book-corpus.csv,Printing statement shared by copies of the edition.,Venedig,,,print_place-venedig,IT,,,verified_geonames_city,,https://gesamtkatalogderwiegendrucke.de/docs/GW13360.htm | https://gesamtkatalogderwiegendrucke.de/docs/GW1338820N.htm,Venedig,,locality,,
00201180-current,00201180,00201180,ih00420440,ih00420440,current_holding,last,1,1,,,"Oxford, Corpus Christi College",Oxford,Oxford,GeoNames,2640729,https://www.geonames.org/2640729,51.75222,-1.25596,GB,OxfordCorpusChristiCollege,"Oxford, Corpus Christi College",,,,,2026-09-30,current_observation_only,,coordinates_resolved,current_holding_statement,MEI,00201180,https://data.cerl.org/mei/00201180,data/expanded/mei-corpus.json,Observed as the current holding institution; no arrival date is inferred.,,,,,GB,,,source_name_and_country_match,Locality-level point reused from source data; no building location or arrival date inferred.,https://data.cerl.org/holdinst/OxfordBodley,"Oxford, Corpus Christi College",,locality,,
00200602-print,00200602,00200602,ih00420440,ih00420440,print_place,first,0,1,,,Venedig,Venice,Venice,GeoNames,3164603,https://www.geonames.org/3164603,45.43713,12.33265,,,,IA.23403,1494,1494,,,gw_extracted_year_range,,coordinates_resolved,edition_level_print_statement,GW,13377,https://gesamtkatalogderwiegendrucke.de/docs/GW13377.htm,data/derived/prayer-book-corpus.csv,Printing statement shared by copies of the edition.,Venedig,,,print_place-venedig,IT,,,verified_geonames_city,,https://gesamtkatalogderwiegendrucke.de/docs/GW13360.htm | https://gesamtkatalogderwiegendrucke.de/docs/GW1338820N.htm,Venedig,,locality,,
00200602-current,00200602,00200602,ih00420440,ih00420440,current_holding,last,3,1,,,"London, British Library",London,London,GeoNames,2643743,https://www.geonames.org/2643743,51.50853,-0.12574,GB,LondonBL,"London, British Library",IA.23403,,,,2026-09-30,current_observation_only,,coordinates_resolved,current_holding_statement,MEI,00200602,https://data.cerl.org/mei/00200602,data/expanded/mei-corpus.json,Observed as the current holding institution; no arrival date is inferred.,,,,current_holding-londonbl,GB,,Q23308,cerl_holding_city_to_geonames,"The holding institution is mapped to its city-level GeoNames point, not to building coordinates.",https://data.cerl.org/holdinst/LondonBL,"London, British Library",,locality,,
00201178-print,00201178,00201178,ih00420440,ih00420440,print_place,first,0,1,,,Venedig,Venice,Venice,GeoNames,3164603,https://www.geonames.org/3164603,45.43713,12.33265,,,,,1494,1494,,,gw_extracted_year_range,,coordinates_resolved,edition_level_print_statement,GW,13377,https://gesamtkatalogderwiegendrucke.de/docs/GW13377.htm,data/derived/prayer-book-corpus.csv,Printing statement shared by copies of the edition.,Venedig,,,print_place-venedig,IT,,,verified_geonames_city,,https://gesamtkatalogderwiegendrucke.de/docs/GW13360.htm | https://gesamtkatalogderwiegendrucke.de/docs/GW1338820N.htm,Venedig,,locality,,
00201178-current,00201178,00201178,ih00420440,ih00420440,current_holding,last,1,1,,,"London, Drapers' Company",London,London,GeoNames,2643743,https://www.geonames.org/2643743,51.50853,-0.12574,GB,LondonDrapers,"London, Drapers' Company",,,,,2026-09-30,current_observation_only,,coordinates_resolved,current_holding_statement,MEI,00201178,https://data.cerl.org/mei/00201178,data/expanded/mei-corpus.json,Observed as the current holding institution; no arrival date is inferred.,,,,,GB,,,source_name_and_country_match,Locality-level point reused from source data; no building location or arrival date inferred.,https://data.cerl.org/holdinst/LondonLambeth,"London, Drapers' Company",,locality,,
00201179-print,00201179,00201179,ih00420440,ih00420440,print_place,first,0,1,,,Venedig,Venice,Venice,GeoNames,3164603,https://www.geonames.org/3164603,45.43713,12.33265,,,,,1494,1494,,,gw_extracted_year_range,,coordinates_resolved,edition_level_print_statement,GW,13377,https://gesamtkatalogderwiegendrucke.de/docs/GW13377.htm,data/derived/prayer-book-corpus.csv,Printing statement shared by copies of the edition.,Venedig,,,print_place-venedig,IT,,,verified_geonames_city,,https://gesamtkatalogderwiegendrucke.de/docs/GW13360.htm | https://gesamtkatalogderwiegendrucke.de/docs/GW1338820N.htm,Venedig,,locality,,
00201179-current,00201179,00201179,ih00420440,ih00420440,current_holding,last,1,1,,,"Oxford, Brasenose College",Oxford,Oxford,GeoNames,2640729,https://www.geonames.org/2640729,51.75222,-1.25596,GB,OxfordBrasenose,"Oxford, Brasenose College",,,,,2026-09-30,current_observation_only,,coordinates_resolved,current_holding_statement,MEI,00201179,https://data.cerl.org/mei/00201179,data/expanded/mei-corpus.json,Observed as the current holding institution; no arrival date is inferred.,,,,,GB,,,source_name_and_country_match,Locality-level point reused from source data; no building location or arrival date inferred.,https://data.cerl.org/holdinst/OxfordBodley,"Oxford, Brasenose College",,locality,,
00206217-print,00206217,00206217,ih00420440,ih00420440,print_place,first,0,1,,,Venedig,Venice,Venice,GeoNames,3164603,https://www.geonames.org/3164603,45.43713,12.33265,,,,Inc. b. I4.1494.2.,1494,1494,,,gw_extracted_year_range,,coordinates_resolved,edition_level_print_statement,GW,13377,https://gesamtkatalogderwiegendrucke.de/docs/GW13377.htm,data/derived/prayer-book-corpus.csv,Printing statement shared by copies of the edition.,Venedig,,,print_place-venedig,IT,,,verified_geonames_city,,https://gesamtkatalogderwiegendrucke.de/docs/GW13360.htm | https://gesamtkatalogderwiegendrucke.de/docs/GW1338820N.htm,Venedig,,locality,,
00206217-current,00206217,00206217,ih00420440,ih00420440,current_holding,last,6,1,,,"Oxford, Bodleian Library",Oxford,Oxford,GeoNames,2640729,https://www.geonames.org/2640729,51.75222,-1.25596,GB,OxfordBodley,"Oxford, Bodleian Library",Inc. b. I4.1494.2.,,,,2026-09-30,current_observation_only,,coordinates_resolved,current_holding_statement,MEI,00206217,https://data.cerl.org/mei/00206217,data/expanded/mei-corpus.json,Observed as the current holding institution; no arrival date is inferred.,,,,current_holding-oxfordbodley,GB,,Q82133,cerl_holding_city_to_geonames,"The holding institution is mapped to its city-level GeoNames point, not to building coordinates.",https://data.cerl.org/holdinst/OxfordBodley,"Oxford, Bodleian Library",,locality,,
00201177-print,00201177,00201177,ih00420440,ih00420440,print_place,first,0,1,,,Venedig,Venice,Venice,GeoNames,3164603,https://www.geonames.org/3164603,45.43713,12.33265,,,,,1494,1494,,,gw_extracted_year_range,,coordinates_resolved,edition_level_print_statement,GW,13377,https://gesamtkatalogderwiegendrucke.de/docs/GW13377.htm,data/derived/prayer-book-corpus.csv,Printing statement shared by copies of the edition.,Venedig,,,print_place-venedig,IT,,,verified_geonames_city,,https://gesamtkatalogderwiegendrucke.de/docs/GW13360.htm | https://gesamtkatalogderwiegendrucke.de/docs/GW1338820N.htm,Venedig,,locality,,
00201177-current,00201177,00201177,ih00420440,ih00420440,current_holding,last,1,1,,,"Durham, Ushaw College",Durham,Durham,,,,54.7761,-1.5733,GB,DurhamUshaw,"Durham, Ushaw College",,,,,2026-09-30,current_observation_only,,coordinates_resolved,current_holding_statement,MEI,00201177,https://data.cerl.org/mei/00201177,data/expanded/mei-corpus.json,Observed as the current holding institution; no arrival date is inferred.,,,,,GB,,,human_review_2026_10_01,Ortszuweisung nach Prüfung durch Stefan Matter (01.10.2026); Kartenpunkt auf Ortsebene.,"https://en.wikipedia.org/wiki/Durham,_England","Durham, Ushaw College",ORT-D71FF892,locality,,
00200607-print,00200607,00200607,ih00420440,ih00420440,print_place,first,0,1,,,Venedig,Venice,Venice,GeoNames,3164603,https://www.geonames.org/3164603,45.43713,12.33265,,,,DDf.8.09,1494,1494,,,gw_extracted_year_range,,coordinates_resolved,edition_level_print_statement,GW,13377,https://gesamtkatalogderwiegendrucke.de/docs/GW13377.htm,data/derived/prayer-book-corpus.csv,Printing statement shared by copies of the edition.,Venedig,,,print_place-venedig,IT,,,verified_geonames_city,,https://gesamtkatalogderwiegendrucke.de/docs/GW13360.htm | https://gesamtkatalogderwiegendrucke.de/docs/GW1338820N.htm,Venedig,,locality,,
00200607-current,00200607,00200607,ih00420440,ih00420440,current_holding,last,3,1,,,"Eton, Eton College Library",Eton,Eton,GeoNames,2649873,https://www.geonames.org/2649873,51.48833,-0.60905,GB,Eton,"Eton, Eton College Library",DDf.8.09,,,,2026-09-30,current_observation_only,,coordinates_resolved,current_holding_statement,MEI,00200607,https://data.cerl.org/mei/00200607,data/expanded/mei-corpus.json,Observed as the current holding institution; no arrival date is inferred.,,,,,GB,,,source_name_and_country_match,Locality-level point reused from source data; no building location or arrival date inferred.,https://data.cerl.org/mei/00200607,"Eton, Eton College Library",,locality,,
00560445-print,00560445,00560445,ih00420440,ih00420440,print_place,first,0,1,,,Venedig,Venice,Venice,GeoNames,3164603,https://www.geonames.org/3164603,45.43713,12.33265,,,,Inc.Fragments.3[3710],1494,1494,,,gw_extracted_year_range,,coordinates_resolved,edition_level_print_statement,GW,13377,https://gesamtkatalogderwiegendrucke.de/docs/GW13377.htm,data/derived/prayer-book-corpus.csv,Printing statement shared by copies of the edition.,Venedig,,,print_place-venedig,IT,,,verified_geonames_city,,https://gesamtkatalogderwiegendrucke.de/docs/GW13360.htm | https://gesamtkatalogderwiegendrucke.de/docs/GW1338820N.htm,Venedig,,locality,,
00560445-current,00560445,00560445,ih00420440,ih00420440,current_holding,last,4,1,,,"Cambridge, University Library",Cambridge,Cambridge,GeoNames,2653941,https://www.geonames.org/2653941,52.2,0.11667,GB,CambridgeUL,"Cambridge, University Library",Inc.Fragments.3[3710],,,,2026-09-30,current_observation_only,,coordinates_resolved,current_holding_statement,MEI,00560445,https://data.cerl.org/mei/00560445,data/expanded/mei-corpus.json,Observed as the current holding institution; no arrival date is inferred.,,,,current_holding-cambridgeul,GB,,Q1028334,cerl_holding_city_to_geonames,"The holding institution is mapped to its city-level GeoNames point, not to building coordinates.",https://data.cerl.org/holdinst/CambridgeUL,"Cambridge, University Library",,locality,,
02149072-print,02149072,02149072,ih00420440,ih00420440,print_place,first,0,1,,,Venedig,Venice,Venice,GeoNames,3164603,https://www.geonames.org/3164603,45.43713,12.33265,,,,DDh.6.12,1494,1494,,,gw_extracted_year_range,,coordinates_resolved,edition_level_print_statement,GW,13377,https://gesamtkatalogderwiegendrucke.de/docs/GW13377.htm,data/derived/prayer-book-corpus.csv,Printing statement shared by copies of the edition.,Venedig,,,print_place-venedig,IT,,,verified_geonames_city,,https://gesamtkatalogderwiegendrucke.de/docs/GW13360.htm | https://gesamtkatalogderwiegendrucke.de/docs/GW1338820N.htm,Venedig,,locality,,
02149072-current,02149072,02149072,ih00420440,ih00420440,current_holding,last,5,1,,,"Eton, Eton College Library",Eton,Eton,GeoNames,2649873,https://www.geonames.org/2649873,51.48833,-0.60905,GB,Eton,"Eton, Eton College Library",DDh.6.12,,,,2026-09-30,current_observation_only,,coordinates_resolved,current_holding_statement,MEI,02149072,https://data.cerl.org/mei/02149072,data/expanded/mei-corpus.json,Observed as the current holding institution; no arrival date is inferred.,,,,,GB,,,source_name_and_country_match,Locality-level point reused from source data; no building location or arrival date inferred.,https://data.cerl.org/mei/00200607,"Eton, Eton College Library",,locality,,
00560447-print,00560447,00560447,ih00420450,ih00420450,print_place,first,0,1,,,Westminster,Westminster,Westminster,GeoNames,2634341,https://www.geonames.org/2634341,51.50040,-0.12650,,,,Inc.4.J.1.2[3571],1493,1493,,,gw_extracted_year_range,,coordinates_resolved,edition_level_print_statement,GW,13025,https://gesamtkatalogderwiegendrucke.de/docs/GW13025.htm,data/derived/prayer-book-corpus.csv,Printing statement shared by copies of the edition.,Westminster,,,print_place-westminster,GB,Q189960,,verified_geonames_city,,https://gesamtkatalogderwiegendrucke.de/docs/GW13021.htm,Westminster,,locality,,
00560447-current,00560447,00560447,ih00420450,ih00420450,current_holding,last,2,1,,,"Cambridge, University Library",Cambridge,Cambridge,GeoNames,2653941,https://www.geonames.org/2653941,52.2,0.11667,GB,CambridgeUL,"Cambridge, University Library",Inc.4.J.1.2[3571],,,,2026-09-30,current_observation_only,,coordinates_resolved,current_holding_statement,MEI,00560447,https://data.cerl.org/mei/00560447,data/expanded/mei-corpus.json,Observed as the current holding institution; no arrival date is inferred.,,,,current_holding-cambridgeul,GB,,Q1028334,cerl_holding_city_to_geonames,"The holding institution is mapped to its city-level GeoNames point, not to building coordinates.",https://data.cerl.org/holdinst/CambridgeUL,"Cambridge, University Library",,locality,,
00560446-print,00560446,00560446,ih00420450,ih00420450,print_place,first,0,1,,,Westminster,Westminster,Westminster,GeoNames,2634341,https://www.geonames.org/2634341,51.50040,-0.12650,,,,Inc.4.J.1.2[3570],1493,1493,,,gw_extracted_year_range,,coordinates_resolved,edition_level_print_statement,GW,13025,https://gesamtkatalogderwiegendrucke.de/docs/GW13025.htm,data/derived/prayer-book-corpus.csv,Printing statement shared by copies of the edition.,Westminster,,,print_place-westminster,GB,Q189960,,verified_geonames_city,,https://gesamtkatalogderwiegendrucke.de/docs/GW13021.htm,Westminster,,locality,,
00560446-current,00560446,00560446,ih00420450,ih00420450,current_holding,last,5,1,,,"Cambridge, University Library",Cambridge,Cambridge,GeoNames,2653941,https://www.geonames.org/2653941,52.2,0.11667,GB,CambridgeUL,"Cambridge, University Library",Inc.4.J.1.2[3570],,,,2026-09-30,current_observation_only,,coordinates_resolved,current_holding_statement,MEI,00560446,https://data.cerl.org/mei/00560446,data/expanded/mei-corpus.json,Observed as the current holding institution; no arrival date is inferred.,,,,current_holding-cambridgeul,GB,,Q1028334,cerl_holding_city_to_geonames,"The holding institution is mapped to its city-level GeoNames point, not to building coordinates.",https://data.cerl.org/holdinst/CambridgeUL,"Cambridge, University Library",,locality,,
00207214-print,00207214,00207214,ih00420450,ih00420450,print_place,first,0,1,,,Westminster,Westminster,Westminster,GeoNames,2634341,https://www.geonames.org/2634341,51.50040,-0.12650,,,,Arch. G e.43.,1493,1493,,,gw_extracted_year_range,,coordinates_resolved,edition_level_print_statement,GW,13025,https://gesamtkatalogderwiegendrucke.de/docs/GW13025.htm,data/derived/prayer-book-corpus.csv,Printing statement shared by copies of the edition.,Westminster,,,print_place-westminster,GB,Q189960,,verified_geonames_city,,https://gesamtkatalogderwiegendrucke.de/docs/GW13021.htm,Westminster,,locality,,
00207214-current,00207214,00207214,ih00420450,ih00420450,current_holding,last,3,1,,,"Oxford, Bodleian Library",Oxford,Oxford,GeoNames,2640729,https://www.geonames.org/2640729,51.75222,-1.25596,GB,OxfordBodley,"Oxford, Bodleian Library",Arch. G e.43.,,,,2026-09-30,current_observation_only,,coordinates_resolved,current_holding_statement,MEI,00207214,https://data.cerl.org/mei/00207214,data/expanded/mei-corpus.json,Observed as the current holding institution; no arrival date is inferred.,,,,current_holding-oxfordbodley,GB,,Q82133,cerl_holding_city_to_geonames,"The holding institution is mapped to its city-level GeoNames point, not to building coordinates.",https://data.cerl.org/holdinst/OxfordBodley,"Oxford, Bodleian Library",,locality,,
02010668-print,02010668,02010668,ih00420520,ih00420520,print_place,first,0,1,,,Westminster,Westminster,Westminster,GeoNames,2634341,https://www.geonames.org/2634341,51.50040,-0.12650,,,,[ZZ] 1494.6,1493,1493,,,gw_extracted_year_range,,coordinates_resolved,edition_level_print_statement,GW,13025,https://gesamtkatalogderwiegendrucke.de/docs/GW13025.htm,data/derived/prayer-book-corpus.csv,Printing statement shared by copies of the edition.,Westminster,,,print_place-westminster,GB,Q189960,,verified_geonames_city,,https://gesamtkatalogderwiegendrucke.de/docs/GW13021.htm,Westminster,,locality,,
02010668-current,02010668,02010668,ih00420520,ih00420520,current_holding,last,9,1,,,"London, Lambeth Palace Library",London,London,GeoNames,2643743,https://www.geonames.org/2643743,51.50853,-0.12574,GB,LondonLambeth,"London, Lambeth Palace Library",[ZZ] 1494.6,,,,2026-09-30,current_observation_only,,coordinates_resolved,current_holding_statement,MEI,02010668,https://data.cerl.org/mei/02010668,data/expanded/mei-corpus.json,Observed as the current holding institution; no arrival date is inferred.,,,,current_holding-londonlambeth,GB,,Q30264838,cerl_holding_city_to_geonames,"The holding institution is mapped to its city-level GeoNames point, not to building coordinates.",https://data.cerl.org/holdinst/LondonLambeth,"London, Lambeth Palace Library",,locality,,
00205587-print,00205587,00205587,ih00420580,ih00420580,print_place,first,0,1,,,Paris,Paris,Paris,GeoNames,2988507,https://www.geonames.org/2988507,48.85341,2.3488,,,,Douce 24.,1495,1495,,,gw_extracted_year_range,,coordinates_resolved,edition_level_print_statement,GW,13093,https://gesamtkatalogderwiegendrucke.de/docs/GW13093.htm,data/derived/prayer-book-corpus.csv,Printing statement shared by copies of the edition.,Paris oder Rouen,,,print_place-paris-oder-rouen,FR,,,human_review_2026_10_01,Ortszuweisung nach Prüfung durch Stefan Matter (01.10.2026); Kartenpunkt auf Ortsebene. Quellenangabe: Paris oder Rouen. Alternative bzw. Unsicherheit bleibt bestehen.,https://data.cerl.org/mei/02160423,Paris oder Rouen,ORT-1C6F79FF,locality,Unsichere Ortszuweisung; für die Karte gewählt,
00205587-current,00205587,00205587,ih00420580,ih00420580,current_holding,last,8,1,,,"Oxford, Bodleian Library",Oxford,Oxford,GeoNames,2640729,https://www.geonames.org/2640729,51.75222,-1.25596,GB,OxfordBodley,"Oxford, Bodleian Library",Douce 24.,,,,2026-09-23,current_observation_only,,coordinates_resolved,current_holding_statement,MEI,00205587,https://data.cerl.org/mei/00205587,data/expanded/mei-corpus.json,Observed as the current holding institution; no arrival date is inferred.,,,,current_holding-oxfordbodley,GB,,Q82133,cerl_holding_city_to_geonames,"The holding institution is mapped to its city-level GeoNames point, not to building coordinates.",https://data.cerl.org/holdinst/OxfordBodley,"Oxford, Bodleian Library",,locality,,
00212866-print,00212866,00212866,ih00420580,ih00420580,print_place,first,0,1,,,Paris,Paris,Paris,GeoNames,2988507,https://www.geonames.org/2988507,48.85341,2.3488,,,,Douce 24.,1495,1495,,,gw_extracted_year_range,,coordinates_resolved,edition_level_print_statement,GW,13093,https://gesamtkatalogderwiegendrucke.de/docs/GW13093.htm,data/derived/prayer-book-corpus.csv,Printing statement shared by copies of the edition.,Paris oder Rouen,,,print_place-paris-oder-rouen,FR,,,human_review_2026_10_01,Ortszuweisung nach Prüfung durch Stefan Matter (01.10.2026); Kartenpunkt auf Ortsebene. Quellenangabe: Paris oder Rouen. Alternative bzw. Unsicherheit bleibt bestehen.,https://data.cerl.org/mei/02160423,Paris oder Rouen,ORT-1C6F79FF,locality,Unsichere Ortszuweisung; für die Karte gewählt,
00212866-current,00212866,00212866,ih00420580,ih00420580,current_holding,last,3,1,,,"Oxford, Bodleian Library",Oxford,Oxford,GeoNames,2640729,https://www.geonames.org/2640729,51.75222,-1.25596,GB,OxfordBodley,"Oxford, Bodleian Library",Douce 24.,,,,2026-09-23,current_observation_only,,coordinates_resolved,current_holding_statement,MEI,00212866,https://data.cerl.org/mei/00212866,data/expanded/mei-corpus.json,Observed as the current holding institution; no arrival date is inferred.,,,,current_holding-oxfordbodley,GB,,Q82133,cerl_holding_city_to_geonames,"The holding institution is mapped to its city-level GeoNames point, not to building coordinates.",https://data.cerl.org/holdinst/OxfordBodley,"Oxford, Bodleian Library",,locality,,
00207364-print,00207364,00207364,ih00420600,ih00420600,print_place,first,0,1,,,London,London,London,GeoNames,2643743,https://www.geonames.org/2643743,51.50853,-0.12574,,,,8° Rawl. 586(6).,1497,1497,,,gw_extracted_year_range,,coordinates_resolved,edition_level_print_statement,GW,13015,https://gesamtkatalogderwiegendrucke.de/docs/GW13015.htm,data/derived/prayer-book-corpus.csv,Printing statement shared by copies of the edition.,London,,,print_place-london,GB,,,reused_mei_geonames,,https://gesamtkatalogderwiegendrucke.de/docs/GW13013.htm,London,,locality,,
00207364-current,00207364,00207364,ih00420600,ih00420600,current_holding,last,5,1,,,"Oxford, Bodleian Library",Oxford,Oxford,GeoNames,2640729,https://www.geonames.org/2640729,51.75222,-1.25596,GB,OxfordBodley,"Oxford, Bodleian Library",8° Rawl. 586(6).,,,,2026-09-30,current_observation_only,,coordinates_resolved,current_holding_statement,MEI,00207364,https://data.cerl.org/mei/00207364,data/expanded/mei-corpus.json,Observed as the current holding institution; no arrival date is inferred.,,,,current_holding-oxfordbodley,GB,,Q82133,cerl_holding_city_to_geonames,"The holding institution is mapped to its city-level GeoNames point, not to building coordinates.",https://data.cerl.org/holdinst/OxfordBodley,"Oxford, Bodleian Library",,locality,,
00212881-print,00212881,00212881,ih00420650,ih00420650,print_place,first,0,1,,,London,London,London,GeoNames,2643743,https://www.geonames.org/2643743,51.50853,-0.12574,,,,Douce adds. f.7.,1497,1497,,,gw_extracted_year_range,,coordinates_resolved,edition_level_print_statement,GW,13017,https://gesamtkatalogderwiegendrucke.de/docs/GW13017.htm,data/derived/prayer-book-corpus.csv,Printing statement shared by copies of the edition.,London,,,print_place-london,GB,,,reused_mei_geonames,,https://gesamtkatalogderwiegendrucke.de/docs/GW13013.htm,London,,locality,,
00212881-current,00212881,00212881,ih00420650,ih00420650,current_holding,last,3,1,,,"Oxford, Bodleian Library",Oxford,Oxford,GeoNames,2640729,https://www.geonames.org/2640729,51.75222,-1.25596,GB,OxfordBodley,"Oxford, Bodleian Library",Douce adds. f.7.,,,,2026-09-30,current_observation_only,,coordinates_resolved,current_holding_statement,MEI,00212881,https://data.cerl.org/mei/00212881,data/expanded/mei-corpus.json,Observed as the current holding institution; no arrival date is inferred.,,,,current_holding-oxfordbodley,GB,,Q82133,cerl_holding_city_to_geonames,"The holding institution is mapped to its city-level GeoNames point, not to building coordinates.",https://data.cerl.org/holdinst/OxfordBodley,"Oxford, Bodleian Library",,locality,,
00205586-print,00205586,00205586,ih00420700,ih00420700,print_place,first,0,1,,,London,London,London,GeoNames,2643743,https://www.geonames.org/2643743,51.50853,-0.12574,,,,Arch. G e.38.,1497,1497,,,gw_extracted_year_range,,coordinates_resolved,edition_level_print_statement,GW,13016,https://gesamtkatalogderwiegendrucke.de/docs/GW13016.htm,data/derived/prayer-book-corpus.csv,Printing statement shared by copies of the edition.,London,,,print_place-london,GB,,,reused_mei_geonames,,https://gesamtkatalogderwiegendrucke.de/docs/GW13013.htm,London,,locality,,
00205586-current,00205586,00205586,ih00420700,ih00420700,current_holding,last,5,1,,,"Oxford, Bodleian Library",Oxford,Oxford,GeoNames,2640729,https://www.geonames.org/2640729,51.75222,-1.25596,GB,OxfordBodley,"Oxford, Bodleian Library",Arch. G e.38.,,,,2026-09-30,current_observation_only,,coordinates_resolved,current_holding_statement,MEI,00205586,https://data.cerl.org/mei/00205586,data/expanded/mei-corpus.json,Observed as the current holding institution; no arrival date is inferred.,,,,current_holding-oxfordbodley,GB,,Q82133,cerl_holding_city_to_geonames,"The holding institution is mapped to its city-level GeoNames point, not to building coordinates.",https://data.cerl.org/holdinst/OxfordBodley,"Oxford, Bodleian Library",,locality,,
00560448-print,00560448,00560448,ih00421000,ih00421000,print_place,first,0,1,,,Paris,Paris,Paris,GeoNames,2988507,https://www.geonames.org/2988507,48.85341,2.3488,,,,Inc.6.D.1.33[2600],1497,1497,,,gw_extracted_year_range,,coordinates_resolved,edition_level_print_statement,GW,13156,https://gesamtkatalogderwiegendrucke.de/docs/GW13156.htm,data/derived/prayer-book-corpus.csv,Printing statement shared by copies of the edition.,Paris,,,,FR,,,source_name_and_country_match,Locality-level point reused from source data; no building location or arrival date inferred.,https://data.cerl.org/holdinst/ParisBN,Paris,,locality,,
00560448-current,00560448,00560448,ih00421000,ih00421000,current_holding,last,3,1,,,"Cambridge, University Library",Cambridge,Cambridge,GeoNames,2653941,https://www.geonames.org/2653941,52.2,0.11667,GB,CambridgeUL,"Cambridge, University Library",Inc.6.D.1.33[2600],,,,2026-09-30,current_observation_only,,coordinates_resolved,current_holding_statement,MEI,00560448,https://data.cerl.org/mei/00560448,data/expanded/mei-corpus.json,Observed as the current holding institution; no arrival date is inferred.,,,,current_holding-cambridgeul,GB,,Q1028334,cerl_holding_city_to_geonames,"The holding institution is mapped to its city-level GeoNames point, not to building coordinates.",https://data.cerl.org/holdinst/CambridgeUL,"Cambridge, University Library",,locality,,
02142705-print,02142705,02142705,ih00421000,ih00421000,print_place,first,0,1,,,Paris,Paris,Paris,GeoNames,2988507,https://www.geonames.org/2988507,48.85341,2.3488,,,,STC 15885,1497,1497,,,gw_extracted_year_range,,coordinates_resolved,edition_level_print_statement,GW,13156,https://gesamtkatalogderwiegendrucke.de/docs/GW13156.htm,data/derived/prayer-book-corpus.csv,Printing statement shared by copies of the edition.,Paris,,,,FR,,,source_name_and_country_match,Locality-level point reused from source data; no building location or arrival date inferred.,https://data.cerl.org/holdinst/ParisBN,Paris,,locality,,
02142705-current,02142705,02142705,ih00421000,ih00421000,current_holding,last,3,1,,,"Washington DC, Folger Shakespeare Library",Washington,Washington,GeoNames,4140963,https://www.geonames.org/4140963,38.89511,-77.03637,US,FolgSL,"Washington DC, Folger Shakespeare Library",STC 15885,,,,2026-09-30,current_observation_only,,coordinates_resolved,current_holding_statement,MEI,02142705,https://data.cerl.org/mei/02142705,data/expanded/mei-corpus.json,Observed as the current holding institution; no arrival date is inferred.,,,,,US,,,source_name_and_country_match,Locality-level point reused from source data; no building location or arrival date inferred.,https://data.cerl.org/holdinst/WashingtonLoC,"Washington DC, Folger Shakespeare Library",,locality,,
00203408-print,00203408,00203408,ih00421000,ih00421000,print_place,first,0,1,,,Paris,Paris,Paris,GeoNames,2988507,https://www.geonames.org/2988507,48.85341,2.3488,,,,Douce 25.,1497,1497,,,gw_extracted_year_range,,coordinates_resolved,edition_level_print_statement,GW,13156,https://gesamtkatalogderwiegendrucke.de/docs/GW13156.htm,data/derived/prayer-book-corpus.csv,Printing statement shared by copies of the edition.,Paris,,,,FR,,,source_name_and_country_match,Locality-level point reused from source data; no building location or arrival date inferred.,https://data.cerl.org/holdinst/ParisBN,Paris,,locality,,
00203408-current,00203408,00203408,ih00421000,ih00421000,current_holding,last,5,1,,,"Oxford, Bodleian Library",Oxford,Oxford,GeoNames,2640729,https://www.geonames.org/2640729,51.75222,-1.25596,GB,OxfordBodley,"Oxford, Bodleian Library",Douce 25.,,,,2026-09-30,current_observation_only,,coordinates_resolved,current_holding_statement,MEI,00203408,https://data.cerl.org/mei/00203408,data/expanded/mei-corpus.json,Observed as the current holding institution; no arrival date is inferred.,,,,current_holding-oxfordbodley,GB,,Q82133,cerl_holding_city_to_geonames,"The holding institution is mapped to its city-level GeoNames point, not to building coordinates.",https://data.cerl.org/holdinst/OxfordBodley,"Oxford, Bodleian Library",,locality,,
02149440-print,02149440,02149440,ih00421000,ih00421000,print_place,first,0,1,,,Paris,Paris,Paris,GeoNames,2988507,https://www.geonames.org/2988507,48.85341,2.3488,,,,IA.40487,1497,1497,,,gw_extracted_year_range,,coordinates_resolved,edition_level_print_statement,GW,13156,https://gesamtkatalogderwiegendrucke.de/docs/GW13156.htm,data/derived/prayer-book-corpus.csv,Printing statement shared by copies of the edition.,Paris,,,,FR,,,source_name_and_country_match,Locality-level point reused from source data; no building location or arrival date inferred.,https://data.cerl.org/holdinst/ParisBN,Paris,,locality,,
02149440-current,02149440,02149440,ih00421000,ih00421000,current_holding,last,4,1,,,"London, British Library",London,London,GeoNames,2643743,https://www.geonames.org/2643743,51.50853,-0.12574,GB,LondonBL,"London, British Library",IA.40487,,,,2026-09-30,current_observation_only,,coordinates_resolved,current_holding_statement,MEI,02149440,https://data.cerl.org/mei/02149440,data/expanded/mei-corpus.json,Observed as the current holding institution; no arrival date is inferred.,,,,current_holding-londonbl,GB,,Q23308,cerl_holding_city_to_geonames,"The holding institution is mapped to its city-level GeoNames point, not to building coordinates.",https://data.cerl.org/holdinst/LondonBL,"London, British Library",,locality,,
02176402-print,02176402,02176402,ih00421000,ih00421000,print_place,first,0,1,,,Paris,Paris,Paris,GeoNames,2988507,https://www.geonames.org/2988507,48.85341,2.3488,,,,Howard 42,1497,1497,,,gw_extracted_year_range,,coordinates_resolved,edition_level_print_statement,GW,13156,https://gesamtkatalogderwiegendrucke.de/docs/GW13156.htm,data/derived/prayer-book-corpus.csv,Printing statement shared by copies of the edition.,Paris,,,,FR,,,source_name_and_country_match,Locality-level point reused from source data; no building location or arrival date inferred.,https://data.cerl.org/holdinst/ParisBN,Paris,,locality,,
02176402-current,02176402,02176402,ih00421000,ih00421000,current_holding,last,4,1,,,"Wellington, National Library of New Zealand, Alexander Turnbull Library",Wellington,Wellington,GeoNames,2179537,https://www.geonames.org/2179537,-41.28664,174.77557,NZ,WellingtonATL,"Wellington, National Library of New Zealand, Alexander Turnbull Library",Howard 42,,,,2026-09-30,current_observation_only,,coordinates_resolved,current_holding_statement,MEI,02176402,https://data.cerl.org/mei/02176402,data/expanded/mei-corpus.json,Observed as the current holding institution; no arrival date is inferred.,,,,,NZ,,,source_name_and_country_match,Locality-level point reused from source data; no building location or arrival date inferred.,https://data.cerl.org/mei/02176402,"Wellington, National Library of New Zealand, Alexander Turnbull Library",,locality,,
02142730-print,02142730,02142730,ih00422000,ih00422000,print_place,first,0,1,,,Paris,Paris,Paris,GeoNames,2988507,https://www.geonames.org/2988507,48.85341,2.3488,,,,STC 15889,1497,1497,,,gw_extracted_year_range,,coordinates_resolved,edition_level_print_statement,GW,13251,https://gesamtkatalogderwiegendrucke.de/docs/GW13251.htm,data/derived/prayer-book-corpus.csv,Printing statement shared by copies of the edition.,Paris,,,,FR,,,source_name_and_country_match,Locality-level point reused from source data; no building location or arrival date inferred.,https://data.cerl.org/holdinst/ParisBN,Paris,,locality,,
02142730-current,02142730,02142730,ih00422000,ih00422000,current_holding,last,4,1,,,"Washington DC, Folger Shakespeare Library",Washington,Washington,GeoNames,4140963,https://www.geonames.org/4140963,38.89511,-77.03637,US,FolgSL,"Washington DC, Folger Shakespeare Library",STC 15889,,,,2026-09-30,current_observation_only,,coordinates_resolved,current_holding_statement,MEI,02142730,https://data.cerl.org/mei/02142730,data/expanded/mei-corpus.json,Observed as the current holding institution; no arrival date is inferred.,,,,,US,,,source_name_and_country_match,Locality-level point reused from source data; no building location or arrival date inferred.,https://data.cerl.org/holdinst/WashingtonLoC,"Washington DC, Folger Shakespeare Library",,locality,,
00203407-print,00203407,00203407,ih00422500,ih00422500,print_place,first,0,1,,,Paris,Paris,Paris,GeoNames,2988507,https://www.geonames.org/2988507,48.85341,2.3488,,,,Arch. B f.42.,1497,1499,,,gw_extracted_year_range,,coordinates_resolved,edition_level_print_statement,GW,13129,https://gesamtkatalogderwiegendrucke.de/docs/GW13129.htm,data/derived/prayer-book-corpus.csv,Printing statement shared by copies of the edition.,Paris,,,,FR,,,source_name_and_country_match,Locality-level point reused from source data; no building location or arrival date inferred.,https://data.cerl.org/holdinst/ParisBN,Paris,,locality,,
00203407-current,00203407,00203407,ih00422500,ih00422500,current_holding,last,3,1,,,"Oxford, Bodleian Library",Oxford,Oxford,GeoNames,2640729,https://www.geonames.org/2640729,51.75222,-1.25596,GB,OxfordBodley,"Oxford, Bodleian Library",Arch. B f.42.,,,,2026-09-30,current_observation_only,,coordinates_resolved,current_holding_statement,MEI,00203407,https://data.cerl.org/mei/00203407,data/expanded/mei-corpus.json,Observed as the current holding institution; no arrival date is inferred.,,,,current_holding-oxfordbodley,GB,,Q82133,cerl_holding_city_to_geonames,"The holding institution is mapped to its city-level GeoNames point, not to building coordinates.",https://data.cerl.org/holdinst/OxfordBodley,"Oxford, Bodleian Library",,locality,,
00560449-print,00560449,00560449,ih00423000,ih00423000,print_place,first,0,1,,,Paris,Paris,Paris,GeoNames,2988507,https://www.geonames.org/2988507,48.85341,2.3488,,,,Inc.5.D.1.29[2580],1498,1498,,,gw_extracted_year_range,,coordinates_resolved,edition_level_print_statement,GW,13216,https://gesamtkatalogderwiegendrucke.de/docs/GW13216.htm,data/derived/prayer-book-corpus.csv,Printing statement shared by copies of the edition.,Paris,,,,FR,,,source_name_and_country_match,Locality-level point reused from source data; no building location or arrival date inferred.,https://data.cerl.org/holdinst/ParisBN,Paris,,locality,,
00560449-current,00560449,00560449,ih00423000,ih00423000,current_holding,last,2,1,,,"Cambridge, University Library",Cambridge,Cambridge,GeoNames,2653941,https://www.geonames.org/2653941,52.2,0.11667,GB,CambridgeUL,"Cambridge, University Library",Inc.5.D.1.29[2580],,,,2026-09-30,current_observation_only,,coordinates_resolved,current_holding_statement,MEI,00560449,https://data.cerl.org/mei/00560449,data/expanded/mei-corpus.json,Observed as the current holding institution; no arrival date is inferred.,,,,current_holding-cambridgeul,GB,,Q1028334,cerl_holding_city_to_geonames,"The holding institution is mapped to its city-level GeoNames point, not to building coordinates.",https://data.cerl.org/holdinst/CambridgeUL,"Cambridge, University Library",,locality,,
02010192-print,02010192,02010192,ih00423000,ih00423000,print_place,first,0,1,,,Paris,Paris,Paris,GeoNames,2988507,https://www.geonames.org/2988507,48.85341,2.3488,,,,[ZZ] 1498.6,1498,1498,,,gw_extracted_year_range,,coordinates_resolved,edition_level_print_statement,GW,13216,https://gesamtkatalogderwiegendrucke.de/docs/GW13216.htm,data/derived/prayer-book-corpus.csv,Printing statement shared by copies of the edition.,Paris,,,,FR,,,source_name_and_country_match,Locality-level point reused from source data; no building location or arrival date inferred.,https://data.cerl.org/holdinst/ParisBN,Paris,,locality,,
02010192-current,02010192,02010192,ih00423000,ih00423000,current_holding,last,10,1,,,"London, Lambeth Palace Library",London,London,GeoNames,2643743,https://www.geonames.org/2643743,51.50853,-0.12574,GB,LondonLambeth,"London, Lambeth Palace Library",[ZZ] 1498.6,,,,2026-09-30,current_observation_only,,coordinates_resolved,current_holding_statement,MEI,02010192,https://data.cerl.org/mei/02010192,data/expanded/mei-corpus.json,Observed as the current holding institution; no arrival date is inferred.,,,,current_holding-londonlambeth,GB,,Q30264838,cerl_holding_city_to_geonames,"The holding institution is mapped to its city-level GeoNames point, not to building coordinates.",https://data.cerl.org/holdinst/LondonLambeth,"London, Lambeth Palace Library",,locality,,
00206905-print,00206905,00206905,ih00423000,ih00423000,print_place,first,0,1,,,Paris,Paris,Paris,GeoNames,2988507,https://www.geonames.org/2988507,48.85341,2.3488,,,,Gough Missals 10.,1498,1498,,,gw_extracted_year_range,,coordinates_resolved,edition_level_print_statement,GW,13216,https://gesamtkatalogderwiegendrucke.de/docs/GW13216.htm,data/derived/prayer-book-corpus.csv,Printing statement shared by copies of the edition.,Paris,,,,FR,,,source_name_and_country_match,Locality-level point reused from source data; no building location or arrival date inferred.,https://data.cerl.org/holdinst/ParisBN,Paris,,locality,,
00206905-current,00206905,00206905,ih00423000,ih00423000,current_holding,last,4,1,,,"Oxford, Bodleian Library",Oxford,Oxford,GeoNames,2640729,https://www.geonames.org/2640729,51.75222,-1.25596,GB,OxfordBodley,"Oxford, Bodleian Library",Gough Missals 10.,,,,2026-09-30,current_observation_only,,coordinates_resolved,current_holding_statement,MEI,00206905,https://data.cerl.org/mei/00206905,data/expanded/mei-corpus.json,Observed as the current holding institution; no arrival date is inferred.,,,,current_holding-oxfordbodley,GB,,Q82133,cerl_holding_city_to_geonames,"The holding institution is mapped to its city-level GeoNames point, not to building coordinates.",https://data.cerl.org/holdinst/OxfordBodley,"Oxford, Bodleian Library",,locality,,
00202853-print,00202853,00202853,ih00423000,ih00423000,print_place,first,0,1,,,Paris,Paris,Paris,GeoNames,2988507,https://www.geonames.org/2988507,48.85341,2.3488,,,,Douce 23.,1498,1498,,,gw_extracted_year_range,,coordinates_resolved,edition_level_print_statement,GW,13216,https://gesamtkatalogderwiegendrucke.de/docs/GW13216.htm,data/derived/prayer-book-corpus.csv,Printing statement shared by copies of the edition.,Paris,,,,FR,,,source_name_and_country_match,Locality-level point reused from source data; no building location or arrival date inferred.,https://data.cerl.org/holdinst/ParisBN,Paris,,locality,,
00202853-current,00202853,00202853,ih00423000,ih00423000,current_holding,last,4,1,,,"Oxford, Bodleian Library",Oxford,Oxford,GeoNames,2640729,https://www.geonames.org/2640729,51.75222,-1.25596,GB,OxfordBodley,"Oxford, Bodleian Library",Douce 23.,,,,2026-09-30,current_observation_only,,coordinates_resolved,current_holding_statement,MEI,00202853,https://data.cerl.org/mei/00202853,data/expanded/mei-corpus.json,Observed as the current holding institution; no arrival date is inferred.,,,,current_holding-oxfordbodley,GB,,Q82133,cerl_holding_city_to_geonames,"The holding institution is mapped to its city-level GeoNames point, not to building coordinates.",https://data.cerl.org/holdinst/OxfordBodley,"Oxford, Bodleian Library",,locality,,
02177794-print,02177794,02177794,ih00423000,ih00423000,print_place,first,0,1,,,Paris,Paris,Paris,GeoNames,2988507,https://www.geonames.org/2988507,48.85341,2.3488,,,,IA.40335,1498,1498,,,gw_extracted_year_range,,coordinates_resolved,edition_level_print_statement,GW,13216,https://gesamtkatalogderwiegendrucke.de/docs/GW13216.htm,data/derived/prayer-book-corpus.csv,Printing statement shared by copies of the edition.,Paris,,,,FR,,,source_name_and_country_match,Locality-level point reused from source data; no building location or arrival date inferred.,https://data.cerl.org/holdinst/ParisBN,Paris,,locality,,
02177794-current,02177794,02177794,ih00423000,ih00423000,current_holding,last,5,1,,,"London, British Library",London,London,GeoNames,2643743,https://www.geonames.org/2643743,51.50853,-0.12574,GB,LondonBL,"London, British Library",IA.40335,,,,2026-09-30,current_observation_only,,coordinates_resolved,current_holding_statement,MEI,02177794,https://data.cerl.org/mei/02177794,data/expanded/mei-corpus.json,Observed as the current holding institution; no arrival date is inferred.,,,,current_holding-londonbl,GB,,Q23308,cerl_holding_city_to_geonames,"The holding institution is mapped to its city-level GeoNames point, not to building coordinates.",https://data.cerl.org/holdinst/LondonBL,"London, British Library",,locality,,
02176403-print,02176403,02176403,ih00423000,ih00423000,print_place,first,0,1,,,Paris,Paris,Paris,GeoNames,2988507,https://www.geonames.org/2988507,48.85341,2.3488,,,,Howard 43,1498,1498,,,gw_extracted_year_range,,coordinates_resolved,edition_level_print_statement,GW,13216,https://gesamtkatalogderwiegendrucke.de/docs/GW13216.htm,data/derived/prayer-book-corpus.csv,Printing statement shared by copies of the edition.,Paris,,,,FR,,,source_name_and_country_match,Locality-level point reused from source data; no building location or arrival date inferred.,https://data.cerl.org/holdinst/ParisBN,Paris,,locality,,
02176403-current,02176403,02176403,ih00423000,ih00423000,current_holding,last,8,1,,,"Wellington, National Library of New Zealand, Alexander Turnbull Library",Wellington,Wellington,GeoNames,2179537,https://www.geonames.org/2179537,-41.28664,174.77557,NZ,WellingtonATL,"Wellington, National Library of New Zealand, Alexander Turnbull Library",Howard 43,,,,2026-09-30,current_observation_only,,coordinates_resolved,current_holding_statement,MEI,02176403,https://data.cerl.org/mei/02176403,data/expanded/mei-corpus.json,Observed as the current holding institution; no arrival date is inferred.,,,,,NZ,,,source_name_and_country_match,Locality-level point reused from source data; no building location or arrival date inferred.,https://data.cerl.org/mei/02176402,"Wellington, National Library of New Zealand, Alexander Turnbull Library",,locality,,
00560450-print,00560450,00560450,ih00424000,ih00424000,print_place,first,0,1,,,Paris,Paris,Paris,GeoNames,2988507,https://www.geonames.org/2988507,48.85341,2.3488,,,,SSS.18.1,1498,1498,,,gw_extracted_year_range,,coordinates_resolved,edition_level_print_statement,GW,13211,https://gesamtkatalogderwiegendrucke.de/docs/GW13211.htm,data/derived/prayer-book-corpus.csv,Printing statement shared by copies of the edition.,Paris,,,,FR,,,source_name_and_country_match,Locality-level point reused from source data; no building location or arrival date inferred.,https://data.cerl.org/holdinst/ParisBN,Paris,,locality,,
00560450-current,00560450,00560450,ih00424000,ih00424000,current_holding,last,4,1,,,"Cambridge, University Library",Cambridge,Cambridge,GeoNames,2653941,https://www.geonames.org/2653941,52.2,0.11667,GB,CambridgeUL,"Cambridge, University Library",SSS.18.1,,,,2026-09-30,current_observation_only,,coordinates_resolved,current_holding_statement,MEI,00560450,https://data.cerl.org/mei/00560450,data/expanded/mei-corpus.json,Observed as the current holding institution; no arrival date is inferred.,,,,current_holding-cambridgeul,GB,,Q1028334,cerl_holding_city_to_geonames,"The holding institution is mapped to its city-level GeoNames point, not to building coordinates.",https://data.cerl.org/holdinst/CambridgeUL,"Cambridge, University Library",,locality,,
00560451-print,00560451,00560451,ih00424500,ih00424500,print_place,first,0,1,,,London,London,London,GeoNames,2643743,https://www.geonames.org/2643743,51.50853,-0.12574,,,,Inc.7.J.3.6[3628],1498,1498,,,gw_extracted_year_range,,coordinates_resolved,edition_level_print_statement,GW,13018,https://gesamtkatalogderwiegendrucke.de/docs/GW13018.htm,data/derived/prayer-book-corpus.csv,Printing statement shared by copies of the edition.,London,,,print_place-london,GB,,,reused_mei_geonames,,https://gesamtkatalogderwiegendrucke.de/docs/GW13013.htm,London,,locality,,
00560451-current,00560451,00560451,ih00424500,ih00424500,current_holding,last,3,1,,,"Cambridge, University Library",Cambridge,Cambridge,GeoNames,2653941,https://www.geonames.org/2653941,52.2,0.11667,GB,CambridgeUL,"Cambridge, University Library",Inc.7.J.3.6[3628],,,,2026-09-30,current_observation_only,,coordinates_resolved,current_holding_statement,MEI,00560451,https://data.cerl.org/mei/00560451,data/expanded/mei-corpus.json,Observed as the current holding institution; no arrival date is inferred.,,,,current_holding-cambridgeul,GB,,Q1028334,cerl_holding_city_to_geonames,"The holding institution is mapped to its city-level GeoNames point, not to building coordinates.",https://data.cerl.org/holdinst/CambridgeUL,"Cambridge, University Library",,locality,,
00560452-print,00560452,00560452,ih00426500,ih00426500,print_place,first,0,1,,,Gouda,Gouda,Gouda,GeoNames,2755420,https://www.geonames.org/2755420,52.01667,4.70833,,,,Inc.7.E.3.2[2885],1483,1484,,,gw_extracted_year_range,,coordinates_resolved,edition_level_print_statement,GW,13413,https://gesamtkatalogderwiegendrucke.de/docs/GW13413.htm,data/derived/prayer-book-corpus.csv,Printing statement shared by copies of the edition.,Gouda,,,print_place-gouda,NL,,,verified_geonames_city,,https://gesamtkatalogderwiegendrucke.de/docs/GW13413.htm,Gouda,,locality,,
00560452-current,00560452,00560452,ih00426500,ih00426500,current_holding,last,4,1,,,"Cambridge, University Library",Cambridge,Cambridge,GeoNames,2653941,https://www.geonames.org/2653941,52.2,0.11667,GB,CambridgeUL,"Cambridge, University Library",Inc.7.E.3.2[2885],,,,2026-09-23,current_observation_only,,coordinates_resolved,current_holding_statement,MEI,00560452,https://data.cerl.org/mei/00560452,data/expanded/mei-corpus.json,Observed as the current holding institution; no arrival date is inferred.,,,,current_holding-cambridgeul,GB,,Q1028334,cerl_holding_city_to_geonames,"The holding institution is mapped to its city-level GeoNames point, not to building coordinates.",https://data.cerl.org/holdinst/CambridgeUL,"Cambridge, University Library",,locality,,
00205588-print,00205588,00205588,ih00427100,ih00427100,print_place,first,0,1,,,Antwerpen,Antwerp,Antwerp,GeoNames,2803138,https://www.geonames.org/2803138,51.21989,4.40346,,,,Douce 16.,1492,1492,,,gw_extracted_year_range,,coordinates_resolved,edition_level_print_statement,GW,13403,https://gesamtkatalogderwiegendrucke.de/docs/GW13403.htm,data/derived/prayer-book-corpus.csv,Printing statement shared by copies of the edition.,Antwerpen,,,print_place-antwerpen,BE,,,verified_geonames_city,,https://gesamtkatalogderwiegendrucke.de/docs/GW13403.htm,Antwerpen,,locality,,
00205588-current,00205588,00205588,ih00427100,ih00427100,current_holding,last,3,1,,,"Oxford, Bodleian Library",Oxford,Oxford,GeoNames,2640729,https://www.geonames.org/2640729,51.75222,-1.25596,GB,OxfordBodley,"Oxford, Bodleian Library",Douce 16.,,,,2026-09-23,current_observation_only,,coordinates_resolved,current_holding_statement,MEI,00205588,https://data.cerl.org/mei/00205588,data/expanded/mei-corpus.json,Observed as the current holding institution; no arrival date is inferred.,,,,current_holding-oxfordbodley,GB,,Q82133,cerl_holding_city_to_geonames,"The holding institution is mapped to its city-level GeoNames point, not to building coordinates.",https://data.cerl.org/holdinst/OxfordBodley,"Oxford, Bodleian Library",,locality,,
00560453-print,00560453,00560453,ih00427540,ih00427540,print_place,first,0,1,,,Antwerpen,Antwerp,Antwerp,GeoNames,2803138,https://www.geonames.org/2803138,51.21989,4.40346,,,,Inc.7.F.6.7[3459],1495,1495,,,gw_extracted_year_range,,coordinates_resolved,edition_level_print_statement,GW,13406,https://gesamtkatalogderwiegendrucke.de/docs/GW13406.htm,data/derived/prayer-book-corpus.csv,Printing statement shared by copies of the edition.,Antwerpen,,,print_place-antwerpen,BE,,,verified_geonames_city,,https://gesamtkatalogderwiegendrucke.de/docs/GW13403.htm,Antwerpen,,locality,,
00560453-current,00560453,00560453,ih00427540,ih00427540,current_holding,last,2,1,,,"Cambridge, University Library",Cambridge,Cambridge,GeoNames,2653941,https://www.geonames.org/2653941,52.2,0.11667,GB,CambridgeUL,"Cambridge, University Library",Inc.7.F.6.7[3459],,,,2026-09-30,current_observation_only,,coordinates_resolved,current_holding_statement,MEI,00560453,https://data.cerl.org/mei/00560453,data/expanded/mei-corpus.json,Observed as the current holding institution; no arrival date is inferred.,,,,current_holding-cambridgeul,GB,,Q1028334,cerl_holding_city_to_geonames,"The holding institution is mapped to its city-level GeoNames point, not to building coordinates.",https://data.cerl.org/holdinst/CambridgeUL,"Cambridge, University Library",,locality,,
02138779-print,02138779,02138779,ih00427540,ih00427540,print_place,first,0,1,,,Antwerpen,Antwerp,Antwerp,GeoNames,2803138,https://www.geonames.org/2803138,51.21989,4.40346,,,,001 F 012,1495,1495,,,gw_extracted_year_range,,coordinates_resolved,edition_level_print_statement,GW,13406,https://gesamtkatalogderwiegendrucke.de/docs/GW13406.htm,data/derived/prayer-book-corpus.csv,Printing statement shared by copies of the edition.,Antwerpen,,,print_place-antwerpen,BE,,,verified_geonames_city,,https://gesamtkatalogderwiegendrucke.de/docs/GW13403.htm,Antwerpen,,locality,,
02138779-current,02138779,02138779,ih00427540,ih00427540,current_holding,last,3,1,,,"Den Haag, Huis van het Boek ",The Hague,The Hague,GeoNames,2747373,https://www.geonames.org/2747373,52.07667,4.29861,NL,TheHagueMMW,"Den Haag, Huis van het Boek ",001 F 012,,,,2026-09-30,current_observation_only,,coordinates_resolved,current_holding_statement,MEI,02138779,https://data.cerl.org/mei/02138779,data/expanded/mei-corpus.json,Observed as the current holding institution; no arrival date is inferred.,,,,current_holding-thehaguemmw,NL,,,cerl_holding_city_to_geonames,"The holding institution is mapped to its city-level GeoNames point, not to building coordinates.",https://data.cerl.org/holdinst/TheHagueMMW,"Den Haag, Huis van het Boek ",,locality,,
00560454-print,00560454,00560454,ih00427750,ih00427750,print_place,first,0,1,,,Gouda,Gouda,Gouda,GeoNames,2755420,https://www.geonames.org/2755420,52.01667,4.70833,,,,Inc.6.E.3.10[2889],1496,1496,,,gw_extracted_year_range,,coordinates_resolved,edition_level_print_statement,GW,13429,https://gesamtkatalogderwiegendrucke.de/docs/GW13429.htm,data/derived/prayer-book-corpus.csv,Printing statement shared by copies of the edition.,Gouda,,,print_place-gouda,NL,,,verified_geonames_city,,https://gesamtkatalogderwiegendrucke.de/docs/GW13413.htm,Gouda,,locality,,
00560454-current,00560454,00560454,ih00427750,ih00427750,current_holding,last,4,1,,,"Cambridge, University Library",Cambridge,Cambridge,GeoNames,2653941,https://www.geonames.org/2653941,52.2,0.11667,GB,CambridgeUL,"Cambridge, University Library",Inc.6.E.3.10[2889],,,,2026-09-30,current_observation_only,,coordinates_resolved,current_holding_statement,MEI,00560454,https://data.cerl.org/mei/00560454,data/expanded/mei-corpus.json,Observed as the current holding institution; no arrival date is inferred.,,,,current_holding-cambridgeul,GB,,Q1028334,cerl_holding_city_to_geonames,"The holding institution is mapped to its city-level GeoNames point, not to building coordinates.",https://data.cerl.org/holdinst/CambridgeUL,"Cambridge, University Library",,locality,,
02100413-print,02100413,02100413,ih00427750,ih00427750,print_place,first,0,1,,,Gouda,Gouda,Gouda,GeoNames,2755420,https://www.geonames.org/2755420,52.01667,4.70833,,,,KW 1084 D 6,1496,1496,,,gw_extracted_year_range,,coordinates_resolved,edition_level_print_statement,GW,13429,https://gesamtkatalogderwiegendrucke.de/docs/GW13429.htm,data/derived/prayer-book-corpus.csv,Printing statement shared by copies of the edition.,Gouda,,,print_place-gouda,NL,,,verified_geonames_city,,https://gesamtkatalogderwiegendrucke.de/docs/GW13413.htm,Gouda,,locality,,
02100413-current,02100413,02100413,ih00427750,ih00427750,current_holding,last,6,1,,,"Den Haag, Koninklijke Bibliotheek - Nationale Bibliotheek van Nederland",The Hague,The Hague,GeoNames,2747373,https://www.geonames.org/2747373,52.07667,4.29861,NL,NLKB,"Den Haag, Koninklijke Bibliotheek - Nationale Bibliotheek van Nederland",KW 1084 D 6,,,,2026-09-30,current_observation_only,,coordinates_resolved,current_holding_statement,MEI,02100413,https://data.cerl.org/mei/02100413,data/expanded/mei-corpus.json,Observed as the current holding institution; no arrival date is inferred.,,,,current_holding-nlkb,NL,,,cerl_holding_city_to_geonames,"The holding institution is mapped to its city-level GeoNames point, not to building coordinates.",https://data.cerl.org/holdinst/NLKB,"Den Haag, Koninklijke Bibliotheek - Nationale Bibliotheek van Nederland",,locality,,
00206446-print,00206446,00206446,ih00427800,ih00427800,print_place,first,0,1,,,Paris,Paris,Paris,GeoNames,2988507,https://www.geonames.org/2988507,48.85341,2.3488,,,,8° Rawl. 1109.,1499,1499,,,gw_extracted_year_range,,coordinates_resolved,edition_level_print_statement,GW,13232,https://gesamtkatalogderwiegendrucke.de/docs/GW13232.htm,data/derived/prayer-book-corpus.csv,Printing statement shared by copies of the edition.,Paris,,,,FR,,,source_name_and_country_match,Locality-level point reused from source data; no building location or arrival date inferred.,https://data.cerl.org/holdinst/ParisBN,Paris,,locality,,
00206446-current,00206446,00206446,ih00427800,ih00427800,current_holding,last,4,1,,,"Oxford, Bodleian Library",Oxford,Oxford,GeoNames,2640729,https://www.geonames.org/2640729,51.75222,-1.25596,GB,OxfordBodley,"Oxford, Bodleian Library",8° Rawl. 1109.,,,,2026-09-30,current_observation_only,,coordinates_resolved,current_holding_statement,MEI,00206446,https://data.cerl.org/mei/00206446,data/expanded/mei-corpus.json,Observed as the current holding institution; no arrival date is inferred.,,,,current_holding-oxfordbodley,GB,,Q82133,cerl_holding_city_to_geonames,"The holding institution is mapped to its city-level GeoNames point, not to building coordinates.",https://data.cerl.org/holdinst/OxfordBodley,"Oxford, Bodleian Library",,locality,,
00203815-print,00203815,00203815,ih00427850,ih00427850,print_place,first,0,1,,,Paris,Paris,Paris,GeoNames,2988507,https://www.geonames.org/2988507,48.85341,2.3488,,,,8° Rawl. 1110.,1491,1492,,,gw_extracted_year_range,,coordinates_resolved,edition_level_print_statement,GW,13293,https://gesamtkatalogderwiegendrucke.de/docs/GW13293.htm,data/derived/prayer-book-corpus.csv,Printing statement shared by copies of the edition.,Paris,,,,FR,,,source_name_and_country_match,Locality-level point reused from source data; no building location or arrival date inferred.,https://data.cerl.org/holdinst/ParisBN,Paris,,locality,,
00203815-current,00203815,00203815,ih00427850,ih00427850,current_holding,last,5,1,,,"Oxford, Bodleian Library",Oxford,Oxford,GeoNames,2640729,https://www.geonames.org/2640729,51.75222,-1.25596,GB,OxfordBodley,"Oxford, Bodleian Library",8° Rawl. 1110.,,,,2026-09-30,current_observation_only,,coordinates_resolved,current_holding_statement,MEI,00203815,https://data.cerl.org/mei/00203815,data/expanded/mei-corpus.json,Observed as the current holding institution; no arrival date is inferred.,,,,current_holding-oxfordbodley,GB,,Q82133,cerl_holding_city_to_geonames,"The holding institution is mapped to its city-level GeoNames point, not to building coordinates.",https://data.cerl.org/holdinst/OxfordBodley,"Oxford, Bodleian Library",,locality,,
00205157-print,00205157,00205157,ih00427895,ih00427895,print_place,first,0,1,,,Paris,Paris,Paris,GeoNames,2988507,https://www.geonames.org/2988507,48.85341,2.3488,,,,Auct. T inf. 3.11.,1500,1500,,,gw_extracted_year_range,,coordinates_resolved,edition_level_print_statement,GW,XI643A,https://gesamtkatalogderwiegendrucke.de/docs/GWXI643A.htm,data/derived/prayer-book-corpus.csv,Printing statement shared by copies of the edition.,Paris,,,,FR,,,source_name_and_country_match,Locality-level point reused from source data; no building location or arrival date inferred.,https://data.cerl.org/holdinst/ParisBN,Paris,,locality,,
00205157-current,00205157,00205157,ih00427895,ih00427895,current_holding,last,4,1,,,"Oxford, Bodleian Library",Oxford,Oxford,GeoNames,2640729,https://www.geonames.org/2640729,51.75222,-1.25596,GB,OxfordBodley,"Oxford, Bodleian Library",Auct. T inf. 3.11.,,,,2026-09-30,current_observation_only,,coordinates_resolved,current_holding_statement,MEI,00205157,https://data.cerl.org/mei/00205157,data/expanded/mei-corpus.json,Observed as the current holding institution; no arrival date is inferred.,,,,current_holding-oxfordbodley,GB,,Q82133,cerl_holding_city_to_geonames,"The holding institution is mapped to its city-level GeoNames point, not to building coordinates.",https://data.cerl.org/holdinst/OxfordBodley,"Oxford, Bodleian Library",,locality,,
02100324-print,02100324,02100324,ih00427900,ih00427900,print_place,first,0,1,,,Deventer,Deventer,Deventer,GeoNames,2756987,https://www.geonames.org/2756987,52.255,6.16389,,,,KW 150 G 49,1497,1497,,,gw_extracted_year_range,,coordinates_resolved,edition_level_print_statement,GW,13410,https://gesamtkatalogderwiegendrucke.de/docs/GW13410.htm,data/derived/prayer-book-corpus.csv,Printing statement shared by copies of the edition.,Deventer,,,,NL,,,source_name_and_country_match,Locality-level point reused from source data; no building location or arrival date inferred.,https://data.cerl.org/holdinst/DeventerSAB,Deventer,,locality,,
02100324-p002-loc01,02100324,02100324,ih00427900,ih00427900,provenance_place,intermediate,2,1,02100324-p002,02100324-p002-loc01,Paris,Paris,Paris,GeoNames,2988507,https://www.geonames.org/2988507,48.85341,2.3488,France,,,KW 150 G 49,1799,1883,18 | 19,,mei_timeperiod,a,coordinates_resolved,copy_level_provenance_place,MEI,02100324-p002,https://data.cerl.org/mei/02100324,data/expanded/mei-corpus.json,,Paris,48.86,2.34444,provenance_place-paris,FR,Q90,,normalised_geonames_city,MEI uses two different GeoNames records for Paris in the pilot; the analytical map layer consistently uses the capital record 2988507.,https://data.cerl.org/mei/02003992 | https://data.cerl.org/mei/02004013 | https://data.cerl.org/mei/02004012 | https://data.cerl.org/mei/02003961,Paris,,locality,,
02100324-p004-loc01,02100324,02100324,ih00427900,ih00427900,provenance_place,intermediate,4,1,02100324-p004,02100324-p004-loc01,Paris,Paris,Paris,GeoNames,2988507,https://www.geonames.org/2988507,48.85341,2.3488,France,,,KW 150 G 49,1932,1937,20,1932,mei_timeperiod,a,coordinates_resolved,copy_level_provenance_place,MEI,02100324-p004,https://data.cerl.org/mei/02100324,data/expanded/mei-corpus.json,"The auction catalogue of Giraud-Badin/Hoepli (1932) describes this copy as 'à l'usage du monastère de Windesheim, Bavière'",Paris,48.85341,2.3488,provenance_place-paris,FR,Q90,,normalised_geonames_city,MEI uses two different GeoNames records for Paris in the pilot; the analytical map layer consistently uses the capital record 2988507.,https://data.cerl.org/mei/02003992 | https://data.cerl.org/mei/02004013 | https://data.cerl.org/mei/02004012 | https://data.cerl.org/mei/02003961,Paris,,locality,,
02100324-current,02100324,02100324,ih00427900,ih00427900,current_holding,last,6,1,,,"Den Haag, Koninklijke Bibliotheek - Nationale Bibliotheek van Nederland",The Hague,The Hague,GeoNames,2747373,https://www.geonames.org/2747373,52.07667,4.29861,NL,NLKB,"Den Haag, Koninklijke Bibliotheek - Nationale Bibliotheek van Nederland",KW 150 G 49,,,,2026-09-30,current_observation_only,,coordinates_resolved,current_holding_statement,MEI,02100324,https://data.cerl.org/mei/02100324,data/expanded/mei-corpus.json,Observed as the current holding institution; no arrival date is inferred.,,,,current_holding-nlkb,NL,,,cerl_holding_city_to_geonames,"The holding institution is mapped to its city-level GeoNames point, not to building coordinates.",https://data.cerl.org/holdinst/NLKB,"Den Haag, Koninklijke Bibliotheek - Nationale Bibliotheek van Nederland",,locality,,
00560455-print,00560455,00560455,ih00427930,ih00427930,print_place,first,0,1,,,Gent,Ghent,Ghent,GeoNames, 2797656,https://www.geonames.org/ 2797656,51.05,3.71667,,,,Inc.6.F.7.1[3466],1487,1487,,,gw_extracted_year_range,,coordinates_resolved,edition_level_print_statement,GW,13412,https://gesamtkatalogderwiegendrucke.de/docs/GW13412.htm,data/derived/prayer-book-corpus.csv,Printing statement shared by copies of the edition.,Gent,,,,BE,,,source_name_and_country_match,Locality-level point reused from source data; no building location or arrival date inferred.,https://data.cerl.org/mei/02147380,Gent,,locality,,
00560455-current,00560455,00560455,ih00427930,ih00427930,current_holding,last,3,1,,,"Cambridge, University Library",Cambridge,Cambridge,GeoNames,2653941,https://www.geonames.org/2653941,52.2,0.11667,GB,CambridgeUL,"Cambridge, University Library",Inc.6.F.7.1[3466],,,,2026-09-30,current_observation_only,,coordinates_resolved,current_holding_statement,MEI,00560455,https://data.cerl.org/mei/00560455,data/expanded/mei-corpus.json,Observed as the current holding institution; no arrival date is inferred.,,,,current_holding-cambridgeul,GB,,Q1028334,cerl_holding_city_to_geonames,"The holding institution is mapped to its city-level GeoNames point, not to building coordinates.",https://data.cerl.org/holdinst/CambridgeUL,"Cambridge, University Library",,locality,,
02000285-print,02000285,02000285,ih00427960,ih00427960,print_place,first,0,1,,,Neapel,Naples,Naples,GeoNames,3172394,https://www.geonames.org/3172394,40.85216,14.26811,,,,18193,1499,1499,,,gw_extracted_year_range,,coordinates_resolved,edition_level_print_statement,GW,13350,https://gesamtkatalogderwiegendrucke.de/docs/GW13350.htm,data/derived/prayer-book-corpus.csv,Printing statement shared by copies of the edition.,Neapel,,,print_place-neapel,IT,,,reused_mei_geonames,,https://gesamtkatalogderwiegendrucke.de/docs/GW1333510.htm | https://gesamtkatalogderwiegendrucke.de/docs/GW13337.htm,Neapel,,locality,,
02000285-p001-loc01,02000285,02000285,ih00427960,ih00427960,provenance_place,intermediate,1,1,02000285-p001,02000285-p001-loc01,Italien,Italien,Italien,GeoNames,3175395,https://www.geonames.org/3175395,42.83333,12.83333,,,,18193,1499,1600,15 | 16,,mei_timeperiod,a,coordinates_resolved,copy_level_provenance_place,MEI,02000285-p001,https://data.cerl.org/mei/02000285,data/expanded/mei-corpus.json,,Italy,,,,IT,,,human_review_2026_10_01,Repräsentativer Länderpunkt aus GeoNames; kein genauer Aufenthaltsort und kein berechneter Flächenschwerpunkt.,https://data.cerl.org/mei/00200522,Italy,ORT-0A687671,country,Nur Land bekannt,
02000285-current,02000285,02000285,ih00427960,ih00427960,current_holding,last,6,1,,,"Manchester, University of Manchester, John Rylands Research Institute and Library",Manchester,Manchester,GeoNames,2643123,https://www.geonames.org/2643123,53.48095,-2.23743,GB,ManchesterJRL,"Manchester, University of Manchester, John Rylands Research Institute and Library",18193,,,,2026-09-30,current_observation_only,,coordinates_resolved,current_holding_statement,MEI,02000285,https://data.cerl.org/mei/02000285,data/expanded/mei-corpus.json,Observed as the current holding institution; no arrival date is inferred.,,,,current_holding-manchesterjrl,GB,,Q773989,cerl_holding_city_to_geonames,"The holding institution is mapped to its city-level GeoNames point, not to building coordinates.",https://data.cerl.org/holdinst/ManchesterJRL,"Manchester, University of Manchester, John Rylands Research Institute and Library",,locality,,
02010269-print,02010269,02010269,ih00427965,ih00427965,print_place,first,0,1,,,Montserrat,Montserrat,Montserrat,,,,41.59294728667979,1.836562156677246,,,,MD/H/13 (5),1499,1499,,,gw_extracted_year_range,,coordinates_resolved,edition_level_print_statement,GW,13441,https://gesamtkatalogderwiegendrucke.de/docs/GW13441.htm,data/derived/prayer-book-corpus.csv,Printing statement shared by copies of the edition.,Montserrat,,,print_place-montserrat,ES,,,human_review_2026_10_01,"Ortszuweisung nach Prüfung durch Stefan Matter (01.10.2026); Kartenpunkt auf Ortsebene. Quellenangabe: Montserrat. Alternative bzw. Unsicherheit bleibt bestehen. GW: Montserrat, 1499; ISTC: Barcelona, 1494.",https://www.geonames.org/advanced-search.html?q=Barcelona.+Spain&startRow=400,Montserrat,ORT-7C24B994,locality,Unsichere Ortszuweisung; für die Karte gewählt,
02010269-current,02010269,02010269,ih00427965,ih00427965,current_holding,last,1,1,,,"Madrid, Real Biblioteca",Madrid,Madrid,GeoNames,3117735,https://www.geonames.org/3117735,40.41650,-3.70256,ES,MadridBPalacioReal,"Madrid, Real Biblioteca",MD/H/13 (5),,,,2026-09-23,current_observation_only,,coordinates_resolved,current_holding_statement,MEI,02010269,https://data.cerl.org/mei/02010269,data/expanded/mei-corpus.json,Observed as the current holding institution; no arrival date is inferred.,,,,current_holding-madridbpalacioreal,ES,,,cerl_holding_city_to_geonames,"The holding institution is mapped to its city-level GeoNames point, not to building coordinates.",https://data.cerl.org/holdinst/MadridBPalacioReal,"Madrid, Real Biblioteca",,locality,,
00560456-print,00560456,00560456,ih00429300,ih00429300,print_place,first,0,1,,,Delft,Delft,Delft,GeoNames,2757345,https://www.geonames.org/2757345,52.00667,4.35556,,,,Inc.5.E.2.2[2815],1480,1480,,,gw_extracted_year_range,,coordinates_resolved,edition_level_print_statement,GW,13424,https://gesamtkatalogderwiegendrucke.de/docs/GW13424.htm,data/derived/prayer-book-corpus.csv,Printing statement shared by copies of the edition.,Delft,,,print_place-delft,NL,,,verified_geonames_city,,https://gesamtkatalogderwiegendrucke.de/docs/GW13424.htm,Delft,,locality,,
00560456-current,00560456,00560456,ih00429300,ih00429300,current_holding,last,7,1,,,"Cambridge, University Library",Cambridge,Cambridge,GeoNames,2653941,https://www.geonames.org/2653941,52.2,0.11667,GB,CambridgeUL,"Cambridge, University Library",Inc.5.E.2.2[2815],,,,2026-09-30,current_observation_only,,coordinates_resolved,current_holding_statement,MEI,00560456,https://data.cerl.org/mei/00560456,data/expanded/mei-corpus.json,Observed as the current holding institution; no arrival date is inferred.,,,,current_holding-cambridgeul,GB,,Q1028334,cerl_holding_city_to_geonames,"The holding institution is mapped to its city-level GeoNames point, not to building coordinates.",https://data.cerl.org/holdinst/CambridgeUL,"Cambridge, University Library",,locality,,
00560457-print,00560457,00560457,ih00429300,ih00429300,print_place,first,0,1,,,Delft,Delft,Delft,GeoNames,2757345,https://www.geonames.org/2757345,52.00667,4.35556,,,,SSS.19.16,1480,1480,,,gw_extracted_year_range,,coordinates_resolved,edition_level_print_statement,GW,13424,https://gesamtkatalogderwiegendrucke.de/docs/GW13424.htm,data/derived/prayer-book-corpus.csv,Printing statement shared by copies of the edition.,Delft,,,print_place-delft,NL,,,verified_geonames_city,,https://gesamtkatalogderwiegendrucke.de/docs/GW13424.htm,Delft,,locality,,
00560457-current,00560457,00560457,ih00429300,ih00429300,current_holding,last,2,1,,,"Cambridge, University Library",Cambridge,Cambridge,GeoNames,2653941,https://www.geonames.org/2653941,52.2,0.11667,GB,CambridgeUL,"Cambridge, University Library",SSS.19.16,,,,2026-09-30,current_observation_only,,coordinates_resolved,current_holding_statement,MEI,00560457,https://data.cerl.org/mei/00560457,data/expanded/mei-corpus.json,Observed as the current holding institution; no arrival date is inferred.,,,,current_holding-cambridgeul,GB,,Q1028334,cerl_holding_city_to_geonames,"The holding institution is mapped to its city-level GeoNames point, not to building coordinates.",https://data.cerl.org/holdinst/CambridgeUL,"Cambridge, University Library",,locality,,
02101705-print,02101705,02101705,ih00429300,ih00429300,print_place,first,0,1,,,Delft,Delft,Delft,GeoNames,2757345,https://www.geonames.org/2757345,52.00667,4.35556,,,,KW 169 G 49,1480,1480,,,gw_extracted_year_range,,coordinates_resolved,edition_level_print_statement,GW,13424,https://gesamtkatalogderwiegendrucke.de/docs/GW13424.htm,data/derived/prayer-book-corpus.csv,Printing statement shared by copies of the edition.,Delft,,,print_place-delft,NL,,,verified_geonames_city,,https://gesamtkatalogderwiegendrucke.de/docs/GW13424.htm,Delft,,locality,,
02101705-current,02101705,02101705,ih00429300,ih00429300,current_holding,last,7,1,,,"Den Haag, Koninklijke Bibliotheek - Nationale Bibliotheek van Nederland",The Hague,The Hague,GeoNames,2747373,https://www.geonames.org/2747373,52.07667,4.29861,NL,NLKB,"Den Haag, Koninklijke Bibliotheek - Nationale Bibliotheek van Nederland",KW 169 G 49,,,,2026-09-30,current_observation_only,,coordinates_resolved,current_holding_statement,MEI,02101705,https://data.cerl.org/mei/02101705,data/expanded/mei-corpus.json,Observed as the current holding institution; no arrival date is inferred.,,,,current_holding-nlkb,NL,,,cerl_holding_city_to_geonames,"The holding institution is mapped to its city-level GeoNames point, not to building coordinates.",https://data.cerl.org/holdinst/NLKB,"Den Haag, Koninklijke Bibliotheek - Nationale Bibliotheek van Nederland",,locality,,
02149728-print,02149728,02149728,ih00429300,ih00429300,print_place,first,0,1,,,Delft,Delft,Delft,GeoNames,2757345,https://www.geonames.org/2757345,52.00667,4.35556,,,,IA.47112,1480,1480,,,gw_extracted_year_range,,coordinates_resolved,edition_level_print_statement,GW,13424,https://gesamtkatalogderwiegendrucke.de/docs/GW13424.htm,data/derived/prayer-book-corpus.csv,Printing statement shared by copies of the edition.,Delft,,,print_place-delft,NL,,,verified_geonames_city,,https://gesamtkatalogderwiegendrucke.de/docs/GW13424.htm,Delft,,locality,,
02149728-current,02149728,02149728,ih00429300,ih00429300,current_holding,last,4,1,,,"London, British Library",London,London,GeoNames,2643743,https://www.geonames.org/2643743,51.50853,-0.12574,GB,LondonBL,"London, British Library",IA.47112,,,,2026-09-30,current_observation_only,,coordinates_resolved,current_holding_statement,MEI,02149728,https://data.cerl.org/mei/02149728,data/expanded/mei-corpus.json,Observed as the current holding institution; no arrival date is inferred.,,,,current_holding-londonbl,GB,,Q23308,cerl_holding_city_to_geonames,"The holding institution is mapped to its city-level GeoNames point, not to building coordinates.",https://data.cerl.org/holdinst/LondonBL,"London, British Library",,locality,,
02150602-print,02150602,02150602,ih00429300,ih00429300,print_place,first,0,1,,,Delft,Delft,Delft,GeoNames,2757345,https://www.geonames.org/2757345,52.00667,4.35556,,,,61 D 6 KL,1480,1480,,,gw_extracted_year_range,,coordinates_resolved,edition_level_print_statement,GW,13424,https://gesamtkatalogderwiegendrucke.de/docs/GW13424.htm,data/derived/prayer-book-corpus.csv,Printing statement shared by copies of the edition.,Delft,,,print_place-delft,NL,,,verified_geonames_city,,https://gesamtkatalogderwiegendrucke.de/docs/GW13424.htm,Delft,,locality,,
02150602-current,02150602,02150602,ih00429300,ih00429300,current_holding,last,4,1,,,"Deventer, Athenaeumbibliotheek ",Deventer,Deventer,GeoNames,2756987,https://www.geonames.org/2756987,52.255,6.16389,NL,DeventerSAB,"Deventer, Athenaeumbibliotheek ",61 D 6 KL,,,,2026-09-30,current_observation_only,,coordinates_resolved,current_holding_statement,MEI,02150602,https://data.cerl.org/mei/02150602,data/expanded/mei-corpus.json,Observed as the current holding institution; no arrival date is inferred.,,,,current_holding-deventersab,NL,,,cerl_holding_city_to_geonames,"The holding institution is mapped to its city-level GeoNames point, not to building coordinates.",https://data.cerl.org/holdinst/DeventerSAB,"Deventer, Athenaeumbibliotheek ",,locality,,
02101580-print,02101580,02101580,ih00429400,ih00429400,print_place,first,0,1,,,Brüssel,Brussels,Brussels,GeoNames,2800866,https://www.geonames.org/2800866,50.85045,4.34878,,,,KW 150 E 13,1481,1484,,,gw_extracted_year_range,,coordinates_resolved,edition_level_print_statement,GW,13423,https://gesamtkatalogderwiegendrucke.de/docs/GW13423.htm,data/derived/prayer-book-corpus.csv,Printing statement shared by copies of the edition.,Brüssel,,,,BE,,,source_name_and_country_match,Locality-level point reused from source data; no building location or arrival date inferred.,https://data.cerl.org/mei/00559203,Brüssel,,locality,,
02101580-current,02101580,02101580,ih00429400,ih00429400,current_holding,last,6,1,,,"Den Haag, Koninklijke Bibliotheek - Nationale Bibliotheek van Nederland",The Hague,The Hague,GeoNames,2747373,https://www.geonames.org/2747373,52.07667,4.29861,NL,NLKB,"Den Haag, Koninklijke Bibliotheek - Nationale Bibliotheek van Nederland",KW 150 E 13,,,,2026-09-30,current_observation_only,,coordinates_resolved,current_holding_statement,MEI,02101580,https://data.cerl.org/mei/02101580,data/expanded/mei-corpus.json,Observed as the current holding institution; no arrival date is inferred.,,,,current_holding-nlkb,NL,,,cerl_holding_city_to_geonames,"The holding institution is mapped to its city-level GeoNames point, not to building coordinates.",https://data.cerl.org/holdinst/NLKB,"Den Haag, Koninklijke Bibliotheek - Nationale Bibliotheek van Nederland",,locality,,
00560459-print,00560459,00560459,ih00430000,ih00430000,print_place,first,0,1,,,Delft,Delft,Delft,GeoNames,2757345,https://www.geonames.org/2757345,52.00667,4.35556,,,,Inc.5.E.2.2[2822],1484,1484,,,gw_extracted_year_range,,coordinates_resolved,edition_level_print_statement,GW,13425,https://gesamtkatalogderwiegendrucke.de/docs/GW13425.htm,data/derived/prayer-book-corpus.csv,Printing statement shared by copies of the edition.,Delft,,,print_place-delft,NL,,,verified_geonames_city,,https://gesamtkatalogderwiegendrucke.de/docs/GW13424.htm,Delft,,locality,,
00560459-current,00560459,00560459,ih00430000,ih00430000,current_holding,last,2,1,,,"Cambridge, University Library",Cambridge,Cambridge,GeoNames,2653941,https://www.geonames.org/2653941,52.2,0.11667,GB,CambridgeUL,"Cambridge, University Library",Inc.5.E.2.2[2822],,,,2026-09-30,current_observation_only,,coordinates_resolved,current_holding_statement,MEI,00560459,https://data.cerl.org/mei/00560459,data/expanded/mei-corpus.json,Observed as the current holding institution; no arrival date is inferred.,,,,current_holding-cambridgeul,GB,,Q1028334,cerl_holding_city_to_geonames,"The holding institution is mapped to its city-level GeoNames point, not to building coordinates.",https://data.cerl.org/holdinst/CambridgeUL,"Cambridge, University Library",,locality,,
02101376-print,02101376,02101376,ih00430000,ih00430000,print_place,first,0,1,,,Delft,Delft,Delft,GeoNames,2757345,https://www.geonames.org/2757345,52.00667,4.35556,,,,KW 169 G 57,1484,1484,,,gw_extracted_year_range,,coordinates_resolved,edition_level_print_statement,GW,13425,https://gesamtkatalogderwiegendrucke.de/docs/GW13425.htm,data/derived/prayer-book-corpus.csv,Printing statement shared by copies of the edition.,Delft,,,print_place-delft,NL,,,verified_geonames_city,,https://gesamtkatalogderwiegendrucke.de/docs/GW13424.htm,Delft,,locality,,
02101376-current,02101376,02101376,ih00430000,ih00430000,current_holding,last,6,1,,,"Den Haag, Koninklijke Bibliotheek - Nationale Bibliotheek van Nederland",The Hague,The Hague,GeoNames,2747373,https://www.geonames.org/2747373,52.07667,4.29861,NL,NLKB,"Den Haag, Koninklijke Bibliotheek - Nationale Bibliotheek van Nederland",KW 169 G 57,,,,2026-09-30,current_observation_only,,coordinates_resolved,current_holding_statement,MEI,02101376,https://data.cerl.org/mei/02101376,data/expanded/mei-corpus.json,Observed as the current holding institution; no arrival date is inferred.,,,,current_holding-nlkb,NL,,,cerl_holding_city_to_geonames,"The holding institution is mapped to its city-level GeoNames point, not to building coordinates.",https://data.cerl.org/holdinst/NLKB,"Den Haag, Koninklijke Bibliotheek - Nationale Bibliotheek van Nederland",,locality,,
00560458-print,00560458,00560458,ih00430000,ih00430000,print_place,first,0,1,,,Delft,Delft,Delft,GeoNames,2757345,https://www.geonames.org/2757345,52.00667,4.35556,,,,Inc.5.E.2.2[2821],1484,1484,,,gw_extracted_year_range,,coordinates_resolved,edition_level_print_statement,GW,13425,https://gesamtkatalogderwiegendrucke.de/docs/GW13425.htm,data/derived/prayer-book-corpus.csv,Printing statement shared by copies of the edition.,Delft,,,print_place-delft,NL,,,verified_geonames_city,,https://gesamtkatalogderwiegendrucke.de/docs/GW13424.htm,Delft,,locality,,
00560458-current,00560458,00560458,ih00430000,ih00430000,current_holding,last,6,1,,,"Cambridge, University Library",Cambridge,Cambridge,GeoNames,2653941,https://www.geonames.org/2653941,52.2,0.11667,GB,CambridgeUL,"Cambridge, University Library",Inc.5.E.2.2[2821],,,,2026-09-30,current_observation_only,,coordinates_resolved,current_holding_statement,MEI,00560458,https://data.cerl.org/mei/00560458,data/expanded/mei-corpus.json,Observed as the current holding institution; no arrival date is inferred.,,,,current_holding-cambridgeul,GB,,Q1028334,cerl_holding_city_to_geonames,"The holding institution is mapped to its city-level GeoNames point, not to building coordinates.",https://data.cerl.org/holdinst/CambridgeUL,"Cambridge, University Library",,locality,,
02138780-print,02138780,02138780,ih00430000,ih00430000,print_place,first,0,1,,,Delft,Delft,Delft,GeoNames,2757345,https://www.geonames.org/2757345,52.00667,4.35556,,,,001 E 026,1484,1484,,,gw_extracted_year_range,,coordinates_resolved,edition_level_print_statement,GW,13425,https://gesamtkatalogderwiegendrucke.de/docs/GW13425.htm,data/derived/prayer-book-corpus.csv,Printing statement shared by copies of the edition.,Delft,,,print_place-delft,NL,,,verified_geonames_city,,https://gesamtkatalogderwiegendrucke.de/docs/GW13424.htm,Delft,,locality,,
02138780-current,02138780,02138780,ih00430000,ih00430000,current_holding,last,3,1,,,"Den Haag, Huis van het Boek ",The Hague,The Hague,GeoNames,2747373,https://www.geonames.org/2747373,52.07667,4.29861,NL,TheHagueMMW,"Den Haag, Huis van het Boek ",001 E 026,,,,2026-09-30,current_observation_only,,coordinates_resolved,current_holding_statement,MEI,02138780,https://data.cerl.org/mei/02138780,data/expanded/mei-corpus.json,Observed as the current holding institution; no arrival date is inferred.,,,,current_holding-thehaguemmw,NL,,,cerl_holding_city_to_geonames,"The holding institution is mapped to its city-level GeoNames point, not to building coordinates.",https://data.cerl.org/holdinst/TheHagueMMW,"Den Haag, Huis van het Boek ",,locality,,
02138781-print,02138781,02138781,ih00430000,ih00430000,print_place,first,0,1,,,Delft,Delft,Delft,GeoNames,2757345,https://www.geonames.org/2757345,52.00667,4.35556,,,,144 K 004,1484,1484,,,gw_extracted_year_range,,coordinates_resolved,edition_level_print_statement,GW,13425,https://gesamtkatalogderwiegendrucke.de/docs/GW13425.htm,data/derived/prayer-book-corpus.csv,Printing statement shared by copies of the edition.,Delft,,,print_place-delft,NL,,,verified_geonames_city,,https://gesamtkatalogderwiegendrucke.de/docs/GW13424.htm,Delft,,locality,,
02138781-current,02138781,02138781,ih00430000,ih00430000,current_holding,last,3,1,,,"Den Haag, Huis van het Boek ",The Hague,The Hague,GeoNames,2747373,https://www.geonames.org/2747373,52.07667,4.29861,NL,TheHagueMMW,"Den Haag, Huis van het Boek ",144 K 004,,,,2026-09-30,current_observation_only,,coordinates_resolved,current_holding_statement,MEI,02138781,https://data.cerl.org/mei/02138781,data/expanded/mei-corpus.json,Observed as the current holding institution; no arrival date is inferred.,,,,current_holding-thehaguemmw,NL,,,cerl_holding_city_to_geonames,"The holding institution is mapped to its city-level GeoNames point, not to building coordinates.",https://data.cerl.org/holdinst/TheHagueMMW,"Den Haag, Huis van het Boek ",,locality,,
00560460-print,00560460,00560460,ih00430100,ih00430100,print_place,first,0,1,,,Hasselt,Hasselt,Hasselt,,,,52.6,6.1,,,,Inc.7.E.8.2[3109],1488,1488,,,gw_extracted_year_range,,coordinates_resolved,edition_level_print_statement,GW,13430,https://gesamtkatalogderwiegendrucke.de/docs/GW13430.htm,data/derived/prayer-book-corpus.csv,Printing statement shared by copies of the edition.,Hasselt,,,,NL,,,human_review_2026_10_01,Ortszuweisung nach Prüfung durch Stefan Matter (01.10.2026); Kartenpunkt auf Ortsebene.,https://geographic.org/geographic_names/name.php?c=netherlands&fid=4350&uni=-2976113,Hasselt,ORT-D658A1D8,locality,,
00560460-current,00560460,00560460,ih00430100,ih00430100,current_holding,last,3,1,,,"Cambridge, University Library",Cambridge,Cambridge,GeoNames,2653941,https://www.geonames.org/2653941,52.2,0.11667,GB,CambridgeUL,"Cambridge, University Library",Inc.7.E.8.2[3109],,,,2026-09-30,current_observation_only,,coordinates_resolved,current_holding_statement,MEI,00560460,https://data.cerl.org/mei/00560460,data/expanded/mei-corpus.json,Observed as the current holding institution; no arrival date is inferred.,,,,current_holding-cambridgeul,GB,,Q1028334,cerl_holding_city_to_geonames,"The holding institution is mapped to its city-level GeoNames point, not to building coordinates.",https://data.cerl.org/holdinst/CambridgeUL,"Cambridge, University Library",,locality,,
02101036-print,02101036,02101036,ih00430100,ih00430100,print_place,first,0,1,,,Hasselt,Hasselt,Hasselt,,,,52.6,6.1,,,,KW 150 F 8,1488,1488,,,gw_extracted_year_range,,coordinates_resolved,edition_level_print_statement,GW,13430,https://gesamtkatalogderwiegendrucke.de/docs/GW13430.htm,data/derived/prayer-book-corpus.csv,Printing statement shared by copies of the edition.,Hasselt,,,,NL,,,human_review_2026_10_01,Ortszuweisung nach Prüfung durch Stefan Matter (01.10.2026); Kartenpunkt auf Ortsebene.,https://geographic.org/geographic_names/name.php?c=netherlands&fid=4350&uni=-2976113,Hasselt,ORT-D658A1D8,locality,,
02101036-current,02101036,02101036,ih00430100,ih00430100,current_holding,last,4,1,,,"Den Haag, Koninklijke Bibliotheek - Nationale Bibliotheek van Nederland",The Hague,The Hague,GeoNames,2747373,https://www.geonames.org/2747373,52.07667,4.29861,NL,NLKB,"Den Haag, Koninklijke Bibliotheek - Nationale Bibliotheek van Nederland",KW 150 F 8,,,,2026-09-30,current_observation_only,,coordinates_resolved,current_holding_statement,MEI,02101036,https://data.cerl.org/mei/02101036,data/expanded/mei-corpus.json,Observed as the current holding institution; no arrival date is inferred.,,,,current_holding-nlkb,NL,,,cerl_holding_city_to_geonames,"The holding institution is mapped to its city-level GeoNames point, not to building coordinates.",https://data.cerl.org/holdinst/NLKB,"Den Haag, Koninklijke Bibliotheek - Nationale Bibliotheek van Nederland",,locality,,
02100872-print,02100872,02100872,ih00430200,ih00430200,print_place,first,0,1,,,Delft,Delft,Delft,GeoNames,2757345,https://www.geonames.org/2757345,52.00667,4.35556,,,,KW 150 E 26,1490,1491,,,gw_extracted_year_range,,coordinates_resolved,edition_level_print_statement,GW,13426,https://gesamtkatalogderwiegendrucke.de/docs/GW13426.htm,data/derived/prayer-book-corpus.csv,Printing statement shared by copies of the edition.,Delft,,,print_place-delft,NL,,,verified_geonames_city,,https://gesamtkatalogderwiegendrucke.de/docs/GW13424.htm,Delft,,locality,,
02100872-current,02100872,02100872,ih00430200,ih00430200,current_holding,last,3,1,,,"Den Haag, Koninklijke Bibliotheek - Nationale Bibliotheek van Nederland",The Hague,The Hague,GeoNames,2747373,https://www.geonames.org/2747373,52.07667,4.29861,NL,NLKB,"Den Haag, Koninklijke Bibliotheek - Nationale Bibliotheek van Nederland",KW 150 E 26,,,,2026-09-30,current_observation_only,,coordinates_resolved,current_holding_statement,MEI,02100872,https://data.cerl.org/mei/02100872,data/expanded/mei-corpus.json,Observed as the current holding institution; no arrival date is inferred.,,,,current_holding-nlkb,NL,,,cerl_holding_city_to_geonames,"The holding institution is mapped to its city-level GeoNames point, not to building coordinates.",https://data.cerl.org/holdinst/NLKB,"Den Haag, Koninklijke Bibliotheek - Nationale Bibliotheek van Nederland",,locality,,
00560461-print,00560461,00560461,ih00430300,ih00430300,print_place,first,0,1,,,Antwerpen,Antwerp,Antwerp,GeoNames,2803138,https://www.geonames.org/2803138,51.21989,4.40346,,,,Inc.6.F.6.2[3394],1491,1491,,,gw_extracted_year_range,,coordinates_resolved,edition_level_print_statement,GW,13417,https://gesamtkatalogderwiegendrucke.de/docs/GW13417.htm,data/derived/prayer-book-corpus.csv,Printing statement shared by copies of the edition.,Antwerpen,,,print_place-antwerpen,BE,,,verified_geonames_city,,https://gesamtkatalogderwiegendrucke.de/docs/GW13403.htm,Antwerpen,,locality,,
00560461-current,00560461,00560461,ih00430300,ih00430300,current_holding,last,3,1,,,"Cambridge, University Library",Cambridge,Cambridge,GeoNames,2653941,https://www.geonames.org/2653941,52.2,0.11667,GB,CambridgeUL,"Cambridge, University Library",Inc.6.F.6.2[3394],,,,2026-09-30,current_observation_only,,coordinates_resolved,current_holding_statement,MEI,00560461,https://data.cerl.org/mei/00560461,data/expanded/mei-corpus.json,Observed as the current holding institution; no arrival date is inferred.,,,,current_holding-cambridgeul,GB,,Q1028334,cerl_holding_city_to_geonames,"The holding institution is mapped to its city-level GeoNames point, not to building coordinates.",https://data.cerl.org/holdinst/CambridgeUL,"Cambridge, University Library",,locality,,
02100779-print,02100779,02100779,ih00430300,ih00430300,print_place,first,0,1,,,Antwerpen,Antwerp,Antwerp,GeoNames,2803138,https://www.geonames.org/2803138,51.21989,4.40346,,,,KW 150 F 48,1491,1491,,,gw_extracted_year_range,,coordinates_resolved,edition_level_print_statement,GW,13417,https://gesamtkatalogderwiegendrucke.de/docs/GW13417.htm,data/derived/prayer-book-corpus.csv,Printing statement shared by copies of the edition.,Antwerpen,,,print_place-antwerpen,BE,,,verified_geonames_city,,https://gesamtkatalogderwiegendrucke.de/docs/GW13403.htm,Antwerpen,,locality,,
02100779-current,02100779,02100779,ih00430300,ih00430300,current_holding,last,4,1,,,"Den Haag, Koninklijke Bibliotheek - Nationale Bibliotheek van Nederland",The Hague,The Hague,GeoNames,2747373,https://www.geonames.org/2747373,52.07667,4.29861,NL,NLKB,"Den Haag, Koninklijke Bibliotheek - Nationale Bibliotheek van Nederland",KW 150 F 48,,,,2026-09-30,current_observation_only,,coordinates_resolved,current_holding_statement,MEI,02100779,https://data.cerl.org/mei/02100779,data/expanded/mei-corpus.json,Observed as the current holding institution; no arrival date is inferred.,,,,current_holding-nlkb,NL,,,cerl_holding_city_to_geonames,"The holding institution is mapped to its city-level GeoNames point, not to building coordinates.",https://data.cerl.org/holdinst/NLKB,"Den Haag, Koninklijke Bibliotheek - Nationale Bibliotheek van Nederland",,locality,,
02138782-print,02138782,02138782,ih00430500,ih00430500,print_place,first,0,1,,,Leiden,Leiden,Leiden,GeoNames,2751773,https://www.geonames.org/2751773,52.15833,4.49306,,,,001 F 017: 01-02,1494,1494,,,gw_extracted_year_range,,coordinates_resolved,edition_level_print_statement,GW,13432,https://gesamtkatalogderwiegendrucke.de/docs/GW13432.htm,data/derived/prayer-book-corpus.csv,Printing statement shared by copies of the edition.,Leiden,,,print_place-leiden,NL,,,verified_geonames_city,,https://gesamtkatalogderwiegendrucke.de/docs/GW13432.htm,Leiden,,locality,,
02138782-current,02138782,02138782,ih00430500,ih00430500,current_holding,last,3,1,,,"Den Haag, Huis van het Boek ",The Hague,The Hague,GeoNames,2747373,https://www.geonames.org/2747373,52.07667,4.29861,NL,TheHagueMMW,"Den Haag, Huis van het Boek ",001 F 017: 01-02,,,,2026-09-23,current_observation_only,,coordinates_resolved,current_holding_statement,MEI,02138782,https://data.cerl.org/mei/02138782,data/expanded/mei-corpus.json,Observed as the current holding institution; no arrival date is inferred.,,,,current_holding-thehaguemmw,NL,,,cerl_holding_city_to_geonames,"The holding institution is mapped to its city-level GeoNames point, not to building coordinates.",https://data.cerl.org/holdinst/TheHagueMMW,"Den Haag, Huis van het Boek ",,locality,,
02100561-print,02100561,02100561,ih00430500,ih00430500,print_place,first,0,1,,,Leiden,Leiden,Leiden,GeoNames,2751773,https://www.geonames.org/2751773,52.15833,4.49306,,,,KW 150 G 4 [1],1494,1494,,,gw_extracted_year_range,,coordinates_resolved,edition_level_print_statement,GW,13432,https://gesamtkatalogderwiegendrucke.de/docs/GW13432.htm,data/derived/prayer-book-corpus.csv,Printing statement shared by copies of the edition.,Leiden,,,print_place-leiden,NL,,,verified_geonames_city,,https://gesamtkatalogderwiegendrucke.de/docs/GW13432.htm,Leiden,,locality,,
02100561-current,02100561,02100561,ih00430500,ih00430500,current_holding,last,6,1,,,"Den Haag, Koninklijke Bibliotheek - Nationale Bibliotheek van Nederland",The Hague,The Hague,GeoNames,2747373,https://www.geonames.org/2747373,52.07667,4.29861,NL,NLKB,"Den Haag, Koninklijke Bibliotheek - Nationale Bibliotheek van Nederland",KW 150 G 4 [1],,,,2026-09-30,current_observation_only,,coordinates_resolved,current_holding_statement,MEI,02100561,https://data.cerl.org/mei/02100561,data/expanded/mei-corpus.json,Observed as the current holding institution; no arrival date is inferred.,,,,current_holding-nlkb,NL,,,cerl_holding_city_to_geonames,"The holding institution is mapped to its city-level GeoNames point, not to building coordinates.",https://data.cerl.org/holdinst/NLKB,"Den Haag, Koninklijke Bibliotheek - Nationale Bibliotheek van Nederland",,locality,,
02138783-print,02138783,02138783,ih00430600,ih00430600,print_place,first,0,1,,,Leiden,Leiden,Leiden,GeoNames,2751773,https://www.geonames.org/2751773,52.15833,4.49306,,,,001 F 017: 03,1494,1494,,,gw_extracted_year_range,,coordinates_resolved,edition_level_print_statement,GW,13432,https://gesamtkatalogderwiegendrucke.de/docs/GW13432.htm,data/derived/prayer-book-corpus.csv,Printing statement shared by copies of the edition.,Leiden,,,print_place-leiden,NL,,,verified_geonames_city,,https://gesamtkatalogderwiegendrucke.de/docs/GW13432.htm,Leiden,,locality,,
02138783-current,02138783,02138783,ih00430600,ih00430600,current_holding,last,3,1,,,"Den Haag, Huis van het Boek ",The Hague,The Hague,GeoNames,2747373,https://www.geonames.org/2747373,52.07667,4.29861,NL,TheHagueMMW,"Den Haag, Huis van het Boek ",001 F 017: 03,,,,2026-09-30,current_observation_only,,coordinates_resolved,current_holding_statement,MEI,02138783,https://data.cerl.org/mei/02138783,data/expanded/mei-corpus.json,Observed as the current holding institution; no arrival date is inferred.,,,,current_holding-thehaguemmw,NL,,,cerl_holding_city_to_geonames,"The holding institution is mapped to its city-level GeoNames point, not to building coordinates.",https://data.cerl.org/holdinst/TheHagueMMW,"Den Haag, Huis van het Boek ",,locality,,
02100475-print,02100475,02100475,ih00430600,ih00430600,print_place,first,0,1,,,Leiden,Leiden,Leiden,GeoNames,2751773,https://www.geonames.org/2751773,52.15833,4.49306,,,,KW 150 G 4 [2],1494,1494,,,gw_extracted_year_range,,coordinates_resolved,edition_level_print_statement,GW,13432,https://gesamtkatalogderwiegendrucke.de/docs/GW13432.htm,data/derived/prayer-book-corpus.csv,Printing statement shared by copies of the edition.,Leiden,,,print_place-leiden,NL,,,verified_geonames_city,,https://gesamtkatalogderwiegendrucke.de/docs/GW13432.htm,Leiden,,locality,,
02100475-current,02100475,02100475,ih00430600,ih00430600,current_holding,last,6,1,,,"Den Haag, Koninklijke Bibliotheek - Nationale Bibliotheek van Nederland",The Hague,The Hague,GeoNames,2747373,https://www.geonames.org/2747373,52.07667,4.29861,NL,NLKB,"Den Haag, Koninklijke Bibliotheek - Nationale Bibliotheek van Nederland",KW 150 G 4 [2],,,,2026-09-30,current_observation_only,,coordinates_resolved,current_holding_statement,MEI,02100475,https://data.cerl.org/mei/02100475,data/expanded/mei-corpus.json,Observed as the current holding institution; no arrival date is inferred.,,,,current_holding-nlkb,NL,,,cerl_holding_city_to_geonames,"The holding institution is mapped to its city-level GeoNames point, not to building coordinates.",https://data.cerl.org/holdinst/NLKB,"Den Haag, Koninklijke Bibliotheek - Nationale Bibliotheek van Nederland",,locality,,
02100474-print,02100474,02100474,ih00431000,ih00431000,print_place,first,0,1,,,Antwerpen,Antwerp,Antwerp,GeoNames,2803138,https://www.geonames.org/2803138,51.21989,4.40346,,,,KW 150 F 33,1495,1495,,,gw_extracted_year_range,,coordinates_resolved,edition_level_print_statement,GW,13421,https://gesamtkatalogderwiegendrucke.de/docs/GW13421.htm,data/derived/prayer-book-corpus.csv,Printing statement shared by copies of the edition.,Antwerpen,,,print_place-antwerpen,BE,,,verified_geonames_city,,https://gesamtkatalogderwiegendrucke.de/docs/GW13403.htm,Antwerpen,,locality,,
02100474-current,02100474,02100474,ih00431000,ih00431000,current_holding,last,5,1,,,"Den Haag, Koninklijke Bibliotheek - Nationale Bibliotheek van Nederland",The Hague,The Hague,GeoNames,2747373,https://www.geonames.org/2747373,52.07667,4.29861,NL,NLKB,"Den Haag, Koninklijke Bibliotheek - Nationale Bibliotheek van Nederland",KW 150 F 33,,,,2026-09-30,current_observation_only,,coordinates_resolved,current_holding_statement,MEI,02100474,https://data.cerl.org/mei/02100474,data/expanded/mei-corpus.json,Observed as the current holding institution; no arrival date is inferred.,,,,current_holding-nlkb,NL,,,cerl_holding_city_to_geonames,"The holding institution is mapped to its city-level GeoNames point, not to building coordinates.",https://data.cerl.org/holdinst/NLKB,"Den Haag, Koninklijke Bibliotheek - Nationale Bibliotheek van Nederland",,locality,,
02100488-print,02100488,02100488,ih00431100,ih00431100,print_place,first,0,1,,,Antwerpen,Antwerp,Antwerp,GeoNames,2803138,https://www.geonames.org/2803138,51.21989,4.40346,,,,KW 150 F 27,1495,1495,,,gw_extracted_year_range,,coordinates_resolved,edition_level_print_statement,GW,13420,https://gesamtkatalogderwiegendrucke.de/docs/GW13420.htm,data/derived/prayer-book-corpus.csv,Printing statement shared by copies of the edition.,Antwerpen,,,print_place-antwerpen,BE,,,verified_geonames_city,,https://gesamtkatalogderwiegendrucke.de/docs/GW13403.htm,Antwerpen,,locality,,
02100488-current,02100488,02100488,ih00431100,ih00431100,current_holding,last,5,1,,,"Den Haag, Koninklijke Bibliotheek - Nationale Bibliotheek van Nederland",The Hague,The Hague,GeoNames,2747373,https://www.geonames.org/2747373,52.07667,4.29861,NL,NLKB,"Den Haag, Koninklijke Bibliotheek - Nationale Bibliotheek van Nederland",KW 150 F 27,,,,2026-09-30,current_observation_only,,coordinates_resolved,current_holding_statement,MEI,02100488,https://data.cerl.org/mei/02100488,data/expanded/mei-corpus.json,Observed as the current holding institution; no arrival date is inferred.,,,,current_holding-nlkb,NL,,,cerl_holding_city_to_geonames,"The holding institution is mapped to its city-level GeoNames point, not to building coordinates.",https://data.cerl.org/holdinst/NLKB,"Den Haag, Koninklijke Bibliotheek - Nationale Bibliotheek van Nederland",,locality,,
02100411-print,02100411,02100411,ih00431200,ih00431200,print_place,first,0,1,,,Schoonhoven,Schoonhoven,Schoonhoven,GeoNames,2747506,https://www.geonames.org/2747506,51.94750,4.84861,,,,KW 150 G 10 [1],1496,1496,,,gw_extracted_year_range,,coordinates_resolved,edition_level_print_statement,GW,13437,https://gesamtkatalogderwiegendrucke.de/docs/GW13437.htm,data/derived/prayer-book-corpus.csv,Printing statement shared by copies of the edition.,Schoonhoven,,,print_place-schoonhoven,NL,Q478036,,verified_geonames_city,,https://gesamtkatalogderwiegendrucke.de/docs/GW13438.htm,Schoonhoven,,locality,,
02100411-current,02100411,02100411,ih00431200,ih00431200,current_holding,last,6,1,,,"Den Haag, Koninklijke Bibliotheek - Nationale Bibliotheek van Nederland",The Hague,The Hague,GeoNames,2747373,https://www.geonames.org/2747373,52.07667,4.29861,NL,NLKB,"Den Haag, Koninklijke Bibliotheek - Nationale Bibliotheek van Nederland",KW 150 G 10 [1],,,,2026-09-30,current_observation_only,,coordinates_resolved,current_holding_statement,MEI,02100411,https://data.cerl.org/mei/02100411,data/expanded/mei-corpus.json,Observed as the current holding institution; no arrival date is inferred.,,,,current_holding-nlkb,NL,,,cerl_holding_city_to_geonames,"The holding institution is mapped to its city-level GeoNames point, not to building coordinates.",https://data.cerl.org/holdinst/NLKB,"Den Haag, Koninklijke Bibliotheek - Nationale Bibliotheek van Nederland",,locality,,
02100322-print,02100322,02100322,ih00431300,ih00431300,print_place,first,0,1,,,Leiden,Leiden,Leiden,GeoNames,2751773,https://www.geonames.org/2751773,52.15833,4.49306,,,,KW 150 G 5,1497,1497,,,gw_extracted_year_range,,coordinates_resolved,edition_level_print_statement,GW,13433,https://gesamtkatalogderwiegendrucke.de/docs/GW13433.htm,data/derived/prayer-book-corpus.csv,Printing statement shared by copies of the edition.,Leiden,,,print_place-leiden,NL,,,verified_geonames_city,,https://gesamtkatalogderwiegendrucke.de/docs/GW13432.htm,Leiden,,locality,,
02100322-current,02100322,02100322,ih00431300,ih00431300,current_holding,last,5,1,,,"Den Haag, Koninklijke Bibliotheek - Nationale Bibliotheek van Nederland",The Hague,The Hague,GeoNames,2747373,https://www.geonames.org/2747373,52.07667,4.29861,NL,NLKB,"Den Haag, Koninklijke Bibliotheek - Nationale Bibliotheek van Nederland",KW 150 G 5,,,,2026-09-30,current_observation_only,,coordinates_resolved,current_holding_statement,MEI,02100322,https://data.cerl.org/mei/02100322,data/expanded/mei-corpus.json,Observed as the current holding institution; no arrival date is inferred.,,,,current_holding-nlkb,NL,,,cerl_holding_city_to_geonames,"The holding institution is mapped to its city-level GeoNames point, not to building coordinates.",https://data.cerl.org/holdinst/NLKB,"Den Haag, Koninklijke Bibliotheek - Nationale Bibliotheek van Nederland",,locality,,
00560462-print,00560462,00560462,ih00431400,ih00431400,print_place,first,0,1,,,Schoonhoven,Schoonhoven,Schoonhoven,GeoNames,2747506,https://www.geonames.org/2747506,51.94750,4.84861,,,,Inc.6.E.13.1[3133],1498,1498,,,gw_extracted_year_range,,coordinates_resolved,edition_level_print_statement,GW,13438,https://gesamtkatalogderwiegendrucke.de/docs/GW13438.htm,data/derived/prayer-book-corpus.csv,Printing statement shared by copies of the edition.,Schoonhoven,,,print_place-schoonhoven,NL,Q478036,,verified_geonames_city,,https://gesamtkatalogderwiegendrucke.de/docs/GW13438.htm,Schoonhoven,,locality,,
00560462-current,00560462,00560462,ih00431400,ih00431400,current_holding,last,4,1,,,"Cambridge, University Library",Cambridge,Cambridge,GeoNames,2653941,https://www.geonames.org/2653941,52.2,0.11667,GB,CambridgeUL,"Cambridge, University Library",Inc.6.E.13.1[3133],,,,2026-09-23,current_observation_only,,coordinates_resolved,current_holding_statement,MEI,00560462,https://data.cerl.org/mei/00560462,data/expanded/mei-corpus.json,Observed as the current holding institution; no arrival date is inferred.,,,,current_holding-cambridgeul,GB,,Q1028334,cerl_holding_city_to_geonames,"The holding institution is mapped to its city-level GeoNames point, not to building coordinates.",https://data.cerl.org/holdinst/CambridgeUL,"Cambridge, University Library",,locality,,
02100225-print,02100225,02100225,ih00431400,ih00431400,print_place,first,0,1,,,Schoonhoven,Schoonhoven,Schoonhoven,GeoNames,2747506,https://www.geonames.org/2747506,51.94750,4.84861,,,,KW 150 G 10 [2],1498,1498,,,gw_extracted_year_range,,coordinates_resolved,edition_level_print_statement,GW,13438,https://gesamtkatalogderwiegendrucke.de/docs/GW13438.htm,data/derived/prayer-book-corpus.csv,Printing statement shared by copies of the edition.,Schoonhoven,,,print_place-schoonhoven,NL,Q478036,,verified_geonames_city,,https://gesamtkatalogderwiegendrucke.de/docs/GW13438.htm,Schoonhoven,,locality,,
02100225-current,02100225,02100225,ih00431400,ih00431400,current_holding,last,5,1,,,"Den Haag, Koninklijke Bibliotheek - Nationale Bibliotheek van Nederland",The Hague,The Hague,GeoNames,2747373,https://www.geonames.org/2747373,52.07667,4.29861,NL,NLKB,"Den Haag, Koninklijke Bibliotheek - Nationale Bibliotheek van Nederland",KW 150 G 10 [2],,,,2026-09-30,current_observation_only,,coordinates_resolved,current_holding_statement,MEI,02100225,https://data.cerl.org/mei/02100225,data/expanded/mei-corpus.json,Observed as the current holding institution; no arrival date is inferred.,,,,current_holding-nlkb,NL,,,cerl_holding_city_to_geonames,"The holding institution is mapped to its city-level GeoNames point, not to building coordinates.",https://data.cerl.org/holdinst/NLKB,"Den Haag, Koninklijke Bibliotheek - Nationale Bibliotheek van Nederland",,locality,,
02138784-print,02138784,02138784,ih00431400,ih00431400,print_place,first,0,1,,,Schoonhoven,Schoonhoven,Schoonhoven,GeoNames,2747506,https://www.geonames.org/2747506,51.94750,4.84861,,,,001 F 028,1498,1498,,,gw_extracted_year_range,,coordinates_resolved,edition_level_print_statement,GW,13438,https://gesamtkatalogderwiegendrucke.de/docs/GW13438.htm,data/derived/prayer-book-corpus.csv,Printing statement shared by copies of the edition.,Schoonhoven,,,print_place-schoonhoven,NL,Q478036,,verified_geonames_city,,https://gesamtkatalogderwiegendrucke.de/docs/GW13438.htm,Schoonhoven,,locality,,
02138784-current,02138784,02138784,ih00431400,ih00431400,current_holding,last,3,1,,,"Den Haag, Huis van het Boek ",The Hague,The Hague,GeoNames,2747373,https://www.geonames.org/2747373,52.07667,4.29861,NL,TheHagueMMW,"Den Haag, Huis van het Boek ",001 F 028,,,,2026-09-23,current_observation_only,,coordinates_resolved,current_holding_statement,MEI,02138784,https://data.cerl.org/mei/02138784,data/expanded/mei-corpus.json,Observed as the current holding institution; no arrival date is inferred.,,,,current_holding-thehaguemmw,NL,,,cerl_holding_city_to_geonames,"The holding institution is mapped to its city-level GeoNames point, not to building coordinates.",https://data.cerl.org/holdinst/TheHagueMMW,"Den Haag, Huis van het Boek ",,locality,,
02138785-print,02138785,02138785,ih00431400,ih00431400,print_place,first,0,1,,,Schoonhoven,Schoonhoven,Schoonhoven,GeoNames,2747506,https://www.geonames.org/2747506,51.94750,4.84861,,,,001 F 021,1498,1498,,,gw_extracted_year_range,,coordinates_resolved,edition_level_print_statement,GW,13438,https://gesamtkatalogderwiegendrucke.de/docs/GW13438.htm,data/derived/prayer-book-corpus.csv,Printing statement shared by copies of the edition.,Schoonhoven,,,print_place-schoonhoven,NL,Q478036,,verified_geonames_city,,https://gesamtkatalogderwiegendrucke.de/docs/GW13438.htm,Schoonhoven,,locality,,
02138785-current,02138785,02138785,ih00431400,ih00431400,current_holding,last,3,1,,,"Den Haag, Huis van het Boek ",The Hague,The Hague,GeoNames,2747373,https://www.geonames.org/2747373,52.07667,4.29861,NL,TheHagueMMW,"Den Haag, Huis van het Boek ",001 F 021,,,,2026-09-23,current_observation_only,,coordinates_resolved,current_holding_statement,MEI,02138785,https://data.cerl.org/mei/02138785,data/expanded/mei-corpus.json,Observed as the current holding institution; no arrival date is inferred.,,,,current_holding-thehaguemmw,NL,,,cerl_holding_city_to_geonames,"The holding institution is mapped to its city-level GeoNames point, not to building coordinates.",https://data.cerl.org/holdinst/TheHagueMMW,"Den Haag, Huis van het Boek ",,locality,,
00205571-print,00205571,00205571,ih00432500,ih00432500,print_place,first,0,1,,,Leiden,Leiden,Leiden,GeoNames,2751773,https://www.geonames.org/2751773,52.15833,4.49306,,,,Douce 3.,1498,1498,,,gw_extracted_year_range,,coordinates_resolved,edition_level_print_statement,GW,13434,https://gesamtkatalogderwiegendrucke.de/docs/GW13434.htm,data/derived/prayer-book-corpus.csv,Printing statement shared by copies of the edition.,Leiden,,,print_place-leiden,NL,,,verified_geonames_city,,https://gesamtkatalogderwiegendrucke.de/docs/GW13432.htm,Leiden,,locality,,
00205571-current,00205571,00205571,ih00432500,ih00432500,current_holding,last,3,1,,,"Oxford, Bodleian Library",Oxford,Oxford,GeoNames,2640729,https://www.geonames.org/2640729,51.75222,-1.25596,GB,OxfordBodley,"Oxford, Bodleian Library",Douce 3.,,,,2026-09-30,current_observation_only,,coordinates_resolved,current_holding_statement,MEI,00205571,https://data.cerl.org/mei/00205571,data/expanded/mei-corpus.json,Observed as the current holding institution; no arrival date is inferred.,,,,current_holding-oxfordbodley,GB,,Q82133,cerl_holding_city_to_geonames,"The holding institution is mapped to its city-level GeoNames point, not to building coordinates.",https://data.cerl.org/holdinst/OxfordBodley,"Oxford, Bodleian Library",,locality,,
02100039-print,02100039,02100039,ih00432800,ih00432800,print_place,first,0,1,,,Paris,Paris,Paris,GeoNames,2988507,https://www.geonames.org/2988507,48.85341,2.3488,,,,KW 150 E 7,1500,1501,,,gw_extracted_year_range,,coordinates_resolved,edition_level_print_statement,GW,13171,https://gesamtkatalogderwiegendrucke.de/docs/GW13171.htm,data/derived/prayer-book-corpus.csv,Printing statement shared by copies of the edition.,Paris,,,,FR,,,source_name_and_country_match,Locality-level point reused from source data; no building location or arrival date inferred.,https://data.cerl.org/holdinst/ParisBN,Paris,,locality,,
02100039-current,02100039,02100039,ih00432800,ih00432800,current_holding,last,4,1,,,"Den Haag, Koninklijke Bibliotheek - Nationale Bibliotheek van Nederland",The Hague,The Hague,GeoNames,2747373,https://www.geonames.org/2747373,52.07667,4.29861,NL,NLKB,"Den Haag, Koninklijke Bibliotheek - Nationale Bibliotheek van Nederland",KW 150 E 7,,,,2026-09-30,current_observation_only,,coordinates_resolved,current_holding_statement,MEI,02100039,https://data.cerl.org/mei/02100039,data/expanded/mei-corpus.json,Observed as the current holding institution; no arrival date is inferred.,,,,current_holding-nlkb,NL,,,cerl_holding_city_to_geonames,"The holding institution is mapped to its city-level GeoNames point, not to building coordinates.",https://data.cerl.org/holdinst/NLKB,"Den Haag, Koninklijke Bibliotheek - Nationale Bibliotheek van Nederland",,locality,,
02100049-print,02100049,02100049,ih00433000,ih00433000,print_place,first,0,1,,,Paris,Paris,Paris,GeoNames,2988507,https://www.geonames.org/2988507,48.85341,2.3488,,,,KW 172 C 21,1500,1500,,,gw_extracted_year_range,,coordinates_resolved,edition_level_print_statement,GW,13086,https://gesamtkatalogderwiegendrucke.de/docs/GW13086.htm,data/derived/prayer-book-corpus.csv,Printing statement shared by copies of the edition.,Paris,,,,FR,,,source_name_and_country_match,Locality-level point reused from source data; no building location or arrival date inferred.,https://data.cerl.org/holdinst/ParisBN,Paris,,locality,,
02100049-current,02100049,02100049,ih00433000,ih00433000,current_holding,last,5,1,,,"Den Haag, Koninklijke Bibliotheek - Nationale Bibliotheek van Nederland",The Hague,The Hague,GeoNames,2747373,https://www.geonames.org/2747373,52.07667,4.29861,NL,NLKB,"Den Haag, Koninklijke Bibliotheek - Nationale Bibliotheek van Nederland",KW 172 C 21,,,,2026-09-30,current_observation_only,,coordinates_resolved,current_holding_statement,MEI,02100049,https://data.cerl.org/mei/02100049,data/expanded/mei-corpus.json,Observed as the current holding institution; no arrival date is inferred.,,,,current_holding-nlkb,NL,,,cerl_holding_city_to_geonames,"The holding institution is mapped to its city-level GeoNames point, not to building coordinates.",https://data.cerl.org/holdinst/NLKB,"Den Haag, Koninklijke Bibliotheek - Nationale Bibliotheek van Nederland",,locality,,
02147380-print,02147380,02147380,ih00433000,ih00433000,print_place,first,0,1,,,Paris,Paris,Paris,GeoNames,2988507,https://www.geonames.org/2988507,48.85341,2.3488,,,,INC A 2188,1500,1500,,,gw_extracted_year_range,,coordinates_resolved,edition_level_print_statement,GW,13086,https://gesamtkatalogderwiegendrucke.de/docs/GW13086.htm,data/derived/prayer-book-corpus.csv,Printing statement shared by copies of the edition.,Paris,,,,FR,,,source_name_and_country_match,Locality-level point reused from source data; no building location or arrival date inferred.,https://data.cerl.org/holdinst/ParisBN,Paris,,locality,,
02147380-current,02147380,02147380,ih00433000,ih00433000,current_holding,last,5,1,,,"Bruxelles, Bibliothèque royale de Belgique",Brussels,Brussels,GeoNames,2800866,https://www.geonames.org/2800866,50.85045,4.34878,BE,BrusselKBR,"Bruxelles, Bibliothèque royale de Belgique",INC A 2188,,,,2026-09-30,current_observation_only,,coordinates_resolved,current_holding_statement,MEI,02147380,https://data.cerl.org/mei/02147380,data/expanded/mei-corpus.json,Observed as the current holding institution; no arrival date is inferred.,,,,,BE,,,source_name_and_country_match,Locality-level point reused from source data; no building location or arrival date inferred.,https://data.cerl.org/mei/00559203,"Bruxelles, Bibliothèque royale de Belgique",,locality,,
00560464-print,00560464,00560464,ih00433400,ih00433400,print_place,first,0,1,,,Kirchheim im Elsass,Kirchheim im Elsass,Kirchheim im Elsass,,,,48.609249189619135,7.496366500854492,,,,Inc.6.A.41.1[4565],1491,1491,,,gw_extracted_year_range,,coordinates_resolved,edition_level_print_statement,GW,12984,https://gesamtkatalogderwiegendrucke.de/docs/GW12984.htm,data/derived/prayer-book-corpus.csv,Printing statement shared by copies of the edition.,Kirchheim,,,,FR,,,human_review_2026_10_01,Ortszuweisung nach Prüfung durch Stefan Matter (01.10.2026); Kartenpunkt auf Ortsebene.,https://www.geonames.org/search.html?country=&q=kirchheim,Kirchheim,ORT-27410479,locality,,
00560464-current,00560464,00560464,ih00433400,ih00433400,current_holding,last,4,1,,,"Cambridge, University Library",Cambridge,Cambridge,GeoNames,2653941,https://www.geonames.org/2653941,52.2,0.11667,GB,CambridgeUL,"Cambridge, University Library",Inc.6.A.41.1[4565],,,,2026-09-30,current_observation_only,,coordinates_resolved,current_holding_statement,MEI,00560464,https://data.cerl.org/mei/00560464,data/expanded/mei-corpus.json,Observed as the current holding institution; no arrival date is inferred.,,,,current_holding-cambridgeul,GB,,Q1028334,cerl_holding_city_to_geonames,"The holding institution is mapped to its city-level GeoNames point, not to building coordinates.",https://data.cerl.org/holdinst/CambridgeUL,"Cambridge, University Library",,locality,,
00211773-print,00211773,00211773,ih00433500,ih00433500,print_place,first,0,1,,,Nürnberg,Nuremberg,Nuremberg,GeoNames,2861650,https://www.geonames.org/2861650,49.45421,11.07752,,,,Inc. b. G97.1(22).,1495,1495,,,gw_extracted_year_range,,coordinates_resolved,edition_level_print_statement,GW,12986,https://gesamtkatalogderwiegendrucke.de/docs/GW12986.htm,data/derived/prayer-book-corpus.csv,Printing statement shared by copies of the edition.,Nürnberg,,,,DE,,,source_name_and_country_match,Locality-level point reused from source data; no building location or arrival date inferred.,https://www.geonames.org/2861650,Nürnberg,,locality,,
00211773-current,00211773,00211773,ih00433500,ih00433500,current_holding,last,3,1,,,"Oxford, Bodleian Library",Oxford,Oxford,GeoNames,2640729,https://www.geonames.org/2640729,51.75222,-1.25596,GB,OxfordBodley,"Oxford, Bodleian Library",Inc. b. G97.1(22).,,,,2026-09-30,current_observation_only,,coordinates_resolved,current_holding_statement,MEI,00211773,https://data.cerl.org/mei/00211773,data/expanded/mei-corpus.json,Observed as the current holding institution; no arrival date is inferred.,,,,current_holding-oxfordbodley,GB,,Q82133,cerl_holding_city_to_geonames,"The holding institution is mapped to its city-level GeoNames point, not to building coordinates.",https://data.cerl.org/holdinst/OxfordBodley,"Oxford, Bodleian Library",,locality,,
00560465-print,00560465,00560465,ih00437000,ih00437000,print_place,first,0,1,,,Schoonhoven,Schoonhoven,Schoonhoven,GeoNames,2747506,https://www.geonames.org/2747506,51.94750,4.84861,,,,Inc.6.E.13.1[3136],1500,1500,,,gw_extracted_year_range,,coordinates_resolved,edition_level_print_statement,GW,13415,https://gesamtkatalogderwiegendrucke.de/docs/GW13415.htm,data/derived/prayer-book-corpus.csv,Printing statement shared by copies of the edition.,Schoonhoven,,,print_place-schoonhoven,NL,Q478036,,verified_geonames_city,,https://gesamtkatalogderwiegendrucke.de/docs/GW13438.htm,Schoonhoven,,locality,,
00560465-current,00560465,00560465,ih00437000,ih00437000,current_holding,last,3,1,,,"Cambridge, University Library",Cambridge,Cambridge,GeoNames,2653941,https://www.geonames.org/2653941,52.2,0.11667,GB,CambridgeUL,"Cambridge, University Library",Inc.6.E.13.1[3136],,,,2026-09-30,current_observation_only,,coordinates_resolved,current_holding_statement,MEI,00560465,https://data.cerl.org/mei/00560465,data/expanded/mei-corpus.json,Observed as the current holding institution; no arrival date is inferred.,,,,current_holding-cambridgeul,GB,,Q1028334,cerl_holding_city_to_geonames,"The holding institution is mapped to its city-level GeoNames point, not to building coordinates.",https://data.cerl.org/holdinst/CambridgeUL,"Cambridge, University Library",,locality,,
02126520-print,02126520,02126520,ih00484300,ih00484300,print_place,first,0,1,,,Krakau,Krakow,Krakow,GeoNames,3094802,https://www.geonames.org/3094802,50.06143,19.93658,,,,I-9,1491,1491,,,gw_extracted_year_range,,coordinates_resolved,edition_level_print_statement,GW,13447,https://gesamtkatalogderwiegendrucke.de/docs/GW13447.htm,data/derived/prayer-book-corpus.csv,Printing statement shared by copies of the edition.,Krakau,,,print_place-krakau,PL,,,verified_geonames_city,,https://gesamtkatalogderwiegendrucke.de/docs/GW13447.htm,Krakau,,locality,,
02126520-current,02126520,02126520,ih00484300,ih00484300,current_holding,last,5,1,,,"Vilnius, Lietuvos mokslų akademijos Vrublevskių biblioteka",Vilnius,Vilnius,GeoNames,593116,https://www.geonames.org/593116,54.68916,25.2798,LT,VilniusAcad,"Vilnius, Lietuvos mokslų akademijos Vrublevskių biblioteka",I-9,,,,2026-09-23,current_observation_only,,coordinates_resolved,current_holding_statement,MEI,02126520,https://data.cerl.org/mei/02126520,data/expanded/mei-corpus.json,Observed as the current holding institution; no arrival date is inferred.,,,,current_holding-vilniusacad,LT,,Q3919007,cerl_holding_city_to_geonames,"The holding institution is mapped to its city-level GeoNames point, not to building coordinates.",https://data.cerl.org/holdinst/VilniusAcad,"Vilnius, Lietuvos mokslų akademijos Vrublevskių biblioteka",,locality,,
00207797-print,00207797,00207797,ih00485000,ih00485000,print_place,first,0,1,,,Strassburg,Strasbourg,Strasbourg,GeoNames,2973783,https://www.geonames.org/2973783,48.58392,7.74553,,,,Inc. f. G7.1498.1.,1498,1498,,,gw_extracted_year_range,,coordinates_resolved,edition_level_print_statement,GW,12969,https://gesamtkatalogderwiegendrucke.de/docs/GW12969.htm,data/derived/prayer-book-corpus.csv,Printing statement shared by copies of the edition.,Strassburg,,,print_place-strassburg,FR,,,verified_geonames_city,,https://gesamtkatalogderwiegendrucke.de/docs/GW12969.htm,Strassburg,,locality,,
00207797-current,00207797,00207797,ih00485000,ih00485000,current_holding,last,7,1,,,"Oxford, Bodleian Library",Oxford,Oxford,GeoNames,2640729,https://www.geonames.org/2640729,51.75222,-1.25596,GB,OxfordBodley,"Oxford, Bodleian Library",Inc. f. G7.1498.1.,,,,2026-09-23,current_observation_only,,coordinates_resolved,current_holding_statement,MEI,00207797,https://data.cerl.org/mei/00207797,data/expanded/mei-corpus.json,Observed as the current holding institution; no arrival date is inferred.,,,,current_holding-oxfordbodley,GB,,Q82133,cerl_holding_city_to_geonames,"The holding institution is mapped to its city-level GeoNames point, not to building coordinates.",https://data.cerl.org/holdinst/OxfordBodley,"Oxford, Bodleian Library",,locality,,
02008999-print,02008999,02008999,ih00485000,ih00485000,print_place,first,0,1,,,Strassburg,Strasbourg,Strasbourg,GeoNames,2973783,https://www.geonames.org/2973783,48.58392,7.74553,,,,Inc 760.5,1498,1498,,,gw_extracted_year_range,,coordinates_resolved,edition_level_print_statement,GW,12969,https://gesamtkatalogderwiegendrucke.de/docs/GW12969.htm,data/derived/prayer-book-corpus.csv,Printing statement shared by copies of the edition.,Strassburg,,,print_place-strassburg,FR,,,verified_geonames_city,,https://gesamtkatalogderwiegendrucke.de/docs/GW12969.htm,Strassburg,,locality,,
02008999-current,02008999,02008999,ih00485000,ih00485000,current_holding,last,5,1,,,"Cambridge MA, Harvard University, Houghton Library",Cambridge (Massachusetts),Cambridge (Massachusetts),GeoNames,4931972,https://www.geonames.org/4931972,42.37510,-71.10561,US,HarvardHoughton,"Cambridge MA, Harvard University, Houghton Library",Inc 760.5,,,,2026-09-23,current_observation_only,,coordinates_resolved,current_holding_statement,MEI,02008999,https://data.cerl.org/mei/02008999,data/expanded/mei-corpus.json,Observed as the current holding institution; no arrival date is inferred.,,,,current_holding-harvardhoughton,US,Q49111,,cerl_holding_city_to_geonames,"The holding institution is mapped to its city-level GeoNames point, not to building coordinates.",https://data.cerl.org/holdinst/HarvardHoughton,"Cambridge MA, Harvard University, Houghton Library",,locality,,
02138788-print,02138788,02138788,ih00485200,ih00485200,print_place,first,0,1,,,Strassburg,Strasbourg,Strasbourg,GeoNames,2973783,https://www.geonames.org/2973783,48.58392,7.74553,,,,001 F 036,1500,1500,,,gw_extracted_year_range,,coordinates_resolved,edition_level_print_statement,GW,12971,https://gesamtkatalogderwiegendrucke.de/docs/GW12971.htm,data/derived/prayer-book-corpus.csv,Printing statement shared by copies of the edition.,Strassburg,,,print_place-strassburg,FR,,,verified_geonames_city,,https://gesamtkatalogderwiegendrucke.de/docs/GW12969.htm,Strassburg,,locality,,
02138788-current,02138788,02138788,ih00485200,ih00485200,current_holding,last,3,1,,,"Den Haag, Huis van het Boek ",The Hague,The Hague,GeoNames,2747373,https://www.geonames.org/2747373,52.07667,4.29861,NL,TheHagueMMW,"Den Haag, Huis van het Boek ",001 F 036,,,,2026-09-30,current_observation_only,,coordinates_resolved,current_holding_statement,MEI,02138788,https://data.cerl.org/mei/02138788,data/expanded/mei-corpus.json,Observed as the current holding institution; no arrival date is inferred.,,,,current_holding-thehaguemmw,NL,,,cerl_holding_city_to_geonames,"The holding institution is mapped to its city-level GeoNames point, not to building coordinates.",https://data.cerl.org/holdinst/TheHagueMMW,"Den Haag, Huis van het Boek ",,locality,,
02120307-print,02120307,02120307,ih00485300,ih00485300,print_place,first,0,1,,,Strassburg,Strasbourg,Strasbourg,GeoNames,2973783,https://www.geonames.org/2973783,48.58392,7.74553,,,,Ink 14.H.22,1500,1500,,,gw_extracted_year_range,,coordinates_resolved,edition_level_print_statement,GW,12972,https://gesamtkatalogderwiegendrucke.de/docs/GW12972.htm,data/derived/prayer-book-corpus.csv,Printing statement shared by copies of the edition.,Strassburg,,,print_place-strassburg,FR,,,verified_geonames_city,,https://gesamtkatalogderwiegendrucke.de/docs/GW12969.htm,Strassburg,,locality,,
02120307-current,02120307,02120307,ih00485300,ih00485300,current_holding,last,2,1,,,"Wien, Österreichische  Nationalbibliothek",Vienna,Vienna,GeoNames,2761369,https://www.geonames.org/2761369,48.20849,16.37208,AT,WienONB,"Wien, Österreichische  Nationalbibliothek",Ink 14.H.22,,,,2026-09-30,current_observation_only,,coordinates_resolved,current_holding_statement,MEI,02120307,https://data.cerl.org/mei/02120307,data/expanded/mei-corpus.json,Observed as the current holding institution; no arrival date is inferred.,,,,,AT,,,source_name_and_country_match,Locality-level point reused from source data; no building location or arrival date inferred.,https://data.cerl.org/mei/02115001,"Wien, Österreichische  Nationalbibliothek",,locality,,
02136286-print,02136286,02136286,ih00485300,ih00485300,print_place,first,0,1,,,Strassburg,Strasbourg,Strasbourg,GeoNames,2973783,https://www.geonames.org/2973783,48.58392,7.74553,,,,Gb 565,1500,1500,,,gw_extracted_year_range,,coordinates_resolved,edition_level_print_statement,GW,12972,https://gesamtkatalogderwiegendrucke.de/docs/GW12972.htm,data/derived/prayer-book-corpus.csv,Printing statement shared by copies of the edition.,Strassburg,,,print_place-strassburg,FR,,,verified_geonames_city,,https://gesamtkatalogderwiegendrucke.de/docs/GW12969.htm,Strassburg,,locality,,
02136286-p002-loc01,02136286,02136286,ih00485300,ih00485300,provenance_place,intermediate,2,1,02136286-p002,02136286-p002-loc01,Tübingen,Tübingen,Tübingen,GeoNames,2820860,https://www.geonames.org/2820860,48.52266,9.05222,,,,Gb 565,,,,,undated,,coordinates_resolved,copy_level_provenance_place,MEI,02136286-p002,https://data.cerl.org/mei/02136286,data/expanded/mei-corpus.json,,Tübingen,,,provenance_place-tuebingen,DE,Q3806,,verified_geonames_city,,https://data.cerl.org/mei/02135612,Tübingen,,locality,,
02136286-current,02136286,02136286,ih00485300,ih00485300,current_holding,last,3,1,,,"Tübingen, Universitätsbibliothek",Tübingen,Tübingen,GeoNames,2820860,https://www.geonames.org/2820860,48.52266,9.05222,DE,TubingenUB,"Tübingen, Universitätsbibliothek",Gb 565,,,,2026-09-30,current_observation_only,,coordinates_resolved,current_holding_statement,MEI,02136286,https://data.cerl.org/mei/02136286,data/expanded/mei-corpus.json,Observed as the current holding institution; no arrival date is inferred.,,,,current_holding-tubingenub,DE,Q3806,Q2496347,cerl_holding_city_to_geonames,"The holding institution is mapped to its city-level GeoNames point, not to building coordinates.",https://data.cerl.org/holdinst/TubingenUB,"Tübingen, Universitätsbibliothek",,locality,,
00561251-print,00561251,00561251,in00260000,in00260000,print_place,first,0,1,,,Zinna,Zinna,Zinna,,,,52.022515,13.105441,,,,Inc.5.A.48.1[1106],1493,1496,,,gw_extracted_year_range,,coordinates_resolved,edition_level_print_statement,GW,M27158,https://gesamtkatalogderwiegendrucke.de/docs/M27158.htm,data/derived/prayer-book-corpus.csv,Printing statement shared by copies of the edition.,Zinna,,,,DE,,,human_review_2026_10_01,Ortszuweisung nach Prüfung durch Stefan Matter (01.10.2026); Kartenpunkt auf Ortsebene.,https://www.geonames.org/advanced-search.html?continentCode=&country=DE&featureClass=P&q=Zinna,Zinna,ORT-2D80265B,locality,,
00561251-current,00561251,00561251,in00260000,in00260000,current_holding,last,5,1,,,"Cambridge, University Library",Cambridge,Cambridge,GeoNames,2653941,https://www.geonames.org/2653941,52.2,0.11667,GB,CambridgeUL,"Cambridge, University Library",Inc.5.A.48.1[1106],,,,2026-09-30,current_observation_only,,coordinates_resolved,current_holding_statement,MEI,00561251,https://data.cerl.org/mei/00561251,data/expanded/mei-corpus.json,Observed as the current holding institution; no arrival date is inferred.,,,,current_holding-cambridgeul,GB,,Q1028334,cerl_holding_city_to_geonames,"The holding institution is mapped to its city-level GeoNames point, not to building coordinates.",https://data.cerl.org/holdinst/CambridgeUL,"Cambridge, University Library",,locality,,
02116074-print,02116074,02116074,in00260000,in00260000,print_place,first,0,1,,,Zinna,Zinna,Zinna,,,,52.022515,13.105441,,,,Ink 5.H.65,1493,1496,,,gw_extracted_year_range,,coordinates_resolved,edition_level_print_statement,GW,M27158,https://gesamtkatalogderwiegendrucke.de/docs/M27158.htm,data/derived/prayer-book-corpus.csv,Printing statement shared by copies of the edition.,Zinna,,,,DE,,,human_review_2026_10_01,Ortszuweisung nach Prüfung durch Stefan Matter (01.10.2026); Kartenpunkt auf Ortsebene.,https://www.geonames.org/advanced-search.html?continentCode=&country=DE&featureClass=P&q=Zinna,Zinna,ORT-2D80265B,locality,,
02116074-current,02116074,02116074,in00260000,in00260000,current_holding,last,2,1,,,"Wien, Österreichische  Nationalbibliothek",Vienna,Vienna,GeoNames,2761369,https://www.geonames.org/2761369,48.20849,16.37208,AT,WienONB,"Wien, Österreichische  Nationalbibliothek",Ink 5.H.65,,,,2026-09-30,current_observation_only,,coordinates_resolved,current_holding_statement,MEI,02116074,https://data.cerl.org/mei/02116074,data/expanded/mei-corpus.json,Observed as the current holding institution; no arrival date is inferred.,,,,,AT,,,source_name_and_country_match,Locality-level point reused from source data; no building location or arrival date inferred.,https://data.cerl.org/mei/02115001,"Wien, Österreichische  Nationalbibliothek",,locality,,
00204685-print,00204685,00204685,in00260000,in00260000,print_place,first,0,1,,,Zinna,Zinna,Zinna,,,,52.022515,13.105441,,,,Auct. 1Q 7.70.,1493,1496,,,gw_extracted_year_range,,coordinates_resolved,edition_level_print_statement,GW,M27158,https://gesamtkatalogderwiegendrucke.de/docs/M27158.htm,data/derived/prayer-book-corpus.csv,Printing statement shared by copies of the edition.,Zinna,,,,DE,,,human_review_2026_10_01,Ortszuweisung nach Prüfung durch Stefan Matter (01.10.2026); Kartenpunkt auf Ortsebene.,https://www.geonames.org/advanced-search.html?continentCode=&country=DE&featureClass=P&q=Zinna,Zinna,ORT-2D80265B,locality,,
00204685-current,00204685,00204685,in00260000,in00260000,current_holding,last,3,1,,,"Oxford, Bodleian Library",Oxford,Oxford,GeoNames,2640729,https://www.geonames.org/2640729,51.75222,-1.25596,GB,OxfordBodley,"Oxford, Bodleian Library",Auct. 1Q 7.70.,,,,2026-09-30,current_observation_only,,coordinates_resolved,current_holding_statement,MEI,00204685,https://data.cerl.org/mei/00204685,data/expanded/mei-corpus.json,Observed as the current holding institution; no arrival date is inferred.,,,,current_holding-oxfordbodley,GB,,Q82133,cerl_holding_city_to_geonames,"The holding institution is mapped to its city-level GeoNames point, not to building coordinates.",https://data.cerl.org/holdinst/OxfordBodley,"Oxford, Bodleian Library",,locality,,
00200704-print,00200704,00200704,io00030200,io00030200,print_place,first,0,1,,,Bologna,Bologna,Bologna,GeoNames,3181928,https://www.geonames.org/3181928,44.49381,11.33875,,,,codici miniati no. 80,1498,1498,,,gw_extracted_year_range,,coordinates_resolved,edition_level_print_statement,GW,13390,https://gesamtkatalogderwiegendrucke.de/docs/GW13390.htm,data/derived/prayer-book-corpus.csv,Printing statement shared by copies of the edition.,Bologna,,,,IT,,,human_review_2026_10_01,Ortszuweisung nach Prüfung durch Stefan Matter (01.10.2026); Kartenpunkt auf Ortsebene.,https://data.cerl.org/mei/02003305,Bologna,ORT-384829F8,locality,,
00200704-current,00200704,00200704,io00030200,io00030200,current_holding,last,1,1,,,"Bologna, Archivio di Stato",Bologna,Bologna,GeoNames,3181928,https://www.geonames.org/3181928,44.49381,11.33875,IT,BolognaArchStato,"Bologna, Archivio di Stato",codici miniati no. 80,,,,2026-09-30,current_observation_only,,coordinates_resolved,current_holding_statement,MEI,00200704,https://data.cerl.org/mei/00200704,data/expanded/mei-corpus.json,Observed as the current holding institution; no arrival date is inferred.,,,,,IT,,,human_review_2026_10_01,Ortszuweisung nach Prüfung durch Stefan Matter (01.10.2026); Kartenpunkt auf Ortsebene.,https://data.cerl.org/mei/02003305,"Bologna, Archivio di Stato",ORT-13072BCB,locality,,
00200705-print,00200705,00200705,io00030200,io00030200,print_place,first,0,1,,,Bologna,Bologna,Bologna,GeoNames,3181928,https://www.geonames.org/3181928,44.49381,11.33875,,,,16 O.III.29,1498,1498,,,gw_extracted_year_range,,coordinates_resolved,edition_level_print_statement,GW,13390,https://gesamtkatalogderwiegendrucke.de/docs/GW13390.htm,data/derived/prayer-book-corpus.csv,Printing statement shared by copies of the edition.,Bologna,,,,IT,,,human_review_2026_10_01,Ortszuweisung nach Prüfung durch Stefan Matter (01.10.2026); Kartenpunkt auf Ortsebene.,https://data.cerl.org/mei/02003305,Bologna,ORT-384829F8,locality,,
00200705-current,00200705,00200705,io00030200,io00030200,current_holding,last,1,1,,,"Bologna, Biblioteca Comunale dell'Archiginnasio",Bologna,Bologna,GeoNames,3181928,https://www.geonames.org/3181928,44.49381,11.33875,IT,BolognaBibliotecaComunaledellArchiginnasio,"Bologna, Biblioteca Comunale dell'Archiginnasio",16 O.III.29,,,,2026-09-30,current_observation_only,,coordinates_resolved,current_holding_statement,MEI,00200705,https://data.cerl.org/mei/00200705,data/expanded/mei-corpus.json,Observed as the current holding institution; no arrival date is inferred.,,,,,IT,,,human_review_2026_10_01,Ortszuweisung nach Prüfung durch Stefan Matter (01.10.2026); Kartenpunkt auf Ortsebene.,https://data.cerl.org/mei/02003305,"Bologna, Biblioteca Comunale dell'Archiginnasio",ORT-7B87E90C,locality,,
00200707-print,00200707,00200707,io00030200,io00030200,print_place,first,0,1,,,Bologna,Bologna,Bologna,GeoNames,3181928,https://www.geonames.org/3181928,44.49381,11.33875,,,,103886,1498,1498,,,gw_extracted_year_range,,coordinates_resolved,edition_level_print_statement,GW,13390,https://gesamtkatalogderwiegendrucke.de/docs/GW13390.htm,data/derived/prayer-book-corpus.csv,Printing statement shared by copies of the edition.,Bologna,,,,IT,,,human_review_2026_10_01,Ortszuweisung nach Prüfung durch Stefan Matter (01.10.2026); Kartenpunkt auf Ortsebene.,https://data.cerl.org/mei/02003305,Bologna,ORT-384829F8,locality,,
00200707-current,00200707,00200707,io00030200,io00030200,current_holding,last,7,1,,,"San Marino CA, Huntington Library",San Marino,San Marino,GeoNames,5392400,https://www.geonames.org/5392400,34.1214,-118.10646,US,SanMarinoHun,"San Marino CA, Huntington Library",103886,,,,2026-09-30,current_observation_only,,coordinates_resolved,current_holding_statement,MEI,00200707,https://data.cerl.org/mei/00200707,data/expanded/mei-corpus.json,Observed as the current holding institution; no arrival date is inferred.,,,,,US,,,human_review_2026_10_01,Ortszuweisung nach Prüfung durch Stefan Matter (01.10.2026); Kartenpunkt auf Ortsebene.,https://data.cerl.org/mei/02156758,"San Marino CA, Huntington Library",ORT-CB30A216,locality,,
00200706-print,00200706,00200706,io00030200,io00030200,print_place,first,0,1,,,Bologna,Bologna,Bologna,GeoNames,3181928,https://www.geonames.org/3181928,44.49381,11.33875,,,,IB.29183,1498,1498,,,gw_extracted_year_range,,coordinates_resolved,edition_level_print_statement,GW,13390,https://gesamtkatalogderwiegendrucke.de/docs/GW13390.htm,data/derived/prayer-book-corpus.csv,Printing statement shared by copies of the edition.,Bologna,,,,IT,,,human_review_2026_10_01,Ortszuweisung nach Prüfung durch Stefan Matter (01.10.2026); Kartenpunkt auf Ortsebene.,https://data.cerl.org/mei/02003305,Bologna,ORT-384829F8,locality,,
00200706-current,00200706,00200706,io00030200,io00030200,current_holding,last,2,1,,,"London, British Library",London,London,GeoNames,2643743,https://www.geonames.org/2643743,51.50853,-0.12574,GB,LondonBL,"London, British Library",IB.29183,,,,2026-09-30,current_observation_only,,coordinates_resolved,current_holding_statement,MEI,00200706,https://data.cerl.org/mei/00200706,data/expanded/mei-corpus.json,Observed as the current holding institution; no arrival date is inferred.,,,,current_holding-londonbl,GB,,Q23308,cerl_holding_city_to_geonames,"The holding institution is mapped to its city-level GeoNames point, not to building coordinates.",https://data.cerl.org/holdinst/LondonBL,"London, British Library",,locality,,
00200565-print,00200565,00200565,io00048800,io00048800,print_place,first,0,1,,,Venedig,Venice,Venice,GeoNames,3164603,https://www.geonames.org/3164603,45.43713,12.33265,,,,Inc. Gaslini 1,1488,1488,,,gw_extracted_year_range,,coordinates_resolved,edition_level_print_statement,GW,13395,https://gesamtkatalogderwiegendrucke.de/docs/GW13395.htm,data/derived/prayer-book-corpus.csv,Printing statement shared by copies of the edition.,Venedig,,,print_place-venedig,IT,,,verified_geonames_city,,https://gesamtkatalogderwiegendrucke.de/docs/GW13360.htm | https://gesamtkatalogderwiegendrucke.de/docs/GW1338820N.htm,Venedig,,locality,,
00200565-current,00200565,00200565,io00048800,io00048800,current_holding,last,1,1,,,"Genova, Biblioteca Universitaria",Genova,Genova,GeoNames,6542282,https://www.geonames.org/6542282,44.41286,8.95729,IT,GenovaU,"Genova, Biblioteca Universitaria",Inc. Gaslini 1,,,,2026-09-30,current_observation_only,,coordinates_resolved,current_holding_statement,MEI,00200565,https://data.cerl.org/mei/00200565,data/expanded/mei-corpus.json,Observed as the current holding institution; no arrival date is inferred.,,,,,IT,,,source_name_and_country_match,Locality-level point reused from source data; no building location or arrival date inferred.,https://data.cerl.org/mei/02003507,"Genova, Biblioteca Universitaria",,locality,,
00200566-print,00200566,00200566,io00048800,io00048800,print_place,first,0,1,,,Venedig,Venice,Venice,GeoNames,3164603,https://www.geonames.org/3164603,45.43713,12.33265,,,,3-2-1,1488,1488,,,gw_extracted_year_range,,coordinates_resolved,edition_level_print_statement,GW,13395,https://gesamtkatalogderwiegendrucke.de/docs/GW13395.htm,data/derived/prayer-book-corpus.csv,Printing statement shared by copies of the edition.,Venedig,,,print_place-venedig,IT,,,verified_geonames_city,,https://gesamtkatalogderwiegendrucke.de/docs/GW13360.htm | https://gesamtkatalogderwiegendrucke.de/docs/GW1338820N.htm,Venedig,,locality,,
00200566-current,00200566,00200566,io00048800,io00048800,current_holding,last,4,1,,,"Sevilla, Biblioteca Colombina",Seville,Seville,GeoNames,2510911,https://www.geonames.org/2510911,37.38283,-5.97317,ES,SevillaColombina,"Sevilla, Biblioteca Colombina",3-2-1,,,,2026-09-30,current_observation_only,,coordinates_resolved,current_holding_statement,MEI,00200566,https://data.cerl.org/mei/00200566,data/expanded/mei-corpus.json,Observed as the current holding institution; no arrival date is inferred.,,,,,ES,,,source_name_and_country_match,Locality-level point reused from source data; no building location or arrival date inferred.,https://data.cerl.org/mei/00200566,"Sevilla, Biblioteca Colombina",,locality,,
00200698-print,00200698,00200698,io00049000,io00049000,print_place,first,0,1,,,Ferrara,Ferrara,Ferrara,GeoNames,3177090,https://www.geonames.org/3177090,44.83804,11.62057,,,,S. 5. 1. 1,1497,1497,,,gw_extracted_year_range,,coordinates_resolved,edition_level_print_statement,GW,13330,https://gesamtkatalogderwiegendrucke.de/docs/GW13330.htm,data/derived/prayer-book-corpus.csv,Printing statement shared by copies of the edition.,Ferrara,,,print_place-ferrara,IT,,,verified_geonames_city,The earlier MEI-derived GeoNames ID 6299592 identifies a bus-terminal/airport feature rather than the city; this mapping uses the populated-place record.,https://gesamtkatalogderwiegendrucke.de/docs/GW13330.htm,Ferrara,,locality,,
00200698-current,00200698,00200698,io00049000,io00049000,current_holding,last,1,1,,,"Ferrara, Biblioteca Comunale Ariostea",Ferrara,Ferrara,GeoNames,3177090,https://www.geonames.org/3177090,44.83804,11.62057,IT,FerraraC,"Ferrara, Biblioteca Comunale Ariostea",S. 5. 1. 1,,,,2026-09-23,current_observation_only,,coordinates_resolved,current_holding_statement,MEI,00200698,https://data.cerl.org/mei/00200698,data/expanded/mei-corpus.json,Observed as the current holding institution; no arrival date is inferred.,,,,current_holding-ferrarac,IT,,,cerl_holding_city_to_geonames,"The holding institution is mapped to the Ferrara populated-place record, not to exact building coordinates. The earlier MEI-derived ID 6299592 identifies a bus-terminal/airport feature.",https://data.cerl.org/holdinst/FerraraC,"Ferrara, Biblioteca Comunale Ariostea",,locality,,
00200702-print,00200702,00200702,io00049000,io00049000,print_place,first,0,1,,,Ferrara,Ferrara,Ferrara,GeoNames,3177090,https://www.geonames.org/3177090,44.83804,11.62057,,,,Vélins 1548,1497,1497,,,gw_extracted_year_range,,coordinates_resolved,edition_level_print_statement,GW,13330,https://gesamtkatalogderwiegendrucke.de/docs/GW13330.htm,data/derived/prayer-book-corpus.csv,Printing statement shared by copies of the edition.,Ferrara,,,print_place-ferrara,IT,,,verified_geonames_city,The earlier MEI-derived GeoNames ID 6299592 identifies a bus-terminal/airport feature rather than the city; this mapping uses the populated-place record.,https://gesamtkatalogderwiegendrucke.de/docs/GW13330.htm,Ferrara,,locality,,
00200702-current,00200702,00200702,io00049000,io00049000,current_holding,last,1,1,,,"Paris, Bibliothèque nationale de France",Paris,Paris,GeoNames,2988507,https://www.geonames.org/2988507,48.85341,2.3488,FR,ParisBN,"Paris, Bibliothèque nationale de France",Vélins 1548,,,,2026-09-23,current_observation_only,,coordinates_resolved,current_holding_statement,MEI,00200702,https://data.cerl.org/mei/00200702,data/expanded/mei-corpus.json,Observed as the current holding institution; no arrival date is inferred.,,,,current_holding-parisbn,FR,Q90,Q193563,cerl_holding_city_to_geonames,"The holding institution is mapped to the same Paris capital record used by MEI provenance places, not to exact building coordinates.",https://data.cerl.org/holdinst/ParisBN,"Paris, Bibliothèque nationale de France",,locality,,
00200701-print,00200701,00200701,io00049000,io00049000,print_place,first,0,1,,,Ferrara,Ferrara,Ferrara,GeoNames,3177090,https://www.geonames.org/3177090,44.83804,11.62057,,,,ChL 1037,1497,1497,,,gw_extracted_year_range,,coordinates_resolved,edition_level_print_statement,GW,13330,https://gesamtkatalogderwiegendrucke.de/docs/GW13330.htm,data/derived/prayer-book-corpus.csv,Printing statement shared by copies of the edition.,Ferrara,,,print_place-ferrara,IT,,,verified_geonames_city,The earlier MEI-derived GeoNames ID 6299592 identifies a bus-terminal/airport feature rather than the city; this mapping uses the populated-place record.,https://gesamtkatalogderwiegendrucke.de/docs/GW13330.htm,Ferrara,,locality,,
00200701-current,00200701,00200701,io00049000,io00049000,current_holding,last,1,1,,,"New York NY, The Morgan Library and Museum",New York,New York,GeoNames,5128581,https://www.geonames.org/5128581,40.71427,-74.00597,US,NewYorkNYPierpontMorganLibrary,"New York NY, The Morgan Library and Museum",ChL 1037,,,,2026-09-23,current_observation_only,,coordinates_resolved,current_holding_statement,MEI,00200701,https://data.cerl.org/mei/00200701,data/expanded/mei-corpus.json,Observed as the current holding institution; no arrival date is inferred.,,,,current_holding-newyorknypierpontmorganlibrary,US,,,cerl_holding_city_to_geonames,"The holding institution is mapped to its city-level GeoNames point, not to building coordinates.",https://data.cerl.org/holdinst/NewYorkNYPierpontMorganLibrary,"New York NY, The Morgan Library and Museum",,locality,,
00200700-print,00200700,00200700,io00049000,io00049000,print_place,first,0,1,,,Ferrara,Ferrara,Ferrara,GeoNames,3177090,https://www.geonames.org/3177090,44.83804,11.62057,,,,[alfa]. C. 10. 33,1497,1497,,,gw_extracted_year_range,,coordinates_resolved,edition_level_print_statement,GW,13330,https://gesamtkatalogderwiegendrucke.de/docs/GW13330.htm,data/derived/prayer-book-corpus.csv,Printing statement shared by copies of the edition.,Ferrara,,,print_place-ferrara,IT,,,verified_geonames_city,The earlier MEI-derived GeoNames ID 6299592 identifies a bus-terminal/airport feature rather than the city; this mapping uses the populated-place record.,https://gesamtkatalogderwiegendrucke.de/docs/GW13330.htm,Ferrara,,locality,,
00200700-current,00200700,00200700,io00049000,io00049000,current_holding,last,1,1,,,"Modena, Biblioteca Estense Universitaria",Modena,Modena,GeoNames,3173331,https://www.geonames.org/3173331,44.64783,10.92539,IT,ModenaEst,"Modena, Biblioteca Estense Universitaria",[alfa]. C. 10. 33,,,,2026-09-23,current_observation_only,,coordinates_resolved,current_holding_statement,MEI,00200700,https://data.cerl.org/mei/00200700,data/expanded/mei-corpus.json,Observed as the current holding institution; no arrival date is inferred.,,,,current_holding-modenaest,IT,Q279,,cerl_holding_city_to_geonames,"The holding institution is mapped to its city-level GeoNames point, not to building coordinates.",https://data.cerl.org/holdinst/ModenaEst,"Modena, Biblioteca Estense Universitaria",,locality,,
00200699-print,00200699,00200699,io00049000,io00049000,print_place,first,0,1,,,Ferrara,Ferrara,Ferrara,GeoNames,3177090,https://www.geonames.org/3177090,44.83804,11.62057,,,,S. 16. 4. 15,1497,1497,,,gw_extracted_year_range,,coordinates_resolved,edition_level_print_statement,GW,13330,https://gesamtkatalogderwiegendrucke.de/docs/GW13330.htm,data/derived/prayer-book-corpus.csv,Printing statement shared by copies of the edition.,Ferrara,,,print_place-ferrara,IT,,,verified_geonames_city,The earlier MEI-derived GeoNames ID 6299592 identifies a bus-terminal/airport feature rather than the city; this mapping uses the populated-place record.,https://gesamtkatalogderwiegendrucke.de/docs/GW13330.htm,Ferrara,,locality,,
00200699-current,00200699,00200699,io00049000,io00049000,current_holding,last,1,1,,,"Ferrara, Biblioteca Comunale Ariostea",Ferrara,Ferrara,GeoNames,3177090,https://www.geonames.org/3177090,44.83804,11.62057,IT,FerraraC,"Ferrara, Biblioteca Comunale Ariostea",S. 16. 4. 15,,,,2026-09-23,current_observation_only,,coordinates_resolved,current_holding_statement,MEI,00200699,https://data.cerl.org/mei/00200699,data/expanded/mei-corpus.json,Observed as the current holding institution; no arrival date is inferred.,,,,current_holding-ferrarac,IT,,,cerl_holding_city_to_geonames,"The holding institution is mapped to the Ferrara populated-place record, not to exact building coordinates. The earlier MEI-derived ID 6299592 identifies a bus-terminal/airport feature.",https://data.cerl.org/holdinst/FerraraC,"Ferrara, Biblioteca Comunale Ariostea",,locality,,
00200703-print,00200703,00200703,io00049000,io00049000,print_place,first,0,1,,,Ferrara,Ferrara,Ferrara,GeoNames,3177090,https://www.geonames.org/3177090,44.83804,11.62057,,,,Incun. 1497.C3,1497,1497,,,gw_extracted_year_range,,coordinates_resolved,edition_level_print_statement,GW,13330,https://gesamtkatalogderwiegendrucke.de/docs/GW13330.htm,data/derived/prayer-book-corpus.csv,Printing statement shared by copies of the edition.,Ferrara,,,print_place-ferrara,IT,,,verified_geonames_city,The earlier MEI-derived GeoNames ID 6299592 identifies a bus-terminal/airport feature rather than the city; this mapping uses the populated-place record.,https://gesamtkatalogderwiegendrucke.de/docs/GW13330.htm,Ferrara,,locality,,
00200703-current,00200703,00200703,io00049000,io00049000,current_holding,last,1,1,,,"Washington DC, Library of Congress, Rare Book Division, Lessing J. Rosenwald Collection",Washington,Washington,GeoNames,4140963,https://www.geonames.org/4140963,38.89511,-77.03637,US,WashingtonLoC,"Washington DC, Library of Congress, Rare Book Division, Lessing J. Rosenwald Collection",Incun. 1497.C3,,,,2026-09-23,current_observation_only,,coordinates_resolved,current_holding_statement,MEI,00200703,https://data.cerl.org/mei/00200703,data/expanded/mei-corpus.json,Observed as the current holding institution; no arrival date is inferred.,,,,current_holding-washingtonloc,US,,,cerl_holding_city_to_geonames,"The holding institution is mapped to its city-level GeoNames point, not to building coordinates.",https://data.cerl.org/holdinst/WashingtonLoC,"Washington DC, Library of Congress, Rare Book Division, Lessing J. Rosenwald Collection",,locality,,
02000909-print,02000909,02000909,io00049000,io00049000,print_place,first,0,1,,,Ferrara,Ferrara,Ferrara,GeoNames,3177090,https://www.geonames.org/3177090,44.83804,11.62057,,,,IA.25755,1497,1497,,,gw_extracted_year_range,,coordinates_resolved,edition_level_print_statement,GW,13330,https://gesamtkatalogderwiegendrucke.de/docs/GW13330.htm,data/derived/prayer-book-corpus.csv,Printing statement shared by copies of the edition.,Ferrara,,,print_place-ferrara,IT,,,verified_geonames_city,The earlier MEI-derived GeoNames ID 6299592 identifies a bus-terminal/airport feature rather than the city; this mapping uses the populated-place record.,https://gesamtkatalogderwiegendrucke.de/docs/GW13330.htm,Ferrara,,locality,,
02000909-p001-loc01,02000909,02000909,io00049000,io00049000,provenance_place,intermediate,1,1,02000909-p001,02000909-p001-loc01,Ferrara,Ferrara,Ferrara,GeoNames,3177090,https://www.geonames.org/3177090,44.83804,11.62057,Italy,,,IA.25755,1701,1772,18,,mei_timeperiod,a,coordinates_resolved,copy_level_provenance_place,MEI,02000909-p001,https://data.cerl.org/mei/02000909,data/expanded/mei-corpus.json,,Ferrara,44.83333,11.61667,provenance_place-ferrara,IT,,,corrected_mei_geonames,The MEI-supplied GeoNames ID 6299592 identifies a bus-terminal/airport feature; the analytical map layer corrects it to the populated-place record.,https://data.cerl.org/mei/02000909,Ferrara,,locality,,
02000909-p002-loc01,02000909,02000909,io00049000,io00049000,provenance_place,intermediate,2,1,02000909-p002,02000909-p002-loc01,Ferrara,Ferrara,Ferrara,GeoNames,3177090,https://www.geonames.org/3177090,44.83804,11.62057,Italy,,,IA.25755,1701,1858,18 | 19,,mei_timeperiod,a,coordinates_resolved,copy_level_provenance_place,MEI,02000909-p002,https://data.cerl.org/mei/02000909,data/expanded/mei-corpus.json,,Ferrara,44.83333,11.61667,provenance_place-ferrara,IT,,,corrected_mei_geonames,The MEI-supplied GeoNames ID 6299592 identifies a bus-terminal/airport feature; the analytical map layer corrects it to the populated-place record.,https://data.cerl.org/mei/02000909,Ferrara,,locality,,
02000909-current,02000909,02000909,io00049000,io00049000,current_holding,last,4,1,,,"London, British Library",London,London,GeoNames,2643743,https://www.geonames.org/2643743,51.50853,-0.12574,GB,LondonBL,"London, British Library",IA.25755,,,,2026-09-23,current_observation_only,,coordinates_resolved,current_holding_statement,MEI,02000909,https://data.cerl.org/mei/02000909,data/expanded/mei-corpus.json,Observed as the current holding institution; no arrival date is inferred.,,,,current_holding-londonbl,GB,,Q23308,cerl_holding_city_to_geonames,"The holding institution is mapped to its city-level GeoNames point, not to building coordinates.",https://data.cerl.org/holdinst/LondonBL,"London, British Library",,locality,,
02135240-print,02135240,02135240,io00065980,io00065980,print_place,first,0,1,,,Ulm,Ulm,Ulm,GeoNames,2820256,https://www.geonames.org/2820256,48.39841,9.99155,,,,Gi 366 a,1500,1500,,,gw_extracted_year_range,,coordinates_resolved,edition_level_print_statement,GW,M2806420,https://gesamtkatalogderwiegendrucke.de/docs/M2806420.htm,data/derived/prayer-book-corpus.csv,Printing statement shared by copies of the edition.,Ulm,,,,DE,,,source_name_and_country_match,Locality-level point reused from source data; no building location or arrival date inferred.,https://www.geonames.org/2820256,Ulm,,locality,,
02135240-p001-loc01,02135240,02135240,io00065980,io00065980,provenance_place,intermediate,1,1,02135240-p001,02135240-p001-loc01,Tübingen,Tübingen,Tübingen,GeoNames,2820860,https://www.geonames.org/2820860,48.52266,9.05222,,,,Gi 366 a,,,,,undated,,coordinates_resolved,copy_level_provenance_place,MEI,02135240-p001,https://data.cerl.org/mei/02135240,data/expanded/mei-corpus.json,,Tübingen,,,provenance_place-tuebingen,DE,Q3806,,verified_geonames_city,,https://data.cerl.org/mei/02135612,Tübingen,,locality,,
02135240-current,02135240,02135240,io00065980,io00065980,current_holding,last,2,1,,,"Tübingen, Universitätsbibliothek",Tübingen,Tübingen,GeoNames,2820860,https://www.geonames.org/2820860,48.52266,9.05222,DE,TubingenUB,"Tübingen, Universitätsbibliothek",Gi 366 a,,,,2026-09-30,current_observation_only,,coordinates_resolved,current_holding_statement,MEI,02135240,https://data.cerl.org/mei/02135240,data/expanded/mei-corpus.json,Observed as the current holding institution; no arrival date is inferred.,,,,current_holding-tubingenub,DE,Q3806,Q2496347,cerl_holding_city_to_geonames,"The holding institution is mapped to its city-level GeoNames point, not to building coordinates.",https://data.cerl.org/holdinst/TubingenUB,"Tübingen, Universitätsbibliothek",,locality,,
02119676-print,02119676,02119676,io00069500,io00069500,print_place,first,0,1,,,Venedig,Venice,Venice,GeoNames,3164603,https://www.geonames.org/3164603,45.43713,12.33265,,,,Ink 23.G.3,,,,,gw_date_not_yet_extracted,,coordinates_resolved,edition_level_print_statement,GW,M28063,https://gesamtkatalogderwiegendrucke.de/docs/M28063.htm,data/derived/prayer-book-corpus.csv,Printing statement shared by copies of the edition.,Venedig,,,print_place-venedig,IT,,,verified_geonames_city,,https://gesamtkatalogderwiegendrucke.de/docs/GW13360.htm | https://gesamtkatalogderwiegendrucke.de/docs/GW1338820N.htm,Venedig,,locality,,
02119676-current,02119676,02119676,io00069500,io00069500,current_holding,last,2,1,,,"Wien, Österreichische  Nationalbibliothek",Vienna,Vienna,GeoNames,2761369,https://www.geonames.org/2761369,48.20849,16.37208,AT,WienONB,"Wien, Österreichische  Nationalbibliothek",Ink 23.G.3,,,,2026-09-30,current_observation_only,,coordinates_resolved,current_holding_statement,MEI,02119676,https://data.cerl.org/mei/02119676,data/expanded/mei-corpus.json,Observed as the current holding institution; no arrival date is inferred.,,,,,AT,,,source_name_and_country_match,Locality-level point reused from source data; no building location or arrival date inferred.,https://data.cerl.org/mei/02115001,"Wien, Österreichische  Nationalbibliothek",,locality,,
02125438-print,02125438,02125438,io00069500,io00069500,print_place,first,0,1,,,Venedig,Venice,Venice,GeoNames,3164603,https://www.geonames.org/3164603,45.43713,12.33265,,,,Inc.244.3,,,,,gw_date_not_yet_extracted,,coordinates_resolved,edition_level_print_statement,GW,M28063,https://gesamtkatalogderwiegendrucke.de/docs/M28063.htm,data/derived/prayer-book-corpus.csv,Printing statement shared by copies of the edition.,Venedig,,,print_place-venedig,IT,,,verified_geonames_city,,https://gesamtkatalogderwiegendrucke.de/docs/GW13360.htm | https://gesamtkatalogderwiegendrucke.de/docs/GW1338820N.htm,Venedig,,locality,,
02125438-current,02125438,02125438,io00069500,io00069500,current_holding,last,3,1,,,"Edinburgh, National Library of Scotland",Edinburgh,Edinburgh,GeoNames,2650225,https://www.geonames.org/2650225,55.95206,-3.19648,GB,EdinburghNLS,"Edinburgh, National Library of Scotland",Inc.244.3,,,,2026-09-30,current_observation_only,,coordinates_resolved,current_holding_statement,MEI,02125438,https://data.cerl.org/mei/02125438,data/expanded/mei-corpus.json,Observed as the current holding institution; no arrival date is inferred.,,,,,GB,,,source_name_and_country_match,Locality-level point reused from source data; no building location or arrival date inferred.,https://data.cerl.org/mei/02124929,"Edinburgh, National Library of Scotland",,locality,,
00200751-print,00200751,00200751,io00072600,io00072600,print_place,first,0,1,,,Venedig,Venice,Venice,GeoNames,3164603,https://www.geonames.org/3164603,45.43713,12.33265,,,,FOAN TES 682,1494,1494,,,gw_extracted_year_range,,coordinates_resolved,edition_level_print_statement,GW,M0484310,https://gesamtkatalogderwiegendrucke.de/docs/M0484310.htm,data/derived/prayer-book-corpus.csv,Printing statement shared by copies of the edition.,Venedig,,,print_place-venedig,IT,,,verified_geonames_city,,https://gesamtkatalogderwiegendrucke.de/docs/GW13360.htm | https://gesamtkatalogderwiegendrucke.de/docs/GW1338820N.htm,Venedig,,locality,,
00200751-current,00200751,00200751,io00072600,io00072600,current_holding,last,5,1,,,"Venezia, Fondazione Cini",Venice,Venice,GeoNames,3164603,https://www.geonames.org/3164603,45.43713,12.33265,IT,VeneziaFondCini,"Venezia, Fondazione Cini",FOAN TES 682,,,,2026-09-30,current_observation_only,,coordinates_resolved,current_holding_statement,MEI,00200751,https://data.cerl.org/mei/00200751,data/expanded/mei-corpus.json,Observed as the current holding institution; no arrival date is inferred.,,,,,IT,,,source_name_and_country_match,Locality-level point reused from source data; no building location or arrival date inferred.,https://www.geonames.org/3164603,"Venezia, Fondazione Cini",,locality,,
02015299-print,02015299,02015299,ip00079700,ip00079700,print_place,first,0,1,,,Basel,Basel,Basel,GeoNames,2661604,https://www.geonames.org/2661604,47.55839,7.57327,,,,IA.37709,1498,1498,,,gw_extracted_year_range,,coordinates_resolved,edition_level_print_statement,GW,12951,https://gesamtkatalogderwiegendrucke.de/docs/GW12951.htm,data/derived/prayer-book-corpus.csv,Printing statement shared by copies of the edition.,Basel,,,print_place-basel,CH,,,reused_mei_geonames,,https://gesamtkatalogderwiegendrucke.de/docs/GW04168.htm | https://gesamtkatalogderwiegendrucke.de/docs/GW04175.htm,Basel,,locality,,
02015299-current,02015299,02015299,ip00079700,ip00079700,current_holding,last,5,1,,,"London, British Library",London,London,GeoNames,2643743,https://www.geonames.org/2643743,51.50853,-0.12574,GB,LondonBL,"London, British Library",IA.37709,,,,2026-09-30,current_observation_only,,coordinates_resolved,current_holding_statement,MEI,02015299,https://data.cerl.org/mei/02015299,data/expanded/mei-corpus.json,Observed as the current holding institution; no arrival date is inferred.,,,,current_holding-londonbl,GB,,Q23308,cerl_holding_city_to_geonames,"The holding institution is mapped to its city-level GeoNames point, not to building coordinates.",https://data.cerl.org/holdinst/LondonBL,"London, British Library",,locality,,
02100762-print,02100762,02100762,ip01049460,ip01049460,print_place,first,0,1,,,Zwolle,Zwolle,Zwolle,GeoNames,2743477,https://www.geonames.org/2743477,52.5125,6.09444,,,,KW 150 F 5 [1],1491,1492,,,gw_extracted_year_range,,coordinates_resolved,edition_level_print_statement,GW,M38907,https://gesamtkatalogderwiegendrucke.de/docs/M38907.htm,data/derived/prayer-book-corpus.csv,Printing statement shared by copies of the edition.,Zwolle,,,,NL,,,human_review_2026_10_01,Ortszuweisung nach Prüfung durch Stefan Matter (01.10.2026); Kartenpunkt auf Ortsebene.,https://www.geonames.org/2743477,Zwolle,ORT-BB48B66A,locality,,
02100762-current,02100762,02100762,ip01049460,ip01049460,current_holding,last,5,1,,,"Den Haag, Koninklijke Bibliotheek - Nationale Bibliotheek van Nederland",The Hague,The Hague,GeoNames,2747373,https://www.geonames.org/2747373,52.07667,4.29861,NL,NLKB,"Den Haag, Koninklijke Bibliotheek - Nationale Bibliotheek van Nederland",KW 150 F 5 [1],,,,2026-09-30,current_observation_only,,coordinates_resolved,current_holding_statement,MEI,02100762,https://data.cerl.org/mei/02100762,data/expanded/mei-corpus.json,Observed as the current holding institution; no arrival date is inferred.,,,,current_holding-nlkb,NL,,,cerl_holding_city_to_geonames,"The holding institution is mapped to its city-level GeoNames point, not to building coordinates.",https://data.cerl.org/holdinst/NLKB,"Den Haag, Koninklijke Bibliotheek - Nationale Bibliotheek van Nederland",,locality,,
02174458-print,02174458,02174458,ir00318590,ir00318590,print_place,first,0,1,,,Neapel,Naples,Naples,GeoNames,3172394,https://www.geonames.org/3172394,40.85216,14.26811,,,,u MC 3(int.3),1480,1480,,,gw_extracted_year_range,,coordinates_resolved,edition_level_print_statement,GW,M3893050,https://gesamtkatalogderwiegendrucke.de/docs/M3893050.htm,data/derived/prayer-book-corpus.csv,Printing statement shared by copies of the edition.,Neapel,,,print_place-neapel,IT,,,reused_mei_geonames,,https://gesamtkatalogderwiegendrucke.de/docs/GW1333510.htm | https://gesamtkatalogderwiegendrucke.de/docs/GW13337.htm,Neapel,,locality,,
02174458-current,02174458,02174458,ir00318590,ir00318590,current_holding,last,1,1,,,Castroreale Fondo Museo Civico,Castroreale,Castroreale,,,,38.1,15.217,IT,CastrorealeMuseo,Castroreale Fondo Museo Civico,u MC 3(int.3),,,,2026-09-30,current_observation_only,,coordinates_resolved,current_holding_statement,MEI,02174458,https://data.cerl.org/mei/02174458,data/expanded/mei-corpus.json,Observed as the current holding institution; no arrival date is inferred.,,,,,IT,,,human_review_2026_10_01,Ortszuweisung nach Prüfung durch Stefan Matter (01.10.2026); Kartenpunkt auf Ortsebene.,https://en.wikipedia.org/wiki/Castroreale,Castroreale Fondo Museo Civico,ORT-39CC233E,locality,,
02101150-print,02101150,02101150,ir00318850,ir00318850,print_place,first,0,1,,,Antwerpen,Antwerp,Antwerp,GeoNames,2803138,https://www.geonames.org/2803138,51.21989,4.40346,,,,KW 150 F 9,1487,1487,,,gw_extracted_year_range,,coordinates_resolved,edition_level_print_statement,GW,M38886,https://gesamtkatalogderwiegendrucke.de/docs/M38886.htm,data/derived/prayer-book-corpus.csv,Printing statement shared by copies of the edition.,Antwerpen,,,print_place-antwerpen,BE,,,verified_geonames_city,,https://gesamtkatalogderwiegendrucke.de/docs/GW13403.htm,Antwerpen,,locality,,
02101150-current,02101150,02101150,ir00318850,ir00318850,current_holding,last,5,1,,,"Den Haag, Koninklijke Bibliotheek - Nationale Bibliotheek van Nederland",The Hague,The Hague,GeoNames,2747373,https://www.geonames.org/2747373,52.07667,4.29861,NL,NLKB,"Den Haag, Koninklijke Bibliotheek - Nationale Bibliotheek van Nederland",KW 150 F 9,,,,2026-09-30,current_observation_only,,coordinates_resolved,current_holding_statement,MEI,02101150,https://data.cerl.org/mei/02101150,data/expanded/mei-corpus.json,Observed as the current holding institution; no arrival date is inferred.,,,,current_holding-nlkb,NL,,,cerl_holding_city_to_geonames,"The holding institution is mapped to its city-level GeoNames point, not to building coordinates.",https://data.cerl.org/holdinst/NLKB,"Den Haag, Koninklijke Bibliotheek - Nationale Bibliotheek van Nederland",,locality,,
02101636-print,02101636,02101636,ir00359000,ir00359000,print_place,first,0,1,,,Lübeck,Lübeck,Lübeck,GeoNames,2875601,https://www.geonames.org/2875601,53.86893,10.68729,,,,KW 233 F 51,1478,1478,,,gw_extracted_year_range,,coordinates_resolved,edition_level_print_statement,GW,M3918420,https://gesamtkatalogderwiegendrucke.de/docs/M3918420.htm,data/derived/prayer-book-corpus.csv,Printing statement shared by copies of the edition.,Lübeck,,,,DE,,,source_name_and_country_match,Locality-level point reused from source data; no building location or arrival date inferred.,https://data.cerl.org/mei/02130968,Lübeck,,locality,,
02101636-current,02101636,02101636,ir00359000,ir00359000,current_holding,last,3,1,,,"Den Haag, Koninklijke Bibliotheek - Nationale Bibliotheek van Nederland",The Hague,The Hague,GeoNames,2747373,https://www.geonames.org/2747373,52.07667,4.29861,NL,NLKB,"Den Haag, Koninklijke Bibliotheek - Nationale Bibliotheek van Nederland",KW 233 F 51,,,,2026-09-30,current_observation_only,,coordinates_resolved,current_holding_statement,MEI,02101636,https://data.cerl.org/mei/02101636,data/expanded/mei-corpus.json,Observed as the current holding institution; no arrival date is inferred.,,,,current_holding-nlkb,NL,,,cerl_holding_city_to_geonames,"The holding institution is mapped to its city-level GeoNames point, not to building coordinates.",https://data.cerl.org/holdinst/NLKB,"Den Haag, Koninklijke Bibliotheek - Nationale Bibliotheek van Nederland",,locality,,
02139272-print,02139272,02139272,ir00360500,ir00360500,print_place,first,0,1,,,Utrecht,Utrecht,Utrecht,GeoNames,2745912,https://www.geonames.org/2745912,52.09083,5.12222,,,,001 E 068: 02,1480,1480,,,gw_extracted_year_range,,coordinates_resolved,edition_level_print_statement,GW,M39208,https://gesamtkatalogderwiegendrucke.de/docs/M39208.htm,data/derived/prayer-book-corpus.csv,Printing statement shared by copies of the edition.,Utrecht,,,print_place-utrecht,NL,,,verified_geonames_city,,https://gesamtkatalogderwiegendrucke.de/docs/GWM39208.htm,Utrecht,,locality,,
02139272-current,02139272,02139272,ir00360500,ir00360500,current_holding,last,3,1,,,"Den Haag, Huis van het Boek ",The Hague,The Hague,GeoNames,2747373,https://www.geonames.org/2747373,52.07667,4.29861,NL,TheHagueMMW,"Den Haag, Huis van het Boek ",001 E 068: 02,,,,2026-09-23,current_observation_only,,coordinates_resolved,current_holding_statement,MEI,02139272,https://data.cerl.org/mei/02139272,data/expanded/mei-corpus.json,Observed as the current holding institution; no arrival date is inferred.,,,,current_holding-thehaguemmw,NL,,,cerl_holding_city_to_geonames,"The holding institution is mapped to its city-level GeoNames point, not to building coordinates.",https://data.cerl.org/holdinst/TheHagueMMW,"Den Haag, Huis van het Boek ",,locality,,
02101635-print,02101635,02101635,ir00360500,ir00360500,print_place,first,0,1,,,Utrecht,Utrecht,Utrecht,GeoNames,2745912,https://www.geonames.org/2745912,52.09083,5.12222,,,,KW 168 G 42,1480,1480,,,gw_extracted_year_range,,coordinates_resolved,edition_level_print_statement,GW,M39208,https://gesamtkatalogderwiegendrucke.de/docs/M39208.htm,data/derived/prayer-book-corpus.csv,Printing statement shared by copies of the edition.,Utrecht,,,print_place-utrecht,NL,,,verified_geonames_city,,https://gesamtkatalogderwiegendrucke.de/docs/GWM39208.htm,Utrecht,,locality,,
02101635-current,02101635,02101635,ir00360500,ir00360500,current_holding,last,5,1,,,"Den Haag, Koninklijke Bibliotheek - Nationale Bibliotheek van Nederland",The Hague,The Hague,GeoNames,2747373,https://www.geonames.org/2747373,52.07667,4.29861,NL,NLKB,"Den Haag, Koninklijke Bibliotheek - Nationale Bibliotheek van Nederland",KW 168 G 42,,,,2026-09-23,current_observation_only,,coordinates_resolved,current_holding_statement,MEI,02101635,https://data.cerl.org/mei/02101635,data/expanded/mei-corpus.json,Observed as the current holding institution; no arrival date is inferred.,,,,current_holding-nlkb,NL,,,cerl_holding_city_to_geonames,"The holding institution is mapped to its city-level GeoNames point, not to building coordinates.",https://data.cerl.org/holdinst/NLKB,"Den Haag, Koninklijke Bibliotheek - Nationale Bibliotheek van Nederland",,locality,,
02145460-print,02145460,02145460,ir00361000,ir00361000,print_place,first,0,1,,,Gripsholm / Mariefred,Gripsholm / Mariefred,Gripsholm / Mariefred,,,,59.25963,17.223,,,,Inc.4.A.4.15[573],1498,1498,,,gw_extracted_year_range,,coordinates_resolved,edition_level_print_statement,GW,M39205,https://gesamtkatalogderwiegendrucke.de/docs/M39205.htm,data/derived/prayer-book-corpus.csv,Printing statement shared by copies of the edition.,Gripsholm,,,,SE,,,human_review_2026_10_01,Ortszuweisung nach Prüfung durch Stefan Matter (01.10.2026); Kartenpunkt auf Ortsebene.,https://www.geonames.org/search.html?country=SE&q=&startRow=650,Gripsholm,ORT-B049E2FF,locality,,
02145460-current,02145460,02145460,ir00361000,ir00361000,current_holding,last,3,1,,,"Cambridge, University Library",Cambridge,Cambridge,GeoNames,2653941,https://www.geonames.org/2653941,52.2,0.11667,GB,CambridgeUL,"Cambridge, University Library",Inc.4.A.4.15[573],,,,2026-09-30,current_observation_only,,coordinates_resolved,current_holding_statement,MEI,02145460,https://data.cerl.org/mei/02145460,data/expanded/mei-corpus.json,Observed as the current holding institution; no arrival date is inferred.,,,,current_holding-cambridgeul,GB,,Q1028334,cerl_holding_city_to_geonames,"The holding institution is mapped to its city-level GeoNames point, not to building coordinates.",https://data.cerl.org/holdinst/CambridgeUL,"Cambridge, University Library",,locality,,
02147105-print,02147105,02147105,ir00361000,ir00361000,print_place,first,0,1,,,Gripsholm / Mariefred,Gripsholm / Mariefred,Gripsholm / Mariefred,,,,59.25963,17.223,,,,1825,1498,1498,,,gw_extracted_year_range,,coordinates_resolved,edition_level_print_statement,GW,M39205,https://gesamtkatalogderwiegendrucke.de/docs/M39205.htm,data/derived/prayer-book-corpus.csv,Printing statement shared by copies of the edition.,Gripsholm,,,,SE,,,human_review_2026_10_01,Ortszuweisung nach Prüfung durch Stefan Matter (01.10.2026); Kartenpunkt auf Ortsebene.,https://www.geonames.org/search.html?country=SE&q=&startRow=650,Gripsholm,ORT-B049E2FF,locality,,
02147105-current,02147105,02147105,ir00361000,ir00361000,current_holding,last,3,1,,,"Zamość, Cathedral Library ",Zamość,Zamość,GeoNames,753866,https://www.geonames.org/753866,50.72314,23.25196,PL,ZamoscKap,"Zamość, Cathedral Library ",1825,,,,2026-09-30,current_observation_only,,coordinates_resolved,current_holding_statement,MEI,02147105,https://data.cerl.org/mei/02147105,data/expanded/mei-corpus.json,Observed as the current holding institution; no arrival date is inferred.,,,,,PL,,,source_name_and_country_match,Locality-level point reused from source data; no building location or arrival date inferred.,https://data.cerl.org/mei/02147105,"Zamość, Cathedral Library ",,locality,,
00561813-print,00561813,00561813,ir00361900,ir00361900,print_place,first,0,1,,,Augsburg,Augsburg,Augsburg,GeoNames,2954172,https://www.geonames.org/2954172,48.37154,10.89851,,,,Inc.5.A.6.5[809],1492,1492,,,gw_extracted_year_range,,coordinates_resolved,edition_level_print_statement,GW,M39192,https://gesamtkatalogderwiegendrucke.de/docs/M39192.htm,data/derived/prayer-book-corpus.csv,Printing statement shared by copies of the edition.,Augsburg,,,,DE,,,source_name_and_country_match,Locality-level point reused from source data; no building location or arrival date inferred.,https://data.cerl.org/mei/02003758,Augsburg,,locality,,
00561813-current,00561813,00561813,ir00361900,ir00361900,current_holding,last,8,1,,,"Cambridge, University Library",Cambridge,Cambridge,GeoNames,2653941,https://www.geonames.org/2653941,52.2,0.11667,GB,CambridgeUL,"Cambridge, University Library",Inc.5.A.6.5[809],,,,2026-09-30,current_observation_only,,coordinates_resolved,current_holding_statement,MEI,00561813,https://data.cerl.org/mei/00561813,data/expanded/mei-corpus.json,Observed as the current holding institution; no arrival date is inferred.,,,,current_holding-cambridgeul,GB,,Q1028334,cerl_holding_city_to_geonames,"The holding institution is mapped to its city-level GeoNames point, not to building coordinates.",https://data.cerl.org/holdinst/CambridgeUL,"Cambridge, University Library",,locality,,
00561814-print,00561814,00561814,ir00361900,ir00361900,print_place,first,0,1,,,Augsburg,Augsburg,Augsburg,GeoNames,2954172,https://www.geonames.org/2954172,48.37154,10.89851,,,,Inc.5.A.6.5[810],1492,1492,,,gw_extracted_year_range,,coordinates_resolved,edition_level_print_statement,GW,M39192,https://gesamtkatalogderwiegendrucke.de/docs/M39192.htm,data/derived/prayer-book-corpus.csv,Printing statement shared by copies of the edition.,Augsburg,,,,DE,,,source_name_and_country_match,Locality-level point reused from source data; no building location or arrival date inferred.,https://data.cerl.org/mei/02003758,Augsburg,,locality,,
00561814-current,00561814,00561814,ir00361900,ir00361900,current_holding,last,2,1,,,"Cambridge, University Library",Cambridge,Cambridge,GeoNames,2653941,https://www.geonames.org/2653941,52.2,0.11667,GB,CambridgeUL,"Cambridge, University Library",Inc.5.A.6.5[810],,,,2026-09-30,current_observation_only,,coordinates_resolved,current_holding_statement,MEI,00561814,https://data.cerl.org/mei/00561814,data/expanded/mei-corpus.json,Observed as the current holding institution; no arrival date is inferred.,,,,current_holding-cambridgeul,GB,,Q1028334,cerl_holding_city_to_geonames,"The holding institution is mapped to its city-level GeoNames point, not to building coordinates.",https://data.cerl.org/holdinst/CambridgeUL,"Cambridge, University Library",,locality,,
02107275-print,02107275,02107275,ir00362900,ir00362900,print_place,first,0,1,,,Ulm,Ulm,Ulm,GeoNames,2820256,https://www.geonames.org/2820256,48.39841,9.99155,,,,Ink 14.G.18,1492,1492,,,gw_extracted_year_range,,coordinates_resolved,edition_level_print_statement,GW,M39200,https://gesamtkatalogderwiegendrucke.de/docs/M39200.htm,data/derived/prayer-book-corpus.csv,Printing statement shared by copies of the edition.,Ulm,,,,DE,,,source_name_and_country_match,Locality-level point reused from source data; no building location or arrival date inferred.,https://www.geonames.org/2820256,Ulm,,locality,,
02107275-current,02107275,02107275,ir00362900,ir00362900,current_holding,last,2,1,,,"Wien, Österreichische  Nationalbibliothek",Vienna,Vienna,GeoNames,2761369,https://www.geonames.org/2761369,48.20849,16.37208,AT,WienONB,"Wien, Österreichische  Nationalbibliothek",Ink 14.G.18,,,,2026-09-30,current_observation_only,,coordinates_resolved,current_holding_statement,MEI,02107275,https://data.cerl.org/mei/02107275,data/expanded/mei-corpus.json,Observed as the current holding institution; no arrival date is inferred.,,,,,AT,,,source_name_and_country_match,Locality-level point reused from source data; no building location or arrival date inferred.,https://data.cerl.org/mei/02115001,"Wien, Österreichische  Nationalbibliothek",,locality,,
02107276-print,02107276,02107276,ir00363100,ir00363100,print_place,first,0,1,,,Augsburg,Augsburg,Augsburg,GeoNames,2954172,https://www.geonames.org/2954172,48.37154,10.89851,,,,Ink 7.H.107,1495,1495,,,gw_extracted_year_range,,coordinates_resolved,edition_level_print_statement,GW,M39194,https://gesamtkatalogderwiegendrucke.de/docs/M39194.htm,data/derived/prayer-book-corpus.csv,Printing statement shared by copies of the edition.,Augsburg,,,,DE,,,source_name_and_country_match,Locality-level point reused from source data; no building location or arrival date inferred.,https://data.cerl.org/mei/02003758,Augsburg,,locality,,
02107276-current,02107276,02107276,ir00363100,ir00363100,current_holding,last,2,1,,,"Wien, Österreichische  Nationalbibliothek",Vienna,Vienna,GeoNames,2761369,https://www.geonames.org/2761369,48.20849,16.37208,AT,WienONB,"Wien, Österreichische  Nationalbibliothek",Ink 7.H.107,,,,2026-09-30,current_observation_only,,coordinates_resolved,current_holding_statement,MEI,02107276,https://data.cerl.org/mei/02107276,data/expanded/mei-corpus.json,Observed as the current holding institution; no arrival date is inferred.,,,,,AT,,,source_name_and_country_match,Locality-level point reused from source data; no building location or arrival date inferred.,https://data.cerl.org/mei/02115001,"Wien, Österreichische  Nationalbibliothek",,locality,,
02117615-print,02117615,02117615,is00362000,is00362000,print_place,first,0,1,,,Nürnberg,Nuremberg,Nuremberg,GeoNames,2861650,https://www.geonames.org/2861650,49.45421,11.07752,,,,Ink 6.F.5,1473,1473,,,gw_extracted_year_range,,coordinates_resolved,edition_level_print_statement,GW,M41175,https://gesamtkatalogderwiegendrucke.de/docs/M41175.htm,data/derived/prayer-book-corpus.csv,Printing statement shared by copies of the edition.,Nürnberg,,,,DE,,,source_name_and_country_match,Locality-level point reused from source data; no building location or arrival date inferred.,https://www.geonames.org/2861650,Nürnberg,,locality,,
02117615-current,02117615,02117615,is00362000,is00362000,current_holding,last,2,1,,,"Wien, Österreichische  Nationalbibliothek",Vienna,Vienna,GeoNames,2761369,https://www.geonames.org/2761369,48.20849,16.37208,AT,WienONB,"Wien, Österreichische  Nationalbibliothek",Ink 6.F.5,,,,2026-09-30,current_observation_only,,coordinates_resolved,current_holding_statement,MEI,02117615,https://data.cerl.org/mei/02117615,data/expanded/mei-corpus.json,Observed as the current holding institution; no arrival date is inferred.,,,,,AT,,,source_name_and_country_match,Locality-level point reused from source data; no building location or arrival date inferred.,https://data.cerl.org/mei/02115001,"Wien, Österreichische  Nationalbibliothek",,locality,,
02125583-print,02125583,02125583,is00362000,is00362000,print_place,first,0,1,,,Nürnberg,Nuremberg,Nuremberg,GeoNames,2861650,https://www.geonames.org/2861650,49.45421,11.07752,,,,Inc 2127,1473,1473,,,gw_extracted_year_range,,coordinates_resolved,edition_level_print_statement,GW,M41175,https://gesamtkatalogderwiegendrucke.de/docs/M41175.htm,data/derived/prayer-book-corpus.csv,Printing statement shared by copies of the edition.,Nürnberg,,,,DE,,,source_name_and_country_match,Locality-level point reused from source data; no building location or arrival date inferred.,https://www.geonames.org/2861650,Nürnberg,,locality,,
02125583-current,02125583,02125583,is00362000,is00362000,current_holding,last,6,1,,,"Cambridge MA, Harvard University, Houghton Library",Cambridge (Massachusetts),Cambridge (Massachusetts),GeoNames,4931972,https://www.geonames.org/4931972,42.37510,-71.10561,US,HarvardHoughton,"Cambridge MA, Harvard University, Houghton Library",Inc 2127,,,,2026-09-30,current_observation_only,,coordinates_resolved,current_holding_statement,MEI,02125583,https://data.cerl.org/mei/02125583,data/expanded/mei-corpus.json,Observed as the current holding institution; no arrival date is inferred.,,,,current_holding-harvardhoughton,US,Q49111,,cerl_holding_city_to_geonames,"The holding institution is mapped to its city-level GeoNames point, not to building coordinates.",https://data.cerl.org/holdinst/HarvardHoughton,"Cambridge MA, Harvard University, Houghton Library",,locality,,
02178425-print,02178425,02178425,is00362000,is00362000,print_place,first,0,1,,,Nürnberg,Nuremberg,Nuremberg,GeoNames,2861650,https://www.geonames.org/2861650,49.45421,11.07752,,,,Slg: N 16,1473,1473,,,gw_extracted_year_range,,coordinates_resolved,edition_level_print_statement,GW,M41175,https://gesamtkatalogderwiegendrucke.de/docs/M41175.htm,data/derived/prayer-book-corpus.csv,Printing statement shared by copies of the edition.,Nürnberg,,,,DE,,,source_name_and_country_match,Locality-level point reused from source data; no building location or arrival date inferred.,https://www.geonames.org/2861650,Nürnberg,,locality,,
02178425-current,02178425,02178425,is00362000,is00362000,current_holding,last,6,1,,,"Nürnberg, Germanisches Nationalmuseum, Bibliothek",Nuremberg,Nuremberg,GeoNames,2861650,https://www.geonames.org/2861650,49.45421,11.07752,DE,NueGN,"Nürnberg, Germanisches Nationalmuseum, Bibliothek",Slg: N 16,,,,2026-09-30,current_observation_only,,coordinates_resolved,current_holding_statement,MEI,02178425,https://data.cerl.org/mei/02178425,data/expanded/mei-corpus.json,Observed as the current holding institution; no arrival date is inferred.,,,,,DE,,,source_name_and_country_match,Locality-level point reused from source data; no building location or arrival date inferred.,https://www.geonames.org/2861650,"Nürnberg, Germanisches Nationalmuseum, Bibliothek",,locality,,
02119147-print,02119147,02119147,is00363000,is00363000,print_place,first,0,1,,,Nürnberg,Nuremberg,Nuremberg,GeoNames,2861650,https://www.geonames.org/2861650,49.45421,11.07752,,,,Ink 6.F.8,1474,1474,,,gw_extracted_year_range,,coordinates_resolved,edition_level_print_statement,GW,M41177,https://gesamtkatalogderwiegendrucke.de/docs/M41177.htm,data/derived/prayer-book-corpus.csv,Printing statement shared by copies of the edition.,Nürnberg,,,,DE,,,source_name_and_country_match,Locality-level point reused from source data; no building location or arrival date inferred.,https://www.geonames.org/2861650,Nürnberg,,locality,,
02119147-current,02119147,02119147,is00363000,is00363000,current_holding,last,2,1,,,"Wien, Österreichische  Nationalbibliothek",Vienna,Vienna,GeoNames,2761369,https://www.geonames.org/2761369,48.20849,16.37208,AT,WienONB,"Wien, Österreichische  Nationalbibliothek",Ink 6.F.8,,,,2026-09-30,current_observation_only,,coordinates_resolved,current_holding_statement,MEI,02119147,https://data.cerl.org/mei/02119147,data/expanded/mei-corpus.json,Observed as the current holding institution; no arrival date is inferred.,,,,,AT,,,source_name_and_country_match,Locality-level point reused from source data; no building location or arrival date inferred.,https://data.cerl.org/mei/02115001,"Wien, Österreichische  Nationalbibliothek",,locality,,
02174836-print,02174836,02174836,is00363000,is00363000,print_place,first,0,1,,,Nürnberg,Nuremberg,Nuremberg,GeoNames,2861650,https://www.geonames.org/2861650,49.45421,11.07752,,,,DQ IV 19/2,1474,1474,,,gw_extracted_year_range,,coordinates_resolved,edition_level_print_statement,GW,M41177,https://gesamtkatalogderwiegendrucke.de/docs/M41177.htm,data/derived/prayer-book-corpus.csv,Printing statement shared by copies of the edition.,Nürnberg,,,,DE,,,source_name_and_country_match,Locality-level point reused from source data; no building location or arrival date inferred.,https://www.geonames.org/2861650,Nürnberg,,locality,,
02174836-current,02174836,02174836,is00363000,is00363000,current_holding,last,4,1,,,"Praha, Strahovský klášter",Prag,Prag,GeoNames,3067696,https://www.geonames.org/3067696,50.08804,14.42076,CZ,PragueStrahov,"Praha, Strahovský klášter",DQ IV 19/2,,,,2026-09-30,current_observation_only,,coordinates_resolved,current_holding_statement,MEI,02174836,https://data.cerl.org/mei/02174836,data/expanded/mei-corpus.json,Observed as the current holding institution; no arrival date is inferred.,,,,,CZ,,,human_review_2026_10_01,Ortszuweisung nach Prüfung durch Stefan Matter (01.10.2026); Kartenpunkt auf Ortsebene.,https://www.geonames.org/3067696,"Praha, Strahovský klášter",ORT-108CFF82,locality,,
02174835-print,02174835,02174835,is00363000,is00363000,print_place,first,0,1,,,Nürnberg,Nuremberg,Nuremberg,GeoNames,2861650,https://www.geonames.org/2861650,49.45421,11.07752,,,,DQ IV 19/2,1474,1474,,,gw_extracted_year_range,,coordinates_resolved,edition_level_print_statement,GW,M41177,https://gesamtkatalogderwiegendrucke.de/docs/M41177.htm,data/derived/prayer-book-corpus.csv,Printing statement shared by copies of the edition.,Nürnberg,,,,DE,,,source_name_and_country_match,Locality-level point reused from source data; no building location or arrival date inferred.,https://www.geonames.org/2861650,Nürnberg,,locality,,
02174835-current,02174835,02174835,is00363000,is00363000,current_holding,last,4,1,,,"Praha, Strahovský klášter",Prag,Prag,GeoNames,3067696,https://www.geonames.org/3067696,50.08804,14.42076,CZ,PragueStrahov,"Praha, Strahovský klášter",DQ IV 19/2,,,,2026-09-30,current_observation_only,,coordinates_resolved,current_holding_statement,MEI,02174835,https://data.cerl.org/mei/02174835,data/expanded/mei-corpus.json,Observed as the current holding institution; no arrival date is inferred.,,,,,CZ,,,human_review_2026_10_01,Ortszuweisung nach Prüfung durch Stefan Matter (01.10.2026); Kartenpunkt auf Ortsebene.,https://www.geonames.org/3067696,"Praha, Strahovský klášter",ORT-108CFF82,locality,,
02178424-print,02178424,02178424,is00364000,is00364000,print_place,first,0,1,,,Ulm,Ulm,Ulm,GeoNames,2820256,https://www.geonames.org/2820256,48.39841,9.99155,,,,Inc. 4° 5834,1483,1483,,,gw_extracted_year_range,,coordinates_resolved,edition_level_print_statement,GW,M41167,https://gesamtkatalogderwiegendrucke.de/docs/M41167.htm,data/derived/prayer-book-corpus.csv,Printing statement shared by copies of the edition.,Ulm,,,,DE,,,source_name_and_country_match,Locality-level point reused from source data; no building location or arrival date inferred.,https://www.geonames.org/2820256,Ulm,,locality,,
02178424-current,02178424,02178424,is00364000,is00364000,current_holding,last,6,1,,,"Nürnberg, Germanisches Nationalmuseum, Bibliothek",Nuremberg,Nuremberg,GeoNames,2861650,https://www.geonames.org/2861650,49.45421,11.07752,DE,NueGN,"Nürnberg, Germanisches Nationalmuseum, Bibliothek",Inc. 4° 5834,,,,2026-09-30,current_observation_only,,coordinates_resolved,current_holding_statement,MEI,02178424,https://data.cerl.org/mei/02178424,data/expanded/mei-corpus.json,Observed as the current holding institution; no arrival date is inferred.,,,,,DE,,,source_name_and_country_match,Locality-level point reused from source data; no building location or arrival date inferred.,https://www.geonames.org/2861650,"Nürnberg, Germanisches Nationalmuseum, Bibliothek",,locality,,
02119146-print,02119146,02119146,is00365000,is00365000,print_place,first,0,1,,,Ulm,Ulm,Ulm,GeoNames,2820256,https://www.geonames.org/2820256,48.39841,9.99155,,,,Ink 23.E.28,1483,1483,,,gw_extracted_year_range,,coordinates_resolved,edition_level_print_statement,GW,M41170,https://gesamtkatalogderwiegendrucke.de/docs/M41170.htm,data/derived/prayer-book-corpus.csv,Printing statement shared by copies of the edition.,Ulm,,,,DE,,,source_name_and_country_match,Locality-level point reused from source data; no building location or arrival date inferred.,https://www.geonames.org/2820256,Ulm,,locality,,
02119146-current,02119146,02119146,is00365000,is00365000,current_holding,last,2,1,,,"Wien, Österreichische  Nationalbibliothek",Vienna,Vienna,GeoNames,2761369,https://www.geonames.org/2761369,48.20849,16.37208,AT,WienONB,"Wien, Österreichische  Nationalbibliothek",Ink 23.E.28,,,,2026-09-30,current_observation_only,,coordinates_resolved,current_holding_statement,MEI,02119146,https://data.cerl.org/mei/02119146,data/expanded/mei-corpus.json,Observed as the current holding institution; no arrival date is inferred.,,,,,AT,,,source_name_and_country_match,Locality-level point reused from source data; no building location or arrival date inferred.,https://data.cerl.org/mei/02115001,"Wien, Österreichische  Nationalbibliothek",,locality,,
02133601-print,02133601,02133601,is00365000,is00365000,print_place,first,0,1,,,Ulm,Ulm,Ulm,GeoNames,2820256,https://www.geonames.org/2820256,48.39841,9.99155,,,,ZBS Rar 196,1483,1483,,,gw_extracted_year_range,,coordinates_resolved,edition_level_print_statement,GW,M41170,https://gesamtkatalogderwiegendrucke.de/docs/M41170.htm,data/derived/prayer-book-corpus.csv,Printing statement shared by copies of the edition.,Ulm,,,,DE,,,source_name_and_country_match,Locality-level point reused from source data; no building location or arrival date inferred.,https://www.geonames.org/2820256,Ulm,,locality,,
02133601-current,02133601,02133601,is00365000,is00365000,current_holding,last,3,1,,,"Solothurn, Zentralbibliothek ",Solothurn,Solothurn,GeoNames,2658564,https://www.geonames.org/2658564,47.20791,7.53714,CH,SolothurnZB,"Solothurn, Zentralbibliothek ",ZBS Rar 196,,,,2026-09-30,current_observation_only,,coordinates_resolved,current_holding_statement,MEI,02133601,https://data.cerl.org/mei/02133601,data/expanded/mei-corpus.json,Observed as the current holding institution; no arrival date is inferred.,,,,current_holding-solothurnzb,CH,,,cerl_holding_city_to_geonames,"The holding institution is mapped to its city-level GeoNames point, not to building coordinates.",https://data.cerl.org/holdinst/SolothurnZB,"Solothurn, Zentralbibliothek ",,locality,,
02119145-print,02119145,02119145,is00366000,is00366000,print_place,first,0,1,,,Augsburg,Augsburg,Augsburg,GeoNames,2954172,https://www.geonames.org/2954172,48.37154,10.89851,,,,Ink 13.F.17,1484,1484,,,gw_extracted_year_range,,coordinates_resolved,edition_level_print_statement,GW,M41162,https://gesamtkatalogderwiegendrucke.de/docs/M41162.htm,data/derived/prayer-book-corpus.csv,Printing statement shared by copies of the edition.,Augsburg,,,,DE,,,source_name_and_country_match,Locality-level point reused from source data; no building location or arrival date inferred.,https://data.cerl.org/mei/02003758,Augsburg,,locality,,
02119145-current,02119145,02119145,is00366000,is00366000,current_holding,last,2,1,,,"Wien, Österreichische  Nationalbibliothek",Vienna,Vienna,GeoNames,2761369,https://www.geonames.org/2761369,48.20849,16.37208,AT,WienONB,"Wien, Österreichische  Nationalbibliothek",Ink 13.F.17,,,,2026-09-30,current_observation_only,,coordinates_resolved,current_holding_statement,MEI,02119145,https://data.cerl.org/mei/02119145,data/expanded/mei-corpus.json,Observed as the current holding institution; no arrival date is inferred.,,,,,AT,,,source_name_and_country_match,Locality-level point reused from source data; no building location or arrival date inferred.,https://data.cerl.org/mei/02115001,"Wien, Österreichische  Nationalbibliothek",,locality,,
00570483-print,00570483,00570483,is00366200,is00366200,print_place,first,0,1,,,Augsburg,Augsburg,Augsburg,GeoNames,2954172,https://www.geonames.org/2954172,48.37154,10.89851,,,,2.109,1488,1488,,,gw_extracted_year_range,,coordinates_resolved,edition_level_print_statement,GW,M41163,https://gesamtkatalogderwiegendrucke.de/docs/M41163.htm,data/derived/prayer-book-corpus.csv,Printing statement shared by copies of the edition.,Augsburg,,,,DE,,,source_name_and_country_match,Locality-level point reused from source data; no building location or arrival date inferred.,https://data.cerl.org/mei/02003758,Augsburg,,locality,,
00570483-current,00570483,00570483,is00366200,is00366200,current_holding,last,4,1,,,"Zürich, Zentralbibliothek",Zurich,Zurich,GeoNames,2657896,https://www.geonames.org/2657896,47.36667,8.55,CH,ZurichZB,"Zürich, Zentralbibliothek",2.109,,,,2026-09-30,current_observation_only,,coordinates_resolved,current_holding_statement,MEI,00570483,https://data.cerl.org/mei/00570483,data/expanded/mei-corpus.json,Observed as the current holding institution; no arrival date is inferred.,,,,current_holding-zurichzb,CH,,Q190260,cerl_holding_city_to_geonames,"The holding institution is mapped to its city-level GeoNames point, not to building coordinates.",https://data.cerl.org/holdinst/ZurichZB,"Zürich, Zentralbibliothek",,locality,,
02137129-print,02137129,02137129,is00366250,is00366250,print_place,first,0,1,,,Ulm,Ulm,Ulm,GeoNames,2820256,https://www.geonames.org/2820256,48.39841,9.99155,,,,in: Gb 473.2,1488,1488,,,gw_extracted_year_range,,coordinates_resolved,edition_level_print_statement,GW,M41173,https://gesamtkatalogderwiegendrucke.de/docs/M41173.htm,data/derived/prayer-book-corpus.csv,Printing statement shared by copies of the edition.,Ulm,,,,DE,,,source_name_and_country_match,Locality-level point reused from source data; no building location or arrival date inferred.,https://www.geonames.org/2820256,Ulm,,locality,,
02137129-p001-loc01,02137129,02137129,is00366250,is00366250,provenance_place,intermediate,1,1,02137129-p001,02137129-p001-loc01,Tübingen,Tübingen,Tübingen,GeoNames,2820860,https://www.geonames.org/2820860,48.52266,9.05222,,,,in: Gb 473.2,,,,,undated,,coordinates_resolved,copy_level_provenance_place,MEI,02137129-p001,https://data.cerl.org/mei/02137129,data/expanded/mei-corpus.json,,Tübingen,,,provenance_place-tuebingen,DE,Q3806,,verified_geonames_city,,https://data.cerl.org/mei/02135612,Tübingen,,locality,,
02137129-current,02137129,02137129,is00366250,is00366250,current_holding,last,2,1,,,"Tübingen, Universitätsbibliothek",Tübingen,Tübingen,GeoNames,2820860,https://www.geonames.org/2820860,48.52266,9.05222,DE,TubingenUB,"Tübingen, Universitätsbibliothek",in: Gb 473.2,,,,2026-09-30,current_observation_only,,coordinates_resolved,current_holding_statement,MEI,02137129,https://data.cerl.org/mei/02137129,data/expanded/mei-corpus.json,Observed as the current holding institution; no arrival date is inferred.,,,,current_holding-tubingenub,DE,Q3806,Q2496347,cerl_holding_city_to_geonames,"The holding institution is mapped to its city-level GeoNames point, not to building coordinates.",https://data.cerl.org/holdinst/TubingenUB,"Tübingen, Universitätsbibliothek",,locality,,
02137128-print,02137128,02137128,is00366250,is00366250,print_place,first,0,1,,,Ulm,Ulm,Ulm,GeoNames,2820256,https://www.geonames.org/2820256,48.39841,9.99155,,,,1 in: Gb 508.4,1488,1488,,,gw_extracted_year_range,,coordinates_resolved,edition_level_print_statement,GW,M41173,https://gesamtkatalogderwiegendrucke.de/docs/M41173.htm,data/derived/prayer-book-corpus.csv,Printing statement shared by copies of the edition.,Ulm,,,,DE,,,source_name_and_country_match,Locality-level point reused from source data; no building location or arrival date inferred.,https://www.geonames.org/2820256,Ulm,,locality,,
02137128-p002-loc01,02137128,02137128,is00366250,is00366250,provenance_place,intermediate,2,1,02137128-p002,02137128-p002-loc01,Tübingen,Tübingen,Tübingen,GeoNames,2820860,https://www.geonames.org/2820860,48.52266,9.05222,,,,1 in: Gb 508.4,,,,,undated,,coordinates_resolved,copy_level_provenance_place,MEI,02137128-p002,https://data.cerl.org/mei/02137128,data/expanded/mei-corpus.json,,Tübingen,,,provenance_place-tuebingen,DE,Q3806,,verified_geonames_city,,https://data.cerl.org/mei/02135612,Tübingen,,locality,,
02137128-p003-loc01,02137128,02137128,is00366250,is00366250,provenance_place,intermediate,3,1,02137128-p003,02137128-p003-loc01,Einbände (ohne Nachweis),Einbände (ohne Nachweis),,,,,,,,,,1 in: Gb 508.4,,,,,undated,,non_geographic,copy_level_provenance_place,MEI,02137128-p003,https://data.cerl.org/mei/02137128,data/expanded/mei-corpus.json,,Einbände (ohne Nachweis),,,,,,,unresolved,,,Einbände (ohne Nachweis),,,,
02137128-p004-loc01,02137128,02137128,is00366250,is00366250,provenance_place,intermediate,4,1,02137128-p004,02137128-p004-loc01,Tübingen,Tübingen,Tübingen,GeoNames,2820860,https://www.geonames.org/2820860,48.52266,9.05222,,,,1 in: Gb 508.4,,,,,undated,,coordinates_resolved,copy_level_provenance_place,MEI,02137128-p004,https://data.cerl.org/mei/02137128,data/expanded/mei-corpus.json,,Tübingen,,,provenance_place-tuebingen,DE,Q3806,,verified_geonames_city,,https://data.cerl.org/mei/02135612,Tübingen,,locality,,
02137128-current,02137128,02137128,is00366250,is00366250,current_holding,last,5,1,,,"Tübingen, Universitätsbibliothek",Tübingen,Tübingen,GeoNames,2820860,https://www.geonames.org/2820860,48.52266,9.05222,DE,TubingenUB,"Tübingen, Universitätsbibliothek",1 in: Gb 508.4,,,,2026-09-30,current_observation_only,,coordinates_resolved,current_holding_statement,MEI,02137128,https://data.cerl.org/mei/02137128,data/expanded/mei-corpus.json,Observed as the current holding institution; no arrival date is inferred.,,,,current_holding-tubingenub,DE,Q3806,Q2496347,cerl_holding_city_to_geonames,"The holding institution is mapped to its city-level GeoNames point, not to building coordinates.",https://data.cerl.org/holdinst/TubingenUB,"Tübingen, Universitätsbibliothek",,locality,,
