station_id,mei_id,copy_id,requested_istc_id,host_istc_id,station_type,station_role,source_order,place_order_within_source,provenance_id,place_occurrence_id,location_label,place_name,preferred_placename,place_authority,place_authority_id,place_authority_url,latitude,longitude,country,institution_id,institution_name,shelfmark,time_start,time_end,centuries,observation_date,date_status,certainty,location_resolution_status,evidence_status,source_catalogue,source_record_id,source_url,source_snapshot,note
00559195-print,00559195,00559195,ib00503000,ib00503000,print_place,first,0,1,,,Köln,Köln,,,,,,,,,,Inc.7.A.4.1[343],1488,1488,,,gw_extracted_year_range,,place_name_not_yet_geocoded,edition_level_print_statement,GW,04172,https://gesamtkatalogderwiegendrucke.de/docs/GW04172.htm,data/derived/prayer-book-corpus.csv,Printing statement shared by copies of the edition.
00559195-p001-loc01,00559195,00559195,ib00503000,ib00503000,provenance_place,intermediate,1,1,00559195-p001,00559195-p001-loc01,Cambridge,Cambridge,Cambridge,GeoNames,2653941,https://www.geonames.org/2653941,52.2,0.11667,United Kingdom,,,Inc.7.A.4.1[343],,,,,undated,a,coordinates_supplied,copy_level_provenance_place,MEI,00559195-p001,https://data.cerl.org/mei/00559195,data/expanded/mei-corpus.json,
00559195-current,00559195,00559195,ib00503000,ib00503000,current_holding,last,2,1,,,"Cambridge, University Library",,,,,,,,GB,CambridgeUL,"Cambridge, University Library",Inc.7.A.4.1[343],,,,2026-09-23,current_observation_only,,holding_institution_not_yet_geocoded,current_holding_statement,MEI,00559195,https://data.cerl.org/mei/00559195,data/expanded/mei-corpus.json,Observed as the current holding institution; no arrival date is inferred.
02010644-print,02010644,02010644,ib00503000,ib00503000,print_place,first,0,1,,,Köln,Köln,,,,,,,,,,[ZZ] 1488.4.01,1488,1488,,,gw_extracted_year_range,,place_name_not_yet_geocoded,edition_level_print_statement,GW,04172,https://gesamtkatalogderwiegendrucke.de/docs/GW04172.htm,data/derived/prayer-book-corpus.csv,Printing statement shared by copies of the edition.
02010644-p003-loc01,02010644,02010644,ib00503000,ib00503000,provenance_place,intermediate,3,1,02010644-p003,02010644-p003-loc01,London,London,London,GeoNames,2643743,https://www.geonames.org/2643743,51.50853,-0.12574,United Kingdom,,,[ZZ] 1488.4.01,,1604,15 | 16 | 17,,mei_timeperiod,a,coordinates_supplied,copy_level_provenance_place,MEI,02010644-p003,https://data.cerl.org/mei/02010644,data/expanded/mei-corpus.json,
02010644-p004-loc01,02010644,02010644,ib00503000,ib00503000,provenance_place,intermediate,4,1,02010644-p004,02010644-p004-loc01,London,London,London,GeoNames,2643743,https://www.geonames.org/2643743,51.50853,-0.12574,United Kingdom,,,[ZZ] 1488.4.01,1604,1610,17,,mei_timeperiod,a,coordinates_supplied,copy_level_provenance_place,MEI,02010644-p004,https://data.cerl.org/mei/02010644,data/expanded/mei-corpus.json,
02010644-p005-loc01,02010644,02010644,ib00503000,ib00503000,provenance_place,intermediate,5,1,02010644-p005,02010644-p005-loc01,London,London,London,GeoNames,2643743,https://www.geonames.org/2643743,51.50853,-0.12574,United Kingdom,,,[ZZ] 1488.4.01,1610,,17,,mei_timeperiod,a,coordinates_supplied,copy_level_provenance_place,MEI,02010644-p005,https://data.cerl.org/mei/02010644,data/expanded/mei-corpus.json,
02010644-p006-loc01,02010644,02010644,ib00503000,ib00503000,provenance_place,intermediate,6,1,02010644-p006,02010644-p006-loc01,Cambridge,Cambridge,Cambridge,GeoNames,2653941,https://www.geonames.org/2653941,52.2,0.11667,United Kingdom,,,[ZZ] 1488.4.01,,1664,17,,mei_timeperiod,a,coordinates_supplied,copy_level_provenance_place,MEI,02010644-p006,https://data.cerl.org/mei/02010644,data/expanded/mei-corpus.json,
02010644-p007-loc01,02010644,02010644,ib00503000,ib00503000,provenance_place,intermediate,7,1,02010644-p007,02010644-p007-loc01,London,London,London,GeoNames,2643743,https://www.geonames.org/2643743,51.50853,-0.12574,United Kingdom,,,[ZZ] 1488.4.01,1664,,17,,mei_timeperiod,a,coordinates_supplied,copy_level_provenance_place,MEI,02010644-p007,https://data.cerl.org/mei/02010644,data/expanded/mei-corpus.json,
02010644-current,02010644,02010644,ib00503000,ib00503000,current_holding,last,8,1,,,"London, Lambeth Palace Library",,,,,,,,GB,LondonLambeth,"London, Lambeth Palace Library",[ZZ] 1488.4.01,,,,2026-09-23,current_observation_only,,holding_institution_not_yet_geocoded,current_holding_statement,MEI,02010644,https://data.cerl.org/mei/02010644,data/expanded/mei-corpus.json,Observed as the current holding institution; no arrival date is inferred.
00559194-print,00559194,00559194,ib00503000,ib00503000,print_place,first,0,1,,,Köln,Köln,,,,,,,,,,Inc.7.A.4.1[342],1488,1488,,,gw_extracted_year_range,,place_name_not_yet_geocoded,edition_level_print_statement,GW,04172,https://gesamtkatalogderwiegendrucke.de/docs/GW04172.htm,data/derived/prayer-book-corpus.csv,Printing statement shared by copies of the edition.
00559194-p002-loc01,00559194,00559194,ib00503000,ib00503000,provenance_place,intermediate,2,1,00559194-p002,00559194-p002-loc01,Cambridge,Cambridge,Cambridge,GeoNames,2653941,https://www.geonames.org/2653941,52.2,0.11667,United Kingdom,,,Inc.7.A.4.1[342],,,,,undated,a,coordinates_supplied,copy_level_provenance_place,MEI,00559194-p002,https://data.cerl.org/mei/00559194,data/expanded/mei-corpus.json,
00559194-current,00559194,00559194,ib00503000,ib00503000,current_holding,last,3,1,,,"Cambridge, University Library",,,,,,,,GB,CambridgeUL,"Cambridge, University Library",Inc.7.A.4.1[342],,,,2026-09-23,current_observation_only,,holding_institution_not_yet_geocoded,current_holding_statement,MEI,00559194,https://data.cerl.org/mei/00559194,data/expanded/mei-corpus.json,Observed as the current holding institution; no arrival date is inferred.
02115001-print,02115001,02115001,ib00505000,ib00505000,print_place,first,0,1,,,Nürnberg,Nürnberg,,,,,,,,,,Ink 14.H.16,1489,1489,,,gw_extracted_year_range,,place_name_not_yet_geocoded,edition_level_print_statement,GW,04174,https://gesamtkatalogderwiegendrucke.de/docs/GW04174.htm,data/derived/prayer-book-corpus.csv,Printing statement shared by copies of the edition.
02115001-p001-loc01,02115001,02115001,ib00505000,ib00505000,provenance_place,intermediate,1,1,02115001-p001,02115001-p001-loc01,Vienna,Vienna,Vienna,GeoNames,2761369,https://www.geonames.org/2761369,48.20849,16.37208,Austria,,,Ink 14.H.16,,,,,undated,a,coordinates_supplied,copy_level_provenance_place,MEI,02115001-p001,https://data.cerl.org/mei/02115001,data/expanded/mei-corpus.json,
02115001-current,02115001,02115001,ib00505000,ib00505000,current_holding,last,2,1,,,"Wien, Österreichische  Nationalbibliothek",,,,,,,,AT,WienONB,"Wien, Österreichische  Nationalbibliothek",Ink 14.H.16,,,,2026-09-30,current_observation_only,,holding_institution_not_yet_geocoded,current_holding_statement,MEI,02115001,https://data.cerl.org/mei/02115001,data/expanded/mei-corpus.json,Observed as the current holding institution; no arrival date is inferred.
00559196-print,00559196,00559196,ib00506000,ib00506000,print_place,first,0,1,,,Basel,Basel,,,,,,,,,,Inc.5.C.1.5[2335],1490,1490,,,gw_extracted_year_range,,place_name_not_yet_geocoded,edition_level_print_statement,GW,04175,https://gesamtkatalogderwiegendrucke.de/docs/GW04175.htm,data/derived/prayer-book-corpus.csv,Printing statement shared by copies of the edition.
00559196-p001-loc01,00559196,00559196,ib00506000,ib00506000,provenance_place,intermediate,1,1,00559196-p001,00559196-p001-loc01,Cambridge,Cambridge,Cambridge,GeoNames,2653941,https://www.geonames.org/2653941,52.2,0.11667,United Kingdom,,,Inc.5.C.1.5[2335],,,,,undated,a,coordinates_supplied,copy_level_provenance_place,MEI,00559196-p001,https://data.cerl.org/mei/00559196,data/expanded/mei-corpus.json,
00559196-current,00559196,00559196,ib00506000,ib00506000,current_holding,last,2,1,,,"Cambridge, University Library",,,,,,,,GB,CambridgeUL,"Cambridge, University Library",Inc.5.C.1.5[2335],,,,2026-09-23,current_observation_only,,holding_institution_not_yet_geocoded,current_holding_statement,MEI,00559196,https://data.cerl.org/mei/00559196,data/expanded/mei-corpus.json,Observed as the current holding institution; no arrival date is inferred.
02135612-print,02135612,02135612,ib00506000,ib00506000,print_place,first,0,1,,,Basel,Basel,,,,,,,,,,3 in: Gb 607,1490,1490,,,gw_extracted_year_range,,place_name_not_yet_geocoded,edition_level_print_statement,GW,04175,https://gesamtkatalogderwiegendrucke.de/docs/GW04175.htm,data/derived/prayer-book-corpus.csv,Printing statement shared by copies of the edition.
02135612-p001-loc01,02135612,02135612,ib00506000,ib00506000,provenance_place,intermediate,1,1,02135612-p001,02135612-p001-loc01,Tübingen,Tübingen,,,,,,,,,,3 in: Gb 607,,,,,undated,,name_only,copy_level_provenance_place,MEI,02135612-p001,https://data.cerl.org/mei/02135612,data/expanded/mei-corpus.json,
02135612-current,02135612,02135612,ib00506000,ib00506000,current_holding,last,2,1,,,"Tübingen, Universitätsbibliothek",,,,,,,,DE,TubingenUB,"Tübingen, Universitätsbibliothek",3 in: Gb 607,,,,2026-09-23,current_observation_only,,holding_institution_not_yet_geocoded,current_holding_statement,MEI,02135612,https://data.cerl.org/mei/02135612,data/expanded/mei-corpus.json,Observed as the current holding institution; no arrival date is inferred.
02138264-print,02138264,02138264,ib00506000,ib00506000,print_place,first,0,1,,,Basel,Basel,,,,,,,,,,001 F 033: 01,1490,1490,,,gw_extracted_year_range,,place_name_not_yet_geocoded,edition_level_print_statement,GW,04175,https://gesamtkatalogderwiegendrucke.de/docs/GW04175.htm,data/derived/prayer-book-corpus.csv,Printing statement shared by copies of the edition.
02138264-p001-loc01,02138264,02138264,ib00506000,ib00506000,provenance_place,intermediate,1,1,02138264-p001,02138264-p001-loc01,Gemeente Den Haag,The Hague,Gemeente Den Haag,GeoNames,2747372,https://www.geonames.org/2747372,52.06866,4.28635,The Netherlands,,,001 F 033: 01,,,,,undated,,coordinates_supplied,copy_level_provenance_place,MEI,02138264-p001,https://data.cerl.org/mei/02138264,data/expanded/mei-corpus.json,
02138264-p002-loc01,02138264,02138264,ib00506000,ib00506000,provenance_place,intermediate,2,1,02138264-p002,02138264-p002-loc01,Gemeente Den Haag,The Hague,Gemeente Den Haag,GeoNames,2747372,https://www.geonames.org/2747372,52.06866,4.28635,The Netherlands,,,001 F 033: 01,,,,,undated,,coordinates_supplied,copy_level_provenance_place,MEI,02138264-p002,https://data.cerl.org/mei/02138264,data/expanded/mei-corpus.json,
02138264-p003-loc01,02138264,02138264,ib00506000,ib00506000,provenance_place,intermediate,3,1,02138264-p003,02138264-p003-loc01,Gemeente Den Haag,The Hague,Gemeente Den Haag,GeoNames,2747372,https://www.geonames.org/2747372,52.06866,4.28635,The Netherlands,,,001 F 033: 01,,,,,undated,,coordinates_supplied,copy_level_provenance_place,MEI,02138264-p003,https://data.cerl.org/mei/02138264,data/expanded/mei-corpus.json,
02138264-current,02138264,02138264,ib00506000,ib00506000,current_holding,last,4,1,,,"Den Haag, Huis van het Boek ",,,,,,,,NL,TheHagueMMW,"Den Haag, Huis van het Boek ",001 F 033: 01,,,,2026-09-23,current_observation_only,,holding_institution_not_yet_geocoded,current_holding_statement,MEI,02138264,https://data.cerl.org/mei/02138264,data/expanded/mei-corpus.json,Observed as the current holding institution; no arrival date is inferred.
00201811-print,00201811,00201811,ib00506000,ib00506000,print_place,first,0,1,,,Basel,Basel,,,,,,,,,,Inc. 979(1),1490,1490,,,gw_extracted_year_range,,place_name_not_yet_geocoded,edition_level_print_statement,GW,04175,https://gesamtkatalogderwiegendrucke.de/docs/GW04175.htm,data/derived/prayer-book-corpus.csv,Printing statement shared by copies of the edition.
00201811-p002-loc01,00201811,00201811,ib00506000,ib00506000,provenance_place,intermediate,2,1,00201811-p002,00201811-p002-loc01,Mantova,Mantova,Mantova,GeoNames,3174051,https://www.geonames.org/3174051,45.16031,10.79784,Italy,,,Inc. 979(1),,,,,undated,b,coordinates_supplied,copy_level_provenance_place,MEI,00201811-p002,https://data.cerl.org/mei/00201811,data/expanded/mei-corpus.json,
00201811-current,00201811,00201811,ib00506000,ib00506000,current_holding,last,3,1,,,"Mantova, Biblioteca Comunale Teresiana",,,,,,,,IT,MantovaC,"Mantova, Biblioteca Comunale Teresiana",Inc. 979(1),,,,2026-09-23,current_observation_only,,holding_institution_not_yet_geocoded,current_holding_statement,MEI,00201811,https://data.cerl.org/mei/00201811,data/expanded/mei-corpus.json,Observed as the current holding institution; no arrival date is inferred.
02128157-print,02128157,02128157,ib00506000,ib00506000,print_place,first,0,1,,,Basel,Basel,,,,,,,,,,AP. XIX. 10/3,1490,1490,,,gw_extracted_year_range,,place_name_not_yet_geocoded,edition_level_print_statement,GW,04175,https://gesamtkatalogderwiegendrucke.de/docs/GW04175.htm,data/derived/prayer-book-corpus.csv,Printing statement shared by copies of the edition.
02128157-p002-loc01,02128157,02128157,ib00506000,ib00506000,provenance_place,intermediate,2,1,02128157-p002,02128157-p002-loc01,Milan,Milano,Milan,GeoNames,3173435,https://www.geonames.org/3173435,45.46427,9.18951,Italy,,,AP. XIX. 10/3,1501,1782,16 | 17 | 18,,mei_timeperiod,,coordinates_supplied,copy_level_provenance_place,MEI,02128157-p002,https://data.cerl.org/mei/02128157,data/expanded/mei-corpus.json,
02128157-p003-loc01,02128157,02128157,ib00506000,ib00506000,provenance_place,intermediate,3,1,02128157-p003,02128157-p003-loc01,Milan,Milano,Milan,GeoNames,3173435,https://www.geonames.org/3173435,45.46427,9.18951,Italy,,,AP. XIX. 10/3,1782,,18,,mei_timeperiod,a,coordinates_supplied,copy_level_provenance_place,MEI,02128157-p003,https://data.cerl.org/mei/02128157,data/expanded/mei-corpus.json,
02128157-current,02128157,02128157,ib00506000,ib00506000,current_holding,last,4,1,,,"Milano, Biblioteca Nazionale Braidense",,,,,,,,IT,MilanoN,"Milano, Biblioteca Nazionale Braidense",AP. XIX. 10/3,,,,2026-09-23,current_observation_only,,holding_institution_not_yet_geocoded,current_holding_statement,MEI,02128157,https://data.cerl.org/mei/02128157,data/expanded/mei-corpus.json,Observed as the current holding institution; no arrival date is inferred.
02013740-print,02013740,02013740,ib00506000,ib00506000,print_place,first,0,1,,,Basel,Basel,,,,,,,,,,5866.174,1490,1490,,,gw_extracted_year_range,,place_name_not_yet_geocoded,edition_level_print_statement,GW,04175,https://gesamtkatalogderwiegendrucke.de/docs/GW04175.htm,data/derived/prayer-book-corpus.csv,Printing statement shared by copies of the edition.
02013740-p002-loc01,02013740,02013740,ib00506000,ib00506000,provenance_place,intermediate,2,1,02013740-p002,02013740-p002-loc01,Princeton,Princeton,Princeton,GeoNames,5102922,https://www.geonames.org/5102922,40.34872,-74.65905,United States,,,5866.174,1940,1945,20,,mei_timeperiod,a,coordinates_supplied,copy_level_provenance_place,MEI,02013740-p002,https://data.cerl.org/mei/02013740,data/expanded/mei-corpus.json,
02013740-p003-loc01,02013740,02013740,ib00506000,ib00506000,provenance_place,intermediate,3,1,02013740-p003,02013740-p003-loc01,Princeton,Princeton,Princeton,GeoNames,5102922,https://www.geonames.org/5102922,40.34872,-74.65905,United States,,,5866.174,1945,,20,,mei_timeperiod,a,coordinates_supplied,copy_level_provenance_place,MEI,02013740-p003,https://data.cerl.org/mei/02013740,data/expanded/mei-corpus.json,
02013740-current,02013740,02013740,ib00506000,ib00506000,current_holding,last,4,1,,,"Princeton NJ, Princeton University, Firestone Library, Rare Book Division",,,,,,,,US,PrincetonUL,"Princeton NJ, Princeton University, Firestone Library, Rare Book Division",5866.174,,,,2026-09-23,current_observation_only,,holding_institution_not_yet_geocoded,current_holding_statement,MEI,02013740,https://data.cerl.org/mei/02013740,data/expanded/mei-corpus.json,Observed as the current holding institution; no arrival date is inferred.
00202805-print,00202805,00202805,ib00506000,ib00506000,print_place,first,0,1,,,Basel,Basel,,,,,,,,,,Auct. Q sup. 3.3.,1490,1490,,,gw_extracted_year_range,,place_name_not_yet_geocoded,edition_level_print_statement,GW,04175,https://gesamtkatalogderwiegendrucke.de/docs/GW04175.htm,data/derived/prayer-book-corpus.csv,Printing statement shared by copies of the edition.
00202805-p002-loc01,00202805,00202805,ib00506000,ib00506000,provenance_place,intermediate,2,1,00202805-p002,00202805-p002-loc01,Oxford,Oxford,Oxford,GeoNames,2640729,https://www.geonames.org/2640729,51.75222,-1.25596,United Kingdom,,,Auct. Q sup. 3.3.,,,,,undated,,coordinates_supplied,copy_level_provenance_place,MEI,00202805-p002,https://data.cerl.org/mei/00202805,data/expanded/mei-corpus.json,
00202805-current,00202805,00202805,ib00506000,ib00506000,current_holding,last,3,1,,,"Oxford, Bodleian Library",,,,,,,,GB,OxfordBodley,"Oxford, Bodleian Library",Auct. Q sup. 3.3.,,,,2026-09-23,current_observation_only,,holding_institution_not_yet_geocoded,current_holding_statement,MEI,00202805,https://data.cerl.org/mei/00202805,data/expanded/mei-corpus.json,Observed as the current holding institution; no arrival date is inferred.
02152090-print,02152090,02152090,ib00506000,ib00506000,print_place,first,0,1,,,Basel,Basel,,,,,,,,,,Inc B441,1490,1490,,,gw_extracted_year_range,,place_name_not_yet_geocoded,edition_level_print_statement,GW,04175,https://gesamtkatalogderwiegendrucke.de/docs/GW04175.htm,data/derived/prayer-book-corpus.csv,Printing statement shared by copies of the edition.
02152090-p001-loc01,02152090,02152090,ib00506000,ib00506000,provenance_place,intermediate,1,1,02152090-p001,02152090-p001-loc01,Western Europe,Switzerland or Germany,Western Europe,GeoNames,9408659,https://www.geonames.org/9408659,50.21909,7.42676,,,,Inc B441,1490,1500,15,,mei_timeperiod,a,coordinates_supplied,copy_level_provenance_place,MEI,02152090-p001,https://data.cerl.org/mei/02152090,data/expanded/mei-corpus.json,
02152090-p002-loc01,02152090,02152090,ib00506000,ib00506000,provenance_place,intermediate,2,1,02152090-p002,02152090-p002-loc01,Western Europe,Switzerland or Germany,Western Europe,GeoNames,9408659,https://www.geonames.org/9408659,50.21909,7.42676,,,,Inc B441,1500,1525,15 | 16,,mei_timeperiod,a,coordinates_supplied,copy_level_provenance_place,MEI,02152090-p002,https://data.cerl.org/mei/02152090,data/expanded/mei-corpus.json,
02152090-p003-loc01,02152090,02152090,ib00506000,ib00506000,provenance_place,intermediate,3,1,02152090-p003,02152090-p003-loc01,England,,England,GeoNames,6269131,https://www.geonames.org/6269131,52.16045,-0.70312,United Kingdom,,,Inc B441,1875,1890,19,,mei_timeperiod,a,coordinates_supplied,copy_level_provenance_place,MEI,02152090-p003,https://data.cerl.org/mei/02152090,data/expanded/mei-corpus.json,
02152090-p004-loc01,02152090,02152090,ib00506000,ib00506000,provenance_place,intermediate,4,1,02152090-p004,02152090-p004-loc01,England,,England,GeoNames,6269131,https://www.geonames.org/6269131,52.16045,-0.70312,United Kingdom,,,Inc B441,1890,1910,19 | 20,,mei_timeperiod,a,coordinates_supplied,copy_level_provenance_place,MEI,02152090-p004,https://data.cerl.org/mei/02152090,data/expanded/mei-corpus.json,
02152090-p005-loc01,02152090,02152090,ib00506000,ib00506000,provenance_place,intermediate,5,1,02152090-p005,02152090-p005-loc01,London,London,London,GeoNames,2643743,https://www.geonames.org/2643743,51.50853,-0.12574,United Kingdom,,,Inc B441,1917,1917,20,,mei_timeperiod,a,coordinates_supplied,copy_level_provenance_place,MEI,02152090-p005,https://data.cerl.org/mei/02152090,data/expanded/mei-corpus.json,
02152090-p006-loc01,02152090,02152090,ib00506000,ib00506000,provenance_place,intermediate,6,1,02152090-p006,02152090-p006-loc01,New York,New York,New York,GeoNames,5128581,https://www.geonames.org/5128581,40.71427,-74.00597,United States,,,Inc B441,1917,1921,20,,mei_timeperiod,a,coordinates_supplied,copy_level_provenance_place,MEI,02152090-p006,https://data.cerl.org/mei/02152090,data/expanded/mei-corpus.json,
02152090-p007-loc01,02152090,02152090,ib00506000,ib00506000,provenance_place,intermediate,7,1,02152090-p007,02152090-p007-loc01,New York,New York,New York,GeoNames,5128581,https://www.geonames.org/5128581,40.71427,-74.00597,United States,,,Inc B441,,1923,15 | 16 | 17 | 18 | 19 | 20,,mei_timeperiod,a,coordinates_supplied,copy_level_provenance_place,MEI,02152090-p007,https://data.cerl.org/mei/02152090,data/expanded/mei-corpus.json,
02152090-p008-loc01,02152090,02152090,ib00506000,ib00506000,provenance_place,intermediate,8,1,02152090-p008,02152090-p008-loc01,Williamstown,"Williamstown, MA",Williamstown,GeoNames,4955786,https://www.geonames.org/4955786,42.71202,-73.20372,United States,,,Inc B441,1923,,20,,mei_timeperiod,a,coordinates_supplied,copy_level_provenance_place,MEI,02152090-p008,https://data.cerl.org/mei/02152090,data/expanded/mei-corpus.json,
02152090-current,02152090,02152090,ib00506000,ib00506000,current_holding,last,9,1,,,Williams College Library,,,,,,,,US,WillCL,Williams College Library,Inc B441,,,,2026-09-23,current_observation_only,,holding_institution_not_yet_geocoded,current_holding_statement,MEI,02152090,https://data.cerl.org/mei/02152090,data/expanded/mei-corpus.json,Observed as the current holding institution; no arrival date is inferred.
02133844-print,02133844,02133844,ib00506000,ib00506000,print_place,first,0,1,,,Basel,Basel,,,,,,,,,,ZBS Rar 109 (1 an),1490,1490,,,gw_extracted_year_range,,place_name_not_yet_geocoded,edition_level_print_statement,GW,04175,https://gesamtkatalogderwiegendrucke.de/docs/GW04175.htm,data/derived/prayer-book-corpus.csv,Printing statement shared by copies of the edition.
02133844-p001-loc01,02133844,02133844,ib00506000,ib00506000,provenance_place,intermediate,1,1,02133844-p001,02133844-p001-loc01,Solothurn,Solothurn,Solothurn,GeoNames,2658564,https://www.geonames.org/2658564,47.20791,7.53714,Switzerland,,,ZBS Rar 109 (1 an),,1568,15 | 16,,mei_timeperiod,a,coordinates_supplied,copy_level_provenance_place,MEI,02133844-p001,https://data.cerl.org/mei/02133844,data/expanded/mei-corpus.json,
02133844-p002-loc01,02133844,02133844,ib00506000,ib00506000,provenance_place,intermediate,2,1,02133844-p002,02133844-p002-loc01,Lucerne,Luzern,Lucerne,GeoNames,2659811,https://www.geonames.org/2659811,47.05048,8.30635,Switzerland,,,ZBS Rar 109 (1 an),,,,,undated,a,coordinates_supplied,copy_level_provenance_place,MEI,02133844-p002,https://data.cerl.org/mei/02133844,data/expanded/mei-corpus.json,
02133844-p003-loc01,02133844,02133844,ib00506000,ib00506000,provenance_place,intermediate,3,1,02133844-p003,02133844-p003-loc01,Solothurn,Solothurn,Solothurn,GeoNames,2658564,https://www.geonames.org/2658564,47.20791,7.53714,Switzerland,,,ZBS Rar 109 (1 an),,1874,15 | 16 | 17 | 18 | 19,,mei_timeperiod,a,coordinates_supplied,copy_level_provenance_place,MEI,02133844-p003,https://data.cerl.org/mei/02133844,data/expanded/mei-corpus.json,
02133844-p004-loc01,02133844,02133844,ib00506000,ib00506000,provenance_place,intermediate,4,1,02133844-p004,02133844-p004-loc01,Solothurn,Solothurn,Solothurn,GeoNames,2658564,https://www.geonames.org/2658564,47.20791,7.53714,Switzerland,,,ZBS Rar 109 (1 an),1883,1930,19 | 20,,mei_timeperiod,a,coordinates_supplied,copy_level_provenance_place,MEI,02133844-p004,https://data.cerl.org/mei/02133844,data/expanded/mei-corpus.json,
02133844-p005-loc01,02133844,02133844,ib00506000,ib00506000,provenance_place,intermediate,5,1,02133844-p005,02133844-p005-loc01,Solothurn,Solothurn,Solothurn,GeoNames,2658564,https://www.geonames.org/2658564,47.20791,7.53714,Switzerland,,,ZBS Rar 109 (1 an),1930,,20,,mei_timeperiod,a,coordinates_supplied,copy_level_provenance_place,MEI,02133844-p005,https://data.cerl.org/mei/02133844,data/expanded/mei-corpus.json,
02133844-current,02133844,02133844,ib00506000,ib00506000,current_holding,last,6,1,,,"Solothurn, Zentralbibliothek ",,,,,,,,CH,SolothurnZB,"Solothurn, Zentralbibliothek ",ZBS Rar 109 (1 an),,,,2026-09-23,current_observation_only,,holding_institution_not_yet_geocoded,current_holding_statement,MEI,02133844,https://data.cerl.org/mei/02133844,data/expanded/mei-corpus.json,Observed as the current holding institution; no arrival date is inferred.
02115003-print,02115003,02115003,ib00507000,ib00507000,print_place,first,0,1,,,Köln,Köln,,,,,,,,,,Ink 33-40 Teil 1,1498,1498,,,gw_extracted_year_range,,place_name_not_yet_geocoded,edition_level_print_statement,GW,04176,https://gesamtkatalogderwiegendrucke.de/docs/GW04176.htm,data/derived/prayer-book-corpus.csv,Printing statement shared by copies of the edition.
02115003-p001-loc01,02115003,02115003,ib00507000,ib00507000,provenance_place,intermediate,1,1,02115003-p001,02115003-p001-loc01,Vienna,Vienna,Vienna,GeoNames,2761369,https://www.geonames.org/2761369,48.20849,16.37208,Austria,,,Ink 33-40 Teil 1,,,,,undated,a,coordinates_supplied,copy_level_provenance_place,MEI,02115003-p001,https://data.cerl.org/mei/02115003,data/expanded/mei-corpus.json,
02115003-current,02115003,02115003,ib00507000,ib00507000,current_holding,last,2,1,,,"Wien, Österreichische  Nationalbibliothek",,,,,,,,AT,WienONB,"Wien, Österreichische  Nationalbibliothek",Ink 33-40 Teil 1,,,,2026-09-30,current_observation_only,,holding_institution_not_yet_geocoded,current_holding_statement,MEI,02115003,https://data.cerl.org/mei/02115003,data/expanded/mei-corpus.json,Observed as the current holding institution; no arrival date is inferred.
00200716-print,00200716,00200716,ib00507000,ib00507000,print_place,first,0,1,,,Köln,Köln,,,,,,,,,,Typ Inc 1481.5,1498,1498,,,gw_extracted_year_range,,place_name_not_yet_geocoded,edition_level_print_statement,GW,04176,https://gesamtkatalogderwiegendrucke.de/docs/GW04176.htm,data/derived/prayer-book-corpus.csv,Printing statement shared by copies of the edition.
00200716-p001-loc01,00200716,00200716,ib00507000,ib00507000,provenance_place,intermediate,1,1,00200716-p001,00200716-p001-loc01,Leuven,Leuven,Leuven,GeoNames,2792482,https://www.geonames.org/2792482,50.87959,4.70093,Belgium,,,Typ Inc 1481.5,1520,1542,16,,mei_timeperiod,a,coordinates_supplied,copy_level_provenance_place,MEI,00200716-p001,https://data.cerl.org/mei/00200716,data/expanded/mei-corpus.json,
00200716-p002-loc01,00200716,00200716,ib00507000,ib00507000,provenance_place,intermediate,2,1,00200716-p002,00200716-p002-loc01,Lucerne,Lucerne,Lucerne,GeoNames,2659811,https://www.geonames.org/2659811,47.05048,8.30635,Switzerland,,,Typ Inc 1481.5,1933,1933,20,,mei_timeperiod,a,coordinates_supplied,copy_level_provenance_place,MEI,00200716-p002,https://data.cerl.org/mei/00200716,data/expanded/mei-corpus.json,
00200716-p003-loc01,00200716,00200716,ib00507000,ib00507000,provenance_place,intermediate,3,1,00200716-p003,00200716-p003-loc01,Cambridge,Cambridge,Cambridge,GeoNames,4931972,https://www.geonames.org/4931972,42.3751,-71.10561,United States,,,Typ Inc 1481.5,1933,1942,20,,mei_timeperiod,a,coordinates_supplied,copy_level_provenance_place,MEI,00200716-p003,https://data.cerl.org/mei/00200716,data/expanded/mei-corpus.json,
00200716-p004-loc01,00200716,00200716,ib00507000,ib00507000,provenance_place,intermediate,4,1,00200716-p004,00200716-p004-loc01,Cambridge,Cambridge,Cambridge,GeoNames,4931972,https://www.geonames.org/4931972,42.3751,-71.10561,United States,,,Typ Inc 1481.5,1942,,20,,mei_timeperiod,a,coordinates_supplied,copy_level_provenance_place,MEI,00200716-p004,https://data.cerl.org/mei/00200716,data/expanded/mei-corpus.json,
00200716-current,00200716,00200716,ib00507000,ib00507000,current_holding,last,5,1,,,"Cambridge MA, Harvard University, Houghton Library",,,,,,,,US,HarvardHoughton,"Cambridge MA, Harvard University, Houghton Library",Typ Inc 1481.5,,,,2026-09-30,current_observation_only,,holding_institution_not_yet_geocoded,current_holding_statement,MEI,00200716,https://data.cerl.org/mei/00200716,data/expanded/mei-corpus.json,Observed as the current holding institution; no arrival date is inferred.
00559197-print,00559197,00559197,ib00507000,ib00507000,print_place,first,0,1,,,Köln,Köln,,,,,,,,,,SSS.47.1,1498,1498,,,gw_extracted_year_range,,place_name_not_yet_geocoded,edition_level_print_statement,GW,04176,https://gesamtkatalogderwiegendrucke.de/docs/GW04176.htm,data/derived/prayer-book-corpus.csv,Printing statement shared by copies of the edition.
00559197-p002-loc01,00559197,00559197,ib00507000,ib00507000,provenance_place,intermediate,2,1,00559197-p002,00559197-p002-loc01,Cambridge,Cambridge,Cambridge,GeoNames,2653941,https://www.geonames.org/2653941,52.2,0.11667,United Kingdom,,,SSS.47.1,,,,,undated,a,coordinates_supplied,copy_level_provenance_place,MEI,00559197-p002,https://data.cerl.org/mei/00559197,data/expanded/mei-corpus.json,
00559197-current,00559197,00559197,ib00507000,ib00507000,current_holding,last,3,1,,,"Cambridge, University Library",,,,,,,,GB,CambridgeUL,"Cambridge, University Library",SSS.47.1,,,,2026-09-30,current_observation_only,,holding_institution_not_yet_geocoded,current_holding_statement,MEI,00559197,https://data.cerl.org/mei/00559197,data/expanded/mei-corpus.json,Observed as the current holding institution; no arrival date is inferred.
00559198-print,00559198,00559198,ib00512000,ib00512000,print_place,first,0,1,,,Basel,Basel,,,,,,,,,,Inc.6.C.1.5[2315],1492,1492,,,gw_extracted_year_range,,place_name_not_yet_geocoded,edition_level_print_statement,GW,04168,https://gesamtkatalogderwiegendrucke.de/docs/GW04168.htm,data/derived/prayer-book-corpus.csv,Printing statement shared by copies of the edition.
00559198-p004-loc01,00559198,00559198,ib00512000,ib00512000,provenance_place,intermediate,4,1,00559198-p004,00559198-p004-loc01,Cambridge,Cambridge,Cambridge,GeoNames,2653941,https://www.geonames.org/2653941,52.2,0.11667,United Kingdom,,,Inc.6.C.1.5[2315],,,,,undated,a,coordinates_supplied,copy_level_provenance_place,MEI,00559198-p004,https://data.cerl.org/mei/00559198,data/expanded/mei-corpus.json,
00559198-current,00559198,00559198,ib00512000,ib00512000,current_holding,last,5,1,,,"Cambridge, University Library",,,,,,,,GB,CambridgeUL,"Cambridge, University Library",Inc.6.C.1.5[2315],,,,2026-09-23,current_observation_only,,holding_institution_not_yet_geocoded,current_holding_statement,MEI,00559198,https://data.cerl.org/mei/00559198,data/expanded/mei-corpus.json,Observed as the current holding institution; no arrival date is inferred.
02115000-print,02115000,02115000,ib00515000,ib00515000,print_place,first,0,1,,,Nürnberg,Nürnberg,,,,,,,,,,Ink 2.H.132,1495,1495,,,gw_extracted_year_range,,place_name_not_yet_geocoded,edition_level_print_statement,GW,04171,https://gesamtkatalogderwiegendrucke.de/docs/GW04171.htm,data/derived/prayer-book-corpus.csv,Printing statement shared by copies of the edition.
02115000-p001-loc01,02115000,02115000,ib00515000,ib00515000,provenance_place,intermediate,1,1,02115000-p001,02115000-p001-loc01,Vienna,Vienna,Vienna,GeoNames,2761369,https://www.geonames.org/2761369,48.20849,16.37208,Austria,,,Ink 2.H.132,,,,,undated,a,coordinates_supplied,copy_level_provenance_place,MEI,02115000-p001,https://data.cerl.org/mei/02115000,data/expanded/mei-corpus.json,
02115000-current,02115000,02115000,ib00515000,ib00515000,current_holding,last,2,1,,,"Wien, Österreichische  Nationalbibliothek",,,,,,,,AT,WienONB,"Wien, Österreichische  Nationalbibliothek",Ink 2.H.132,,,,2026-09-30,current_observation_only,,holding_institution_not_yet_geocoded,current_holding_statement,MEI,02115000,https://data.cerl.org/mei/02115000,data/expanded/mei-corpus.json,Observed as the current holding institution; no arrival date is inferred.
02115009-print,02115009,02115009,ib00524000,ib00524000,print_place,first,0,1,,,Antwerpen,Antwerpen,,,,,,,,,,Ink 1.H.104,1495,1495,,,gw_extracted_year_range,,place_name_not_yet_geocoded,edition_level_print_statement,GW,04194,https://gesamtkatalogderwiegendrucke.de/docs/GW04194.htm,data/derived/prayer-book-corpus.csv,Printing statement shared by copies of the edition.
02115009-p001-loc01,02115009,02115009,ib00524000,ib00524000,provenance_place,intermediate,1,1,02115009-p001,02115009-p001-loc01,Vienna,Vienna,Vienna,GeoNames,2761369,https://www.geonames.org/2761369,48.20849,16.37208,Austria,,,Ink 1.H.104,,,,,undated,a,coordinates_supplied,copy_level_provenance_place,MEI,02115009-p001,https://data.cerl.org/mei/02115009,data/expanded/mei-corpus.json,
02115009-current,02115009,02115009,ib00524000,ib00524000,current_holding,last,2,1,,,"Wien, Österreichische  Nationalbibliothek",,,,,,,,AT,WienONB,"Wien, Österreichische  Nationalbibliothek",Ink 1.H.104,,,,2026-09-30,current_observation_only,,holding_institution_not_yet_geocoded,current_holding_statement,MEI,02115009,https://data.cerl.org/mei/02115009,data/expanded/mei-corpus.json,Observed as the current holding institution; no arrival date is inferred.
02100631-print,02100631,02100631,ib00524000,ib00524000,print_place,first,0,1,,,Antwerpen,Antwerpen,,,,,,,,,,KW 150 C 18,1495,1495,,,gw_extracted_year_range,,place_name_not_yet_geocoded,edition_level_print_statement,GW,04194,https://gesamtkatalogderwiegendrucke.de/docs/GW04194.htm,data/derived/prayer-book-corpus.csv,Printing statement shared by copies of the edition.
02100631-p003-loc01,02100631,02100631,ib00524000,ib00524000,provenance_place,intermediate,3,1,02100631-p003,02100631-p003-loc01,The Hague,Den Haag,The Hague,GeoNames,2747373,https://www.geonames.org/2747373,52.07667,4.29861,The Netherlands,,,KW 150 C 18,1866,,19,1866,mei_timeperiod,a,coordinates_supplied,copy_level_provenance_place,MEI,02100631-p003,https://data.cerl.org/mei/02100631,data/expanded/mei-corpus.json,
02100631-current,02100631,02100631,ib00524000,ib00524000,current_holding,last,4,1,,,"Den Haag, Koninklijke Bibliotheek - Nationale Bibliotheek van Nederland",,,,,,,,NL,NLKB,"Den Haag, Koninklijke Bibliotheek - Nationale Bibliotheek van Nederland",KW 150 C 18,,,,2026-09-30,current_observation_only,,holding_institution_not_yet_geocoded,current_holding_statement,MEI,02100631,https://data.cerl.org/mei/02100631,data/expanded/mei-corpus.json,Observed as the current holding institution; no arrival date is inferred.
00559203-print,00559203,00559203,ib00524000,ib00524000,print_place,first,0,1,,,Antwerpen,Antwerpen,,,,,,,,,,Inc.5.F.6.5[3440],1495,1495,,,gw_extracted_year_range,,place_name_not_yet_geocoded,edition_level_print_statement,GW,04194,https://gesamtkatalogderwiegendrucke.de/docs/GW04194.htm,data/derived/prayer-book-corpus.csv,Printing statement shared by copies of the edition.
00559203-p001-loc01,00559203,00559203,ib00524000,ib00524000,provenance_place,intermediate,1,1,00559203-p001,00559203-p001-loc01,Brussels,Brussels,Brussels,GeoNames,2800866,https://www.geonames.org/2800866,50.85045,4.34878,Belgium,,,Inc.5.F.6.5[3440],1801,1881,19,,mei_timeperiod,,coordinates_supplied,copy_level_provenance_place,MEI,00559203-p001,https://data.cerl.org/mei/00559203,data/expanded/mei-corpus.json,
00559203-p002-loc01,00559203,00559203,ib00524000,ib00524000,provenance_place,intermediate,2,1,00559203-p002,00559203-p002-loc01,Antwerp,Antwerp,Antwerp,GeoNames,2803138,https://www.geonames.org/2803138,51.22047,4.40026,Belgium,,,Inc.5.F.6.5[3440],1884,1892,19,,mei_timeperiod,,coordinates_supplied,copy_level_provenance_place,MEI,00559203-p002,https://data.cerl.org/mei/00559203,data/expanded/mei-corpus.json,
00559203-p003-loc01,00559203,00559203,ib00524000,ib00524000,provenance_place,intermediate,3,1,00559203-p003,00559203-p003-loc01,Cambridge,Cambridge,Cambridge,GeoNames,2653941,https://www.geonames.org/2653941,52.2,0.11667,United Kingdom,,,Inc.5.F.6.5[3440],1892,,19,,mei_timeperiod,a,coordinates_supplied,copy_level_provenance_place,MEI,00559203-p003,https://data.cerl.org/mei/00559203,data/expanded/mei-corpus.json,
00559203-current,00559203,00559203,ib00524000,ib00524000,current_holding,last,4,1,,,"Cambridge, University Library",,,,,,,,GB,CambridgeUL,"Cambridge, University Library",Inc.5.F.6.5[3440],,,,2026-09-30,current_observation_only,,holding_institution_not_yet_geocoded,current_holding_statement,MEI,00559203,https://data.cerl.org/mei/00559203,data/expanded/mei-corpus.json,Observed as the current holding institution; no arrival date is inferred.
02160790-print,02160790,02160790,ib00677000,ib00677000,print_place,first,0,1,,,Venedig,Venedig,,,,,,,,,,Incun. X .H43 (Copy 1),1475,1480,,,gw_extracted_year_range,,place_name_not_yet_geocoded,edition_level_print_statement,GW,04362,https://gesamtkatalogderwiegendrucke.de/docs/GW04362.htm,data/derived/prayer-book-corpus.csv,Printing statement shared by copies of the edition.
02160790-p001-loc01,02160790,02160790,ib00677000,ib00677000,provenance_place,intermediate,1,1,02160790-p001,02160790-p001-loc01,Washington,Washington,Washington,GeoNames,4140963,https://www.geonames.org/4140963,38.89511,-77.03637,United States,,,Incun. X .H43 (Copy 1),,,15,,mei_century_only,,coordinates_supplied,copy_level_provenance_place,MEI,02160790-p001,https://data.cerl.org/mei/02160790,data/expanded/mei-corpus.json,
02160790-current,02160790,02160790,ib00677000,ib00677000,current_holding,last,2,1,,,"Washington DC, Library of Congress, Rare Book Division",,,,,,,,US,LC,"Washington DC, Library of Congress, Rare Book Division",Incun. X .H43 (Copy 1),,,,2026-09-30,current_observation_only,,holding_institution_not_yet_geocoded,current_holding_statement,MEI,02160790,https://data.cerl.org/mei/02160790,data/expanded/mei-corpus.json,Observed as the current holding institution; no arrival date is inferred.
02122495-print,02122495,02122495,ib00677500,ib00677500,print_place,first,0,1,,,Rom,Rom,,,,,,,,,,XV.9,1488,1490,,,gw_extracted_year_range,,place_name_not_yet_geocoded,edition_level_print_statement,GW,04364,https://gesamtkatalogderwiegendrucke.de/docs/GW04364.htm,data/derived/prayer-book-corpus.csv,Printing statement shared by copies of the edition.
02122495-p002-loc01,02122495,02122495,ib00677500,ib00677500,provenance_place,intermediate,2,1,02122495-p002,02122495-p002-loc01,Lviv,Lviv,Lviv,GeoNames,702550,https://www.geonames.org/702550,49.83826,24.02324,Ukraine,,,XV.9,,1838,15 | 16 | 17 | 18 | 19,,mei_timeperiod,a,coordinates_supplied,copy_level_provenance_place,MEI,02122495-p002,https://data.cerl.org/mei/02122495,data/expanded/mei-corpus.json,
02122495-p003-loc01,02122495,02122495,ib00677500,ib00677500,provenance_place,intermediate,3,1,02122495-p003,02122495-p003-loc01,Lviv,Lviv,Lviv,GeoNames,702550,https://www.geonames.org/702550,49.83826,24.02324,Ukraine,,,XV.9,1838,1946,19 | 20,"1838, 1929",mei_timeperiod,a,coordinates_supplied,copy_level_provenance_place,MEI,02122495-p003,https://data.cerl.org/mei/02122495,data/expanded/mei-corpus.json,
02122495-p004-loc01,02122495,02122495,ib00677500,ib00677500,provenance_place,intermediate,4,1,02122495-p004,02122495-p004-loc01,Wroclaw,Wrocław,Wroclaw,GeoNames,3081368,https://www.geonames.org/3081368,51.10286,17.03006,Poland,,,XV.9,1946,,20,,mei_timeperiod,a,coordinates_supplied,copy_level_provenance_place,MEI,02122495-p004,https://data.cerl.org/mei/02122495,data/expanded/mei-corpus.json,
02122495-current,02122495,02122495,ib00677500,ib00677500,current_holding,last,5,1,,,"Wrocław, Ossolineum",,,,,,,,PL,WroclawO,"Wrocław, Ossolineum",XV.9,,,,2026-09-30,current_observation_only,,holding_institution_not_yet_geocoded,current_holding_statement,MEI,02122495,https://data.cerl.org/mei/02122495,data/expanded/mei-corpus.json,Observed as the current holding institution; no arrival date is inferred.
02161112-print,02161112,02161112,ib00678000,ib00678000,print_place,first,0,1,,,Rom,Rom,,,,,,,,,,BT430 .Q563 1491 Incun Coll Vollbehr Coll (Copy 1),1491,1491,,,gw_extracted_year_range,,place_name_not_yet_geocoded,edition_level_print_statement,GW,04366,https://gesamtkatalogderwiegendrucke.de/docs/GW04366.htm,data/derived/prayer-book-corpus.csv,Printing statement shared by copies of the edition.
02161112-p001-loc01,02161112,02161112,ib00678000,ib00678000,provenance_place,intermediate,1,1,02161112-p001,02161112-p001-loc01,Berlin,Berlin,Berlin,GeoNames,2950159,https://www.geonames.org/2950159,52.52437,13.41053,Germany,,,BT430 .Q563 1491 Incun Coll Vollbehr Coll (Copy 1),1918,1930,20,,mei_timeperiod,,coordinates_supplied,copy_level_provenance_place,MEI,02161112-p001,https://data.cerl.org/mei/02161112,data/expanded/mei-corpus.json,
02161112-p002-loc01,02161112,02161112,ib00678000,ib00678000,provenance_place,intermediate,2,1,02161112-p002,02161112-p002-loc01,Washington,Washington,Washington,GeoNames,4140963,https://www.geonames.org/4140963,38.89511,-77.03637,United States,,,BT430 .Q563 1491 Incun Coll Vollbehr Coll (Copy 1),1930,,20,,mei_timeperiod,,coordinates_supplied,copy_level_provenance_place,MEI,02161112-p002,https://data.cerl.org/mei/02161112,data/expanded/mei-corpus.json,
02161112-current,02161112,02161112,ib00678000,ib00678000,current_holding,last,3,1,,,"Washington DC, Library of Congress, Rare Book Division",,,,,,,,US,LC,"Washington DC, Library of Congress, Rare Book Division",BT430 .Q563 1491 Incun Coll Vollbehr Coll (Copy 1),,,,2026-09-30,current_observation_only,,holding_institution_not_yet_geocoded,current_holding_statement,MEI,02161112,https://data.cerl.org/mei/02161112,data/expanded/mei-corpus.json,Observed as the current holding institution; no arrival date is inferred.
02115031-print,02115031,02115031,ib00679000,ib00679000,print_place,first,0,1,,,Rom,Rom,,,,,,,,,,Ink 14.H.60,1495,1495,,,gw_extracted_year_range,,place_name_not_yet_geocoded,edition_level_print_statement,GW,04368,https://gesamtkatalogderwiegendrucke.de/docs/GW04368.htm,data/derived/prayer-book-corpus.csv,Printing statement shared by copies of the edition.
02115031-p001-loc01,02115031,02115031,ib00679000,ib00679000,provenance_place,intermediate,1,1,02115031-p001,02115031-p001-loc01,Vienna,Vienna,Vienna,GeoNames,2761369,https://www.geonames.org/2761369,48.20849,16.37208,Austria,,,Ink 14.H.60,,,,,undated,a,coordinates_supplied,copy_level_provenance_place,MEI,02115031-p001,https://data.cerl.org/mei/02115031,data/expanded/mei-corpus.json,
02115031-current,02115031,02115031,ib00679000,ib00679000,current_holding,last,2,1,,,"Wien, Österreichische  Nationalbibliothek",,,,,,,,AT,WienONB,"Wien, Österreichische  Nationalbibliothek",Ink 14.H.60,,,,2026-09-30,current_observation_only,,holding_institution_not_yet_geocoded,current_holding_statement,MEI,02115031,https://data.cerl.org/mei/02115031,data/expanded/mei-corpus.json,Observed as the current holding institution; no arrival date is inferred.
02126877-print,02126877,02126877,ib00679000,ib00679000,print_place,first,0,1,,,Rom,Rom,,,,,,,,,,AN. XVI. 33/6,1495,1495,,,gw_extracted_year_range,,place_name_not_yet_geocoded,edition_level_print_statement,GW,04368,https://gesamtkatalogderwiegendrucke.de/docs/GW04368.htm,data/derived/prayer-book-corpus.csv,Printing statement shared by copies of the edition.
02126877-p002-loc01,02126877,02126877,ib00679000,ib00679000,provenance_place,intermediate,2,1,02126877-p002,02126877-p002-loc01,Milan,Milano,Milan,GeoNames,3173435,https://www.geonames.org/3173435,45.46427,9.18951,Italy,,,AN. XVI. 33/6,,,,,undated,a,coordinates_supplied,copy_level_provenance_place,MEI,02126877-p002,https://data.cerl.org/mei/02126877,data/expanded/mei-corpus.json,
02126877-current,02126877,02126877,ib00679000,ib00679000,current_holding,last,3,1,,,"Milano, Biblioteca Nazionale Braidense",,,,,,,,IT,MilanoN,"Milano, Biblioteca Nazionale Braidense",AN. XVI. 33/6,,,,2026-09-30,current_observation_only,,holding_institution_not_yet_geocoded,current_holding_statement,MEI,02126877,https://data.cerl.org/mei/02126877,data/expanded/mei-corpus.json,Observed as the current holding institution; no arrival date is inferred.
02156758-print,02156758,02156758,ib00679000,ib00679000,print_place,first,0,1,,,Rom,Rom,,,,,,,,,,85021,1495,1495,,,gw_extracted_year_range,,place_name_not_yet_geocoded,edition_level_print_statement,GW,04368,https://gesamtkatalogderwiegendrucke.de/docs/GW04368.htm,data/derived/prayer-book-corpus.csv,Printing statement shared by copies of the edition.
02156758-p001-loc01,02156758,02156758,ib00679000,ib00679000,provenance_place,intermediate,1,1,02156758-p001,02156758-p001-loc01,,,,,,,,,,,,85021,,1925,15 | 16 | 17 | 18 | 19 | 20,,mei_timeperiod,,name_only,copy_level_provenance_place,MEI,02156758-p001,https://data.cerl.org/mei/02156758,data/expanded/mei-corpus.json,
02156758-p002-loc01,02156758,02156758,ib00679000,ib00679000,provenance_place,intermediate,2,1,02156758-p002,02156758-p002-loc01,San Marino,San Marino,San Marino,GeoNames,5392400,https://www.geonames.org/5392400,34.1214,-118.10646,United States,,,85021,1925,1927,20,,mei_timeperiod,,coordinates_supplied,copy_level_provenance_place,MEI,02156758-p002,https://data.cerl.org/mei/02156758,data/expanded/mei-corpus.json,
02156758-p003-loc01,02156758,02156758,ib00679000,ib00679000,provenance_place,intermediate,3,1,02156758-p003,02156758-p003-loc01,San Marino,San Marino,San Marino,GeoNames,5392400,https://www.geonames.org/5392400,34.1214,-118.10646,United States,,,85021,1927,,20,,mei_timeperiod,,coordinates_supplied,copy_level_provenance_place,MEI,02156758-p003,https://data.cerl.org/mei/02156758,data/expanded/mei-corpus.json,
02156758-current,02156758,02156758,ib00679000,ib00679000,current_holding,last,4,1,,,"San Marino CA, Huntington Library",,,,,,,,US,SanMarinoHun,"San Marino CA, Huntington Library",85021,,,,2026-09-30,current_observation_only,,holding_institution_not_yet_geocoded,current_holding_statement,MEI,02156758,https://data.cerl.org/mei/02156758,data/expanded/mei-corpus.json,Observed as the current holding institution; no arrival date is inferred.
02146351-print,02146351,02146351,ib00679400,ib00679400,print_place,first,0,1,,,Rom,Rom,,,,,,,,,,XV.34 adl.,1499,1499,,,gw_extracted_year_range,,place_name_not_yet_geocoded,edition_level_print_statement,GW,04372,https://gesamtkatalogderwiegendrucke.de/docs/GW04372.htm,data/derived/prayer-book-corpus.csv,Printing statement shared by copies of the edition.
02146351-p002-loc01,02146351,02146351,ib00679400,ib00679400,provenance_place,intermediate,2,1,02146351-p002,02146351-p002-loc01,Poland,Poland,Poland,GeoNames,798544,https://www.geonames.org/798544,52,20,Poland,,,XV.34 adl.,1619,,17,,mei_timeperiod,a,coordinates_supplied,copy_level_provenance_place,MEI,02146351-p002,https://data.cerl.org/mei/02146351,data/expanded/mei-corpus.json,
02146351-p003-loc01,02146351,02146351,ib00679400,ib00679400,provenance_place,intermediate,3,1,02146351-p003,02146351-p003-loc01,Poland,Poland,Poland,GeoNames,798544,https://www.geonames.org/798544,52,20,Poland,,,XV.34 adl.,1650,1750,17 | 18,Second half of the 17th c.,mei_timeperiod,,coordinates_supplied,copy_level_provenance_place,MEI,02146351-p003,https://data.cerl.org/mei/02146351,data/expanded/mei-corpus.json,
02146351-p004-loc01,02146351,02146351,ib00679400,ib00679400,provenance_place,intermediate,4,1,02146351-p004,02146351-p004-loc01,Piotrkow Trybunalski,Piotrków Trybunalski,Piotrkow Trybunalski,GeoNames,3088972,https://www.geonames.org/3088972,51.40547,19.70321,Poland,,,XV.34 adl.,1700,1864,17 | 18 | 19,,mei_timeperiod,a,coordinates_supplied,copy_level_provenance_place,MEI,02146351-p004,https://data.cerl.org/mei/02146351,data/expanded/mei-corpus.json,
02146351-p005-loc01,02146351,02146351,ib00679400,ib00679400,provenance_place,intermediate,5,1,02146351-p005,02146351-p005-loc01,Warsaw,Warsaw,Warsaw,GeoNames,756135,https://www.geonames.org/756135,52.22977,21.01178,Poland,,,XV.34 adl.,1907,,20,,mei_timeperiod,,coordinates_supplied,copy_level_provenance_place,MEI,02146351-p005,https://data.cerl.org/mei/02146351,data/expanded/mei-corpus.json,
02146351-current,02146351,02146351,ib00679400,ib00679400,current_holding,last,6,1,,,Warsaw Public Library,,,,,,,,PL,WarsawPubl,Warsaw Public Library,XV.34 adl.,,,,2026-09-30,current_observation_only,,holding_institution_not_yet_geocoded,current_holding_statement,MEI,02146351,https://data.cerl.org/mei/02146351,data/expanded/mei-corpus.json,Observed as the current holding institution; no arrival date is inferred.
02017044-print,02017044,02017044,ib00679850,ib00679850,print_place,first,0,1,,,Rom,Rom,,,,,,,,,,Ink. 322,1500,1500,,,gw_extracted_year_range,,place_name_not_yet_geocoded,edition_level_print_statement,GW,04377,https://gesamtkatalogderwiegendrucke.de/docs/GW04377.htm,data/derived/prayer-book-corpus.csv,Printing statement shared by copies of the edition.
02017044-p002-loc01,02017044,02017044,ib00679850,ib00679850,provenance_place,intermediate,2,1,02017044-p002,02017044-p002-loc01,Vilnius,Vilnius,Vilnius,GeoNames,593116,https://www.geonames.org/593116,54.68916,25.2798,Lithuania,,,Ink. 322,1750,,18,,mei_timeperiod,a,coordinates_supplied,copy_level_provenance_place,MEI,02017044-p002,https://data.cerl.org/mei/02017044,data/expanded/mei-corpus.json,
02017044-current,02017044,02017044,ib00679850,ib00679850,current_holding,last,3,1,,,"Vilnius, University Library",,,,,,,,LT,VilniusUB,"Vilnius, University Library",Ink. 322,,,,2026-09-30,current_observation_only,,holding_institution_not_yet_geocoded,current_holding_statement,MEI,02017044,https://data.cerl.org/mei/02017044,data/expanded/mei-corpus.json,Observed as the current holding institution; no arrival date is inferred.
00201176-print,00201176,00201176,ib00680000,ib00680000,print_place,first,0,1,,,Rom,Rom,,,,,,,,,,14088.181,1500,1500,,,gw_extracted_year_range,,place_name_not_yet_geocoded,edition_level_print_statement,GW,04379,https://gesamtkatalogderwiegendrucke.de/docs/GW04379.htm,data/derived/prayer-book-corpus.csv,Printing statement shared by copies of the edition.
00201176-p002-loc01,00201176,00201176,ib00680000,ib00680000,provenance_place,intermediate,2,1,00201176-p002,00201176-p002-loc01,"Princeton, NJ","Princeton, NJ",,,,,,,,,,14088.181,1910,1945,20,,mei_timeperiod,a,name_only,copy_level_provenance_place,MEI,00201176-p002,https://data.cerl.org/mei/00201176,data/expanded/mei-corpus.json,
00201176-p003-loc01,00201176,00201176,ib00680000,ib00680000,provenance_place,intermediate,3,1,00201176-p003,00201176-p003-loc01,Princeton,Princeton,Princeton,GeoNames,5102922,https://www.geonames.org/5102922,40.34872,-74.65905,United States,,,14088.181,1945,,20,,mei_timeperiod,a,coordinates_supplied,copy_level_provenance_place,MEI,00201176-p003,https://data.cerl.org/mei/00201176,data/expanded/mei-corpus.json,
00201176-current,00201176,00201176,ib00680000,ib00680000,current_holding,last,4,1,,,"Princeton NJ, Princeton University, Firestone Library, Rare Book Division",,,,,,,,US,PrincetonUL,"Princeton NJ, Princeton University, Firestone Library, Rare Book Division",14088.181,,,,2026-09-30,current_observation_only,,holding_institution_not_yet_geocoded,current_holding_statement,MEI,00201176,https://data.cerl.org/mei/00201176,data/expanded/mei-corpus.json,Observed as the current holding institution; no arrival date is inferred.
02125857-print,02125857,02125857,ib00680000,ib00680000,print_place,first,0,1,,,Rom,Rom,,,,,,,,,,14088.181 IN PROCESS,1500,1500,,,gw_extracted_year_range,,place_name_not_yet_geocoded,edition_level_print_statement,GW,04379,https://gesamtkatalogderwiegendrucke.de/docs/GW04379.htm,data/derived/prayer-book-corpus.csv,Printing statement shared by copies of the edition.
02125857-p002-loc01,02125857,02125857,ib00680000,ib00680000,provenance_place,intermediate,2,1,02125857-p002,02125857-p002-loc01,Princeton,Princeton,Princeton,GeoNames,5102922,https://www.geonames.org/5102922,40.34872,-74.65905,United States,,,14088.181 IN PROCESS,,,,,undated,a,coordinates_supplied,copy_level_provenance_place,MEI,02125857-p002,https://data.cerl.org/mei/02125857,data/expanded/mei-corpus.json,
02125857-current,02125857,02125857,ib00680000,ib00680000,current_holding,last,3,1,,,"Princeton NJ, Princeton University, Firestone Library, Rare Book Division",,,,,,,,US,PrincetonUL,"Princeton NJ, Princeton University, Firestone Library, Rare Book Division",14088.181 IN PROCESS,,,,2026-09-30,current_observation_only,,holding_institution_not_yet_geocoded,current_holding_statement,MEI,02125857,https://data.cerl.org/mei/02125857,data/expanded/mei-corpus.json,Observed as the current holding institution; no arrival date is inferred.
02149284-print,02149284,02149284,ib00680400,ib00680400,print_place,first,0,1,,,Rom,Rom,,,,,,,,,,RH 1,1500,1500,,,gw_extracted_year_range,,place_name_not_yet_geocoded,edition_level_print_statement,GW,04380,https://gesamtkatalogderwiegendrucke.de/docs/GW04380.htm,data/derived/prayer-book-corpus.csv,Printing statement shared by copies of the edition.
02149284-p002-loc01,02149284,02149284,ib00680400,ib00680400,provenance_place,intermediate,2,1,02149284-p002,02149284-p002-loc01,Riga,Riga,Riga,GeoNames,456172,https://www.geonames.org/456172,56.946,24.10589,Latvia,,,RH 1,1919,,20,,mei_timeperiod,a,coordinates_supplied,copy_level_provenance_place,MEI,02149284-p002,https://data.cerl.org/mei/02149284,data/expanded/mei-corpus.json,
02149284-current,02149284,02149284,ib00680400,ib00680400,current_holding,last,3,1,,,"Riga, National Library of Latvia",,,,,,,,LV,RigaNL,"Riga, National Library of Latvia",RH 1,,,,2026-09-30,current_observation_only,,holding_institution_not_yet_geocoded,current_holding_statement,MEI,02149284,https://data.cerl.org/mei/02149284,data/expanded/mei-corpus.json,Observed as the current holding institution; no arrival date is inferred.
02154984-print,02154984,02154984,ib00681000,ib00681000,print_place,first,0,1,,,Rom,Rom,,,,,,,,,,Inc 3764.5 (19.2),1494,1500,,,gw_extracted_year_range,,place_name_not_yet_geocoded,edition_level_print_statement,GW,04382,https://gesamtkatalogderwiegendrucke.de/docs/GW04382.htm,data/derived/prayer-book-corpus.csv,Printing statement shared by copies of the edition.
02154984-p001-loc01,02154984,02154984,ib00681000,ib00681000,provenance_place,intermediate,1,1,02154984-p001,02154984-p001-loc01,"Daviaz, La Vorpillière",Vorpillière,"Daviaz, La Vorpillière",GeoNames,10381272,https://www.geonames.org/10381272,46.22709,6.98821,Switzerland,,,Inc 3764.5 (19.2),,1888,15 | 16 | 17 | 18 | 19,,mei_timeperiod,,coordinates_supplied,copy_level_provenance_place,MEI,02154984-p001,https://data.cerl.org/mei/02154984,data/expanded/mei-corpus.json,
02154984-p002-loc01,02154984,02154984,ib00681000,ib00681000,provenance_place,intermediate,2,1,02154984-p002,02154984-p002-loc01,Cambridge,Cambridge,Cambridge,GeoNames,4931972,https://www.geonames.org/4931972,42.3751,-71.10561,United States,,,Inc 3764.5 (19.2),1899,,19,,mei_timeperiod,,coordinates_supplied,copy_level_provenance_place,MEI,02154984-p002,https://data.cerl.org/mei/02154984,data/expanded/mei-corpus.json,
02154984-current,02154984,02154984,ib00681000,ib00681000,current_holding,last,3,1,,,"Cambridge MA, Harvard University, Houghton Library",,,,,,,,US,HarvardHoughton,"Cambridge MA, Harvard University, Houghton Library",Inc 3764.5 (19.2),,,,2026-09-30,current_observation_only,,holding_institution_not_yet_geocoded,current_holding_statement,MEI,02154984,https://data.cerl.org/mei/02154984,data/expanded/mei-corpus.json,Observed as the current holding institution; no arrival date is inferred.
02160423-print,02160423,02160423,ib00681000,ib00681000,print_place,first,0,1,,,Rom,Rom,,,,,,,,,,Incun. X .B6 Rosenwald Coll : midi (Copy 1),1494,1500,,,gw_extracted_year_range,,place_name_not_yet_geocoded,edition_level_print_statement,GW,04382,https://gesamtkatalogderwiegendrucke.de/docs/GW04382.htm,data/derived/prayer-book-corpus.csv,Printing statement shared by copies of the edition.
02160423-p001-loc01,02160423,02160423,ib00681000,ib00681000,provenance_place,intermediate,1,1,02160423-p001,02160423-p001-loc01,Paris,Paris,Paris,GeoNames,2988507,https://www.geonames.org/2988507,48.85341,2.3488,France,,,Incun. X .B6 Rosenwald Coll : midi (Copy 1),,1910,15 | 16 | 17 | 18 | 19 | 20,,mei_timeperiod,,coordinates_supplied,copy_level_provenance_place,MEI,02160423-p001,https://data.cerl.org/mei/02160423,data/expanded/mei-corpus.json,
02160423-p002-loc01,02160423,02160423,ib00681000,ib00681000,provenance_place,intermediate,2,1,02160423-p002,02160423-p002-loc01,Jenkintown,Jenkintown,Jenkintown,GeoNames,5195363,https://www.geonames.org/5195363,40.09594,-75.12517,United States,,,Incun. X .B6 Rosenwald Coll : midi (Copy 1),,,,,undated,,coordinates_supplied,copy_level_provenance_place,MEI,02160423-p002,https://data.cerl.org/mei/02160423,data/expanded/mei-corpus.json,
02160423-p003-loc01,02160423,02160423,ib00681000,ib00681000,provenance_place,intermediate,3,1,02160423-p003,02160423-p003-loc01,Washington,Washington,Washington,GeoNames,4140963,https://www.geonames.org/4140963,38.89511,-77.03637,United States,,,Incun. X .B6 Rosenwald Coll : midi (Copy 1),1954,,20,,mei_timeperiod,,coordinates_supplied,copy_level_provenance_place,MEI,02160423-p003,https://data.cerl.org/mei/02160423,data/expanded/mei-corpus.json,
02160423-current,02160423,02160423,ib00681000,ib00681000,current_holding,last,4,1,,,"Washington DC, Library of Congress, Rare Book Division, Lessing J. Rosenwald Collection",,,,,,,,US,WashingtonLoC,"Washington DC, Library of Congress, Rare Book Division, Lessing J. Rosenwald Collection",Incun. X .B6 Rosenwald Coll : midi (Copy 1),,,,2026-09-30,current_observation_only,,holding_institution_not_yet_geocoded,current_holding_statement,MEI,02160423,https://data.cerl.org/mei/02160423,data/expanded/mei-corpus.json,Observed as the current holding institution; no arrival date is inferred.
02169264-print,02169264,02169264,ib00681500,ib00681500,print_place,first,0,1,,,Rom,Rom,,,,,,,,,,in progress - awaiting verification,1495,1495,,,gw_extracted_year_range,,place_name_not_yet_geocoded,edition_level_print_statement,GW,04371,https://gesamtkatalogderwiegendrucke.de/docs/GW04371.htm,data/derived/prayer-book-corpus.csv,Printing statement shared by copies of the edition.
02169264-current,02169264,02169264,ib00681500,ib00681500,current_holding,last,1,1,,,"Los Angeles CA, University of California",,,,,,,,US,UCalLAL,"Los Angeles CA, University of California",in progress - awaiting verification,,,,2026-09-30,current_observation_only,,holding_institution_not_yet_geocoded,current_holding_statement,MEI,02169264,https://data.cerl.org/mei/02169264,data/expanded/mei-corpus.json,Observed as the current holding institution; no arrival date is inferred.
02012280-print,02012280,02012280,ib00682700,ib00682700,print_place,first,0,1,,,Rom,Rom,,,,,,,,,,Misc. 4044.003a,1500,1500,,,gw_extracted_year_range,,place_name_not_yet_geocoded,edition_level_print_statement,GW,04376,https://gesamtkatalogderwiegendrucke.de/docs/GW04376.htm,data/derived/prayer-book-corpus.csv,Printing statement shared by copies of the edition.
02012280-p001-loc01,02012280,02012280,ib00682700,ib00682700,provenance_place,intermediate,1,1,02012280-p001,02012280-p001-loc01,Venice,Venezia,Venice,GeoNames,6542284,https://www.geonames.org/6542284,45.4389,12.33092,Italy,,,Misc. 4044.003a,1801,,19,,mei_timeperiod,a,coordinates_supplied,copy_level_provenance_place,MEI,02012280-p001,https://data.cerl.org/mei/02012280,data/expanded/mei-corpus.json,
02012280-current,02012280,02012280,ib00682700,ib00682700,current_holding,last,2,1,,,"Venezia, Biblioteca Nazionale Marciana",,,,,,,,IT,VeneziaN,"Venezia, Biblioteca Nazionale Marciana",Misc. 4044.003a,,,,2026-09-30,current_observation_only,,holding_institution_not_yet_geocoded,current_holding_statement,MEI,02012280,https://data.cerl.org/mei/02012280,data/expanded/mei-corpus.json,Observed as the current holding institution; no arrival date is inferred.
00570038-print,00570038,00570038,ib00682700,ib00682700,print_place,first,0,1,,,Rom,Rom,,,,,,,,,,"4.353,6 ",1500,1500,,,gw_extracted_year_range,,place_name_not_yet_geocoded,edition_level_print_statement,GW,04376,https://gesamtkatalogderwiegendrucke.de/docs/GW04376.htm,data/derived/prayer-book-corpus.csv,Printing statement shared by copies of the edition.
00570038-p001-loc01,00570038,00570038,ib00682700,ib00682700,provenance_place,intermediate,1,1,00570038-p001,00570038-p001-loc01,Zurich,Zürich,Zurich,GeoNames,2657896,https://www.geonames.org/2657896,47.36667,8.55,Switzerland,,,"4.353,6 ",1700,1915,17 | 18 | 19 | 20,,mei_timeperiod,,coordinates_supplied,copy_level_provenance_place,MEI,00570038-p001,https://data.cerl.org/mei/00570038,data/expanded/mei-corpus.json,
00570038-p002-loc01,00570038,00570038,ib00682700,ib00682700,provenance_place,intermediate,2,1,00570038-p002,00570038-p002-loc01,Zurich,Zürich,Zurich,GeoNames,2657896,https://www.geonames.org/2657896,47.36667,8.55,Switzerland,,,"4.353,6 ",1916,,20,,mei_timeperiod,a,coordinates_supplied,copy_level_provenance_place,MEI,00570038-p002,https://data.cerl.org/mei/00570038,data/expanded/mei-corpus.json,
00570038-current,00570038,00570038,ib00682700,ib00682700,current_holding,last,3,1,,,"Zürich, Zentralbibliothek",,,,,,,,CH,ZurichZB,"Zürich, Zentralbibliothek","4.353,6 ",,,,2026-09-30,current_observation_only,,holding_institution_not_yet_geocoded,current_holding_statement,MEI,00570038,https://data.cerl.org/mei/00570038,data/expanded/mei-corpus.json,Observed as the current holding institution; no arrival date is inferred.
00212673-print,00212673,00212673,ib00682700,ib00682700,print_place,first,0,1,,,Rom,Rom,,,,,,,,,,8° M 40(6) Th. Seld.,1500,1500,,,gw_extracted_year_range,,place_name_not_yet_geocoded,edition_level_print_statement,GW,04376,https://gesamtkatalogderwiegendrucke.de/docs/GW04376.htm,data/derived/prayer-book-corpus.csv,Printing statement shared by copies of the edition.
00212673-p002-loc01,00212673,00212673,ib00682700,ib00682700,provenance_place,intermediate,2,1,00212673-p002,00212673-p002-loc01,Oxford,Oxford,Oxford,GeoNames,2640729,https://www.geonames.org/2640729,51.75222,-1.25596,United Kingdom,,,8° M 40(6) Th. Seld.,,,,,undated,,coordinates_supplied,copy_level_provenance_place,MEI,00212673-p002,https://data.cerl.org/mei/00212673,data/expanded/mei-corpus.json,
00212673-current,00212673,00212673,ib00682700,ib00682700,current_holding,last,3,1,,,"Oxford, Bodleian Library",,,,,,,,GB,OxfordBodley,"Oxford, Bodleian Library",8° M 40(6) Th. Seld.,,,,2026-09-30,current_observation_only,,holding_institution_not_yet_geocoded,current_holding_statement,MEI,00212673,https://data.cerl.org/mei/00212673,data/expanded/mei-corpus.json,Observed as the current holding institution; no arrival date is inferred.
02161113-print,02161113,02161113,ib00683450,ib00683450,print_place,first,0,1,,,Rom,Rom,,,,,,,,,,BT430 .Q563 1500 Incun Coll Vollbehr Coll (Copy 1),1500,1500,,,gw_extracted_year_range,,place_name_not_yet_geocoded,edition_level_print_statement,GW,04383,https://gesamtkatalogderwiegendrucke.de/docs/GW04383.htm,data/derived/prayer-book-corpus.csv,Printing statement shared by copies of the edition.
02161113-p001-loc01,02161113,02161113,ib00683450,ib00683450,provenance_place,intermediate,1,1,02161113-p001,02161113-p001-loc01,Berlin,Berlin,Berlin,GeoNames,2950159,https://www.geonames.org/2950159,52.52437,13.41053,Germany,,,BT430 .Q563 1500 Incun Coll Vollbehr Coll (Copy 1),1918,1930,20,,mei_timeperiod,,coordinates_supplied,copy_level_provenance_place,MEI,02161113-p001,https://data.cerl.org/mei/02161113,data/expanded/mei-corpus.json,
02161113-p002-loc01,02161113,02161113,ib00683450,ib00683450,provenance_place,intermediate,2,1,02161113-p002,02161113-p002-loc01,Washington,Washington,Washington,GeoNames,4140963,https://www.geonames.org/4140963,38.89511,-77.03637,United States,,,BT430 .Q563 1500 Incun Coll Vollbehr Coll (Copy 1),1930,,20,,mei_timeperiod,,coordinates_supplied,copy_level_provenance_place,MEI,02161113-p002,https://data.cerl.org/mei/02161113,data/expanded/mei-corpus.json,
02161113-current,02161113,02161113,ib00683450,ib00683450,current_holding,last,3,1,,,"Washington DC, Library of Congress, Rare Book Division",,,,,,,,US,LC,"Washington DC, Library of Congress, Rare Book Division",BT430 .Q563 1500 Incun Coll Vollbehr Coll (Copy 1),,,,2026-09-30,current_observation_only,,holding_institution_not_yet_geocoded,current_holding_statement,MEI,02161113,https://data.cerl.org/mei/02161113,data/expanded/mei-corpus.json,Observed as the current holding institution; no arrival date is inferred.
02169730-print,02169730,02169730,ib00683450,ib00683450,print_place,first,0,1,,,Rom,Rom,,,,,,,,,,in progress - awaiting verification,1500,1500,,,gw_extracted_year_range,,place_name_not_yet_geocoded,edition_level_print_statement,GW,04383,https://gesamtkatalogderwiegendrucke.de/docs/GW04383.htm,data/derived/prayer-book-corpus.csv,Printing statement shared by copies of the edition.
02169730-current,02169730,02169730,ib00683450,ib00683450,current_holding,last,1,1,,,"Los Angeles CA, University of California",,,,,,,,US,UCalLAL,"Los Angeles CA, University of California",in progress - awaiting verification,,,,2026-09-30,current_observation_only,,holding_institution_not_yet_geocoded,current_holding_statement,MEI,02169730,https://data.cerl.org/mei/02169730,data/expanded/mei-corpus.json,Observed as the current holding institution; no arrival date is inferred.
00200682-print,00200682,00200682,ib00939000,ib00939000,print_place,first,0,1,,,Venedig,Venedig,,,,,,,,,,Inc.c.a. 27 m,1486,1486,,,gw_extracted_year_range,,place_name_not_yet_geocoded,edition_level_print_statement,GW,13367,https://gesamtkatalogderwiegendrucke.de/docs/GW13367.htm,data/derived/prayer-book-corpus.csv,Printing statement shared by copies of the edition.
00200682-current,00200682,00200682,ib00939000,ib00939000,current_holding,last,1,1,,,"München, Bayerische Staatsbibliothek",,,,,,,,DE,MunchenBSB,"München, Bayerische Staatsbibliothek",Inc.c.a. 27 m,,,,2026-09-30,current_observation_only,,holding_institution_not_yet_geocoded,current_holding_statement,MEI,00200682,https://data.cerl.org/mei/00200682,data/expanded/mei-corpus.json,Observed as the current holding institution; no arrival date is inferred.
00200683-print,00200683,00200683,ib00939000,ib00939000,print_place,first,0,1,,,Venedig,Venedig,,,,,,,,,,41 G 48,1486,1486,,,gw_extracted_year_range,,place_name_not_yet_geocoded,edition_level_print_statement,GW,13367,https://gesamtkatalogderwiegendrucke.de/docs/GW13367.htm,data/derived/prayer-book-corpus.csv,Printing statement shared by copies of the edition.
00200683-current,00200683,00200683,ib00939000,ib00939000,current_holding,last,1,1,,,"Praha, Národni knihovna České republiky",,,,,,,,CZ,PragueNL,"Praha, Národni knihovna České republiky",41 G 48,,,,2026-09-30,current_observation_only,,holding_institution_not_yet_geocoded,current_holding_statement,MEI,00200683,https://data.cerl.org/mei/00200683,data/expanded/mei-corpus.json,Observed as the current holding institution; no arrival date is inferred.
00200686-print,00200686,00200686,ib00939000,ib00939000,print_place,first,0,1,,,Venedig,Venedig,,,,,,,,,,"17,12,43",1486,1486,,,gw_extracted_year_range,,place_name_not_yet_geocoded,edition_level_print_statement,GW,13367,https://gesamtkatalogderwiegendrucke.de/docs/GW13367.htm,data/derived/prayer-book-corpus.csv,Printing statement shared by copies of the edition.
00200686-current,00200686,00200686,ib00939000,ib00939000,current_holding,last,1,1,,,"Zwickau, Ratsschulbibliothek",,,,,,,,DE,ZwickauRatsSchB,"Zwickau, Ratsschulbibliothek","17,12,43",,,,2026-09-30,current_observation_only,,holding_institution_not_yet_geocoded,current_holding_statement,MEI,00200686,https://data.cerl.org/mei/00200686,data/expanded/mei-corpus.json,Observed as the current holding institution; no arrival date is inferred.
02101265-print,02101265,02101265,ib00939000,ib00939000,print_place,first,0,1,,,Venedig,Venedig,,,,,,,,,,KW 150 D 20,1486,1486,,,gw_extracted_year_range,,place_name_not_yet_geocoded,edition_level_print_statement,GW,13367,https://gesamtkatalogderwiegendrucke.de/docs/GW13367.htm,data/derived/prayer-book-corpus.csv,Printing statement shared by copies of the edition.
02101265-p002-loc01,02101265,02101265,ib00939000,ib00939000,provenance_place,intermediate,2,1,02101265-p002,02101265-p002-loc01,The Hague,Den Haag,The Hague,GeoNames,2747373,https://www.geonames.org/2747373,52.07667,4.29861,The Netherlands,,,KW 150 D 20,1724,1804,18 | 19,1809,mei_timeperiod,a,coordinates_supplied,copy_level_provenance_place,MEI,02101265-p002,https://data.cerl.org/mei/02101265,data/expanded/mei-corpus.json,
02101265-p003-loc01,02101265,02101265,ib00939000,ib00939000,provenance_place,intermediate,3,1,02101265-p003,02101265-p003-loc01,The Hague,Den Haag,The Hague,GeoNames,2747373,https://www.geonames.org/2747373,52.07667,4.29861,The Netherlands,,,KW 150 D 20,1809,,19,,mei_timeperiod,a,coordinates_supplied,copy_level_provenance_place,MEI,02101265-p003,https://data.cerl.org/mei/02101265,data/expanded/mei-corpus.json,
02101265-current,02101265,02101265,ib00939000,ib00939000,current_holding,last,4,1,,,"Den Haag, Koninklijke Bibliotheek - Nationale Bibliotheek van Nederland",,,,,,,,NL,NLKB,"Den Haag, Koninklijke Bibliotheek - Nationale Bibliotheek van Nederland",KW 150 D 20,,,,2026-09-30,current_observation_only,,holding_institution_not_yet_geocoded,current_holding_statement,MEI,02101265,https://data.cerl.org/mei/02101265,data/expanded/mei-corpus.json,Observed as the current holding institution; no arrival date is inferred.
00200681-print,00200681,00200681,ib00939000,ib00939000,print_place,first,0,1,,,Venedig,Venedig,,,,,,,,,,A1.B642p 1486,1486,1486,,,gw_extracted_year_range,,place_name_not_yet_geocoded,edition_level_print_statement,GW,13367,https://gesamtkatalogderwiegendrucke.de/docs/GW13367.htm,data/derived/prayer-book-corpus.csv,Printing statement shared by copies of the edition.
00200681-current,00200681,00200681,ib00939000,ib00939000,current_holding,last,1,1,,,"Los Angeles CA, University of California",,,,,,,,US,UCalLAL,"Los Angeles CA, University of California",A1.B642p 1486,,,,2026-09-30,current_observation_only,,holding_institution_not_yet_geocoded,current_holding_statement,MEI,00200681,https://data.cerl.org/mei/00200681,data/expanded/mei-corpus.json,Observed as the current holding institution; no arrival date is inferred.
00200684-print,00200684,00200684,ib00939000,ib00939000,print_place,first,0,1,,,Venedig,Venedig,,,,,,,,,,Inc.56 T.III.2,1486,1486,,,gw_extracted_year_range,,place_name_not_yet_geocoded,edition_level_print_statement,GW,13367,https://gesamtkatalogderwiegendrucke.de/docs/GW13367.htm,data/derived/prayer-book-corpus.csv,Printing statement shared by copies of the edition.
00200684-p001-loc01,00200684,00200684,ib00939000,ib00939000,provenance_place,intermediate,1,1,00200684-p001,00200684-p001-loc01,Szczyrzyc,Szczyrzyc,Szczyrzyc,GeoNames,757367,https://www.geonames.org/757367,49.78304,20.19012,Poland,,,Inc.56 T.III.2,,,,,undated,,coordinates_supplied,copy_level_provenance_place,MEI,00200684-p001,https://data.cerl.org/mei/00200684,data/expanded/mei-corpus.json,
00200684-current,00200684,00200684,ib00939000,ib00939000,current_holding,last,2,1,,,"Szczyrzyc, Biblioteka OO. Cystersów",,,,,,,,PL,SzczyrzycC,"Szczyrzyc, Biblioteka OO. Cystersów",Inc.56 T.III.2,,,,2026-09-30,current_observation_only,,holding_institution_not_yet_geocoded,current_holding_statement,MEI,00200684,https://data.cerl.org/mei/00200684,data/expanded/mei-corpus.json,Observed as the current holding institution; no arrival date is inferred.
02000952-print,02000952,02000952,ic00788150,ic00788150,print_place,first,0,1,,,Florenz,Florenz,,,,,,,,,,IA.27029,1477,1477,,,gw_extracted_year_range,,place_name_not_yet_geocoded,edition_level_print_statement,GW,13391,https://gesamtkatalogderwiegendrucke.de/docs/GW13391.htm,data/derived/prayer-book-corpus.csv,Printing statement shared by copies of the edition.
02000952-p001-loc01,02000952,02000952,ic00788150,ic00788150,provenance_place,intermediate,1,1,02000952-p001,02000952-p001-loc01,London,London,London,GeoNames,2643743,https://www.geonames.org/2643743,51.50853,-0.12574,United Kingdom,,,IA.27029,1891,,19,,mei_timeperiod,a,coordinates_supplied,copy_level_provenance_place,MEI,02000952-p001,https://data.cerl.org/mei/02000952,data/expanded/mei-corpus.json,
02000952-current,02000952,02000952,ic00788150,ic00788150,current_holding,last,2,1,,,"London, British Library",,,,,,,,GB,LondonBL,"London, British Library",IA.27029,,,,2026-09-23,current_observation_only,,holding_institution_not_yet_geocoded,current_holding_statement,MEI,02000952,https://data.cerl.org/mei/02000952,data/expanded/mei-corpus.json,Observed as the current holding institution; no arrival date is inferred.
00200669-print,00200669,00200669,ic00788150,ic00788150,print_place,first,0,1,,,Florenz,Florenz,,,,,,,,,,Inc.4.B.8.3 (4375),1477,1477,,,gw_extracted_year_range,,place_name_not_yet_geocoded,edition_level_print_statement,GW,13391,https://gesamtkatalogderwiegendrucke.de/docs/GW13391.htm,data/derived/prayer-book-corpus.csv,Printing statement shared by copies of the edition.
00200669-current,00200669,00200669,ic00788150,ic00788150,current_holding,last,1,1,,,"Cambridge, University Library",,,,,,,,GB,CambridgeUL,"Cambridge, University Library",Inc.4.B.8.3 (4375),,,,2026-09-23,current_observation_only,,holding_institution_not_yet_geocoded,current_holding_statement,MEI,00200669,https://data.cerl.org/mei/00200669,data/expanded/mei-corpus.json,Observed as the current holding institution; no arrival date is inferred.
00200671-print,00200671,00200671,ic00788150,ic00788150,print_place,first,0,1,,,Florenz,Florenz,,,,,,,,,,Ed.R 647,1477,1477,,,gw_extracted_year_range,,place_name_not_yet_geocoded,edition_level_print_statement,GW,13391,https://gesamtkatalogderwiegendrucke.de/docs/GW13391.htm,data/derived/prayer-book-corpus.csv,Printing statement shared by copies of the edition.
00200671-current,00200671,00200671,ic00788150,ic00788150,current_holding,last,1,1,,,Firenze Biblioteca Riccardiana,,,,,,,,IT,FirenzeRicc,Firenze Biblioteca Riccardiana,Ed.R 647,,,,2026-09-23,current_observation_only,,holding_institution_not_yet_geocoded,current_holding_statement,MEI,00200671,https://data.cerl.org/mei/00200671,data/expanded/mei-corpus.json,Observed as the current holding institution; no arrival date is inferred.
00200670-print,00200670,00200670,ic00788150,ic00788150,print_place,first,0,1,,,Florenz,Florenz,,,,,,,,,,B. 5. 31,1477,1477,,,gw_extracted_year_range,,place_name_not_yet_geocoded,edition_level_print_statement,GW,13391,https://gesamtkatalogderwiegendrucke.de/docs/GW13391.htm,data/derived/prayer-book-corpus.csv,Printing statement shared by copies of the edition.
00200670-current,00200670,00200670,ic00788150,ic00788150,current_holding,last,1,1,,,"Firenze, Biblioteca Nazionale Centrale",,,,,,,,IT,FirenzeN,"Firenze, Biblioteca Nazionale Centrale",B. 5. 31,,,,2026-09-23,current_observation_only,,holding_institution_not_yet_geocoded,current_holding_statement,MEI,00200670,https://data.cerl.org/mei/00200670,data/expanded/mei-corpus.json,Observed as the current holding institution; no arrival date is inferred.
00559729-print,00559729,00559729,ic00788150,ic00788150,print_place,first,0,1,,,Florenz,Florenz,,,,,,,,,,Inc.4.B.8.3[4375],1477,1477,,,gw_extracted_year_range,,place_name_not_yet_geocoded,edition_level_print_statement,GW,13391,https://gesamtkatalogderwiegendrucke.de/docs/GW13391.htm,data/derived/prayer-book-corpus.csv,Printing statement shared by copies of the edition.
00559729-p002-loc01,00559729,00559729,ic00788150,ic00788150,provenance_place,intermediate,2,1,00559729-p002,00559729-p002-loc01,Cambridge,Cambridge,Cambridge,GeoNames,2653941,https://www.geonames.org/2653941,52.2,0.11667,United Kingdom,,,Inc.4.B.8.3[4375],,,,,undated,a,coordinates_supplied,copy_level_provenance_place,MEI,00559729-p002,https://data.cerl.org/mei/00559729,data/expanded/mei-corpus.json,
00559729-current,00559729,00559729,ic00788150,ic00788150,current_holding,last,3,1,,,"Cambridge, University Library",,,,,,,,GB,CambridgeUL,"Cambridge, University Library",Inc.4.B.8.3[4375],,,,2026-09-23,current_observation_only,,holding_institution_not_yet_geocoded,current_holding_statement,MEI,00559729,https://data.cerl.org/mei/00559729,data/expanded/mei-corpus.json,Observed as the current holding institution; no arrival date is inferred.
00200677-print,00200677,00200677,ic00788300,ic00788300,print_place,first,0,1,,,Florenz,Florenz,,,,,,,,,,A. 7. 16,1486,1486,,,gw_extracted_year_range,,place_name_not_yet_geocoded,edition_level_print_statement,GW,13392,https://gesamtkatalogderwiegendrucke.de/docs/GW13392.htm,data/derived/prayer-book-corpus.csv,Printing statement shared by copies of the edition.
00200677-current,00200677,00200677,ic00788300,ic00788300,current_holding,last,1,1,,,"Firenze, Biblioteca Nazionale Centrale",,,,,,,,IT,FirenzeN,"Firenze, Biblioteca Nazionale Centrale",A. 7. 16,,,,2026-09-30,current_observation_only,,holding_institution_not_yet_geocoded,current_holding_statement,MEI,00200677,https://data.cerl.org/mei/00200677,data/expanded/mei-corpus.json,Observed as the current holding institution; no arrival date is inferred.
00200678-print,00200678,00200678,ic00788300,ic00788300,print_place,first,0,1,,,Florenz,Florenz,,,,,,,,,,Ed.R. 648,1486,1486,,,gw_extracted_year_range,,place_name_not_yet_geocoded,edition_level_print_statement,GW,13392,https://gesamtkatalogderwiegendrucke.de/docs/GW13392.htm,data/derived/prayer-book-corpus.csv,Printing statement shared by copies of the edition.
00200678-current,00200678,00200678,ic00788300,ic00788300,current_holding,last,1,1,,,Firenze Biblioteca Riccardiana,,,,,,,,IT,FirenzeRicc,Firenze Biblioteca Riccardiana,Ed.R. 648,,,,2026-09-30,current_observation_only,,holding_institution_not_yet_geocoded,current_holding_statement,MEI,00200678,https://data.cerl.org/mei/00200678,data/expanded/mei-corpus.json,Observed as the current holding institution; no arrival date is inferred.
00200679-print,00200679,00200679,ic00788300,ic00788300,print_place,first,0,1,,,Florenz,Florenz,,,,,,,,,,Inc.54,1486,1486,,,gw_extracted_year_range,,place_name_not_yet_geocoded,edition_level_print_statement,GW,13392,https://gesamtkatalogderwiegendrucke.de/docs/GW13392.htm,data/derived/prayer-book-corpus.csv,Printing statement shared by copies of the edition.
00200679-current,00200679,00200679,ic00788300,ic00788300,current_holding,last,1,1,,,"Pisa, Biblioteca Cathariniana del Seminario Arcivescovile",,,,,,,,IT,PisaSem,"Pisa, Biblioteca Cathariniana del Seminario Arcivescovile",Inc.54,,,,2026-09-30,current_observation_only,,holding_institution_not_yet_geocoded,current_holding_statement,MEI,00200679,https://data.cerl.org/mei/00200679,data/expanded/mei-corpus.json,Observed as the current holding institution; no arrival date is inferred.
00200680-print,00200680,00200680,ic00788300,ic00788300,print_place,first,0,1,,,Florenz,Florenz,,,,,,,,,,AB/3 II fila 80,1486,1486,,,gw_extracted_year_range,,place_name_not_yet_geocoded,edition_level_print_statement,GW,13392,https://gesamtkatalogderwiegendrucke.de/docs/GW13392.htm,data/derived/prayer-book-corpus.csv,Printing statement shared by copies of the edition.
00200680-current,00200680,00200680,ic00788300,ic00788300,current_holding,last,1,1,,,"Pistoia, Biblioteca Forteguerriana",,,,,,,,IT,PistoiaFort,"Pistoia, Biblioteca Forteguerriana",AB/3 II fila 80,,,,2026-09-30,current_observation_only,,holding_institution_not_yet_geocoded,current_holding_statement,MEI,00200680,https://data.cerl.org/mei/00200680,data/expanded/mei-corpus.json,Observed as the current holding institution; no arrival date is inferred.
00200688-print,00200688,00200688,ic00788450,ic00788450,print_place,first,0,1,,,Florenz,Florenz,,,,,,,,,,L. 6. 62,1488,1488,,,gw_extracted_year_range,,place_name_not_yet_geocoded,edition_level_print_statement,GW,13393,https://gesamtkatalogderwiegendrucke.de/docs/GW13393.htm,data/derived/prayer-book-corpus.csv,Printing statement shared by copies of the edition.
00200688-current,00200688,00200688,ic00788450,ic00788450,current_holding,last,1,1,,,"Firenze, Biblioteca Nazionale Centrale",,,,,,,,IT,FirenzeN,"Firenze, Biblioteca Nazionale Centrale",L. 6. 62,,,,2026-09-30,current_observation_only,,holding_institution_not_yet_geocoded,current_holding_statement,MEI,00200688,https://data.cerl.org/mei/00200688,data/expanded/mei-corpus.json,Observed as the current holding institution; no arrival date is inferred.
00200689-print,00200689,00200689,ic00788450,ic00788450,print_place,first,0,1,,,Florenz,Florenz,,,,,,,,,,N VI 024,1488,1488,,,gw_extracted_year_range,,place_name_not_yet_geocoded,edition_level_print_statement,GW,13393,https://gesamtkatalogderwiegendrucke.de/docs/GW13393.htm,data/derived/prayer-book-corpus.csv,Printing statement shared by copies of the edition.
00200689-current,00200689,00200689,ic00788450,ic00788450,current_holding,last,1,1,,,"Siena, Biblioteca Comunale degli Intronati",,,,,,,,IT,SienaC,"Siena, Biblioteca Comunale degli Intronati",N VI 024,,,,2026-09-30,current_observation_only,,holding_institution_not_yet_geocoded,current_holding_statement,MEI,00200689,https://data.cerl.org/mei/00200689,data/expanded/mei-corpus.json,Observed as the current holding institution; no arrival date is inferred.
00559730-print,00559730,00559730,ic00788450,ic00788450,print_place,first,0,1,,,Florenz,Florenz,,,,,,,,,,Inc.4.B.8.12[4461],1488,1488,,,gw_extracted_year_range,,place_name_not_yet_geocoded,edition_level_print_statement,GW,13393,https://gesamtkatalogderwiegendrucke.de/docs/GW13393.htm,data/derived/prayer-book-corpus.csv,Printing statement shared by copies of the edition.
00559730-p001-loc01,00559730,00559730,ic00788450,ic00788450,provenance_place,intermediate,1,1,00559730-p001,00559730-p001-loc01,Florence,Florence,Florence,GeoNames,3176959,https://www.geonames.org/3176959,43.77925,11.24626,Italy,,,Inc.4.B.8.12[4461],,,,,undated,,coordinates_supplied,copy_level_provenance_place,MEI,00559730-p001,https://data.cerl.org/mei/00559730,data/expanded/mei-corpus.json,
00559730-p002-loc01,00559730,00559730,ic00788450,ic00788450,provenance_place,intermediate,2,1,00559730-p002,00559730-p002-loc01,Florence,Florence,Florence,GeoNames,3176959,https://www.geonames.org/3176959,43.77925,11.24626,Italy,,,Inc.4.B.8.12[4461],1865,1939,19 | 20,,mei_timeperiod,,coordinates_supplied,copy_level_provenance_place,MEI,00559730-p002,https://data.cerl.org/mei/00559730,data/expanded/mei-corpus.json,
00559730-p003-loc01,00559730,00559730,ic00788450,ic00788450,provenance_place,intermediate,3,1,00559730-p003,00559730-p003-loc01,Milan,Milano,Milan,GeoNames,3173435,https://www.geonames.org/3173435,45.46427,9.18951,Italy,,,Inc.4.B.8.12[4461],1953,1965,20,,mei_timeperiod,,coordinates_supplied,copy_level_provenance_place,MEI,00559730-p003,https://data.cerl.org/mei/00559730,data/expanded/mei-corpus.json,
00559730-p004-loc01,00559730,00559730,ic00788450,ic00788450,provenance_place,intermediate,4,1,00559730-p004,00559730-p004-loc01,Cambridge,Cambridge,Cambridge,GeoNames,2653941,https://www.geonames.org/2653941,52.2,0.11667,United Kingdom,,,Inc.4.B.8.12[4461],1965,,20,,mei_timeperiod,a,coordinates_supplied,copy_level_provenance_place,MEI,00559730-p004,https://data.cerl.org/mei/00559730,data/expanded/mei-corpus.json,
00559730-current,00559730,00559730,ic00788450,ic00788450,current_holding,last,5,1,,,"Cambridge, University Library",,,,,,,,GB,CambridgeUL,"Cambridge, University Library",Inc.4.B.8.12[4461],,,,2026-09-30,current_observation_only,,holding_institution_not_yet_geocoded,current_holding_statement,MEI,00559730,https://data.cerl.org/mei/00559730,data/expanded/mei-corpus.json,Observed as the current holding institution; no arrival date is inferred.
00200693-print,00200693,00200693,ic00788600,ic00788600,print_place,first,0,1,,,Florenz,Florenz,,,,,,,,,,B. 5. 32,,,,,gw_date_not_yet_extracted,,place_name_not_yet_geocoded,edition_level_print_statement,GW,13394,https://gesamtkatalogderwiegendrucke.de/docs/GW13394.htm,data/derived/prayer-book-corpus.csv,Printing statement shared by copies of the edition.
00200693-current,00200693,00200693,ic00788600,ic00788600,current_holding,last,1,1,,,"Firenze, Biblioteca Nazionale Centrale",,,,,,,,IT,FirenzeN,"Firenze, Biblioteca Nazionale Centrale",B. 5. 32,,,,2026-09-23,current_observation_only,,holding_institution_not_yet_geocoded,current_holding_statement,MEI,00200693,https://data.cerl.org/mei/00200693,data/expanded/mei-corpus.json,Observed as the current holding institution; no arrival date is inferred.
00200696-print,00200696,00200696,ic00788600,ic00788600,print_place,first,0,1,,,Florenz,Florenz,,,,,,,,,,Rés. B. 2912,,,,,gw_date_not_yet_extracted,,place_name_not_yet_geocoded,edition_level_print_statement,GW,13394,https://gesamtkatalogderwiegendrucke.de/docs/GW13394.htm,data/derived/prayer-book-corpus.csv,Printing statement shared by copies of the edition.
00200696-current,00200696,00200696,ic00788600,ic00788600,current_holding,last,1,1,,,"Paris, Bibliothèque nationale de France",,,,,,,,FR,ParisBN,"Paris, Bibliothèque nationale de France",Rés. B. 2912,,,,2026-09-23,current_observation_only,,holding_institution_not_yet_geocoded,current_holding_statement,MEI,00200696,https://data.cerl.org/mei/00200696,data/expanded/mei-corpus.json,Observed as the current holding institution; no arrival date is inferred.
00200695-print,00200695,00200695,ic00788600,ic00788600,print_place,first,0,1,,,Florenz,Florenz,,,,,,,,,,[alfa]. C.2.4,,,,,gw_date_not_yet_extracted,,place_name_not_yet_geocoded,edition_level_print_statement,GW,13394,https://gesamtkatalogderwiegendrucke.de/docs/GW13394.htm,data/derived/prayer-book-corpus.csv,Printing statement shared by copies of the edition.
00200695-current,00200695,00200695,ic00788600,ic00788600,current_holding,last,1,1,,,"Modena, Biblioteca Estense Universitaria",,,,,,,,IT,ModenaEst,"Modena, Biblioteca Estense Universitaria",[alfa]. C.2.4,,,,2026-09-23,current_observation_only,,holding_institution_not_yet_geocoded,current_holding_statement,MEI,00200695,https://data.cerl.org/mei/00200695,data/expanded/mei-corpus.json,Observed as the current holding institution; no arrival date is inferred.
00200697-print,00200697,00200697,ic00788600,ic00788600,print_place,first,0,1,,,Florenz,Florenz,,,,,,,,,,M VI 021,,,,,gw_date_not_yet_extracted,,place_name_not_yet_geocoded,edition_level_print_statement,GW,13394,https://gesamtkatalogderwiegendrucke.de/docs/GW13394.htm,data/derived/prayer-book-corpus.csv,Printing statement shared by copies of the edition.
00200697-current,00200697,00200697,ic00788600,ic00788600,current_holding,last,1,1,,,"Siena, Biblioteca Comunale degli Intronati",,,,,,,,IT,SienaC,"Siena, Biblioteca Comunale degli Intronati",M VI 021,,,,2026-09-23,current_observation_only,,holding_institution_not_yet_geocoded,current_holding_statement,MEI,00200697,https://data.cerl.org/mei/00200697,data/expanded/mei-corpus.json,Observed as the current holding institution; no arrival date is inferred.
00200694-print,00200694,00200694,ic00788600,ic00788600,print_place,first,0,1,,,Florenz,Florenz,,,,,,,,,,Pal. D. 7. 6. 3,,,,,gw_date_not_yet_extracted,,place_name_not_yet_geocoded,edition_level_print_statement,GW,13394,https://gesamtkatalogderwiegendrucke.de/docs/GW13394.htm,data/derived/prayer-book-corpus.csv,Printing statement shared by copies of the edition.
00200694-p001-loc01,00200694,00200694,ic00788600,ic00788600,provenance_place,intermediate,1,1,00200694-p001,00200694-p001-loc01,Florence,Florence,Florence,GeoNames,3176959,https://www.geonames.org/3176959,43.77925,11.24626,Italy,,,Pal. D. 7. 6. 3,1498,1505,15 | 16,,mei_timeperiod,,coordinates_supplied,copy_level_provenance_place,MEI,00200694-p001,https://data.cerl.org/mei/00200694,data/expanded/mei-corpus.json,
00200694-p002-loc01,00200694,00200694,ic00788600,ic00788600,provenance_place,intermediate,2,1,00200694-p002,00200694-p002-loc01,Florence,Florence,Florence,GeoNames,3176959,https://www.geonames.org/3176959,43.77925,11.24626,Italy,,,Pal. D. 7. 6. 3,1505,1505,16,1505,mei_timeperiod,,coordinates_supplied,copy_level_provenance_place,MEI,00200694-p002,https://data.cerl.org/mei/00200694,data/expanded/mei-corpus.json,
00200694-p003-loc01,00200694,00200694,ic00788600,ic00788600,provenance_place,intermediate,3,1,00200694-p003,00200694-p003-loc01,Florence,Florence,Florence,GeoNames,3176959,https://www.geonames.org/3176959,43.77925,11.24626,Italy,,,Pal. D. 7. 6. 3,1745,1771,18,,mei_timeperiod,,coordinates_supplied,copy_level_provenance_place,MEI,00200694-p003,https://data.cerl.org/mei/00200694,data/expanded/mei-corpus.json,
00200694-p004-loc01,00200694,00200694,ic00788600,ic00788600,provenance_place,intermediate,4,1,00200694-p004,00200694-p004-loc01,Florence,Firenze,Florence,GeoNames,3176959,https://www.geonames.org/3176959,43.77925,11.24626,Italy,,,Pal. D. 7. 6. 3,1861,,19,,mei_timeperiod,,coordinates_supplied,copy_level_provenance_place,MEI,00200694-p004,https://data.cerl.org/mei/00200694,data/expanded/mei-corpus.json,
00200694-current,00200694,00200694,ic00788600,ic00788600,current_holding,last,5,1,,,"Firenze, Biblioteca Nazionale Centrale",,,,,,,,IT,FirenzeN,"Firenze, Biblioteca Nazionale Centrale",Pal. D. 7. 6. 3,,,,2026-09-23,current_observation_only,,holding_institution_not_yet_geocoded,current_holding_statement,MEI,00200694,https://data.cerl.org/mei/00200694,data/expanded/mei-corpus.json,Observed as the current holding institution; no arrival date is inferred.
00200712-print,00200712,00200712,ic00790000,ic00790000,print_place,first,0,1,,,Venedig,Venedig,,,,,,,,,,1420,1498,1498,,,gw_extracted_year_range,,place_name_not_yet_geocoded,edition_level_print_statement,GW,13386,https://gesamtkatalogderwiegendrucke.de/docs/GW13386.htm,data/derived/prayer-book-corpus.csv,Printing statement shared by copies of the edition.
00200712-current,00200712,00200712,ic00790000,ic00790000,current_holding,last,1,1,,,"Klosterneuburg, Chorherren, Stiftsbibliothek",,,,,,,,AT,Klosterneuburg,"Klosterneuburg, Chorherren, Stiftsbibliothek",1420,,,,2026-09-30,current_observation_only,,holding_institution_not_yet_geocoded,current_holding_statement,MEI,00200712,https://data.cerl.org/mei/00200712,data/expanded/mei-corpus.json,Observed as the current holding institution; no arrival date is inferred.
00200709-print,00200709,00200709,ic00790000,ic00790000,print_place,first,0,1,,,Venedig,Venedig,,,,,,,,,,,1498,1498,,,gw_extracted_year_range,,place_name_not_yet_geocoded,edition_level_print_statement,GW,13386,https://gesamtkatalogderwiegendrucke.de/docs/GW13386.htm,data/derived/prayer-book-corpus.csv,Printing statement shared by copies of the edition.
00200709-current,00200709,00200709,ic00790000,ic00790000,current_holding,last,1,1,,,"Esztergom, Érseki Simor Könyvtár",,,,,,,,HU,EsztergomSimor,"Esztergom, Érseki Simor Könyvtár",,,,,2026-09-30,current_observation_only,,holding_institution_not_yet_geocoded,current_holding_statement,MEI,00200709,https://data.cerl.org/mei/00200709,data/expanded/mei-corpus.json,Observed as the current holding institution; no arrival date is inferred.
00200711-print,00200711,00200711,ic00790000,ic00790000,print_place,first,0,1,,,Venedig,Venedig,,,,,,,,,,Sec. XV 259,1498,1498,,,gw_extracted_year_range,,place_name_not_yet_geocoded,edition_level_print_statement,GW,13386,https://gesamtkatalogderwiegendrucke.de/docs/GW13386.htm,data/derived/prayer-book-corpus.csv,Printing statement shared by copies of the edition.
00200711-current,00200711,00200711,ic00790000,ic00790000,current_holding,last,1,1,,,"Padova, Biblioteca Universitaria",,,,,,,,IT,PadovaU,"Padova, Biblioteca Universitaria",Sec. XV 259,,,,2026-09-30,current_observation_only,,holding_institution_not_yet_geocoded,current_holding_statement,MEI,00200711,https://data.cerl.org/mei/00200711,data/expanded/mei-corpus.json,Observed as the current holding institution; no arrival date is inferred.
00200708-print,00200708,00200708,ic00790000,ic00790000,print_place,first,0,1,,,Venedig,Venedig,,,,,,,,,,BV249.L3 C6 1498,1498,1498,,,gw_extracted_year_range,,place_name_not_yet_geocoded,edition_level_print_statement,GW,13386,https://gesamtkatalogderwiegendrucke.de/docs/GW13386.htm,data/derived/prayer-book-corpus.csv,Printing statement shared by copies of the edition.
00200708-current,00200708,00200708,ic00790000,ic00790000,current_holding,last,1,1,,,"Clinton NY, Hamilton College, Burke Library",,,,,,,,US,HamCL,"Clinton NY, Hamilton College, Burke Library",BV249.L3 C6 1498,,,,2026-09-30,current_observation_only,,holding_institution_not_yet_geocoded,current_holding_statement,MEI,00200708,https://data.cerl.org/mei/00200708,data/expanded/mei-corpus.json,Observed as the current holding institution; no arrival date is inferred.
00200710-print,00200710,00200710,ic00790000,ic00790000,print_place,first,0,1,,,Venedig,Venedig,,,,,,,,,,A1. C815 1498,1498,1498,,,gw_extracted_year_range,,place_name_not_yet_geocoded,edition_level_print_statement,GW,13386,https://gesamtkatalogderwiegendrucke.de/docs/GW13386.htm,data/derived/prayer-book-corpus.csv,Printing statement shared by copies of the edition.
00200710-current,00200710,00200710,ic00790000,ic00790000,current_holding,last,1,1,,,"Los Angeles CA, University of California",,,,,,,,US,UCalLAL,"Los Angeles CA, University of California",A1. C815 1498,,,,2026-09-30,current_observation_only,,holding_institution_not_yet_geocoded,current_holding_statement,MEI,00200710,https://data.cerl.org/mei/00200710,data/expanded/mei-corpus.json,Observed as the current holding institution; no arrival date is inferred.
02136284-print,02136284,02136284,ic00989950,ic00989950,print_place,first,0,1,,,Ulm,Ulm,,,,,,,,,,Gb 537 a,1482,1482,,,gw_extracted_year_range,,place_name_not_yet_geocoded,edition_level_print_statement,GW,12975,https://gesamtkatalogderwiegendrucke.de/docs/GW12975.htm,data/derived/prayer-book-corpus.csv,Printing statement shared by copies of the edition.
02136284-p001-loc01,02136284,02136284,ic00989950,ic00989950,provenance_place,intermediate,1,1,02136284-p001,02136284-p001-loc01,Weingarten,Weingarten,,,,,,,,,,Gb 537 a,,,,,undated,,name_only,copy_level_provenance_place,MEI,02136284-p001,https://data.cerl.org/mei/02136284,data/expanded/mei-corpus.json,
02136284-p002-loc01,02136284,02136284,ic00989950,ic00989950,provenance_place,intermediate,2,1,02136284-p002,02136284-p002-loc01,Stuttgart,Stuttgart,,,,,,,,,,Gb 537 a,,,,,undated,,name_only,copy_level_provenance_place,MEI,02136284-p002,https://data.cerl.org/mei/02136284,data/expanded/mei-corpus.json,
02136284-p003-loc01,02136284,02136284,ic00989950,ic00989950,provenance_place,intermediate,3,1,02136284-p003,02136284-p003-loc01,Tübingen,Tübingen,,,,,,,,,,Gb 537 a,,,,,undated,,name_only,copy_level_provenance_place,MEI,02136284-p003,https://data.cerl.org/mei/02136284,data/expanded/mei-corpus.json,
02136284-p004-loc01,02136284,02136284,ic00989950,ic00989950,provenance_place,intermediate,4,1,02136284-p004,02136284-p004-loc01,Buchbinderwerkstätten (nicht lokalisiert),Buchbinderwerkstätten (nicht lokalisiert),,,,,,,,,,Gb 537 a,,,,,undated,,name_only,copy_level_provenance_place,MEI,02136284-p004,https://data.cerl.org/mei/02136284,data/expanded/mei-corpus.json,
02136284-p005-loc01,02136284,02136284,ic00989950,ic00989950,provenance_place,intermediate,5,1,02136284-p005,02136284-p005-loc01,Tübingen,Tübingen,,,,,,,,,,Gb 537 a,,,,,undated,,name_only,copy_level_provenance_place,MEI,02136284-p005,https://data.cerl.org/mei/02136284,data/expanded/mei-corpus.json,
02136284-current,02136284,02136284,ic00989950,ic00989950,current_holding,last,6,1,,,"Tübingen, Universitätsbibliothek",,,,,,,,DE,TubingenUB,"Tübingen, Universitätsbibliothek",Gb 537 a,,,,2026-09-30,current_observation_only,,holding_institution_not_yet_geocoded,current_holding_statement,MEI,02136284,https://data.cerl.org/mei/02136284,data/expanded/mei-corpus.json,Observed as the current holding institution; no arrival date is inferred.
02124929-print,02124929,02124929,ic00989950,ic00989950,print_place,first,0,1,,,Ulm,Ulm,,,,,,,,,,Inc.84,1482,1482,,,gw_extracted_year_range,,place_name_not_yet_geocoded,edition_level_print_statement,GW,12975,https://gesamtkatalogderwiegendrucke.de/docs/GW12975.htm,data/derived/prayer-book-corpus.csv,Printing statement shared by copies of the edition.
02124929-p002-loc01,02124929,02124929,ic00989950,ic00989950,provenance_place,intermediate,2,1,02124929-p002,02124929-p002-loc01,Oxford,Oxford,Oxford,GeoNames,2640729,https://www.geonames.org/2640729,51.75222,-1.25596,United Kingdom,,,Inc.84,1944,1944,20,,mei_timeperiod,a,coordinates_supplied,copy_level_provenance_place,MEI,02124929-p002,https://data.cerl.org/mei/02124929,data/expanded/mei-corpus.json,
02124929-p003-loc01,02124929,02124929,ic00989950,ic00989950,provenance_place,intermediate,3,1,02124929-p003,02124929-p003-loc01,Edinburgh,Edinburgh,Edinburgh,GeoNames,2650225,https://www.geonames.org/2650225,55.95206,-3.19648,United Kingdom,,,Inc.84,1944,,20,,mei_timeperiod,a,coordinates_supplied,copy_level_provenance_place,MEI,02124929-p003,https://data.cerl.org/mei/02124929,data/expanded/mei-corpus.json,
02124929-current,02124929,02124929,ic00989950,ic00989950,current_holding,last,4,1,,,"Edinburgh, National Library of Scotland",,,,,,,,GB,EdinburghNLS,"Edinburgh, National Library of Scotland",Inc.84,,,,2026-09-30,current_observation_only,,holding_institution_not_yet_geocoded,current_holding_statement,MEI,02124929,https://data.cerl.org/mei/02124929,data/expanded/mei-corpus.json,Observed as the current holding institution; no arrival date is inferred.
02135886-print,02135886,02135886,ic00989970,ic00989970,print_place,first,0,1,,,Ulm,Ulm,,,,,,,,,,Ke XVIII 4 c.2 (Nr. 8),1488,1488,,,gw_extracted_year_range,,place_name_not_yet_geocoded,edition_level_print_statement,GW,12978,https://gesamtkatalogderwiegendrucke.de/docs/GW12978.htm,data/derived/prayer-book-corpus.csv,Printing statement shared by copies of the edition.
02135886-p001-loc01,02135886,02135886,ic00989970,ic00989970,provenance_place,intermediate,1,1,02135886-p001,02135886-p001-loc01,Tübingen,Tübingen,,,,,,,,,,Ke XVIII 4 c.2 (Nr. 8),,,,,undated,,name_only,copy_level_provenance_place,MEI,02135886-p001,https://data.cerl.org/mei/02135886,data/expanded/mei-corpus.json,
02135886-current,02135886,02135886,ic00989970,ic00989970,current_holding,last,2,1,,,"Tübingen, Universitätsbibliothek",,,,,,,,DE,TubingenUB,"Tübingen, Universitätsbibliothek",Ke XVIII 4 c.2 (Nr. 8),,,,2026-09-30,current_observation_only,,holding_institution_not_yet_geocoded,current_holding_statement,MEI,02135886,https://data.cerl.org/mei/02135886,data/expanded/mei-corpus.json,Observed as the current holding institution; no arrival date is inferred.
02120861-print,02120861,02120861,ic00990000,ic00990000,print_place,first,0,1,,,Augsburg,Augsburg,,,,,,,,,,Ink 24.H.31,1487,1487,,,gw_extracted_year_range,,place_name_not_yet_geocoded,edition_level_print_statement,GW,12945,https://gesamtkatalogderwiegendrucke.de/docs/GW12945.htm,data/derived/prayer-book-corpus.csv,Printing statement shared by copies of the edition.
02120861-p001-loc01,02120861,02120861,ic00990000,ic00990000,provenance_place,intermediate,1,1,02120861-p001,02120861-p001-loc01,Vienna,Vienna,Vienna,GeoNames,2761369,https://www.geonames.org/2761369,48.20849,16.37208,Austria,,,Ink 24.H.31,,,,,undated,a,coordinates_supplied,copy_level_provenance_place,MEI,02120861-p001,https://data.cerl.org/mei/02120861,data/expanded/mei-corpus.json,
02120861-current,02120861,02120861,ic00990000,ic00990000,current_holding,last,2,1,,,"Wien, Österreichische  Nationalbibliothek",,,,,,,,AT,WienONB,"Wien, Österreichische  Nationalbibliothek",Ink 24.H.31,,,,2026-09-30,current_observation_only,,holding_institution_not_yet_geocoded,current_holding_statement,MEI,02120861,https://data.cerl.org/mei/02120861,data/expanded/mei-corpus.json,Observed as the current holding institution; no arrival date is inferred.
00559789-print,00559789,00559789,ic00990000,ic00990000,print_place,first,0,1,,,Augsburg,Augsburg,,,,,,,,,,Inc.6.A.6.5[805],1487,1487,,,gw_extracted_year_range,,place_name_not_yet_geocoded,edition_level_print_statement,GW,12945,https://gesamtkatalogderwiegendrucke.de/docs/GW12945.htm,data/derived/prayer-book-corpus.csv,Printing statement shared by copies of the edition.
00559789-p003-loc01,00559789,00559789,ic00990000,ic00990000,provenance_place,intermediate,3,1,00559789-p003,00559789-p003-loc01,Cambridge,Cambridge,Cambridge,GeoNames,2653941,https://www.geonames.org/2653941,52.2,0.11667,United Kingdom,,,Inc.6.A.6.5[805],,,,,undated,a,coordinates_supplied,copy_level_provenance_place,MEI,00559789-p003,https://data.cerl.org/mei/00559789,data/expanded/mei-corpus.json,
00559789-current,00559789,00559789,ic00990000,ic00990000,current_holding,last,4,1,,,"Cambridge, University Library",,,,,,,,GB,CambridgeUL,"Cambridge, University Library",Inc.6.A.6.5[805],,,,2026-09-30,current_observation_only,,holding_institution_not_yet_geocoded,current_holding_statement,MEI,00559789,https://data.cerl.org/mei/00559789,data/expanded/mei-corpus.json,Observed as the current holding institution; no arrival date is inferred.
02118529-print,02118529,02118529,ic00990500,ic00990500,print_place,first,0,1,,,Speyer,Speyer,,,,,,,,,,Ink 19.H.18,1488,1488,,,gw_extracted_year_range,,place_name_not_yet_geocoded,edition_level_print_statement,GW,12966,https://gesamtkatalogderwiegendrucke.de/docs/GW12966.htm,data/derived/prayer-book-corpus.csv,Printing statement shared by copies of the edition.
02118529-p001-loc01,02118529,02118529,ic00990500,ic00990500,provenance_place,intermediate,1,1,02118529-p001,02118529-p001-loc01,Vienna,Vienna,Vienna,GeoNames,2761369,https://www.geonames.org/2761369,48.20849,16.37208,Austria,,,Ink 19.H.18,,,,,undated,a,coordinates_supplied,copy_level_provenance_place,MEI,02118529-p001,https://data.cerl.org/mei/02118529,data/expanded/mei-corpus.json,
02118529-current,02118529,02118529,ic00990500,ic00990500,current_holding,last,2,1,,,"Wien, Österreichische  Nationalbibliothek",,,,,,,,AT,WienONB,"Wien, Österreichische  Nationalbibliothek",Ink 19.H.18,,,,2026-09-30,current_observation_only,,holding_institution_not_yet_geocoded,current_holding_statement,MEI,02118529,https://data.cerl.org/mei/02118529,data/expanded/mei-corpus.json,Observed as the current holding institution; no arrival date is inferred.
02136285-print,02136285,02136285,ic00990500,ic00990500,print_place,first,0,1,,,Speyer,Speyer,,,,,,,,,,Gb 537,1488,1488,,,gw_extracted_year_range,,place_name_not_yet_geocoded,edition_level_print_statement,GW,12966,https://gesamtkatalogderwiegendrucke.de/docs/GW12966.htm,data/derived/prayer-book-corpus.csv,Printing statement shared by copies of the edition.
02136285-p002-loc01,02136285,02136285,ic00990500,ic00990500,provenance_place,intermediate,2,1,02136285-p002,02136285-p002-loc01,Mergentheim,Mergentheim,,,,,,,,,,Gb 537,,,,,undated,,name_only,copy_level_provenance_place,MEI,02136285-p002,https://data.cerl.org/mei/02136285,data/expanded/mei-corpus.json,
02136285-p003-loc01,02136285,02136285,ic00990500,ic00990500,provenance_place,intermediate,3,1,02136285-p003,02136285-p003-loc01,Tübingen,Tübingen,,,,,,,,,,Gb 537,,,,,undated,,name_only,copy_level_provenance_place,MEI,02136285-p003,https://data.cerl.org/mei/02136285,data/expanded/mei-corpus.json,
02136285-current,02136285,02136285,ic00990500,ic00990500,current_holding,last,4,1,,,"Tübingen, Universitätsbibliothek",,,,,,,,DE,TubingenUB,"Tübingen, Universitätsbibliothek",Gb 537,,,,2026-09-30,current_observation_only,,holding_institution_not_yet_geocoded,current_holding_statement,MEI,02136285,https://data.cerl.org/mei/02136285,data/expanded/mei-corpus.json,Observed as the current holding institution; no arrival date is inferred.
02120860-print,02120860,02120860,ic00991000,ic00991000,print_place,first,0,1,,,Augsburg,Augsburg,,,,,,,,,,Ink 13.H.31,1489,1489,,,gw_extracted_year_range,,place_name_not_yet_geocoded,edition_level_print_statement,GW,12946,https://gesamtkatalogderwiegendrucke.de/docs/GW12946.htm,data/derived/prayer-book-corpus.csv,Printing statement shared by copies of the edition.
02120860-p001-loc01,02120860,02120860,ic00991000,ic00991000,provenance_place,intermediate,1,1,02120860-p001,02120860-p001-loc01,Vienna,Vienna,Vienna,GeoNames,2761369,https://www.geonames.org/2761369,48.20849,16.37208,Austria,,,Ink 13.H.31,,,,,undated,a,coordinates_supplied,copy_level_provenance_place,MEI,02120860-p001,https://data.cerl.org/mei/02120860,data/expanded/mei-corpus.json,
02120860-current,02120860,02120860,ic00991000,ic00991000,current_holding,last,2,1,,,"Wien, Österreichische  Nationalbibliothek",,,,,,,,AT,WienONB,"Wien, Österreichische  Nationalbibliothek",Ink 13.H.31,,,,2026-09-30,current_observation_only,,holding_institution_not_yet_geocoded,current_holding_statement,MEI,02120860,https://data.cerl.org/mei/02120860,data/expanded/mei-corpus.json,Observed as the current holding institution; no arrival date is inferred.
02120859-print,02120859,02120859,ic00993000,ic00993000,print_place,first,0,1,,,Ulm,Ulm,,,,,,,,,,Ink 24.H.32,1485,1485,,,gw_extracted_year_range,,place_name_not_yet_geocoded,edition_level_print_statement,GW,12976,https://gesamtkatalogderwiegendrucke.de/docs/GW12976.htm,data/derived/prayer-book-corpus.csv,Printing statement shared by copies of the edition.
02120859-p001-loc01,02120859,02120859,ic00993000,ic00993000,provenance_place,intermediate,1,1,02120859-p001,02120859-p001-loc01,Vienna,Vienna,Vienna,GeoNames,2761369,https://www.geonames.org/2761369,48.20849,16.37208,Austria,,,Ink 24.H.32,,,,,undated,a,coordinates_supplied,copy_level_provenance_place,MEI,02120859-p001,https://data.cerl.org/mei/02120859,data/expanded/mei-corpus.json,
02120859-current,02120859,02120859,ic00993000,ic00993000,current_holding,last,2,1,,,"Wien, Österreichische  Nationalbibliothek",,,,,,,,AT,WienONB,"Wien, Österreichische  Nationalbibliothek",Ink 24.H.32,,,,2026-09-30,current_observation_only,,holding_institution_not_yet_geocoded,current_holding_statement,MEI,02120859,https://data.cerl.org/mei/02120859,data/expanded/mei-corpus.json,Observed as the current holding institution; no arrival date is inferred.
02136283-print,02136283,02136283,ig00112700,ig00112700,print_place,first,0,1,,,Augsburg,Augsburg,,,,,,,,,,Gb 536,1471,1471,,,gw_extracted_year_range,,place_name_not_yet_geocoded,edition_level_print_statement,GW,12981,https://gesamtkatalogderwiegendrucke.de/docs/GW12981.htm,data/derived/prayer-book-corpus.csv,Printing statement shared by copies of the edition.
02136283-p001-loc01,02136283,02136283,ig00112700,ig00112700,provenance_place,intermediate,1,1,02136283-p001,02136283-p001-loc01,Weingarten,Weingarten,,,,,,,,,,Gb 536,,,,,undated,,name_only,copy_level_provenance_place,MEI,02136283-p001,https://data.cerl.org/mei/02136283,data/expanded/mei-corpus.json,
02136283-p002-loc01,02136283,02136283,ig00112700,ig00112700,provenance_place,intermediate,2,1,02136283-p002,02136283-p002-loc01,Buchbinderwerkstätten (nicht lokalisiert),Buchbinderwerkstätten (nicht lokalisiert),,,,,,,,,,Gb 536,,,,,undated,,name_only,copy_level_provenance_place,MEI,02136283-p002,https://data.cerl.org/mei/02136283,data/expanded/mei-corpus.json,
02136283-p003-loc01,02136283,02136283,ig00112700,ig00112700,provenance_place,intermediate,3,1,02136283-p003,02136283-p003-loc01,Tübingen,Tübingen,,,,,,,,,,Gb 536,,,,,undated,,name_only,copy_level_provenance_place,MEI,02136283-p003,https://data.cerl.org/mei/02136283,data/expanded/mei-corpus.json,
02136283-current,02136283,02136283,ig00112700,ig00112700,current_holding,last,4,1,,,"Tübingen, Universitätsbibliothek",,,,,,,,DE,TubingenUB,"Tübingen, Universitätsbibliothek",Gb 536,,,,2026-09-30,current_observation_only,,holding_institution_not_yet_geocoded,current_holding_statement,MEI,02136283,https://data.cerl.org/mei/02136283,data/expanded/mei-corpus.json,Observed as the current holding institution; no arrival date is inferred.
02120572-print,02120572,02120572,ig00113000,ig00113000,print_place,first,0,1,,,Nürnberg,Nürnberg,,,,,,,,,,Ink 13.H.37,1481,1481,,,gw_extracted_year_range,,place_name_not_yet_geocoded,edition_level_print_statement,GW,12985,https://gesamtkatalogderwiegendrucke.de/docs/GW12985.htm,data/derived/prayer-book-corpus.csv,Printing statement shared by copies of the edition.
02120572-p001-loc01,02120572,02120572,ig00113000,ig00113000,provenance_place,intermediate,1,1,02120572-p001,02120572-p001-loc01,Vienna,Vienna,Vienna,GeoNames,2761369,https://www.geonames.org/2761369,48.20849,16.37208,Austria,,,Ink 13.H.37,,,,,undated,a,coordinates_supplied,copy_level_provenance_place,MEI,02120572-p001,https://data.cerl.org/mei/02120572,data/expanded/mei-corpus.json,
02120572-current,02120572,02120572,ig00113000,ig00113000,current_holding,last,2,1,,,"Wien, Österreichische  Nationalbibliothek",,,,,,,,AT,WienONB,"Wien, Österreichische  Nationalbibliothek",Ink 13.H.37,,,,2026-09-30,current_observation_only,,holding_institution_not_yet_geocoded,current_holding_statement,MEI,02120572,https://data.cerl.org/mei/02120572,data/expanded/mei-corpus.json,Observed as the current holding institution; no arrival date is inferred.
02138640-print,02138640,02138640,ig00113000,ig00113000,print_place,first,0,1,,,Nürnberg,Nürnberg,,,,,,,,,,001 F 050,1481,1481,,,gw_extracted_year_range,,place_name_not_yet_geocoded,edition_level_print_statement,GW,12985,https://gesamtkatalogderwiegendrucke.de/docs/GW12985.htm,data/derived/prayer-book-corpus.csv,Printing statement shared by copies of the edition.
02138640-p001-loc01,02138640,02138640,ig00113000,ig00113000,provenance_place,intermediate,1,1,02138640-p001,02138640-p001-loc01,Gemeente Den Haag,The Hague,Gemeente Den Haag,GeoNames,2747372,https://www.geonames.org/2747372,52.06866,4.28635,The Netherlands,,,001 F 050,,,,,undated,,coordinates_supplied,copy_level_provenance_place,MEI,02138640-p001,https://data.cerl.org/mei/02138640,data/expanded/mei-corpus.json,
02138640-p002-loc01,02138640,02138640,ig00113000,ig00113000,provenance_place,intermediate,2,1,02138640-p002,02138640-p002-loc01,Gemeente Den Haag,The Hague,Gemeente Den Haag,GeoNames,2747372,https://www.geonames.org/2747372,52.06866,4.28635,The Netherlands,,,001 F 050,,,,,undated,,coordinates_supplied,copy_level_provenance_place,MEI,02138640-p002,https://data.cerl.org/mei/02138640,data/expanded/mei-corpus.json,
02138640-p003-loc01,02138640,02138640,ig00113000,ig00113000,provenance_place,intermediate,3,1,02138640-p003,02138640-p003-loc01,Gemeente Den Haag,The Hague,Gemeente Den Haag,GeoNames,2747372,https://www.geonames.org/2747372,52.06866,4.28635,The Netherlands,,,001 F 050,,,,,undated,,coordinates_supplied,copy_level_provenance_place,MEI,02138640-p003,https://data.cerl.org/mei/02138640,data/expanded/mei-corpus.json,
02138640-current,02138640,02138640,ig00113000,ig00113000,current_holding,last,4,1,,,"Den Haag, Huis van het Boek ",,,,,,,,NL,TheHagueMMW,"Den Haag, Huis van het Boek ",001 F 050,,,,2026-09-30,current_observation_only,,holding_institution_not_yet_geocoded,current_holding_statement,MEI,02138640,https://data.cerl.org/mei/02138640,data/expanded/mei-corpus.json,Observed as the current holding institution; no arrival date is inferred.
02130968-print,02130968,02130968,ig00113080,ig00113080,print_place,first,0,1,,,Lübeck,Lübeck,,,,,,,,,,H: QuH 169.10,1482,1482,,,gw_extracted_year_range,,place_name_not_yet_geocoded,edition_level_print_statement,GW,13000,https://gesamtkatalogderwiegendrucke.de/docs/GW13000.htm,data/derived/prayer-book-corpus.csv,Printing statement shared by copies of the edition.
02130968-p001-loc01,02130968,02130968,ig00113080,ig00113080,provenance_place,intermediate,1,1,02130968-p001,02130968-p001-loc01,Lübeck,Lübeck,Lübeck,GeoNames,2875601,https://www.geonames.org/2875601,53.86893,10.68729,Germany,,,H: QuH 169.10,,,,,undated,,coordinates_supplied,copy_level_provenance_place,MEI,02130968-p001,https://data.cerl.org/mei/02130968,data/expanded/mei-corpus.json,
02130968-p003-loc01,02130968,02130968,ig00113080,ig00113080,provenance_place,intermediate,3,1,02130968-p003,02130968-p003-loc01,Wolfenbüttel,Wolfenbüttel,Wolfenbüttel,GeoNames,2806914,https://www.geonames.org/2806914,52.16442,10.54095,Germany,,,H: QuH 169.10,,,,,undated,a,coordinates_supplied,copy_level_provenance_place,MEI,02130968-p003,https://data.cerl.org/mei/02130968,data/expanded/mei-corpus.json,
02130968-current,02130968,02130968,ig00113080,ig00113080,current_holding,last,4,1,,,"Wolfenbüttel, Herzog August Bibliothek",,,,,,,,DE,WolfenbuettelHAB,"Wolfenbüttel, Herzog August Bibliothek",H: QuH 169.10,,,,2026-09-30,current_observation_only,,holding_institution_not_yet_geocoded,current_holding_statement,MEI,02130968,https://data.cerl.org/mei/02130968,data/expanded/mei-corpus.json,Observed as the current holding institution; no arrival date is inferred.
02131168-print,02131168,02131168,ig00113100,ig00113100,print_place,first,0,1,,,Lübeck,Lübeck,,,,,,,,,,M: Th 202,1484,1484,,,gw_extracted_year_range,,place_name_not_yet_geocoded,edition_level_print_statement,GW,13002,https://gesamtkatalogderwiegendrucke.de/docs/GW13002.htm,data/derived/prayer-book-corpus.csv,Printing statement shared by copies of the edition.
02131168-p001-loc01,02131168,02131168,ig00113100,ig00113100,provenance_place,intermediate,1,1,02131168-p001,02131168-p001-loc01,Hildesheim,Hildesheim,Hildesheim,GeoNames,2904789,https://www.geonames.org/2904789,52.15077,9.95112,Germany,,,M: Th 202,1450,1517,15 | 16,1484-1517,mei_timeperiod,,coordinates_supplied,copy_level_provenance_place,MEI,02131168-p001,https://data.cerl.org/mei/02131168,data/expanded/mei-corpus.json,
02131168-p002-loc01,02131168,02131168,ig00113100,ig00113100,provenance_place,intermediate,2,1,02131168-p002,02131168-p002-loc01,Germany,Steterburg,Germany,GeoNames,2921044,https://www.geonames.org/2921044,51.5,10.5,Germany,,,M: Th 202,1484,1572,15 | 16,1572,mei_timeperiod,,coordinates_supplied,copy_level_provenance_place,MEI,02131168-p002,https://data.cerl.org/mei/02131168,data/expanded/mei-corpus.json,
02131168-p003-loc01,02131168,02131168,ig00113100,ig00113100,provenance_place,intermediate,3,1,02131168-p003,02131168-p003-loc01,Wolfenbüttel,Wolfenbüttel,Wolfenbüttel,GeoNames,2806914,https://www.geonames.org/2806914,52.16442,10.54095,Germany,,,M: Th 202,1572,,16,1572,mei_timeperiod,,coordinates_supplied,copy_level_provenance_place,MEI,02131168-p003,https://data.cerl.org/mei/02131168,data/expanded/mei-corpus.json,
02131168-current,02131168,02131168,ig00113100,ig00113100,current_holding,last,4,1,,,"Wolfenbüttel, Herzog August Bibliothek",,,,,,,,DE,WolfenbuettelHAB,"Wolfenbüttel, Herzog August Bibliothek",M: Th 202,,,,2026-09-30,current_observation_only,,holding_institution_not_yet_geocoded,current_holding_statement,MEI,02131168,https://data.cerl.org/mei/02131168,data/expanded/mei-corpus.json,Observed as the current holding institution; no arrival date is inferred.
00560115-print,00560115,00560115,ig00113100,ig00113100,print_place,first,0,1,,,Lübeck,Lübeck,,,,,,,,,,Inc.6.A.14.2[1020],1484,1484,,,gw_extracted_year_range,,place_name_not_yet_geocoded,edition_level_print_statement,GW,13002,https://gesamtkatalogderwiegendrucke.de/docs/GW13002.htm,data/derived/prayer-book-corpus.csv,Printing statement shared by copies of the edition.
00560115-p006-loc01,00560115,00560115,ig00113100,ig00113100,provenance_place,intermediate,6,1,00560115-p006,00560115-p006-loc01,Cambridge,Cambridge,Cambridge,GeoNames,2653941,https://www.geonames.org/2653941,52.2,0.11667,United Kingdom,,,Inc.6.A.14.2[1020],,,,,undated,a,coordinates_supplied,copy_level_provenance_place,MEI,00560115-p006,https://data.cerl.org/mei/00560115,data/expanded/mei-corpus.json,
00560115-current,00560115,00560115,ig00113100,ig00113100,current_holding,last,7,1,,,"Cambridge, University Library",,,,,,,,GB,CambridgeUL,"Cambridge, University Library",Inc.6.A.14.2[1020],,,,2026-09-30,current_observation_only,,holding_institution_not_yet_geocoded,current_holding_statement,MEI,00560115,https://data.cerl.org/mei/00560115,data/expanded/mei-corpus.json,Observed as the current holding institution; no arrival date is inferred.
02131176-print,02131176,02131176,ig00113110,ig00113110,print_place,first,0,1,,,Lübeck,Lübeck,,,,,,,,,,M. Th 203,1485,1485,,,gw_extracted_year_range,,place_name_not_yet_geocoded,edition_level_print_statement,GW,13003,https://gesamtkatalogderwiegendrucke.de/docs/GW13003.htm,data/derived/prayer-book-corpus.csv,Printing statement shared by copies of the edition.
02131176-p001-loc01,02131176,02131176,ig00113110,ig00113110,provenance_place,intermediate,1,1,02131176-p001,02131176-p001-loc01,Lübeck,Lubeck,Lübeck,GeoNames,2875601,https://www.geonames.org/2875601,53.86893,10.68729,Germany,,,M. Th 203,1478,1507,15 | 16,,mei_timeperiod,,coordinates_supplied,copy_level_provenance_place,MEI,02131176-p001,https://data.cerl.org/mei/02131176,data/expanded/mei-corpus.json,
02131176-p004-loc01,02131176,02131176,ig00113110,ig00113110,provenance_place,intermediate,4,1,02131176-p004,02131176-p004-loc01,Wolfenbüttel,Wolfenbüttel,Wolfenbüttel,GeoNames,2806914,https://www.geonames.org/2806914,52.16442,10.54095,Germany,,,M. Th 203,1572,,16,,mei_timeperiod,,coordinates_supplied,copy_level_provenance_place,MEI,02131176-p004,https://data.cerl.org/mei/02131176,data/expanded/mei-corpus.json,
02131176-current,02131176,02131176,ig00113110,ig00113110,current_holding,last,5,1,,,"Wolfenbüttel, Herzog August Bibliothek",,,,,,,,DE,WolfenbuettelHAB,"Wolfenbüttel, Herzog August Bibliothek",M. Th 203,,,,2026-09-30,current_observation_only,,holding_institution_not_yet_geocoded,current_holding_statement,MEI,02131176,https://data.cerl.org/mei/02131176,data/expanded/mei-corpus.json,Observed as the current holding institution; no arrival date is inferred.
02131171-print,02131171,02131171,ig00113130,ig00113130,print_place,first,0,1,,,Lübeck,Lübeck,,,,,,,,,,H: QuH 169.21,1487,1487,,,gw_extracted_year_range,,place_name_not_yet_geocoded,edition_level_print_statement,GW,13004,https://gesamtkatalogderwiegendrucke.de/docs/GW13004.htm,data/derived/prayer-book-corpus.csv,Printing statement shared by copies of the edition.
02131171-p002-loc01,02131171,02131171,ig00113130,ig00113130,provenance_place,intermediate,2,1,02131171-p002,02131171-p002-loc01,Braunschweig,Braunschweig,,,,,,,,,,H: QuH 169.21,1512,1604,16 | 17,,mei_timeperiod,,name_only,copy_level_provenance_place,MEI,02131171-p002,https://data.cerl.org/mei/02131171,data/expanded/mei-corpus.json,
02131171-p004-loc01,02131171,02131171,ig00113130,ig00113130,provenance_place,intermediate,4,1,02131171-p004,02131171-p004-loc01,Wolfenbüttel,Wolfenbüttel,Wolfenbüttel,GeoNames,2806914,https://www.geonames.org/2806914,52.16442,10.54095,Germany,,,H: QuH 169.21,1572,,16,,mei_timeperiod,,coordinates_supplied,copy_level_provenance_place,MEI,02131171-p004,https://data.cerl.org/mei/02131171,data/expanded/mei-corpus.json,
02131171-current,02131171,02131171,ig00113130,ig00113130,current_holding,last,5,1,,,"Wolfenbüttel, Herzog August Bibliothek",,,,,,,,DE,WolfenbuettelHAB,"Wolfenbüttel, Herzog August Bibliothek",H: QuH 169.21,,,,2026-09-30,current_observation_only,,holding_institution_not_yet_geocoded,current_holding_statement,MEI,02131171,https://data.cerl.org/mei/02131171,data/expanded/mei-corpus.json,Observed as the current holding institution; no arrival date is inferred.
02131190-print,02131190,02131190,ig00113150,ig00113150,print_place,first,0,1,,,Lübeck,Lübeck,,,,,,,,,,M: Th 204,1497,1497,,,gw_extracted_year_range,,place_name_not_yet_geocoded,edition_level_print_statement,GW,13008,https://gesamtkatalogderwiegendrucke.de/docs/GW13008.htm,data/derived/prayer-book-corpus.csv,Printing statement shared by copies of the edition.
02131190-p003-loc01,02131190,02131190,ig00113150,ig00113150,provenance_place,intermediate,3,1,02131190-p003,02131190-p003-loc01,Wolfenbüttel,Wolfenbüttel,Wolfenbüttel,GeoNames,2806914,https://www.geonames.org/2806914,52.16442,10.54095,Germany,,,M: Th 204,1572,,16,,mei_timeperiod,,coordinates_supplied,copy_level_provenance_place,MEI,02131190-p003,https://data.cerl.org/mei/02131190,data/expanded/mei-corpus.json,
02131190-current,02131190,02131190,ig00113150,ig00113150,current_holding,last,4,1,,,"Wolfenbüttel, Herzog August Bibliothek",,,,,,,,DE,WolfenbuettelHAB,"Wolfenbüttel, Herzog August Bibliothek",M: Th 204,,,,2026-09-30,current_observation_only,,holding_institution_not_yet_geocoded,current_holding_statement,MEI,02131190,https://data.cerl.org/mei/02131190,data/expanded/mei-corpus.json,Observed as the current holding institution; no arrival date is inferred.
02120377-print,02120377,02120377,ih00135000,ih00135000,print_place,first,0,1,,,Nürnberg,Nürnberg,,,,,,,,,,Ink 16.H.24,1497,1497,,,gw_extracted_year_range,,place_name_not_yet_geocoded,edition_level_print_statement,GW,M07711,https://gesamtkatalogderwiegendrucke.de/docs/M07711.htm,data/derived/prayer-book-corpus.csv,Printing statement shared by copies of the edition.
02120377-p001-loc01,02120377,02120377,ih00135000,ih00135000,provenance_place,intermediate,1,1,02120377-p001,02120377-p001-loc01,Vienna,Vienna,Vienna,GeoNames,2761369,https://www.geonames.org/2761369,48.20849,16.37208,Austria,,,Ink 16.H.24,,,,,undated,a,coordinates_supplied,copy_level_provenance_place,MEI,02120377-p001,https://data.cerl.org/mei/02120377,data/expanded/mei-corpus.json,
02120377-current,02120377,02120377,ih00135000,ih00135000,current_holding,last,2,1,,,"Wien, Österreichische  Nationalbibliothek",,,,,,,,AT,WienONB,"Wien, Österreichische  Nationalbibliothek",Ink 16.H.24,,,,2026-09-30,current_observation_only,,holding_institution_not_yet_geocoded,current_holding_statement,MEI,02120377,https://data.cerl.org/mei/02120377,data/expanded/mei-corpus.json,Observed as the current holding institution; no arrival date is inferred.
02100528-print,02100528,02100528,ih00135000,ih00135000,print_place,first,0,1,,,Nürnberg,Nürnberg,,,,,,,,,,KW 150 D 10,1497,1497,,,gw_extracted_year_range,,place_name_not_yet_geocoded,edition_level_print_statement,GW,M07711,https://gesamtkatalogderwiegendrucke.de/docs/M07711.htm,data/derived/prayer-book-corpus.csv,Printing statement shared by copies of the edition.
02100528-p002-loc01,02100528,02100528,ih00135000,ih00135000,provenance_place,intermediate,2,1,02100528-p002,02100528-p002-loc01,Dillenburg,Dillenburg,Dillenburg,GeoNames,2936985,https://www.geonames.org/2936985,50.74114,8.28699,Germany,,,KW 150 D 10,1567,1819,16 | 17 | 18 | 19,,mei_timeperiod,a,coordinates_supplied,copy_level_provenance_place,MEI,02100528-p002,https://data.cerl.org/mei/02100528,data/expanded/mei-corpus.json,
02100528-p003-loc01,02100528,02100528,ih00135000,ih00135000,provenance_place,intermediate,3,1,02100528-p003,02100528-p003-loc01,The Hague,Den Haag,The Hague,GeoNames,2747373,https://www.geonames.org/2747373,52.07667,4.29861,The Netherlands,,,KW 150 D 10,1819,,19,,mei_timeperiod,a,coordinates_supplied,copy_level_provenance_place,MEI,02100528-p003,https://data.cerl.org/mei/02100528,data/expanded/mei-corpus.json,
02100528-current,02100528,02100528,ih00135000,ih00135000,current_holding,last,4,1,,,"Den Haag, Koninklijke Bibliotheek - Nationale Bibliotheek van Nederland",,,,,,,,NL,NLKB,"Den Haag, Koninklijke Bibliotheek - Nationale Bibliotheek van Nederland",KW 150 D 10,,,,2026-09-30,current_observation_only,,holding_institution_not_yet_geocoded,current_holding_statement,MEI,02100528,https://data.cerl.org/mei/02100528,data/expanded/mei-corpus.json,Observed as the current holding institution; no arrival date is inferred.
00200531-print,00200531,00200531,ih00257280,ih00257280,print_place,first,0,1,,,Mailand,Mailand,,,,,,,,,,VI. 13. 3,1475,1475,,,gw_extracted_year_range,,place_name_not_yet_geocoded,edition_level_print_statement,GW,13333,https://gesamtkatalogderwiegendrucke.de/docs/GW13333.htm,data/derived/prayer-book-corpus.csv,Printing statement shared by copies of the edition.
00200531-p001-loc01,00200531,00200531,ih00257280,ih00257280,provenance_place,intermediate,1,1,00200531-p001,00200531-p001-loc01,Cambridge,Cambridge,Cambridge,GeoNames,2653941,https://www.geonames.org/2653941,52.2,0.11667,United Kingdom,,,VI. 13. 3,,,,,undated,,coordinates_supplied,copy_level_provenance_place,MEI,00200531-p001,https://data.cerl.org/mei/00200531,data/expanded/mei-corpus.json,
00200531-current,00200531,00200531,ih00257280,ih00257280,current_holding,last,2,1,,,"Cambridge, Trinity College",,,,,,,,GB,CambridgeTrinityCollege,"Cambridge, Trinity College",VI. 13. 3,,,,2026-09-30,current_observation_only,,holding_institution_not_yet_geocoded,current_holding_statement,MEI,00200531,https://data.cerl.org/mei/00200531,data/expanded/mei-corpus.json,Observed as the current holding institution; no arrival date is inferred.
00205575-print,00205575,00205575,ih00335200,ih00335200,print_place,first,0,1,,,Paris,Paris,,,,,,,,,,Douce BB 130.,1499,1499,,,gw_extracted_year_range,,place_name_not_yet_geocoded,edition_level_print_statement,GW,13277,https://gesamtkatalogderwiegendrucke.de/docs/GW13277.htm,data/derived/prayer-book-corpus.csv,Printing statement shared by copies of the edition.
00205575-p001-loc01,00205575,00205575,ih00335200,ih00335200,provenance_place,intermediate,1,1,00205575-p001,00205575-p001-loc01,London,London,London,GeoNames,2643743,https://www.geonames.org/2643743,51.50853,-0.12574,United Kingdom,,,Douce BB 130.,1701,1900,18 | 19,,mei_timeperiod,,coordinates_supplied,copy_level_provenance_place,MEI,00205575-p001,https://data.cerl.org/mei/00205575,data/expanded/mei-corpus.json,
00205575-p002-loc01,00205575,00205575,ih00335200,ih00335200,provenance_place,intermediate,2,1,00205575-p002,00205575-p002-loc01,Oxford,Oxford,Oxford,GeoNames,2640729,https://www.geonames.org/2640729,51.75222,-1.25596,United Kingdom,,,Douce BB 130.,,,,,undated,,coordinates_supplied,copy_level_provenance_place,MEI,00205575-p002,https://data.cerl.org/mei/00205575,data/expanded/mei-corpus.json,
00205575-current,00205575,00205575,ih00335200,ih00335200,current_holding,last,3,1,,,"Oxford, Bodleian Library",,,,,,,,GB,OxfordBodley,"Oxford, Bodleian Library",Douce BB 130.,,,,2026-09-30,current_observation_only,,holding_institution_not_yet_geocoded,current_holding_statement,MEI,00205575,https://data.cerl.org/mei/00205575,data/expanded/mei-corpus.json,Observed as the current holding institution; no arrival date is inferred.
00200668-print,00200668,00200668,ih00336100,ih00336100,print_place,first,0,1,,,Italien,Italien,,,,,,,,,,8o inc. 4635.10,1500,1500,,,gw_extracted_year_range,,place_name_not_yet_geocoded,edition_level_print_statement,GW,13328,https://gesamtkatalogderwiegendrucke.de/docs/GW13328.htm,data/derived/prayer-book-corpus.csv,Printing statement shared by copies of the edition.
00200668-current,00200668,00200668,ih00336100,ih00336100,current_holding,last,1,1,,,"Berlin, Staatsbibliothek",,,,,,,,DE,BerlinSB,"Berlin, Staatsbibliothek",8o inc. 4635.10,,,,2026-09-23,current_observation_only,,holding_institution_not_yet_geocoded,current_holding_statement,MEI,00200668,https://data.cerl.org/mei/00200668,data/expanded/mei-corpus.json,Observed as the current holding institution; no arrival date is inferred.
00206443-print,00206443,00206443,ih00339490,ih00339490,print_place,first,0,1,,,Paris,Paris,,,,,,,,,,8° Rawl. 1093.,1497,1497,,,gw_extracted_year_range,,place_name_not_yet_geocoded,edition_level_print_statement,GW,13201,https://gesamtkatalogderwiegendrucke.de/docs/GW13201.htm,data/derived/prayer-book-corpus.csv,Printing statement shared by copies of the edition.
00206443-p003-loc01,00206443,00206443,ih00339490,ih00339490,provenance_place,intermediate,3,1,00206443-p003,00206443-p003-loc01,Oxford,Oxford,Oxford,GeoNames,2640729,https://www.geonames.org/2640729,51.75222,-1.25596,United Kingdom,,,8° Rawl. 1093.,,,,,undated,,coordinates_supplied,copy_level_provenance_place,MEI,00206443-p003,https://data.cerl.org/mei/00206443,data/expanded/mei-corpus.json,
00206443-current,00206443,00206443,ih00339490,ih00339490,current_holding,last,4,1,,,"Oxford, Bodleian Library",,,,,,,,GB,OxfordBodley,"Oxford, Bodleian Library",8° Rawl. 1093.,,,,2026-09-30,current_observation_only,,holding_institution_not_yet_geocoded,current_holding_statement,MEI,00206443,https://data.cerl.org/mei/00206443,data/expanded/mei-corpus.json,Observed as the current holding institution; no arrival date is inferred.
02013655-print,02013655,02013655,ih00341000,ih00341000,print_place,first,0,1,,,Paris,Paris,,,,,,,,,,5942.247.11,1500,1501,,,gw_extracted_year_range,,place_name_not_yet_geocoded,edition_level_print_statement,GW,13303,https://gesamtkatalogderwiegendrucke.de/docs/GW13303.htm,data/derived/prayer-book-corpus.csv,Printing statement shared by copies of the edition.
02013655-p001-loc01,02013655,02013655,ih00341000,ih00341000,provenance_place,intermediate,1,1,02013655-p001,02013655-p001-loc01,Pittsburgh,Pittsburgh,Pittsburgh,GeoNames,5206379,https://www.geonames.org/5206379,40.44062,-79.99589,United States,,,5942.247.11,1920,1953,20,,mei_timeperiod,a,coordinates_supplied,copy_level_provenance_place,MEI,02013655-p001,https://data.cerl.org/mei/02013655,data/expanded/mei-corpus.json,
02013655-p002-loc01,02013655,02013655,ih00341000,ih00341000,provenance_place,intermediate,2,1,02013655-p002,02013655-p002-loc01,Princeton,Princeton,Princeton,GeoNames,5102922,https://www.geonames.org/5102922,40.34872,-74.65905,United States,,,5942.247.11,1953,,20,,mei_timeperiod,a,coordinates_supplied,copy_level_provenance_place,MEI,02013655-p002,https://data.cerl.org/mei/02013655,data/expanded/mei-corpus.json,
02013655-current,02013655,02013655,ih00341000,ih00341000,current_holding,last,3,1,,,"Princeton NJ, Princeton University, Firestone Library, Rare Book Division",,,,,,,,US,PrincetonUL,"Princeton NJ, Princeton University, Firestone Library, Rare Book Division",5942.247.11,,,,2026-09-30,current_observation_only,,holding_institution_not_yet_geocoded,current_holding_statement,MEI,02013655,https://data.cerl.org/mei/02013655,data/expanded/mei-corpus.json,Observed as the current holding institution; no arrival date is inferred.
02132447-print,02132447,02132447,ih00341500,ih00341500,print_place,first,0,1,,,Paris,Paris,,,,,,,,,,B.G. Inc. 69,1499,1499,,,gw_extracted_year_range,,place_name_not_yet_geocoded,edition_level_print_statement,GW,13102,https://gesamtkatalogderwiegendrucke.de/docs/GW13102.htm,data/derived/prayer-book-corpus.csv,Printing statement shared by copies of the edition.
02132447-p002-loc01,02132447,02132447,ih00341500,ih00341500,provenance_place,intermediate,2,1,02132447-p002,02132447-p002-loc01,Schwarzau am Steinfeld,Schwarzau am Steinfeld,Schwarzau am Steinfeld,GeoNames,2765489,https://www.geonames.org/2765489,47.73183,16.17094,Austria,,,B.G. Inc. 69,1883,1907,19 | 20,,mei_timeperiod,a,coordinates_supplied,copy_level_provenance_place,MEI,02132447-p002,https://data.cerl.org/mei/02132447,data/expanded/mei-corpus.json,
02132447-p003-loc01,02132447,02132447,ih00341500,ih00341500,provenance_place,intermediate,3,1,02132447-p003,02132447-p003-loc01,Milan,Milano,Milan,GeoNames,3173435,https://www.geonames.org/3173435,45.46427,9.18951,Italy,,,B.G. Inc. 69,1932,1936,20,,mei_timeperiod,a,coordinates_supplied,copy_level_provenance_place,MEI,02132447-p003,https://data.cerl.org/mei/02132447,data/expanded/mei-corpus.json,
02132447-p004-loc01,02132447,02132447,ih00341500,ih00341500,provenance_place,intermediate,4,1,02132447-p004,02132447-p004-loc01,Milan,Milano,Milan,GeoNames,3173435,https://www.geonames.org/3173435,45.46427,9.18951,Italy,,,B.G. Inc. 69,1936,1938,20,,mei_timeperiod,a,coordinates_supplied,copy_level_provenance_place,MEI,02132447-p004,https://data.cerl.org/mei/02132447,data/expanded/mei-corpus.json,
02132447-p005-loc01,02132447,02132447,ih00341500,ih00341500,provenance_place,intermediate,5,1,02132447-p005,02132447-p005-loc01,Milan,Milano,Milan,GeoNames,3173435,https://www.geonames.org/3173435,45.46427,9.18951,Italy,,,B.G. Inc. 69,1938,,20,,mei_timeperiod,a,coordinates_supplied,copy_level_provenance_place,MEI,02132447-p005,https://data.cerl.org/mei/02132447,data/expanded/mei-corpus.json,
02132447-current,02132447,02132447,ih00341500,ih00341500,current_holding,last,6,1,,,"Milano, Biblioteca Nazionale Braidense",,,,,,,,IT,MilanoN,"Milano, Biblioteca Nazionale Braidense",B.G. Inc. 69,,,,2026-09-30,current_observation_only,,holding_institution_not_yet_geocoded,current_holding_statement,MEI,02132447,https://data.cerl.org/mei/02132447,data/expanded/mei-corpus.json,Observed as the current holding institution; no arrival date is inferred.
00205572-print,00205572,00205572,ih00341800,ih00341800,print_place,first,0,1,,,Paris,Paris,,,,,,,,,,Douce 27.,1500,1501,,,gw_extracted_year_range,,place_name_not_yet_geocoded,edition_level_print_statement,GW,13109,https://gesamtkatalogderwiegendrucke.de/docs/GW13109.htm,data/derived/prayer-book-corpus.csv,Printing statement shared by copies of the edition.
00205572-p002-loc01,00205572,00205572,ih00341800,ih00341800,provenance_place,intermediate,2,1,00205572-p002,00205572-p002-loc01,London,London,London,GeoNames,2643743,https://www.geonames.org/2643743,51.50853,-0.12574,United Kingdom,,,Douce 27.,1701,1900,18 | 19,,mei_timeperiod,,coordinates_supplied,copy_level_provenance_place,MEI,00205572-p002,https://data.cerl.org/mei/00205572,data/expanded/mei-corpus.json,
00205572-p003-loc01,00205572,00205572,ih00341800,ih00341800,provenance_place,intermediate,3,1,00205572-p003,00205572-p003-loc01,Oxford,Oxford,Oxford,GeoNames,2640729,https://www.geonames.org/2640729,51.75222,-1.25596,United Kingdom,,,Douce 27.,,,,,undated,,coordinates_supplied,copy_level_provenance_place,MEI,00205572-p003,https://data.cerl.org/mei/00205572,data/expanded/mei-corpus.json,
00205572-current,00205572,00205572,ih00341800,ih00341800,current_holding,last,4,1,,,"Oxford, Bodleian Library",,,,,,,,GB,OxfordBodley,"Oxford, Bodleian Library",Douce 27.,,,,2026-09-30,current_observation_only,,holding_institution_not_yet_geocoded,current_holding_statement,MEI,00205572,https://data.cerl.org/mei/00205572,data/expanded/mei-corpus.json,Observed as the current holding institution; no arrival date is inferred.
02154630-print,02154630,02154630,ih00343100,ih00343100,print_place,first,0,1,,,Paris,Paris,,,,,,,,,,1705-1888,1492,1493,,,gw_extracted_year_range,,place_name_not_yet_geocoded,edition_level_print_statement,GW,13138,https://gesamtkatalogderwiegendrucke.de/docs/GW13138.htm,data/derived/prayer-book-corpus.csv,Printing statement shared by copies of the edition.
02154630-current,02154630,02154630,ih00343100,ih00343100,current_holding,last,1,1,,,"London, Victoria and Albert Museum, National Art Library",,,,,,,,GB,LondonVA,"London, Victoria and Albert Museum, National Art Library",1705-1888,,,,2026-09-30,current_observation_only,,holding_institution_not_yet_geocoded,current_holding_statement,MEI,02154630,https://data.cerl.org/mei/02154630,data/expanded/mei-corpus.json,Observed as the current holding institution; no arrival date is inferred.
00560427-print,00560427,00560427,ih00343200,ih00343200,print_place,first,0,1,,,Paris,Paris,,,,,,,,,,SSS.18.2,1498,1498,,,gw_extracted_year_range,,place_name_not_yet_geocoded,edition_level_print_statement,GW,13213,https://gesamtkatalogderwiegendrucke.de/docs/GW13213.htm,data/derived/prayer-book-corpus.csv,Printing statement shared by copies of the edition.
00560427-p003-loc01,00560427,00560427,ih00343200,ih00343200,provenance_place,intermediate,3,1,00560427-p003,00560427-p003-loc01,Cambridge,Cambridge,Cambridge,GeoNames,2653941,https://www.geonames.org/2653941,52.2,0.11667,United Kingdom,,,SSS.18.2,,,,,undated,a,coordinates_supplied,copy_level_provenance_place,MEI,00560427-p003,https://data.cerl.org/mei/00560427,data/expanded/mei-corpus.json,
00560427-current,00560427,00560427,ih00343200,ih00343200,current_holding,last,4,1,,,"Cambridge, University Library",,,,,,,,GB,CambridgeUL,"Cambridge, University Library",SSS.18.2,,,,2026-09-30,current_observation_only,,holding_institution_not_yet_geocoded,current_holding_statement,MEI,00560427,https://data.cerl.org/mei/00560427,data/expanded/mei-corpus.json,Observed as the current holding institution; no arrival date is inferred.
00205573-print,00205573,00205573,ih00343300,ih00343300,print_place,first,0,1,,,Paris,Paris,,,,,,,,,,Douce 22.,1498,1499,,,gw_extracted_year_range,,place_name_not_yet_geocoded,edition_level_print_statement,GW,13225,https://gesamtkatalogderwiegendrucke.de/docs/GW13225.htm,data/derived/prayer-book-corpus.csv,Printing statement shared by copies of the edition.
00205573-p001-loc01,00205573,00205573,ih00343300,ih00343300,provenance_place,intermediate,1,1,00205573-p001,00205573-p001-loc01,London,London,London,GeoNames,2643743,https://www.geonames.org/2643743,51.50853,-0.12574,United Kingdom,,,Douce 22.,1701,1900,18 | 19,,mei_timeperiod,,coordinates_supplied,copy_level_provenance_place,MEI,00205573-p001,https://data.cerl.org/mei/00205573,data/expanded/mei-corpus.json,
00205573-p002-loc01,00205573,00205573,ih00343300,ih00343300,provenance_place,intermediate,2,1,00205573-p002,00205573-p002-loc01,Oxford,Oxford,Oxford,GeoNames,2640729,https://www.geonames.org/2640729,51.75222,-1.25596,United Kingdom,,,Douce 22.,,,,,undated,,coordinates_supplied,copy_level_provenance_place,MEI,00205573-p002,https://data.cerl.org/mei/00205573,data/expanded/mei-corpus.json,
00205573-current,00205573,00205573,ih00343300,ih00343300,current_holding,last,3,1,,,"Oxford, Bodleian Library",,,,,,,,GB,OxfordBodley,"Oxford, Bodleian Library",Douce 22.,,,,2026-09-30,current_observation_only,,holding_institution_not_yet_geocoded,current_holding_statement,MEI,00205573,https://data.cerl.org/mei/00205573,data/expanded/mei-corpus.json,Observed as the current holding institution; no arrival date is inferred.
00205574-print,00205574,00205574,ih00343500,ih00343500,print_place,first,0,1,,,Paris,Paris,,,,,,,,,,Douce 29.,1500,1500,,,gw_extracted_year_range,,place_name_not_yet_geocoded,edition_level_print_statement,GW,13260,https://gesamtkatalogderwiegendrucke.de/docs/GW13260.htm,data/derived/prayer-book-corpus.csv,Printing statement shared by copies of the edition.
00205574-p002-loc01,00205574,00205574,ih00343500,ih00343500,provenance_place,intermediate,2,1,00205574-p002,00205574-p002-loc01,London,London,London,GeoNames,2643743,https://www.geonames.org/2643743,51.50853,-0.12574,United Kingdom,,,Douce 29.,1701,1900,18 | 19,,mei_timeperiod,,coordinates_supplied,copy_level_provenance_place,MEI,00205574-p002,https://data.cerl.org/mei/00205574,data/expanded/mei-corpus.json,
00205574-p003-loc01,00205574,00205574,ih00343500,ih00343500,provenance_place,intermediate,3,1,00205574-p003,00205574-p003-loc01,Oxford,Oxford,Oxford,GeoNames,2640729,https://www.geonames.org/2640729,51.75222,-1.25596,United Kingdom,,,Douce 29.,,,,,undated,,coordinates_supplied,copy_level_provenance_place,MEI,00205574-p003,https://data.cerl.org/mei/00205574,data/expanded/mei-corpus.json,
00205574-current,00205574,00205574,ih00343500,ih00343500,current_holding,last,4,1,,,"Oxford, Bodleian Library",,,,,,,,GB,OxfordBodley,"Oxford, Bodleian Library",Douce 29.,,,,2026-09-30,current_observation_only,,holding_institution_not_yet_geocoded,current_holding_statement,MEI,00205574,https://data.cerl.org/mei/00205574,data/expanded/mei-corpus.json,Observed as the current holding institution; no arrival date is inferred.
00211918-print,00211918,00211918,ih00345450,ih00345450,print_place,first,0,1,,,Paris,Paris,,,,,,,,,,8° Rawl. 1094.,1500,1500,,,gw_extracted_year_range,,place_name_not_yet_geocoded,edition_level_print_statement,GW,13243,https://gesamtkatalogderwiegendrucke.de/docs/GW13243.htm,data/derived/prayer-book-corpus.csv,Printing statement shared by copies of the edition.
00211918-p002-loc01,00211918,00211918,ih00345450,ih00345450,provenance_place,intermediate,2,1,00211918-p002,00211918-p002-loc01,Oxford,Oxford,Oxford,GeoNames,2640729,https://www.geonames.org/2640729,51.75222,-1.25596,United Kingdom,,,8° Rawl. 1094.,,,,,undated,,coordinates_supplied,copy_level_provenance_place,MEI,00211918-p002,https://data.cerl.org/mei/00211918,data/expanded/mei-corpus.json,
00211918-current,00211918,00211918,ih00345450,ih00345450,current_holding,last,3,1,,,"Oxford, Bodleian Library",,,,,,,,GB,OxfordBodley,"Oxford, Bodleian Library",8° Rawl. 1094.,,,,2026-09-30,current_observation_only,,holding_institution_not_yet_geocoded,current_holding_statement,MEI,00211918,https://data.cerl.org/mei/00211918,data/expanded/mei-corpus.json,Observed as the current holding institution; no arrival date is inferred.
00570256-print,00570256,00570256,ih00348050,ih00348050,print_place,first,0,1,,,Leipzig,Leipzig,,,,,,,,,,Rb 69,1495,1495,,,gw_extracted_year_range,,place_name_not_yet_geocoded,edition_level_print_statement,GW,12956,https://gesamtkatalogderwiegendrucke.de/docs/GW12956.htm,data/derived/prayer-book-corpus.csv,Printing statement shared by copies of the edition.
00570256-p001-loc01,00570256,00570256,ih00348050,ih00348050,provenance_place,intermediate,1,1,00570256-p001,00570256-p001-loc01,Rheinau,Rheinau,Rheinau,GeoNames,11048417,https://www.geonames.org/11048417,47.63277,8.60251,Switzerland,,,Rb 69,1700,1862,17 | 18 | 19,,mei_timeperiod,a,coordinates_supplied,copy_level_provenance_place,MEI,00570256-p001,https://data.cerl.org/mei/00570256,data/expanded/mei-corpus.json,
00570256-p002-loc01,00570256,00570256,ih00348050,ih00348050,provenance_place,intermediate,2,1,00570256-p002,00570256-p002-loc01,Zurich,Zürich,Zurich,GeoNames,2657896,https://www.geonames.org/2657896,47.36667,8.55,Switzerland,,,Rb 69,1864,1915,19 | 20,,mei_timeperiod,,coordinates_supplied,copy_level_provenance_place,MEI,00570256-p002,https://data.cerl.org/mei/00570256,data/expanded/mei-corpus.json,
00570256-p003-loc01,00570256,00570256,ih00348050,ih00348050,provenance_place,intermediate,3,1,00570256-p003,00570256-p003-loc01,Zurich,Zürich,Zurich,GeoNames,2657896,https://www.geonames.org/2657896,47.36667,8.55,Switzerland,,,Rb 69,1916,,20,,mei_timeperiod,a,coordinates_supplied,copy_level_provenance_place,MEI,00570256-p003,https://data.cerl.org/mei/00570256,data/expanded/mei-corpus.json,
00570256-current,00570256,00570256,ih00348050,ih00348050,current_holding,last,4,1,,,"Zürich, Zentralbibliothek",,,,,,,,CH,ZurichZB,"Zürich, Zentralbibliothek",Rb 69,,,,2026-09-23,current_observation_only,,holding_institution_not_yet_geocoded,current_holding_statement,MEI,00570256,https://data.cerl.org/mei/00570256,data/expanded/mei-corpus.json,Observed as the current holding institution; no arrival date is inferred.
00560428-print,00560428,00560428,ih00351000,ih00351000,print_place,first,0,1,,,Paris,Paris,,,,,,,,,,SSS.60.13,1491,1491,,,gw_extracted_year_range,,place_name_not_yet_geocoded,edition_level_print_statement,GW,13147,https://gesamtkatalogderwiegendrucke.de/docs/GW13147.htm,data/derived/prayer-book-corpus.csv,Printing statement shared by copies of the edition.
00560428-p002-loc01,00560428,00560428,ih00351000,ih00351000,provenance_place,intermediate,2,1,00560428-p002,00560428-p002-loc01,Cambridge,Cambridge,Cambridge,GeoNames,2653941,https://www.geonames.org/2653941,52.2,0.11667,United Kingdom,,,SSS.60.13,,,,,undated,a,coordinates_supplied,copy_level_provenance_place,MEI,00560428-p002,https://data.cerl.org/mei/00560428,data/expanded/mei-corpus.json,
00560428-current,00560428,00560428,ih00351000,ih00351000,current_holding,last,3,1,,,"Cambridge, University Library",,,,,,,,GB,CambridgeUL,"Cambridge, University Library",SSS.60.13,,,,2026-09-30,current_observation_only,,holding_institution_not_yet_geocoded,current_holding_statement,MEI,00560428,https://data.cerl.org/mei/00560428,data/expanded/mei-corpus.json,Observed as the current holding institution; no arrival date is inferred.
00201212-print,00201212,00201212,ih00351000,ih00351000,print_place,first,0,1,,,Paris,Paris,,,,,,,,,,Rari Triv. H 1857,1491,1491,,,gw_extracted_year_range,,place_name_not_yet_geocoded,edition_level_print_statement,GW,13147,https://gesamtkatalogderwiegendrucke.de/docs/GW13147.htm,data/derived/prayer-book-corpus.csv,Printing statement shared by copies of the edition.
00201212-p002-loc01,00201212,00201212,ih00351000,ih00351000,provenance_place,intermediate,2,1,00201212-p002,00201212-p002-loc01,Milan,Milano,Milan,GeoNames,3173435,https://www.geonames.org/3173435,45.46427,9.18951,Italy,,,Rari Triv. H 1857,,,,-1864,mei_evidence_date_only,,coordinates_supplied,copy_level_provenance_place,MEI,00201212-p002,https://data.cerl.org/mei/00201212,data/expanded/mei-corpus.json,
00201212-p003-loc01,00201212,00201212,ih00351000,ih00351000,provenance_place,intermediate,3,1,00201212-p003,00201212-p003-loc01,Milan,Milano,Milan,GeoNames,6542283,https://www.geonames.org/6542283,45.46416,9.19199,Italy,,,Rari Triv. H 1857,1935,,20,,mei_timeperiod,,coordinates_supplied,copy_level_provenance_place,MEI,00201212-p003,https://data.cerl.org/mei/00201212,data/expanded/mei-corpus.json,
00201212-current,00201212,00201212,ih00351000,ih00351000,current_holding,last,4,1,,,"Milano, Archivio Storico Civico e Biblioteca Trivulziana",,,,,,,,IT,MilanoTriv,"Milano, Archivio Storico Civico e Biblioteca Trivulziana",Rari Triv. H 1857,,,,2026-09-30,current_observation_only,,holding_institution_not_yet_geocoded,current_holding_statement,MEI,00201212,https://data.cerl.org/mei/00201212,data/expanded/mei-corpus.json,Observed as the current holding institution; no arrival date is inferred.
02018713-print,02018713,02018713,ih00351500,ih00351500,print_place,first,0,1,,,Paris,Paris,,,,,,,,,,Inc.273.5,1493,1493,,,gw_extracted_year_range,,place_name_not_yet_geocoded,edition_level_print_statement,GW,13060,https://gesamtkatalogderwiegendrucke.de/docs/GW13060.htm,data/derived/prayer-book-corpus.csv,Printing statement shared by copies of the edition.
02018713-p001-loc01,02018713,02018713,ih00351500,ih00351500,provenance_place,intermediate,1,1,02018713-p001,02018713-p001-loc01,Worcester,Worcester,Worcester,GeoNames,2633563,https://www.geonames.org/2633563,52.18935,-2.22001,United Kingdom,,,Inc.273.5,1864,1946,19 | 20,,mei_timeperiod,a,coordinates_supplied,copy_level_provenance_place,MEI,02018713-p001,https://data.cerl.org/mei/02018713,data/expanded/mei-corpus.json,
02018713-p002-loc01,02018713,02018713,ih00351500,ih00351500,provenance_place,intermediate,2,1,02018713-p002,02018713-p002-loc01,Edinburgh,Edinburgh,Edinburgh,GeoNames,2650225,https://www.geonames.org/2650225,55.95206,-3.19648,United Kingdom,,,Inc.273.5,1946,,20,,mei_timeperiod,,coordinates_supplied,copy_level_provenance_place,MEI,02018713-p002,https://data.cerl.org/mei/02018713,data/expanded/mei-corpus.json,
02018713-current,02018713,02018713,ih00351500,ih00351500,current_holding,last,3,1,,,"Edinburgh, National Library of Scotland",,,,,,,,GB,EdinburghNLS,"Edinburgh, National Library of Scotland",Inc.273.5,,,,2026-09-30,current_observation_only,,holding_institution_not_yet_geocoded,current_holding_statement,MEI,02018713,https://data.cerl.org/mei/02018713,data/expanded/mei-corpus.json,Observed as the current holding institution; no arrival date is inferred.
02131208-print,02131208,02131208,ih00352000,ih00352000,print_place,first,0,1,,,Paris,Paris,,,,,,,,,,Inc H-352,1497,1497,,,gw_extracted_year_range,,place_name_not_yet_geocoded,edition_level_print_statement,GW,13122,https://gesamtkatalogderwiegendrucke.de/docs/GW13122.htm,data/derived/prayer-book-corpus.csv,Printing statement shared by copies of the edition.
02131208-p001-loc01,02131208,02131208,ih00352000,ih00352000,provenance_place,intermediate,1,1,02131208-p001,02131208-p001-loc01,France,,France,GeoNames,3017382,https://www.geonames.org/3017382,46,2,France,,,Inc H-352,1497,1500,15,,mei_timeperiod,a,coordinates_supplied,copy_level_provenance_place,MEI,02131208-p001,https://data.cerl.org/mei/02131208,data/expanded/mei-corpus.json,
02131208-p002-loc01,02131208,02131208,ih00352000,ih00352000,provenance_place,intermediate,2,1,02131208-p002,02131208-p002-loc01,Schwarzau am Steinfeld,Schwarzau am Steinfeld,Schwarzau am Steinfeld,GeoNames,2765489,https://www.geonames.org/2765489,47.73183,16.17094,Austria,,,Inc H-352,1849,1883,19,,mei_timeperiod,a,coordinates_supplied,copy_level_provenance_place,MEI,02131208-p002,https://data.cerl.org/mei/02131208,data/expanded/mei-corpus.json,
02131208-p003-loc01,02131208,02131208,ih00352000,ih00352000,provenance_place,intermediate,3,1,02131208-p003,02131208-p003-loc01,Schwarzau am Steinfeld,Schwarzau am Steinfeld (Vienna),Schwarzau am Steinfeld,GeoNames,2765489,https://www.geonames.org/2765489,47.73183,16.17094,Austria,,,Inc H-352,1848,1907,19 | 20,,mei_timeperiod,a,coordinates_supplied,copy_level_provenance_place,MEI,02131208-p003,https://data.cerl.org/mei/02131208,data/expanded/mei-corpus.json,
02131208-p004-loc01,02131208,02131208,ih00352000,ih00352000,provenance_place,intermediate,4,1,02131208-p004,02131208-p004-loc01,New York,New York,New York,GeoNames,5128581,https://www.geonames.org/5128581,40.71427,-74.00597,United States,,,Inc H-352,1932,1935,20,,mei_timeperiod,a,coordinates_supplied,copy_level_provenance_place,MEI,02131208-p004,https://data.cerl.org/mei/02131208,data/expanded/mei-corpus.json,
02131208-p005-loc01,02131208,02131208,ih00352000,ih00352000,provenance_place,intermediate,5,1,02131208-p005,02131208-p005-loc01,United States,,United States,GeoNames,6252001,https://www.geonames.org/6252001,39.76,-98.5,United States,,,Inc H-352,1938,1948,20,,mei_timeperiod,a,coordinates_supplied,copy_level_provenance_place,MEI,02131208-p005,https://data.cerl.org/mei/02131208,data/expanded/mei-corpus.json,
02131208-p006-loc01,02131208,02131208,ih00352000,ih00352000,provenance_place,intermediate,6,1,02131208-p006,02131208-p006-loc01,Pennsylvania,,Pennsylvania,GeoNames,6254927,https://www.geonames.org/6254927,40.8,-77.7,United States,,,Inc H-352,1948,1963,20,,mei_timeperiod,a,coordinates_supplied,copy_level_provenance_place,MEI,02131208-p006,https://data.cerl.org/mei/02131208,data/expanded/mei-corpus.json,
02131208-p007-loc01,02131208,02131208,ih00352000,ih00352000,provenance_place,intermediate,7,1,02131208-p007,02131208-p007-loc01,Wellesley,Wellesley,Wellesley,GeoNames,4954738,https://www.geonames.org/4954738,42.29649,-71.29256,United States,,,Inc H-352,1965,,20,,mei_timeperiod,a,coordinates_supplied,copy_level_provenance_place,MEI,02131208-p007,https://data.cerl.org/mei/02131208,data/expanded/mei-corpus.json,
02131208-current,02131208,02131208,ih00352000,ih00352000,current_holding,last,8,1,,,"Wellesley MA, Wellesley College, Margaret Clapp Library",,,,,,,,US,WellCL,"Wellesley MA, Wellesley College, Margaret Clapp Library",Inc H-352,,,,2026-09-30,current_observation_only,,holding_institution_not_yet_geocoded,current_holding_statement,MEI,02131208,https://data.cerl.org/mei/02131208,data/expanded/mei-corpus.json,Observed as the current holding institution; no arrival date is inferred.
00211919-print,00211919,00211919,ih00353500,ih00353500,print_place,first,0,1,,,Paris,Paris,,,,,,,,,,8° Rawl. 1096.,1498,1498,,,gw_extracted_year_range,,place_name_not_yet_geocoded,edition_level_print_statement,GW,13215,https://gesamtkatalogderwiegendrucke.de/docs/GW13215.htm,data/derived/prayer-book-corpus.csv,Printing statement shared by copies of the edition.
00211919-p002-loc01,00211919,00211919,ih00353500,ih00353500,provenance_place,intermediate,2,1,00211919-p002,00211919-p002-loc01,Oxford,Oxford,Oxford,GeoNames,2640729,https://www.geonames.org/2640729,51.75222,-1.25596,United Kingdom,,,8° Rawl. 1096.,,,,,undated,,coordinates_supplied,copy_level_provenance_place,MEI,00211919-p002,https://data.cerl.org/mei/00211919,data/expanded/mei-corpus.json,
00211919-current,00211919,00211919,ih00353500,ih00353500,current_holding,last,3,1,,,"Oxford, Bodleian Library",,,,,,,,GB,OxfordBodley,"Oxford, Bodleian Library",8° Rawl. 1096.,,,,2026-09-30,current_observation_only,,holding_institution_not_yet_geocoded,current_holding_statement,MEI,00211919,https://data.cerl.org/mei/00211919,data/expanded/mei-corpus.json,Observed as the current holding institution; no arrival date is inferred.
02134902-print,02134902,02134902,ih00354400,ih00354400,print_place,first,0,1,,,Paris,Paris,,,,,,,,,,XV.14,1499,1499,,,gw_extracted_year_range,,place_name_not_yet_geocoded,edition_level_print_statement,GW,13100,https://gesamtkatalogderwiegendrucke.de/docs/GW13100.htm,data/derived/prayer-book-corpus.csv,Printing statement shared by copies of the edition.
02134902-p002-loc01,02134902,02134902,ih00354400,ih00354400,provenance_place,intermediate,2,1,02134902-p002,02134902-p002-loc01,Krakow,Kraków,Krakow,GeoNames,3094802,https://www.geonames.org/3094802,50.06143,19.93658,Poland,,,XV.14,1757,1829,18 | 19,19th c.,mei_timeperiod,a,coordinates_supplied,copy_level_provenance_place,MEI,02134902-p002,https://data.cerl.org/mei/02134902,data/expanded/mei-corpus.json,
02134902-p003-loc01,02134902,02134902,ih00354400,ih00354400,provenance_place,intermediate,3,1,02134902-p003,02134902-p003-loc01,Lviv,Lviv,Lviv,GeoNames,702550,https://www.geonames.org/702550,49.83826,24.02324,Ukraine,,,XV.14,1817,1946,19 | 20,19th c.,mei_timeperiod,a,coordinates_supplied,copy_level_provenance_place,MEI,02134902-p003,https://data.cerl.org/mei/02134902,data/expanded/mei-corpus.json,
02134902-p004-loc01,02134902,02134902,ih00354400,ih00354400,provenance_place,intermediate,4,1,02134902-p004,02134902-p004-loc01,Wroclaw,Wroclaw,Wroclaw,GeoNames,3081368,https://www.geonames.org/3081368,51.10286,17.03006,Poland,,,XV.14,1946,,20,20th c.,mei_timeperiod,a,coordinates_supplied,copy_level_provenance_place,MEI,02134902-p004,https://data.cerl.org/mei/02134902,data/expanded/mei-corpus.json,
02134902-current,02134902,02134902,ih00354400,ih00354400,current_holding,last,5,1,,,"Wrocław, Ossolineum",,,,,,,,PL,WroclawO,"Wrocław, Ossolineum",XV.14,,,,2026-09-30,current_observation_only,,holding_institution_not_yet_geocoded,current_holding_statement,MEI,02134902,https://data.cerl.org/mei/02134902,data/expanded/mei-corpus.json,Observed as the current holding institution; no arrival date is inferred.
02177634-print,02177634,02177634,ih00354400,ih00354400,print_place,first,0,1,,,Paris,Paris,,,,,,,,,,IA.40956,1499,1499,,,gw_extracted_year_range,,place_name_not_yet_geocoded,edition_level_print_statement,GW,13100,https://gesamtkatalogderwiegendrucke.de/docs/GW13100.htm,data/derived/prayer-book-corpus.csv,Printing statement shared by copies of the edition.
02177634-p001-loc01,02177634,02177634,ih00354400,ih00354400,provenance_place,intermediate,1,1,02177634-p001,02177634-p001-loc01,France,,France,GeoNames,3017382,https://www.geonames.org/3017382,46,2,France,,,IA.40956,1497,1510,15 | 16,,mei_timeperiod,a,coordinates_supplied,copy_level_provenance_place,MEI,02177634-p001,https://data.cerl.org/mei/02177634,data/expanded/mei-corpus.json,
02177634-p002-loc01,02177634,02177634,ih00354400,ih00354400,provenance_place,intermediate,2,1,02177634-p002,02177634-p002-loc01,London,London,London,GeoNames,2643743,https://www.geonames.org/2643743,51.50853,-0.12574,United Kingdom,,,IA.40956,1660,1753,17 | 18,,mei_timeperiod,a,coordinates_supplied,copy_level_provenance_place,MEI,02177634-p002,https://data.cerl.org/mei/02177634,data/expanded/mei-corpus.json,
02177634-p003-loc01,02177634,02177634,ih00354400,ih00354400,provenance_place,intermediate,3,1,02177634-p003,02177634-p003-loc01,London,London,London,GeoNames,2643743,https://www.geonames.org/2643743,51.50853,-0.12574,United Kingdom,,,IA.40956,1753,,18,,mei_timeperiod,a,coordinates_supplied,copy_level_provenance_place,MEI,02177634-p003,https://data.cerl.org/mei/02177634,data/expanded/mei-corpus.json,
02177634-current,02177634,02177634,ih00354400,ih00354400,current_holding,last,4,1,,,"London, British Library",,,,,,,,GB,LondonBL,"London, British Library",IA.40956,,,,2026-09-30,current_observation_only,,holding_institution_not_yet_geocoded,current_holding_statement,MEI,02177634,https://data.cerl.org/mei/02177634,data/expanded/mei-corpus.json,Observed as the current holding institution; no arrival date is inferred.
02020083-print,02020083,02020083,ih00354700,ih00354700,print_place,first,0,1,,,Paris,Paris,,,,,,,,,,Arch. C. 12. 8,1499,1499,,,gw_extracted_year_range,,place_name_not_yet_geocoded,edition_level_print_statement,GW,13228,https://gesamtkatalogderwiegendrucke.de/docs/GW13228.htm,data/derived/prayer-book-corpus.csv,Printing statement shared by copies of the edition.
02020083-p001-loc01,02020083,02020083,ih00354700,ih00354700,provenance_place,intermediate,1,1,02020083-p001,02020083-p001-loc01,Paris,Paris,Paris,GeoNames,2988507,https://www.geonames.org/2988507,48.85341,2.3488,France,,,Arch. C. 12. 8,1498,1498,15,1498,mei_timeperiod,a,coordinates_supplied,copy_level_provenance_place,MEI,02020083-p001,https://data.cerl.org/mei/02020083,data/expanded/mei-corpus.json,
02020083-p002-loc01,02020083,02020083,ih00354700,ih00354700,provenance_place,intermediate,2,1,02020083-p002,02020083-p002-loc01,France,France,France,GeoNames,3017382,https://www.geonames.org/3017382,46,2,France,,,Arch. C. 12. 8,1501,1600,16,1501-1600,mei_timeperiod,a,coordinates_supplied,copy_level_provenance_place,MEI,02020083-p002,https://data.cerl.org/mei/02020083,data/expanded/mei-corpus.json,
02020083-p003-loc01,02020083,02020083,ih00354700,ih00354700,provenance_place,intermediate,3,1,02020083-p003,02020083-p003-loc01,Europe,Europe,Europe,GeoNames,6255148,https://www.geonames.org/6255148,48.69096,9.14062,,,,Arch. C. 12. 8,,,,1601-1700,mei_evidence_date_only,a,coordinates_supplied,copy_level_provenance_place,MEI,02020083-p003,https://data.cerl.org/mei/02020083,data/expanded/mei-corpus.json,
02020083-p004-loc01,02020083,02020083,ih00354700,ih00354700,provenance_place,intermediate,4,1,02020083-p004,02020083-p004-loc01,Oxford,Oxford,Oxford,GeoNames,2640729,https://www.geonames.org/2640729,51.75222,-1.25596,United Kingdom,,,Arch. C. 12. 8,1800,,18,1800,mei_timeperiod,a,coordinates_supplied,copy_level_provenance_place,MEI,02020083-p004,https://data.cerl.org/mei/02020083,data/expanded/mei-corpus.json,
02020083-current,02020083,02020083,ih00354700,ih00354700,current_holding,last,5,1,,,"Oxford, Balliol College",,,,,,,,GB,OxfordBalliolCollege,"Oxford, Balliol College",Arch. C. 12. 8,,,,2026-09-30,current_observation_only,,holding_institution_not_yet_geocoded,current_holding_statement,MEI,02020083,https://data.cerl.org/mei/02020083,data/expanded/mei-corpus.json,Observed as the current holding institution; no arrival date is inferred.
02128182-print,02128182,02128182,ih00356000,ih00356000,print_place,first,0,1,,,Paris,Paris,,,,,,,,,,\*34.13\Pari\P633\1500‬,1500,1500,,,gw_extracted_year_range,,place_name_not_yet_geocoded,edition_level_print_statement,GW,13085,https://gesamtkatalogderwiegendrucke.de/docs/GW13085.htm,data/derived/prayer-book-corpus.csv,Printing statement shared by copies of the edition.
02128182-p001-loc01,02128182,02128182,ih00356000,ih00356000,provenance_place,intermediate,1,1,02128182-p001,02128182-p001-loc01,France,,France,GeoNames,3017382,https://www.geonames.org/3017382,46,2,France,,,\*34.13\Pari\P633\1500‬,1501,1510,16,,mei_timeperiod,a,coordinates_supplied,copy_level_provenance_place,MEI,02128182-p001,https://data.cerl.org/mei/02128182,data/expanded/mei-corpus.json,
02128182-p002-loc01,02128182,02128182,ih00356000,ih00356000,provenance_place,intermediate,2,1,02128182-p002,02128182-p002-loc01,France,,France,GeoNames,3017382,https://www.geonames.org/3017382,46,2,France,,,\*34.13\Pari\P633\1500‬,1650,1700,17,,mei_timeperiod,a,coordinates_supplied,copy_level_provenance_place,MEI,02128182-p002,https://data.cerl.org/mei/02128182,data/expanded/mei-corpus.json,
02128182-p003-loc01,02128182,02128182,ih00356000,ih00356000,provenance_place,intermediate,3,1,02128182-p003,02128182-p003-loc01,Fort-de-France,,Fort-de-France,GeoNames,3570675,https://www.geonames.org/3570675,14.60365,-61.07418,Martinique,,,\*34.13\Pari\P633\1500‬,1700,1800,17 | 18,,mei_timeperiod,a,coordinates_supplied,copy_level_provenance_place,MEI,02128182-p003,https://data.cerl.org/mei/02128182,data/expanded/mei-corpus.json,
02128182-p004-loc01,02128182,02128182,ih00356000,ih00356000,provenance_place,intermediate,4,1,02128182-p004,02128182-p004-loc01,New York,New York,New York,GeoNames,5128581,https://www.geonames.org/5128581,40.71427,-74.00597,United States,,,\*34.13\Pari\P633\1500‬,1850,1866,19,,mei_timeperiod,a,coordinates_supplied,copy_level_provenance_place,MEI,02128182-p004,https://data.cerl.org/mei/02128182,data/expanded/mei-corpus.json,
02128182-p005-loc01,02128182,02128182,ih00356000,ih00356000,provenance_place,intermediate,5,1,02128182-p005,02128182-p005-loc01,New York,New York,New York,GeoNames,5128581,https://www.geonames.org/5128581,40.71427,-74.00597,United States,,,\*34.13\Pari\P633\1500‬,1866,1894,19,,mei_timeperiod,a,coordinates_supplied,copy_level_provenance_place,MEI,02128182-p005,https://data.cerl.org/mei/02128182,data/expanded/mei-corpus.json,
02128182-p006-loc01,02128182,02128182,ih00356000,ih00356000,provenance_place,intermediate,6,1,02128182-p006,02128182-p006-loc01,New York,New York,New York,GeoNames,5128581,https://www.geonames.org/5128581,40.71427,-74.00597,United States,,,\*34.13\Pari\P633\1500‬,1894,,19,,mei_timeperiod,a,coordinates_supplied,copy_level_provenance_place,MEI,02128182-p006,https://data.cerl.org/mei/02128182,data/expanded/mei-corpus.json,
02128182-current,02128182,02128182,ih00356000,ih00356000,current_holding,last,7,1,,,"New York NY, Grolier Club",,,,,,,,US,NewYorkGrolier,"New York NY, Grolier Club",\*34.13\Pari\P633\1500‬,,,,2026-09-30,current_observation_only,,holding_institution_not_yet_geocoded,current_holding_statement,MEI,02128182,https://data.cerl.org/mei/02128182,data/expanded/mei-corpus.json,Observed as the current holding institution; no arrival date is inferred.
00560429-print,00560429,00560429,ih00357100,ih00357100,print_place,first,0,1,,,Paris,Paris,,,,,,,,,,Inc.5.D.1.26[2581],1498,1498,,,gw_extracted_year_range,,place_name_not_yet_geocoded,edition_level_print_statement,GW,13220,https://gesamtkatalogderwiegendrucke.de/docs/GW13220.htm,data/derived/prayer-book-corpus.csv,Printing statement shared by copies of the edition.
00560429-p002-loc01,00560429,00560429,ih00357100,ih00357100,provenance_place,intermediate,2,1,00560429-p002,00560429-p002-loc01,Cambridge,Cambridge,Cambridge,GeoNames,2653941,https://www.geonames.org/2653941,52.2,0.11667,United Kingdom,,,Inc.5.D.1.26[2581],,,,,undated,a,coordinates_supplied,copy_level_provenance_place,MEI,00560429-p002,https://data.cerl.org/mei/00560429,data/expanded/mei-corpus.json,
00560429-current,00560429,00560429,ih00357100,ih00357100,current_holding,last,3,1,,,"Cambridge, University Library",,,,,,,,GB,CambridgeUL,"Cambridge, University Library",Inc.5.D.1.26[2581],,,,2026-09-30,current_observation_only,,holding_institution_not_yet_geocoded,current_holding_statement,MEI,00560429,https://data.cerl.org/mei/00560429,data/expanded/mei-corpus.json,Observed as the current holding institution; no arrival date is inferred.
00200522-print,00200522,00200522,ih00357200,ih00357200,print_place,first,0,1,,,Rom,Rom,,,,,,,,,,54.A.63,1473,1473,,,gw_extracted_year_range,,place_name_not_yet_geocoded,edition_level_print_statement,GW,13351,https://gesamtkatalogderwiegendrucke.de/docs/GW13351.htm,data/derived/prayer-book-corpus.csv,Printing statement shared by copies of the edition.
00200522-p001-loc01,00200522,00200522,ih00357200,ih00357200,provenance_place,intermediate,1,1,00200522-p001,00200522-p001-loc01,Italy,,Italy,GeoNames,3175395,https://www.geonames.org/3175395,42.83333,12.83333,Italy,,,54.A.63,1474,1525,15 | 16,,mei_timeperiod,a,coordinates_supplied,copy_level_provenance_place,MEI,00200522-p001,https://data.cerl.org/mei/00200522,data/expanded/mei-corpus.json,
00200522-p002-loc01,00200522,00200522,ih00357200,ih00357200,provenance_place,intermediate,2,1,00200522-p002,00200522-p002-loc01,Florence,Florence,Florence,GeoNames,3176959,https://www.geonames.org/3176959,43.77925,11.24626,Italy,,,54.A.63,1711,1785,18,,mei_timeperiod,a,coordinates_supplied,copy_level_provenance_place,MEI,00200522-p002,https://data.cerl.org/mei/00200522,data/expanded/mei-corpus.json,
00200522-p003-loc01,00200522,00200522,ih00357200,ih00357200,provenance_place,intermediate,3,1,00200522-p003,00200522-p003-loc01,Rome,Rome,Rome,GeoNames,3169070,https://www.geonames.org/3169070,41.89193,12.51133,Italy,,,54.A.63,1786,1792,18,,mei_timeperiod,a,coordinates_supplied,copy_level_provenance_place,MEI,00200522-p003,https://data.cerl.org/mei/00200522,data/expanded/mei-corpus.json,
00200522-p004-loc01,00200522,00200522,ih00357200,ih00357200,provenance_place,intermediate,4,1,00200522-p004,00200522-p004-loc01,Rome,Rome,Rome,GeoNames,3169070,https://www.geonames.org/3169070,41.89193,12.51133,Italy,,,54.A.63,1733,,18,,mei_timeperiod,a,coordinates_supplied,copy_level_provenance_place,MEI,00200522-p004,https://data.cerl.org/mei/00200522,data/expanded/mei-corpus.json,
00200522-current,00200522,00200522,ih00357200,ih00357200,current_holding,last,5,1,,,"Roma, Biblioteca dell'Accademia Nazionale dei Lincei e Corsiniana ",,,,,,,,IT,RomaBibliotecaCorsiniana,"Roma, Biblioteca dell'Accademia Nazionale dei Lincei e Corsiniana ",54.A.63,,,,2026-09-30,current_observation_only,,holding_institution_not_yet_geocoded,current_holding_statement,MEI,00200522,https://data.cerl.org/mei/00200522,data/expanded/mei-corpus.json,Observed as the current holding institution; no arrival date is inferred.
02000020-print,02000020,02000020,ih00357230,ih00357230,print_place,first,0,1,,,Venedig,Venedig,,,,,,,,,,Inc. Ross. 984,1474,1474,,,gw_extracted_year_range,,place_name_not_yet_geocoded,edition_level_print_statement,GW,13355,https://gesamtkatalogderwiegendrucke.de/docs/GW13355.htm,data/derived/prayer-book-corpus.csv,Printing statement shared by copies of the edition.
02000020-p001-loc01,02000020,02000020,ih00357230,ih00357230,provenance_place,intermediate,1,1,02000020-p001,02000020-p001-loc01,Venice,Venice,Venice,GeoNames,3164603,https://www.geonames.org/3164603,45.43713,12.33265,Italy,,,Inc. Ross. 984,1481,1500,15,,mei_timeperiod,,coordinates_supplied,copy_level_provenance_place,MEI,02000020-p001,https://data.cerl.org/mei/02000020,data/expanded/mei-corpus.json,
02000020-p003-loc01,02000020,02000020,ih00357230,ih00357230,provenance_place,intermediate,3,1,02000020-p003,02000020-p003-loc01,Rome,Roma,Rome,GeoNames,3169070,https://www.geonames.org/3169070,41.89193,12.51133,Italy,,,Inc. Ross. 984,1796,1854,18 | 19,,mei_timeperiod,a,coordinates_supplied,copy_level_provenance_place,MEI,02000020-p003,https://data.cerl.org/mei/02000020,data/expanded/mei-corpus.json,
02000020-p004-loc01,02000020,02000020,ih00357230,ih00357230,provenance_place,intermediate,4,1,02000020-p004,02000020-p004-loc01,Rome,Roma,Rome,GeoNames,3169070,https://www.geonames.org/3169070,41.89193,12.51133,Italy,,,Inc. Ross. 984,1855,1922,19 | 20,,mei_timeperiod,a,coordinates_supplied,copy_level_provenance_place,MEI,02000020-p004,https://data.cerl.org/mei/02000020,data/expanded/mei-corpus.json,
02000020-p005-loc01,02000020,02000020,ih00357230,ih00357230,provenance_place,intermediate,5,1,02000020-p005,02000020-p005-loc01,Vatican City,Città del Vaticano,Vatican City,GeoNames,6691831,https://www.geonames.org/6691831,41.90268,12.45414,Vatican City,,,Inc. Ross. 984,,,,,undated,a,coordinates_supplied,copy_level_provenance_place,MEI,02000020-p005,https://data.cerl.org/mei/02000020,data/expanded/mei-corpus.json,
02000020-current,02000020,02000020,ih00357230,ih00357230,current_holding,last,6,1,,,"Città del Vaticano, Biblioteca Apostolica Vaticana",,,,,,,,VA,VaticanoBAV,"Città del Vaticano, Biblioteca Apostolica Vaticana",Inc. Ross. 984,,,,2026-09-30,current_observation_only,,holding_institution_not_yet_geocoded,current_holding_statement,MEI,02000020,https://data.cerl.org/mei/02000020,data/expanded/mei-corpus.json,Observed as the current holding institution; no arrival date is inferred.
02007622-print,02007622,02007622,ih00357230,ih00357230,print_place,first,0,1,,,Venedig,Venedig,,,,,,,,,,Forc. M.4.32,1474,1474,,,gw_extracted_year_range,,place_name_not_yet_geocoded,edition_level_print_statement,GW,13355,https://gesamtkatalogderwiegendrucke.de/docs/GW13355.htm,data/derived/prayer-book-corpus.csv,Printing statement shared by copies of the edition.
02007622-p001-loc01,02007622,02007622,ih00357230,ih00357230,provenance_place,intermediate,1,1,02007622-p001,02007622-p001-loc01,Venice,Venice,Venice,GeoNames,3164603,https://www.geonames.org/3164603,45.43713,12.33265,Italy,,,Forc. M.4.32,1474,1500,15,,mei_timeperiod,a,coordinates_supplied,copy_level_provenance_place,MEI,02007622-p001,https://data.cerl.org/mei/02007622,data/expanded/mei-corpus.json,
02007622-p003-loc01,02007622,02007622,ih00357230,ih00357230,provenance_place,intermediate,3,1,02007622-p003,02007622-p003-loc01,Italy,,Italy,GeoNames,3175395,https://www.geonames.org/3175395,42.83333,12.83333,Italy,,,Forc. M.4.32,1501,1600,16,1501 - 1600,mei_timeperiod,a,coordinates_supplied,copy_level_provenance_place,MEI,02007622-p003,https://data.cerl.org/mei/02007622,data/expanded/mei-corpus.json,
02007622-p004-loc01,02007622,02007622,ih00357230,ih00357230,provenance_place,intermediate,4,1,02007622-p004,02007622-p004-loc01,Italy,,Italy,GeoNames,3175395,https://www.geonames.org/3175395,42.83333,12.83333,Italy,,,Forc. M.4.32,1651,1750,17 | 18,,mei_timeperiod,a,coordinates_supplied,copy_level_provenance_place,MEI,02007622-p004,https://data.cerl.org/mei/02007622,data/expanded/mei-corpus.json,
02007622-p005-loc01,02007622,02007622,ih00357230,ih00357230,provenance_place,intermediate,5,1,02007622-p005,02007622-p005-loc01,Padua,Padova,Padua,GeoNames,3171728,https://www.geonames.org/3171728,45.40797,11.88586,Italy,,,Forc. M.4.32,1701,1720,18,,mei_timeperiod,a,coordinates_supplied,copy_level_provenance_place,MEI,02007622-p005,https://data.cerl.org/mei/02007622,data/expanded/mei-corpus.json,
02007622-p007-loc01,02007622,02007622,ih00357230,ih00357230,provenance_place,intermediate,7,1,02007622-p007,02007622-p007-loc01,Padua,Padova,Padua,GeoNames,3171728,https://www.geonames.org/3171728,45.40797,11.88586,Italy,,,Forc. M.4.32,1720,,18,,mei_timeperiod,a,coordinates_supplied,copy_level_provenance_place,MEI,02007622-p007,https://data.cerl.org/mei/02007622,data/expanded/mei-corpus.json,
02007622-current,02007622,02007622,ih00357230,ih00357230,current_holding,last,8,1,,,"Padova, Biblioteca del Seminario Vescovile",,,,,,,,IT,PadovaSem,"Padova, Biblioteca del Seminario Vescovile",Forc. M.4.32,,,,2026-09-30,current_observation_only,,holding_institution_not_yet_geocoded,current_holding_statement,MEI,02007622,https://data.cerl.org/mei/02007622,data/expanded/mei-corpus.json,Observed as the current holding institution; no arrival date is inferred.
02018734-print,02018734,02018734,ih00357230,ih00357230,print_place,first,0,1,,,Venedig,Venedig,,,,,,,,,,No. 92,1474,1474,,,gw_extracted_year_range,,place_name_not_yet_geocoded,edition_level_print_statement,GW,13355,https://gesamtkatalogderwiegendrucke.de/docs/GW13355.htm,data/derived/prayer-book-corpus.csv,Printing statement shared by copies of the edition.
02018734-p001-loc01,02018734,02018734,ih00357230,ih00357230,provenance_place,intermediate,1,1,02018734-p001,02018734-p001-loc01,Venice,Venezia,Venice,GeoNames,3164603,https://www.geonames.org/3164603,45.43713,12.33265,Italy,,,No. 92,1474,1525,15 | 16,,mei_timeperiod,a,coordinates_supplied,copy_level_provenance_place,MEI,02018734-p001,https://data.cerl.org/mei/02018734,data/expanded/mei-corpus.json,Assumed place.
02018734-p003-loc01,02018734,02018734,ih00357230,ih00357230,provenance_place,intermediate,3,1,02018734-p003,02018734-p003-loc01,Macerata,Cingoli (Macerata),Macerata,GeoNames,3174380,https://www.geonames.org/3174380,43.29789,13.45293,Italy,,,No. 92,1791,1830,18 | 19,,mei_timeperiod,a,coordinates_supplied,copy_level_provenance_place,MEI,02018734-p003,https://data.cerl.org/mei/02018734,data/expanded/mei-corpus.json,
02018734-p004-loc01,02018734,02018734,ih00357230,ih00357230,provenance_place,intermediate,4,1,02018734-p004,02018734-p004-loc01,Macerata,Cingoli (Macerata),Macerata,GeoNames,3174380,https://www.geonames.org/3174380,43.29789,13.45293,Italy,,,No. 92,1830,1935,19 | 20,,mei_timeperiod,a,coordinates_supplied,copy_level_provenance_place,MEI,02018734-p004,https://data.cerl.org/mei/02018734,data/expanded/mei-corpus.json,
02018734-p005-loc01,02018734,02018734,ih00357230,ih00357230,provenance_place,intermediate,5,1,02018734-p005,02018734-p005-loc01,Macerata,Macerata,Macerata,GeoNames,3174380,https://www.geonames.org/3174380,43.29789,13.45293,Italy,,,No. 92,1935,,20,,mei_timeperiod,a,coordinates_supplied,copy_level_provenance_place,MEI,02018734-p005,https://data.cerl.org/mei/02018734,data/expanded/mei-corpus.json,
02018734-current,02018734,02018734,ih00357230,ih00357230,current_holding,last,6,1,,,"Macerata, Biblioteca Comunale Mozzi-Borgetti",,,,,,,,IT,MacerataC,"Macerata, Biblioteca Comunale Mozzi-Borgetti",No. 92,,,,2026-09-30,current_observation_only,,holding_institution_not_yet_geocoded,current_holding_statement,MEI,02018734,https://data.cerl.org/mei/02018734,data/expanded/mei-corpus.json,Observed as the current holding institution; no arrival date is inferred.
02108409-print,02108409,02108409,ih00357230,ih00357230,print_place,first,0,1,,,Venedig,Venedig,,,,,,,,,,Triv. Inc. E 24,1474,1474,,,gw_extracted_year_range,,place_name_not_yet_geocoded,edition_level_print_statement,GW,13355,https://gesamtkatalogderwiegendrucke.de/docs/GW13355.htm,data/derived/prayer-book-corpus.csv,Printing statement shared by copies of the edition.
02108409-p002-loc01,02108409,02108409,ih00357230,ih00357230,provenance_place,intermediate,2,1,02108409-p002,02108409-p002-loc01,Lombardy,Lombardia,Lombardy,GeoNames,3174618,https://www.geonames.org/3174618,45.66667,9.5,Italy,,,Triv. Inc. E 24,1601,1700,17,,mei_timeperiod,a,coordinates_supplied,copy_level_provenance_place,MEI,02108409-p002,https://data.cerl.org/mei/02108409,data/expanded/mei-corpus.json,
02108409-p004-loc01,02108409,02108409,ih00357230,ih00357230,provenance_place,intermediate,4,1,02108409-p004,02108409-p004-loc01,Milan,Milano,Milan,GeoNames,3173435,https://www.geonames.org/3173435,45.46427,9.18951,Italy,,,Triv. Inc. E 24,1935,,20,,mei_timeperiod,a,coordinates_supplied,copy_level_provenance_place,MEI,02108409-p004,https://data.cerl.org/mei/02108409,data/expanded/mei-corpus.json,
02108409-current,02108409,02108409,ih00357230,ih00357230,current_holding,last,5,1,,,"Milano, Archivio Storico Civico e Biblioteca Trivulziana",,,,,,,,IT,MilanoTriv,"Milano, Archivio Storico Civico e Biblioteca Trivulziana",Triv. Inc. E 24,,,,2026-09-30,current_observation_only,,holding_institution_not_yet_geocoded,current_holding_statement,MEI,02108409,https://data.cerl.org/mei/02108409,data/expanded/mei-corpus.json,Observed as the current holding institution; no arrival date is inferred.
02000466-print,02000466,02000466,ih00357230,ih00357230,print_place,first,0,1,,,Venedig,Venedig,,,,,,,,,,IA. 19677,1474,1474,,,gw_extracted_year_range,,place_name_not_yet_geocoded,edition_level_print_statement,GW,13355,https://gesamtkatalogderwiegendrucke.de/docs/GW13355.htm,data/derived/prayer-book-corpus.csv,Printing statement shared by copies of the edition.
02000466-p001-loc01,02000466,02000466,ih00357230,ih00357230,provenance_place,intermediate,1,1,02000466-p001,02000466-p001-loc01,Venice,Venice,Venice,GeoNames,6542284,https://www.geonames.org/6542284,45.4389,12.33092,Italy,,,IA. 19677,,1500,15,,mei_timeperiod,a,coordinates_supplied,copy_level_provenance_place,MEI,02000466-p001,https://data.cerl.org/mei/02000466,data/expanded/mei-corpus.json,
02000466-p002-loc01,02000466,02000466,ih00357230,ih00357230,provenance_place,intermediate,2,1,02000466-p002,02000466-p002-loc01,Venice,Venice,Venice,GeoNames,6542284,https://www.geonames.org/6542284,45.4389,12.33092,Italy,,,IA. 19677,1721,1810,18 | 19,,mei_timeperiod,a,coordinates_supplied,copy_level_provenance_place,MEI,02000466-p002,https://data.cerl.org/mei/02000466,data/expanded/mei-corpus.json,
02000466-p003-loc01,02000466,02000466,ih00357230,ih00357230,provenance_place,intermediate,3,1,02000466-p003,02000466-p003-loc01,London,London,London,GeoNames,2643743,https://www.geonames.org/2643743,51.50853,-0.12574,United Kingdom,,,IA. 19677,1701,1850,18 | 19,,mei_timeperiod,a,coordinates_supplied,copy_level_provenance_place,MEI,02000466-p003,https://data.cerl.org/mei/02000466,data/expanded/mei-corpus.json,
02000466-p004-loc01,02000466,02000466,ih00357230,ih00357230,provenance_place,intermediate,4,1,02000466-p004,02000466-p004-loc01,London,London,London,GeoNames,2643743,https://www.geonames.org/2643743,51.50853,-0.12574,United Kingdom,,,IA. 19677,1841,,19,,mei_timeperiod,a,coordinates_supplied,copy_level_provenance_place,MEI,02000466-p004,https://data.cerl.org/mei/02000466,data/expanded/mei-corpus.json,
02000466-current,02000466,02000466,ih00357230,ih00357230,current_holding,last,5,1,,,"London, British Library",,,,,,,,GB,LondonBL,"London, British Library",IA. 19677,,,,2026-09-30,current_observation_only,,holding_institution_not_yet_geocoded,current_holding_statement,MEI,02000466,https://data.cerl.org/mei/02000466,data/expanded/mei-corpus.json,Observed as the current holding institution; no arrival date is inferred.
02002946-print,02002946,02002946,ih00357230,ih00357230,print_place,first,0,1,,,Venedig,Venedig,,,,,,,,,,18497,1474,1474,,,gw_extracted_year_range,,place_name_not_yet_geocoded,edition_level_print_statement,GW,13355,https://gesamtkatalogderwiegendrucke.de/docs/GW13355.htm,data/derived/prayer-book-corpus.csv,Printing statement shared by copies of the edition.
02002946-p001-loc01,02002946,02002946,ih00357230,ih00357230,provenance_place,intermediate,1,1,02002946-p001,02002946-p001-loc01,Venice,Venice,Venice,GeoNames,3164603,https://www.geonames.org/3164603,45.43713,12.33265,Italy,,,18497,,,,1474,mei_evidence_date_only,a,coordinates_supplied,copy_level_provenance_place,MEI,02002946-p001,https://data.cerl.org/mei/02002946,data/expanded/mei-corpus.json,
02002946-p002-loc01,02002946,02002946,ih00357230,ih00357230,provenance_place,intermediate,2,1,02002946-p002,02002946-p002-loc01,Venice,Venice,Venice,GeoNames,3164603,https://www.geonames.org/3164603,45.43713,12.33265,Italy,,,18497,1474,1505,15 | 16,,mei_timeperiod,a,coordinates_supplied,copy_level_provenance_place,MEI,02002946-p002,https://data.cerl.org/mei/02002946,data/expanded/mei-corpus.json,
02002946-p003-loc01,02002946,02002946,ih00357230,ih00357230,provenance_place,intermediate,3,1,02002946-p003,02002946-p003-loc01,Rivella,Rivella,Rivella,GeoNames,8971941,https://www.geonames.org/8971941,45.27295,11.77382,Italy,,,18497,1500,1600,15 | 16,,mei_timeperiod,a,coordinates_supplied,copy_level_provenance_place,MEI,02002946-p003,https://data.cerl.org/mei/02002946,data/expanded/mei-corpus.json,
02002946-p004-loc01,02002946,02002946,ih00357230,ih00357230,provenance_place,intermediate,4,1,02002946-p004,02002946-p004-loc01,Rivella,Rivella (Padua),Rivella,GeoNames,8971941,https://www.geonames.org/8971941,45.27295,11.77382,Italy,,,18497,1733,,18,1733,mei_timeperiod,a,coordinates_supplied,copy_level_provenance_place,MEI,02002946-p004,https://data.cerl.org/mei/02002946,data/expanded/mei-corpus.json,
02002946-p005-loc01,02002946,02002946,ih00357230,ih00357230,provenance_place,intermediate,5,1,02002946-p005,02002946-p005-loc01,Naples,Napoli,Naples,GeoNames,3172394,https://www.geonames.org/3172394,40.85216,14.26811,Italy,,,18497,1801,1829,19,,mei_timeperiod,a,coordinates_supplied,copy_level_provenance_place,MEI,02002946-p005,https://data.cerl.org/mei/02002946,data/expanded/mei-corpus.json,
02002946-p006-loc01,02002946,02002946,ih00357230,ih00357230,provenance_place,intermediate,6,1,02002946-p006,02002946-p006-loc01,Naples,Naples,Naples,GeoNames,3172394,https://www.geonames.org/3172394,40.85216,14.26811,Italy,,,18497,1747,1825,18 | 19,,mei_timeperiod,a,coordinates_supplied,copy_level_provenance_place,MEI,02002946-p006,https://data.cerl.org/mei/02002946,data/expanded/mei-corpus.json,
02002946-p007-loc01,02002946,02002946,ih00357230,ih00357230,provenance_place,intermediate,7,1,02002946-p007,02002946-p007-loc01,Althorp,Althorp,Althorp,GeoNames,7296694,https://www.geonames.org/7296694,52.28107,-1.00095,United Kingdom,,,18497,1820,1834,19,,mei_timeperiod,a,coordinates_supplied,copy_level_provenance_place,MEI,02002946-p007,https://data.cerl.org/mei/02002946,data/expanded/mei-corpus.json,
02002946-p008-loc01,02002946,02002946,ih00357230,ih00357230,provenance_place,intermediate,8,1,02002946-p008,02002946-p008-loc01,Manchester,Manchester,Manchester,GeoNames,2643123,https://www.geonames.org/2643123,53.48095,-2.23743,United Kingdom,,,18497,1892,1899,19,,mei_timeperiod,a,coordinates_supplied,copy_level_provenance_place,MEI,02002946-p008,https://data.cerl.org/mei/02002946,data/expanded/mei-corpus.json,
02002946-p009-loc01,02002946,02002946,ih00357230,ih00357230,provenance_place,intermediate,9,1,02002946-p009,02002946-p009-loc01,Manchester,"Deansgate, Manchester",Manchester,GeoNames,2643123,https://www.geonames.org/2643123,53.48095,-2.23743,United Kingdom,,,18497,1900,,19,,mei_timeperiod,a,coordinates_supplied,copy_level_provenance_place,MEI,02002946-p009,https://data.cerl.org/mei/02002946,data/expanded/mei-corpus.json,
02002946-current,02002946,02002946,ih00357230,ih00357230,current_holding,last,10,1,,,"Manchester, University of Manchester, John Rylands Research Institute and Library",,,,,,,,GB,ManchesterJRL,"Manchester, University of Manchester, John Rylands Research Institute and Library",18497,,,,2026-09-30,current_observation_only,,holding_institution_not_yet_geocoded,current_holding_statement,MEI,02002946,https://data.cerl.org/mei/02002946,data/expanded/mei-corpus.json,Observed as the current holding institution; no arrival date is inferred.
00200524-print,00200524,00200524,ih00357250,ih00357250,print_place,first,0,1,,,Venedig,Venedig,,,,,,,,,,17393,1475,1475,,,gw_extracted_year_range,,place_name_not_yet_geocoded,edition_level_print_statement,GW,13358,https://gesamtkatalogderwiegendrucke.de/docs/GW13358.htm,data/derived/prayer-book-corpus.csv,Printing statement shared by copies of the edition.
00200524-current,00200524,00200524,ih00357250,ih00357250,current_holding,last,1,1,,,"Manchester, University of Manchester, John Rylands Research Institute and Library",,,,,,,,GB,ManchesterJRL,"Manchester, University of Manchester, John Rylands Research Institute and Library",17393,,,,2026-09-30,current_observation_only,,holding_institution_not_yet_geocoded,current_holding_statement,MEI,00200524,https://data.cerl.org/mei/00200524,data/expanded/mei-corpus.json,Observed as the current holding institution; no arrival date is inferred.
00200525-print,00200525,00200525,ih00357250,ih00357250,print_place,first,0,1,,,Venedig,Venedig,,,,,,,,,,S. Q. II. A. 23,1475,1475,,,gw_extracted_year_range,,place_name_not_yet_geocoded,edition_level_print_statement,GW,13358,https://gesamtkatalogderwiegendrucke.de/docs/GW13358.htm,data/derived/prayer-book-corpus.csv,Printing statement shared by copies of the edition.
00200525-current,00200525,00200525,ih00357250,ih00357250,current_holding,last,1,1,,,"Napoli, Biblioteca nazionale Vittorio Emanuele III",,,,,,,,IT,NapoliN,"Napoli, Biblioteca nazionale Vittorio Emanuele III",S. Q. II. A. 23,,,,2026-09-30,current_observation_only,,holding_institution_not_yet_geocoded,current_holding_statement,MEI,00200525,https://data.cerl.org/mei/00200525,data/expanded/mei-corpus.json,Observed as the current holding institution; no arrival date is inferred.
02003507-print,02003507,02003507,ih00357250,ih00357250,print_place,first,0,1,,,Venedig,Venedig,,,,,,,,,,XV. IV 116,1475,1475,,,gw_extracted_year_range,,place_name_not_yet_geocoded,edition_level_print_statement,GW,13358,https://gesamtkatalogderwiegendrucke.de/docs/GW13358.htm,data/derived/prayer-book-corpus.csv,Printing statement shared by copies of the edition.
02003507-p001-loc01,02003507,02003507,ih00357250,ih00357250,provenance_place,intermediate,1,1,02003507-p001,02003507-p001-loc01,Genova,Genova,Genova,GeoNames,6542282,https://www.geonames.org/6542282,44.41286,8.95729,Italy,,,XV. IV 116,,1500,15,,mei_timeperiod,a,coordinates_supplied,copy_level_provenance_place,MEI,02003507-p001,https://data.cerl.org/mei/02003507,data/expanded/mei-corpus.json,
02003507-p002-loc01,02003507,02003507,ih00357250,ih00357250,provenance_place,intermediate,2,1,02003507-p002,02003507-p002-loc01,Torino,Turin,Torino,GeoNames,3165525,https://www.geonames.org/3165525,45.05,7.66667,Italy,,,XV. IV 116,1701,,18,,mei_timeperiod,a,coordinates_supplied,copy_level_provenance_place,MEI,02003507-p002,https://data.cerl.org/mei/02003507,data/expanded/mei-corpus.json,
02003507-current,02003507,02003507,ih00357250,ih00357250,current_holding,last,3,1,,,"Torino, Biblioteca Nazionale Universitaria",,,,,,,,IT,TorinoN,"Torino, Biblioteca Nazionale Universitaria",XV. IV 116,,,,2026-09-30,current_observation_only,,holding_institution_not_yet_geocoded,current_holding_statement,MEI,02003507,https://data.cerl.org/mei/02003507,data/expanded/mei-corpus.json,Observed as the current holding institution; no arrival date is inferred.
02003132-print,02003132,02003132,ih00357250,ih00357250,print_place,first,0,1,,,Venedig,Venedig,,,,,,,,,,Inc. E 24,1475,1475,,,gw_extracted_year_range,,place_name_not_yet_geocoded,edition_level_print_statement,GW,13358,https://gesamtkatalogderwiegendrucke.de/docs/GW13358.htm,data/derived/prayer-book-corpus.csv,Printing statement shared by copies of the edition.
02003132-current,02003132,02003132,ih00357250,ih00357250,current_holding,last,1,1,,,"Milano, Archivio Storico Civico e Biblioteca Trivulziana",,,,,,,,IT,MilanoTriv,"Milano, Archivio Storico Civico e Biblioteca Trivulziana",Inc. E 24,,,,2026-09-30,current_observation_only,,holding_institution_not_yet_geocoded,current_holding_statement,MEI,02003132,https://data.cerl.org/mei/02003132,data/expanded/mei-corpus.json,Observed as the current holding institution; no arrival date is inferred.
02003305-print,02003305,02003305,ih00357250,ih00357250,print_place,first,0,1,,,Venedig,Venedig,,,,,,,,,,\*34.15\Veni\J54\1475,1475,1475,,,gw_extracted_year_range,,place_name_not_yet_geocoded,edition_level_print_statement,GW,13358,https://gesamtkatalogderwiegendrucke.de/docs/GW13358.htm,data/derived/prayer-book-corpus.csv,Printing statement shared by copies of the edition.
02003305-p001-loc01,02003305,02003305,ih00357250,ih00357250,provenance_place,intermediate,1,1,02003305-p001,02003305-p001-loc01,Bologna,Bologna,Bologna,GeoNames,3181928,https://www.geonames.org/3181928,44.49381,11.33875,Italy,,,\*34.15\Veni\J54\1475,1475,1500,15,,mei_timeperiod,a,coordinates_supplied,copy_level_provenance_place,MEI,02003305-p001,https://data.cerl.org/mei/02003305,data/expanded/mei-corpus.json,
02003305-p002-loc01,02003305,02003305,ih00357250,ih00357250,provenance_place,intermediate,2,1,02003305-p002,02003305-p002-loc01,Brussels,Brussels,Brussels,GeoNames,2800866,https://www.geonames.org/2800866,50.85045,4.34878,Belgium,,,\*34.15\Veni\J54\1475,1860,1876,19,,mei_timeperiod,a,coordinates_supplied,copy_level_provenance_place,MEI,02003305-p002,https://data.cerl.org/mei/02003305,data/expanded/mei-corpus.json,
02003305-p003-loc01,02003305,02003305,ih00357250,ih00357250,provenance_place,intermediate,3,1,02003305-p003,02003305-p003-loc01,Paris,Paris,Paris,GeoNames,2988507,https://www.geonames.org/2988507,48.85341,2.3488,France,,,\*34.15\Veni\J54\1475,1820,1876,19,,mei_timeperiod,a,coordinates_supplied,copy_level_provenance_place,MEI,02003305-p003,https://data.cerl.org/mei/02003305,data/expanded/mei-corpus.json,
02003305-p004-loc01,02003305,02003305,ih00357250,ih00357250,provenance_place,intermediate,4,1,02003305-p004,02003305-p004-loc01,Paris,Paris,Paris,GeoNames,2988507,https://www.geonames.org/2988507,48.85341,2.3488,France,,,\*34.15\Veni\J54\1475,1879,1882,19,,mei_timeperiod,a,coordinates_supplied,copy_level_provenance_place,MEI,02003305-p004,https://data.cerl.org/mei/02003305,data/expanded/mei-corpus.json,
02003305-p005-loc01,02003305,02003305,ih00357250,ih00357250,provenance_place,intermediate,5,1,02003305-p005,02003305-p005-loc01,New York,New York,New York,GeoNames,5128581,https://www.geonames.org/5128581,40.71427,-74.00597,United States,,,\*34.15\Veni\J54\1475,1882,1930,19 | 20,,mei_timeperiod,a,coordinates_supplied,copy_level_provenance_place,MEI,02003305-p005,https://data.cerl.org/mei/02003305,data/expanded/mei-corpus.json,
02003305-p006-loc01,02003305,02003305,ih00357250,ih00357250,provenance_place,intermediate,6,1,02003305-p006,02003305-p006-loc01,New York,New York,New York,GeoNames,5128581,https://www.geonames.org/5128581,40.71427,-74.00597,United States,,,\*34.15\Veni\J54\1475,1930,,20,,mei_timeperiod,a,coordinates_supplied,copy_level_provenance_place,MEI,02003305-p006,https://data.cerl.org/mei/02003305,data/expanded/mei-corpus.json,
02003305-current,02003305,02003305,ih00357250,ih00357250,current_holding,last,7,1,,,"New York NY, Grolier Club",,,,,,,,US,NewYorkGrolier,"New York NY, Grolier Club",\*34.15\Veni\J54\1475,,,,2026-09-30,current_observation_only,,holding_institution_not_yet_geocoded,current_holding_statement,MEI,02003305,https://data.cerl.org/mei/02003305,data/expanded/mei-corpus.json,Observed as the current holding institution; no arrival date is inferred.
00200523-print,00200523,00200523,ih00357250,ih00357250,print_place,first,0,1,,,Venedig,Venedig,,,,,,,,,,m.r.XI.3.1,1475,1475,,,gw_extracted_year_range,,place_name_not_yet_geocoded,edition_level_print_statement,GW,13358,https://gesamtkatalogderwiegendrucke.de/docs/GW13358.htm,data/derived/prayer-book-corpus.csv,Printing statement shared by copies of the edition.
00200523-current,00200523,00200523,ih00357250,ih00357250,current_holding,last,1,1,,,"Genova, Biblioteca Civica Berio",,,,,,,,IT,GenovaC,"Genova, Biblioteca Civica Berio",m.r.XI.3.1,,,,2026-09-30,current_observation_only,,holding_institution_not_yet_geocoded,current_holding_statement,MEI,00200523,https://data.cerl.org/mei/00200523,data/expanded/mei-corpus.json,Observed as the current holding institution; no arrival date is inferred.
00200526-print,00200526,00200526,ih00357260,ih00357260,print_place,first,0,1,,,Venedig,Venedig,,,,,,,,,,Inc. Ross. 986,1475,1475,,,gw_extracted_year_range,,place_name_not_yet_geocoded,edition_level_print_statement,GW,13356,https://gesamtkatalogderwiegendrucke.de/docs/GW13356.htm,data/derived/prayer-book-corpus.csv,Printing statement shared by copies of the edition.
00200526-current,00200526,00200526,ih00357260,ih00357260,current_holding,last,1,1,,,"Città del Vaticano, Biblioteca Apostolica Vaticana",,,,,,,,VA,VaticanoBAV,"Città del Vaticano, Biblioteca Apostolica Vaticana",Inc. Ross. 986,,,,2026-09-30,current_observation_only,,holding_institution_not_yet_geocoded,current_holding_statement,MEI,00200526,https://data.cerl.org/mei/00200526,data/expanded/mei-corpus.json,Observed as the current holding institution; no arrival date is inferred.
02003758-print,02003758,02003758,ih00357260,ih00357260,print_place,first,0,1,,,Venedig,Venedig,,,,,,,,,,Rar. 343,1475,1475,,,gw_extracted_year_range,,place_name_not_yet_geocoded,edition_level_print_statement,GW,13356,https://gesamtkatalogderwiegendrucke.de/docs/GW13356.htm,data/derived/prayer-book-corpus.csv,Printing statement shared by copies of the edition.
02003758-p001-loc01,02003758,02003758,ih00357260,ih00357260,provenance_place,intermediate,1,1,02003758-p001,02003758-p001-loc01,Nuremberg,Nürnberg,Nuremberg,GeoNames,6556832,https://www.geonames.org/6556832,49.4541,11.0768,Germany,,,Rar. 343,,1500,15,,mei_timeperiod,a,coordinates_supplied,copy_level_provenance_place,MEI,02003758-p001,https://data.cerl.org/mei/02003758,data/expanded/mei-corpus.json,
02003758-p002-loc01,02003758,02003758,ih00357260,ih00357260,provenance_place,intermediate,2,1,02003758-p002,02003758-p002-loc01,Nuremberg,Nürnberg,Nuremberg,GeoNames,6556832,https://www.geonames.org/6556832,49.4541,11.0768,Germany,,,Rar. 343,,1600,15 | 16,,mei_timeperiod,a,coordinates_supplied,copy_level_provenance_place,MEI,02003758-p002,https://data.cerl.org/mei/02003758,data/expanded/mei-corpus.json,
02003758-p003-loc01,02003758,02003758,ih00357260,ih00357260,provenance_place,intermediate,3,1,02003758-p003,02003758-p003-loc01,Nuremberg,Nürnberg,Nuremberg,GeoNames,6556832,https://www.geonames.org/6556832,49.4541,11.0768,Germany,,,Rar. 343,1501,1600,16,,mei_timeperiod,a,coordinates_supplied,copy_level_provenance_place,MEI,02003758-p003,https://data.cerl.org/mei/02003758,data/expanded/mei-corpus.json,
02003758-p004-loc01,02003758,02003758,ih00357260,ih00357260,provenance_place,intermediate,4,1,02003758-p004,02003758-p004-loc01,Augsburg,Augsburg,Augsburg,GeoNames,2954172,https://www.geonames.org/2954172,48.37154,10.89851,Germany,,,Rar. 343,1501,1600,16,,mei_timeperiod,a,coordinates_supplied,copy_level_provenance_place,MEI,02003758-p004,https://data.cerl.org/mei/02003758,data/expanded/mei-corpus.json,
02003758-p005-loc01,02003758,02003758,ih00357260,ih00357260,provenance_place,intermediate,5,1,02003758-p005,02003758-p005-loc01,Munich,München,Munich,GeoNames,2867714,https://www.geonames.org/2867714,48.13743,11.57549,Germany,,,Rar. 343,1501,1600,16,,mei_timeperiod,a,coordinates_supplied,copy_level_provenance_place,MEI,02003758-p005,https://data.cerl.org/mei/02003758,data/expanded/mei-corpus.json,
02003758-current,02003758,02003758,ih00357260,ih00357260,current_holding,last,6,1,,,"München, Bayerische Staatsbibliothek",,,,,,,,DE,MunchenBSB,"München, Bayerische Staatsbibliothek",Rar. 343,,,,2026-09-30,current_observation_only,,holding_institution_not_yet_geocoded,current_holding_statement,MEI,02003758,https://data.cerl.org/mei/02003758,data/expanded/mei-corpus.json,Observed as the current holding institution; no arrival date is inferred.
00200529-print,00200529,00200529,ih00357270,ih00357270,print_place,first,0,1,,,Venedig,Venedig,,,,,,,,,,Inc. 1,1475,1475,,,gw_extracted_year_range,,place_name_not_yet_geocoded,edition_level_print_statement,GW,13357,https://gesamtkatalogderwiegendrucke.de/docs/GW13357.htm,data/derived/prayer-book-corpus.csv,Printing statement shared by copies of the edition.
00200529-current,00200529,00200529,ih00357270,ih00357270,current_holding,last,1,1,,,"Verona, Biblioteca Civica",,,,,,,,IT,VeronaC,"Verona, Biblioteca Civica",Inc. 1,,,,2026-09-30,current_observation_only,,holding_institution_not_yet_geocoded,current_holding_statement,MEI,00200529,https://data.cerl.org/mei/00200529,data/expanded/mei-corpus.json,Observed as the current holding institution; no arrival date is inferred.
00200528-print,00200528,00200528,ih00357270,ih00357270,print_place,first,0,1,,,Venedig,Venedig,,,,,,,,,,Rés. Vélins 1478,1475,1475,,,gw_extracted_year_range,,place_name_not_yet_geocoded,edition_level_print_statement,GW,13357,https://gesamtkatalogderwiegendrucke.de/docs/GW13357.htm,data/derived/prayer-book-corpus.csv,Printing statement shared by copies of the edition.
00200528-p001-loc01,00200528,00200528,ih00357270,ih00357270,provenance_place,intermediate,1,1,00200528-p001,00200528-p001-loc01,Ferrara,Ferrara,Ferrara,GeoNames,3177090,https://www.geonames.org/3177090,44.83804,11.62057,Italy,,,Rés. Vélins 1478,1450,1575,15 | 16,,mei_timeperiod,a,coordinates_supplied,copy_level_provenance_place,MEI,00200528-p001,https://data.cerl.org/mei/00200528,data/expanded/mei-corpus.json,
00200528-p002-loc01,00200528,00200528,ih00357270,ih00357270,provenance_place,intermediate,2,1,00200528-p002,00200528-p002-loc01,Vicenza,Vicenza,Vicenza,GeoNames,3164419,https://www.geonames.org/3164419,45.54672,11.5475,Italy,,,Rés. Vélins 1478,1501,1600,16,1556,mei_timeperiod,a,coordinates_supplied,copy_level_provenance_place,MEI,00200528-p002,https://data.cerl.org/mei/00200528,data/expanded/mei-corpus.json,
00200528-p003-loc01,00200528,00200528,ih00357270,ih00357270,provenance_place,intermediate,3,1,00200528-p003,00200528-p003-loc01,Hendon,,Hendon,GeoNames,2647116,https://www.geonames.org/2647116,51.6,-0.21667,United Kingdom,,,Rés. Vélins 1478,1785,1826,18 | 19,,mei_timeperiod,a,coordinates_supplied,copy_level_provenance_place,MEI,00200528-p003,https://data.cerl.org/mei/00200528,data/expanded/mei-corpus.json,
00200528-p004-loc01,00200528,00200528,ih00357270,ih00357270,provenance_place,intermediate,4,1,00200528-p004,00200528-p004-loc01,London,London,London,GeoNames,2643743,https://www.geonames.org/2643743,51.50853,-0.12574,United Kingdom,,,Rés. Vélins 1478,1813,1850,19,5 Apr. 1827,mei_timeperiod,a,coordinates_supplied,copy_level_provenance_place,MEI,00200528-p004,https://data.cerl.org/mei/00200528,data/expanded/mei-corpus.json,
00200528-p005-loc01,00200528,00200528,ih00357270,ih00357270,provenance_place,intermediate,5,1,00200528-p005,00200528-p005-loc01,Paris,Paris,Paris,GeoNames,2988507,https://www.geonames.org/2988507,48.85341,2.3488,France,,,Rés. Vélins 1478,1368,1871,15 | 16 | 17 | 18 | 19,5 Apr. 1827,mei_timeperiod,a,coordinates_supplied,copy_level_provenance_place,MEI,00200528-p005,https://data.cerl.org/mei/00200528,data/expanded/mei-corpus.json,
00200528-current,00200528,00200528,ih00357270,ih00357270,current_holding,last,6,1,,,"Paris, Bibliothèque nationale de France",,,,,,,,FR,ParisBN,"Paris, Bibliothèque nationale de France",Rés. Vélins 1478,,,,2026-09-30,current_observation_only,,holding_institution_not_yet_geocoded,current_holding_statement,MEI,00200528,https://data.cerl.org/mei/00200528,data/expanded/mei-corpus.json,Observed as the current holding institution; no arrival date is inferred.
00200527-print,00200527,00200527,ih00357270,ih00357270,print_place,first,0,1,,,Venedig,Venedig,,,,,,,,,,Rés. Vélins 1477,1475,1475,,,gw_extracted_year_range,,place_name_not_yet_geocoded,edition_level_print_statement,GW,13357,https://gesamtkatalogderwiegendrucke.de/docs/GW13357.htm,data/derived/prayer-book-corpus.csv,Printing statement shared by copies of the edition.
00200527-p001-loc01,00200527,00200527,ih00357270,ih00357270,provenance_place,intermediate,1,1,00200527-p001,00200527-p001-loc01,Ferrara,Ferrara,Ferrara,GeoNames,3177090,https://www.geonames.org/3177090,44.83804,11.62057,Italy,,,Rés. Vélins 1477,1401,1500,15,,mei_timeperiod,a,coordinates_supplied,copy_level_provenance_place,MEI,00200527-p001,https://data.cerl.org/mei/00200527,data/expanded/mei-corpus.json,
00200527-p002-loc01,00200527,00200527,ih00357270,ih00357270,provenance_place,intermediate,2,1,00200527-p002,00200527-p002-loc01,Paris,Paris,Paris,GeoNames,2988507,https://www.geonames.org/2988507,48.85341,2.3488,France,,,Rés. Vélins 1477,1368,1871,15 | 16 | 17 | 18 | 19,1819,mei_timeperiod,a,coordinates_supplied,copy_level_provenance_place,MEI,00200527-p002,https://data.cerl.org/mei/00200527,data/expanded/mei-corpus.json,
00200527-current,00200527,00200527,ih00357270,ih00357270,current_holding,last,3,1,,,"Paris, Bibliothèque nationale de France",,,,,,,,FR,ParisBN,"Paris, Bibliothèque nationale de France",Rés. Vélins 1477,,,,2026-09-30,current_observation_only,,holding_institution_not_yet_geocoded,current_holding_statement,MEI,00200527,https://data.cerl.org/mei/00200527,data/expanded/mei-corpus.json,Observed as the current holding institution; no arrival date is inferred.
02124407-print,02124407,02124407,ih00357270,ih00357270,print_place,first,0,1,,,Venedig,Venedig,,,,,,,,,,Inc. M 001,1475,1475,,,gw_extracted_year_range,,place_name_not_yet_geocoded,edition_level_print_statement,GW,13357,https://gesamtkatalogderwiegendrucke.de/docs/GW13357.htm,data/derived/prayer-book-corpus.csv,Printing statement shared by copies of the edition.
02124407-p002-loc01,02124407,02124407,ih00357270,ih00357270,provenance_place,intermediate,2,1,02124407-p002,02124407-p002-loc01,Venice,Venezia,Venice,GeoNames,3164603,https://www.geonames.org/3164603,45.43713,12.33265,Italy,,,Inc. M 001,1854,1854,19,,mei_timeperiod,a,coordinates_supplied,copy_level_provenance_place,MEI,02124407-p002,https://data.cerl.org/mei/02124407,data/expanded/mei-corpus.json,
02124407-p003-loc01,02124407,02124407,ih00357270,ih00357270,provenance_place,intermediate,3,1,02124407-p003,02124407-p003-loc01,Venice,Venezia,Venice,GeoNames,3164603,https://www.geonames.org/3164603,45.43713,12.33265,Italy,,,Inc. M 001,1854,1868,19,,mei_timeperiod,a,coordinates_supplied,copy_level_provenance_place,MEI,02124407-p003,https://data.cerl.org/mei/02124407,data/expanded/mei-corpus.json,
02124407-p004-loc01,02124407,02124407,ih00357270,ih00357270,provenance_place,intermediate,4,1,02124407-p004,02124407-p004-loc01,Venice,Venezia,Venice,GeoNames,3164603,https://www.geonames.org/3164603,45.43713,12.33265,Italy,,,Inc. M 001,1868,,19,,mei_timeperiod,a,coordinates_supplied,copy_level_provenance_place,MEI,02124407-p004,https://data.cerl.org/mei/02124407,data/expanded/mei-corpus.json,
02124407-current,02124407,02124407,ih00357270,ih00357270,current_holding,last,5,1,,,"Venezia, Biblioteca del Museo Correr",,,,,,,,IT,VeneziaC,"Venezia, Biblioteca del Museo Correr",Inc. M 001,,,,2026-09-30,current_observation_only,,holding_institution_not_yet_geocoded,current_holding_statement,MEI,02124407,https://data.cerl.org/mei/02124407,data/expanded/mei-corpus.json,Observed as the current holding institution; no arrival date is inferred.
00200530-print,00200530,00200530,ih00357290,ih00357290,print_place,first,0,1,,,Ferrara,Ferrara,,,,,,,,,,101430,1475,1475,,,gw_extracted_year_range,,place_name_not_yet_geocoded,edition_level_print_statement,GW,13329,https://gesamtkatalogderwiegendrucke.de/docs/GW13329.htm,data/derived/prayer-book-corpus.csv,Printing statement shared by copies of the edition.
00200530-p003-loc01,00200530,00200530,ih00357290,ih00357290,provenance_place,intermediate,3,1,00200530-p003,00200530-p003-loc01,Munich,München,Munich,GeoNames,2867714,https://www.geonames.org/2867714,48.13743,11.57549,Germany,,,101430,1879,1903,19 | 20,,mei_timeperiod,a,coordinates_supplied,copy_level_provenance_place,MEI,00200530-p003,https://data.cerl.org/mei/00200530,data/expanded/mei-corpus.json,
00200530-p004-loc01,00200530,00200530,ih00357290,ih00357290,provenance_place,intermediate,4,1,00200530-p004,00200530-p004-loc01,Berlin,Berlin,Berlin,GeoNames,2950159,https://www.geonames.org/2950159,52.52437,13.41053,Germany,,,101430,1903,1919,20,,mei_timeperiod,a,coordinates_supplied,copy_level_provenance_place,MEI,00200530-p004,https://data.cerl.org/mei/00200530,data/expanded/mei-corpus.json,
00200530-p005-loc01,00200530,00200530,ih00357290,ih00357290,provenance_place,intermediate,5,1,00200530-p005,00200530-p005-loc01,Philadelphia,Philadelphia,Philadelphia,GeoNames,4560349,https://www.geonames.org/4560349,39.95238,-75.16362,United States,,,101430,1924,1924,20,,mei_timeperiod,a,coordinates_supplied,copy_level_provenance_place,MEI,00200530-p005,https://data.cerl.org/mei/00200530,data/expanded/mei-corpus.json,
00200530-p006-loc01,00200530,00200530,ih00357290,ih00357290,provenance_place,intermediate,6,1,00200530-p006,00200530-p006-loc01,San Marino,San Marino,San Marino,GeoNames,5392400,https://www.geonames.org/5392400,34.1214,-118.10646,United States,,,101430,1924,1927,20,,mei_timeperiod,a,coordinates_supplied,copy_level_provenance_place,MEI,00200530-p006,https://data.cerl.org/mei/00200530,data/expanded/mei-corpus.json,
00200530-p007-loc01,00200530,00200530,ih00357290,ih00357290,provenance_place,intermediate,7,1,00200530-p007,00200530-p007-loc01,San Marino,"San Marino, California, United States",San Marino,GeoNames,5392400,https://www.geonames.org/5392400,34.1214,-118.10646,United States,,,101430,1927,,20,,mei_timeperiod,a,coordinates_supplied,copy_level_provenance_place,MEI,00200530-p007,https://data.cerl.org/mei/00200530,data/expanded/mei-corpus.json,
00200530-current,00200530,00200530,ih00357290,ih00357290,current_holding,last,8,1,,,"San Marino CA, Huntington Library",,,,,,,,US,SanMarinoHun,"San Marino CA, Huntington Library",101430,,,,2026-09-30,current_observation_only,,holding_institution_not_yet_geocoded,current_holding_statement,MEI,00200530,https://data.cerl.org/mei/00200530,data/expanded/mei-corpus.json,Observed as the current holding institution; no arrival date is inferred.
00200532-print,00200532,00200532,ih00357295,ih00357295,print_place,first,0,1,,,Neapel,Neapel,,,,,,,,,,20964,1476,1476,,,gw_extracted_year_range,,place_name_not_yet_geocoded,edition_level_print_statement,GW,13335,https://gesamtkatalogderwiegendrucke.de/docs/GW13335.htm,data/derived/prayer-book-corpus.csv,Printing statement shared by copies of the edition.
00200532-current,00200532,00200532,ih00357295,ih00357295,current_holding,last,1,1,,,"Manchester, University of Manchester, John Rylands Research Institute and Library",,,,,,,,GB,ManchesterJRL,"Manchester, University of Manchester, John Rylands Research Institute and Library",20964,,,,2026-09-30,current_observation_only,,holding_institution_not_yet_geocoded,current_holding_statement,MEI,00200532,https://data.cerl.org/mei/00200532,data/expanded/mei-corpus.json,Observed as the current holding institution; no arrival date is inferred.
00200534-print,00200534,00200534,ih00357297,ih00357297,print_place,first,0,1,,,Neapel,Neapel,,,,,,,,,,U. 575,1477,1477,,,gw_extracted_year_range,,place_name_not_yet_geocoded,edition_level_print_statement,GW,13336,https://gesamtkatalogderwiegendrucke.de/docs/GW13336.htm,data/derived/prayer-book-corpus.csv,Printing statement shared by copies of the edition.
00200534-current,00200534,00200534,ih00357297,ih00357297,current_holding,last,1,1,,,"Strängnäs, Domkyrkobibliotek",,,,,,,,SE,StrangnasDomkyrkobibliotek,"Strängnäs, Domkyrkobibliotek",U. 575,,,,2026-09-30,current_observation_only,,holding_institution_not_yet_geocoded,current_holding_statement,MEI,00200534,https://data.cerl.org/mei/00200534,data/expanded/mei-corpus.json,Observed as the current holding institution; no arrival date is inferred.
00200537-print,00200537,00200537,ih00357300,ih00357300,print_place,first,0,1,,,Venedig,Venedig,,,,,,,,,,Rés. Vélins 1468,1478,1478,,,gw_extracted_year_range,,place_name_not_yet_geocoded,edition_level_print_statement,GW,13359,https://gesamtkatalogderwiegendrucke.de/docs/GW13359.htm,data/derived/prayer-book-corpus.csv,Printing statement shared by copies of the edition.
00200537-current,00200537,00200537,ih00357300,ih00357300,current_holding,last,1,1,,,"Paris, Bibliothèque nationale de France",,,,,,,,FR,ParisBN,"Paris, Bibliothèque nationale de France",Rés. Vélins 1468,,,,2026-09-30,current_observation_only,,holding_institution_not_yet_geocoded,current_holding_statement,MEI,00200537,https://data.cerl.org/mei/00200537,data/expanded/mei-corpus.json,Observed as the current holding institution; no arrival date is inferred.
00200538-print,00200538,00200538,ih00357300,ih00357300,print_place,first,0,1,,,Venedig,Venedig,,,,,,,,,,M 9 Inc.,1478,1478,,,gw_extracted_year_range,,place_name_not_yet_geocoded,edition_level_print_statement,GW,13359,https://gesamtkatalogderwiegendrucke.de/docs/GW13359.htm,data/derived/prayer-book-corpus.csv,Printing statement shared by copies of the edition.
00200538-current,00200538,00200538,ih00357300,ih00357300,current_holding,last,1,1,,,"Venezia, Biblioteca del Museo Correr",,,,,,,,IT,VeneziaC,"Venezia, Biblioteca del Museo Correr",M 9 Inc.,,,,2026-09-30,current_observation_only,,holding_institution_not_yet_geocoded,current_holding_statement,MEI,00200538,https://data.cerl.org/mei/00200538,data/expanded/mei-corpus.json,Observed as the current holding institution; no arrival date is inferred.
00200536-print,00200536,00200536,ih00357300,ih00357300,print_place,first,0,1,,,Venedig,Venedig,,,,,,,,,,Rés. Vélins 1467,1478,1478,,,gw_extracted_year_range,,place_name_not_yet_geocoded,edition_level_print_statement,GW,13359,https://gesamtkatalogderwiegendrucke.de/docs/GW13359.htm,data/derived/prayer-book-corpus.csv,Printing statement shared by copies of the edition.
00200536-current,00200536,00200536,ih00357300,ih00357300,current_holding,last,1,1,,,"Paris, Bibliothèque nationale de France",,,,,,,,FR,ParisBN,"Paris, Bibliothèque nationale de France",Rés. Vélins 1467,,,,2026-09-30,current_observation_only,,holding_institution_not_yet_geocoded,current_holding_statement,MEI,00200536,https://data.cerl.org/mei/00200536,data/expanded/mei-corpus.json,Observed as the current holding institution; no arrival date is inferred.
02124443-print,02124443,02124443,ih00357300,ih00357300,print_place,first,0,1,,,Venedig,Venedig,,,,,,,,,,Inc. M 009,1478,1478,,,gw_extracted_year_range,,place_name_not_yet_geocoded,edition_level_print_statement,GW,13359,https://gesamtkatalogderwiegendrucke.de/docs/GW13359.htm,data/derived/prayer-book-corpus.csv,Printing statement shared by copies of the edition.
02124443-p002-loc01,02124443,02124443,ih00357300,ih00357300,provenance_place,intermediate,2,1,02124443-p002,02124443-p002-loc01,Venice,Venezia,Venice,GeoNames,3164603,https://www.geonames.org/3164603,45.43713,12.33265,Italy,,,Inc. M 009,1827,1868,19,,mei_timeperiod,a,coordinates_supplied,copy_level_provenance_place,MEI,02124443-p002,https://data.cerl.org/mei/02124443,data/expanded/mei-corpus.json,
02124443-p003-loc01,02124443,02124443,ih00357300,ih00357300,provenance_place,intermediate,3,1,02124443-p003,02124443-p003-loc01,Venice,Venezia,Venice,GeoNames,3164603,https://www.geonames.org/3164603,45.43713,12.33265,Italy,,,Inc. M 009,1868,,19,,mei_timeperiod,a,coordinates_supplied,copy_level_provenance_place,MEI,02124443-p003,https://data.cerl.org/mei/02124443,data/expanded/mei-corpus.json,
02124443-current,02124443,02124443,ih00357300,ih00357300,current_holding,last,4,1,,,"Venezia, Biblioteca del Museo Correr",,,,,,,,IT,VeneziaC,"Venezia, Biblioteca del Museo Correr",Inc. M 009,,,,2026-09-30,current_observation_only,,holding_institution_not_yet_geocoded,current_holding_statement,MEI,02124443,https://data.cerl.org/mei/02124443,data/expanded/mei-corpus.json,Observed as the current holding institution; no arrival date is inferred.
00560430-print,00560430,00560430,ih00357300,ih00357300,print_place,first,0,1,,,Venedig,Venedig,,,,,,,,,,Inc.7.B.3.27[1476],1478,1478,,,gw_extracted_year_range,,place_name_not_yet_geocoded,edition_level_print_statement,GW,13359,https://gesamtkatalogderwiegendrucke.de/docs/GW13359.htm,data/derived/prayer-book-corpus.csv,Printing statement shared by copies of the edition.
00560430-p002-loc01,00560430,00560430,ih00357300,ih00357300,provenance_place,intermediate,2,1,00560430-p002,00560430-p002-loc01,Cambridge,Cambridge,Cambridge,GeoNames,2653941,https://www.geonames.org/2653941,52.2,0.11667,United Kingdom,,,Inc.7.B.3.27[1476],,,,,undated,a,coordinates_supplied,copy_level_provenance_place,MEI,00560430-p002,https://data.cerl.org/mei/00560430,data/expanded/mei-corpus.json,
00560430-current,00560430,00560430,ih00357300,ih00357300,current_holding,last,3,1,,,"Cambridge, University Library",,,,,,,,GB,CambridgeUL,"Cambridge, University Library",Inc.7.B.3.27[1476],,,,2026-09-30,current_observation_only,,holding_institution_not_yet_geocoded,current_holding_statement,MEI,00560430,https://data.cerl.org/mei/00560430,data/expanded/mei-corpus.json,Observed as the current holding institution; no arrival date is inferred.
02018770-print,02018770,02018770,ih00357300,ih00357300,print_place,first,0,1,,,Venedig,Venedig,,,,,,,,,,Inc. 7. B. 3. 27 [1476],1478,1478,,,gw_extracted_year_range,,place_name_not_yet_geocoded,edition_level_print_statement,GW,13359,https://gesamtkatalogderwiegendrucke.de/docs/GW13359.htm,data/derived/prayer-book-corpus.csv,Printing statement shared by copies of the edition.
02018770-p001-loc01,02018770,02018770,ih00357300,ih00357300,provenance_place,intermediate,1,1,02018770-p001,02018770-p001-loc01,Venice,Venice (?),Venice,GeoNames,3164603,https://www.geonames.org/3164603,45.43713,12.33265,Italy,,,Inc. 7. B. 3. 27 [1476],1451,1500,15,,mei_timeperiod,a,coordinates_supplied,copy_level_provenance_place,MEI,02018770-p001,https://data.cerl.org/mei/02018770,data/expanded/mei-corpus.json,
02018770-p003-loc01,02018770,02018770,ih00357300,ih00357300,provenance_place,intermediate,3,1,02018770-p003,02018770-p003-loc01,Lugo,Lugo,Lugo,GeoNames,3174494,https://www.geonames.org/3174494,44.42137,11.91094,Italy,,,Inc. 7. B. 3. 27 [1476],1850,1893,19,,mei_timeperiod,a,coordinates_supplied,copy_level_provenance_place,MEI,02018770-p003,https://data.cerl.org/mei/02018770,data/expanded/mei-corpus.json,
02018770-p004-loc01,02018770,02018770,ih00357300,ih00357300,provenance_place,intermediate,4,1,02018770-p004,02018770-p004-loc01,Rome,Rome,Rome,GeoNames,3169070,https://www.geonames.org/3169070,41.89193,12.51133,Italy,,,Inc. 7. B. 3. 27 [1476],1893,1893,19,,mei_timeperiod,,coordinates_supplied,copy_level_provenance_place,MEI,02018770-p004,https://data.cerl.org/mei/02018770,data/expanded/mei-corpus.json,
02018770-p005-loc01,02018770,02018770,ih00357300,ih00357300,provenance_place,intermediate,5,1,02018770-p005,02018770-p005-loc01,Cambridge,Cambridge,Cambridge,GeoNames,2653941,https://www.geonames.org/2653941,52.2,0.11667,United Kingdom,,,Inc. 7. B. 3. 27 [1476],1416,,15,,mei_timeperiod,,coordinates_supplied,copy_level_provenance_place,MEI,02018770-p005,https://data.cerl.org/mei/02018770,data/expanded/mei-corpus.json,
02018770-current,02018770,02018770,ih00357300,ih00357300,current_holding,last,6,1,,,"Cambridge, University Library",,,,,,,,GB,CambridgeUL,"Cambridge, University Library",Inc. 7. B. 3. 27 [1476],,,,2026-09-30,current_observation_only,,holding_institution_not_yet_geocoded,current_holding_statement,MEI,02018770,https://data.cerl.org/mei/02018770,data/expanded/mei-corpus.json,Observed as the current holding institution; no arrival date is inferred.
00200539-print,00200539,00200539,ih00357340,ih00357340,print_place,first,0,1,,,Venedig,Venedig,,,,,,,,,,91.880,1478,1478,,,gw_extracted_year_range,,place_name_not_yet_geocoded,edition_level_print_statement,GW,13360,https://gesamtkatalogderwiegendrucke.de/docs/GW13360.htm,data/derived/prayer-book-corpus.csv,Printing statement shared by copies of the edition.
00200539-current,00200539,00200539,ih00357340,ih00357340,current_holding,last,1,1,,,"Baltimore MD, The Walters Art Museum Library",,,,,,,,US,BaltimoreMDWalters,"Baltimore MD, The Walters Art Museum Library",91.880,,,,2026-09-23,current_observation_only,,holding_institution_not_yet_geocoded,current_holding_statement,MEI,00200539,https://data.cerl.org/mei/00200539,data/expanded/mei-corpus.json,Observed as the current holding institution; no arrival date is inferred.
00201166-print,00201166,00201166,ih00357340,ih00357340,print_place,first,0,1,,,Venedig,Venedig,,,,,,,,,,Vienna,1478,1478,,,gw_extracted_year_range,,place_name_not_yet_geocoded,edition_level_print_statement,GW,13360,https://gesamtkatalogderwiegendrucke.de/docs/GW13360.htm,data/derived/prayer-book-corpus.csv,Printing statement shared by copies of the edition.
00201166-p001-loc01,00201166,00201166,ih00357340,ih00357340,provenance_place,intermediate,1,1,00201166-p001,00201166-p001-loc01,Vienna,Vienna,Vienna,GeoNames,2761369,https://www.geonames.org/2761369,48.20849,16.37208,Austria,,,Vienna,1905,1905,20,1905,mei_timeperiod,,coordinates_supplied,copy_level_provenance_place,MEI,00201166-p001,https://data.cerl.org/mei/00201166,data/expanded/mei-corpus.json,
00201166-current,00201166,00201166,ih00357340,ih00357340,current_holding,last,2,1,,,Historical Copy,,,,,,,,,HistCopy,Historical Copy,Vienna,,,,2026-09-23,current_observation_only,,holding_institution_not_yet_geocoded,current_holding_statement,MEI,00201166,https://data.cerl.org/mei/00201166,data/expanded/mei-corpus.json,Observed as the current holding institution; no arrival date is inferred.
00200533-print,00200533,00200533,ih00357350,ih00357350,print_place,first,0,1,,,Neapel,Neapel,,,,,,,,,,(no shelfmark),,,,,gw_date_not_yet_extracted,,place_name_not_yet_geocoded,edition_level_print_statement,GW,1333510,https://gesamtkatalogderwiegendrucke.de/docs/GW1333510.htm,data/derived/prayer-book-corpus.csv,Printing statement shared by copies of the edition.
00200533-p003-loc01,00200533,00200533,ih00357350,ih00357350,provenance_place,intermediate,3,1,00200533-p003,00200533-p003-loc01,Cranham,Prinknash Abbey,Cranham,GeoNames,6690806,https://www.geonames.org/6690806,51.56565,0.2659,United Kingdom,,,(no shelfmark),1888,2007,19 | 20 | 21,,mei_timeperiod,,coordinates_supplied,copy_level_provenance_place,MEI,00200533-p003,https://data.cerl.org/mei/00200533,data/expanded/mei-corpus.json,"Monastery in the Vale of Gloucester in the Diocese of Clifton, near the village of Cranham, Gloucestershire."
00200533-p004-loc01,00200533,00200533,ih00357350,ih00357350,provenance_place,intermediate,4,1,00200533-p004,00200533-p004-loc01,Swindon,Swindon,Swindon,GeoNames,2636389,https://www.geonames.org/2636389,51.55797,-1.78116,United Kingdom,,,(no shelfmark),2007,2007,21,,mei_timeperiod,,coordinates_supplied,copy_level_provenance_place,MEI,00200533-p004,https://data.cerl.org/mei/00200533,data/expanded/mei-corpus.json,
00200533-p005-loc01,00200533,00200533,ih00357350,ih00357350,provenance_place,intermediate,5,1,00200533-p005,00200533-p005-loc01,London,London,,GeoNames,2643743,https://www.geonames.org/2643743,,,,,,(no shelfmark),2007,2007,21,,mei_timeperiod,,authority_without_coordinates,copy_level_provenance_place,MEI,00200533-p005,https://data.cerl.org/mei/00200533,data/expanded/mei-corpus.json,
00200533-p006-loc01,00200533,00200533,ih00357350,ih00357350,provenance_place,intermediate,6,1,00200533-p006,00200533-p006-loc01,London,London,,GeoNames,2643743,https://www.geonames.org/2643743,,,,,,(no shelfmark),2007,,21,,mei_timeperiod,,authority_without_coordinates,copy_level_provenance_place,MEI,00200533-p006,https://data.cerl.org/mei/00200533,data/expanded/mei-corpus.json,
00200533-current,00200533,00200533,ih00357350,ih00357350,current_holding,last,7,1,,,"London, C. Dondi",,,,,,,,GB,LondonCDondi,"London, C. Dondi",(no shelfmark),,,,2026-09-23,current_observation_only,,holding_institution_not_yet_geocoded,current_holding_statement,MEI,00200533,https://data.cerl.org/mei/00200533,data/expanded/mei-corpus.json,Observed as the current holding institution; no arrival date is inferred.
02003957-print,02003957,02003957,ih00357360,ih00357360,print_place,first,0,1,,,Neapel,Neapel,,,,,,,,,,A. V. B. VIII. 47,1478,1478,,,gw_extracted_year_range,,place_name_not_yet_geocoded,edition_level_print_statement,GW,13337,https://gesamtkatalogderwiegendrucke.de/docs/GW13337.htm,data/derived/prayer-book-corpus.csv,Printing statement shared by copies of the edition.
02003957-p001-loc01,02003957,02003957,ih00357360,ih00357360,provenance_place,intermediate,1,1,02003957-p001,02003957-p001-loc01,Naples,Napoli,Naples,GeoNames,3172394,https://www.geonames.org/3172394,40.85216,14.26811,Italy,,,A. V. B. VIII. 47,,1500,15,,mei_timeperiod,a,coordinates_supplied,copy_level_provenance_place,MEI,02003957-p001,https://data.cerl.org/mei/02003957,data/expanded/mei-corpus.json,
02003957-p002-loc01,02003957,02003957,ih00357360,ih00357360,provenance_place,intermediate,2,1,02003957-p002,02003957-p002-loc01,Bologna,Bologna,Bologna,GeoNames,3181927,https://www.geonames.org/3181927,44.46667,11.43333,Italy,,,A. V. B. VIII. 47,1701,1800,18,,mei_timeperiod,a,coordinates_supplied,copy_level_provenance_place,MEI,02003957-p002,https://data.cerl.org/mei/02003957,data/expanded/mei-corpus.json,
02003957-p003-loc01,02003957,02003957,ih00357360,ih00357360,provenance_place,intermediate,3,1,02003957-p003,02003957-p003-loc01,Bologna,Bologna,Bologna,GeoNames,3181927,https://www.geonames.org/3181927,44.46667,11.43333,Italy,,,A. V. B. VIII. 47,1801,,19,,mei_timeperiod,a,coordinates_supplied,copy_level_provenance_place,MEI,02003957-p003,https://data.cerl.org/mei/02003957,data/expanded/mei-corpus.json,
02003957-current,02003957,02003957,ih00357360,ih00357360,current_holding,last,4,1,,,"Bologna, Biblioteca Universitaria",,,,,,,,IT,BolognaU,"Bologna, Biblioteca Universitaria",A. V. B. VIII. 47,,,,2026-09-23,current_observation_only,,holding_institution_not_yet_geocoded,current_holding_statement,MEI,02003957,https://data.cerl.org/mei/02003957,data/expanded/mei-corpus.json,Observed as the current holding institution; no arrival date is inferred.
00201167-print,00201167,00201167,ih00357360,ih00357360,print_place,first,0,1,,,Neapel,Neapel,,,,,,,,,,Rome,1478,1478,,,gw_extracted_year_range,,place_name_not_yet_geocoded,edition_level_print_statement,GW,13337,https://gesamtkatalogderwiegendrucke.de/docs/GW13337.htm,data/derived/prayer-book-corpus.csv,Printing statement shared by copies of the edition.
00201167-p001-loc01,00201167,00201167,ih00357360,ih00357360,provenance_place,intermediate,1,1,00201167-p001,00201167-p001-loc01,Rome,Rome,Rome,GeoNames,3169070,https://www.geonames.org/3169070,41.89193,12.51133,Italy,,,Rome,1681,1681,17,1681,mei_timeperiod,,coordinates_supplied,copy_level_provenance_place,MEI,00201167-p001,https://data.cerl.org/mei/00201167,data/expanded/mei-corpus.json,
00201167-current,00201167,00201167,ih00357360,ih00357360,current_holding,last,2,1,,,Historical Copy,,,,,,,,,HistCopy,Historical Copy,Rome,,,,2026-09-23,current_observation_only,,holding_institution_not_yet_geocoded,current_holding_statement,MEI,00201167,https://data.cerl.org/mei/00201167,data/expanded/mei-corpus.json,Observed as the current holding institution; no arrival date is inferred.
02003991-print,02003991,02003991,ih00357360,ih00357360,print_place,first,0,1,,,Neapel,Neapel,,,,,,,,,,S. Q. XXIII. A. 44,1478,1478,,,gw_extracted_year_range,,place_name_not_yet_geocoded,edition_level_print_statement,GW,13337,https://gesamtkatalogderwiegendrucke.de/docs/GW13337.htm,data/derived/prayer-book-corpus.csv,Printing statement shared by copies of the edition.
02003991-p001-loc01,02003991,02003991,ih00357360,ih00357360,provenance_place,intermediate,1,1,02003991-p001,02003991-p001-loc01,Naples,Napoli,Naples,GeoNames,3172394,https://www.geonames.org/3172394,40.85216,14.26811,Italy,,,S. Q. XXIII. A. 44,1478,1500,15,,mei_timeperiod,a,coordinates_supplied,copy_level_provenance_place,MEI,02003991-p001,https://data.cerl.org/mei/02003991,data/expanded/mei-corpus.json,
02003991-p002-loc01,02003991,02003991,ih00357360,ih00357360,provenance_place,intermediate,2,1,02003991-p002,02003991-p002-loc01,Naples,Napoli,Naples,GeoNames,3172394,https://www.geonames.org/3172394,40.85216,14.26811,Italy,,,S. Q. XXIII. A. 44,1801,1829,19,,mei_timeperiod,a,coordinates_supplied,copy_level_provenance_place,MEI,02003991-p002,https://data.cerl.org/mei/02003991,data/expanded/mei-corpus.json,
02003991-p003-loc01,02003991,02003991,ih00357360,ih00357360,provenance_place,intermediate,3,1,02003991-p003,02003991-p003-loc01,Naples,Napoli,Naples,GeoNames,3172394,https://www.geonames.org/3172394,40.85216,14.26811,Italy,,,S. Q. XXIII. A. 44,1901,1940,20,,mei_timeperiod,a,coordinates_supplied,copy_level_provenance_place,MEI,02003991-p003,https://data.cerl.org/mei/02003991,data/expanded/mei-corpus.json,
02003991-p004-loc01,02003991,02003991,ih00357360,ih00357360,provenance_place,intermediate,4,1,02003991-p004,02003991-p004-loc01,Naples,Napoli,Naples,GeoNames,3172394,https://www.geonames.org/3172394,40.85216,14.26811,Italy,,,S. Q. XXIII. A. 44,1940,,20,,mei_timeperiod,a,coordinates_supplied,copy_level_provenance_place,MEI,02003991-p004,https://data.cerl.org/mei/02003991,data/expanded/mei-corpus.json,
02003991-current,02003991,02003991,ih00357360,ih00357360,current_holding,last,5,1,,,"Napoli, Biblioteca nazionale Vittorio Emanuele III",,,,,,,,IT,NapoliN,"Napoli, Biblioteca nazionale Vittorio Emanuele III",S. Q. XXIII. A. 44,,,,2026-09-23,current_observation_only,,holding_institution_not_yet_geocoded,current_holding_statement,MEI,02003991,https://data.cerl.org/mei/02003991,data/expanded/mei-corpus.json,Observed as the current holding institution; no arrival date is inferred.
02003992-print,02003992,02003992,ih00357360,ih00357360,print_place,first,0,1,,,Neapel,Neapel,,,,,,,,,,"CheckList 1229, Accession no. 19008",1478,1478,,,gw_extracted_year_range,,place_name_not_yet_geocoded,edition_level_print_statement,GW,13337,https://gesamtkatalogderwiegendrucke.de/docs/GW13337.htm,data/derived/prayer-book-corpus.csv,Printing statement shared by copies of the edition.
02003992-p001-loc01,02003992,02003992,ih00357360,ih00357360,provenance_place,intermediate,1,1,02003992-p001,02003992-p001-loc01,Naples,Napoli,Naples,GeoNames,3172394,https://www.geonames.org/3172394,40.85216,14.26811,Italy,,,"CheckList 1229, Accession no. 19008",1478,1486,15,,mei_timeperiod,a,coordinates_supplied,copy_level_provenance_place,MEI,02003992-p001,https://data.cerl.org/mei/02003992,data/expanded/mei-corpus.json,
02003992-p002-loc01,02003992,02003992,ih00357360,ih00357360,provenance_place,intermediate,2,1,02003992-p002,02003992-p002-loc01,Naples,Napoli,Naples,GeoNames,3172394,https://www.geonames.org/3172394,40.85216,14.26811,Italy,,,"CheckList 1229, Accession no. 19008",1486,1500,15,,mei_timeperiod,a,coordinates_supplied,copy_level_provenance_place,MEI,02003992-p002,https://data.cerl.org/mei/02003992,data/expanded/mei-corpus.json,
02003992-p003-loc01,02003992,02003992,ih00357360,ih00357360,provenance_place,intermediate,3,1,02003992-p003,02003992-p003-loc01,Valencia,Valencia,Valencia,GeoNames,2509954,https://www.geonames.org/2509954,39.47391,-0.37966,Spain,,,"CheckList 1229, Accession no. 19008",1501,1700,16 | 17,,mei_timeperiod,b,coordinates_supplied,copy_level_provenance_place,MEI,02003992-p003,https://data.cerl.org/mei/02003992,data/expanded/mei-corpus.json,Tentative assignment
02003992-p004-loc01,02003992,02003992,ih00357360,ih00357360,provenance_place,intermediate,4,1,02003992-p004,02003992-p004-loc01,Paris,Paris,Paris,GeoNames,6455259,https://www.geonames.org/6455259,48.86,2.34444,France,,,"CheckList 1229, Accession no. 19008",1900,1901,19 | 20,,mei_timeperiod,a,coordinates_supplied,copy_level_provenance_place,MEI,02003992-p004,https://data.cerl.org/mei/02003992,data/expanded/mei-corpus.json,
02003992-p005-loc01,02003992,02003992,ih00357360,ih00357360,provenance_place,intermediate,5,1,02003992-p005,02003992-p005-loc01,London,London,London,GeoNames,2643743,https://www.geonames.org/2643743,51.50853,-0.12574,United Kingdom,,,"CheckList 1229, Accession no. 19008",1901,1902,20,,mei_timeperiod,a,coordinates_supplied,copy_level_provenance_place,MEI,02003992-p005,https://data.cerl.org/mei/02003992,data/expanded/mei-corpus.json,
02003992-p006-loc01,02003992,02003992,ih00357360,ih00357360,provenance_place,intermediate,6,1,02003992-p006,02003992-p006-loc01,London,Richmond (London),London,GeoNames,2643743,https://www.geonames.org/2643743,51.50853,-0.12574,United Kingdom,,,"CheckList 1229, Accession no. 19008",1902,1908,20,,mei_timeperiod,a,coordinates_supplied,copy_level_provenance_place,MEI,02003992-p006,https://data.cerl.org/mei/02003992,data/expanded/mei-corpus.json,
02003992-p007-loc01,02003992,02003992,ih00357360,ih00357360,provenance_place,intermediate,7,1,02003992-p007,02003992-p007-loc01,New York,New York,New York,GeoNames,5128581,https://www.geonames.org/5128581,40.71427,-74.00597,United States,,,"CheckList 1229, Accession no. 19008",1908,1913,20,,mei_timeperiod,a,coordinates_supplied,copy_level_provenance_place,MEI,02003992-p007,https://data.cerl.org/mei/02003992,data/expanded/mei-corpus.json,
02003992-p008-loc01,02003992,02003992,ih00357360,ih00357360,provenance_place,intermediate,8,1,02003992-p008,02003992-p008-loc01,New York,New York,New York,GeoNames,5128581,https://www.geonames.org/5128581,40.71427,-74.00597,United States,,,"CheckList 1229, Accession no. 19008",1913,,20,,mei_timeperiod,a,coordinates_supplied,copy_level_provenance_place,MEI,02003992-p008,https://data.cerl.org/mei/02003992,data/expanded/mei-corpus.json,
02003992-current,02003992,02003992,ih00357360,ih00357360,current_holding,last,9,1,,,"New York NY, The Morgan Library and Museum",,,,,,,,US,NewYorkNYPierpontMorganLibrary,"New York NY, The Morgan Library and Museum","CheckList 1229, Accession no. 19008",,,,2026-09-23,current_observation_only,,holding_institution_not_yet_geocoded,current_holding_statement,MEI,02003992,https://data.cerl.org/mei/02003992,data/expanded/mei-corpus.json,Observed as the current holding institution; no arrival date is inferred.
02003958-print,02003958,02003958,ih00357360,ih00357360,print_place,first,0,1,,,Neapel,Neapel,,,,,,,,,,331,1478,1478,,,gw_extracted_year_range,,place_name_not_yet_geocoded,edition_level_print_statement,GW,13337,https://gesamtkatalogderwiegendrucke.de/docs/GW13337.htm,data/derived/prayer-book-corpus.csv,Printing statement shared by copies of the edition.
02003958-p001-loc01,02003958,02003958,ih00357360,ih00357360,provenance_place,intermediate,1,1,02003958-p001,02003958-p001-loc01,Firenze,Firenze,,,,,,,,,,331,,1600,15 | 16,,mei_timeperiod,a,name_only,copy_level_provenance_place,MEI,02003958-p001,https://data.cerl.org/mei/02003958,data/expanded/mei-corpus.json,
02003958-p002-loc01,02003958,02003958,ih00357360,ih00357360,provenance_place,intermediate,2,1,02003958-p002,02003958-p002-loc01,Florence,Firenze,Florence,GeoNames,3176959,https://www.geonames.org/3176959,43.77925,11.24626,Italy,,,331,1705,1798,18,,mei_timeperiod,a,coordinates_supplied,copy_level_provenance_place,MEI,02003958-p002,https://data.cerl.org/mei/02003958,data/expanded/mei-corpus.json,
02003958-p003-loc01,02003958,02003958,ih00357360,ih00357360,provenance_place,intermediate,3,1,02003958-p003,02003958-p003-loc01,Florence,Firenze,Florence,GeoNames,3176959,https://www.geonames.org/3176959,43.77925,11.24626,Italy,,,331,1813,,19,,mei_timeperiod,a,coordinates_supplied,copy_level_provenance_place,MEI,02003958-p003,https://data.cerl.org/mei/02003958,data/expanded/mei-corpus.json,
02003958-current,02003958,02003958,ih00357360,ih00357360,current_holding,last,4,1,,,Firenze Biblioteca Riccardiana,,,,,,,,IT,FirenzeRicc,Firenze Biblioteca Riccardiana,331,,,,2026-09-23,current_observation_only,,holding_institution_not_yet_geocoded,current_holding_statement,MEI,02003958,https://data.cerl.org/mei/02003958,data/expanded/mei-corpus.json,Observed as the current holding institution; no arrival date is inferred.
02004013-print,02004013,02004013,ih00357360,ih00357360,print_place,first,0,1,,,Neapel,Neapel,,,,,,,,,,Incun. 1478.C3,1478,1478,,,gw_extracted_year_range,,place_name_not_yet_geocoded,edition_level_print_statement,GW,13337,https://gesamtkatalogderwiegendrucke.de/docs/GW13337.htm,data/derived/prayer-book-corpus.csv,Printing statement shared by copies of the edition.
02004013-p001-loc01,02004013,02004013,ih00357360,ih00357360,provenance_place,intermediate,1,1,02004013-p001,02004013-p001-loc01,Italien,Italien,,,,,,,,,,Incun. 1478.C3,1478,1500,15,,mei_timeperiod,a,name_only,copy_level_provenance_place,MEI,02004013-p001,https://data.cerl.org/mei/02004013,data/expanded/mei-corpus.json,
02004013-p002-loc01,02004013,02004013,ih00357360,ih00357360,provenance_place,intermediate,2,1,02004013-p002,02004013-p002-loc01,Paris,Paris,Paris,GeoNames,6455259,https://www.geonames.org/6455259,48.86,2.34444,France,,,Incun. 1478.C3,1902,1902,20,,mei_timeperiod,a,coordinates_supplied,copy_level_provenance_place,MEI,02004013-p002,https://data.cerl.org/mei/02004013,data/expanded/mei-corpus.json,
02004013-p003-loc01,02004013,02004013,ih00357360,ih00357360,provenance_place,intermediate,3,1,02004013-p003,02004013-p003-loc01,Lugano,Lugano,Lugano,GeoNames,7286383,https://www.geonames.org/7286383,46.00546,8.97143,Switzerland,,,Incun. 1478.C3,1923,1923,20,,mei_timeperiod,a,coordinates_supplied,copy_level_provenance_place,MEI,02004013-p003,https://data.cerl.org/mei/02004013,data/expanded/mei-corpus.json,
02004013-p004-loc01,02004013,02004013,ih00357360,ih00357360,provenance_place,intermediate,4,1,02004013-p004,02004013-p004-loc01,New York,New York,New York,GeoNames,5128581,https://www.geonames.org/5128581,40.71427,-74.00597,United States,,,Incun. 1478.C3,1949,1949,20,,mei_timeperiod,a,coordinates_supplied,copy_level_provenance_place,MEI,02004013-p004,https://data.cerl.org/mei/02004013,data/expanded/mei-corpus.json,
02004013-p005-loc01,02004013,02004013,ih00357360,ih00357360,provenance_place,intermediate,5,1,02004013-p005,02004013-p005-loc01,Washington,Washington,Washington,GeoNames,4140963,https://www.geonames.org/4140963,38.89511,-77.03637,United States,,,Incun. 1478.C3,1949,,20,,mei_timeperiod,a,coordinates_supplied,copy_level_provenance_place,MEI,02004013-p005,https://data.cerl.org/mei/02004013,data/expanded/mei-corpus.json,
02004013-current,02004013,02004013,ih00357360,ih00357360,current_holding,last,6,1,,,"Washington DC, Library of Congress, Rare Book Division, Lessing J. Rosenwald Collection",,,,,,,,US,WashingtonLoC,"Washington DC, Library of Congress, Rare Book Division, Lessing J. Rosenwald Collection",Incun. 1478.C3,,,,2026-09-23,current_observation_only,,holding_institution_not_yet_geocoded,current_holding_statement,MEI,02004013,https://data.cerl.org/mei/02004013,data/expanded/mei-corpus.json,Observed as the current holding institution; no arrival date is inferred.
02004011-print,02004011,02004011,ih00357360,ih00357360,print_place,first,0,1,,,Neapel,Neapel,,,,,,,,,,Arch. B f.43,1478,1478,,,gw_extracted_year_range,,place_name_not_yet_geocoded,edition_level_print_statement,GW,13337,https://gesamtkatalogderwiegendrucke.de/docs/GW13337.htm,data/derived/prayer-book-corpus.csv,Printing statement shared by copies of the edition.
02004011-p001-loc01,02004011,02004011,ih00357360,ih00357360,provenance_place,intermediate,1,1,02004011-p001,02004011-p001-loc01,Italien,Italien,,,,,,,,,,Arch. B f.43,,1500,15,,mei_timeperiod,a,name_only,copy_level_provenance_place,MEI,02004011-p001,https://data.cerl.org/mei/02004011,data/expanded/mei-corpus.json,
02004011-p002-loc01,02004011,02004011,ih00357360,ih00357360,provenance_place,intermediate,2,1,02004011-p002,02004011-p002-loc01,London,London,London,GeoNames,2643743,https://www.geonames.org/2643743,51.50853,-0.12574,United Kingdom,,,Arch. B f.43,1701,1800,18,,mei_timeperiod,a,coordinates_supplied,copy_level_provenance_place,MEI,02004011-p002,https://data.cerl.org/mei/02004011,data/expanded/mei-corpus.json,
02004011-p003-loc01,02004011,02004011,ih00357360,ih00357360,provenance_place,intermediate,3,1,02004011-p003,02004011-p003-loc01,Oxford,Oxford,Oxford,GeoNames,2640729,https://www.geonames.org/2640729,51.75222,-1.25596,United Kingdom,,,Arch. B f.43,1701,,18,,mei_timeperiod,a,coordinates_supplied,copy_level_provenance_place,MEI,02004011-p003,https://data.cerl.org/mei/02004011,data/expanded/mei-corpus.json,
02004011-current,02004011,02004011,ih00357360,ih00357360,current_holding,last,4,1,,,"Oxford, Bodleian Library",,,,,,,,GB,OxfordBodley,"Oxford, Bodleian Library",Arch. B f.43,,,,2026-09-23,current_observation_only,,holding_institution_not_yet_geocoded,current_holding_statement,MEI,02004011,https://data.cerl.org/mei/02004011,data/expanded/mei-corpus.json,Observed as the current holding institution; no arrival date is inferred.
02003961-print,02003961,02003961,ih00357360,ih00357360,print_place,first,0,1,,,Neapel,Neapel,,,,,,,,,,B. G. Inc. 80,1478,1478,,,gw_extracted_year_range,,place_name_not_yet_geocoded,edition_level_print_statement,GW,13337,https://gesamtkatalogderwiegendrucke.de/docs/GW13337.htm,data/derived/prayer-book-corpus.csv,Printing statement shared by copies of the edition.
02003961-p001-loc01,02003961,02003961,ih00357360,ih00357360,provenance_place,intermediate,1,1,02003961-p001,02003961-p001-loc01,Florence,Florence,Florence,GeoNames,3176959,https://www.geonames.org/3176959,43.77925,11.24626,Italy,,,B. G. Inc. 80,1478,1648,15 | 16 | 17,,mei_timeperiod,,coordinates_supplied,copy_level_provenance_place,MEI,02003961-p001,https://data.cerl.org/mei/02003961,data/expanded/mei-corpus.json,
02003961-p002-loc01,02003961,02003961,ih00357360,ih00357360,provenance_place,intermediate,2,1,02003961-p002,02003961-p002-loc01,Paris,Paris,Paris,GeoNames,2988507,https://www.geonames.org/2988507,48.85341,2.3488,France,,,B. G. Inc. 80,1801,1883,19,,mei_timeperiod,a,coordinates_supplied,copy_level_provenance_place,MEI,02003961-p002,https://data.cerl.org/mei/02003961,data/expanded/mei-corpus.json,
02003961-p003-loc01,02003961,02003961,ih00357360,ih00357360,provenance_place,intermediate,3,1,02003961-p003,02003961-p003-loc01,Schwarzau am Steinfeld (Vienna)?,Schwarzau am Steinfeld (Vienna)?,,,,,,,,,,B. G. Inc. 80,1883,1907,19 | 20,,mei_timeperiod,a,name_only,copy_level_provenance_place,MEI,02003961-p003,https://data.cerl.org/mei/02003961,data/expanded/mei-corpus.json,
02003961-p004-loc01,02003961,02003961,ih00357360,ih00357360,provenance_place,intermediate,4,1,02003961-p004,02003961-p004-loc01,Milan,Milano,Milan,GeoNames,3173435,https://www.geonames.org/3173435,45.46427,9.18951,Italy,,,B. G. Inc. 80,1933,1935,20,,mei_timeperiod,a,coordinates_supplied,copy_level_provenance_place,MEI,02003961-p004,https://data.cerl.org/mei/02003961,data/expanded/mei-corpus.json,
02003961-p005-loc01,02003961,02003961,ih00357360,ih00357360,provenance_place,intermediate,5,1,02003961-p005,02003961-p005-loc01,Milan,Milano,Milan,GeoNames,3173435,https://www.geonames.org/3173435,45.46427,9.18951,Italy,,,B. G. Inc. 80,1935,1938,20,,mei_timeperiod,a,coordinates_supplied,copy_level_provenance_place,MEI,02003961-p005,https://data.cerl.org/mei/02003961,data/expanded/mei-corpus.json,
02003961-p006-loc01,02003961,02003961,ih00357360,ih00357360,provenance_place,intermediate,6,1,02003961-p006,02003961-p006-loc01,Milan,Milano,Milan,GeoNames,3173435,https://www.geonames.org/3173435,45.46427,9.18951,Italy,,,B. G. Inc. 80,1938,,20,1938,mei_timeperiod,a,coordinates_supplied,copy_level_provenance_place,MEI,02003961-p006,https://data.cerl.org/mei/02003961,data/expanded/mei-corpus.json,
02003961-current,02003961,02003961,ih00357360,ih00357360,current_holding,last,7,1,,,"Milano, Biblioteca Nazionale Braidense",,,,,,,,IT,MilanoN,"Milano, Biblioteca Nazionale Braidense",B. G. Inc. 80,,,,2026-09-23,current_observation_only,,holding_institution_not_yet_geocoded,current_holding_statement,MEI,02003961,https://data.cerl.org/mei/02003961,data/expanded/mei-corpus.json,Observed as the current holding institution; no arrival date is inferred.
02003959-print,02003959,02003959,ih00357360,ih00357360,print_place,first,0,1,,,Neapel,Neapel,,,,,,,,,,18498.1,1478,1478,,,gw_extracted_year_range,,place_name_not_yet_geocoded,edition_level_print_statement,GW,13337,https://gesamtkatalogderwiegendrucke.de/docs/GW13337.htm,data/derived/prayer-book-corpus.csv,Printing statement shared by copies of the edition.
02003959-p002-loc01,02003959,02003959,ih00357360,ih00357360,provenance_place,intermediate,2,1,02003959-p002,02003959-p002-loc01,London,London,London,GeoNames,2643743,https://www.geonames.org/2643743,51.50853,-0.12574,United Kingdom,,,18498.1,1807,1836,19,,mei_timeperiod,,coordinates_supplied,copy_level_provenance_place,MEI,02003959-p002,https://data.cerl.org/mei/02003959,data/expanded/mei-corpus.json,
02003959-p003-loc01,02003959,02003959,ih00357360,ih00357360,provenance_place,intermediate,3,1,02003959-p003,02003959-p003-loc01,Manchester,Manchester,Manchester,GeoNames,2643123,https://www.geonames.org/2643123,53.48095,-2.23743,United Kingdom,,,18498.1,1899,1908,19 | 20,,mei_timeperiod,a,coordinates_supplied,copy_level_provenance_place,MEI,02003959-p003,https://data.cerl.org/mei/02003959,data/expanded/mei-corpus.json,
02003959-p004-loc01,02003959,02003959,ih00357360,ih00357360,provenance_place,intermediate,4,1,02003959-p004,02003959-p004-loc01,Manchester,Manchester,Manchester,GeoNames,2643123,https://www.geonames.org/2643123,53.48095,-2.23743,United Kingdom,,,18498.1,1899,,19,,mei_timeperiod,,coordinates_supplied,copy_level_provenance_place,MEI,02003959-p004,https://data.cerl.org/mei/02003959,data/expanded/mei-corpus.json,
02003959-current,02003959,02003959,ih00357360,ih00357360,current_holding,last,5,1,,,"Manchester, University of Manchester, John Rylands Research Institute and Library",,,,,,,,GB,ManchesterJRL,"Manchester, University of Manchester, John Rylands Research Institute and Library",18498.1,,,,2026-09-23,current_observation_only,,holding_institution_not_yet_geocoded,current_holding_statement,MEI,02003959,https://data.cerl.org/mei/02003959,data/expanded/mei-corpus.json,Observed as the current holding institution; no arrival date is inferred.
02003960-print,02003960,02003960,ih00357360,ih00357360,print_place,first,0,1,,,Neapel,Neapel,,,,,,,,,,18498.2,1478,1478,,,gw_extracted_year_range,,place_name_not_yet_geocoded,edition_level_print_statement,GW,13337,https://gesamtkatalogderwiegendrucke.de/docs/GW13337.htm,data/derived/prayer-book-corpus.csv,Printing statement shared by copies of the edition.
02003960-p002-loc01,02003960,02003960,ih00357360,ih00357360,provenance_place,intermediate,2,1,02003960-p002,02003960-p002-loc01,Naples,Napoli,Naples,GeoNames,3172394,https://www.geonames.org/3172394,40.85216,14.26811,Italy,,,18498.2,1747,1819,18 | 19,,mei_timeperiod,a,coordinates_supplied,copy_level_provenance_place,MEI,02003960-p002,https://data.cerl.org/mei/02003960,data/expanded/mei-corpus.json,
02003960-p003-loc01,02003960,02003960,ih00357360,ih00357360,provenance_place,intermediate,3,1,02003960-p003,02003960-p003-loc01,Althorp,Althorp,Althorp,GeoNames,7296694,https://www.geonames.org/7296694,52.28107,-1.00095,United Kingdom,,,18498.2,1819,1834,19,,mei_timeperiod,a,coordinates_supplied,copy_level_provenance_place,MEI,02003960-p003,https://data.cerl.org/mei/02003960,data/expanded/mei-corpus.json,near Northampton
02003960-p004-loc01,02003960,02003960,ih00357360,ih00357360,provenance_place,intermediate,4,1,02003960-p004,02003960-p004-loc01,Manchester,Manchester,Manchester,GeoNames,2643123,https://www.geonames.org/2643123,53.48095,-2.23743,United Kingdom,,,18498.2,1892,1899,19,,mei_timeperiod,a,coordinates_supplied,copy_level_provenance_place,MEI,02003960-p004,https://data.cerl.org/mei/02003960,data/expanded/mei-corpus.json,
02003960-current,02003960,02003960,ih00357360,ih00357360,current_holding,last,5,1,,,"Manchester, University of Manchester, John Rylands Research Institute and Library",,,,,,,,GB,ManchesterJRL,"Manchester, University of Manchester, John Rylands Research Institute and Library",18498.2,,,,2026-09-23,current_observation_only,,holding_institution_not_yet_geocoded,current_holding_statement,MEI,02003960,https://data.cerl.org/mei/02003960,data/expanded/mei-corpus.json,Observed as the current holding institution; no arrival date is inferred.
00201576-print,00201576,00201576,ih00357360,ih00357360,print_place,first,0,1,,,Neapel,Neapel,,,,,,,,,,"Kiefer, Pforzheim, 25-27 Sept. 2024, lot 135-352",1478,1478,,,gw_extracted_year_range,,place_name_not_yet_geocoded,edition_level_print_statement,GW,13337,https://gesamtkatalogderwiegendrucke.de/docs/GW13337.htm,data/derived/prayer-book-corpus.csv,Printing statement shared by copies of the edition.
00201576-p002-loc01,00201576,00201576,ih00357360,ih00357360,provenance_place,intermediate,2,1,00201576-p002,00201576-p002-loc01,Främmestad,Främmestad,Främmestad,GeoNames,2713842,https://www.geonames.org/2713842,58.25,12.68333,Sweden,,,"Kiefer, Pforzheim, 25-27 Sept. 2024, lot 135-352",1899,1899,19,1899,mei_timeperiod,,coordinates_supplied,copy_level_provenance_place,MEI,00201576-p002,https://data.cerl.org/mei/00201576,data/expanded/mei-corpus.json,
00201576-p003-loc01,00201576,00201576,ih00357360,ih00357360,provenance_place,intermediate,3,1,00201576-p003,00201576-p003-loc01,Basel,Basel,Basel,GeoNames,2661604,https://www.geonames.org/2661604,47.55839,7.57327,Switzerland,,,"Kiefer, Pforzheim, 25-27 Sept. 2024, lot 135-352",2014,2014,21,2014,mei_timeperiod,,coordinates_supplied,copy_level_provenance_place,MEI,00201576-p003,https://data.cerl.org/mei/00201576,data/expanded/mei-corpus.json,
00201576-p004-loc01,00201576,00201576,ih00357360,ih00357360,provenance_place,intermediate,4,1,00201576-p004,00201576-p004-loc01,Pforzheim, Pforzheim,Pforzheim,GeoNames,2853969,https://www.geonames.org/2853969,48.88436,8.69892,Germany,,,"Kiefer, Pforzheim, 25-27 Sept. 2024, lot 135-352",2024,2024,21,,mei_timeperiod,,coordinates_supplied,copy_level_provenance_place,MEI,00201576-p004,https://data.cerl.org/mei/00201576,data/expanded/mei-corpus.json,
00201576-current,00201576,00201576,ih00357360,ih00357360,current_holding,last,5,1,,,Trade Copy,,,,,,,,,TradeCopy,Trade Copy,"Kiefer, Pforzheim, 25-27 Sept. 2024, lot 135-352",,,,2026-09-23,current_observation_only,,holding_institution_not_yet_geocoded,current_holding_statement,MEI,00201576,https://data.cerl.org/mei/00201576,data/expanded/mei-corpus.json,Observed as the current holding institution; no arrival date is inferred.
02004012-print,02004012,02004012,ih00357360,ih00357360,print_place,first,0,1,,,Neapel,Neapel,,,,,,,,,,Res. Velins 1479,1478,1478,,,gw_extracted_year_range,,place_name_not_yet_geocoded,edition_level_print_statement,GW,13337,https://gesamtkatalogderwiegendrucke.de/docs/GW13337.htm,data/derived/prayer-book-corpus.csv,Printing statement shared by copies of the edition.
02004012-p001-loc01,02004012,02004012,ih00357360,ih00357360,provenance_place,intermediate,1,1,02004012-p001,02004012-p001-loc01,Italien,Italien,,,,,,,,,,Res. Velins 1479,,1500,15,,mei_timeperiod,a,name_only,copy_level_provenance_place,MEI,02004012-p001,https://data.cerl.org/mei/02004012,data/expanded/mei-corpus.json,
02004012-p002-loc01,02004012,02004012,ih00357360,ih00357360,provenance_place,intermediate,2,1,02004012-p002,02004012-p002-loc01,Livorno,Livorno,Livorno,GeoNames,3174659,https://www.geonames.org/3174659,43.54427,10.32615,Italy,,,Res. Velins 1479,1701,1800,18,,mei_timeperiod,a,coordinates_supplied,copy_level_provenance_place,MEI,02004012-p002,https://data.cerl.org/mei/02004012,data/expanded/mei-corpus.json,
02004012-p003-loc01,02004012,02004012,ih00357360,ih00357360,provenance_place,intermediate,3,1,02004012-p003,02004012-p003-loc01,Paris,Paris,Paris,GeoNames,6455259,https://www.geonames.org/6455259,48.86,2.34444,France,,,Res. Velins 1479,1701,1800,18,,mei_timeperiod,a,coordinates_supplied,copy_level_provenance_place,MEI,02004012-p003,https://data.cerl.org/mei/02004012,data/expanded/mei-corpus.json,
02004012-p004-loc01,02004012,02004012,ih00357360,ih00357360,provenance_place,intermediate,4,1,02004012-p004,02004012-p004-loc01,Paris,Paris,Paris,GeoNames,6455259,https://www.geonames.org/6455259,48.86,2.34444,France,,,Res. Velins 1479,1783,,18,,mei_timeperiod,a,coordinates_supplied,copy_level_provenance_place,MEI,02004012-p004,https://data.cerl.org/mei/02004012,data/expanded/mei-corpus.json,
02004012-current,02004012,02004012,ih00357360,ih00357360,current_holding,last,5,1,,,"Paris, Bibliothèque nationale de France",,,,,,,,FR,ParisBN,"Paris, Bibliothèque nationale de France",Res. Velins 1479,,,,2026-09-23,current_observation_only,,holding_institution_not_yet_geocoded,current_holding_statement,MEI,02004012,https://data.cerl.org/mei/02004012,data/expanded/mei-corpus.json,Observed as the current holding institution; no arrival date is inferred.
00201995-print,00201995,00201995,ih00357370,ih00357370,print_place,first,0,1,,,Venedig,Venedig,,,,,,,,,,1761 I P C.,1500,1500,,,gw_extracted_year_range,,place_name_not_yet_geocoded,edition_level_print_statement,GW,1338820N,https://gesamtkatalogderwiegendrucke.de/docs/GW1338820N.htm,data/derived/prayer-book-corpus.csv,Printing statement shared by copies of the edition.
00201995-p001-loc01,00201995,00201995,ih00357370,ih00357370,provenance_place,intermediate,1,1,00201995-p001,00201995-p001-loc01,Brescia,Brescia,Brescia,GeoNames,3181554,https://www.geonames.org/3181554,45.53558,10.21472,Italy,,,1761 I P C.,1510,1510,16,1510,mei_timeperiod,,coordinates_supplied,copy_level_provenance_place,MEI,00201995-p001,https://data.cerl.org/mei/00201995,data/expanded/mei-corpus.json,
00201995-p002-loc01,00201995,00201995,ih00357370,ih00357370,provenance_place,intermediate,2,1,00201995-p002,00201995-p002-loc01,Brescia,Brescia,Brescia,GeoNames,3181554,https://www.geonames.org/3181554,45.53558,10.21472,Italy,,,1761 I P C.,1511,1530,16,,mei_timeperiod,,coordinates_supplied,copy_level_provenance_place,MEI,00201995-p002,https://data.cerl.org/mei/00201995,data/expanded/mei-corpus.json,
00201995-p003-loc01,00201995,00201995,ih00357370,ih00357370,provenance_place,intermediate,3,1,00201995-p003,00201995-p003-loc01,Milan,Milan,Milan,GeoNames,3173435,https://www.geonames.org/3173435,45.46427,9.18951,Italy,,,1761 I P C.,1450,1525,15 | 16,,mei_timeperiod,,coordinates_supplied,copy_level_provenance_place,MEI,00201995-p003,https://data.cerl.org/mei/00201995,data/expanded/mei-corpus.json,
00201995-p004-loc01,00201995,00201995,ih00357370,ih00357370,provenance_place,intermediate,4,1,00201995-p004,00201995-p004-loc01,Ljubljana,Ljubljana,Ljubljana,GeoNames,3196359,https://www.geonames.org/3196359,46.05108,14.50513,Slovenia,,,1761 I P C.,1774,,18,,mei_timeperiod,,coordinates_supplied,copy_level_provenance_place,MEI,00201995-p004,https://data.cerl.org/mei/00201995,data/expanded/mei-corpus.json,
00201995-current,00201995,00201995,ih00357370,ih00357370,current_holding,last,5,1,,,"Ljubljana, Narodna in univerzitetna knjižnica",,,,,,,,SI,LjubljanaNUK,"Ljubljana, Narodna in univerzitetna knjižnica",1761 I P C.,,,,2026-09-23,current_observation_only,,holding_institution_not_yet_geocoded,current_holding_statement,MEI,00201995,https://data.cerl.org/mei/00201995,data/expanded/mei-corpus.json,Observed as the current holding institution; no arrival date is inferred.
00200563-print,00200563,00200563,ih00357450,ih00357450,print_place,first,0,1,,,Florenz,Florenz,,,,,,,,,,I 10 Inc.,1487,1487,,,gw_extracted_year_range,,place_name_not_yet_geocoded,edition_level_print_statement,GW,13332,https://gesamtkatalogderwiegendrucke.de/docs/GW13332.htm,data/derived/prayer-book-corpus.csv,Printing statement shared by copies of the edition.
00200563-current,00200563,00200563,ih00357450,ih00357450,current_holding,last,1,1,,,"Venezia, Biblioteca del Museo Correr",,,,,,,,IT,VeneziaC,"Venezia, Biblioteca del Museo Correr",I 10 Inc.,,,,2026-09-30,current_observation_only,,holding_institution_not_yet_geocoded,current_holding_statement,MEI,00200563,https://data.cerl.org/mei/00200563,data/expanded/mei-corpus.json,Observed as the current holding institution; no arrival date is inferred.
02123970-print,02123970,02123970,ih00357450,ih00357450,print_place,first,0,1,,,Florenz,Florenz,,,,,,,,,,Inc. I 010,1487,1487,,,gw_extracted_year_range,,place_name_not_yet_geocoded,edition_level_print_statement,GW,13332,https://gesamtkatalogderwiegendrucke.de/docs/GW13332.htm,data/derived/prayer-book-corpus.csv,Printing statement shared by copies of the edition.
02123970-p002-loc01,02123970,02123970,ih00357450,ih00357450,provenance_place,intermediate,2,1,02123970-p002,02123970-p002-loc01,Venice,Venezia,Venice,GeoNames,3164603,https://www.geonames.org/3164603,45.43713,12.33265,Italy,,,Inc. I 010,1836,1865,19,,mei_timeperiod,a,coordinates_supplied,copy_level_provenance_place,MEI,02123970-p002,https://data.cerl.org/mei/02123970,data/expanded/mei-corpus.json,
02123970-p003-loc01,02123970,02123970,ih00357450,ih00357450,provenance_place,intermediate,3,1,02123970-p003,02123970-p003-loc01,Venice,Venezia,Venice,GeoNames,3164603,https://www.geonames.org/3164603,45.43713,12.33265,Italy,,,Inc. I 010,1868,,19,,mei_timeperiod,a,coordinates_supplied,copy_level_provenance_place,MEI,02123970-p003,https://data.cerl.org/mei/02123970,data/expanded/mei-corpus.json,
02123970-current,02123970,02123970,ih00357450,ih00357450,current_holding,last,4,1,,,"Venezia, Biblioteca del Museo Correr",,,,,,,,IT,VeneziaC,"Venezia, Biblioteca del Museo Correr",Inc. I 010,,,,2026-09-30,current_observation_only,,holding_institution_not_yet_geocoded,current_holding_statement,MEI,02123970,https://data.cerl.org/mei/02123970,data/expanded/mei-corpus.json,Observed as the current holding institution; no arrival date is inferred.
00560431-print,00560431,00560431,ih00357470,ih00357470,print_place,first,0,1,,,Paris,Paris,,,,,,,,,,Inc.Fragments.1[2503],1486,1490,,,gw_extracted_year_range,,place_name_not_yet_geocoded,edition_level_print_statement,GW,13053,https://gesamtkatalogderwiegendrucke.de/docs/GW13053.htm,data/derived/prayer-book-corpus.csv,Printing statement shared by copies of the edition.
00560431-p001-loc01,00560431,00560431,ih00357470,ih00357470,provenance_place,intermediate,1,1,00560431-p001,00560431-p001-loc01,Cambridge,Cambridge,Cambridge,GeoNames,2653941,https://www.geonames.org/2653941,52.2,0.11667,United Kingdom,,,Inc.Fragments.1[2503],,,,,undated,a,coordinates_supplied,copy_level_provenance_place,MEI,00560431-p001,https://data.cerl.org/mei/00560431,data/expanded/mei-corpus.json,
00560431-current,00560431,00560431,ih00357470,ih00357470,current_holding,last,2,1,,,"Cambridge, University Library",,,,,,,,GB,CambridgeUL,"Cambridge, University Library",Inc.Fragments.1[2503],,,,2026-09-30,current_observation_only,,holding_institution_not_yet_geocoded,current_holding_statement,MEI,00560431,https://data.cerl.org/mei/00560431,data/expanded/mei-corpus.json,Observed as the current holding institution; no arrival date is inferred.
00570693-print,00570693,00570693,ih00357480,ih00357480,print_place,first,0,1,,,Basel,Basel,,,,,,,,,,Rb 70,1480,1480,,,gw_extracted_year_range,,place_name_not_yet_geocoded,edition_level_print_statement,GW,12948,https://gesamtkatalogderwiegendrucke.de/docs/GW12948.htm,data/derived/prayer-book-corpus.csv,Printing statement shared by copies of the edition.
00570693-p001-loc01,00570693,00570693,ih00357480,ih00357480,provenance_place,intermediate,1,1,00570693-p001,00570693-p001-loc01,Buchberg,Buchberg,Buchberg,GeoNames,2661357,https://www.geonames.org/2661357,47.57282,8.56281,Switzerland,,,Rb 70,1596,,16,,mei_timeperiod,a,coordinates_supplied,copy_level_provenance_place,MEI,00570693-p001,https://data.cerl.org/mei/00570693,data/expanded/mei-corpus.json,
00570693-p003-loc01,00570693,00570693,ih00357480,ih00357480,provenance_place,intermediate,3,1,00570693-p003,00570693-p003-loc01,Rheinau,Rheinau,Rheinau,GeoNames,11048417,https://www.geonames.org/11048417,47.63277,8.60251,Switzerland,,,Rb 70,1700,1862,17 | 18 | 19,,mei_timeperiod,a,coordinates_supplied,copy_level_provenance_place,MEI,00570693-p003,https://data.cerl.org/mei/00570693,data/expanded/mei-corpus.json,
00570693-p004-loc01,00570693,00570693,ih00357480,ih00357480,provenance_place,intermediate,4,1,00570693-p004,00570693-p004-loc01,Zurich,Zürich,Zurich,GeoNames,2657896,https://www.geonames.org/2657896,47.36667,8.55,Switzerland,,,Rb 70,1864,1915,19 | 20,,mei_timeperiod,,coordinates_supplied,copy_level_provenance_place,MEI,00570693-p004,https://data.cerl.org/mei/00570693,data/expanded/mei-corpus.json,
00570693-p005-loc01,00570693,00570693,ih00357480,ih00357480,provenance_place,intermediate,5,1,00570693-p005,00570693-p005-loc01,Zurich,Zürich,Zurich,GeoNames,2657896,https://www.geonames.org/2657896,47.36667,8.55,Switzerland,,,Rb 70,1916,,20,,mei_timeperiod,a,coordinates_supplied,copy_level_provenance_place,MEI,00570693-p005,https://data.cerl.org/mei/00570693,data/expanded/mei-corpus.json,
00570693-current,00570693,00570693,ih00357480,ih00357480,current_holding,last,6,1,,,"Zürich, Zentralbibliothek",,,,,,,,CH,ZurichZB,"Zürich, Zentralbibliothek",Rb 70,,,,2026-09-30,current_observation_only,,holding_institution_not_yet_geocoded,current_holding_statement,MEI,00570693,https://data.cerl.org/mei/00570693,data/expanded/mei-corpus.json,Observed as the current holding institution; no arrival date is inferred.
00570696-print,00570696,00570696,ih00357480,ih00357480,print_place,first,0,1,,,Basel,Basel,,,,,,,,,,,1480,1480,,,gw_extracted_year_range,,place_name_not_yet_geocoded,edition_level_print_statement,GW,12948,https://gesamtkatalogderwiegendrucke.de/docs/GW12948.htm,data/derived/prayer-book-corpus.csv,Printing statement shared by copies of the edition.
00570696-p004-loc01,00570696,00570696,ih00357480,ih00357480,provenance_place,intermediate,4,1,00570696-p004,00570696-p004-loc01,Zurich,Zürich,Zurich,GeoNames,2657896,https://www.geonames.org/2657896,47.36667,8.55,Switzerland,,,,,,,,undated,a,coordinates_supplied,copy_level_provenance_place,MEI,00570696-p004,https://data.cerl.org/mei/00570696,data/expanded/mei-corpus.json,
00570696-current,00570696,00570696,ih00357480,ih00357480,current_holding,last,5,1,,,"Zürich, Zentralbibliothek",,,,,,,,CH,ZurichZB,"Zürich, Zentralbibliothek",,,,,2026-09-30,current_observation_only,,holding_institution_not_yet_geocoded,current_holding_statement,MEI,00570696,https://data.cerl.org/mei/00570696,data/expanded/mei-corpus.json,Observed as the current holding institution; no arrival date is inferred.
00200540-print,00200540,00200540,ih00357500,ih00357500,print_place,first,0,1,,,Rom,Rom,,,,,,,,,,no. 91,1481,1481,,,gw_extracted_year_range,,place_name_not_yet_geocoded,edition_level_print_statement,GW,13353,https://gesamtkatalogderwiegendrucke.de/docs/GW13353.htm,data/derived/prayer-book-corpus.csv,Printing statement shared by copies of the edition.
00200540-current,00200540,00200540,ih00357500,ih00357500,current_holding,last,1,1,,,"Macerata, Biblioteca Comunale Mozzi-Borgetti",,,,,,,,IT,MacerataC,"Macerata, Biblioteca Comunale Mozzi-Borgetti",no. 91,,,,2026-09-23,current_observation_only,,holding_institution_not_yet_geocoded,current_holding_statement,MEI,00200540,https://data.cerl.org/mei/00200540,data/expanded/mei-corpus.json,Observed as the current holding institution; no arrival date is inferred.
00200541-print,00200541,00200541,ih00357600,ih00357600,print_place,first,0,1,,,Verona,Verona,,,,,,,,,,Inc. I.A.1,1481,1481,,,gw_extracted_year_range,,place_name_not_yet_geocoded,edition_level_print_statement,GW,13389,https://gesamtkatalogderwiegendrucke.de/docs/GW13389.htm,data/derived/prayer-book-corpus.csv,Printing statement shared by copies of the edition.
00200541-current,00200541,00200541,ih00357600,ih00357600,current_holding,last,1,1,,,"Bassano del Grappa, Museo Biblioteca Archivio",,,,,,,,IT,BassanodelGrappaC,"Bassano del Grappa, Museo Biblioteca Archivio",Inc. I.A.1,,,,2026-09-30,current_observation_only,,holding_institution_not_yet_geocoded,current_holding_statement,MEI,00200541,https://data.cerl.org/mei/00200541,data/expanded/mei-corpus.json,Observed as the current holding institution; no arrival date is inferred.
00200542-print,00200542,00200542,ih00357650,ih00357650,print_place,first,0,1,,,Venedig,Venedig,,,,,,,,,,IA.20792,1481,1481,,,gw_extracted_year_range,,place_name_not_yet_geocoded,edition_level_print_statement,GW,13361,https://gesamtkatalogderwiegendrucke.de/docs/GW13361.htm,data/derived/prayer-book-corpus.csv,Printing statement shared by copies of the edition.
00200542-current,00200542,00200542,ih00357650,ih00357650,current_holding,last,1,1,,,"London, British Library",,,,,,,,GB,LondonBL,"London, British Library",IA.20792,,,,2026-09-30,current_observation_only,,holding_institution_not_yet_geocoded,current_holding_statement,MEI,00200542,https://data.cerl.org/mei/00200542,data/expanded/mei-corpus.json,Observed as the current holding institution; no arrival date is inferred.
00200543-print,00200543,00200543,ih00357700,ih00357700,print_place,first,0,1,,,Venedig,Venedig,,,,,,,,,,no. 2838,1481,1481,,,gw_extracted_year_range,,place_name_not_yet_geocoded,edition_level_print_statement,GW,13362,https://gesamtkatalogderwiegendrucke.de/docs/GW13362.htm,data/derived/prayer-book-corpus.csv,Printing statement shared by copies of the edition.
00200543-current,00200543,00200543,ih00357700,ih00357700,current_holding,last,1,1,,,"Venezia, S. Lazzaro degli Armeni",,,,,,,,IT,VeneziaSLazzaro,"Venezia, S. Lazzaro degli Armeni",no. 2838,,,,2026-09-30,current_observation_only,,holding_institution_not_yet_geocoded,current_holding_statement,MEI,00200543,https://data.cerl.org/mei/00200543,data/expanded/mei-corpus.json,Observed as the current holding institution; no arrival date is inferred.
00200545-print,00200545,00200545,ih00357740,ih00357740,print_place,first,0,1,,,Venedig,Venedig,,,,,,,,,,"17,12,40",1482,1482,,,gw_extracted_year_range,,place_name_not_yet_geocoded,edition_level_print_statement,GW,13363,https://gesamtkatalogderwiegendrucke.de/docs/GW13363.htm,data/derived/prayer-book-corpus.csv,Printing statement shared by copies of the edition.
00200545-current,00200545,00200545,ih00357740,ih00357740,current_holding,last,1,1,,,"Zwickau, Ratsschulbibliothek",,,,,,,,DE,ZwickauRatsSchB,"Zwickau, Ratsschulbibliothek","17,12,40",,,,2026-09-30,current_observation_only,,holding_institution_not_yet_geocoded,current_holding_statement,MEI,00200545,https://data.cerl.org/mei/00200545,data/expanded/mei-corpus.json,Observed as the current holding institution; no arrival date is inferred.
00200544-print,00200544,00200544,ih00357740,ih00357740,print_place,first,0,1,,,Venedig,Venedig,,,,,,,,,,8o Inc.c.a. 12,1482,1482,,,gw_extracted_year_range,,place_name_not_yet_geocoded,edition_level_print_statement,GW,13363,https://gesamtkatalogderwiegendrucke.de/docs/GW13363.htm,data/derived/prayer-book-corpus.csv,Printing statement shared by copies of the edition.
00200544-current,00200544,00200544,ih00357740,ih00357740,current_holding,last,1,1,,,"München, Bayerische Staatsbibliothek",,,,,,,,DE,MunchenBSB,"München, Bayerische Staatsbibliothek",8o Inc.c.a. 12,,,,2026-09-30,current_observation_only,,holding_institution_not_yet_geocoded,current_holding_statement,MEI,00200544,https://data.cerl.org/mei/00200544,data/expanded/mei-corpus.json,Observed as the current holding institution; no arrival date is inferred.
00200546-print,00200546,00200546,ih00357750,ih00357750,print_place,first,0,1,,,Florenz,Florenz,,,,,,,,,,Ed.R. 726,1483,1483,,,gw_extracted_year_range,,place_name_not_yet_geocoded,edition_level_print_statement,GW,13331,https://gesamtkatalogderwiegendrucke.de/docs/GW13331.htm,data/derived/prayer-book-corpus.csv,Printing statement shared by copies of the edition.
00200546-current,00200546,00200546,ih00357750,ih00357750,current_holding,last,1,1,,,Firenze Biblioteca Riccardiana,,,,,,,,IT,FirenzeRicc,Firenze Biblioteca Riccardiana,Ed.R. 726,,,,2026-09-30,current_observation_only,,holding_institution_not_yet_geocoded,current_holding_statement,MEI,00200546,https://data.cerl.org/mei/00200546,data/expanded/mei-corpus.json,Observed as the current holding institution; no arrival date is inferred.
02117004-print,02117004,02117004,ih00357760,ih00357760,print_place,first,0,1,,,Memmingen,Memmingen,,,,,,,,,,Ink 19.H.19,1483,1486,,,gw_extracted_year_range,,place_name_not_yet_geocoded,edition_level_print_statement,GW,12964,https://gesamtkatalogderwiegendrucke.de/docs/GW12964.htm,data/derived/prayer-book-corpus.csv,Printing statement shared by copies of the edition.
02117004-p001-loc01,02117004,02117004,ih00357760,ih00357760,provenance_place,intermediate,1,1,02117004-p001,02117004-p001-loc01,Vienna,Vienna,Vienna,GeoNames,2761369,https://www.geonames.org/2761369,48.20849,16.37208,Austria,,,Ink 19.H.19,,,,,undated,a,coordinates_supplied,copy_level_provenance_place,MEI,02117004-p001,https://data.cerl.org/mei/02117004,data/expanded/mei-corpus.json,
02117004-current,02117004,02117004,ih00357760,ih00357760,current_holding,last,2,1,,,"Wien, Österreichische  Nationalbibliothek",,,,,,,,AT,WienONB,"Wien, Österreichische  Nationalbibliothek",Ink 19.H.19,,,,2026-09-30,current_observation_only,,holding_institution_not_yet_geocoded,current_holding_statement,MEI,02117004,https://data.cerl.org/mei/02117004,data/expanded/mei-corpus.json,Observed as the current holding institution; no arrival date is inferred.
02126336-print,02126336,02126336,ih00357760,ih00357760,print_place,first,0,1,,,Memmingen,Memmingen,,,,,,,,,,ZZi 07,1483,1486,,,gw_extracted_year_range,,place_name_not_yet_geocoded,edition_level_print_statement,GW,12964,https://gesamtkatalogderwiegendrucke.de/docs/GW12964.htm,data/derived/prayer-book-corpus.csv,Printing statement shared by copies of the edition.
02126336-p002-loc01,02126336,02126336,ih00357760,ih00357760,provenance_place,intermediate,2,1,02126336-p002,02126336-p002-loc01,New Haven,New Haven,New Haven,GeoNames,4839366,https://www.geonames.org/4839366,41.30815,-72.92816,United States,,,ZZi 07,1963,,20,,mei_timeperiod,a,coordinates_supplied,copy_level_provenance_place,MEI,02126336-p002,https://data.cerl.org/mei/02126336,data/expanded/mei-corpus.json,
02126336-current,02126336,02126336,ih00357760,ih00357760,current_holding,last,3,1,,,"New Haven CT, Yale University, Beinecke Library",,,,,,,,US,YaleBeinecke,"New Haven CT, Yale University, Beinecke Library",ZZi 07,,,,2026-09-30,current_observation_only,,holding_institution_not_yet_geocoded,current_holding_statement,MEI,02126336,https://data.cerl.org/mei/02126336,data/expanded/mei-corpus.json,Observed as the current holding institution; no arrival date is inferred.
00200548-print,00200548,00200548,ih00357770,ih00357770,print_place,first,0,1,,,Venedig,Venedig,,,,,,,,,,CIM II 209,1484,1484,,,gw_extracted_year_range,,place_name_not_yet_geocoded,edition_level_print_statement,GW,13364,https://gesamtkatalogderwiegendrucke.de/docs/GW13364.htm,data/derived/prayer-book-corpus.csv,Printing statement shared by copies of the edition.
00200548-current,00200548,00200548,ih00357770,ih00357770,current_holding,last,1,1,,," Oldenburg, Landesbibliothek",,,,,,,,DE,OldenburgLB," Oldenburg, Landesbibliothek",CIM II 209,,,,2026-09-30,current_observation_only,,holding_institution_not_yet_geocoded,current_holding_statement,MEI,00200548,https://data.cerl.org/mei/00200548,data/expanded/mei-corpus.json,Observed as the current holding institution; no arrival date is inferred.
00200551-print,00200551,00200551,ih00357772,ih00357772,print_place,first,0,1,,,Mailand,Mailand,,,,,,,,,,Ink K 309,1485,1485,,,gw_extracted_year_range,,place_name_not_yet_geocoded,edition_level_print_statement,GW,13334,https://gesamtkatalogderwiegendrucke.de/docs/GW13334.htm,data/derived/prayer-book-corpus.csv,Printing statement shared by copies of the edition.
00200551-current,00200551,00200551,ih00357772,ih00357772,current_holding,last,1,1,,,"Zürich, Zentralbibliothek",,,,,,,,CH,ZurichZB,"Zürich, Zentralbibliothek",Ink K 309,,,,2026-09-30,current_observation_only,,holding_institution_not_yet_geocoded,current_holding_statement,MEI,00200551,https://data.cerl.org/mei/00200551,data/expanded/mei-corpus.json,Observed as the current holding institution; no arrival date is inferred.
00570569-print,00570569,00570569,ih00357772,ih00357772,print_place,first,0,1,,,Mailand,Mailand,,,,,,,,,,Ink K 309,1485,1485,,,gw_extracted_year_range,,place_name_not_yet_geocoded,edition_level_print_statement,GW,13334,https://gesamtkatalogderwiegendrucke.de/docs/GW13334.htm,data/derived/prayer-book-corpus.csv,Printing statement shared by copies of the edition.
00570569-p003-loc01,00570569,00570569,ih00357772,ih00357772,provenance_place,intermediate,3,1,00570569-p003,00570569-p003-loc01,Zurich,Zürich,Zurich,GeoNames,2657896,https://www.geonames.org/2657896,47.36667,8.55,Switzerland,,,Ink K 309,1835,1915,19 | 20,,mei_timeperiod,a,coordinates_supplied,copy_level_provenance_place,MEI,00570569-p003,https://data.cerl.org/mei/00570569,data/expanded/mei-corpus.json,
00570569-p004-loc01,00570569,00570569,ih00357772,ih00357772,provenance_place,intermediate,4,1,00570569-p004,00570569-p004-loc01,Zurich,Zürich,Zurich,GeoNames,2657896,https://www.geonames.org/2657896,47.36667,8.55,Switzerland,,,Ink K 309,1916,,20,,mei_timeperiod,a,coordinates_supplied,copy_level_provenance_place,MEI,00570569-p004,https://data.cerl.org/mei/00570569,data/expanded/mei-corpus.json,
00570569-current,00570569,00570569,ih00357772,ih00357772,current_holding,last,5,1,,,"Zürich, Zentralbibliothek",,,,,,,,CH,ZurichZB,"Zürich, Zentralbibliothek",Ink K 309,,,,2026-09-30,current_observation_only,,holding_institution_not_yet_geocoded,current_holding_statement,MEI,00570569,https://data.cerl.org/mei/00570569,data/expanded/mei-corpus.json,Observed as the current holding institution; no arrival date is inferred.
00200550-print,00200550,00200550,ih00357773,ih00357773,print_place,first,0,1,,,Venedig,Venedig,,,,,,,,,,MK Ink/2841,1485,1485,,,gw_extracted_year_range,,place_name_not_yet_geocoded,edition_level_print_statement,GW,13366,https://gesamtkatalogderwiegendrucke.de/docs/GW13366.htm,data/derived/prayer-book-corpus.csv,Printing statement shared by copies of the edition.
00200550-current,00200550,00200550,ih00357773,ih00357773,current_holding,last,1,1,,,"Moscow, Russian State Library",,,,,,,,RU,MoscowSL,"Moscow, Russian State Library",MK Ink/2841,,,,2026-09-30,current_observation_only,,holding_institution_not_yet_geocoded,current_holding_statement,MEI,00200550,https://data.cerl.org/mei/00200550,data/expanded/mei-corpus.json,Observed as the current holding institution; no arrival date is inferred.
00200547-print,00200547,00200547,ih00357780,ih00357780,print_place,first,0,1,,,Venedig,Venedig,,,,,,,,,,Rés. Vélins 1480,1485,1488,,,gw_extracted_year_range,,place_name_not_yet_geocoded,edition_level_print_statement,GW,13365,https://gesamtkatalogderwiegendrucke.de/docs/GW13365.htm,data/derived/prayer-book-corpus.csv,Printing statement shared by copies of the edition.
00200547-current,00200547,00200547,ih00357780,ih00357780,current_holding,last,1,1,,,"Paris, Bibliothèque nationale de France",,,,,,,,FR,ParisBN,"Paris, Bibliothèque nationale de France",Rés. Vélins 1480,,,,2026-09-30,current_observation_only,,holding_institution_not_yet_geocoded,current_holding_statement,MEI,00200547,https://data.cerl.org/mei/00200547,data/expanded/mei-corpus.json,Observed as the current holding institution; no arrival date is inferred.
00200552-print,00200552,00200552,ih00357800,ih00357800,print_place,first,0,1,,,Neapel,Neapel,,,,,,,,,,IA.29431,1486,1486,,,gw_extracted_year_range,,place_name_not_yet_geocoded,edition_level_print_statement,GW,13338,https://gesamtkatalogderwiegendrucke.de/docs/GW13338.htm,data/derived/prayer-book-corpus.csv,Printing statement shared by copies of the edition.
00200552-p001-loc01,00200552,00200552,ih00357800,ih00357800,provenance_place,intermediate,1,1,00200552-p001,00200552-p001-loc01,London,London,,GeoNames,2643743,https://www.geonames.org/2643743,,,,,,IA.29431,,,,,undated,,authority_without_coordinates,copy_level_provenance_place,MEI,00200552-p001,https://data.cerl.org/mei/00200552,data/expanded/mei-corpus.json,
00200552-current,00200552,00200552,ih00357800,ih00357800,current_holding,last,2,1,,,"London, British Library",,,,,,,,GB,LondonBL,"London, British Library",IA.29431,,,,2026-09-30,current_observation_only,,holding_institution_not_yet_geocoded,current_holding_statement,MEI,00200552,https://data.cerl.org/mei/00200552,data/expanded/mei-corpus.json,Observed as the current holding institution; no arrival date is inferred.
00200558-print,00200558,00200558,ih00357850,ih00357850,print_place,first,0,1,,,Neapel,Neapel,,,,,,,,,,101431,1486,1486,,,gw_extracted_year_range,,place_name_not_yet_geocoded,edition_level_print_statement,GW,13339,https://gesamtkatalogderwiegendrucke.de/docs/GW13339.htm,data/derived/prayer-book-corpus.csv,Printing statement shared by copies of the edition.
00200558-p001-loc01,00200558,00200558,ih00357850,ih00357850,provenance_place,intermediate,1,1,00200558-p001,00200558-p001-loc01,Naples,Naples,Naples,GeoNames,3172394,https://www.geonames.org/3172394,40.85216,14.26811,Italy,,,101431,1486,1600,15 | 16,,mei_timeperiod,a,coordinates_supplied,copy_level_provenance_place,MEI,00200558-p001,https://data.cerl.org/mei/00200558,data/expanded/mei-corpus.json,
00200558-p002-loc01,00200558,00200558,ih00357850,ih00357850,provenance_place,intermediate,2,1,00200558-p002,00200558-p002-loc01,Naples,Naples,Naples,GeoNames,3172394,https://www.geonames.org/3172394,40.85216,14.26811,Italy,,,101431,1875,1892,19,,mei_timeperiod,a,coordinates_supplied,copy_level_provenance_place,MEI,00200558-p002,https://data.cerl.org/mei/00200558,data/expanded/mei-corpus.json,
00200558-p003-loc01,00200558,00200558,ih00357850,ih00357850,provenance_place,intermediate,3,1,00200558-p003,00200558-p003-loc01,London,London,London,GeoNames,2643743,https://www.geonames.org/2643743,51.50853,-0.12574,United Kingdom,,,101431,1894,1894,19,,mei_timeperiod,a,coordinates_supplied,copy_level_provenance_place,MEI,00200558-p003,https://data.cerl.org/mei/00200558,data/expanded/mei-corpus.json,
00200558-p004-loc01,00200558,00200558,ih00357850,ih00357850,provenance_place,intermediate,4,1,00200558-p004,00200558-p004-loc01,Brooklyn,Brooklyn,Brooklyn,GeoNames,5110302,https://www.geonames.org/5110302,40.6501,-73.94958,United States,,,101431,1894,1926,19 | 20,,mei_timeperiod,a,coordinates_supplied,copy_level_provenance_place,MEI,00200558-p004,https://data.cerl.org/mei/00200558,data/expanded/mei-corpus.json,
00200558-p005-loc01,00200558,00200558,ih00357850,ih00357850,provenance_place,intermediate,5,1,00200558-p005,00200558-p005-loc01,Philadelphia,Philadelphia,Philadelphia,GeoNames,4560349,https://www.geonames.org/4560349,39.95238,-75.16362,United States,,,101431,1926,1926,20,,mei_timeperiod,a,coordinates_supplied,copy_level_provenance_place,MEI,00200558-p005,https://data.cerl.org/mei/00200558,data/expanded/mei-corpus.json,
00200558-p006-loc01,00200558,00200558,ih00357850,ih00357850,provenance_place,intermediate,6,1,00200558-p006,00200558-p006-loc01,San Marino,San Marino,San Marino,GeoNames,5392400,https://www.geonames.org/5392400,34.1214,-118.10646,United States,,,101431,1926,1927,20,,mei_timeperiod,a,coordinates_supplied,copy_level_provenance_place,MEI,00200558-p006,https://data.cerl.org/mei/00200558,data/expanded/mei-corpus.json,
00200558-p007-loc01,00200558,00200558,ih00357850,ih00357850,provenance_place,intermediate,7,1,00200558-p007,00200558-p007-loc01,San Marino,"San Marino, California, United States",San Marino,GeoNames,5392400,https://www.geonames.org/5392400,34.1214,-118.10646,United States,,,101431,1927,,20,,mei_timeperiod,a,coordinates_supplied,copy_level_provenance_place,MEI,00200558-p007,https://data.cerl.org/mei/00200558,data/expanded/mei-corpus.json,
00200558-current,00200558,00200558,ih00357850,ih00357850,current_holding,last,8,1,,,"San Marino CA, Huntington Library",,,,,,,,US,SanMarinoHun,"San Marino CA, Huntington Library",101431,,,,2026-09-30,current_observation_only,,holding_institution_not_yet_geocoded,current_holding_statement,MEI,00200558,https://data.cerl.org/mei/00200558,data/expanded/mei-corpus.json,Observed as the current holding institution; no arrival date is inferred.
02149767-print,02149767,02149767,ih00357880,ih00357880,print_place,first,0,1,,,Valencia,Valencia,,,,,,,,,,93013,1486,1486,,,gw_extracted_year_range,,place_name_not_yet_geocoded,edition_level_print_statement,GW,13442,https://gesamtkatalogderwiegendrucke.de/docs/GW13442.htm,data/derived/prayer-book-corpus.csv,Printing statement shared by copies of the edition.
02149767-p003-loc01,02149767,02149767,ih00357880,ih00357880,provenance_place,intermediate,3,1,02149767-p003,02149767-p003-loc01,London,London,London,GeoNames,2643743,https://www.geonames.org/2643743,51.50853,-0.12574,United Kingdom,,,93013,1921,1924,20,"1921, 1923",mei_timeperiod,a,coordinates_supplied,copy_level_provenance_place,MEI,02149767-p003,https://data.cerl.org/mei/02149767,data/expanded/mei-corpus.json,
02149767-p004-loc01,02149767,02149767,ih00357880,ih00357880,provenance_place,intermediate,4,1,02149767-p004,02149767-p004-loc01,Philadelphia,Philadelphia,Philadelphia,GeoNames,4560349,https://www.geonames.org/4560349,39.95238,-75.16362,United States,,,93013,1924,1925,20,24 February 1925,mei_timeperiod,b,coordinates_supplied,copy_level_provenance_place,MEI,02149767-p004,https://data.cerl.org/mei/02149767,data/expanded/mei-corpus.json,
02149767-p005-loc01,02149767,02149767,ih00357880,ih00357880,provenance_place,intermediate,5,1,02149767-p005,02149767-p005-loc01,San Marino,San Marino,San Marino,GeoNames,5392400,https://www.geonames.org/5392400,34.1214,-118.10646,United States,,,93013,1925,1927,20,,mei_timeperiod,a,coordinates_supplied,copy_level_provenance_place,MEI,02149767-p005,https://data.cerl.org/mei/02149767,data/expanded/mei-corpus.json,
02149767-p006-loc01,02149767,02149767,ih00357880,ih00357880,provenance_place,intermediate,6,1,02149767-p006,02149767-p006-loc01,San Marino,San Marino,San Marino,GeoNames,5392400,https://www.geonames.org/5392400,34.1214,-118.10646,United States,,,93013,1927,,20,,mei_timeperiod,a,coordinates_supplied,copy_level_provenance_place,MEI,02149767-p006,https://data.cerl.org/mei/02149767,data/expanded/mei-corpus.json,
02149767-current,02149767,02149767,ih00357880,ih00357880,current_holding,last,7,1,,,"San Marino CA, Huntington Library",,,,,,,,US,SanMarinoHun,"San Marino CA, Huntington Library",93013,,,,2026-09-30,current_observation_only,,holding_institution_not_yet_geocoded,current_holding_statement,MEI,02149767,https://data.cerl.org/mei/02149767,data/expanded/mei-corpus.json,Observed as the current holding institution; no arrival date is inferred.
00200559-print,00200559,00200559,ih00357930,ih00357930,print_place,first,0,1,,,Neapel,Neapel,,,,,,,,,,Typ Inc 6706.5,1487,1487,,,gw_extracted_year_range,,place_name_not_yet_geocoded,edition_level_print_statement,GW,13340,https://gesamtkatalogderwiegendrucke.de/docs/GW13340.htm,data/derived/prayer-book-corpus.csv,Printing statement shared by copies of the edition.
00200559-p001-loc01,00200559,00200559,ih00357930,ih00357930,provenance_place,intermediate,1,1,00200559-p001,00200559-p001-loc01,Naples,Naples,Naples,GeoNames,3172394,https://www.geonames.org/3172394,40.85216,14.26811,Italy,,,Typ Inc 6706.5,1487,1500,15,,mei_timeperiod,,coordinates_supplied,copy_level_provenance_place,MEI,00200559-p001,https://data.cerl.org/mei/00200559,data/expanded/mei-corpus.json,
00200559-p003-loc01,00200559,00200559,ih00357930,ih00357930,provenance_place,intermediate,3,1,00200559-p003,00200559-p003-loc01,Siena,Siena,Siena,GeoNames,3166548,https://www.geonames.org/3166548,43.31822,11.33064,Italy,,,Typ Inc 6706.5,1796,1796,18,,mei_timeperiod,a,coordinates_supplied,copy_level_provenance_place,MEI,00200559-p003,https://data.cerl.org/mei/00200559,data/expanded/mei-corpus.json,
00200559-p004-loc01,00200559,00200559,ih00357930,ih00357930,provenance_place,intermediate,4,1,00200559-p004,00200559-p004-loc01,Paris,Paris,Paris,GeoNames,2988507,https://www.geonames.org/2988507,48.85341,2.3488,France,,,Typ Inc 6706.5,1850,1909,19 | 20,,mei_timeperiod,a,coordinates_supplied,copy_level_provenance_place,MEI,00200559-p004,https://data.cerl.org/mei/00200559,data/expanded/mei-corpus.json,
00200559-p005-loc01,00200559,00200559,ih00357930,ih00357930,provenance_place,intermediate,5,1,00200559-p005,00200559-p005-loc01,Paris,Paris,Paris,GeoNames,2988507,https://www.geonames.org/2988507,48.85341,2.3488,France,,,Typ Inc 6706.5,1939,1939,20,,mei_timeperiod,a,coordinates_supplied,copy_level_provenance_place,MEI,00200559-p005,https://data.cerl.org/mei/00200559,data/expanded/mei-corpus.json,
00200559-p006-loc01,00200559,00200559,ih00357930,ih00357930,provenance_place,intermediate,6,1,00200559-p006,00200559-p006-loc01,Cambridge,Cambridge,Cambridge,GeoNames,4931972,https://www.geonames.org/4931972,42.3751,-71.10561,United States,,,Typ Inc 6706.5,1939,1984,20,,mei_timeperiod,a,coordinates_supplied,copy_level_provenance_place,MEI,00200559-p006,https://data.cerl.org/mei/00200559,data/expanded/mei-corpus.json,
00200559-p007-loc01,00200559,00200559,ih00357930,ih00357930,provenance_place,intermediate,7,1,00200559-p007,00200559-p007-loc01,Cambridge,Cambridge,Cambridge,GeoNames,4931972,https://www.geonames.org/4931972,42.3751,-71.10561,United States,,,Typ Inc 6706.5,1984,,20,,mei_timeperiod,a,coordinates_supplied,copy_level_provenance_place,MEI,00200559-p007,https://data.cerl.org/mei/00200559,data/expanded/mei-corpus.json,
00200559-current,00200559,00200559,ih00357930,ih00357930,current_holding,last,8,1,,,"Cambridge MA, Harvard University, Houghton Library",,,,,,,,US,HarvardHoughton,"Cambridge MA, Harvard University, Houghton Library",Typ Inc 6706.5,,,,2026-09-30,current_observation_only,,holding_institution_not_yet_geocoded,current_holding_statement,MEI,00200559,https://data.cerl.org/mei/00200559,data/expanded/mei-corpus.json,Observed as the current holding institution; no arrival date is inferred.
02162911-print,02162911,02162911,ih00357930,ih00357930,print_place,first,0,1,,,Neapel,Neapel,,,,,,,,,,in progress - awaiting verification,1487,1487,,,gw_extracted_year_range,,place_name_not_yet_geocoded,edition_level_print_statement,GW,13340,https://gesamtkatalogderwiegendrucke.de/docs/GW13340.htm,data/derived/prayer-book-corpus.csv,Printing statement shared by copies of the edition.
02162911-current,02162911,02162911,ih00357930,ih00357930,current_holding,last,1,1,,,"Allendale MI, Grand Valley State University, Seidman House",,,,,,,,US,GVSUL,"Allendale MI, Grand Valley State University, Seidman House",in progress - awaiting verification,,,,2026-09-30,current_observation_only,,holding_institution_not_yet_geocoded,current_holding_statement,MEI,02162911,https://data.cerl.org/mei/02162911,data/expanded/mei-corpus.json,Observed as the current holding institution; no arrival date is inferred.
00202014-print,00202014,00202014,ih00357930,ih00357930,print_place,first,0,1,,,Neapel,Neapel,,,,,,,,,,Incun BX 2080 .R66 1487 [A172],1487,1487,,,gw_extracted_year_range,,place_name_not_yet_geocoded,edition_level_print_statement,GW,13340,https://gesamtkatalogderwiegendrucke.de/docs/GW13340.htm,data/derived/prayer-book-corpus.csv,Printing statement shared by copies of the edition.
00202014-current,00202014,00202014,ih00357930,ih00357930,current_holding,last,1,1,,,"Allendale MI, Grand Valley State University, Seidman House",,,,,,,,US,GVSUL,"Allendale MI, Grand Valley State University, Seidman House",Incun BX 2080 .R66 1487 [A172],,,,2026-09-30,current_observation_only,,holding_institution_not_yet_geocoded,current_holding_statement,MEI,00202014,https://data.cerl.org/mei/00202014,data/expanded/mei-corpus.json,Observed as the current holding institution; no arrival date is inferred.
00200560-print,00200560,00200560,ih00357950,ih00357950,print_place,first,0,1,,,Neapel,Neapel,,,,,,,,,,19266,1487,1487,,,gw_extracted_year_range,,place_name_not_yet_geocoded,edition_level_print_statement,GW,13341,https://gesamtkatalogderwiegendrucke.de/docs/GW13341.htm,data/derived/prayer-book-corpus.csv,Printing statement shared by copies of the edition.
00200560-current,00200560,00200560,ih00357950,ih00357950,current_holding,last,1,1,,,"Manchester, University of Manchester, John Rylands Research Institute and Library",,,,,,,,GB,ManchesterJRL,"Manchester, University of Manchester, John Rylands Research Institute and Library",19266,,,,2026-09-30,current_observation_only,,holding_institution_not_yet_geocoded,current_holding_statement,MEI,00200560,https://data.cerl.org/mei/00200560,data/expanded/mei-corpus.json,Observed as the current holding institution; no arrival date is inferred.
00200561-print,00200561,00200561,ih00357950,ih00357950,print_place,first,0,1,,,Neapel,Neapel,,,,,,,,,,CF.1.29,1487,1487,,,gw_extracted_year_range,,place_name_not_yet_geocoded,edition_level_print_statement,GW,13341,https://gesamtkatalogderwiegendrucke.de/docs/GW13341.htm,data/derived/prayer-book-corpus.csv,Printing statement shared by copies of the edition.
00200561-current,00200561,00200561,ih00357950,ih00357950,current_holding,last,1,1,,,"Napoli, Biblioteca Statale Oratoriana dei Girolamini",,,,,,,,IT,NapoliOrat,"Napoli, Biblioteca Statale Oratoriana dei Girolamini",CF.1.29,,,,2026-09-30,current_observation_only,,holding_institution_not_yet_geocoded,current_holding_statement,MEI,00200561,https://data.cerl.org/mei/00200561,data/expanded/mei-corpus.json,Observed as the current holding institution; no arrival date is inferred.
00200562-print,00200562,00200562,ih00357950,ih00357950,print_place,first,0,1,,,Neapel,Neapel,,,,,,,,,,"ChL 1236, Accession no. 460",1487,1487,,,gw_extracted_year_range,,place_name_not_yet_geocoded,edition_level_print_statement,GW,13341,https://gesamtkatalogderwiegendrucke.de/docs/GW13341.htm,data/derived/prayer-book-corpus.csv,Printing statement shared by copies of the edition.
00200562-current,00200562,00200562,ih00357950,ih00357950,current_holding,last,1,1,,,"New York NY, The Morgan Library and Museum",,,,,,,,US,NewYorkNYPierpontMorganLibrary,"New York NY, The Morgan Library and Museum","ChL 1236, Accession no. 460",,,,2026-09-30,current_observation_only,,holding_institution_not_yet_geocoded,current_holding_statement,MEI,00200562,https://data.cerl.org/mei/00200562,data/expanded/mei-corpus.json,Observed as the current holding institution; no arrival date is inferred.
02132409-print,02132409,02132409,ih00359000,ih00359000,print_place,first,0,1,,,Paris,Paris,,,,,,,,,,B.G. Inc. 49,1491,1492,,,gw_extracted_year_range,,place_name_not_yet_geocoded,edition_level_print_statement,GW,13145,https://gesamtkatalogderwiegendrucke.de/docs/GW13145.htm,data/derived/prayer-book-corpus.csv,Printing statement shared by copies of the edition.
02132409-p003-loc01,02132409,02132409,ih00359000,ih00359000,provenance_place,intermediate,3,1,02132409-p003,02132409-p003-loc01,Paris,Parigi,Paris,GeoNames,2988507,https://www.geonames.org/2988507,48.85341,2.3488,France,,,B.G. Inc. 49,1630,1718,17 | 18,,mei_timeperiod,a,coordinates_supplied,copy_level_provenance_place,MEI,02132409-p003,https://data.cerl.org/mei/02132409,data/expanded/mei-corpus.json,
02132409-p006-loc01,02132409,02132409,ih00359000,ih00359000,provenance_place,intermediate,6,1,02132409-p006,02132409-p006-loc01,Schwarzau am Steinfeld,Schwarzau am Steinfeld,Schwarzau am Steinfeld,GeoNames,2765489,https://www.geonames.org/2765489,47.73183,16.17094,Austria,,,B.G. Inc. 49,1883,1907,19 | 20,,mei_timeperiod,a,coordinates_supplied,copy_level_provenance_place,MEI,02132409-p006,https://data.cerl.org/mei/02132409,data/expanded/mei-corpus.json,
02132409-p007-loc01,02132409,02132409,ih00359000,ih00359000,provenance_place,intermediate,7,1,02132409-p007,02132409-p007-loc01,Milan,Milano,Milan,GeoNames,3173435,https://www.geonames.org/3173435,45.46427,9.18951,Italy,,,B.G. Inc. 49,1932,1936,20,,mei_timeperiod,a,coordinates_supplied,copy_level_provenance_place,MEI,02132409-p007,https://data.cerl.org/mei/02132409,data/expanded/mei-corpus.json,
02132409-p008-loc01,02132409,02132409,ih00359000,ih00359000,provenance_place,intermediate,8,1,02132409-p008,02132409-p008-loc01,Milan,Milano,Milan,GeoNames,3173435,https://www.geonames.org/3173435,45.46427,9.18951,Italy,,,B.G. Inc. 49,1936,1938,20,,mei_timeperiod,a,coordinates_supplied,copy_level_provenance_place,MEI,02132409-p008,https://data.cerl.org/mei/02132409,data/expanded/mei-corpus.json,
02132409-p009-loc01,02132409,02132409,ih00359000,ih00359000,provenance_place,intermediate,9,1,02132409-p009,02132409-p009-loc01,Milan,Milano,Milan,GeoNames,3173435,https://www.geonames.org/3173435,45.46427,9.18951,Italy,,,B.G. Inc. 49,1938,,20,,mei_timeperiod,a,coordinates_supplied,copy_level_provenance_place,MEI,02132409-p009,https://data.cerl.org/mei/02132409,data/expanded/mei-corpus.json,
02132409-current,02132409,02132409,ih00359000,ih00359000,current_holding,last,10,1,,,"Milano, Biblioteca Nazionale Braidense",,,,,,,,IT,MilanoN,"Milano, Biblioteca Nazionale Braidense",B.G. Inc. 49,,,,2026-09-30,current_observation_only,,holding_institution_not_yet_geocoded,current_holding_statement,MEI,02132409,https://data.cerl.org/mei/02132409,data/expanded/mei-corpus.json,Observed as the current holding institution; no arrival date is inferred.
00201173-print,00201173,00201173,ih00359643,ih00359643,print_place,first,0,1,,,Neapel,Neapel,,,,,,,,,,,1488,1488,,,gw_extracted_year_range,,place_name_not_yet_geocoded,edition_level_print_statement,GW,13342,https://gesamtkatalogderwiegendrucke.de/docs/GW13342.htm,data/derived/prayer-book-corpus.csv,Printing statement shared by copies of the edition.
00201173-p001-loc01,00201173,00201173,ih00359643,ih00359643,provenance_place,intermediate,1,1,00201173-p001,00201173-p001-loc01,Vienna,Vienna,Vienna,GeoNames,2761369,https://www.geonames.org/2761369,48.20849,16.37208,Austria,,,,1950,1950,20,1950,mei_timeperiod,,coordinates_supplied,copy_level_provenance_place,MEI,00201173-p001,https://data.cerl.org/mei/00201173,data/expanded/mei-corpus.json,
00201173-current,00201173,00201173,ih00359643,ih00359643,current_holding,last,2,1,,,"Wien, Österreichisches Museum für angewandte Kunst (MAK)",,,,,,,,AT,ViennaMAK,"Wien, Österreichisches Museum für angewandte Kunst (MAK)",,,,,2026-09-30,current_observation_only,,holding_institution_not_yet_geocoded,current_holding_statement,MEI,00201173,https://data.cerl.org/mei/00201173,data/expanded/mei-corpus.json,Observed as the current holding institution; no arrival date is inferred.
00200568-print,00200568,00200568,ih00359643,ih00359643,print_place,first,0,1,,,Neapel,Neapel,,,,,,,,,,Rés. Vélins 1469,1488,1488,,,gw_extracted_year_range,,place_name_not_yet_geocoded,edition_level_print_statement,GW,13342,https://gesamtkatalogderwiegendrucke.de/docs/GW13342.htm,data/derived/prayer-book-corpus.csv,Printing statement shared by copies of the edition.
00200568-current,00200568,00200568,ih00359643,ih00359643,current_holding,last,1,1,,,"Paris, Bibliothèque nationale de France",,,,,,,,FR,ParisBN,"Paris, Bibliothèque nationale de France",Rés. Vélins 1469,,,,2026-09-30,current_observation_only,,holding_institution_not_yet_geocoded,current_holding_statement,MEI,00200568,https://data.cerl.org/mei/00200568,data/expanded/mei-corpus.json,Observed as the current holding institution; no arrival date is inferred.
00200567-print,00200567,00200567,ih00359643,ih00359643,print_place,first,0,1,,,Neapel,Neapel,,,,,,,,,,19206,1488,1488,,,gw_extracted_year_range,,place_name_not_yet_geocoded,edition_level_print_statement,GW,13342,https://gesamtkatalogderwiegendrucke.de/docs/GW13342.htm,data/derived/prayer-book-corpus.csv,Printing statement shared by copies of the edition.
00200567-current,00200567,00200567,ih00359643,ih00359643,current_holding,last,1,1,,,"Manchester, University of Manchester, John Rylands Research Institute and Library",,,,,,,,GB,ManchesterJRL,"Manchester, University of Manchester, John Rylands Research Institute and Library",19206,,,,2026-09-30,current_observation_only,,holding_institution_not_yet_geocoded,current_holding_statement,MEI,00200567,https://data.cerl.org/mei/00200567,data/expanded/mei-corpus.json,Observed as the current holding institution; no arrival date is inferred.
00211925-print,00211925,00211925,ih00359670,ih00359670,print_place,first,0,1,,,Paris,Paris,,,,,,,,,,Arch. B f.38.,1488,1488,,,gw_extracted_year_range,,place_name_not_yet_geocoded,edition_level_print_statement,GW,13065,https://gesamtkatalogderwiegendrucke.de/docs/GW13065.htm,data/derived/prayer-book-corpus.csv,Printing statement shared by copies of the edition.
00211925-p002-loc01,00211925,00211925,ih00359670,ih00359670,provenance_place,intermediate,2,1,00211925-p002,00211925-p002-loc01,Oxford,Oxford,Oxford,GeoNames,2640729,https://www.geonames.org/2640729,51.75222,-1.25596,United Kingdom,,,Arch. B f.38.,,,,,undated,,coordinates_supplied,copy_level_provenance_place,MEI,00211925-p002,https://data.cerl.org/mei/00211925,data/expanded/mei-corpus.json,
00211925-current,00211925,00211925,ih00359670,ih00359670,current_holding,last,3,1,,,"Oxford, Bodleian Library",,,,,,,,GB,OxfordBodley,"Oxford, Bodleian Library",Arch. B f.38.,,,,2026-09-30,current_observation_only,,holding_institution_not_yet_geocoded,current_holding_statement,MEI,00211925,https://data.cerl.org/mei/00211925,data/expanded/mei-corpus.json,Observed as the current holding institution; no arrival date is inferred.
00204061-print,00204061,00204061,ih00359670,ih00359670,print_place,first,0,1,,,Paris,Paris,,,,,,,,,,Arch. B f.38.,1488,1488,,,gw_extracted_year_range,,place_name_not_yet_geocoded,edition_level_print_statement,GW,13065,https://gesamtkatalogderwiegendrucke.de/docs/GW13065.htm,data/derived/prayer-book-corpus.csv,Printing statement shared by copies of the edition.
00204061-p003-loc01,00204061,00204061,ih00359670,ih00359670,provenance_place,intermediate,3,1,00204061-p003,00204061-p003-loc01,Oxford,Oxford,Oxford,GeoNames,2640729,https://www.geonames.org/2640729,51.75222,-1.25596,United Kingdom,,,Arch. B f.38.,,,,,undated,,coordinates_supplied,copy_level_provenance_place,MEI,00204061-p003,https://data.cerl.org/mei/00204061,data/expanded/mei-corpus.json,
00204061-current,00204061,00204061,ih00359670,ih00359670,current_holding,last,4,1,,,"Oxford, Bodleian Library",,,,,,,,GB,OxfordBodley,"Oxford, Bodleian Library",Arch. B f.38.,,,,2026-09-30,current_observation_only,,holding_institution_not_yet_geocoded,current_holding_statement,MEI,00204061,https://data.cerl.org/mei/00204061,data/expanded/mei-corpus.json,Observed as the current holding institution; no arrival date is inferred.
00200564-print,00200564,00200564,ih00359730,ih00359730,print_place,first,0,1,,,Venedig,Venedig,,,,,,,,,,17394,1488,1488,,,gw_extracted_year_range,,place_name_not_yet_geocoded,edition_level_print_statement,GW,13368,https://gesamtkatalogderwiegendrucke.de/docs/GW13368.htm,data/derived/prayer-book-corpus.csv,Printing statement shared by copies of the edition.
00200564-current,00200564,00200564,ih00359730,ih00359730,current_holding,last,1,1,,,"Manchester, University of Manchester, John Rylands Research Institute and Library",,,,,,,,GB,ManchesterJRL,"Manchester, University of Manchester, John Rylands Research Institute and Library",17394,,,,2026-09-30,current_observation_only,,holding_institution_not_yet_geocoded,current_holding_statement,MEI,00200564,https://data.cerl.org/mei/00200564,data/expanded/mei-corpus.json,Observed as the current holding institution; no arrival date is inferred.
02000453-print,02000453,02000453,ih00361500,ih00361500,print_place,first,0,1,,,Venedig,Venedig,,,,,,,,,,Inc. M 2 ,1489,1489,,,gw_extracted_year_range,,place_name_not_yet_geocoded,edition_level_print_statement,GW,13369,https://gesamtkatalogderwiegendrucke.de/docs/GW13369.htm,data/derived/prayer-book-corpus.csv,Printing statement shared by copies of the edition.
02000453-p001-loc01,02000453,02000453,ih00361500,ih00361500,provenance_place,intermediate,1,1,02000453-p001,02000453-p001-loc01,Venice,Venice?,Venice,GeoNames,6542284,https://www.geonames.org/6542284,45.4389,12.33092,Italy,,,Inc. M 2 ,,1500,15,,mei_timeperiod,a,coordinates_supplied,copy_level_provenance_place,MEI,02000453-p001,https://data.cerl.org/mei/02000453,data/expanded/mei-corpus.json,
02000453-p002-loc01,02000453,02000453,ih00361500,ih00361500,provenance_place,intermediate,2,1,02000453-p002,02000453-p002-loc01,Venice,Venice,Venice,GeoNames,6542284,https://www.geonames.org/6542284,45.4389,12.33092,Italy,,,Inc. M 2 ,1501,1600,16,,mei_timeperiod,a,coordinates_supplied,copy_level_provenance_place,MEI,02000453-p002,https://data.cerl.org/mei/02000453,data/expanded/mei-corpus.json,
02000453-p003-loc01,02000453,02000453,ih00361500,ih00361500,provenance_place,intermediate,3,1,02000453-p003,02000453-p003-loc01,Venice,Venice,Venice,GeoNames,6542284,https://www.geonames.org/6542284,45.4389,12.33092,Italy,,,Inc. M 2 ,1791,1870,18 | 19,,mei_timeperiod,a,coordinates_supplied,copy_level_provenance_place,MEI,02000453-p003,https://data.cerl.org/mei/02000453,data/expanded/mei-corpus.json,
02000453-p004-loc01,02000453,02000453,ih00361500,ih00361500,provenance_place,intermediate,4,1,02000453-p004,02000453-p004-loc01,Venice,Venice,Venice,GeoNames,6542284,https://www.geonames.org/6542284,45.4389,12.33092,Italy,,,Inc. M 2 ,1861,,19,,mei_timeperiod,a,coordinates_supplied,copy_level_provenance_place,MEI,02000453-p004,https://data.cerl.org/mei/02000453,data/expanded/mei-corpus.json,
02000453-current,02000453,02000453,ih00361500,ih00361500,current_holding,last,5,1,,,"Venezia, Biblioteca del Museo Correr",,,,,,,,IT,VeneziaC,"Venezia, Biblioteca del Museo Correr",Inc. M 2 ,,,,2026-09-30,current_observation_only,,holding_institution_not_yet_geocoded,current_holding_statement,MEI,02000453,https://data.cerl.org/mei/02000453,data/expanded/mei-corpus.json,Observed as the current holding institution; no arrival date is inferred.
00200571-print,00200571,00200571,ih00364600,ih00364600,print_place,first,0,1,,,Neapel,Neapel,,,,,,,,,,"ChL 1230, Accession no. 461",1490,1490,,,gw_extracted_year_range,,place_name_not_yet_geocoded,edition_level_print_statement,GW,13343,https://gesamtkatalogderwiegendrucke.de/docs/GW13343.htm,data/derived/prayer-book-corpus.csv,Printing statement shared by copies of the edition.
00200571-current,00200571,00200571,ih00364600,ih00364600,current_holding,last,1,1,,,"New York NY, The Morgan Library and Museum",,,,,,,,US,NewYorkNYPierpontMorganLibrary,"New York NY, The Morgan Library and Museum","ChL 1230, Accession no. 461",,,,2026-09-30,current_observation_only,,holding_institution_not_yet_geocoded,current_holding_statement,MEI,00200571,https://data.cerl.org/mei/00200571,data/expanded/mei-corpus.json,Observed as the current holding institution; no arrival date is inferred.
00200573-print,00200573,00200573,ih00364800,ih00364800,print_place,first,0,1,,,Neapel,Neapel,,,,,,,,,,[alfa]. G. 9. 33,1490,1490,,,gw_extracted_year_range,,place_name_not_yet_geocoded,edition_level_print_statement,GW,13344,https://gesamtkatalogderwiegendrucke.de/docs/GW13344.htm,data/derived/prayer-book-corpus.csv,Printing statement shared by copies of the edition.
00200573-current,00200573,00200573,ih00364800,ih00364800,current_holding,last,1,1,,,"Modena, Biblioteca Estense Universitaria",,,,,,,,IT,ModenaEst,"Modena, Biblioteca Estense Universitaria",[alfa]. G. 9. 33,,,,2026-09-30,current_observation_only,,holding_institution_not_yet_geocoded,current_holding_statement,MEI,00200573,https://data.cerl.org/mei/00200573,data/expanded/mei-corpus.json,Observed as the current holding institution; no arrival date is inferred.
00200572-print,00200572,00200572,ih00364800,ih00364800,print_place,first,0,1,,,Neapel,Neapel,,,,,,,,,,IA.29544,1490,1490,,,gw_extracted_year_range,,place_name_not_yet_geocoded,edition_level_print_statement,GW,13344,https://gesamtkatalogderwiegendrucke.de/docs/GW13344.htm,data/derived/prayer-book-corpus.csv,Printing statement shared by copies of the edition.
00200572-current,00200572,00200572,ih00364800,ih00364800,current_holding,last,1,1,,,"London, British Library",,,,,,,,GB,LondonBL,"London, British Library",IA.29544,,,,2026-09-30,current_observation_only,,holding_institution_not_yet_geocoded,current_holding_statement,MEI,00200572,https://data.cerl.org/mei/00200572,data/expanded/mei-corpus.json,Observed as the current holding institution; no arrival date is inferred.
00200578-print,00200578,00200578,ih00365300,ih00365300,print_place,first,0,1,,,Venedig,Venedig,,,,,,,,,,"ChL 959, Accession no. 348",1490,1490,,,gw_extracted_year_range,,place_name_not_yet_geocoded,edition_level_print_statement,GW,13371,https://gesamtkatalogderwiegendrucke.de/docs/GW13371.htm,data/derived/prayer-book-corpus.csv,Printing statement shared by copies of the edition.
00200578-current,00200578,00200578,ih00365300,ih00365300,current_holding,last,1,1,,,"New York NY, The Morgan Library and Museum",,,,,,,,US,NewYorkNYPierpontMorganLibrary,"New York NY, The Morgan Library and Museum","ChL 959, Accession no. 348",,,,2026-09-30,current_observation_only,,holding_institution_not_yet_geocoded,current_holding_statement,MEI,00200578,https://data.cerl.org/mei/00200578,data/expanded/mei-corpus.json,Observed as the current holding institution; no arrival date is inferred.
00200577-print,00200577,00200577,ih00365300,ih00365300,print_place,first,0,1,,,Venedig,Venedig,,,,,,,,,,[alfa]. H. 9. 21,1490,1490,,,gw_extracted_year_range,,place_name_not_yet_geocoded,edition_level_print_statement,GW,13371,https://gesamtkatalogderwiegendrucke.de/docs/GW13371.htm,data/derived/prayer-book-corpus.csv,Printing statement shared by copies of the edition.
00200577-current,00200577,00200577,ih00365300,ih00365300,current_holding,last,1,1,,,"Modena, Biblioteca Estense Universitaria",,,,,,,,IT,ModenaEst,"Modena, Biblioteca Estense Universitaria",[alfa]. H. 9. 21,,,,2026-09-30,current_observation_only,,holding_institution_not_yet_geocoded,current_holding_statement,MEI,00200577,https://data.cerl.org/mei/00200577,data/expanded/mei-corpus.json,Observed as the current holding institution; no arrival date is inferred.
02118389-print,02118389,02118389,ih00366000,ih00366000,print_place,first,0,1,,,Kirchheim,Kirchheim,,,,,,,,,,Ink 27-57,1490,1490,,,gw_extracted_year_range,,place_name_not_yet_geocoded,edition_level_print_statement,GW,12953,https://gesamtkatalogderwiegendrucke.de/docs/GW12953.htm,data/derived/prayer-book-corpus.csv,Printing statement shared by copies of the edition.
02118389-p001-loc01,02118389,02118389,ih00366000,ih00366000,provenance_place,intermediate,1,1,02118389-p001,02118389-p001-loc01,Vienna,Vienna,Vienna,GeoNames,2761369,https://www.geonames.org/2761369,48.20849,16.37208,Austria,,,Ink 27-57,,,,,undated,a,coordinates_supplied,copy_level_provenance_place,MEI,02118389-p001,https://data.cerl.org/mei/02118389,data/expanded/mei-corpus.json,
02118389-current,02118389,02118389,ih00366000,ih00366000,current_holding,last,2,1,,,"Wien, Österreichische  Nationalbibliothek",,,,,,,,AT,WienONB,"Wien, Österreichische  Nationalbibliothek",Ink 27-57,,,,2026-09-30,current_observation_only,,holding_institution_not_yet_geocoded,current_holding_statement,MEI,02118389,https://data.cerl.org/mei/02118389,data/expanded/mei-corpus.json,Observed as the current holding institution; no arrival date is inferred.
00200574-print,00200574,00200574,ih00366400,ih00366400,print_place,first,0,1,,,Venedig,Venedig,,,,,,,,,,Inc. 451,1490,1490,,,gw_extracted_year_range,,place_name_not_yet_geocoded,edition_level_print_statement,GW,13370,https://gesamtkatalogderwiegendrucke.de/docs/GW13370.htm,data/derived/prayer-book-corpus.csv,Printing statement shared by copies of the edition.
00200574-current,00200574,00200574,ih00366400,ih00366400,current_holding,last,1,1,,,"Milano, Biblioteca Ambrosiana",,,,,,,,IT,MilanoAmbr,"Milano, Biblioteca Ambrosiana",Inc. 451,,,,2026-09-30,current_observation_only,,holding_institution_not_yet_geocoded,current_holding_statement,MEI,00200574,https://data.cerl.org/mei/00200574,data/expanded/mei-corpus.json,Observed as the current holding institution; no arrival date is inferred.
00200575-print,00200575,00200575,ih00366400,ih00366400,print_place,first,0,1,,,Venedig,Venedig,,,,,,,,,,Inc. Parm. 23,1490,1490,,,gw_extracted_year_range,,place_name_not_yet_geocoded,edition_level_print_statement,GW,13370,https://gesamtkatalogderwiegendrucke.de/docs/GW13370.htm,data/derived/prayer-book-corpus.csv,Printing statement shared by copies of the edition.
00200575-current,00200575,00200575,ih00366400,ih00366400,current_holding,last,1,1,,,"Parma, Biblioteca Palatina",,,,,,,,IT,ParmaPal,"Parma, Biblioteca Palatina",Inc. Parm. 23,,,,2026-09-30,current_observation_only,,holding_institution_not_yet_geocoded,current_holding_statement,MEI,00200575,https://data.cerl.org/mei/00200575,data/expanded/mei-corpus.json,Observed as the current holding institution; no arrival date is inferred.
00200576-print,00200576,00200576,ih00366400,ih00366400,print_place,first,0,1,,,Venedig,Venedig,,,,,,,,,,L 2 Inc.,1490,1490,,,gw_extracted_year_range,,place_name_not_yet_geocoded,edition_level_print_statement,GW,13370,https://gesamtkatalogderwiegendrucke.de/docs/GW13370.htm,data/derived/prayer-book-corpus.csv,Printing statement shared by copies of the edition.
00200576-p003-loc01,00200576,00200576,ih00366400,ih00366400,provenance_place,intermediate,3,1,00200576-p003,00200576-p003-loc01,Venice,Venezia,Venice,GeoNames,3164603,https://www.geonames.org/3164603,45.43713,12.33265,Italy,,,L 2 Inc.,1811,1811,19,,mei_timeperiod,,coordinates_supplied,copy_level_provenance_place,MEI,00200576-p003,https://data.cerl.org/mei/00200576,data/expanded/mei-corpus.json,
00200576-p004-loc01,00200576,00200576,ih00366400,ih00366400,provenance_place,intermediate,4,1,00200576-p004,00200576-p004-loc01,Venice,Venezia,Venice,GeoNames,3164603,https://www.geonames.org/3164603,45.43713,12.33265,Italy,,,L 2 Inc.,1830,,19,,mei_timeperiod,,coordinates_supplied,copy_level_provenance_place,MEI,00200576-p004,https://data.cerl.org/mei/00200576,data/expanded/mei-corpus.json,
00200576-current,00200576,00200576,ih00366400,ih00366400,current_holding,last,5,1,,,"Venezia, Biblioteca del Museo Correr",,,,,,,,IT,VeneziaC,"Venezia, Biblioteca del Museo Correr",L 2 Inc.,,,,2026-09-30,current_observation_only,,holding_institution_not_yet_geocoded,current_holding_statement,MEI,00200576,https://data.cerl.org/mei/00200576,data/expanded/mei-corpus.json,Observed as the current holding institution; no arrival date is inferred.
02154453-print,02154453,02154453,ih00366400,ih00366400,print_place,first,0,1,,,Venedig,Venedig,,,,,,,,,,Inc. 55,1490,1490,,,gw_extracted_year_range,,place_name_not_yet_geocoded,edition_level_print_statement,GW,13370,https://gesamtkatalogderwiegendrucke.de/docs/GW13370.htm,data/derived/prayer-book-corpus.csv,Printing statement shared by copies of the edition.
02154453-p001-loc01,02154453,02154453,ih00366400,ih00366400,provenance_place,intermediate,1,1,02154453-p001,02154453-p001-loc01,Italy,Italy,Italy,GeoNames,3175395,https://www.geonames.org/3175395,42.83333,12.83333,Italy,,,Inc. 55,1475,1525,15 | 16,,mei_timeperiod,a,coordinates_supplied,copy_level_provenance_place,MEI,02154453-p001,https://data.cerl.org/mei/02154453,data/expanded/mei-corpus.json,
02154453-p002-loc01,02154453,02154453,ih00366400,ih00366400,provenance_place,intermediate,2,1,02154453-p002,02154453-p002-loc01,Valletta,Valletta,Valletta,GeoNames,2562305,https://www.geonames.org/2562305,35.89968,14.5148,Malta,,,Inc. 55,1687,1740,17 | 18,1687,mei_timeperiod,a,coordinates_supplied,copy_level_provenance_place,MEI,02154453-p002,https://data.cerl.org/mei/02154453,data/expanded/mei-corpus.json,
02154453-p003-loc01,02154453,02154453,ih00366400,ih00366400,provenance_place,intermediate,3,1,02154453-p003,02154453-p003-loc01,Valletta,Valletta,Valletta,GeoNames,8334638,https://www.geonames.org/8334638,35.89833,14.5125,Malta,,,Inc. 55,1797,,18,1797,mei_timeperiod,a,coordinates_supplied,copy_level_provenance_place,MEI,02154453-p003,https://data.cerl.org/mei/02154453,data/expanded/mei-corpus.json,
02154453-current,02154453,02154453,ih00366400,ih00366400,current_holding,last,4,1,,,"Valletta, National Library of Malta",,,,,,,,MT,VallettaNL,"Valletta, National Library of Malta",Inc. 55,,,,2026-09-30,current_observation_only,,holding_institution_not_yet_geocoded,current_holding_statement,MEI,02154453,https://data.cerl.org/mei/02154453,data/expanded/mei-corpus.json,Observed as the current holding institution; no arrival date is inferred.
00560432-print,00560432,00560432,ih00369170,ih00369170,print_place,first,0,1,,,Paris,Paris,,,,,,,,,,Inc.5.D.1.19[2530],1491,1491,,,gw_extracted_year_range,,place_name_not_yet_geocoded,edition_level_print_statement,GW,13271,https://gesamtkatalogderwiegendrucke.de/docs/GW13271.htm,data/derived/prayer-book-corpus.csv,Printing statement shared by copies of the edition.
00560432-p004-loc01,00560432,00560432,ih00369170,ih00369170,provenance_place,intermediate,4,1,00560432-p004,00560432-p004-loc01,Cambridge,Cambridge,Cambridge,GeoNames,2653941,https://www.geonames.org/2653941,52.2,0.11667,United Kingdom,,,Inc.5.D.1.19[2530],,,,,undated,a,coordinates_supplied,copy_level_provenance_place,MEI,00560432-p004,https://data.cerl.org/mei/00560432,data/expanded/mei-corpus.json,
00560432-current,00560432,00560432,ih00369170,ih00369170,current_holding,last,5,1,,,"Cambridge, University Library",,,,,,,,GB,CambridgeUL,"Cambridge, University Library",Inc.5.D.1.19[2530],,,,2026-09-30,current_observation_only,,holding_institution_not_yet_geocoded,current_holding_statement,MEI,00560432,https://data.cerl.org/mei/00560432,data/expanded/mei-corpus.json,Observed as the current holding institution; no arrival date is inferred.
00200580-print,00200580,00200580,ih00369350,ih00369350,print_place,first,0,1,,,Venedig,Venedig,,,,,,,,,,Rés. Vélins 1470,1491,1491,,,gw_extracted_year_range,,place_name_not_yet_geocoded,edition_level_print_statement,GW,13372,https://gesamtkatalogderwiegendrucke.de/docs/GW13372.htm,data/derived/prayer-book-corpus.csv,Printing statement shared by copies of the edition.
00200580-current,00200580,00200580,ih00369350,ih00369350,current_holding,last,1,1,,,"Paris, Bibliothèque nationale de France",,,,,,,,FR,ParisBN,"Paris, Bibliothèque nationale de France",Rés. Vélins 1470,,,,2026-09-30,current_observation_only,,holding_institution_not_yet_geocoded,current_holding_statement,MEI,00200580,https://data.cerl.org/mei/00200580,data/expanded/mei-corpus.json,Observed as the current holding institution; no arrival date is inferred.
00560433-print,00560433,00560433,ih00369400,ih00369400,print_place,first,0,1,,,Paris,Paris,,,,,,,,,,SSS.15.13,1491,1492,,,gw_extracted_year_range,,place_name_not_yet_geocoded,edition_level_print_statement,GW,13291,https://gesamtkatalogderwiegendrucke.de/docs/GW13291.htm,data/derived/prayer-book-corpus.csv,Printing statement shared by copies of the edition.
00560433-p002-loc01,00560433,00560433,ih00369400,ih00369400,provenance_place,intermediate,2,1,00560433-p002,00560433-p002-loc01,Cambridge,Cambridge,Cambridge,GeoNames,2653941,https://www.geonames.org/2653941,52.2,0.11667,United Kingdom,,,SSS.15.13,,,,,undated,a,coordinates_supplied,copy_level_provenance_place,MEI,00560433-p002,https://data.cerl.org/mei/00560433,data/expanded/mei-corpus.json,
00560433-current,00560433,00560433,ih00369400,ih00369400,current_holding,last,3,1,,,"Cambridge, University Library",,,,,,,,GB,CambridgeUL,"Cambridge, University Library",SSS.15.13,,,,2026-09-30,current_observation_only,,holding_institution_not_yet_geocoded,current_holding_statement,MEI,00560433,https://data.cerl.org/mei/00560433,data/expanded/mei-corpus.json,Observed as the current holding institution; no arrival date is inferred.
02015650-print,02015650,02015650,ih00369500,ih00369500,print_place,first,0,1,,,Paris,Paris,,,,,,,,,,2G-3-12,1491,1492,,,gw_extracted_year_range,,place_name_not_yet_geocoded,edition_level_print_statement,GW,13292,https://gesamtkatalogderwiegendrucke.de/docs/GW13292.htm,data/derived/prayer-book-corpus.csv,Printing statement shared by copies of the edition.
02015650-p003-loc01,02015650,02015650,ih00369500,ih00369500,provenance_place,intermediate,3,1,02015650-p003,02015650-p003-loc01,Milan,Milan,Milan,GeoNames,3173435,https://www.geonames.org/3173435,45.46427,9.18951,Italy,,,2G-3-12,1829,1849,19,,mei_timeperiod,a,coordinates_supplied,copy_level_provenance_place,MEI,02015650-p003,https://data.cerl.org/mei/02015650,data/expanded/mei-corpus.json,
02015650-p004-loc01,02015650,02015650,ih00369500,ih00369500,provenance_place,intermediate,4,1,02015650-p004,02015650-p004-loc01,Milan,Milano,Milan,GeoNames,3173435,https://www.geonames.org/3173435,45.46427,9.18951,Italy,,,2G-3-12,1849,1852,19,,mei_timeperiod,a,coordinates_supplied,copy_level_provenance_place,MEI,02015650-p004,https://data.cerl.org/mei/02015650,data/expanded/mei-corpus.json,
02015650-p005-loc01,02015650,02015650,ih00369500,ih00369500,provenance_place,intermediate,5,1,02015650-p005,02015650-p005-loc01,Milan,Milan,Milan,GeoNames,3173435,https://www.geonames.org/3173435,45.46427,9.18951,Italy,,,2G-3-12,1852,,19,,mei_timeperiod,a,coordinates_supplied,copy_level_provenance_place,MEI,02015650-p005,https://data.cerl.org/mei/02015650,data/expanded/mei-corpus.json,
02015650-current,02015650,02015650,ih00369500,ih00369500,current_holding,last,6,1,,,"Milano, Biblioteca del Capitolo Metropolitano",,,,,,,,IT,MilanoCapMetr,"Milano, Biblioteca del Capitolo Metropolitano",2G-3-12,,,,2026-09-30,current_observation_only,,holding_institution_not_yet_geocoded,current_holding_statement,MEI,02015650,https://data.cerl.org/mei/02015650,data/expanded/mei-corpus.json,Observed as the current holding institution; no arrival date is inferred.
00200582-print,00200582,00200582,ih00369700,ih00369700,print_place,first,0,1,,,Neapel,Neapel,,,,,,,,,,Rés. Vélins 1472,1492,1492,,,gw_extracted_year_range,,place_name_not_yet_geocoded,edition_level_print_statement,GW,13345,https://gesamtkatalogderwiegendrucke.de/docs/GW13345.htm,data/derived/prayer-book-corpus.csv,Printing statement shared by copies of the edition.
00200582-current,00200582,00200582,ih00369700,ih00369700,current_holding,last,1,1,,,"Paris, Bibliothèque nationale de France",,,,,,,,FR,ParisBN,"Paris, Bibliothèque nationale de France",Rés. Vélins 1472,,,,2026-09-30,current_observation_only,,holding_institution_not_yet_geocoded,current_holding_statement,MEI,00200582,https://data.cerl.org/mei/00200582,data/expanded/mei-corpus.json,Observed as the current holding institution; no arrival date is inferred.
00200581-print,00200581,00200581,ih00369700,ih00369700,print_place,first,0,1,,,Neapel,Neapel,,,,,,,,,,S. Q. II. A. 24,1492,1492,,,gw_extracted_year_range,,place_name_not_yet_geocoded,edition_level_print_statement,GW,13345,https://gesamtkatalogderwiegendrucke.de/docs/GW13345.htm,data/derived/prayer-book-corpus.csv,Printing statement shared by copies of the edition.
00200581-current,00200581,00200581,ih00369700,ih00369700,current_holding,last,1,1,,,"Napoli, Biblioteca nazionale Vittorio Emanuele III",,,,,,,,IT,NapoliN,"Napoli, Biblioteca nazionale Vittorio Emanuele III",S. Q. II. A. 24,,,,2026-09-30,current_observation_only,,holding_institution_not_yet_geocoded,current_holding_statement,MEI,00200581,https://data.cerl.org/mei/00200581,data/expanded/mei-corpus.json,Observed as the current holding institution; no arrival date is inferred.
02125063-print,02125063,02125063,ih00370000,ih00370000,print_place,first,0,1,,,Paris,Paris,,,,,,,,,,Zi 8182.3,1491,1492,,,gw_extracted_year_range,,place_name_not_yet_geocoded,edition_level_print_statement,GW,13148,https://gesamtkatalogderwiegendrucke.de/docs/GW13148.htm,data/derived/prayer-book-corpus.csv,Printing statement shared by copies of the edition.
02125063-p006-loc01,02125063,02125063,ih00370000,ih00370000,provenance_place,intermediate,6,1,02125063-p006,02125063-p006-loc01,London,London,London,GeoNames,2643743,https://www.geonames.org/2643743,51.50853,-0.12574,United Kingdom,,,Zi 8182.3,1824,1873,19,,mei_timeperiod,a,coordinates_supplied,copy_level_provenance_place,MEI,02125063-p006,https://data.cerl.org/mei/02125063,data/expanded/mei-corpus.json,
02125063-p007-loc01,02125063,02125063,ih00370000,ih00370000,provenance_place,intermediate,7,1,02125063-p007,02125063-p007-loc01,New York,New York,New York,GeoNames,5128581,https://www.geonames.org/5128581,40.71427,-74.00597,United States,,,Zi 8182.3,1870,1935,19 | 20,,mei_timeperiod,a,coordinates_supplied,copy_level_provenance_place,MEI,02125063-p007,https://data.cerl.org/mei/02125063,data/expanded/mei-corpus.json,
02125063-p008-loc01,02125063,02125063,ih00370000,ih00370000,provenance_place,intermediate,8,1,02125063-p008,02125063-p008-loc01,Yale University,,Yale University,GeoNames,4846179,https://www.geonames.org/4846179,41.31121,-72.92649,United States,,,Zi 8182.3,1886,1970,19 | 20,,mei_timeperiod,a,coordinates_supplied,copy_level_provenance_place,MEI,02125063-p008,https://data.cerl.org/mei/02125063,data/expanded/mei-corpus.json,
02125063-p010-loc01,02125063,02125063,ih00370000,ih00370000,provenance_place,intermediate,10,1,02125063-p010,02125063-p010-loc01,New Haven,New Haven,New Haven,GeoNames,4839366,https://www.geonames.org/4839366,41.30815,-72.92816,United States,,,Zi 8182.3,1963,,20,,mei_timeperiod,a,coordinates_supplied,copy_level_provenance_place,MEI,02125063-p010,https://data.cerl.org/mei/02125063,data/expanded/mei-corpus.json,
02125063-current,02125063,02125063,ih00370000,ih00370000,current_holding,last,11,1,,,"New Haven CT, Yale University, Beinecke Library",,,,,,,,US,YaleBeinecke,"New Haven CT, Yale University, Beinecke Library",Zi 8182.3,,,,2026-09-30,current_observation_only,,holding_institution_not_yet_geocoded,current_holding_statement,MEI,02125063,https://data.cerl.org/mei/02125063,data/expanded/mei-corpus.json,Observed as the current holding institution; no arrival date is inferred.
00203573-print,00203573,00203573,ih00370100,ih00370100,print_place,first,0,1,,,Antwerpen,Antwerpen,,,,,,,,,,Gough Missals 40.,1492,1492,,,gw_extracted_year_range,,place_name_not_yet_geocoded,edition_level_print_statement,GW,13403,https://gesamtkatalogderwiegendrucke.de/docs/GW13403.htm,data/derived/prayer-book-corpus.csv,Printing statement shared by copies of the edition.
00203573-p005-loc01,00203573,00203573,ih00370100,ih00370100,provenance_place,intermediate,5,1,00203573-p005,00203573-p005-loc01,Oxford,Oxford,Oxford,GeoNames,2640729,https://www.geonames.org/2640729,51.75222,-1.25596,United Kingdom,,,Gough Missals 40.,,,,,undated,,coordinates_supplied,copy_level_provenance_place,MEI,00203573-p005,https://data.cerl.org/mei/00203573,data/expanded/mei-corpus.json,
00203573-current,00203573,00203573,ih00370100,ih00370100,current_holding,last,6,1,,,"Oxford, Bodleian Library",,,,,,,,GB,OxfordBodley,"Oxford, Bodleian Library",Gough Missals 40.,,,,2026-09-23,current_observation_only,,holding_institution_not_yet_geocoded,current_holding_statement,MEI,00203573,https://data.cerl.org/mei/00203573,data/expanded/mei-corpus.json,Observed as the current holding institution; no arrival date is inferred.
00200583-print,00200583,00200583,ih00370300,ih00370300,print_place,first,0,1,,,Venedig,Venedig,,,,,,,,,,Inc. 2,1492,1492,,,gw_extracted_year_range,,place_name_not_yet_geocoded,edition_level_print_statement,GW,13373,https://gesamtkatalogderwiegendrucke.de/docs/GW13373.htm,data/derived/prayer-book-corpus.csv,Printing statement shared by copies of the edition.
00200583-current,00200583,00200583,ih00370300,ih00370300,current_holding,last,1,1,,,"Verona, Biblioteca Civica",,,,,,,,IT,VeronaC,"Verona, Biblioteca Civica",Inc. 2,,,,2026-09-30,current_observation_only,,holding_institution_not_yet_geocoded,current_holding_statement,MEI,00200583,https://data.cerl.org/mei/00200583,data/expanded/mei-corpus.json,Observed as the current holding institution; no arrival date is inferred.
00211923-print,00211923,00211923,ih00370600,ih00370600,print_place,first,0,1,,,Paris,Paris,,,,,,,,,,8° Rawl. 1092.,1493,1493,,,gw_extracted_year_range,,place_name_not_yet_geocoded,edition_level_print_statement,GW,13073,https://gesamtkatalogderwiegendrucke.de/docs/GW13073.htm,data/derived/prayer-book-corpus.csv,Printing statement shared by copies of the edition.
00211923-p002-loc01,00211923,00211923,ih00370600,ih00370600,provenance_place,intermediate,2,1,00211923-p002,00211923-p002-loc01,Oxford,Oxford,Oxford,GeoNames,2640729,https://www.geonames.org/2640729,51.75222,-1.25596,United Kingdom,,,8° Rawl. 1092.,,,,,undated,,coordinates_supplied,copy_level_provenance_place,MEI,00211923-p002,https://data.cerl.org/mei/00211923,data/expanded/mei-corpus.json,
00211923-current,00211923,00211923,ih00370600,ih00370600,current_holding,last,3,1,,,"Oxford, Bodleian Library",,,,,,,,GB,OxfordBodley,"Oxford, Bodleian Library",8° Rawl. 1092.,,,,2026-09-30,current_observation_only,,holding_institution_not_yet_geocoded,current_holding_statement,MEI,00211923,https://data.cerl.org/mei/00211923,data/expanded/mei-corpus.json,Observed as the current holding institution; no arrival date is inferred.
00200584-print,00200584,00200584,ih00370950,ih00370950,print_place,first,0,1,,,Venedig,Venedig,,,,,,,,,,Rés. Vélins 1471,1492,1493,,,gw_extracted_year_range,,place_name_not_yet_geocoded,edition_level_print_statement,GW,13374,https://gesamtkatalogderwiegendrucke.de/docs/GW13374.htm,data/derived/prayer-book-corpus.csv,Printing statement shared by copies of the edition.
00200584-current,00200584,00200584,ih00370950,ih00370950,current_holding,last,1,1,,,"Paris, Bibliothèque nationale de France",,,,,,,,FR,ParisBN,"Paris, Bibliothèque nationale de France",Rés. Vélins 1471,,,,2026-09-30,current_observation_only,,holding_institution_not_yet_geocoded,current_holding_statement,MEI,00200584,https://data.cerl.org/mei/00200584,data/expanded/mei-corpus.json,Observed as the current holding institution; no arrival date is inferred.
00200585-print,00200585,00200585,ih00370950,ih00370950,print_place,first,0,1,,,Venedig,Venedig,,,,,,,,,,Inc. Ross. 985,1492,1493,,,gw_extracted_year_range,,place_name_not_yet_geocoded,edition_level_print_statement,GW,13374,https://gesamtkatalogderwiegendrucke.de/docs/GW13374.htm,data/derived/prayer-book-corpus.csv,Printing statement shared by copies of the edition.
00200585-current,00200585,00200585,ih00370950,ih00370950,current_holding,last,1,1,,,"Città del Vaticano, Biblioteca Apostolica Vaticana",,,,,,,,VA,VaticanoBAV,"Città del Vaticano, Biblioteca Apostolica Vaticana",Inc. Ross. 985,,,,2026-09-30,current_observation_only,,holding_institution_not_yet_geocoded,current_holding_statement,MEI,00200585,https://data.cerl.org/mei/00200585,data/expanded/mei-corpus.json,Observed as the current holding institution; no arrival date is inferred.
00200586-print,00200586,00200586,ih00373300,ih00373300,print_place,first,0,1,,,Venedig,Venedig,,,,,,,,,,Rés. Vélins 1473,1493,1493,,,gw_extracted_year_range,,place_name_not_yet_geocoded,edition_level_print_statement,GW,13376,https://gesamtkatalogderwiegendrucke.de/docs/GW13376.htm,data/derived/prayer-book-corpus.csv,Printing statement shared by copies of the edition.
00200586-current,00200586,00200586,ih00373300,ih00373300,current_holding,last,1,1,,,"Paris, Bibliothèque nationale de France",,,,,,,,FR,ParisBN,"Paris, Bibliothèque nationale de France",Rés. Vélins 1473,,,,2026-09-30,current_observation_only,,holding_institution_not_yet_geocoded,current_holding_statement,MEI,00200586,https://data.cerl.org/mei/00200586,data/expanded/mei-corpus.json,Observed as the current holding institution; no arrival date is inferred.
00211922-print,00211922,00211922,ih00374000,ih00374000,print_place,first,0,1,,,Paris,Paris,,,,,,,,,,8° Rawl. 1098.,1493,1493,,,gw_extracted_year_range,,place_name_not_yet_geocoded,edition_level_print_statement,GW,13151,https://gesamtkatalogderwiegendrucke.de/docs/GW13151.htm,data/derived/prayer-book-corpus.csv,Printing statement shared by copies of the edition.
00211922-p002-loc01,00211922,00211922,ih00374000,ih00374000,provenance_place,intermediate,2,1,00211922-p002,00211922-p002-loc01,Oxford,Oxford,Oxford,GeoNames,2640729,https://www.geonames.org/2640729,51.75222,-1.25596,United Kingdom,,,8° Rawl. 1098.,,,,,undated,,coordinates_supplied,copy_level_provenance_place,MEI,00211922-p002,https://data.cerl.org/mei/00211922,data/expanded/mei-corpus.json,
00211922-current,00211922,00211922,ih00374000,ih00374000,current_holding,last,3,1,,,"Oxford, Bodleian Library",,,,,,,,GB,OxfordBodley,"Oxford, Bodleian Library",8° Rawl. 1098.,,,,2026-09-30,current_observation_only,,holding_institution_not_yet_geocoded,current_holding_statement,MEI,00211922,https://data.cerl.org/mei/00211922,data/expanded/mei-corpus.json,Observed as the current holding institution; no arrival date is inferred.
00200226-print,00200226,00200226,ih00374500,ih00374500,print_place,first,0,1,,,Venedig,Venedig,,,,,,,,,,FOAN TES 678,1494,1494,,,gw_extracted_year_range,,place_name_not_yet_geocoded,edition_level_print_statement,GW,13378,https://gesamtkatalogderwiegendrucke.de/docs/GW13378.htm,data/derived/prayer-book-corpus.csv,Printing statement shared by copies of the edition.
00200226-p004-loc01,00200226,00200226,ih00374500,ih00374500,provenance_place,intermediate,4,1,00200226-p004,00200226-p004-loc01,Paris,Parigi,Paris,GeoNames,2988507,https://www.geonames.org/2988507,48.85341,2.3488,France,,,FOAN TES 678,1860,1910,19 | 20,1890-1900,mei_timeperiod,,coordinates_supplied,copy_level_provenance_place,MEI,00200226-p004,https://data.cerl.org/mei/00200226,data/expanded/mei-corpus.json,
00200226-p005-loc01,00200226,00200226,ih00374500,ih00374500,provenance_place,intermediate,5,1,00200226-p005,00200226-p005-loc01,Venice,Venezia,Venice,GeoNames,3164603,https://www.geonames.org/3164603,45.43713,12.33265,Italy,,,FOAN TES 678,1939,1977,20,,mei_timeperiod,,coordinates_supplied,copy_level_provenance_place,MEI,00200226-p005,https://data.cerl.org/mei/00200226,data/expanded/mei-corpus.json,
00200226-current,00200226,00200226,ih00374500,ih00374500,current_holding,last,6,1,,,"Venezia, Fondazione Cini",,,,,,,,IT,VeneziaFondCini,"Venezia, Fondazione Cini",FOAN TES 678,,,,2026-09-30,current_observation_only,,holding_institution_not_yet_geocoded,current_holding_statement,MEI,00200226,https://data.cerl.org/mei/00200226,data/expanded/mei-corpus.json,Observed as the current holding institution; no arrival date is inferred.
00200598-print,00200598,00200598,ih00374500,ih00374500,print_place,first,0,1,,,Venedig,Venedig,,,,,,,,,,S. 5. 1. 16,1494,1494,,,gw_extracted_year_range,,place_name_not_yet_geocoded,edition_level_print_statement,GW,13378,https://gesamtkatalogderwiegendrucke.de/docs/GW13378.htm,data/derived/prayer-book-corpus.csv,Printing statement shared by copies of the edition.
00200598-current,00200598,00200598,ih00374500,ih00374500,current_holding,last,1,1,,,"Ferrara, Biblioteca Comunale Ariostea",,,,,,,,IT,FerraraC,"Ferrara, Biblioteca Comunale Ariostea",S. 5. 1. 16,,,,2026-09-30,current_observation_only,,holding_institution_not_yet_geocoded,current_holding_statement,MEI,00200598,https://data.cerl.org/mei/00200598,data/expanded/mei-corpus.json,Observed as the current holding institution; no arrival date is inferred.
00200600-print,00200600,00200600,ih00374500,ih00374500,print_place,first,0,1,,,Venedig,Venedig,,,,,,,,,,FOAN TES 678 (V B.17),1494,1494,,,gw_extracted_year_range,,place_name_not_yet_geocoded,edition_level_print_statement,GW,13378,https://gesamtkatalogderwiegendrucke.de/docs/GW13378.htm,data/derived/prayer-book-corpus.csv,Printing statement shared by copies of the edition.
00200600-current,00200600,00200600,ih00374500,ih00374500,current_holding,last,1,1,,,"Venezia, Fondazione Cini",,,,,,,,IT,VeneziaFondCini,"Venezia, Fondazione Cini",FOAN TES 678 (V B.17),,,,2026-09-30,current_observation_only,,holding_institution_not_yet_geocoded,current_holding_statement,MEI,00200600,https://data.cerl.org/mei/00200600,data/expanded/mei-corpus.json,Observed as the current holding institution; no arrival date is inferred.
00200599-print,00200599,00200599,ih00374500,ih00374500,print_place,first,0,1,,,Venedig,Venedig,,,,,,,,,,Rés. Vélins 1474,1494,1494,,,gw_extracted_year_range,,place_name_not_yet_geocoded,edition_level_print_statement,GW,13378,https://gesamtkatalogderwiegendrucke.de/docs/GW13378.htm,data/derived/prayer-book-corpus.csv,Printing statement shared by copies of the edition.
00200599-current,00200599,00200599,ih00374500,ih00374500,current_holding,last,1,1,,,"Paris, Bibliothèque nationale de France",,,,,,,,FR,ParisBN,"Paris, Bibliothèque nationale de France",Rés. Vélins 1474,,,,2026-09-30,current_observation_only,,holding_institution_not_yet_geocoded,current_holding_statement,MEI,00200599,https://data.cerl.org/mei/00200599,data/expanded/mei-corpus.json,Observed as the current holding institution; no arrival date is inferred.
02018645-print,02018645,02018645,ih00374500,ih00374500,print_place,first,0,1,,,Venedig,Venedig,,,,,,,,,,FOAN TES 678,1494,1494,,,gw_extracted_year_range,,place_name_not_yet_geocoded,edition_level_print_statement,GW,13378,https://gesamtkatalogderwiegendrucke.de/docs/GW13378.htm,data/derived/prayer-book-corpus.csv,Printing statement shared by copies of the edition.
02018645-p004-loc01,02018645,02018645,ih00374500,ih00374500,provenance_place,intermediate,4,1,02018645-p004,02018645-p004-loc01,Paris,Parigi,Paris,GeoNames,2988507,https://www.geonames.org/2988507,48.85341,2.3488,France,,,FOAN TES 678,1850,1930,19 | 20,,mei_timeperiod,a,coordinates_supplied,copy_level_provenance_place,MEI,02018645-p004,https://data.cerl.org/mei/02018645,data/expanded/mei-corpus.json,
02018645-p005-loc01,02018645,02018645,ih00374500,ih00374500,provenance_place,intermediate,5,1,02018645-p005,02018645-p005-loc01,Monselice,Monselice,Monselice,GeoNames,3173124,https://www.geonames.org/3173124,45.239,11.74984,Italy,,,FOAN TES 678,1939,1960,20,,mei_timeperiod,a,coordinates_supplied,copy_level_provenance_place,MEI,02018645-p005,https://data.cerl.org/mei/02018645,data/expanded/mei-corpus.json,
02018645-p006-loc01,02018645,02018645,ih00374500,ih00374500,provenance_place,intermediate,6,1,02018645-p006,02018645-p006-loc01,Venice,Venezia,Venice,GeoNames,3164603,https://www.geonames.org/3164603,45.43713,12.33265,Italy,,,FOAN TES 678,1961,,20,,mei_timeperiod,a,coordinates_supplied,copy_level_provenance_place,MEI,02018645-p006,https://data.cerl.org/mei/02018645,data/expanded/mei-corpus.json,
02018645-current,02018645,02018645,ih00374500,ih00374500,current_holding,last,7,1,,,"Venezia, Fondazione Cini",,,,,,,,IT,VeneziaFondCini,"Venezia, Fondazione Cini",FOAN TES 678,,,,2026-09-30,current_observation_only,,holding_institution_not_yet_geocoded,current_holding_statement,MEI,02018645,https://data.cerl.org/mei/02018645,data/expanded/mei-corpus.json,Observed as the current holding institution; no arrival date is inferred.
02011381-print,02011381,02011381,ih00375000,ih00375000,print_place,first,0,1,,,Paris,Paris,,,,,,,,,,INC 73,1493,1493,,,gw_extracted_year_range,,place_name_not_yet_geocoded,edition_level_print_statement,GW,13294,https://gesamtkatalogderwiegendrucke.de/docs/GW13294.htm,data/derived/prayer-book-corpus.csv,Printing statement shared by copies of the edition.
02011381-p003-loc01,02011381,02011381,ih00375000,ih00375000,provenance_place,intermediate,3,1,02011381-p003,02011381-p003-loc01,London,London,,,,,,,,,,INC 73,1891,,19,,mei_timeperiod,,name_only,copy_level_provenance_place,MEI,02011381-p003,https://data.cerl.org/mei/02011381,data/expanded/mei-corpus.json,
02011381-current,02011381,02011381,ih00375000,ih00375000,current_holding,last,4,1,,,"London, Guildhall Library",,,,,,,,GB,LondonGuildhallLibrary,"London, Guildhall Library",INC 73,,,,2026-09-30,current_observation_only,,holding_institution_not_yet_geocoded,current_holding_statement,MEI,02011381,https://data.cerl.org/mei/02011381,data/expanded/mei-corpus.json,Observed as the current holding institution; no arrival date is inferred.
02013677-print,02013677,02013677,ih00375000,ih00375000,print_place,first,0,1,,,Paris,Paris,,,,,,,,,,5942.247,1493,1493,,,gw_extracted_year_range,,place_name_not_yet_geocoded,edition_level_print_statement,GW,13294,https://gesamtkatalogderwiegendrucke.de/docs/GW13294.htm,data/derived/prayer-book-corpus.csv,Printing statement shared by copies of the edition.
02013677-p001-loc01,02013677,02013677,ih00375000,ih00375000,provenance_place,intermediate,1,1,02013677-p001,02013677-p001-loc01,Pittsburgh,Pittsburgh,Pittsburgh,GeoNames,5206379,https://www.geonames.org/5206379,40.44062,-79.99589,United States,,,5942.247,1926,1953,20,,mei_timeperiod,a,coordinates_supplied,copy_level_provenance_place,MEI,02013677-p001,https://data.cerl.org/mei/02013677,data/expanded/mei-corpus.json,
02013677-p002-loc01,02013677,02013677,ih00375000,ih00375000,provenance_place,intermediate,2,1,02013677-p002,02013677-p002-loc01,Princeton,Princeton,Princeton,GeoNames,5102922,https://www.geonames.org/5102922,40.34872,-74.65905,United States,,,5942.247,1953,,20,,mei_timeperiod,a,coordinates_supplied,copy_level_provenance_place,MEI,02013677-p002,https://data.cerl.org/mei/02013677,data/expanded/mei-corpus.json,
02013677-current,02013677,02013677,ih00375000,ih00375000,current_holding,last,3,1,,,"Princeton NJ, Princeton University, Firestone Library, Rare Book Division",,,,,,,,US,PrincetonUL,"Princeton NJ, Princeton University, Firestone Library, Rare Book Division",5942.247,,,,2026-09-30,current_observation_only,,holding_institution_not_yet_geocoded,current_holding_statement,MEI,02013677,https://data.cerl.org/mei/02013677,data/expanded/mei-corpus.json,Observed as the current holding institution; no arrival date is inferred.
00202346-print,00202346,00202346,ih00375300,ih00375300,print_place,first,0,1,,,Paris,Paris,,,,,,,,,,Inc. 149,1493,1493,,,gw_extracted_year_range,,place_name_not_yet_geocoded,edition_level_print_statement,GW,13140,https://gesamtkatalogderwiegendrucke.de/docs/GW13140.htm,data/derived/prayer-book-corpus.csv,Printing statement shared by copies of the edition.
00202346-current,00202346,00202346,ih00375300,ih00375300,current_holding,last,1,1,,,"Mantova, Biblioteca Comunale Teresiana",,,,,,,,IT,MantovaC,"Mantova, Biblioteca Comunale Teresiana",Inc. 149,,,,2026-09-30,current_observation_only,,holding_institution_not_yet_geocoded,current_holding_statement,MEI,00202346,https://data.cerl.org/mei/00202346,data/expanded/mei-corpus.json,Observed as the current holding institution; no arrival date is inferred.
00200591-print,00200591,00200591,ih00375500,ih00375500,print_place,first,0,1,,,Venedig,Venedig,,,,,,,,,,[alfa]. C. 7. 20,,,,,gw_date_not_yet_extracted,,place_name_not_yet_geocoded,edition_level_print_statement,GW,13375,https://gesamtkatalogderwiegendrucke.de/docs/GW13375.htm,data/derived/prayer-book-corpus.csv,Printing statement shared by copies of the edition.
00200591-current,00200591,00200591,ih00375500,ih00375500,current_holding,last,1,1,,,"Modena, Biblioteca Estense Universitaria",,,,,,,,IT,ModenaEst,"Modena, Biblioteca Estense Universitaria",[alfa]. C. 7. 20,,,,2026-09-30,current_observation_only,,holding_institution_not_yet_geocoded,current_holding_statement,MEI,00200591,https://data.cerl.org/mei/00200591,data/expanded/mei-corpus.json,Observed as the current holding institution; no arrival date is inferred.
02000343-print,02000343,02000343,ih00375500,ih00375500,print_place,first,0,1,,,Venedig,Venedig,,,,,,,,,,FOAN TES 970,,,,,gw_date_not_yet_extracted,,place_name_not_yet_geocoded,edition_level_print_statement,GW,13375,https://gesamtkatalogderwiegendrucke.de/docs/GW13375.htm,data/derived/prayer-book-corpus.csv,Printing statement shared by copies of the edition.
02000343-p006-loc01,02000343,02000343,ih00375500,ih00375500,provenance_place,intermediate,6,1,02000343-p006,02000343-p006-loc01,Venezia,Venezia,,,,,,,,,,FOAN TES 970,1951,,20,,mei_timeperiod,a,name_only,copy_level_provenance_place,MEI,02000343-p006,https://data.cerl.org/mei/02000343,data/expanded/mei-corpus.json,
02000343-current,02000343,02000343,ih00375500,ih00375500,current_holding,last,7,1,,,"Venezia, Fondazione Cini",,,,,,,,IT,VeneziaFondCini,"Venezia, Fondazione Cini",FOAN TES 970,,,,2026-09-30,current_observation_only,,holding_institution_not_yet_geocoded,current_holding_statement,MEI,02000343,https://data.cerl.org/mei/02000343,data/expanded/mei-corpus.json,Observed as the current holding institution; no arrival date is inferred.
00200588-print,00200588,00200588,ih00375500,ih00375500,print_place,first,0,1,,,Venedig,Venedig,,,,,,,,,,Typ Inc 5190,,,,,gw_date_not_yet_extracted,,place_name_not_yet_geocoded,edition_level_print_statement,GW,13375,https://gesamtkatalogderwiegendrucke.de/docs/GW13375.htm,data/derived/prayer-book-corpus.csv,Printing statement shared by copies of the edition.
00200588-p001-loc01,00200588,00200588,ih00375500,ih00375500,provenance_place,intermediate,1,1,00200588-p001,00200588-p001-loc01,Venice,Venice,Venice,GeoNames,3164603,https://www.geonames.org/3164603,45.43713,12.33265,Italy,,,Typ Inc 5190,1493,1550,15 | 16,,mei_timeperiod,b,coordinates_supplied,copy_level_provenance_place,MEI,00200588-p001,https://data.cerl.org/mei/00200588,data/expanded/mei-corpus.json,
00200588-p002-loc01,00200588,00200588,ih00375500,ih00375500,provenance_place,intermediate,2,1,00200588-p002,00200588-p002-loc01,London,London,London,GeoNames,2643743,https://www.geonames.org/2643743,51.50853,-0.12574,United Kingdom,,,Typ Inc 5190,1880,1919,19 | 20,,mei_timeperiod,a,coordinates_supplied,copy_level_provenance_place,MEI,00200588-p002,https://data.cerl.org/mei/00200588,data/expanded/mei-corpus.json,
00200588-p003-loc01,00200588,00200588,ih00375500,ih00375500,provenance_place,intermediate,3,1,00200588-p003,00200588-p003-loc01,Florence,Florence,Florence,GeoNames,3176959,https://www.geonames.org/3176959,43.77925,11.24626,Italy,,,Typ Inc 5190,1925,1938,20,,mei_timeperiod,a,coordinates_supplied,copy_level_provenance_place,MEI,00200588-p003,https://data.cerl.org/mei/00200588,data/expanded/mei-corpus.json,
00200588-p004-loc01,00200588,00200588,ih00375500,ih00375500,provenance_place,intermediate,4,1,00200588-p004,00200588-p004-loc01,Cambridge,Cambridge,Cambridge,GeoNames,4931972,https://www.geonames.org/4931972,42.3751,-71.10561,United States,,,Typ Inc 5190,1938,1972,20,,mei_timeperiod,a,coordinates_supplied,copy_level_provenance_place,MEI,00200588-p004,https://data.cerl.org/mei/00200588,data/expanded/mei-corpus.json,
00200588-p005-loc01,00200588,00200588,ih00375500,ih00375500,provenance_place,intermediate,5,1,00200588-p005,00200588-p005-loc01,Cambridge,Cambridge,Cambridge,GeoNames,4931972,https://www.geonames.org/4931972,42.3751,-71.10561,United States,,,Typ Inc 5190,1972,,20,,mei_timeperiod,a,coordinates_supplied,copy_level_provenance_place,MEI,00200588-p005,https://data.cerl.org/mei/00200588,data/expanded/mei-corpus.json,
00200588-current,00200588,00200588,ih00375500,ih00375500,current_holding,last,6,1,,,"Cambridge MA, Harvard University, Houghton Library",,,,,,,,US,HarvardHoughton,"Cambridge MA, Harvard University, Houghton Library",Typ Inc 5190,,,,2026-09-30,current_observation_only,,holding_institution_not_yet_geocoded,current_holding_statement,MEI,00200588,https://data.cerl.org/mei/00200588,data/expanded/mei-corpus.json,Observed as the current holding institution; no arrival date is inferred.
00200587-print,00200587,00200587,ih00375500,ih00375500,print_place,first,0,1,,,Venedig,Venedig,,,,,,,,,,Inc. 7. B. 3.97 [1707],,,,,gw_date_not_yet_extracted,,place_name_not_yet_geocoded,edition_level_print_statement,GW,13375,https://gesamtkatalogderwiegendrucke.de/docs/GW13375.htm,data/derived/prayer-book-corpus.csv,Printing statement shared by copies of the edition.
00200587-p001-loc01,00200587,00200587,ih00375500,ih00375500,provenance_place,intermediate,1,1,00200587-p001,00200587-p001-loc01,Blackrock,"Lakelands, Blackrock (Cork)",Blackrock,GeoNames,2966132,https://www.geonames.org/2966132,51.89694,-8.41,Ireland,,,Inc. 7. B. 3.97 [1707],1815,1888,19,,mei_timeperiod,,coordinates_supplied,copy_level_provenance_place,MEI,00200587-p001,https://data.cerl.org/mei/00200587,data/expanded/mei-corpus.json,
00200587-p002-loc01,00200587,00200587,ih00375500,ih00375500,provenance_place,intermediate,2,1,00200587-p002,00200587-p002-loc01,London,London,London,GeoNames,2643743,https://www.geonames.org/2643743,51.50853,-0.12574,United Kingdom,,,Inc. 7. B. 3.97 [1707],1837,1894,19,,mei_timeperiod,,coordinates_supplied,copy_level_provenance_place,MEI,00200587-p002,https://data.cerl.org/mei/00200587,data/expanded/mei-corpus.json,
00200587-p003-loc01,00200587,00200587,ih00375500,ih00375500,provenance_place,intermediate,3,1,00200587-p003,00200587-p003-loc01,Cambridge,Cambridge,Cambridge,GeoNames,2653941,https://www.geonames.org/2653941,52.2,0.11667,United Kingdom,,,Inc. 7. B. 3.97 [1707],1416,,15,,mei_timeperiod,,coordinates_supplied,copy_level_provenance_place,MEI,00200587-p003,https://data.cerl.org/mei/00200587,data/expanded/mei-corpus.json,
00200587-current,00200587,00200587,ih00375500,ih00375500,current_holding,last,4,1,,,"Cambridge, University Library",,,,,,,,GB,CambridgeUL,"Cambridge, University Library",Inc. 7. B. 3.97 [1707],,,,2026-09-30,current_observation_only,,holding_institution_not_yet_geocoded,current_holding_statement,MEI,00200587,https://data.cerl.org/mei/00200587,data/expanded/mei-corpus.json,Observed as the current holding institution; no arrival date is inferred.
00200589-print,00200589,00200589,ih00375500,ih00375500,print_place,first,0,1,,,Venedig,Venedig,,,,,,,,,,IA.23361,,,,,gw_date_not_yet_extracted,,place_name_not_yet_geocoded,edition_level_print_statement,GW,13375,https://gesamtkatalogderwiegendrucke.de/docs/GW13375.htm,data/derived/prayer-book-corpus.csv,Printing statement shared by copies of the edition.
00200589-p002-loc01,00200589,00200589,ih00375500,ih00375500,provenance_place,intermediate,2,1,00200589-p002,00200589-p002-loc01,Veneto,,Veneto,GeoNames,3164604,https://www.geonames.org/3164604,45.5,11.75,Italy,,,IA.23361,1501,1600,16,,mei_timeperiod,a,coordinates_supplied,copy_level_provenance_place,MEI,00200589-p002,https://data.cerl.org/mei/00200589,data/expanded/mei-corpus.json,
00200589-p003-loc01,00200589,00200589,ih00375500,ih00375500,provenance_place,intermediate,3,1,00200589-p003,00200589-p003-loc01,London,London,London,GeoNames,2643743,https://www.geonames.org/2643743,51.50853,-0.12574,United Kingdom,,,IA.23361,,1859,15 | 16 | 17 | 18 | 19,,mei_timeperiod,a,coordinates_supplied,copy_level_provenance_place,MEI,00200589-p003,https://data.cerl.org/mei/00200589,data/expanded/mei-corpus.json,
00200589-p004-loc01,00200589,00200589,ih00375500,ih00375500,provenance_place,intermediate,4,1,00200589-p004,00200589-p004-loc01,Paris,Paris,Paris,GeoNames,2988507,https://www.geonames.org/2988507,48.85341,2.3488,France,,,IA.23361,1859,1876,19,,mei_timeperiod,a,coordinates_supplied,copy_level_provenance_place,MEI,00200589-p004,https://data.cerl.org/mei/00200589,data/expanded/mei-corpus.json,
00200589-p005-loc01,00200589,00200589,ih00375500,ih00375500,provenance_place,intermediate,5,1,00200589-p005,00200589-p005-loc01,London,London,London,GeoNames,2643743,https://www.geonames.org/2643743,51.50853,-0.12574,United Kingdom,,,IA.23361,1879,,19,,mei_timeperiod,a,coordinates_supplied,copy_level_provenance_place,MEI,00200589-p005,https://data.cerl.org/mei/00200589,data/expanded/mei-corpus.json,
00200589-current,00200589,00200589,ih00375500,ih00375500,current_holding,last,6,1,,,"London, British Library",,,,,,,,GB,LondonBL,"London, British Library",IA.23361,,,,2026-09-30,current_observation_only,,holding_institution_not_yet_geocoded,current_holding_statement,MEI,00200589,https://data.cerl.org/mei/00200589,data/expanded/mei-corpus.json,Observed as the current holding institution; no arrival date is inferred.
00200590-print,00200590,00200590,ih00375500,ih00375500,print_place,first,0,1,,,Venedig,Venedig,,,,,,,,,,IA.23362,,,,,gw_date_not_yet_extracted,,place_name_not_yet_geocoded,edition_level_print_statement,GW,13375,https://gesamtkatalogderwiegendrucke.de/docs/GW13375.htm,data/derived/prayer-book-corpus.csv,Printing statement shared by copies of the edition.
00200590-p001-loc01,00200590,00200590,ih00375500,ih00375500,provenance_place,intermediate,1,1,00200590-p001,00200590-p001-loc01,Florence,Florence,Florence,GeoNames,3176959,https://www.geonames.org/3176959,43.77925,11.24626,Italy,,,IA.23362,1812,1829,19,,mei_timeperiod,a,coordinates_supplied,copy_level_provenance_place,MEI,00200590-p001,https://data.cerl.org/mei/00200590,data/expanded/mei-corpus.json,
00200590-p002-loc01,00200590,00200590,ih00375500,ih00375500,provenance_place,intermediate,2,1,00200590-p002,00200590-p002-loc01,London,London,London,GeoNames,2643743,https://www.geonames.org/2643743,51.50853,-0.12574,United Kingdom,,,IA.23362,1842,,19,,mei_timeperiod,a,coordinates_supplied,copy_level_provenance_place,MEI,00200590-p002,https://data.cerl.org/mei/00200590,data/expanded/mei-corpus.json,
00200590-current,00200590,00200590,ih00375500,ih00375500,current_holding,last,3,1,,,"London, British Library",,,,,,,,GB,LondonBL,"London, British Library",IA.23362,,,,2026-09-30,current_observation_only,,holding_institution_not_yet_geocoded,current_holding_statement,MEI,00200590,https://data.cerl.org/mei/00200590,data/expanded/mei-corpus.json,Observed as the current holding institution; no arrival date is inferred.
02123919-print,02123919,02123919,ih00376000,ih00376000,print_place,first,0,1,,,Paris,Paris,,,,,,,,,,Op.P.D. 28581,1494,1494,,,gw_extracted_year_range,,place_name_not_yet_geocoded,edition_level_print_statement,GW,13177,https://gesamtkatalogderwiegendrucke.de/docs/GW13177.htm,data/derived/prayer-book-corpus.csv,Printing statement shared by copies of the edition.
02123919-p002-loc01,02123919,02123919,ih00376000,ih00376000,provenance_place,intermediate,2,1,02123919-p002,02123919-p002-loc01,Venice,Venezia,Venice,GeoNames,3164603,https://www.geonames.org/3164603,45.43713,12.33265,Italy,,,Op.P.D. 28581,1830,,19,,mei_timeperiod,a,coordinates_supplied,copy_level_provenance_place,MEI,02123919-p002,https://data.cerl.org/mei/02123919,data/expanded/mei-corpus.json,
02123919-current,02123919,02123919,ih00376000,ih00376000,current_holding,last,3,1,,,"Venezia, Biblioteca del Museo Correr",,,,,,,,IT,VeneziaC,"Venezia, Biblioteca del Museo Correr",Op.P.D. 28581,,,,2026-09-30,current_observation_only,,holding_institution_not_yet_geocoded,current_holding_statement,MEI,02123919,https://data.cerl.org/mei/02123919,data/expanded/mei-corpus.json,Observed as the current holding institution; no arrival date is inferred.
00204184-print,00204184,00204184,ih00377300,ih00377300,print_place,first,0,1,,,Venedig,Venedig,,,,,,,,,,Inc. g. I4.1494.1.,1494,1494,,,gw_extracted_year_range,,place_name_not_yet_geocoded,edition_level_print_statement,GW,13379,https://gesamtkatalogderwiegendrucke.de/docs/GW13379.htm,data/derived/prayer-book-corpus.csv,Printing statement shared by copies of the edition.
00204184-p002-loc01,00204184,00204184,ih00377300,ih00377300,provenance_place,intermediate,2,1,00204184-p002,00204184-p002-loc01,Oxford,Oxford,Oxford,GeoNames,2640729,https://www.geonames.org/2640729,51.75222,-1.25596,United Kingdom,,,Inc. g. I4.1494.1.,,,,,undated,,coordinates_supplied,copy_level_provenance_place,MEI,00204184-p002,https://data.cerl.org/mei/00204184,data/expanded/mei-corpus.json,
00204184-current,00204184,00204184,ih00377300,ih00377300,current_holding,last,3,1,,,"Oxford, Bodleian Library",,,,,,,,GB,OxfordBodley,"Oxford, Bodleian Library",Inc. g. I4.1494.1.,,,,2026-09-30,current_observation_only,,holding_institution_not_yet_geocoded,current_holding_statement,MEI,00204184,https://data.cerl.org/mei/00204184,data/expanded/mei-corpus.json,Observed as the current holding institution; no arrival date is inferred.
00200601-print,00200601,00200601,ih00377300,ih00377300,print_place,first,0,1,,,Venedig,Venedig,,,,,,,,,,Inc.g.I4.1494.1,1494,1494,,,gw_extracted_year_range,,place_name_not_yet_geocoded,edition_level_print_statement,GW,13379,https://gesamtkatalogderwiegendrucke.de/docs/GW13379.htm,data/derived/prayer-book-corpus.csv,Printing statement shared by copies of the edition.
00200601-current,00200601,00200601,ih00377300,ih00377300,current_holding,last,1,1,,,"Oxford, Bodleian Library",,,,,,,,GB,OxfordBodley,"Oxford, Bodleian Library",Inc.g.I4.1494.1,,,,2026-09-30,current_observation_only,,holding_institution_not_yet_geocoded,current_holding_statement,MEI,00200601,https://data.cerl.org/mei/00200601,data/expanded/mei-corpus.json,Observed as the current holding institution; no arrival date is inferred.
02015305-print,02015305,02015305,ih00377400,ih00377400,print_place,first,0,1,,,Paris,Paris,,,,,,,,,,IA.40673,1494,1494,,,gw_extracted_year_range,,place_name_not_yet_geocoded,edition_level_print_statement,GW,13061,https://gesamtkatalogderwiegendrucke.de/docs/GW13061.htm,data/derived/prayer-book-corpus.csv,Printing statement shared by copies of the edition.
02015305-p001-loc01,02015305,02015305,ih00377400,ih00377400,provenance_place,intermediate,1,1,02015305-p001,02015305-p001-loc01,Paris,Paris,Paris,GeoNames,2988507,https://www.geonames.org/2988507,48.85341,2.3488,France,,,IA.40673,1494,1525,15 | 16,,mei_timeperiod,b,coordinates_supplied,copy_level_provenance_place,MEI,02015305-p001,https://data.cerl.org/mei/02015305,data/expanded/mei-corpus.json,
02015305-p002-loc01,02015305,02015305,ih00377400,ih00377400,provenance_place,intermediate,2,1,02015305-p002,02015305-p002-loc01,Switzerland,,Switzerland,GeoNames,2658434,https://www.geonames.org/2658434,47.00016,8.01427,Switzerland,,,IA.40673,1571,1577,16,,mei_timeperiod,b,coordinates_supplied,copy_level_provenance_place,MEI,02015305-p002,https://data.cerl.org/mei/02015305,data/expanded/mei-corpus.json,
02015305-p003-loc01,02015305,02015305,ih00377400,ih00377400,provenance_place,intermediate,3,1,02015305-p003,02015305-p003-loc01,Solothurn,Solothurn,Solothurn,GeoNames,2658564,https://www.geonames.org/2658564,47.20791,7.53714,Switzerland,,,IA.40673,1657,1676,17,,mei_timeperiod,a,coordinates_supplied,copy_level_provenance_place,MEI,02015305-p003,https://data.cerl.org/mei/02015305,data/expanded/mei-corpus.json,
02015305-p004-loc01,02015305,02015305,ih00377400,ih00377400,provenance_place,intermediate,4,1,02015305-p004,02015305-p004-loc01,Switzerland,,Switzerland,GeoNames,2658434,https://www.geonames.org/2658434,47.00016,8.01427,Switzerland,,,IA.40673,1751,1781,18,,mei_timeperiod,b,coordinates_supplied,copy_level_provenance_place,MEI,02015305-p004,https://data.cerl.org/mei/02015305,data/expanded/mei-corpus.json,
02015305-p005-loc01,02015305,02015305,ih00377400,ih00377400,provenance_place,intermediate,5,1,02015305-p005,02015305-p005-loc01,Solothurn,Solothurn,Solothurn,GeoNames,2658564,https://www.geonames.org/2658564,47.20791,7.53714,Switzerland,,,IA.40673,1751,1816,18 | 19,,mei_timeperiod,a,coordinates_supplied,copy_level_provenance_place,MEI,02015305-p005,https://data.cerl.org/mei/02015305,data/expanded/mei-corpus.json,
02015305-p006-loc01,02015305,02015305,ih00377400,ih00377400,provenance_place,intermediate,6,1,02015305-p006,02015305-p006-loc01,Solothurn,Solothurn,Solothurn,GeoNames,2658564,https://www.geonames.org/2658564,47.20791,7.53714,Switzerland,,,IA.40673,1789,1855,18 | 19,,mei_timeperiod,a,coordinates_supplied,copy_level_provenance_place,MEI,02015305-p006,https://data.cerl.org/mei/02015305,data/expanded/mei-corpus.json,
02015305-p007-loc01,02015305,02015305,ih00377400,ih00377400,provenance_place,intermediate,7,1,02015305-p007,02015305-p007-loc01,London,London,London,GeoNames,2643743,https://www.geonames.org/2643743,51.50853,-0.12574,United Kingdom,,,IA.40673,,1855,15 | 16 | 17 | 18 | 19,,mei_timeperiod,b,coordinates_supplied,copy_level_provenance_place,MEI,02015305-p007,https://data.cerl.org/mei/02015305,data/expanded/mei-corpus.json,
02015305-p008-loc01,02015305,02015305,ih00377400,ih00377400,provenance_place,intermediate,8,1,02015305-p008,02015305-p008-loc01,London,London,London,GeoNames,2643743,https://www.geonames.org/2643743,51.50853,-0.12574,United Kingdom,,,IA.40673,1855,,19,,mei_timeperiod,a,coordinates_supplied,copy_level_provenance_place,MEI,02015305-p008,https://data.cerl.org/mei/02015305,data/expanded/mei-corpus.json,
02015305-current,02015305,02015305,ih00377400,ih00377400,current_holding,last,9,1,,,"London, British Library",,,,,,,,GB,LondonBL,"London, British Library",IA.40673,,,,2026-09-30,current_observation_only,,holding_institution_not_yet_geocoded,current_holding_statement,MEI,02015305,https://data.cerl.org/mei/02015305,data/expanded/mei-corpus.json,Observed as the current holding institution; no arrival date is inferred.
00200608-print,00200608,00200608,ih00377550,ih00377550,print_place,first,0,1,,,Turin,Turin,,,,,,,,,,918.8 Theol.,1495,1495,,,gw_extracted_year_range,,place_name_not_yet_geocoded,edition_level_print_statement,GW,13354,https://gesamtkatalogderwiegendrucke.de/docs/GW13354.htm,data/derived/prayer-book-corpus.csv,Printing statement shared by copies of the edition.
00200608-current,00200608,00200608,ih00377550,ih00377550,current_holding,last,1,1,,,"Wolfenbüttel, Herzog August Bibliothek",,,,,,,,DE,WolfenbuettelHAB,"Wolfenbüttel, Herzog August Bibliothek",918.8 Theol.,,,,2026-09-30,current_observation_only,,holding_institution_not_yet_geocoded,current_holding_statement,MEI,00200608,https://data.cerl.org/mei/00200608,data/expanded/mei-corpus.json,Observed as the current holding institution; no arrival date is inferred.
02003117-print,02003117,02003117,ih00377600,ih00377600,print_place,first,0,1,,,Paris,Paris,,,,,,,,,,Inc.C.VII.18,1495,1496,,,gw_extracted_year_range,,place_name_not_yet_geocoded,edition_level_print_statement,GW,13186,https://gesamtkatalogderwiegendrucke.de/docs/GW13186.htm,data/derived/prayer-book-corpus.csv,Printing statement shared by copies of the edition.
02003117-p001-loc01,02003117,02003117,ih00377600,ih00377600,provenance_place,intermediate,1,1,02003117-p001,02003117-p001-loc01,Brescia,Brescia,Brescia,GeoNames,3181554,https://www.geonames.org/3181554,45.53558,10.21472,Italy,,,Inc.C.VII.18,1801,,19,,mei_timeperiod,a,coordinates_supplied,copy_level_provenance_place,MEI,02003117-p001,https://data.cerl.org/mei/02003117,data/expanded/mei-corpus.json,
02003117-current,02003117,02003117,ih00377600,ih00377600,current_holding,last,2,1,,,"Brescia, Biblioteca Queriniana",,,,,,,,IT,BresciaC,"Brescia, Biblioteca Queriniana",Inc.C.VII.18,,,,2026-09-30,current_observation_only,,holding_institution_not_yet_geocoded,current_holding_statement,MEI,02003117,https://data.cerl.org/mei/02003117,data/expanded/mei-corpus.json,Observed as the current holding institution; no arrival date is inferred.
00200610-print,00200610,00200610,ih00377800,ih00377800,print_place,first,0,1,,,Neapel,Neapel,,,,,,,,,,Inc. 3175.20,1495,1495,,,gw_extracted_year_range,,place_name_not_yet_geocoded,edition_level_print_statement,GW,13346,https://gesamtkatalogderwiegendrucke.de/docs/GW13346.htm,data/derived/prayer-book-corpus.csv,Printing statement shared by copies of the edition.
00200610-current,00200610,00200610,ih00377800,ih00377800,current_holding,last,1,1,,,"Berlin, Staatsbibliothek",,,,,,,,DE,BerlinSB,"Berlin, Staatsbibliothek",Inc. 3175.20,,,,2026-09-30,current_observation_only,,holding_institution_not_yet_geocoded,current_holding_statement,MEI,00200610,https://data.cerl.org/mei/00200610,data/expanded/mei-corpus.json,Observed as the current holding institution; no arrival date is inferred.
00200611-print,00200611,00200611,ih00377800,ih00377800,print_place,first,0,1,,,Neapel,Neapel,,,,,,,,,,Inc. Parm. 638,1495,1495,,,gw_extracted_year_range,,place_name_not_yet_geocoded,edition_level_print_statement,GW,13346,https://gesamtkatalogderwiegendrucke.de/docs/GW13346.htm,data/derived/prayer-book-corpus.csv,Printing statement shared by copies of the edition.
00200611-current,00200611,00200611,ih00377800,ih00377800,current_holding,last,1,1,,,"Parma, Biblioteca Palatina",,,,,,,,IT,ParmaPal,"Parma, Biblioteca Palatina",Inc. Parm. 638,,,,2026-09-30,current_observation_only,,holding_institution_not_yet_geocoded,current_holding_statement,MEI,00200611,https://data.cerl.org/mei/00200611,data/expanded/mei-corpus.json,Observed as the current holding institution; no arrival date is inferred.
02005124-print,02005124,02005124,ih00378000,ih00378000,print_place,first,0,1,,,Paris,Paris,,,,,,,,,,Triv. Inc. C 52,1495,1495,,,gw_extracted_year_range,,place_name_not_yet_geocoded,edition_level_print_statement,GW,13306,https://gesamtkatalogderwiegendrucke.de/docs/GW13306.htm,data/derived/prayer-book-corpus.csv,Printing statement shared by copies of the edition.
02005124-current,02005124,02005124,ih00378000,ih00378000,current_holding,last,1,1,,,"Milano, Archivio Storico Civico e Biblioteca Trivulziana",,,,,,,,IT,MilanoTriv,"Milano, Archivio Storico Civico e Biblioteca Trivulziana",Triv. Inc. C 52,,,,2026-09-30,current_observation_only,,holding_institution_not_yet_geocoded,current_holding_statement,MEI,02005124,https://data.cerl.org/mei/02005124,data/expanded/mei-corpus.json,Observed as the current holding institution; no arrival date is inferred.
00200579-print,00200579,00200579,ih00378250,ih00378250,print_place,first,0,1,,,Venedig(?),Venedig(?),,,,,,,,,,Inc. VI. 33,1495,1495,,,gw_extracted_year_range,,place_name_not_yet_geocoded,edition_level_print_statement,GW,13397,https://gesamtkatalogderwiegendrucke.de/docs/GW13397.htm,data/derived/prayer-book-corpus.csv,Printing statement shared by copies of the edition.
00200579-current,00200579,00200579,ih00378250,ih00378250,current_holding,last,1,1,,,"Città del Vaticano, Biblioteca Apostolica Vaticana",,,,,,,,VA,VaticanoBAV,"Città del Vaticano, Biblioteca Apostolica Vaticana",Inc. VI. 33,,,,2026-09-30,current_observation_only,,holding_institution_not_yet_geocoded,current_holding_statement,MEI,00200579,https://data.cerl.org/mei/00200579,data/expanded/mei-corpus.json,Observed as the current holding institution; no arrival date is inferred.
00200614-print,00200614,00200614,ih00378300,ih00378300,print_place,first,0,1,,,Neapel,Neapel,,,,,,,,,,"ChL 1238, Accession no. 464",1496,1496,,,gw_extracted_year_range,,place_name_not_yet_geocoded,edition_level_print_statement,GW,13347,https://gesamtkatalogderwiegendrucke.de/docs/GW13347.htm,data/derived/prayer-book-corpus.csv,Printing statement shared by copies of the edition.
00200614-current,00200614,00200614,ih00378300,ih00378300,current_holding,last,1,1,,,"New York NY, The Morgan Library and Museum",,,,,,,,US,NewYorkNYPierpontMorganLibrary,"New York NY, The Morgan Library and Museum","ChL 1238, Accession no. 464",,,,2026-09-30,current_observation_only,,holding_institution_not_yet_geocoded,current_holding_statement,MEI,00200614,https://data.cerl.org/mei/00200614,data/expanded/mei-corpus.json,Observed as the current holding institution; no arrival date is inferred.
00200615-print,00200615,00200615,ih00378400,ih00378400,print_place,first,0,1,,,Neapel,Neapel,,,,,,,,,,I. 73,1496,1496,,,gw_extracted_year_range,,place_name_not_yet_geocoded,edition_level_print_statement,GW,13348,https://gesamtkatalogderwiegendrucke.de/docs/GW13348.htm,data/derived/prayer-book-corpus.csv,Printing statement shared by copies of the edition.
00200615-current,00200615,00200615,ih00378400,ih00378400,current_holding,last,1,1,,,"Salamanca, Biblioteca General Histórica de la Universidad",,,,,,,,ES,SalamancaBU,"Salamanca, Biblioteca General Histórica de la Universidad",I. 73,,,,2026-09-30,current_observation_only,,holding_institution_not_yet_geocoded,current_holding_statement,MEI,00200615,https://data.cerl.org/mei/00200615,data/expanded/mei-corpus.json,Observed as the current holding institution; no arrival date is inferred.
00200616-print,00200616,00200616,ih00378400,ih00378400,print_place,first,0,1,,,Neapel,Neapel,,,,,,,,,,101432,1496,1496,,,gw_extracted_year_range,,place_name_not_yet_geocoded,edition_level_print_statement,GW,13348,https://gesamtkatalogderwiegendrucke.de/docs/GW13348.htm,data/derived/prayer-book-corpus.csv,Printing statement shared by copies of the edition.
00200616-p003-loc01,00200616,00200616,ih00378400,ih00378400,provenance_place,intermediate,3,1,00200616-p003,00200616-p003-loc01,Främmestad,Främmestad,Främmestad,GeoNames,2713842,https://www.geonames.org/2713842,58.25,12.68333,Sweden,,,101432,1895,1903,19 | 20,,mei_timeperiod,a,coordinates_supplied,copy_level_provenance_place,MEI,00200616-p003,https://data.cerl.org/mei/00200616,data/expanded/mei-corpus.json,
00200616-p004-loc01,00200616,00200616,ih00378400,ih00378400,provenance_place,intermediate,4,1,00200616-p004,00200616-p004-loc01,Munich,München,Munich,GeoNames,2867714,https://www.geonames.org/2867714,48.13743,11.57549,Germany,,,101432,1903,1903,20,,mei_timeperiod,b,coordinates_supplied,copy_level_provenance_place,MEI,00200616-p004,https://data.cerl.org/mei/00200616,data/expanded/mei-corpus.json,
00200616-p005-loc01,00200616,00200616,ih00378400,ih00378400,provenance_place,intermediate,5,1,00200616-p005,00200616-p005-loc01,Berlin,Berlin,Berlin,GeoNames,2950159,https://www.geonames.org/2950159,52.52437,13.41053,Germany,,,101432,1903,1919,20,,mei_timeperiod,a,coordinates_supplied,copy_level_provenance_place,MEI,00200616-p005,https://data.cerl.org/mei/00200616,data/expanded/mei-corpus.json,
00200616-p006-loc01,00200616,00200616,ih00378400,ih00378400,provenance_place,intermediate,6,1,00200616-p006,00200616-p006-loc01,Philadelphia,Philadelphia,Philadelphia,GeoNames,4560349,https://www.geonames.org/4560349,39.95238,-75.16362,United States,,,101432,1924,1924,20,,mei_timeperiod,a,coordinates_supplied,copy_level_provenance_place,MEI,00200616-p006,https://data.cerl.org/mei/00200616,data/expanded/mei-corpus.json,
00200616-p007-loc01,00200616,00200616,ih00378400,ih00378400,provenance_place,intermediate,7,1,00200616-p007,00200616-p007-loc01,San Marino,San Marino,San Marino,GeoNames,5392400,https://www.geonames.org/5392400,34.1214,-118.10646,United States,,,101432,1924,1927,20,,mei_timeperiod,a,coordinates_supplied,copy_level_provenance_place,MEI,00200616-p007,https://data.cerl.org/mei/00200616,data/expanded/mei-corpus.json,
00200616-p008-loc01,00200616,00200616,ih00378400,ih00378400,provenance_place,intermediate,8,1,00200616-p008,00200616-p008-loc01,San Marino,"San Marino, California, United States",San Marino,GeoNames,5392400,https://www.geonames.org/5392400,34.1214,-118.10646,United States,,,101432,1927,,20,,mei_timeperiod,a,coordinates_supplied,copy_level_provenance_place,MEI,00200616-p008,https://data.cerl.org/mei/00200616,data/expanded/mei-corpus.json,
00200616-current,00200616,00200616,ih00378400,ih00378400,current_holding,last,9,1,,,"San Marino CA, Huntington Library",,,,,,,,US,SanMarinoHun,"San Marino CA, Huntington Library",101432,,,,2026-09-30,current_observation_only,,holding_institution_not_yet_geocoded,current_holding_statement,MEI,00200616,https://data.cerl.org/mei/00200616,data/expanded/mei-corpus.json,Observed as the current holding institution; no arrival date is inferred.
00200617-print,00200617,00200617,ih00378700,ih00378700,print_place,first,0,1,,,Venedig,Venedig,,,,,,,,,,Rés. Vélins 1476,1496,1496,,,gw_extracted_year_range,,place_name_not_yet_geocoded,edition_level_print_statement,GW,13381,https://gesamtkatalogderwiegendrucke.de/docs/GW13381.htm,data/derived/prayer-book-corpus.csv,Printing statement shared by copies of the edition.
00200617-current,00200617,00200617,ih00378700,ih00378700,current_holding,last,1,1,,,"Paris, Bibliothèque nationale de France",,,,,,,,FR,ParisBN,"Paris, Bibliothèque nationale de France",Rés. Vélins 1476,,,,2026-09-30,current_observation_only,,holding_institution_not_yet_geocoded,current_holding_statement,MEI,00200617,https://data.cerl.org/mei/00200617,data/expanded/mei-corpus.json,Observed as the current holding institution; no arrival date is inferred.
00200618-print,00200618,00200618,ih00378700,ih00378700,print_place,first,0,1,,,Venedig,Venedig,,,,,,,,,,Inc. G.3.4.10,1496,1496,,,gw_extracted_year_range,,place_name_not_yet_geocoded,edition_level_print_statement,GW,13381,https://gesamtkatalogderwiegendrucke.de/docs/GW13381.htm,data/derived/prayer-book-corpus.csv,Printing statement shared by copies of the edition.
00200618-current,00200618,00200618,ih00378700,ih00378700,current_holding,last,1,1,,,"Vicenza, Biblioteca Civica Bertoliana",,,,,,,,IT,VicenzaC,"Vicenza, Biblioteca Civica Bertoliana",Inc. G.3.4.10,,,,2026-09-30,current_observation_only,,holding_institution_not_yet_geocoded,current_holding_statement,MEI,00200618,https://data.cerl.org/mei/00200618,data/expanded/mei-corpus.json,Observed as the current holding institution; no arrival date is inferred.
00200619-print,00200619,00200619,ih00379100,ih00379100,print_place,first,0,1,,,Venedig,Venedig,,,,,,,,,,[alfa]. Y. 9. 13,1496,1496,,,gw_extracted_year_range,,place_name_not_yet_geocoded,edition_level_print_statement,GW,13382,https://gesamtkatalogderwiegendrucke.de/docs/GW13382.htm,data/derived/prayer-book-corpus.csv,Printing statement shared by copies of the edition.
00200619-current,00200619,00200619,ih00379100,ih00379100,current_holding,last,1,1,,,"Modena, Biblioteca Estense Universitaria",,,,,,,,IT,ModenaEst,"Modena, Biblioteca Estense Universitaria",[alfa]. Y. 9. 13,,,,2026-09-30,current_observation_only,,holding_institution_not_yet_geocoded,current_holding_statement,MEI,00200619,https://data.cerl.org/mei/00200619,data/expanded/mei-corpus.json,Observed as the current holding institution; no arrival date is inferred.
02013652-print,02013652,02013652,ih00380000,ih00380000,print_place,first,0,1,,,Paris,Paris,,,,,,,,,,5942.247.12 IN PROCESS,1496,1496,,,gw_extracted_year_range,,place_name_not_yet_geocoded,edition_level_print_statement,GW,13307,https://gesamtkatalogderwiegendrucke.de/docs/GW13307.htm,data/derived/prayer-book-corpus.csv,Printing statement shared by copies of the edition.
02013652-p001-loc01,02013652,02013652,ih00380000,ih00380000,provenance_place,intermediate,1,1,02013652-p001,02013652-p001-loc01,Pittsburgh,Pittsburgh,Pittsburgh,GeoNames,5206379,https://www.geonames.org/5206379,40.44062,-79.99589,United States,,,5942.247.12 IN PROCESS,1930,1953,20,,mei_timeperiod,a,coordinates_supplied,copy_level_provenance_place,MEI,02013652-p001,https://data.cerl.org/mei/02013652,data/expanded/mei-corpus.json,
02013652-p002-loc01,02013652,02013652,ih00380000,ih00380000,provenance_place,intermediate,2,1,02013652-p002,02013652-p002-loc01,Princeton,Princeton,Princeton,GeoNames,5102922,https://www.geonames.org/5102922,40.34872,-74.65905,United States,,,5942.247.12 IN PROCESS,1953,,20,,mei_timeperiod,a,coordinates_supplied,copy_level_provenance_place,MEI,02013652-p002,https://data.cerl.org/mei/02013652,data/expanded/mei-corpus.json,
02013652-current,02013652,02013652,ih00380000,ih00380000,current_holding,last,3,1,,,"Princeton NJ, Princeton University, Firestone Library, Rare Book Division",,,,,,,,US,PrincetonUL,"Princeton NJ, Princeton University, Firestone Library, Rare Book Division",5942.247.12 IN PROCESS,,,,2026-09-30,current_observation_only,,holding_institution_not_yet_geocoded,current_holding_statement,MEI,02013652,https://data.cerl.org/mei/02013652,data/expanded/mei-corpus.json,Observed as the current holding institution; no arrival date is inferred.
02120319-print,02120319,02120319,ih00380500,ih00380500,print_place,first,0,1,,,Paris,Paris,,,,,,,,,,Ink 2.H.140,1496,1497,,,gw_extracted_year_range,,place_name_not_yet_geocoded,edition_level_print_statement,GW,13190,https://gesamtkatalogderwiegendrucke.de/docs/GW13190.htm,data/derived/prayer-book-corpus.csv,Printing statement shared by copies of the edition.
02120319-p001-loc01,02120319,02120319,ih00380500,ih00380500,provenance_place,intermediate,1,1,02120319-p001,02120319-p001-loc01,Vienna,Vienna,Vienna,GeoNames,2761369,https://www.geonames.org/2761369,48.20849,16.37208,Austria,,,Ink 2.H.140,,,,,undated,a,coordinates_supplied,copy_level_provenance_place,MEI,02120319-p001,https://data.cerl.org/mei/02120319,data/expanded/mei-corpus.json,
02120319-current,02120319,02120319,ih00380500,ih00380500,current_holding,last,2,1,,,"Wien, Österreichische  Nationalbibliothek",,,,,,,,AT,WienONB,"Wien, Österreichische  Nationalbibliothek",Ink 2.H.140,,,,2026-09-30,current_observation_only,,holding_institution_not_yet_geocoded,current_holding_statement,MEI,02120319,https://data.cerl.org/mei/02120319,data/expanded/mei-corpus.json,Observed as the current holding institution; no arrival date is inferred.
00560436-print,00560436,00560436,ih00381100,ih00381100,print_place,first,0,1,,,Paris,Paris,,,,,,,,,,Inc.6.D.1.29[2579],1497,1498,,,gw_extracted_year_range,,place_name_not_yet_geocoded,edition_level_print_statement,GW,13209,https://gesamtkatalogderwiegendrucke.de/docs/GW13209.htm,data/derived/prayer-book-corpus.csv,Printing statement shared by copies of the edition.
00560436-p001-loc01,00560436,00560436,ih00381100,ih00381100,provenance_place,intermediate,1,1,00560436-p001,00560436-p001-loc01,Cambridge,Cambridge,Cambridge,GeoNames,2653941,https://www.geonames.org/2653941,52.2,0.11667,United Kingdom,,,Inc.6.D.1.29[2579],,,,,undated,a,coordinates_supplied,copy_level_provenance_place,MEI,00560436-p001,https://data.cerl.org/mei/00560436,data/expanded/mei-corpus.json,
00560436-current,00560436,00560436,ih00381100,ih00381100,current_holding,last,2,1,,,"Cambridge, University Library",,,,,,,,GB,CambridgeUL,"Cambridge, University Library",Inc.6.D.1.29[2579],,,,2026-09-30,current_observation_only,,holding_institution_not_yet_geocoded,current_holding_statement,MEI,00560436,https://data.cerl.org/mei/00560436,data/expanded/mei-corpus.json,Observed as the current holding institution; no arrival date is inferred.
00560435-print,00560435,00560435,ih00381100,ih00381100,print_place,first,0,1,,,Paris,Paris,,,,,,,,,,Inc.6.D.1.29[2578],1497,1498,,,gw_extracted_year_range,,place_name_not_yet_geocoded,edition_level_print_statement,GW,13209,https://gesamtkatalogderwiegendrucke.de/docs/GW13209.htm,data/derived/prayer-book-corpus.csv,Printing statement shared by copies of the edition.
00560435-p003-loc01,00560435,00560435,ih00381100,ih00381100,provenance_place,intermediate,3,1,00560435-p003,00560435-p003-loc01,Cambridge,Cambridge,Cambridge,GeoNames,2653941,https://www.geonames.org/2653941,52.2,0.11667,United Kingdom,,,Inc.6.D.1.29[2578],,,,,undated,a,coordinates_supplied,copy_level_provenance_place,MEI,00560435-p003,https://data.cerl.org/mei/00560435,data/expanded/mei-corpus.json,
00560435-current,00560435,00560435,ih00381100,ih00381100,current_holding,last,4,1,,,"Cambridge, University Library",,,,,,,,GB,CambridgeUL,"Cambridge, University Library",Inc.6.D.1.29[2578],,,,2026-09-30,current_observation_only,,holding_institution_not_yet_geocoded,current_holding_statement,MEI,00560435,https://data.cerl.org/mei/00560435,data/expanded/mei-corpus.json,Observed as the current holding institution; no arrival date is inferred.
02115809-print,02115809,02115809,ih00382000,ih00382000,print_place,first,0,1,,,Paris,Paris,,,,,,,,,,Ink 13.H.13,1496,1497,,,gw_extracted_year_range,,place_name_not_yet_geocoded,edition_level_print_statement,GW,13250,https://gesamtkatalogderwiegendrucke.de/docs/GW13250.htm,data/derived/prayer-book-corpus.csv,Printing statement shared by copies of the edition.
02115809-p001-loc01,02115809,02115809,ih00382000,ih00382000,provenance_place,intermediate,1,1,02115809-p001,02115809-p001-loc01,Vienna,Vienna,Vienna,GeoNames,2761369,https://www.geonames.org/2761369,48.20849,16.37208,Austria,,,Ink 13.H.13,,,,,undated,a,coordinates_supplied,copy_level_provenance_place,MEI,02115809-p001,https://data.cerl.org/mei/02115809,data/expanded/mei-corpus.json,
02115809-current,02115809,02115809,ih00382000,ih00382000,current_holding,last,2,1,,,"Wien, Österreichische  Nationalbibliothek",,,,,,,,AT,WienONB,"Wien, Österreichische  Nationalbibliothek",Ink 13.H.13,,,,2026-09-30,current_observation_only,,holding_institution_not_yet_geocoded,current_holding_statement,MEI,02115809,https://data.cerl.org/mei/02115809,data/expanded/mei-corpus.json,Observed as the current holding institution; no arrival date is inferred.
00200621-print,00200621,00200621,ih00383200,ih00383200,print_place,first,0,1,,,Venedig,Venedig,,,,,,,,,,Ink. 27-72,1497,1497,,,gw_extracted_year_range,,place_name_not_yet_geocoded,edition_level_print_statement,GW,13383,https://gesamtkatalogderwiegendrucke.de/docs/GW13383.htm,data/derived/prayer-book-corpus.csv,Printing statement shared by copies of the edition.
00200621-current,00200621,00200621,ih00383200,ih00383200,current_holding,last,1,1,,,"Wien, Österreichische  Nationalbibliothek",,,,,,,,AT,WienONB,"Wien, Österreichische  Nationalbibliothek",Ink. 27-72,,,,2026-09-30,current_observation_only,,holding_institution_not_yet_geocoded,current_holding_statement,MEI,00200621,https://data.cerl.org/mei/00200621,data/expanded/mei-corpus.json,Observed as the current holding institution; no arrival date is inferred.
02108010-print,02108010,02108010,ih00383200,ih00383200,print_place,first,0,1,,,Venedig,Venedig,,,,,,,,,,Ink 27-72,1497,1497,,,gw_extracted_year_range,,place_name_not_yet_geocoded,edition_level_print_statement,GW,13383,https://gesamtkatalogderwiegendrucke.de/docs/GW13383.htm,data/derived/prayer-book-corpus.csv,Printing statement shared by copies of the edition.
02108010-p001-loc01,02108010,02108010,ih00383200,ih00383200,provenance_place,intermediate,1,1,02108010-p001,02108010-p001-loc01,Vienna,Vienna,Vienna,GeoNames,2761369,https://www.geonames.org/2761369,48.20849,16.37208,Austria,,,Ink 27-72,,,,,undated,a,coordinates_supplied,copy_level_provenance_place,MEI,02108010-p001,https://data.cerl.org/mei/02108010,data/expanded/mei-corpus.json,
02108010-current,02108010,02108010,ih00383200,ih00383200,current_holding,last,2,1,,,"Wien, Österreichische  Nationalbibliothek",,,,,,,,AT,WienONB,"Wien, Österreichische  Nationalbibliothek",Ink 27-72,,,,2026-09-30,current_observation_only,,holding_institution_not_yet_geocoded,current_holding_statement,MEI,02108010,https://data.cerl.org/mei/02108010,data/expanded/mei-corpus.json,Observed as the current holding institution; no arrival date is inferred.
00205892-print,00205892,00205892,ih00383500,ih00383500,print_place,first,0,1,,,Paris,Paris,,,,,,,,,,Broxb. 77.2.,1497,1497,,,gw_extracted_year_range,,place_name_not_yet_geocoded,edition_level_print_statement,GW,13252,https://gesamtkatalogderwiegendrucke.de/docs/GW13252.htm,data/derived/prayer-book-corpus.csv,Printing statement shared by copies of the edition.
00205892-p004-loc01,00205892,00205892,ih00383500,ih00383500,provenance_place,intermediate,4,1,00205892-p004,00205892-p004-loc01,Oxford,Oxford,Oxford,GeoNames,2640729,https://www.geonames.org/2640729,51.75222,-1.25596,United Kingdom,,,Broxb. 77.2.,,,,,undated,,coordinates_supplied,copy_level_provenance_place,MEI,00205892-p004,https://data.cerl.org/mei/00205892,data/expanded/mei-corpus.json,
00205892-current,00205892,00205892,ih00383500,ih00383500,current_holding,last,5,1,,,"Oxford, Bodleian Library",,,,,,,,GB,OxfordBodley,"Oxford, Bodleian Library",Broxb. 77.2.,,,,2026-09-30,current_observation_only,,holding_institution_not_yet_geocoded,current_holding_statement,MEI,00205892,https://data.cerl.org/mei/00205892,data/expanded/mei-corpus.json,Observed as the current holding institution; no arrival date is inferred.
02148434-print,02148434,02148434,ih00384000,ih00384000,print_place,first,0,1,,,Paris,Paris,,,,,,,,,,XV.VIII.267,1497,1497,,,gw_extracted_year_range,,place_name_not_yet_geocoded,edition_level_print_statement,GW,13157,https://gesamtkatalogderwiegendrucke.de/docs/GW13157.htm,data/derived/prayer-book-corpus.csv,Printing statement shared by copies of the edition.
02148434-p003-loc01,02148434,02148434,ih00384000,ih00384000,provenance_place,intermediate,3,1,02148434-p003,02148434-p003-loc01,Turin,Torino,Turin,GeoNames,3165524,https://www.geonames.org/3165524,45.07049,7.68682,Italy,,,XV.VIII.267,1720,,18,,mei_timeperiod,,coordinates_supplied,copy_level_provenance_place,MEI,02148434-p003,https://data.cerl.org/mei/02148434,data/expanded/mei-corpus.json,
02148434-current,02148434,02148434,ih00384000,ih00384000,current_holding,last,4,1,,,"Torino, Biblioteca Nazionale Universitaria",,,,,,,,IT,TorinoN,"Torino, Biblioteca Nazionale Universitaria",XV.VIII.267,,,,2026-09-30,current_observation_only,,holding_institution_not_yet_geocoded,current_holding_statement,MEI,02148434,https://data.cerl.org/mei/02148434,data/expanded/mei-corpus.json,Observed as the current holding institution; no arrival date is inferred.
02018156-print,02018156,02018156,ih00385000,ih00385000,print_place,first,0,1,,,Paris,Paris,,,,,,,,,,70.2.A.22,1497,1497,,,gw_extracted_year_range,,place_name_not_yet_geocoded,edition_level_print_statement,GW,13196,https://gesamtkatalogderwiegendrucke.de/docs/GW13196.htm,data/derived/prayer-book-corpus.csv,Printing statement shared by copies of the edition.
02018156-p002-loc01,02018156,02018156,ih00385000,ih00385000,provenance_place,intermediate,2,1,02018156-p002,02018156-p002-loc01,Rome,Roma,Rome,GeoNames,3169070,https://www.geonames.org/3169070,41.89193,12.51133,Italy,,,70.2.A.22,1876,,19,,mei_timeperiod,a,coordinates_supplied,copy_level_provenance_place,MEI,02018156-p002,https://data.cerl.org/mei/02018156,data/expanded/mei-corpus.json,
02018156-current,02018156,02018156,ih00385000,ih00385000,current_holding,last,3,1,,,"Roma, Biblioteca Nazionale Centrale Vittorio Emanuele II",,,,,,,,IT,RomaN,"Roma, Biblioteca Nazionale Centrale Vittorio Emanuele II",70.2.A.22,,,,2026-09-30,current_observation_only,,holding_institution_not_yet_geocoded,current_holding_statement,MEI,02018156,https://data.cerl.org/mei/02018156,data/expanded/mei-corpus.json,Observed as the current holding institution; no arrival date is inferred.
02003343-print,02003343,02003343,ih00386050,ih00386050,print_place,first,0,1,,,Paris,Paris,,,,,,,,,,Inc.G.VII.11,1497,1497,,,gw_extracted_year_range,,place_name_not_yet_geocoded,edition_level_print_statement,GW,13197,https://gesamtkatalogderwiegendrucke.de/docs/GW13197.htm,data/derived/prayer-book-corpus.csv,Printing statement shared by copies of the edition.
02003343-p001-loc01,02003343,02003343,ih00386050,ih00386050,provenance_place,intermediate,1,1,02003343-p001,02003343-p001-loc01,Mantova,Mantova,Mantova,GeoNames,3174051,https://www.geonames.org/3174051,45.16031,10.79784,Italy,,,Inc.G.VII.11,1501,,16,,mei_timeperiod,a,coordinates_supplied,copy_level_provenance_place,MEI,02003343-p001,https://data.cerl.org/mei/02003343,data/expanded/mei-corpus.json,
02003343-current,02003343,02003343,ih00386050,ih00386050,current_holding,last,2,1,,,"Brescia, Biblioteca Queriniana",,,,,,,,IT,BresciaC,"Brescia, Biblioteca Queriniana",Inc.G.VII.11,,,,2026-09-30,current_observation_only,,holding_institution_not_yet_geocoded,current_holding_statement,MEI,02003343,https://data.cerl.org/mei/02003343,data/expanded/mei-corpus.json,Observed as the current holding institution; no arrival date is inferred.
00200623-print,00200623,00200623,ih00388800,ih00388800,print_place,first,0,1,,,Venedig,Venedig,,,,,,,,,,Rés. Vélins 1475,1497,1497,,,gw_extracted_year_range,,place_name_not_yet_geocoded,edition_level_print_statement,GW,13384,https://gesamtkatalogderwiegendrucke.de/docs/GW13384.htm,data/derived/prayer-book-corpus.csv,Printing statement shared by copies of the edition.
00200623-current,00200623,00200623,ih00388800,ih00388800,current_holding,last,1,1,,,"Paris, Bibliothèque nationale de France",,,,,,,,FR,ParisBN,"Paris, Bibliothèque nationale de France",Rés. Vélins 1475,,,,2026-09-30,current_observation_only,,holding_institution_not_yet_geocoded,current_holding_statement,MEI,00200623,https://data.cerl.org/mei/00200623,data/expanded/mei-corpus.json,Observed as the current holding institution; no arrival date is inferred.
00200622-print,00200622,00200622,ih00388800,ih00388800,print_place,first,0,1,,,Venedig,Venedig,,,,,,,,,,Triv. Inc. E 25,1497,1497,,,gw_extracted_year_range,,place_name_not_yet_geocoded,edition_level_print_statement,GW,13384,https://gesamtkatalogderwiegendrucke.de/docs/GW13384.htm,data/derived/prayer-book-corpus.csv,Printing statement shared by copies of the edition.
00200622-p001-loc01,00200622,00200622,ih00388800,ih00388800,provenance_place,intermediate,1,1,00200622-p001,00200622-p001-loc01,Verona,Verona,Verona,GeoNames,3164527,https://www.geonames.org/3164527,45.43854,10.9938,Italy,,,Triv. Inc. E 25,1497,1500,15,,mei_timeperiod,,coordinates_supplied,copy_level_provenance_place,MEI,00200622-p001,https://data.cerl.org/mei/00200622,data/expanded/mei-corpus.json,
00200622-p003-loc01,00200622,00200622,ih00388800,ih00388800,provenance_place,intermediate,3,1,00200622-p003,00200622-p003-loc01,Milan,Milan,Milan,GeoNames,6542283,https://www.geonames.org/6542283,45.46416,9.19199,Italy,,,Triv. Inc. E 25,1715,1789,18,,mei_timeperiod,,coordinates_supplied,copy_level_provenance_place,MEI,00200622-p003,https://data.cerl.org/mei/00200622,data/expanded/mei-corpus.json,
00200622-p004-loc01,00200622,00200622,ih00388800,ih00388800,provenance_place,intermediate,4,1,00200622-p004,00200622-p004-loc01,Milan,Milan,Milan,GeoNames,3173435,https://www.geonames.org/3173435,45.46427,9.18951,Italy,,,Triv. Inc. E 25,1935,,20,,mei_timeperiod,a,coordinates_supplied,copy_level_provenance_place,MEI,00200622-p004,https://data.cerl.org/mei/00200622,data/expanded/mei-corpus.json,
00200622-current,00200622,00200622,ih00388800,ih00388800,current_holding,last,5,1,,,"Milano, Archivio Storico Civico e Biblioteca Trivulziana",,,,,,,,IT,MilanoTriv,"Milano, Archivio Storico Civico e Biblioteca Trivulziana",Triv. Inc. E 25,,,,2026-09-30,current_observation_only,,holding_institution_not_yet_geocoded,current_holding_statement,MEI,00200622,https://data.cerl.org/mei/00200622,data/expanded/mei-corpus.json,Observed as the current holding institution; no arrival date is inferred.
00206978-print,00206978,00206978,ih00389000,ih00389000,print_place,first,0,1,,,Paris,Paris,,,,,,,,,,Lawn f.1.,1497,1498,,,gw_extracted_year_range,,place_name_not_yet_geocoded,edition_level_print_statement,GW,13194,https://gesamtkatalogderwiegendrucke.de/docs/GW13194.htm,data/derived/prayer-book-corpus.csv,Printing statement shared by copies of the edition.
00206978-p004-loc01,00206978,00206978,ih00389000,ih00389000,provenance_place,intermediate,4,1,00206978-p004,00206978-p004-loc01,Oxford,Oxford,Oxford,GeoNames,2640729,https://www.geonames.org/2640729,51.75222,-1.25596,United Kingdom,,,Lawn f.1.,,,,,undated,,coordinates_supplied,copy_level_provenance_place,MEI,00206978-p004,https://data.cerl.org/mei/00206978,data/expanded/mei-corpus.json,
00206978-current,00206978,00206978,ih00389000,ih00389000,current_holding,last,5,1,,,"Oxford, Bodleian Library",,,,,,,,GB,OxfordBodley,"Oxford, Bodleian Library",Lawn f.1.,,,,2026-09-30,current_observation_only,,holding_institution_not_yet_geocoded,current_holding_statement,MEI,00206978,https://data.cerl.org/mei/00206978,data/expanded/mei-corpus.json,Observed as the current holding institution; no arrival date is inferred.
00200624-print,00200624,00200624,ih00389500,ih00389500,print_place,first,0,1,,,Venedig,Venedig,,,,,,,,,,Inc. Parm. 24,1497,1497,,,gw_extracted_year_range,,place_name_not_yet_geocoded,edition_level_print_statement,GW,13385,https://gesamtkatalogderwiegendrucke.de/docs/GW13385.htm,data/derived/prayer-book-corpus.csv,Printing statement shared by copies of the edition.
00200624-current,00200624,00200624,ih00389500,ih00389500,current_holding,last,1,1,,,"Parma, Biblioteca Palatina",,,,,,,,IT,ParmaPal,"Parma, Biblioteca Palatina",Inc. Parm. 24,,,,2026-09-30,current_observation_only,,holding_institution_not_yet_geocoded,current_holding_statement,MEI,00200624,https://data.cerl.org/mei/00200624,data/expanded/mei-corpus.json,Observed as the current holding institution; no arrival date is inferred.
02125950-print,02125950,02125950,ih00389800,ih00389800,print_place,first,0,1,,,Paris,Paris,,,,,,,,,,"London, Bernard Quaritch, 2018",1497,1497,,,gw_extracted_year_range,,place_name_not_yet_geocoded,edition_level_print_statement,GW,13200,https://gesamtkatalogderwiegendrucke.de/docs/GW13200.htm,data/derived/prayer-book-corpus.csv,Printing statement shared by copies of the edition.
02125950-p004-loc01,02125950,02125950,ih00389800,ih00389800,provenance_place,intermediate,4,1,02125950-p004,02125950-p004-loc01,Valladolid,Valladolid,Valladolid,GeoNames,3106672,https://www.geonames.org/3106672,41.65541,-4.72353,Spain,,,"London, Bernard Quaritch, 2018",1650,1750,17 | 18,,mei_timeperiod,a,coordinates_supplied,copy_level_provenance_place,MEI,02125950-p004,https://data.cerl.org/mei/02125950,data/expanded/mei-corpus.json,
02125950-p005-loc01,02125950,02125950,ih00389800,ih00389800,provenance_place,intermediate,5,1,02125950-p005,02125950-p005-loc01,Valladolid,Valladolid,Valladolid,GeoNames,3106672,https://www.geonames.org/3106672,41.65541,-4.72353,Spain,,,"London, Bernard Quaritch, 2018",1750,1835,18 | 19,,mei_timeperiod,a,coordinates_supplied,copy_level_provenance_place,MEI,02125950-p005,https://data.cerl.org/mei/02125950,data/expanded/mei-corpus.json,
02125950-p006-loc01,02125950,02125950,ih00389800,ih00389800,provenance_place,intermediate,6,1,02125950-p006,02125950-p006-loc01,Salamanca,Salamanca,Salamanca,GeoNames,3111108,https://www.geonames.org/3111108,40.96882,-5.66388,Spain,,,"London, Bernard Quaritch, 2018",1860,1886,19,,mei_timeperiod,a,coordinates_supplied,copy_level_provenance_place,MEI,02125950-p006,https://data.cerl.org/mei/02125950,data/expanded/mei-corpus.json,
02125950-p007-loc01,02125950,02125950,ih00389800,ih00389800,provenance_place,intermediate,7,1,02125950-p007,02125950-p007-loc01,Geneva,Geneva,Geneva,GeoNames,2660646,https://www.geonames.org/2660646,46.20222,6.14569,Switzerland,,,"London, Bernard Quaritch, 2018",1950,1971,20,,mei_timeperiod,a,coordinates_supplied,copy_level_provenance_place,MEI,02125950-p007,https://data.cerl.org/mei/02125950,data/expanded/mei-corpus.json,
02125950-p008-loc01,02125950,02125950,ih00389800,ih00389800,provenance_place,intermediate,8,1,02125950-p008,02125950-p008-loc01,London,London,London,GeoNames,2643743,https://www.geonames.org/2643743,51.50853,-0.12574,United Kingdom,,,"London, Bernard Quaritch, 2018",2017,,21,,mei_timeperiod,a,coordinates_supplied,copy_level_provenance_place,MEI,02125950-p008,https://data.cerl.org/mei/02125950,data/expanded/mei-corpus.json,
02125950-current,02125950,02125950,ih00389800,ih00389800,current_holding,last,9,1,,,Trade Copy,,,,,,,,,TradeCopy,Trade Copy,"London, Bernard Quaritch, 2018",,,,2026-09-30,current_observation_only,,holding_institution_not_yet_geocoded,current_holding_statement,MEI,02125950,https://data.cerl.org/mei/02125950,data/expanded/mei-corpus.json,Observed as the current holding institution; no arrival date is inferred.
02154477-print,02154477,02154477,ih00390000,ih00390000,print_place,first,0,1,,,Paris,Paris,,,,,,,,,,Inc. 24,1497,1497,,,gw_extracted_year_range,,place_name_not_yet_geocoded,edition_level_print_statement,GW,13310,https://gesamtkatalogderwiegendrucke.de/docs/GW13310.htm,data/derived/prayer-book-corpus.csv,Printing statement shared by copies of the edition.
02154477-p001-loc01,02154477,02154477,ih00390000,ih00390000,provenance_place,intermediate,1,1,02154477-p001,02154477-p001-loc01,Valletta,Valletta,Valletta,GeoNames,8334638,https://www.geonames.org/8334638,35.89833,14.5125,Malta,,,Inc. 24,1760,,18,1760-,mei_timeperiod,a,coordinates_supplied,copy_level_provenance_place,MEI,02154477-p001,https://data.cerl.org/mei/02154477,data/expanded/mei-corpus.json,
02154477-current,02154477,02154477,ih00390000,ih00390000,current_holding,last,2,1,,,"Valletta, National Library of Malta",,,,,,,,MT,VallettaNL,"Valletta, National Library of Malta",Inc. 24,,,,2026-09-30,current_observation_only,,holding_institution_not_yet_geocoded,current_holding_statement,MEI,02154477,https://data.cerl.org/mei/02154477,data/expanded/mei-corpus.json,Observed as the current holding institution; no arrival date is inferred.
00200656-print,00200656,00200656,ih00391000,ih00391000,print_place,first,0,1,,,Venedig,Venedig,,,,,,,,,,Inc. 3,1497,1497,,,gw_extracted_year_range,,place_name_not_yet_geocoded,edition_level_print_statement,GW,13396,https://gesamtkatalogderwiegendrucke.de/docs/GW13396.htm,data/derived/prayer-book-corpus.csv,Printing statement shared by copies of the edition.
00200656-p001-loc01,00200656,00200656,ih00391000,ih00391000,provenance_place,intermediate,1,1,00200656-p001,00200656-p001-loc01,Venice,Venice,Venice,GeoNames,3164603,https://www.geonames.org/3164603,45.43713,12.33265,Italy,,,Inc. 3,1500,1600,15 | 16,,mei_timeperiod,a,coordinates_supplied,copy_level_provenance_place,MEI,00200656-p001,https://data.cerl.org/mei/00200656,data/expanded/mei-corpus.json,Presumed.
00200656-p002-loc01,00200656,00200656,ih00391000,ih00391000,provenance_place,intermediate,2,1,00200656-p002,00200656-p002-loc01,Verona,Verona,Verona,GeoNames,3164527,https://www.geonames.org/3164527,45.43854,10.9938,Italy,,,Inc. 3,1819,1827,19,1919,mei_timeperiod,a,coordinates_supplied,copy_level_provenance_place,MEI,00200656-p002,https://data.cerl.org/mei/00200656,data/expanded/mei-corpus.json,
00200656-p003-loc01,00200656,00200656,ih00391000,ih00391000,provenance_place,intermediate,3,1,00200656-p003,00200656-p003-loc01,Verona,Verona,Verona,GeoNames,3164527,https://www.geonames.org/3164527,45.43854,10.9938,Italy,,,Inc. 3,1900,,19,,mei_timeperiod,a,coordinates_supplied,copy_level_provenance_place,MEI,00200656-p003,https://data.cerl.org/mei/00200656,data/expanded/mei-corpus.json,
00200656-current,00200656,00200656,ih00391000,ih00391000,current_holding,last,4,1,,,"Verona, Biblioteca Civica",,,,,,,,IT,VeronaC,"Verona, Biblioteca Civica",Inc. 3,,,,2026-09-30,current_observation_only,,holding_institution_not_yet_geocoded,current_holding_statement,MEI,00200656,https://data.cerl.org/mei/00200656,data/expanded/mei-corpus.json,Observed as the current holding institution; no arrival date is inferred.
00200662-print,00200662,00200662,ih00391000,ih00391000,print_place,first,0,1,,,Venedig,Venedig,,,,,,,,,,39.5,1497,1497,,,gw_extracted_year_range,,place_name_not_yet_geocoded,edition_level_print_statement,GW,13396,https://gesamtkatalogderwiegendrucke.de/docs/GW13396.htm,data/derived/prayer-book-corpus.csv,Printing statement shared by copies of the edition.
00200662-p001-loc01,00200662,00200662,ih00391000,ih00391000,provenance_place,intermediate,1,1,00200662-p001,00200662-p001-loc01,Venice,Venice,Venice,GeoNames,3164603,https://www.geonames.org/3164603,45.43713,12.33265,Italy,,,39.5,1497,1510,15 | 16,,mei_timeperiod,a,coordinates_supplied,copy_level_provenance_place,MEI,00200662-p001,https://data.cerl.org/mei/00200662,data/expanded/mei-corpus.json,
00200662-p004-loc01,00200662,00200662,ih00391000,ih00391000,provenance_place,intermediate,4,1,00200662-p004,00200662-p004-loc01,Florence,Firenze,Florence,GeoNames,3176959,https://www.geonames.org/3176959,43.77925,11.24626,Italy,,,39.5,1900,1929,19 | 20,,mei_timeperiod,a,coordinates_supplied,copy_level_provenance_place,MEI,00200662-p004,https://data.cerl.org/mei/00200662,data/expanded/mei-corpus.json,
00200662-p005-loc01,00200662,00200662,ih00391000,ih00391000,provenance_place,intermediate,5,1,00200662-p005,00200662-p005-loc01,Titusville,Titusville,,,,,,,,,,39.5,1929,1942,20,,mei_timeperiod,a,name_only,copy_level_provenance_place,MEI,00200662-p005,https://data.cerl.org/mei/00200662,data/expanded/mei-corpus.json,
00200662-p006-loc01,00200662,00200662,ih00391000,ih00391000,provenance_place,intermediate,6,1,00200662-p006,00200662-p006-loc01,"Princeton, NJ","Princeton, NJ",,,,,,,,,,39.5,1942,2014,20 | 21,,mei_timeperiod,a,name_only,copy_level_provenance_place,MEI,00200662-p006,https://data.cerl.org/mei/00200662,data/expanded/mei-corpus.json,
00200662-p007-loc01,00200662,00200662,ih00391000,ih00391000,provenance_place,intermediate,7,1,00200662-p007,00200662-p007-loc01,Princeton,Princeton,Princeton,GeoNames,5102922,https://www.geonames.org/5102922,40.34872,-74.65905,United States,,,39.5,2014,,21,,mei_timeperiod,a,coordinates_supplied,copy_level_provenance_place,MEI,00200662-p007,https://data.cerl.org/mei/00200662,data/expanded/mei-corpus.json,
00200662-current,00200662,00200662,ih00391000,ih00391000,current_holding,last,8,1,,,"Princeton NJ, Princeton University, Firestone Library, Rare Book Division",,,,,,,,US,PrincetonUL,"Princeton NJ, Princeton University, Firestone Library, Rare Book Division",39.5,,,,2026-09-30,current_observation_only,,holding_institution_not_yet_geocoded,current_holding_statement,MEI,00200662,https://data.cerl.org/mei/00200662,data/expanded/mei-corpus.json,Observed as the current holding institution; no arrival date is inferred.
00200665-print,00200665,00200665,ih00391000,ih00391000,print_place,first,0,1,,,Venedig,Venedig,,,,,,,,,,Inc. 109,1497,1497,,,gw_extracted_year_range,,place_name_not_yet_geocoded,edition_level_print_statement,GW,13396,https://gesamtkatalogderwiegendrucke.de/docs/GW13396.htm,data/derived/prayer-book-corpus.csv,Printing statement shared by copies of the edition.
00200665-p003-loc01,00200665,00200665,ih00391000,ih00391000,provenance_place,intermediate,3,1,00200665-p003,00200665-p003-loc01,Rome,Rome,Rome,GeoNames,3169070,https://www.geonames.org/3169070,41.89193,12.51133,Italy,,,Inc. 109,1876,1883,19,,mei_timeperiod,a,coordinates_supplied,copy_level_provenance_place,MEI,00200665-p003,https://data.cerl.org/mei/00200665,data/expanded/mei-corpus.json,
00200665-p004-loc01,00200665,00200665,ih00391000,ih00391000,provenance_place,intermediate,4,1,00200665-p004,00200665-p004-loc01,Rome,Rome,Rome,GeoNames,3169070,https://www.geonames.org/3169070,41.89193,12.51133,Italy,,,Inc. 109,1883,,19,,mei_timeperiod,a,coordinates_supplied,copy_level_provenance_place,MEI,00200665-p004,https://data.cerl.org/mei/00200665,data/expanded/mei-corpus.json,
00200665-current,00200665,00200665,ih00391000,ih00391000,current_holding,last,5,1,,,"Roma, Biblioteca Vallicelliana",,,,,,,,IT,RomaVall,"Roma, Biblioteca Vallicelliana",Inc. 109,,,,2026-09-30,current_observation_only,,holding_institution_not_yet_geocoded,current_holding_statement,MEI,00200665,https://data.cerl.org/mei/00200665,data/expanded/mei-corpus.json,Observed as the current holding institution; no arrival date is inferred.
00201125-print,00201125,00201125,ih00391000,ih00391000,print_place,first,0,1,,,Venedig,Venedig,,,,,,,,,,B/T 828,1497,1497,,,gw_extracted_year_range,,place_name_not_yet_geocoded,edition_level_print_statement,GW,13396,https://gesamtkatalogderwiegendrucke.de/docs/GW13396.htm,data/derived/prayer-book-corpus.csv,Printing statement shared by copies of the edition.
00201125-p001-loc01,00201125,00201125,ih00391000,ih00391000,provenance_place,intermediate,1,1,00201125-p001,00201125-p001-loc01,London,London,London,GeoNames,2643743,https://www.geonames.org/2643743,51.50853,-0.12574,United Kingdom,,,B/T 828,1841,1883,19,,mei_timeperiod,,coordinates_supplied,copy_level_provenance_place,MEI,00201125-p001,https://data.cerl.org/mei/00201125,data/expanded/mei-corpus.json,
00201125-p002-loc01,00201125,00201125,ih00391000,ih00391000,provenance_place,intermediate,2,1,00201125-p002,00201125-p002-loc01,London,London,London,GeoNames,2643743,https://www.geonames.org/2643743,51.50853,-0.12574,United Kingdom,,,B/T 828,1902,1902,20,1902,mei_timeperiod,,coordinates_supplied,copy_level_provenance_place,MEI,00201125-p002,https://data.cerl.org/mei/00201125,data/expanded/mei-corpus.json,
00201125-p003-loc01,00201125,00201125,ih00391000,ih00391000,provenance_place,intermediate,3,1,00201125-p003,00201125-p003-loc01,South Orange,South Orange,South Orange,GeoNames,5104836,https://www.geonames.org/5104836,40.74899,-74.26126,United States,,,B/T 828,1902,1908,20,,mei_timeperiod,,coordinates_supplied,copy_level_provenance_place,MEI,00201125-p003,https://data.cerl.org/mei/00201125,data/expanded/mei-corpus.json,
00201125-p005-loc01,00201125,00201125,ih00391000,ih00391000,provenance_place,intermediate,5,1,00201125-p005,00201125-p005-loc01,London,London,London,GeoNames,2643743,https://www.geonames.org/2643743,51.50853,-0.12574,United Kingdom,,,B/T 828,1922,1922,20,1922,mei_timeperiod,a,coordinates_supplied,copy_level_provenance_place,MEI,00201125-p005,https://data.cerl.org/mei/00201125,data/expanded/mei-corpus.json,
00201125-p006-loc01,00201125,00201125,ih00391000,ih00391000,provenance_place,intermediate,6,1,00201125-p006,00201125-p006-loc01,Athens,Athens,Athens,GeoNames,264371,https://www.geonames.org/264371,37.98376,23.72784,Greece,,,B/T 828,1922,,20,1902-1922,mei_timeperiod,a,coordinates_supplied,copy_level_provenance_place,MEI,00201125-p006,https://data.cerl.org/mei/00201125,data/expanded/mei-corpus.json,
00201125-current,00201125,00201125,ih00391000,ih00391000,current_holding,last,7,1,,,"Athens, Gennadius Library",,,,,,,,GR,AthensGennad,"Athens, Gennadius Library",B/T 828,,,,2026-09-30,current_observation_only,,holding_institution_not_yet_geocoded,current_holding_statement,MEI,00201125,https://data.cerl.org/mei/00201125,data/expanded/mei-corpus.json,Observed as the current holding institution; no arrival date is inferred.
00200636-print,00200636,00200636,ih00391000,ih00391000,print_place,first,0,1,,,Venedig,Venedig,,,,,,,,,,D'Elci 926,1497,1497,,,gw_extracted_year_range,,place_name_not_yet_geocoded,edition_level_print_statement,GW,13396,https://gesamtkatalogderwiegendrucke.de/docs/GW13396.htm,data/derived/prayer-book-corpus.csv,Printing statement shared by copies of the edition.
00200636-p002-loc01,00200636,00200636,ih00391000,ih00391000,provenance_place,intermediate,2,1,00200636-p002,00200636-p002-loc01,Florence,Florence,Florence,GeoNames,3176959,https://www.geonames.org/3176959,43.77925,11.24626,Italy,,,D'Elci 926,1792,1818,18 | 19,,mei_timeperiod,,coordinates_supplied,copy_level_provenance_place,MEI,00200636-p002,https://data.cerl.org/mei/00200636,data/expanded/mei-corpus.json,
00200636-p003-loc01,00200636,00200636,ih00391000,ih00391000,provenance_place,intermediate,3,1,00200636-p003,00200636-p003-loc01,Florence,Florence,Florence,GeoNames,3176959,https://www.geonames.org/3176959,43.77925,11.24626,Italy,,,D'Elci 926,1818,,19,,mei_timeperiod,,coordinates_supplied,copy_level_provenance_place,MEI,00200636-p003,https://data.cerl.org/mei/00200636,data/expanded/mei-corpus.json,
00200636-current,00200636,00200636,ih00391000,ih00391000,current_holding,last,4,1,,,"Firenze, Biblioteca Medicea Laurenziana",,,,,,,,IT,FirenzeLaur,"Firenze, Biblioteca Medicea Laurenziana",D'Elci 926,,,,2026-09-30,current_observation_only,,holding_institution_not_yet_geocoded,current_holding_statement,MEI,00200636,https://data.cerl.org/mei/00200636,data/expanded/mei-corpus.json,Observed as the current holding institution; no arrival date is inferred.
00200625-print,00200625,00200625,ih00391000,ih00391000,print_place,first,0,1,,,Venedig,Venedig,,,,,,,,,,91.1273,1497,1497,,,gw_extracted_year_range,,place_name_not_yet_geocoded,edition_level_print_statement,GW,13396,https://gesamtkatalogderwiegendrucke.de/docs/GW13396.htm,data/derived/prayer-book-corpus.csv,Printing statement shared by copies of the edition.
00200625-p001-loc01,00200625,00200625,ih00391000,ih00391000,provenance_place,intermediate,1,1,00200625-p001,00200625-p001-loc01,Lutherstadt Wittenberg,Wittenberg,Lutherstadt Wittenberg,GeoNames,6548975,https://www.geonames.org/6548975,51.87437,12.60603,Germany,,,91.1273,1520,1520,16,1520,mei_timeperiod,,coordinates_supplied,copy_level_provenance_place,MEI,00200625-p001,https://data.cerl.org/mei/00200625,data/expanded/mei-corpus.json,
00200625-p002-loc01,00200625,00200625,ih00391000,ih00391000,provenance_place,intermediate,2,1,00200625-p002,00200625-p002-loc01,Wroclaw,Wroclaw,Wroclaw,GeoNames,3081368,https://www.geonames.org/3081368,51.10286,17.03006,Poland,,,91.1273,1500,1547,15 | 16,,mei_timeperiod,,coordinates_supplied,copy_level_provenance_place,MEI,00200625-p002,https://data.cerl.org/mei/00200625,data/expanded/mei-corpus.json,
00200625-p003-loc01,00200625,00200625,ih00391000,ih00391000,provenance_place,intermediate,3,1,00200625-p003,00200625-p003-loc01,Ingolstadt,Ingolstadt,Ingolstadt,GeoNames,2895992,https://www.geonames.org/2895992,48.76508,11.42372,Germany,,,91.1273,1547,1564,16,,mei_timeperiod,,coordinates_supplied,copy_level_provenance_place,MEI,00200625-p003,https://data.cerl.org/mei/00200625,data/expanded/mei-corpus.json,
00200625-p005-loc01,00200625,00200625,ih00391000,ih00391000,provenance_place,intermediate,5,1,00200625-p005,00200625-p005-loc01,New York,New York,New York,GeoNames,5128581,https://www.geonames.org/5128581,40.71427,-74.00597,United States,,,91.1273,1860,1912,19 | 20,,mei_timeperiod,,coordinates_supplied,copy_level_provenance_place,MEI,00200625-p005,https://data.cerl.org/mei/00200625,data/expanded/mei-corpus.json,
00200625-p006-loc01,00200625,00200625,ih00391000,ih00391000,provenance_place,intermediate,6,1,00200625-p006,00200625-p006-loc01,Ruxton,"Ruxton, Maryland",Ruxton,GeoNames,4367559,https://www.geonames.org/4367559,39.40011,-76.64469,United States,,,91.1273,2002,2002,21,2002,mei_timeperiod,,coordinates_supplied,copy_level_provenance_place,MEI,00200625-p006,https://data.cerl.org/mei/00200625,data/expanded/mei-corpus.json,
00200625-p007-loc01,00200625,00200625,ih00391000,ih00391000,provenance_place,intermediate,7,1,00200625-p007,00200625-p007-loc01,Baltimore,Baltimore,Baltimore,GeoNames,4347778,https://www.geonames.org/4347778,39.29038,-76.61219,United States,,,91.1273,2002,,21,,mei_timeperiod,,coordinates_supplied,copy_level_provenance_place,MEI,00200625-p007,https://data.cerl.org/mei/00200625,data/expanded/mei-corpus.json,
00200625-current,00200625,00200625,ih00391000,ih00391000,current_holding,last,8,1,,,"Baltimore MD, The Walters Art Museum Library",,,,,,,,US,BaltimoreMDWalters,"Baltimore MD, The Walters Art Museum Library",91.1273,,,,2026-09-30,current_observation_only,,holding_institution_not_yet_geocoded,current_holding_statement,MEI,00200625,https://data.cerl.org/mei/00200625,data/expanded/mei-corpus.json,Observed as the current holding institution; no arrival date is inferred.
00200634-print,00200634,00200634,ih00391000,ih00391000,print_place,first,0,1,,,Venedig,Venedig,,,,,,,,,,WKR 2.3.15,1497,1497,,,gw_extracted_year_range,,place_name_not_yet_geocoded,edition_level_print_statement,GW,13396,https://gesamtkatalogderwiegendrucke.de/docs/GW13396.htm,data/derived/prayer-book-corpus.csv,Printing statement shared by copies of the edition.
00200634-p002-loc01,00200634,00200634,ih00391000,ih00391000,provenance_place,intermediate,2,1,00200634-p002,00200634-p002-loc01,Welshpool,Welshpool,Welshpool,GeoNames,2634560,https://www.geonames.org/2634560,52.65973,-3.1471,United Kingdom,,,WKR 2.3.15,1820,1923,19 | 20,,mei_timeperiod,a,coordinates_supplied,copy_level_provenance_place,MEI,00200634-p002,https://data.cerl.org/mei/00200634,data/expanded/mei-corpus.json,
00200634-p003-loc01,00200634,00200634,ih00391000,ih00391000,provenance_place,intermediate,3,1,00200634-p003,00200634-p003-loc01,London,London,London,GeoNames,2643743,https://www.geonames.org/2643743,51.50853,-0.12574,United Kingdom,,,WKR 2.3.15,1923,1932,20,,mei_timeperiod,a,coordinates_supplied,copy_level_provenance_place,MEI,00200634-p003,https://data.cerl.org/mei/00200634,data/expanded/mei-corpus.json,
00200634-p004-loc01,00200634,00200634,ih00391000,ih00391000,provenance_place,intermediate,4,1,00200634-p004,00200634-p004-loc01,Boston,Boston,Boston,GeoNames,4930956,https://www.geonames.org/4930956,42.35843,-71.05977,United States,,,WKR 2.3.15,1932,1951,20,,mei_timeperiod,a,coordinates_supplied,copy_level_provenance_place,MEI,00200634-p004,https://data.cerl.org/mei/00200634,data/expanded/mei-corpus.json,
00200634-p005-loc01,00200634,00200634,ih00391000,ih00391000,provenance_place,intermediate,5,1,00200634-p005,00200634-p005-loc01,Cambridge,Cambridge,Cambridge,GeoNames,4931972,https://www.geonames.org/4931972,42.3751,-71.10561,United States,,,WKR 2.3.15,1951,,20,,mei_timeperiod,a,coordinates_supplied,copy_level_provenance_place,MEI,00200634-p005,https://data.cerl.org/mei/00200634,data/expanded/mei-corpus.json,
00200634-current,00200634,00200634,ih00391000,ih00391000,current_holding,last,6,1,,,"Cambridge MA, Harvard University, Houghton Library",,,,,,,,US,HarvardHoughton,"Cambridge MA, Harvard University, Houghton Library",WKR 2.3.15,,,,2026-09-30,current_observation_only,,holding_institution_not_yet_geocoded,current_holding_statement,MEI,00200634,https://data.cerl.org/mei/00200634,data/expanded/mei-corpus.json,Observed as the current holding institution; no arrival date is inferred.
00200635-print,00200635,00200635,ih00391000,ih00391000,print_place,first,0,1,,,Venedig,Venedig,,,,,,,,,,VI-F-028,1497,1497,,,gw_extracted_year_range,,place_name_not_yet_geocoded,edition_level_print_statement,GW,13396,https://gesamtkatalogderwiegendrucke.de/docs/GW13396.htm,data/derived/prayer-book-corpus.csv,Printing statement shared by copies of the edition.
00200635-p002-loc01,00200635,00200635,ih00391000,ih00391000,provenance_place,intermediate,2,1,00200635-p002,00200635-p002-loc01,Milan,Milano,Milan,GeoNames,3173435,https://www.geonames.org/3173435,45.46427,9.18951,Italy,,,VI-F-028,,1856,15 | 16 | 17 | 18 | 19,1857,mei_timeperiod,,coordinates_supplied,copy_level_provenance_place,MEI,00200635-p002,https://data.cerl.org/mei/00200635,data/expanded/mei-corpus.json,
00200635-p003-loc01,00200635,00200635,ih00391000,ih00391000,provenance_place,intermediate,3,1,00200635-p003,00200635-p003-loc01,Chantilly,Chantilly,Chantilly,GeoNames,3026827,https://www.geonames.org/3026827,49.19461,2.47124,France,,,VI-F-028,1857,1886,19,,mei_timeperiod,,coordinates_supplied,copy_level_provenance_place,MEI,00200635-p003,https://data.cerl.org/mei/00200635,data/expanded/mei-corpus.json,
00200635-current,00200635,00200635,ih00391000,ih00391000,current_holding,last,4,1,,,"Chantilly, Musée Condé",,,,,,,,FR,ChantillyMConde,"Chantilly, Musée Condé",VI-F-028,,,,2026-09-30,current_observation_only,,holding_institution_not_yet_geocoded,current_holding_statement,MEI,00200635,https://data.cerl.org/mei/00200635,data/expanded/mei-corpus.json,Observed as the current holding institution; no arrival date is inferred.
00200648-print,00200648,00200648,ih00391000,ih00391000,print_place,first,0,1,,,Venedig,Venedig,,,,,,,,,,Inc. 950 1e p.,1497,1497,,,gw_extracted_year_range,,place_name_not_yet_geocoded,edition_level_print_statement,GW,13396,https://gesamtkatalogderwiegendrucke.de/docs/GW13396.htm,data/derived/prayer-book-corpus.csv,Printing statement shared by copies of the edition.
00200648-p001-loc01,00200648,00200648,ih00391000,ih00391000,provenance_place,intermediate,1,1,00200648-p001,00200648-p001-loc01,Paris,Paris,Paris,GeoNames,2988507,https://www.geonames.org/2988507,48.85341,2.3488,France,,,Inc. 950 1e p.,1620,1654,17,,mei_timeperiod,b,coordinates_supplied,copy_level_provenance_place,MEI,00200648-p001,https://data.cerl.org/mei/00200648,data/expanded/mei-corpus.json,
00200648-p002-loc01,00200648,00200648,ih00391000,ih00391000,provenance_place,intermediate,2,1,00200648-p002,00200648-p002-loc01,Paris,Paris,Paris,GeoNames,2988507,https://www.geonames.org/2988507,48.85341,2.3488,France,,,Inc. 950 1e p.,1654,1789,17 | 18,,mei_timeperiod,a,coordinates_supplied,copy_level_provenance_place,MEI,00200648-p002,https://data.cerl.org/mei/00200648,data/expanded/mei-corpus.json,
00200648-p003-loc01,00200648,00200648,ih00391000,ih00391000,provenance_place,intermediate,3,1,00200648-p003,00200648-p003-loc01,Paris,Paris,Paris,GeoNames,2988507,https://www.geonames.org/2988507,48.85341,2.3488,France,,,Inc. 950 1e p.,1791,,18,,mei_timeperiod,a,coordinates_supplied,copy_level_provenance_place,MEI,00200648-p003,https://data.cerl.org/mei/00200648,data/expanded/mei-corpus.json,
00200648-current,00200648,00200648,ih00391000,ih00391000,current_holding,last,4,1,,,"Paris, Bibliothèque Mazarine",,,,,,,,FR,ParisMazarine,"Paris, Bibliothèque Mazarine",Inc. 950 1e p.,,,,2026-09-30,current_observation_only,,holding_institution_not_yet_geocoded,current_holding_statement,MEI,00200648,https://data.cerl.org/mei/00200648,data/expanded/mei-corpus.json,Observed as the current holding institution; no arrival date is inferred.
00200651-print,00200651,00200651,ih00391000,ih00391000,print_place,first,0,1,,,Venedig,Venedig,,,,,,,,,,Rés. B. 13619,1497,1497,,,gw_extracted_year_range,,place_name_not_yet_geocoded,edition_level_print_statement,GW,13396,https://gesamtkatalogderwiegendrucke.de/docs/GW13396.htm,data/derived/prayer-book-corpus.csv,Printing statement shared by copies of the edition.
00200651-p002-loc01,00200651,00200651,ih00391000,ih00391000,provenance_place,intermediate,2,1,00200651-p002,00200651-p002-loc01,Paris,Paris,Paris,GeoNames,2988507,https://www.geonames.org/2988507,48.85341,2.3488,France,,,Rés. B. 13619,1800,,18,,mei_timeperiod,a,coordinates_supplied,copy_level_provenance_place,MEI,00200651-p002,https://data.cerl.org/mei/00200651,data/expanded/mei-corpus.json,
00200651-current,00200651,00200651,ih00391000,ih00391000,current_holding,last,3,1,,,"Paris, Bibliothèque nationale de France",,,,,,,,FR,ParisBN,"Paris, Bibliothèque nationale de France",Rés. B. 13619,,,,2026-09-30,current_observation_only,,holding_institution_not_yet_geocoded,current_holding_statement,MEI,00200651,https://data.cerl.org/mei/00200651,data/expanded/mei-corpus.json,Observed as the current holding institution; no arrival date is inferred.
00200654-print,00200654,00200654,ih00391000,ih00391000,print_place,first,0,1,,,Venedig,Venedig,,,,,,,,,,Inc. Ross. 987,1497,1497,,,gw_extracted_year_range,,place_name_not_yet_geocoded,edition_level_print_statement,GW,13396,https://gesamtkatalogderwiegendrucke.de/docs/GW13396.htm,data/derived/prayer-book-corpus.csv,Printing statement shared by copies of the edition.
00200654-p002-loc01,00200654,00200654,ih00391000,ih00391000,provenance_place,intermediate,2,1,00200654-p002,00200654-p002-loc01,Vienna,Vienna,Vienna,GeoNames,2761369,https://www.geonames.org/2761369,48.20849,16.37208,Austria,,,Inc. Ross. 987,1838,1854,19,,mei_timeperiod,a,coordinates_supplied,copy_level_provenance_place,MEI,00200654-p002,https://data.cerl.org/mei/00200654,data/expanded/mei-corpus.json,
00200654-p003-loc01,00200654,00200654,ih00391000,ih00391000,provenance_place,intermediate,3,1,00200654-p003,00200654-p003-loc01,Vienna,Vienna,Vienna,GeoNames,2761369,https://www.geonames.org/2761369,48.20849,16.37208,Austria,,,Inc. Ross. 987,1855,1921,19 | 20,,mei_timeperiod,a,coordinates_supplied,copy_level_provenance_place,MEI,00200654-p003,https://data.cerl.org/mei/00200654,data/expanded/mei-corpus.json,
00200654-p004-loc01,00200654,00200654,ih00391000,ih00391000,provenance_place,intermediate,4,1,00200654-p004,00200654-p004-loc01,Vatican City,Città del Vaticano,Vatican City,GeoNames,3164670,https://www.geonames.org/3164670,41.90225,12.4533,Vatican City,,,Inc. Ross. 987,1922,,20,,mei_timeperiod,a,coordinates_supplied,copy_level_provenance_place,MEI,00200654-p004,https://data.cerl.org/mei/00200654,data/expanded/mei-corpus.json,
00200654-current,00200654,00200654,ih00391000,ih00391000,current_holding,last,5,1,,,"Città del Vaticano, Biblioteca Apostolica Vaticana",,,,,,,,VA,VaticanoBAV,"Città del Vaticano, Biblioteca Apostolica Vaticana",Inc. Ross. 987,,,,2026-09-30,current_observation_only,,holding_institution_not_yet_geocoded,current_holding_statement,MEI,00200654,https://data.cerl.org/mei/00200654,data/expanded/mei-corpus.json,Observed as the current holding institution; no arrival date is inferred.
00200655-print,00200655,00200655,ih00391000,ih00391000,print_place,first,0,1,,,Venedig,Venedig,,,,,,,,,,Inc. VI 6,1497,1497,,,gw_extracted_year_range,,place_name_not_yet_geocoded,edition_level_print_statement,GW,13396,https://gesamtkatalogderwiegendrucke.de/docs/GW13396.htm,data/derived/prayer-book-corpus.csv,Printing statement shared by copies of the edition.
00200655-p002-loc01,00200655,00200655,ih00391000,ih00391000,provenance_place,intermediate,2,1,00200655-p002,00200655-p002-loc01,Rome,Rome,Rome,GeoNames,3169070,https://www.geonames.org/3169070,41.89193,12.51133,Italy,,,Inc. VI 6,1800,,18,,mei_timeperiod,a,coordinates_supplied,copy_level_provenance_place,MEI,00200655-p002,https://data.cerl.org/mei/00200655,data/expanded/mei-corpus.json,
00200655-current,00200655,00200655,ih00391000,ih00391000,current_holding,last,3,1,,,"Città del Vaticano, Biblioteca Apostolica Vaticana",,,,,,,,VA,VaticanoBAV,"Città del Vaticano, Biblioteca Apostolica Vaticana",Inc. VI 6,,,,2026-09-30,current_observation_only,,holding_institution_not_yet_geocoded,current_holding_statement,MEI,00200655,https://data.cerl.org/mei/00200655,data/expanded/mei-corpus.json,Observed as the current holding institution; no arrival date is inferred.
00200661-print,00200661,00200661,ih00391000,ih00391000,print_place,first,0,1,,,Venedig,Venedig,,,,,,,,,,L.83,1497,1497,,,gw_extracted_year_range,,place_name_not_yet_geocoded,edition_level_print_statement,GW,13396,https://gesamtkatalogderwiegendrucke.de/docs/GW13396.htm,data/derived/prayer-book-corpus.csv,Printing statement shared by copies of the edition.
00200661-p002-loc01,00200661,00200661,ih00391000,ih00391000,provenance_place,intermediate,2,1,00200661-p002,00200661-p002-loc01,Pistoia,Pistoia,Pistoia,GeoNames,3170621,https://www.geonames.org/3170621,43.93064,10.92365,Italy,,,L.83,1710,1750,18,,mei_timeperiod,a,coordinates_supplied,copy_level_provenance_place,MEI,00200661-p002,https://data.cerl.org/mei/00200661,data/expanded/mei-corpus.json,
00200661-p003-loc01,00200661,00200661,ih00391000,ih00391000,provenance_place,intermediate,3,1,00200661-p003,00200661-p003-loc01,Pistoia,Pistoia,Pistoia,GeoNames,3170621,https://www.geonames.org/3170621,43.93064,10.92365,Italy,,,L.83,1750,,18,,mei_timeperiod,a,coordinates_supplied,copy_level_provenance_place,MEI,00200661-p003,https://data.cerl.org/mei/00200661,data/expanded/mei-corpus.json,
00200661-current,00200661,00200661,ih00391000,ih00391000,current_holding,last,4,1,,,"Pistoia, Biblioteca Capitolare Fabroniana",,,,,,,,IT,PistoiaFabr,"Pistoia, Biblioteca Capitolare Fabroniana",L.83,,,,2026-09-30,current_observation_only,,holding_institution_not_yet_geocoded,current_holding_statement,MEI,00200661,https://data.cerl.org/mei/00200661,data/expanded/mei-corpus.json,Observed as the current holding institution; no arrival date is inferred.
00200637-print,00200637,00200637,ih00391000,ih00391000,print_place,first,0,1,,,Venedig,Venedig,,,,,,,,,,D. V. 15,1497,1497,,,gw_extracted_year_range,,place_name_not_yet_geocoded,edition_level_print_statement,GW,13396,https://gesamtkatalogderwiegendrucke.de/docs/GW13396.htm,data/derived/prayer-book-corpus.csv,Printing statement shared by copies of the edition.
00200637-p002-loc01,00200637,00200637,ih00391000,ih00391000,provenance_place,intermediate,2,1,00200637-p002,00200637-p002-loc01,Florence,Florence,Florence,GeoNames,3176959,https://www.geonames.org/3176959,43.77925,11.24626,Italy,,,D. V. 15,1497,1550,15 | 16,,mei_timeperiod,,coordinates_supplied,copy_level_provenance_place,MEI,00200637-p002,https://data.cerl.org/mei/00200637,data/expanded/mei-corpus.json,
00200637-p003-loc01,00200637,00200637,ih00391000,ih00391000,provenance_place,intermediate,3,1,00200637-p003,00200637-p003-loc01,Florence,Florence,Florence,GeoNames,3176959,https://www.geonames.org/3176959,43.77925,11.24626,Italy,,,D. V. 15,1550,1600,16,,mei_timeperiod,,coordinates_supplied,copy_level_provenance_place,MEI,00200637-p003,https://data.cerl.org/mei/00200637,data/expanded/mei-corpus.json,
00200637-p004-loc01,00200637,00200637,ih00391000,ih00391000,provenance_place,intermediate,4,1,00200637-p004,00200637-p004-loc01,Florence,Florence,Florence,GeoNames,3176959,https://www.geonames.org/3176959,43.77925,11.24626,Italy,,,D. V. 15,,1783,15 | 16 | 17 | 18,,mei_timeperiod,,coordinates_supplied,copy_level_provenance_place,MEI,00200637-p004,https://data.cerl.org/mei/00200637,data/expanded/mei-corpus.json,
00200637-p005-loc01,00200637,00200637,ih00391000,ih00391000,provenance_place,intermediate,5,1,00200637-p005,00200637-p005-loc01,Florence,Florence,Florence,GeoNames,3176959,https://www.geonames.org/3176959,43.77925,11.24626,Italy,,,D. V. 15,1783,,18,,mei_timeperiod,,coordinates_supplied,copy_level_provenance_place,MEI,00200637-p005,https://data.cerl.org/mei/00200637,data/expanded/mei-corpus.json,
00200637-current,00200637,00200637,ih00391000,ih00391000,current_holding,last,6,1,,,"Firenze, Biblioteca del Seminario arcivescovile maggiore",,,,,,,,IT,FirenzeSem,"Firenze, Biblioteca del Seminario arcivescovile maggiore",D. V. 15,,,,2026-09-30,current_observation_only,,holding_institution_not_yet_geocoded,current_holding_statement,MEI,00200637,https://data.cerl.org/mei/00200637,data/expanded/mei-corpus.json,Observed as the current holding institution; no arrival date is inferred.
00200642-print,00200642,00200642,ih00391000,ih00391000,print_place,first,0,1,,,Venedig,Venedig,,,,,,,,,,Rar. 1582,1497,1497,,,gw_extracted_year_range,,place_name_not_yet_geocoded,edition_level_print_statement,GW,13396,https://gesamtkatalogderwiegendrucke.de/docs/GW13396.htm,data/derived/prayer-book-corpus.csv,Printing statement shared by copies of the edition.
00200642-p001-loc01,00200642,00200642,ih00391000,ih00391000,provenance_place,intermediate,1,1,00200642-p001,00200642-p001-loc01,Nuremberg,Nurenberg,Nuremberg,GeoNames,2861650,https://www.geonames.org/2861650,49.45421,11.07752,Germany,,,Rar. 1582,1497,1521,15 | 16,,mei_timeperiod,a,coordinates_supplied,copy_level_provenance_place,MEI,00200642-p001,https://data.cerl.org/mei/00200642,data/expanded/mei-corpus.json,
00200642-p002-loc01,00200642,00200642,ih00391000,ih00391000,provenance_place,intermediate,2,1,00200642-p002,00200642-p002-loc01,Nuremberg,Nuremberg,Nuremberg,GeoNames,6556832,https://www.geonames.org/6556832,49.4541,11.0768,Germany,,,Rar. 1582,1497,1514,15 | 16,,mei_timeperiod,a,coordinates_supplied,copy_level_provenance_place,MEI,00200642-p002,https://data.cerl.org/mei/00200642,data/expanded/mei-corpus.json,
00200642-p003-loc01,00200642,00200642,ih00391000,ih00391000,provenance_place,intermediate,3,1,00200642-p003,00200642-p003-loc01,Augsburg,Augsburg,Augsburg,GeoNames,2954172,https://www.geonames.org/2954172,48.37154,10.89851,Germany,,,Rar. 1582,1514,1571,16,,mei_timeperiod,a,coordinates_supplied,copy_level_provenance_place,MEI,00200642-p003,https://data.cerl.org/mei/00200642,data/expanded/mei-corpus.json,
00200642-p004-loc01,00200642,00200642,ih00391000,ih00391000,provenance_place,intermediate,4,1,00200642-p004,00200642-p004-loc01,Munich,Munich,Munich,GeoNames,2867714,https://www.geonames.org/2867714,48.13743,11.57549,Germany,,,Rar. 1582,1571,,16,,mei_timeperiod,a,coordinates_supplied,copy_level_provenance_place,MEI,00200642-p004,https://data.cerl.org/mei/00200642,data/expanded/mei-corpus.json,
00200642-current,00200642,00200642,ih00391000,ih00391000,current_holding,last,5,1,,,"München, Bayerische Staatsbibliothek",,,,,,,,DE,MunchenBSB,"München, Bayerische Staatsbibliothek",Rar. 1582,,,,2026-09-30,current_observation_only,,holding_institution_not_yet_geocoded,current_holding_statement,MEI,00200642,https://data.cerl.org/mei/00200642,data/expanded/mei-corpus.json,Observed as the current holding institution; no arrival date is inferred.
00200663-print,00200663,00200663,ih00391000,ih00391000,print_place,first,0,1,,,Venedig,Venedig,,,,,,,,,,1497 n. 13 1 History of Printing Collection Aldine Collection,1497,1497,,,gw_extracted_year_range,,place_name_not_yet_geocoded,edition_level_print_statement,GW,13396,https://gesamtkatalogderwiegendrucke.de/docs/GW13396.htm,data/derived/prayer-book-corpus.csv,Printing statement shared by copies of the edition.
00200663-p001-loc01,00200663,00200663,ih00391000,ih00391000,provenance_place,intermediate,1,1,00200663-p001,00200663-p001-loc01,Wolverhampton,Wolverhampton,Wolverhampton,GeoNames,2633691,https://www.geonames.org/2633691,52.58547,-2.12296,United Kingdom,,,1497 n. 13 1 History of Printing Collection Aldine Collection,1910,1962,20,,mei_timeperiod,a,coordinates_supplied,copy_level_provenance_place,MEI,00200663-p001,https://data.cerl.org/mei/00200663,data/expanded/mei-corpus.json,
00200663-p002-loc01,00200663,00200663,ih00391000,ih00391000,provenance_place,intermediate,2,1,00200663-p002,00200663-p002-loc01,Cambridge,Cambridge,Cambridge,GeoNames,2653941,https://www.geonames.org/2653941,52.2,0.11667,United Kingdom,,,1497 n. 13 1 History of Printing Collection Aldine Collection,1962,1963,20,,mei_timeperiod,a,coordinates_supplied,copy_level_provenance_place,MEI,00200663-p002,https://data.cerl.org/mei/00200663,data/expanded/mei-corpus.json,
00200663-p003-loc01,00200663,00200663,ih00391000,ih00391000,provenance_place,intermediate,3,1,00200663-p003,00200663-p003-loc01,Provo,Provo,Provo,GeoNames,5780026,https://www.geonames.org/5780026,40.23384,-111.65853,United States,,,1497 n. 13 1 History of Printing Collection Aldine Collection,,,,,undated,a,coordinates_supplied,copy_level_provenance_place,MEI,00200663-p003,https://data.cerl.org/mei/00200663,data/expanded/mei-corpus.json,
00200663-current,00200663,00200663,ih00391000,ih00391000,current_holding,last,4,1,,,"Provo UT, Brigham Young University, Harold B. Lee Library",,,,,,,,US,BYUL,"Provo UT, Brigham Young University, Harold B. Lee Library",1497 n. 13 1 History of Printing Collection Aldine Collection,,,,2026-09-30,current_observation_only,,holding_institution_not_yet_geocoded,current_holding_statement,MEI,00200663,https://data.cerl.org/mei/00200663,data/expanded/mei-corpus.json,Observed as the current holding institution; no arrival date is inferred.
02011583-print,02011583,02011583,ih00391000,ih00391000,print_place,first,0,1,,,Venedig,Venedig,,,,,,,,,,G.12135,1497,1497,,,gw_extracted_year_range,,place_name_not_yet_geocoded,edition_level_print_statement,GW,13396,https://gesamtkatalogderwiegendrucke.de/docs/GW13396.htm,data/derived/prayer-book-corpus.csv,Printing statement shared by copies of the edition.
02011583-p001-loc01,02011583,02011583,ih00391000,ih00391000,provenance_place,intermediate,1,1,02011583-p001,02011583-p001-loc01,London,London,,,,,,,,,,G.12135,1755,1846,18 | 19,,mei_timeperiod,a,name_only,copy_level_provenance_place,MEI,02011583-p001,https://data.cerl.org/mei/02011583,data/expanded/mei-corpus.json,
02011583-p002-loc01,02011583,02011583,ih00391000,ih00391000,provenance_place,intermediate,2,1,02011583-p002,02011583-p002-loc01,London,London,,,,,,,,,,G.12135,1847,,19,,mei_timeperiod,a,name_only,copy_level_provenance_place,MEI,02011583-p002,https://data.cerl.org/mei/02011583,data/expanded/mei-corpus.json,
02011583-current,02011583,02011583,ih00391000,ih00391000,current_holding,last,3,1,,,"London, British Library",,,,,,,,GB,LondonBL,"London, British Library",G.12135,,,,2026-09-30,current_observation_only,,holding_institution_not_yet_geocoded,current_holding_statement,MEI,02011583,https://data.cerl.org/mei/02011583,data/expanded/mei-corpus.json,Observed as the current holding institution; no arrival date is inferred.
02126726-print,02126726,02126726,ih00391000,ih00391000,print_place,first,0,1,,,Venedig,Venedig,,,,,,,,,,BJ Cam. X. I. 9,1497,1497,,,gw_extracted_year_range,,place_name_not_yet_geocoded,edition_level_print_statement,GW,13396,https://gesamtkatalogderwiegendrucke.de/docs/GW13396.htm,data/derived/prayer-book-corpus.csv,Printing statement shared by copies of the edition.
02126726-p001-loc01,02126726,02126726,ih00391000,ih00391000,provenance_place,intermediate,1,1,02126726-p001,02126726-p001-loc01,Krakow,Kraków,Krakow,GeoNames,3094802,https://www.geonames.org/3094802,50.06143,19.93658,Poland,,,BJ Cam. X. I. 9,1614,1623,17,1614,mei_timeperiod,a,coordinates_supplied,copy_level_provenance_place,MEI,02126726-p001,https://data.cerl.org/mei/02126726,data/expanded/mei-corpus.json,
02126726-p002-loc01,02126726,02126726,ih00391000,ih00391000,provenance_place,intermediate,2,1,02126726-p002,02126726-p002-loc01,Krakow,Kraków,Krakow,GeoNames,3094802,https://www.geonames.org/3094802,50.06143,19.93658,Poland,,,BJ Cam. X. I. 9,1623,2007,17 | 18 | 19 | 20 | 21,post 1623,mei_timeperiod,a,coordinates_supplied,copy_level_provenance_place,MEI,02126726-p002,https://data.cerl.org/mei/02126726,data/expanded/mei-corpus.json,
02126726-p003-loc01,02126726,02126726,ih00391000,ih00391000,provenance_place,intermediate,3,1,02126726-p003,02126726-p003-loc01,Krakow,Kraków,Krakow,GeoNames,3094802,https://www.geonames.org/3094802,50.06143,19.93658,Poland,,,BJ Cam. X. I. 9,2007,,21,2012,mei_timeperiod,a,coordinates_supplied,copy_level_provenance_place,MEI,02126726-p003,https://data.cerl.org/mei/02126726,data/expanded/mei-corpus.json,
02126726-current,02126726,02126726,ih00391000,ih00391000,current_holding,last,4,1,,,"Kraków, Biblioteka Jagiellońska",,,,,,,,PL,KrakowJ,"Kraków, Biblioteka Jagiellońska",BJ Cam. X. I. 9,,,,2026-09-30,current_observation_only,,holding_institution_not_yet_geocoded,current_holding_statement,MEI,02126726,https://data.cerl.org/mei/02126726,data/expanded/mei-corpus.json,Observed as the current holding institution; no arrival date is inferred.
00200653-print,00200653,00200653,ih00391000,ih00391000,print_place,first,0,1,,,Venedig,Venedig,,,,,,,,,,88359,1497,1497,,,gw_extracted_year_range,,place_name_not_yet_geocoded,edition_level_print_statement,GW,13396,https://gesamtkatalogderwiegendrucke.de/docs/GW13396.htm,data/derived/prayer-book-corpus.csv,Printing statement shared by copies of the edition.
00200653-p001-loc01,00200653,00200653,ih00391000,ih00391000,provenance_place,intermediate,1,1,00200653-p001,00200653-p001-loc01,Paris,Paris,Paris,GeoNames,2988507,https://www.geonames.org/2988507,48.85341,2.3488,France,,,88359,1875,1878,19,,mei_timeperiod,a,coordinates_supplied,copy_level_provenance_place,MEI,00200653-p001,https://data.cerl.org/mei/00200653,data/expanded/mei-corpus.json,
00200653-p002-loc01,00200653,00200653,ih00391000,ih00391000,provenance_place,intermediate,2,1,00200653-p002,00200653-p002-loc01,London,London,London,GeoNames,2643743,https://www.geonames.org/2643743,51.50853,-0.12574,United Kingdom,,,88359,1878,1884,19,,mei_timeperiod,a,coordinates_supplied,copy_level_provenance_place,MEI,00200653-p002,https://data.cerl.org/mei/00200653,data/expanded/mei-corpus.json,
00200653-p003-loc01,00200653,00200653,ih00391000,ih00391000,provenance_place,intermediate,3,1,00200653-p003,00200653-p003-loc01,New York,New York,New York,GeoNames,5128581,https://www.geonames.org/5128581,40.71427,-74.00597,United States,,,88359,1884,1909,19 | 20,,mei_timeperiod,a,coordinates_supplied,copy_level_provenance_place,MEI,00200653-p003,https://data.cerl.org/mei/00200653,data/expanded/mei-corpus.json,
00200653-p004-loc01,00200653,00200653,ih00391000,ih00391000,provenance_place,intermediate,4,1,00200653-p004,00200653-p004-loc01,San Marino,San Marino,San Marino,GeoNames,5392400,https://www.geonames.org/5392400,34.1214,-118.10646,United States,,,88359,1912,1927,20,,mei_timeperiod,a,coordinates_supplied,copy_level_provenance_place,MEI,00200653-p004,https://data.cerl.org/mei/00200653,data/expanded/mei-corpus.json,
00200653-p005-loc01,00200653,00200653,ih00391000,ih00391000,provenance_place,intermediate,5,1,00200653-p005,00200653-p005-loc01,San Marino,"San Marino, California, United States",San Marino,GeoNames,5392400,https://www.geonames.org/5392400,34.1214,-118.10646,United States,,,88359,1927,,20,,mei_timeperiod,a,coordinates_supplied,copy_level_provenance_place,MEI,00200653-p005,https://data.cerl.org/mei/00200653,data/expanded/mei-corpus.json,
00200653-current,00200653,00200653,ih00391000,ih00391000,current_holding,last,6,1,,,"San Marino CA, Huntington Library",,,,,,,,US,SanMarinoHun,"San Marino CA, Huntington Library",88359,,,,2026-09-30,current_observation_only,,holding_institution_not_yet_geocoded,current_holding_statement,MEI,00200653,https://data.cerl.org/mei/00200653,data/expanded/mei-corpus.json,Observed as the current holding institution; no arrival date is inferred.
00200646-print,00200646,00200646,ih00391000,ih00391000,print_place,first,0,1,,,Venedig,Venedig,,,,,,,,,,,1497,1497,,,gw_extracted_year_range,,place_name_not_yet_geocoded,edition_level_print_statement,GW,13396,https://gesamtkatalogderwiegendrucke.de/docs/GW13396.htm,data/derived/prayer-book-corpus.csv,Printing statement shared by copies of the edition.
00200646-p001-loc01,00200646,00200646,ih00391000,ih00391000,provenance_place,intermediate,1,1,00200646-p001,00200646-p001-loc01,Paris,Paris,Paris,GeoNames,2988507,https://www.geonames.org/2988507,48.85341,2.3488,France,,,,1800,1828,18 | 19,,mei_timeperiod,a,coordinates_supplied,copy_level_provenance_place,MEI,00200646-p001,https://data.cerl.org/mei/00200646,data/expanded/mei-corpus.json,
00200646-p002-loc01,00200646,00200646,ih00391000,ih00391000,provenance_place,intermediate,2,1,00200646-p002,00200646-p002-loc01,London,London,London,GeoNames,2643743,https://www.geonames.org/2643743,51.50853,-0.12574,United Kingdom,,,,1828,1828,19,,mei_timeperiod,a,coordinates_supplied,copy_level_provenance_place,MEI,00200646-p002,https://data.cerl.org/mei/00200646,data/expanded/mei-corpus.json,
00200646-p003-loc01,00200646,00200646,ih00391000,ih00391000,provenance_place,intermediate,3,1,00200646-p003,00200646-p003-loc01,Syston,Syston,Syston,GeoNames,2636341,https://www.geonames.org/2636341,52.68333,-1.06667,United Kingdom,,,,1828,1831,19,,mei_timeperiod,a,coordinates_supplied,copy_level_provenance_place,MEI,00200646-p003,https://data.cerl.org/mei/00200646,data/expanded/mei-corpus.json,
00200646-p004-loc01,00200646,00200646,ih00391000,ih00391000,provenance_place,intermediate,4,1,00200646-p004,00200646-p004-loc01,Syston,Syston,Syston,GeoNames,2636341,https://www.geonames.org/2636341,52.68333,-1.06667,United Kingdom,,,,1831,1884,19,,mei_timeperiod,a,coordinates_supplied,copy_level_provenance_place,MEI,00200646-p004,https://data.cerl.org/mei/00200646,data/expanded/mei-corpus.json,
00200646-p005-loc01,00200646,00200646,ih00391000,ih00391000,provenance_place,intermediate,5,1,00200646-p005,00200646-p005-loc01,London,London,London,GeoNames,2643743,https://www.geonames.org/2643743,51.50853,-0.12574,United Kingdom,,,,1884,1884,19,,mei_timeperiod,a,coordinates_supplied,copy_level_provenance_place,MEI,00200646-p005,https://data.cerl.org/mei/00200646,data/expanded/mei-corpus.json,
00200646-p006-loc01,00200646,00200646,ih00391000,ih00391000,provenance_place,intermediate,6,1,00200646-p006,00200646-p006-loc01,London,London,London,GeoNames,2643743,https://www.geonames.org/2643743,51.50853,-0.12574,United Kingdom,,,,1884,1884,19,,mei_timeperiod,a,coordinates_supplied,copy_level_provenance_place,MEI,00200646-p006,https://data.cerl.org/mei/00200646,data/expanded/mei-corpus.json,
00200646-p007-loc01,00200646,00200646,ih00391000,ih00391000,provenance_place,intermediate,7,1,00200646-p007,00200646-p007-loc01,New York,New York,New York,GeoNames,5128581,https://www.geonames.org/5128581,40.71427,-74.00597,United States,,,,1972,1972,20,,mei_timeperiod,a,coordinates_supplied,copy_level_provenance_place,MEI,00200646-p007,https://data.cerl.org/mei/00200646,data/expanded/mei-corpus.json,
00200646-p008-loc01,00200646,00200646,ih00391000,ih00391000,provenance_place,intermediate,8,1,00200646-p008,00200646-p008-loc01,New York,New York,New York,GeoNames,5128581,https://www.geonames.org/5128581,40.71427,-74.00597,United States,,,,1972,,20,,mei_timeperiod,a,coordinates_supplied,copy_level_provenance_place,MEI,00200646-p008,https://data.cerl.org/mei/00200646,data/expanded/mei-corpus.json,
00200646-current,00200646,00200646,ih00391000,ih00391000,current_holding,last,9,1,,,"New York NY, T. Kimball Brooker  ",,,,,,,,US,"NewYorkNY,T.KimballBrooker","New York NY, T. Kimball Brooker  ",,,,,2026-09-30,current_observation_only,,holding_institution_not_yet_geocoded,current_holding_statement,MEI,00200646,https://data.cerl.org/mei/00200646,data/expanded/mei-corpus.json,Observed as the current holding institution; no arrival date is inferred.
00200633-print,00200633,00200633,ih00391000,ih00391000,print_place,first,0,1,,,Venedig,Venedig,,,,,,,,,,M.12.1,1497,1497,,,gw_extracted_year_range,,place_name_not_yet_geocoded,edition_level_print_statement,GW,13396,https://gesamtkatalogderwiegendrucke.de/docs/GW13396.htm,data/derived/prayer-book-corpus.csv,Printing statement shared by copies of the edition.
00200633-p001-loc01,00200633,00200633,ih00391000,ih00391000,provenance_place,intermediate,1,1,00200633-p001,00200633-p001-loc01,Heidelberg,Heidelberg,Heidelberg,GeoNames,2907911,https://www.geonames.org/2907911,49.40768,8.69079,Germany,,,M.12.1,1504,1504,16,1504,mei_timeperiod,,coordinates_supplied,copy_level_provenance_place,MEI,00200633-p001,https://data.cerl.org/mei/00200633,data/expanded/mei-corpus.json,
00200633-p002-loc01,00200633,00200633,ih00391000,ih00391000,provenance_place,intermediate,2,1,00200633-p002,00200633-p002-loc01,Rouffach,Rouffach,Rouffach,GeoNames,2982636,https://www.geonames.org/2982636,47.95786,7.30016,France,,,M.12.1,1504,1512,16,,mei_timeperiod,,coordinates_supplied,copy_level_provenance_place,MEI,00200633-p002,https://data.cerl.org/mei/00200633,data/expanded/mei-corpus.json,
00200633-p003-loc01,00200633,00200633,ih00391000,ih00391000,provenance_place,intermediate,3,1,00200633-p003,00200633-p003-loc01,Basel,Basel,Basel,GeoNames,2661604,https://www.geonames.org/2661604,47.55839,7.57327,Switzerland,,,M.12.1,1512,1512,16,1512,mei_timeperiod,,coordinates_supplied,copy_level_provenance_place,MEI,00200633-p003,https://data.cerl.org/mei/00200633,data/expanded/mei-corpus.json,
00200633-p004-loc01,00200633,00200633,ih00391000,ih00391000,provenance_place,intermediate,4,1,00200633-p004,00200633-p004-loc01,Padua,Padua,Padua,GeoNames,3171728,https://www.geonames.org/3171728,45.40797,11.88586,Italy,,,M.12.1,1595,1627,16 | 17,,mei_timeperiod,,coordinates_supplied,copy_level_provenance_place,MEI,00200633-p004,https://data.cerl.org/mei/00200633,data/expanded/mei-corpus.json,
00200633-p005-loc01,00200633,00200633,ih00391000,ih00391000,provenance_place,intermediate,5,1,00200633-p005,00200633-p005-loc01,Strasbourg,Strasbourg,Strasbourg,GeoNames,2973783,https://www.geonames.org/2973783,48.58392,7.74553,France,,,M.12.1,1627,1627,17,1627,mei_timeperiod,,coordinates_supplied,copy_level_provenance_place,MEI,00200633-p005,https://data.cerl.org/mei/00200633,data/expanded/mei-corpus.json,
00200633-p007-loc01,00200633,00200633,ih00391000,ih00391000,provenance_place,intermediate,7,1,00200633-p007,00200633-p007-loc01,Cambridge,Cambridge,Cambridge,GeoNames,2653941,https://www.geonames.org/2653941,52.2,0.11667,United Kingdom,,,M.12.1,1650,,17,,mei_timeperiod,,coordinates_supplied,copy_level_provenance_place,MEI,00200633-p007,https://data.cerl.org/mei/00200633,data/expanded/mei-corpus.json,
00200633-current,00200633,00200633,ih00391000,ih00391000,current_holding,last,8,1,,,"Cambridge, Trinity College",,,,,,,,GB,CambridgeTrinityCollege,"Cambridge, Trinity College",M.12.1,,,,2026-09-30,current_observation_only,,holding_institution_not_yet_geocoded,current_holding_statement,MEI,00200633,https://data.cerl.org/mei/00200633,data/expanded/mei-corpus.json,Observed as the current holding institution; no arrival date is inferred.
00200641-print,00200641,00200641,ih00391000,ih00391000,print_place,first,0,1,,,Venedig,Venedig,,,,,,,,,,Ink. M 138 Ald 8.254,1497,1497,,,gw_extracted_year_range,,place_name_not_yet_geocoded,edition_level_print_statement,GW,13396,https://gesamtkatalogderwiegendrucke.de/docs/GW13396.htm,data/derived/prayer-book-corpus.csv,Printing statement shared by copies of the edition.
00200641-p001-loc01,00200641,00200641,ih00391000,ih00391000,provenance_place,intermediate,1,1,00200641-p001,00200641-p001-loc01,Wroclaw,Wroclaw,Wroclaw,GeoNames,3081368,https://www.geonames.org/3081368,51.10286,17.03006,Poland,,,Ink. M 138 Ald 8.254,1500,1945,15 | 16 | 17 | 18 | 19 | 20,,mei_timeperiod,a,coordinates_supplied,copy_level_provenance_place,MEI,00200641-p001,https://data.cerl.org/mei/00200641,data/expanded/mei-corpus.json,
00200641-p002-loc01,00200641,00200641,ih00391000,ih00391000,provenance_place,intermediate,2,1,00200641-p002,00200641-p002-loc01,Moscow,Moscow,Moscow,GeoNames,524901,https://www.geonames.org/524901,55.75204,37.61781,Russia,,,Ink. M 138 Ald 8.254,1945,,20,,mei_timeperiod,a,coordinates_supplied,copy_level_provenance_place,MEI,00200641-p002,https://data.cerl.org/mei/00200641,data/expanded/mei-corpus.json,
00200641-current,00200641,00200641,ih00391000,ih00391000,current_holding,last,3,1,,,"Moscow, Russian State Library",,,,,,,,RU,MoscowSL,"Moscow, Russian State Library",Ink. M 138 Ald 8.254,,,,2026-09-30,current_observation_only,,holding_institution_not_yet_geocoded,current_holding_statement,MEI,00200641,https://data.cerl.org/mei/00200641,data/expanded/mei-corpus.json,Observed as the current holding institution; no arrival date is inferred.
00200666-print,00200666,00200666,ih00391000,ih00391000,print_place,first,0,1,,,Venedig,Venedig,,,,,,,,,,Vollbehr H8830,1497,1497,,,gw_extracted_year_range,,place_name_not_yet_geocoded,edition_level_print_statement,GW,13396,https://gesamtkatalogderwiegendrucke.de/docs/GW13396.htm,data/derived/prayer-book-corpus.csv,Printing statement shared by copies of the edition.
00200666-p002-loc01,00200666,00200666,ih00391000,ih00391000,provenance_place,intermediate,2,1,00200666-p002,00200666-p002-loc01,Worlingham,Worlingham Hall,Worlingham,GeoNames,2633546,https://www.geonames.org/2633546,52.45054,1.59456,United Kingdom,,,Vollbehr H8830,1835,1864,19,,mei_timeperiod,a,coordinates_supplied,copy_level_provenance_place,MEI,00200666-p002,https://data.cerl.org/mei/00200666,data/expanded/mei-corpus.json,
00200666-p004-loc01,00200666,00200666,ih00391000,ih00391000,provenance_place,intermediate,4,1,00200666-p004,00200666-p004-loc01,Washington,Washington,Washington,GeoNames,4140963,https://www.geonames.org/4140963,38.89511,-77.03637,United States,,,Vollbehr H8830,1930,,20,,mei_timeperiod,a,coordinates_supplied,copy_level_provenance_place,MEI,00200666-p004,https://data.cerl.org/mei/00200666,data/expanded/mei-corpus.json,
00200666-current,00200666,00200666,ih00391000,ih00391000,current_holding,last,5,1,,,"Washington DC, Library of Congress, Rare Book Division",,,,,,,,US,LC,"Washington DC, Library of Congress, Rare Book Division",Vollbehr H8830,,,,2026-09-30,current_observation_only,,holding_institution_not_yet_geocoded,current_holding_statement,MEI,00200666,https://data.cerl.org/mei/00200666,data/expanded/mei-corpus.json,Observed as the current holding institution; no arrival date is inferred.
00200632-print,00200632,00200632,ih00391000,ih00391000,print_place,first,0,1,,,Venedig,Venedig,,,,,,,,,,"Ald. Ren. 15,13 = 8o Inc. 4497",1497,1497,,,gw_extracted_year_range,,place_name_not_yet_geocoded,edition_level_print_statement,GW,13396,https://gesamtkatalogderwiegendrucke.de/docs/GW13396.htm,data/derived/prayer-book-corpus.csv,Printing statement shared by copies of the edition.
00200632-p001-loc01,00200632,00200632,ih00391000,ih00391000,provenance_place,intermediate,1,1,00200632-p001,00200632-p001-loc01,Munich,Munich,Munich,GeoNames,2867714,https://www.geonames.org/2867714,48.13743,11.57549,Germany,,,"Ald. Ren. 15,13 = 8o Inc. 4497",1766,1846,18 | 19,,mei_timeperiod,,coordinates_supplied,copy_level_provenance_place,MEI,00200632-p001,https://data.cerl.org/mei/00200632,data/expanded/mei-corpus.json,
00200632-p002-loc01,00200632,00200632,ih00391000,ih00391000,provenance_place,intermediate,2,1,00200632-p002,00200632-p002-loc01,Berlin,Berlin,Berlin,GeoNames,2950159,https://www.geonames.org/2950159,52.52437,13.41053,Germany,,,"Ald. Ren. 15,13 = 8o Inc. 4497",1847,,19,1849,mei_timeperiod,,coordinates_supplied,copy_level_provenance_place,MEI,00200632-p002,https://data.cerl.org/mei/00200632,data/expanded/mei-corpus.json,
00200632-current,00200632,00200632,ih00391000,ih00391000,current_holding,last,3,1,,,"Berlin, Staatsbibliothek",,,,,,,,DE,BerlinSB,"Berlin, Staatsbibliothek","Ald. Ren. 15,13 = 8o Inc. 4497",,,,2026-09-30,current_observation_only,,holding_institution_not_yet_geocoded,current_holding_statement,MEI,00200632,https://data.cerl.org/mei/00200632,data/expanded/mei-corpus.json,Observed as the current holding institution; no arrival date is inferred.
00200645-print,00200645,00200645,ih00391000,ih00391000,print_place,first,0,1,,,Venedig,Venedig,,,,,,,,,,"ChL 1002c, Accession no. 21863.2 - PML 21863.2",1497,1497,,,gw_extracted_year_range,,place_name_not_yet_geocoded,edition_level_print_statement,GW,13396,https://gesamtkatalogderwiegendrucke.de/docs/GW13396.htm,data/derived/prayer-book-corpus.csv,Printing statement shared by copies of the edition.
00200645-p003-loc01,00200645,00200645,ih00391000,ih00391000,provenance_place,intermediate,3,1,00200645-p003,00200645-p003-loc01,New York,New York,New York,GeoNames,5128581,https://www.geonames.org/5128581,40.71427,-74.00597,United States,,,"ChL 1002c, Accession no. 21863.2 - PML 21863.2",,1922,15 | 16 | 17 | 18 | 19 | 20,,mei_timeperiod,a,coordinates_supplied,copy_level_provenance_place,MEI,00200645-p003,https://data.cerl.org/mei/00200645,data/expanded/mei-corpus.json,
00200645-p004-loc01,00200645,00200645,ih00391000,ih00391000,provenance_place,intermediate,4,1,00200645-p004,00200645-p004-loc01,New York,New York,New York,GeoNames,5128581,https://www.geonames.org/5128581,40.71427,-74.00597,United States,,,"ChL 1002c, Accession no. 21863.2 - PML 21863.2",1922,1923,20,,mei_timeperiod,a,coordinates_supplied,copy_level_provenance_place,MEI,00200645-p004,https://data.cerl.org/mei/00200645,data/expanded/mei-corpus.json,
00200645-p005-loc01,00200645,00200645,ih00391000,ih00391000,provenance_place,intermediate,5,1,00200645-p005,00200645-p005-loc01,New York,New York,New York,GeoNames,5128581,https://www.geonames.org/5128581,40.71427,-74.00597,United States,,,"ChL 1002c, Accession no. 21863.2 - PML 21863.2",1923,1924,20,,mei_timeperiod,a,coordinates_supplied,copy_level_provenance_place,MEI,00200645-p005,https://data.cerl.org/mei/00200645,data/expanded/mei-corpus.json,
00200645-p006-loc01,00200645,00200645,ih00391000,ih00391000,provenance_place,intermediate,6,1,00200645-p006,00200645-p006-loc01,New York,New York,New York,GeoNames,5128581,https://www.geonames.org/5128581,40.71427,-74.00597,United States,,,"ChL 1002c, Accession no. 21863.2 - PML 21863.2",1924,,20,,mei_timeperiod,a,coordinates_supplied,copy_level_provenance_place,MEI,00200645-p006,https://data.cerl.org/mei/00200645,data/expanded/mei-corpus.json,
00200645-current,00200645,00200645,ih00391000,ih00391000,current_holding,last,7,1,,,"New York NY, The Morgan Library and Museum",,,,,,,,US,NewYorkNYPierpontMorganLibrary,"New York NY, The Morgan Library and Museum","ChL 1002c, Accession no. 21863.2 - PML 21863.2",,,,2026-09-30,current_observation_only,,holding_institution_not_yet_geocoded,current_holding_statement,MEI,00200645,https://data.cerl.org/mei/00200645,data/expanded/mei-corpus.json,Observed as the current holding institution; no arrival date is inferred.
00200638-print,00200638,00200638,ih00391000,ih00391000,print_place,first,0,1,,,Venedig,Venedig,,,,,,,,,,"8 H E RIT I, 8157 INC ",1497,1497,,,gw_extracted_year_range,,place_name_not_yet_geocoded,edition_level_print_statement,GW,13396,https://gesamtkatalogderwiegendrucke.de/docs/GW13396.htm,data/derived/prayer-book-corpus.csv,Printing statement shared by copies of the edition.
00200638-p001-loc01,00200638,00200638,ih00391000,ih00391000,provenance_place,intermediate,1,1,00200638-p001,00200638-p001-loc01,Marburg,Marburg,Marburg,GeoNames,2873759,https://www.geonames.org/2873759,50.80904,8.77069,Germany,,,"8 H E RIT I, 8157 INC ",1545,1545,16,,mei_timeperiod,,coordinates_supplied,copy_level_provenance_place,MEI,00200638-p001,https://data.cerl.org/mei/00200638,data/expanded/mei-corpus.json,
00200638-p002-loc01,00200638,00200638,ih00391000,ih00391000,provenance_place,intermediate,2,1,00200638-p002,00200638-p002-loc01,Marburg,Marburg,Marburg,GeoNames,2873759,https://www.geonames.org/2873759,50.80904,8.77069,Germany,,,"8 H E RIT I, 8157 INC ",1545,1545,16,,mei_timeperiod,,coordinates_supplied,copy_level_provenance_place,MEI,00200638-p002,https://data.cerl.org/mei/00200638,data/expanded/mei-corpus.json,
00200638-p004-loc01,00200638,00200638,ih00391000,ih00391000,provenance_place,intermediate,4,1,00200638-p004,00200638-p004-loc01,Hanover,Hanover,Hanover,GeoNames,2910831,https://www.geonames.org/2910831,52.37052,9.73322,Germany,,,"8 H E RIT I, 8157 INC ",1781,1781,18,,mei_timeperiod,,coordinates_supplied,copy_level_provenance_place,MEI,00200638-p004,https://data.cerl.org/mei/00200638,data/expanded/mei-corpus.json,
00200638-p005-loc01,00200638,00200638,ih00391000,ih00391000,provenance_place,intermediate,5,1,00200638-p005,00200638-p005-loc01,Göttingen,Göttingen,Göttingen,GeoNames,2918632,https://www.geonames.org/2918632,51.53443,9.93228,Germany,,,"8 H E RIT I, 8157 INC ",1785,,18,,mei_timeperiod,,coordinates_supplied,copy_level_provenance_place,MEI,00200638-p005,https://data.cerl.org/mei/00200638,data/expanded/mei-corpus.json,
00200638-current,00200638,00200638,ih00391000,ih00391000,current_holding,last,6,1,,,"Göttingen, Staats- und Universitätsbibliothek",,,,,,,,DE,GoettingenSUB,"Göttingen, Staats- und Universitätsbibliothek","8 H E RIT I, 8157 INC ",,,,2026-09-30,current_observation_only,,holding_institution_not_yet_geocoded,current_holding_statement,MEI,00200638,https://data.cerl.org/mei/00200638,data/expanded/mei-corpus.json,Observed as the current holding institution; no arrival date is inferred.
00200652-print,00200652,00200652,ih00391000,ih00391000,print_place,first,0,1,,,Venedig,Venedig,,,,,,,,,,LL I 58,1497,1497,,,gw_extracted_year_range,,place_name_not_yet_geocoded,edition_level_print_statement,GW,13396,https://gesamtkatalogderwiegendrucke.de/docs/GW13396.htm,data/derived/prayer-book-corpus.csv,Printing statement shared by copies of the edition.
00200652-p002-loc01,00200652,00200652,ih00391000,ih00391000,provenance_place,intermediate,2,1,00200652-p002,00200652-p002-loc01,Parma,Parma ,Parma,GeoNames,3171457,https://www.geonames.org/3171457,44.79935,10.32618,Italy,,,LL I 58,1761,,18,,mei_timeperiod,a,coordinates_supplied,copy_level_provenance_place,MEI,00200652-p002,https://data.cerl.org/mei/00200652,data/expanded/mei-corpus.json,
00200652-current,00200652,00200652,ih00391000,ih00391000,current_holding,last,3,1,,,"Parma, Biblioteca Palatina",,,,,,,,IT,ParmaPal,"Parma, Biblioteca Palatina",LL I 58,,,,2026-09-30,current_observation_only,,holding_institution_not_yet_geocoded,current_holding_statement,MEI,00200652,https://data.cerl.org/mei/00200652,data/expanded/mei-corpus.json,Observed as the current holding institution; no arrival date is inferred.
02011333-print,02011333,02011333,ih00391000,ih00391000,print_place,first,0,1,,,Venedig,Venedig,,,,,,,,,,Brooke 7,1497,1497,,,gw_extracted_year_range,,place_name_not_yet_geocoded,edition_level_print_statement,GW,13396,https://gesamtkatalogderwiegendrucke.de/docs/GW13396.htm,data/derived/prayer-book-corpus.csv,Printing statement shared by copies of the edition.
02011333-p002-loc01,02011333,02011333,ih00391000,ih00391000,provenance_place,intermediate,2,1,02011333-p002,02011333-p002-loc01,Huddersfield,Huddersfield,,,,,,,,,,Brooke 7,1860,1908,19 | 20,,mei_timeperiod,a,name_only,copy_level_provenance_place,MEI,02011333-p002,https://data.cerl.org/mei/02011333,data/expanded/mei-corpus.json,
02011333-p003-loc01,02011333,02011333,ih00391000,ih00391000,provenance_place,intermediate,3,1,02011333-p003,02011333-p003-loc01,Kennington,"Kennington, Surrey",Kennington,GeoNames,2645804,https://www.geonames.org/2645804,51.1674,0.88491,United Kingdom,,,Brooke 7,1908,1911,20,,mei_timeperiod,a,coordinates_supplied,copy_level_provenance_place,MEI,02011333-p003,https://data.cerl.org/mei/02011333,data/expanded/mei-corpus.json,
02011333-p004-loc01,02011333,02011333,ih00391000,ih00391000,provenance_place,intermediate,4,1,02011333-p004,02011333-p004-loc01,Oxford,Oxford,Oxford,GeoNames,2640729,https://www.geonames.org/2640729,51.75222,-1.25596,United Kingdom,,,Brooke 7,1911,,20,,mei_timeperiod,a,coordinates_supplied,copy_level_provenance_place,MEI,02011333-p004,https://data.cerl.org/mei/02011333,data/expanded/mei-corpus.json,
02011333-current,02011333,02011333,ih00391000,ih00391000,current_holding,last,5,1,,,"Oxford, Keble College",,,,,,,,GB,OxfordKeble,"Oxford, Keble College",Brooke 7,,,,2026-09-30,current_observation_only,,holding_institution_not_yet_geocoded,current_holding_statement,MEI,02011333,https://data.cerl.org/mei/02011333,data/expanded/mei-corpus.json,Observed as the current holding institution; no arrival date is inferred.
00200644-print,00200644,00200644,ih00391000,ih00391000,print_place,first,0,1,,,Venedig,Venedig,,,,,,,,,,ChL 1002b + 1005 - PML 18876.2,1497,1497,,,gw_extracted_year_range,,place_name_not_yet_geocoded,edition_level_print_statement,GW,13396,https://gesamtkatalogderwiegendrucke.de/docs/GW13396.htm,data/derived/prayer-book-corpus.csv,Printing statement shared by copies of the edition.
00200644-p001-loc01,00200644,00200644,ih00391000,ih00391000,provenance_place,intermediate,1,1,00200644-p001,00200644-p001-loc01,Lyon,Lyons,Lyon,GeoNames,2996944,https://www.geonames.org/2996944,45.74906,4.84789,France,,,ChL 1002b + 1005 - PML 18876.2,1497,1600,15 | 16,,mei_timeperiod,a,coordinates_supplied,copy_level_provenance_place,MEI,00200644-p001,https://data.cerl.org/mei/00200644,data/expanded/mei-corpus.json,
00200644-p003-loc01,00200644,00200644,ih00391000,ih00391000,provenance_place,intermediate,3,1,00200644-p003,00200644-p003-loc01,South Orange,South Orange,South Orange,GeoNames,5104836,https://www.geonames.org/5104836,40.74899,-74.26126,United States,,,ChL 1002b + 1005 - PML 18876.2,1902,1908,20,,mei_timeperiod,a,coordinates_supplied,copy_level_provenance_place,MEI,00200644-p003,https://data.cerl.org/mei/00200644,data/expanded/mei-corpus.json,
00200644-p004-loc01,00200644,00200644,ih00391000,ih00391000,provenance_place,intermediate,4,1,00200644-p004,00200644-p004-loc01,London,London,London,GeoNames,2643743,https://www.geonames.org/2643743,51.50853,-0.12574,United Kingdom,,,ChL 1002b + 1005 - PML 18876.2,1908,1908,20,,mei_timeperiod,a,coordinates_supplied,copy_level_provenance_place,MEI,00200644-p004,https://data.cerl.org/mei/00200644,data/expanded/mei-corpus.json,
00200644-p005-loc01,00200644,00200644,ih00391000,ih00391000,provenance_place,intermediate,5,1,00200644-p005,00200644-p005-loc01,London,London,London,GeoNames,2643743,https://www.geonames.org/2643743,51.50853,-0.12574,United Kingdom,,,ChL 1002b + 1005 - PML 18876.2,1900,1920,19 | 20,,mei_timeperiod,a,coordinates_supplied,copy_level_provenance_place,MEI,00200644-p005,https://data.cerl.org/mei/00200644,data/expanded/mei-corpus.json,
00200644-p006-loc01,00200644,00200644,ih00391000,ih00391000,provenance_place,intermediate,6,1,00200644-p006,00200644-p006-loc01,New York,New York,New York,GeoNames,5128581,https://www.geonames.org/5128581,40.71427,-74.00597,United States,,,ChL 1002b + 1005 - PML 18876.2,1909,1913,20,,mei_timeperiod,a,coordinates_supplied,copy_level_provenance_place,MEI,00200644-p006,https://data.cerl.org/mei/00200644,data/expanded/mei-corpus.json,
00200644-p007-loc01,00200644,00200644,ih00391000,ih00391000,provenance_place,intermediate,7,1,00200644-p007,00200644-p007-loc01,New York,New York,New York,GeoNames,5128581,https://www.geonames.org/5128581,40.71427,-74.00597,United States,,,ChL 1002b + 1005 - PML 18876.2,1924,,20,,mei_timeperiod,a,coordinates_supplied,copy_level_provenance_place,MEI,00200644-p007,https://data.cerl.org/mei/00200644,data/expanded/mei-corpus.json,
00200644-current,00200644,00200644,ih00391000,ih00391000,current_holding,last,8,1,,,"New York NY, The Morgan Library and Museum",,,,,,,,US,NewYorkNYPierpontMorganLibrary,"New York NY, The Morgan Library and Museum",ChL 1002b + 1005 - PML 18876.2,,,,2026-09-30,current_observation_only,,holding_institution_not_yet_geocoded,current_holding_statement,MEI,00200644,https://data.cerl.org/mei/00200644,data/expanded/mei-corpus.json,Observed as the current holding institution; no arrival date is inferred.
00200664-print,00200664,00200664,ih00391000,ih00391000,print_place,first,0,1,,,Venedig,Venedig,,,,,,,,,,Inc. 855,1497,1497,,,gw_extracted_year_range,,place_name_not_yet_geocoded,edition_level_print_statement,GW,13396,https://gesamtkatalogderwiegendrucke.de/docs/GW13396.htm,data/derived/prayer-book-corpus.csv,Printing statement shared by copies of the edition.
00200664-p002-loc01,00200664,00200664,ih00391000,ih00391000,provenance_place,intermediate,2,1,00200664-p002,00200664-p002-loc01,Rome,Rome,Rome,GeoNames,3169070,https://www.geonames.org/3169070,41.89193,12.51133,Italy,,,Inc. 855,1604,,17,,mei_timeperiod,a,coordinates_supplied,copy_level_provenance_place,MEI,00200664-p002,https://data.cerl.org/mei/00200664,data/expanded/mei-corpus.json,
00200664-current,00200664,00200664,ih00391000,ih00391000,current_holding,last,3,1,,,"Roma, Biblioteca Angelica",,,,,,,,IT,RomaAng,"Roma, Biblioteca Angelica",Inc. 855,,,,2026-09-30,current_observation_only,,holding_institution_not_yet_geocoded,current_holding_statement,MEI,00200664,https://data.cerl.org/mei/00200664,data/expanded/mei-corpus.json,Observed as the current holding institution; no arrival date is inferred.
00200667-print,00200667,00200667,ih00391000,ih00391000,print_place,first,0,1,,,Venedig,Venedig,,,,,,,,,,Hours 1497 Rome,1497,1497,,,gw_extracted_year_range,,place_name_not_yet_geocoded,edition_level_print_statement,GW,13396,https://gesamtkatalogderwiegendrucke.de/docs/GW13396.htm,data/derived/prayer-book-corpus.csv,Printing statement shared by copies of the edition.
00200667-p003-loc01,00200667,00200667,ih00391000,ih00391000,provenance_place,intermediate,3,1,00200667-p003,00200667-p003-loc01,Rome,Rome,Rome,GeoNames,3169070,https://www.geonames.org/3169070,41.89193,12.51133,Italy,,,Hours 1497 Rome,1673,1700,17,,mei_timeperiod,a,coordinates_supplied,copy_level_provenance_place,MEI,00200667-p003,https://data.cerl.org/mei/00200667,data/expanded/mei-corpus.json,
00200667-p004-loc01,00200667,00200667,ih00391000,ih00391000,provenance_place,intermediate,4,1,00200667-p004,00200667-p004-loc01,Blackrock,"Lakelands, Blackrock (Cork)",Blackrock,GeoNames,2966132,https://www.geonames.org/2966132,51.89694,-8.41,Ireland,,,Hours 1497 Rome,1850,1888,19,,mei_timeperiod,a,coordinates_supplied,copy_level_provenance_place,MEI,00200667-p004,https://data.cerl.org/mei/00200667,data/expanded/mei-corpus.json,
00200667-p005-loc01,00200667,00200667,ih00391000,ih00391000,provenance_place,intermediate,5,1,00200667-p005,00200667-p005-loc01,London,London,London,GeoNames,2643743,https://www.geonames.org/2643743,51.50853,-0.12574,United Kingdom,,,Hours 1497 Rome,1891,1891,19,,mei_timeperiod,a,coordinates_supplied,copy_level_provenance_place,MEI,00200667-p005,https://data.cerl.org/mei/00200667,data/expanded/mei-corpus.json,
00200667-p006-loc01,00200667,00200667,ih00391000,ih00391000,provenance_place,intermediate,6,1,00200667-p006,00200667-p006-loc01,London,London,London,GeoNames,2643743,https://www.geonames.org/2643743,51.50853,-0.12574,United Kingdom,,,Hours 1497 Rome,1891,1913,19 | 20,,mei_timeperiod,a,coordinates_supplied,copy_level_provenance_place,MEI,00200667-p006,https://data.cerl.org/mei/00200667,data/expanded/mei-corpus.json,
00200667-p007-loc01,00200667,00200667,ih00391000,ih00391000,provenance_place,intermediate,7,1,00200667-p007,00200667-p007-loc01,New York,New York,New York,GeoNames,5128581,https://www.geonames.org/5128581,40.71427,-74.00597,United States,,,Hours 1497 Rome,1916,1916,20,,mei_timeperiod,a,coordinates_supplied,copy_level_provenance_place,MEI,00200667-p007,https://data.cerl.org/mei/00200667,data/expanded/mei-corpus.json,
00200667-p008-loc01,00200667,00200667,ih00391000,ih00391000,provenance_place,intermediate,8,1,00200667-p008,00200667-p008-loc01,New York,New York,New York,GeoNames,5128581,https://www.geonames.org/5128581,40.71427,-74.00597,United States,,,Hours 1497 Rome,1916,1923,20,,mei_timeperiod,a,coordinates_supplied,copy_level_provenance_place,MEI,00200667-p008,https://data.cerl.org/mei/00200667,data/expanded/mei-corpus.json,
00200667-p009-loc01,00200667,00200667,ih00391000,ih00391000,provenance_place,intermediate,9,1,00200667-p009,00200667-p009-loc01,Williamstown,Williamstown,Williamstown,GeoNames,4955786,https://www.geonames.org/4955786,42.71202,-73.20372,United States,,,Hours 1497 Rome,1923,,20,,mei_timeperiod,a,coordinates_supplied,copy_level_provenance_place,MEI,00200667-p009,https://data.cerl.org/mei/00200667,data/expanded/mei-corpus.json,
00200667-current,00200667,00200667,ih00391000,ih00391000,current_holding,last,10,1,,,Williams College Library,,,,,,,,US,WillCL,Williams College Library,Hours 1497 Rome,,,,2026-09-30,current_observation_only,,holding_institution_not_yet_geocoded,current_holding_statement,MEI,00200667,https://data.cerl.org/mei/00200667,data/expanded/mei-corpus.json,Observed as the current holding institution; no arrival date is inferred.
00200647-print,00200647,00200647,ih00391000,ih00391000,print_place,first,0,1,,,Venedig,Venedig,,,,,,,,,,"Auct. 1R 5.34 (metal cuts Arch. G f.6,7)",1497,1497,,,gw_extracted_year_range,,place_name_not_yet_geocoded,edition_level_print_statement,GW,13396,https://gesamtkatalogderwiegendrucke.de/docs/GW13396.htm,data/derived/prayer-book-corpus.csv,Printing statement shared by copies of the edition.
00200647-p001-loc01,00200647,00200647,ih00391000,ih00391000,provenance_place,intermediate,1,1,00200647-p001,00200647-p001-loc01,Venice,Venice,Venice,GeoNames,3164603,https://www.geonames.org/3164603,45.43713,12.33265,Italy,,,"Auct. 1R 5.34 (metal cuts Arch. G f.6,7)",1497,1525,15 | 16,,mei_timeperiod,a,coordinates_supplied,copy_level_provenance_place,MEI,00200647-p001,https://data.cerl.org/mei/00200647,data/expanded/mei-corpus.json,
00200647-p002-loc01,00200647,00200647,ih00391000,ih00391000,provenance_place,intermediate,2,1,00200647-p002,00200647-p002-loc01,Lichfield,Lichfield,Lichfield,GeoNames,2644531,https://www.geonames.org/2644531,52.68154,-1.82549,United Kingdom,,,"Auct. 1R 5.34 (metal cuts Arch. G f.6,7)",1800,1839,18 | 19,1840,mei_timeperiod,a,coordinates_supplied,copy_level_provenance_place,MEI,00200647-p002,https://data.cerl.org/mei/00200647,data/expanded/mei-corpus.json,
00200647-p003-loc01,00200647,00200647,ih00391000,ih00391000,provenance_place,intermediate,3,1,00200647-p003,00200647-p003-loc01,London,London,London,GeoNames,2643743,https://www.geonames.org/2643743,51.50853,-0.12574,United Kingdom,,,"Auct. 1R 5.34 (metal cuts Arch. G f.6,7)",1840,1840,19,,mei_timeperiod,a,coordinates_supplied,copy_level_provenance_place,MEI,00200647-p003,https://data.cerl.org/mei/00200647,data/expanded/mei-corpus.json,
00200647-p004-loc01,00200647,00200647,ih00391000,ih00391000,provenance_place,intermediate,4,1,00200647-p004,00200647-p004-loc01,Oxford,Oxford,Oxford,GeoNames,2640729,https://www.geonames.org/2640729,51.75222,-1.25596,United Kingdom,,,"Auct. 1R 5.34 (metal cuts Arch. G f.6,7)",1840,,19,,mei_timeperiod,a,coordinates_supplied,copy_level_provenance_place,MEI,00200647-p004,https://data.cerl.org/mei/00200647,data/expanded/mei-corpus.json,
00200647-current,00200647,00200647,ih00391000,ih00391000,current_holding,last,5,1,,,"Oxford, Bodleian Library",,,,,,,,GB,OxfordBodley,"Oxford, Bodleian Library","Auct. 1R 5.34 (metal cuts Arch. G f.6,7)",,,,2026-09-30,current_observation_only,,holding_institution_not_yet_geocoded,current_holding_statement,MEI,00200647,https://data.cerl.org/mei/00200647,data/expanded/mei-corpus.json,Observed as the current holding institution; no arrival date is inferred.
00200639-print,00200639,00200639,ih00391000,ih00391000,print_place,first,0,1,,,Venedig,Venedig,,,,,,,,,,A1. C27h 1497,1497,1497,,,gw_extracted_year_range,,place_name_not_yet_geocoded,edition_level_print_statement,GW,13396,https://gesamtkatalogderwiegendrucke.de/docs/GW13396.htm,data/derived/prayer-book-corpus.csv,Printing statement shared by copies of the edition.
00200639-p001-loc01,00200639,00200639,ih00391000,ih00391000,provenance_place,intermediate,1,1,00200639-p001,00200639-p001-loc01,Murano,Murano (Venezia),Murano,GeoNames,3172456,https://www.geonames.org/3172456,45.45857,12.35683,Italy,,,A1. C27h 1497,1497,1810,15 | 16 | 17 | 18 | 19,,mei_timeperiod,,coordinates_supplied,copy_level_provenance_place,MEI,00200639-p001,https://data.cerl.org/mei/00200639,data/expanded/mei-corpus.json,
00200639-p003-loc01,00200639,00200639,ih00391000,ih00391000,provenance_place,intermediate,3,1,00200639-p003,00200639-p003-loc01,London,London,London,GeoNames,2643743,https://www.geonames.org/2643743,51.50853,-0.12574,United Kingdom,,,A1. C27h 1497,1895,1895,19,1895,mei_timeperiod,,coordinates_supplied,copy_level_provenance_place,MEI,00200639-p003,https://data.cerl.org/mei/00200639,data/expanded/mei-corpus.json,
00200639-p004-loc01,00200639,00200639,ih00391000,ih00391000,provenance_place,intermediate,4,1,00200639-p004,00200639-p004-loc01,London,London,London,GeoNames,2643743,https://www.geonames.org/2643743,51.50853,-0.12574,United Kingdom,,,A1. C27h 1497,1991,1991,20,1991,mei_timeperiod,,coordinates_supplied,copy_level_provenance_place,MEI,00200639-p004,https://data.cerl.org/mei/00200639,data/expanded/mei-corpus.json,
00200639-p005-loc01,00200639,00200639,ih00391000,ih00391000,provenance_place,intermediate,5,1,00200639-p005,00200639-p005-loc01,Los Angeles,Los Angeles,Los Angeles,GeoNames,5368361,https://www.geonames.org/5368361,34.05223,-118.24368,United States,,,A1. C27h 1497,1991,,20,,mei_timeperiod,,coordinates_supplied,copy_level_provenance_place,MEI,00200639-p005,https://data.cerl.org/mei/00200639,data/expanded/mei-corpus.json,
00200639-current,00200639,00200639,ih00391000,ih00391000,current_holding,last,6,1,,,"Los Angeles CA, University of California",,,,,,,,US,UCalLAL,"Los Angeles CA, University of California",A1. C27h 1497,,,,2026-09-30,current_observation_only,,holding_institution_not_yet_geocoded,current_holding_statement,MEI,00200639,https://data.cerl.org/mei/00200639,data/expanded/mei-corpus.json,Observed as the current holding institution; no arrival date is inferred.
00200643-print,00200643,00200643,ih00391000,ih00391000,print_place,first,0,1,,,Venedig,Venedig,,,,,,,,,,NT 3069935,1497,1497,,,gw_extracted_year_range,,place_name_not_yet_geocoded,edition_level_print_statement,GW,13396,https://gesamtkatalogderwiegendrucke.de/docs/GW13396.htm,data/derived/prayer-book-corpus.csv,Printing statement shared by copies of the edition.
00200643-p002-loc01,00200643,00200643,ih00391000,ih00391000,provenance_place,intermediate,2,1,00200643-p002,00200643-p002-loc01,Nocton,Nocton,Nocton,GeoNames,2641477,https://www.geonames.org/2641477,53.16368,-0.41938,United Kingdom,,,NT 3069935,1720,1742,18,,mei_timeperiod,,coordinates_supplied,copy_level_provenance_place,MEI,00200643-p002,https://data.cerl.org/mei/00200643,data/expanded/mei-corpus.json,
00200643-p003-loc01,00200643,00200643,ih00391000,ih00391000,provenance_place,intermediate,3,1,00200643-p003,00200643-p003-loc01,Blickling Hall,Blicking Hall,Blickling Hall,GeoNames,7731710,https://www.geonames.org/7731710,52.8118,1.2318,United Kingdom,,,NT 3069935,1745,1940,18 | 19 | 20,,mei_timeperiod,,coordinates_supplied,copy_level_provenance_place,MEI,00200643-p003,https://data.cerl.org/mei/00200643,data/expanded/mei-corpus.json,
00200643-p004-loc01,00200643,00200643,ih00391000,ih00391000,provenance_place,intermediate,4,1,00200643-p004,00200643-p004-loc01,Blickling Hall,Blickling Hall,Blickling Hall,GeoNames,7731710,https://www.geonames.org/7731710,52.8118,1.2318,United Kingdom,,,NT 3069935,1940,,20,,mei_timeperiod,,coordinates_supplied,copy_level_provenance_place,MEI,00200643-p004,https://data.cerl.org/mei/00200643,data/expanded/mei-corpus.json,
00200643-current,00200643,00200643,ih00391000,ih00391000,current_holding,last,5,1,,,"Blickling, Blickling Estate",,,,,,,,GB,BlicklingHall,"Blickling, Blickling Estate",NT 3069935,,,,2026-09-30,current_observation_only,,holding_institution_not_yet_geocoded,current_holding_statement,MEI,00200643,https://data.cerl.org/mei/00200643,data/expanded/mei-corpus.json,Observed as the current holding institution; no arrival date is inferred.
00200631-print,00200631,00200631,ih00391000,ih00391000,print_place,first,0,1,,,Venedig,Venedig,,,,,,,,,,Uzielli 15,1497,1497,,,gw_extracted_year_range,,place_name_not_yet_geocoded,edition_level_print_statement,GW,13396,https://gesamtkatalogderwiegendrucke.de/docs/GW13396.htm,data/derived/prayer-book-corpus.csv,Printing statement shared by copies of the edition.
00200631-p001-loc01,00200631,00200631,ih00391000,ih00391000,provenance_place,intermediate,1,1,00200631-p001,00200631-p001-loc01,Gosford Castle,Gosford Castle,Gosford Castle,GeoNames,2648277,https://www.geonames.org/2648277,54.3,-6.51667,United Kingdom,,,Uzielli 15,1806,1878,19,1878,mei_timeperiod,,coordinates_supplied,copy_level_provenance_place,MEI,00200631-p001,https://data.cerl.org/mei/00200631,data/expanded/mei-corpus.json,"County Armagh, Northern Ireland"
00200631-p002-loc01,00200631,00200631,ih00391000,ih00391000,provenance_place,intermediate,2,1,00200631-p002,00200631-p002-loc01,London,London,London,GeoNames,2643743,https://www.geonames.org/2643743,51.50853,-0.12574,United Kingdom,,,Uzielli 15,1878,1899,19,,mei_timeperiod,,coordinates_supplied,copy_level_provenance_place,MEI,00200631-p002,https://data.cerl.org/mei/00200631,data/expanded/mei-corpus.json,
00200631-p003-loc01,00200631,00200631,ih00391000,ih00391000,provenance_place,intermediate,3,1,00200631-p003,00200631-p003-loc01,New York,New York,New York,GeoNames,5128581,https://www.geonames.org/5128581,40.71427,-74.00597,United States,,,Uzielli 15,1899,1913,19 | 20,,mei_timeperiod,,coordinates_supplied,copy_level_provenance_place,MEI,00200631-p003,https://data.cerl.org/mei/00200631,data/expanded/mei-corpus.json,
00200631-p004-loc01,00200631,00200631,ih00391000,ih00391000,provenance_place,intermediate,4,1,00200631-p004,00200631-p004-loc01,New York,New York,New York,GeoNames,5128581,https://www.geonames.org/5128581,40.71427,-74.00597,United States,,,Uzielli 15,1913,1971,20,,mei_timeperiod,,coordinates_supplied,copy_level_provenance_place,MEI,00200631-p004,https://data.cerl.org/mei/00200631,data/expanded/mei-corpus.json,
00200631-p005-loc01,00200631,00200631,ih00391000,ih00391000,provenance_place,intermediate,5,1,00200631-p005,00200631-p005-loc01,London,London,London,GeoNames,2643743,https://www.geonames.org/2643743,51.50853,-0.12574,United Kingdom,,,Uzielli 15,1971,1971,20,,mei_timeperiod,,coordinates_supplied,copy_level_provenance_place,MEI,00200631-p005,https://data.cerl.org/mei/00200631,data/expanded/mei-corpus.json,
00200631-p006-loc01,00200631,00200631,ih00391000,ih00391000,provenance_place,intermediate,6,1,00200631-p006,00200631-p006-loc01,New York,New York,New York,GeoNames,5128581,https://www.geonames.org/5128581,40.71427,-74.00597,United States,,,Uzielli 15,1954,1971,20,1971,mei_timeperiod,,coordinates_supplied,copy_level_provenance_place,MEI,00200631-p006,https://data.cerl.org/mei/00200631,data/expanded/mei-corpus.json,
00200631-p007-loc01,00200631,00200631,ih00391000,ih00391000,provenance_place,intermediate,7,1,00200631-p007,00200631-p007-loc01,New York,New York,New York,GeoNames,5128581,https://www.geonames.org/5128581,40.71427,-74.00597,United States,,,Uzielli 15,1971,1984,20,,mei_timeperiod,,coordinates_supplied,copy_level_provenance_place,MEI,00200631-p007,https://data.cerl.org/mei/00200631,data/expanded/mei-corpus.json,
00200631-p008-loc01,00200631,00200631,ih00391000,ih00391000,provenance_place,intermediate,8,1,00200631-p008,00200631-p008-loc01,Austin,Austin,Austin,GeoNames,4671654,https://www.geonames.org/4671654,30.26715,-97.74306,United States,,,Uzielli 15,1984,,20,,mei_timeperiod,,coordinates_supplied,copy_level_provenance_place,MEI,00200631-p008,https://data.cerl.org/mei/00200631,data/expanded/mei-corpus.json,
00200631-current,00200631,00200631,ih00391000,ih00391000,current_holding,last,9,1,,,"Austin TX, University of Texas, Harry Ransom Center",,,,,,,,US,AustinRansom,"Austin TX, University of Texas, Harry Ransom Center",Uzielli 15,,,,2026-09-30,current_observation_only,,holding_institution_not_yet_geocoded,current_holding_statement,MEI,00200631,https://data.cerl.org/mei/00200631,data/expanded/mei-corpus.json,Observed as the current holding institution; no arrival date is inferred.
00200640-print,00200640,00200640,ih00391000,ih00391000,print_place,first,0,1,,,Venedig,Venedig,,,,,,,,,,19202,1497,1497,,,gw_extracted_year_range,,place_name_not_yet_geocoded,edition_level_print_statement,GW,13396,https://gesamtkatalogderwiegendrucke.de/docs/GW13396.htm,data/derived/prayer-book-corpus.csv,Printing statement shared by copies of the edition.
00200640-p001-loc01,00200640,00200640,ih00391000,ih00391000,provenance_place,intermediate,1,1,00200640-p001,00200640-p001-loc01,Augsburg,Augsburg,Augsburg,GeoNames,2954172,https://www.geonames.org/2954172,48.37154,10.89851,Germany,,,19202,1595,1802,16 | 17 | 18 | 19,1595,mei_timeperiod,a,coordinates_supplied,copy_level_provenance_place,MEI,00200640-p001,https://data.cerl.org/mei/00200640,data/expanded/mei-corpus.json,
00200640-p002-loc01,00200640,00200640,ih00391000,ih00391000,provenance_place,intermediate,2,1,00200640-p002,00200640-p002-loc01,Althorp,Althorp,Althorp,GeoNames,7296694,https://www.geonames.org/7296694,52.28107,-1.00095,United Kingdom,,,19202,1802,1834,19,,mei_timeperiod,a,coordinates_supplied,copy_level_provenance_place,MEI,00200640-p002,https://data.cerl.org/mei/00200640,data/expanded/mei-corpus.json,
00200640-p003-loc01,00200640,00200640,ih00391000,ih00391000,provenance_place,intermediate,3,1,00200640-p003,00200640-p003-loc01,Manchester,Manchester,Manchester,GeoNames,2643123,https://www.geonames.org/2643123,53.48095,-2.23743,United Kingdom,,,19202,1894,,19,1894,mei_timeperiod,a,coordinates_supplied,copy_level_provenance_place,MEI,00200640-p003,https://data.cerl.org/mei/00200640,data/expanded/mei-corpus.json,
00200640-current,00200640,00200640,ih00391000,ih00391000,current_holding,last,4,1,,,"Manchester, University of Manchester, John Rylands Research Institute and Library",,,,,,,,GB,ManchesterJRL,"Manchester, University of Manchester, John Rylands Research Institute and Library",19202,,,,2026-09-30,current_observation_only,,holding_institution_not_yet_geocoded,current_holding_statement,MEI,00200640,https://data.cerl.org/mei/00200640,data/expanded/mei-corpus.json,Observed as the current holding institution; no arrival date is inferred.
02135145-print,02135145,02135145,ih00392000,ih00392000,print_place,first,0,1,,,Paris,Paris,,,,,,,,,,Inc 951 GR,1497,1497,,,gw_extracted_year_range,,place_name_not_yet_geocoded,edition_level_print_statement,GW,13297,https://gesamtkatalogderwiegendrucke.de/docs/GW13297.htm,data/derived/prayer-book-corpus.csv,Printing statement shared by copies of the edition.
02135145-current,02135145,02135145,ih00392000,ih00392000,current_holding,last,1,1,,,"Paris, Bibliothèque Mazarine",,,,,,,,FR,ParisMazarine,"Paris, Bibliothèque Mazarine",Inc 951 GR,,,,2026-09-30,current_observation_only,,holding_institution_not_yet_geocoded,current_holding_statement,MEI,02135145,https://data.cerl.org/mei/02135145,data/expanded/mei-corpus.json,Observed as the current holding institution; no arrival date is inferred.
00205577-print,00205577,00205577,ih00392430,ih00392430,print_place,first,0,1,,,Paris,Paris,,,,,,,,,,Douce BB 121.,1497,1497,,,gw_extracted_year_range,,place_name_not_yet_geocoded,edition_level_print_statement,GW,13308,https://gesamtkatalogderwiegendrucke.de/docs/GW13308.htm,data/derived/prayer-book-corpus.csv,Printing statement shared by copies of the edition.
00205577-p001-loc01,00205577,00205577,ih00392430,ih00392430,provenance_place,intermediate,1,1,00205577-p001,00205577-p001-loc01,London,London,London,GeoNames,2643743,https://www.geonames.org/2643743,51.50853,-0.12574,United Kingdom,,,Douce BB 121.,1701,1900,18 | 19,,mei_timeperiod,,coordinates_supplied,copy_level_provenance_place,MEI,00205577-p001,https://data.cerl.org/mei/00205577,data/expanded/mei-corpus.json,
00205577-p002-loc01,00205577,00205577,ih00392430,ih00392430,provenance_place,intermediate,2,1,00205577-p002,00205577-p002-loc01,Oxford,Oxford,Oxford,GeoNames,2640729,https://www.geonames.org/2640729,51.75222,-1.25596,United Kingdom,,,Douce BB 121.,,,,,undated,,coordinates_supplied,copy_level_provenance_place,MEI,00205577-p002,https://data.cerl.org/mei/00205577,data/expanded/mei-corpus.json,
00205577-current,00205577,00205577,ih00392430,ih00392430,current_holding,last,3,1,,,"Oxford, Bodleian Library",,,,,,,,GB,OxfordBodley,"Oxford, Bodleian Library",Douce BB 121.,,,,2026-09-30,current_observation_only,,holding_institution_not_yet_geocoded,current_holding_statement,MEI,00205577,https://data.cerl.org/mei/00205577,data/expanded/mei-corpus.json,Observed as the current holding institution; no arrival date is inferred.
00560437-print,00560437,00560437,ih00392450,ih00392450,print_place,first,0,1,,,Paris,Paris,,,,,,,,,,Inc.5.D.1.43[4213],1499,1499,,,gw_extracted_year_range,,place_name_not_yet_geocoded,edition_level_print_statement,GW,13295,https://gesamtkatalogderwiegendrucke.de/docs/GW13295.htm,data/derived/prayer-book-corpus.csv,Printing statement shared by copies of the edition.
00560437-p001-loc01,00560437,00560437,ih00392450,ih00392450,provenance_place,intermediate,1,1,00560437-p001,00560437-p001-loc01,Cambridge,Cambridge,Cambridge,GeoNames,2653941,https://www.geonames.org/2653941,52.2,0.11667,United Kingdom,,,Inc.5.D.1.43[4213],,,,,undated,a,coordinates_supplied,copy_level_provenance_place,MEI,00560437-p001,https://data.cerl.org/mei/00560437,data/expanded/mei-corpus.json,
00560437-current,00560437,00560437,ih00392450,ih00392450,current_holding,last,2,1,,,"Cambridge, University Library",,,,,,,,GB,CambridgeUL,"Cambridge, University Library",Inc.5.D.1.43[4213],,,,2026-09-30,current_observation_only,,holding_institution_not_yet_geocoded,current_holding_statement,MEI,00560437,https://data.cerl.org/mei/00560437,data/expanded/mei-corpus.json,Observed as the current holding institution; no arrival date is inferred.
00200657-print,00200657,00200657,ih00393400,ih00393400,print_place,first,0,1,,,Neapel,Neapel,,,,,,,,,,A. Q. I. A. 21,1498,1498,,,gw_extracted_year_range,,place_name_not_yet_geocoded,edition_level_print_statement,GW,13349,https://gesamtkatalogderwiegendrucke.de/docs/GW13349.htm,data/derived/prayer-book-corpus.csv,Printing statement shared by copies of the edition.
00200657-current,00200657,00200657,ih00393400,ih00393400,current_holding,last,1,1,,,"Napoli, Biblioteca nazionale Vittorio Emanuele III",,,,,,,,IT,NapoliN,"Napoli, Biblioteca nazionale Vittorio Emanuele III",A. Q. I. A. 21,,,,2026-09-30,current_observation_only,,holding_institution_not_yet_geocoded,current_holding_statement,MEI,00200657,https://data.cerl.org/mei/00200657,data/expanded/mei-corpus.json,Observed as the current holding institution; no arrival date is inferred.
00204741-print,00204741,00204741,ih00393900,ih00393900,print_place,first,0,1,,,Paris,Paris,,,,,,,,,,Douce 131(2).,1498,1498,,,gw_extracted_year_range,,place_name_not_yet_geocoded,edition_level_print_statement,GW,13312,https://gesamtkatalogderwiegendrucke.de/docs/GW13312.htm,data/derived/prayer-book-corpus.csv,Printing statement shared by copies of the edition.
00204741-p002-loc01,00204741,00204741,ih00393900,ih00393900,provenance_place,intermediate,2,1,00204741-p002,00204741-p002-loc01,London,London,London,GeoNames,2643743,https://www.geonames.org/2643743,51.50853,-0.12574,United Kingdom,,,Douce 131(2).,1701,1900,18 | 19,,mei_timeperiod,,coordinates_supplied,copy_level_provenance_place,MEI,00204741-p002,https://data.cerl.org/mei/00204741,data/expanded/mei-corpus.json,
00204741-p003-loc01,00204741,00204741,ih00393900,ih00393900,provenance_place,intermediate,3,1,00204741-p003,00204741-p003-loc01,Oxford,Oxford,Oxford,GeoNames,2640729,https://www.geonames.org/2640729,51.75222,-1.25596,United Kingdom,,,Douce 131(2).,,,,,undated,,coordinates_supplied,copy_level_provenance_place,MEI,00204741-p003,https://data.cerl.org/mei/00204741,data/expanded/mei-corpus.json,
00204741-current,00204741,00204741,ih00393900,ih00393900,current_holding,last,4,1,,,"Oxford, Bodleian Library",,,,,,,,GB,OxfordBodley,"Oxford, Bodleian Library",Douce 131(2).,,,,2026-09-30,current_observation_only,,holding_institution_not_yet_geocoded,current_holding_statement,MEI,00204741,https://data.cerl.org/mei/00204741,data/expanded/mei-corpus.json,Observed as the current holding institution; no arrival date is inferred.
02003414-print,02003414,02003414,ih00394000,ih00394000,print_place,first,0,1,,,Paris,Paris,,,,,,,,,,Inc.F.VII.13,1498,1498,,,gw_extracted_year_range,,place_name_not_yet_geocoded,edition_level_print_statement,GW,13314,https://gesamtkatalogderwiegendrucke.de/docs/GW13314.htm,data/derived/prayer-book-corpus.csv,Printing statement shared by copies of the edition.
02003414-current,02003414,02003414,ih00394000,ih00394000,current_holding,last,1,1,,,"Brescia, Biblioteca Queriniana",,,,,,,,IT,BresciaC,"Brescia, Biblioteca Queriniana",Inc.F.VII.13,,,,2026-09-30,current_observation_only,,holding_institution_not_yet_geocoded,current_holding_statement,MEI,02003414,https://data.cerl.org/mei/02003414,data/expanded/mei-corpus.json,Observed as the current holding institution; no arrival date is inferred.
02116797-print,02116797,02116797,ih00394000,ih00394000,print_place,first,0,1,,,Paris,Paris,,,,,,,,,,Ink 29-179,1498,1498,,,gw_extracted_year_range,,place_name_not_yet_geocoded,edition_level_print_statement,GW,13314,https://gesamtkatalogderwiegendrucke.de/docs/GW13314.htm,data/derived/prayer-book-corpus.csv,Printing statement shared by copies of the edition.
02116797-p001-loc01,02116797,02116797,ih00394000,ih00394000,provenance_place,intermediate,1,1,02116797-p001,02116797-p001-loc01,Vienna,Vienna,Vienna,GeoNames,2761369,https://www.geonames.org/2761369,48.20849,16.37208,Austria,,,Ink 29-179,,,,,undated,a,coordinates_supplied,copy_level_provenance_place,MEI,02116797-p001,https://data.cerl.org/mei/02116797,data/expanded/mei-corpus.json,
02116797-current,02116797,02116797,ih00394000,ih00394000,current_holding,last,2,1,,,"Wien, Österreichische  Nationalbibliothek",,,,,,,,AT,WienONB,"Wien, Österreichische  Nationalbibliothek",Ink 29-179,,,,2026-09-30,current_observation_only,,holding_institution_not_yet_geocoded,current_holding_statement,MEI,02116797,https://data.cerl.org/mei/02116797,data/expanded/mei-corpus.json,Observed as the current holding institution; no arrival date is inferred.
02125184-print,02125184,02125184,ih00394000,ih00394000,print_place,first,0,1,,,Paris,Paris,,,,,,,,,,1971 755,1498,1498,,,gw_extracted_year_range,,place_name_not_yet_geocoded,edition_level_print_statement,GW,13314,https://gesamtkatalogderwiegendrucke.de/docs/GW13314.htm,data/derived/prayer-book-corpus.csv,Printing statement shared by copies of the edition.
02125184-p004-loc01,02125184,02125184,ih00394000,ih00394000,provenance_place,intermediate,4,1,02125184-p004,02125184-p004-loc01,New Haven,New Haven,New Haven,GeoNames,4839366,https://www.geonames.org/4839366,41.30815,-72.92816,United States,,,1971 755,1963,,20,1970,mei_timeperiod,a,coordinates_supplied,copy_level_provenance_place,MEI,02125184-p004,https://data.cerl.org/mei/02125184,data/expanded/mei-corpus.json,
02125184-current,02125184,02125184,ih00394000,ih00394000,current_holding,last,5,1,,,"New Haven CT, Yale University, Beinecke Library",,,,,,,,US,YaleBeinecke,"New Haven CT, Yale University, Beinecke Library",1971 755,,,,2026-09-30,current_observation_only,,holding_institution_not_yet_geocoded,current_holding_statement,MEI,02125184,https://data.cerl.org/mei/02125184,data/expanded/mei-corpus.json,Observed as the current holding institution; no arrival date is inferred.
02138776-print,02138776,02138776,ih00394000,ih00394000,print_place,first,0,1,,,Paris,Paris,,,,,,,,,,028 A 003 (olim 004 B 015),1498,1498,,,gw_extracted_year_range,,place_name_not_yet_geocoded,edition_level_print_statement,GW,13314,https://gesamtkatalogderwiegendrucke.de/docs/GW13314.htm,data/derived/prayer-book-corpus.csv,Printing statement shared by copies of the edition.
02138776-p001-loc01,02138776,02138776,ih00394000,ih00394000,provenance_place,intermediate,1,1,02138776-p001,02138776-p001-loc01,Gemeente Den Haag,The Hague,Gemeente Den Haag,GeoNames,2747372,https://www.geonames.org/2747372,52.06866,4.28635,The Netherlands,,,028 A 003 (olim 004 B 015),,,,,undated,,coordinates_supplied,copy_level_provenance_place,MEI,02138776-p001,https://data.cerl.org/mei/02138776,data/expanded/mei-corpus.json,
02138776-p002-loc01,02138776,02138776,ih00394000,ih00394000,provenance_place,intermediate,2,1,02138776-p002,02138776-p002-loc01,Gemeente Den Haag,The Hague,Gemeente Den Haag,GeoNames,2747372,https://www.geonames.org/2747372,52.06866,4.28635,The Netherlands,,,028 A 003 (olim 004 B 015),,,,,undated,,coordinates_supplied,copy_level_provenance_place,MEI,02138776-p002,https://data.cerl.org/mei/02138776,data/expanded/mei-corpus.json,
02138776-p003-loc01,02138776,02138776,ih00394000,ih00394000,provenance_place,intermediate,3,1,02138776-p003,02138776-p003-loc01,Gemeente Den Haag,The Hague,Gemeente Den Haag,GeoNames,2747372,https://www.geonames.org/2747372,52.06866,4.28635,The Netherlands,,,028 A 003 (olim 004 B 015),,,,,undated,,coordinates_supplied,copy_level_provenance_place,MEI,02138776-p003,https://data.cerl.org/mei/02138776,data/expanded/mei-corpus.json,
02138776-current,02138776,02138776,ih00394000,ih00394000,current_holding,last,4,1,,,"Den Haag, Huis van het Boek ",,,,,,,,NL,TheHagueMMW,"Den Haag, Huis van het Boek ",028 A 003 (olim 004 B 015),,,,2026-09-30,current_observation_only,,holding_institution_not_yet_geocoded,current_holding_statement,MEI,02138776,https://data.cerl.org/mei/02138776,data/expanded/mei-corpus.json,Observed as the current holding institution; no arrival date is inferred.
02151349-print,02151349,02151349,ih00394000,ih00394000,print_place,first,0,1,,,Paris,Paris,,,,,,,,,,112. C. 25,1498,1498,,,gw_extracted_year_range,,place_name_not_yet_geocoded,edition_level_print_statement,GW,13314,https://gesamtkatalogderwiegendrucke.de/docs/GW13314.htm,data/derived/prayer-book-corpus.csv,Printing statement shared by copies of the edition.
02151349-p003-loc01,02151349,02151349,ih00394000,ih00394000,provenance_place,intermediate,3,1,02151349-p003,02151349-p003-loc01,Pavia,,Pavia,GeoNames,3171366,https://www.geonames.org/3171366,45.19205,9.15917,Italy,,,112. C. 25,,,,,undated,a,coordinates_supplied,copy_level_provenance_place,MEI,02151349-p003,https://data.cerl.org/mei/02151349,data/expanded/mei-corpus.json,
02151349-current,02151349,02151349,ih00394000,ih00394000,current_holding,last,4,1,,,"Pavia, Biblioteca Universitaria di Pavia - MiBACT",,,,,,,,IT,PaviaU,"Pavia, Biblioteca Universitaria di Pavia - MiBACT",112. C. 25,,,,2026-09-30,current_observation_only,,holding_institution_not_yet_geocoded,current_holding_statement,MEI,02151349,https://data.cerl.org/mei/02151349,data/expanded/mei-corpus.json,Observed as the current holding institution; no arrival date is inferred.
02178822-print,02178822,02178822,ih00394000,ih00394000,print_place,first,0,1,,,Paris,Paris,,,,,,,,,,MAG-P 12.2774,1498,1498,,,gw_extracted_year_range,,place_name_not_yet_geocoded,edition_level_print_statement,GW,13314,https://gesamtkatalogderwiegendrucke.de/docs/GW13314.htm,data/derived/prayer-book-corpus.csv,Printing statement shared by copies of the edition.
02178822-p001-loc01,02178822,02178822,ih00394000,ih00394000,provenance_place,intermediate,1,1,02178822-p001,02178822-p001-loc01,France,France,France,GeoNames,3017382,https://www.geonames.org/3017382,46,2,France,,,MAG-P 12.2774,1601,1701,17 | 18,circa 1670,mei_timeperiod,,coordinates_supplied,copy_level_provenance_place,MEI,02178822-p001,https://data.cerl.org/mei/02178822,data/expanded/mei-corpus.json,
02178822-p002-loc01,02178822,02178822,ih00394000,ih00394000,provenance_place,intermediate,2,1,02178822-p002,02178822-p002-loc01,France,France,France,GeoNames,3017382,https://www.geonames.org/3017382,46,2,France,,,MAG-P 12.2774,1793,1793,18,1793,mei_timeperiod,a,coordinates_supplied,copy_level_provenance_place,MEI,02178822-p002,https://data.cerl.org/mei/02178822,data/expanded/mei-corpus.json,Or another french-speaking territory.
02178822-p005-loc01,02178822,02178822,ih00394000,ih00394000,provenance_place,intermediate,5,1,02178822-p005,02178822-p005-loc01,Antwerp,Antwerp,Antwerp,GeoNames,2803138,https://www.geonames.org/2803138,51.22047,4.40026,Belgium,,,MAG-P 12.2774,2026,2026,21,2025-2026,mei_timeperiod,a,coordinates_supplied,copy_level_provenance_place,MEI,02178822-p005,https://data.cerl.org/mei/02178822,data/expanded/mei-corpus.json,
02178822-current,02178822,02178822,ih00394000,ih00394000,current_holding,last,6,1,,,"Antwerpen, Universiteitsbibliotheek",,,,,,,,BE,AntwerpenUB,"Antwerpen, Universiteitsbibliotheek",MAG-P 12.2774,,,,2026-09-30,current_observation_only,,holding_institution_not_yet_geocoded,current_holding_statement,MEI,02178822,https://data.cerl.org/mei/02178822,data/expanded/mei-corpus.json,Observed as the current holding institution; no arrival date is inferred.
00560438-print,00560438,00560438,ih00395000,ih00395000,print_place,first,0,1,,,Paris,Paris,,,,,,,,,,SSS.60.12,1498,1498,,,gw_extracted_year_range,,place_name_not_yet_geocoded,edition_level_print_statement,GW,13253,https://gesamtkatalogderwiegendrucke.de/docs/GW13253.htm,data/derived/prayer-book-corpus.csv,Printing statement shared by copies of the edition.
00560438-p003-loc01,00560438,00560438,ih00395000,ih00395000,provenance_place,intermediate,3,1,00560438-p003,00560438-p003-loc01,Cambridge,Cambridge,Cambridge,GeoNames,2653941,https://www.geonames.org/2653941,52.2,0.11667,United Kingdom,,,SSS.60.12,,,,,undated,a,coordinates_supplied,copy_level_provenance_place,MEI,00560438-p003,https://data.cerl.org/mei/00560438,data/expanded/mei-corpus.json,
00560438-current,00560438,00560438,ih00395000,ih00395000,current_holding,last,4,1,,,"Cambridge, University Library",,,,,,,,GB,CambridgeUL,"Cambridge, University Library",SSS.60.12,,,,2026-09-30,current_observation_only,,holding_institution_not_yet_geocoded,current_holding_statement,MEI,00560438,https://data.cerl.org/mei/00560438,data/expanded/mei-corpus.json,Observed as the current holding institution; no arrival date is inferred.
02100254-print,02100254,02100254,ih00395000,ih00395000,print_place,first,0,1,,,Paris,Paris,,,,,,,,,,KW 171 F 70,1498,1498,,,gw_extracted_year_range,,place_name_not_yet_geocoded,edition_level_print_statement,GW,13253,https://gesamtkatalogderwiegendrucke.de/docs/GW13253.htm,data/derived/prayer-book-corpus.csv,Printing statement shared by copies of the edition.
02100254-p002-loc01,02100254,02100254,ih00395000,ih00395000,provenance_place,intermediate,2,1,02100254-p002,02100254-p002-loc01,Strasbourg,Strasbourg,Strasbourg,GeoNames,2973783,https://www.geonames.org/2973783,48.58392,7.74553,France,,,KW 171 F 70,1702,1754,18,,mei_timeperiod,a,coordinates_supplied,copy_level_provenance_place,MEI,02100254-p002,https://data.cerl.org/mei/02100254,data/expanded/mei-corpus.json,
02100254-p004-loc01,02100254,02100254,ih00395000,ih00395000,provenance_place,intermediate,4,1,02100254-p004,02100254-p004-loc01,The Hague,Den Haag,The Hague,GeoNames,2747373,https://www.geonames.org/2747373,52.07667,4.29861,The Netherlands,,,KW 171 F 70,1829,,19,,mei_timeperiod,a,coordinates_supplied,copy_level_provenance_place,MEI,02100254-p004,https://data.cerl.org/mei/02100254,data/expanded/mei-corpus.json,
02100254-current,02100254,02100254,ih00395000,ih00395000,current_holding,last,5,1,,,"Den Haag, Koninklijke Bibliotheek - Nationale Bibliotheek van Nederland",,,,,,,,NL,NLKB,"Den Haag, Koninklijke Bibliotheek - Nationale Bibliotheek van Nederland",KW 171 F 70,,,,2026-09-30,current_observation_only,,holding_institution_not_yet_geocoded,current_holding_statement,MEI,02100254,https://data.cerl.org/mei/02100254,data/expanded/mei-corpus.json,Observed as the current holding institution; no arrival date is inferred.
00204647-print,00204647,00204647,ih00395000,ih00395000,print_place,first,0,1,,,Paris,Paris,,,,,,,,,,Douce 137.,1498,1498,,,gw_extracted_year_range,,place_name_not_yet_geocoded,edition_level_print_statement,GW,13253,https://gesamtkatalogderwiegendrucke.de/docs/GW13253.htm,data/derived/prayer-book-corpus.csv,Printing statement shared by copies of the edition.
00204647-p002-loc01,00204647,00204647,ih00395000,ih00395000,provenance_place,intermediate,2,1,00204647-p002,00204647-p002-loc01,London,London,London,GeoNames,2643743,https://www.geonames.org/2643743,51.50853,-0.12574,United Kingdom,,,Douce 137.,1701,1900,18 | 19,,mei_timeperiod,,coordinates_supplied,copy_level_provenance_place,MEI,00204647-p002,https://data.cerl.org/mei/00204647,data/expanded/mei-corpus.json,
00204647-p003-loc01,00204647,00204647,ih00395000,ih00395000,provenance_place,intermediate,3,1,00204647-p003,00204647-p003-loc01,Oxford,Oxford,Oxford,GeoNames,2640729,https://www.geonames.org/2640729,51.75222,-1.25596,United Kingdom,,,Douce 137.,,,,,undated,,coordinates_supplied,copy_level_provenance_place,MEI,00204647-p003,https://data.cerl.org/mei/00204647,data/expanded/mei-corpus.json,
00204647-current,00204647,00204647,ih00395000,ih00395000,current_holding,last,4,1,,,"Oxford, Bodleian Library",,,,,,,,GB,OxfordBodley,"Oxford, Bodleian Library",Douce 137.,,,,2026-09-30,current_observation_only,,holding_institution_not_yet_geocoded,current_holding_statement,MEI,00204647,https://data.cerl.org/mei/00204647,data/expanded/mei-corpus.json,Observed as the current holding institution; no arrival date is inferred.
02122666-print,02122666,02122666,ih00395000,ih00395000,print_place,first,0,1,,,Paris,Paris,,,,,,,,,,BX2080.V67 1498,1498,1498,,,gw_extracted_year_range,,place_name_not_yet_geocoded,edition_level_print_statement,GW,13253,https://gesamtkatalogderwiegendrucke.de/docs/GW13253.htm,data/derived/prayer-book-corpus.csv,Printing statement shared by copies of the edition.
02122666-p004-loc01,02122666,02122666,ih00395000,ih00395000,provenance_place,intermediate,4,1,02122666-p004,02122666-p004-loc01,Cambridge,Cambridge,Cambridge,GeoNames,4931972,https://www.geonames.org/4931972,42.3751,-71.10561,United States,,,BX2080.V67 1498,,2004,15 | 16 | 17 | 18 | 19 | 20 | 21,,mei_timeperiod,,coordinates_supplied,copy_level_provenance_place,MEI,02122666-p004,https://data.cerl.org/mei/02122666,data/expanded/mei-corpus.json,
02122666-p005-loc01,02122666,02122666,ih00395000,ih00395000,provenance_place,intermediate,5,1,02122666-p005,02122666-p005-loc01,New York,New York City,New York,GeoNames,5128581,https://www.geonames.org/5128581,40.71427,-74.00597,United States,,,BX2080.V67 1498,,2015,15 | 16 | 17 | 18 | 19 | 20 | 21,,mei_timeperiod,,coordinates_supplied,copy_level_provenance_place,MEI,02122666-p005,https://data.cerl.org/mei/02122666,data/expanded/mei-corpus.json,
02122666-p006-loc01,02122666,02122666,ih00395000,ih00395000,provenance_place,intermediate,6,1,02122666-p006,02122666-p006-loc01,Iowa City,Iowa City,Iowa City,GeoNames,4862034,https://www.geonames.org/4862034,41.66113,-91.53017,United States,,,BX2080.V67 1498,2015,,21,,mei_timeperiod,,coordinates_supplied,copy_level_provenance_place,MEI,02122666-p006,https://data.cerl.org/mei/02122666,data/expanded/mei-corpus.json,
02122666-current,02122666,02122666,ih00395000,ih00395000,current_holding,last,7,1,,,"Iowa City IA, University of Iowa, Main Library",,,,,,,,US,IowaUL,"Iowa City IA, University of Iowa, Main Library",BX2080.V67 1498,,,,2026-09-30,current_observation_only,,holding_institution_not_yet_geocoded,current_holding_statement,MEI,02122666,https://data.cerl.org/mei/02122666,data/expanded/mei-corpus.json,Observed as the current holding institution; no arrival date is inferred.
02011390-print,02011390,02011390,ih00395000,ih00395000,print_place,first,0,1,,,Paris,Paris,,,,,,,,,,INC 57,1498,1498,,,gw_extracted_year_range,,place_name_not_yet_geocoded,edition_level_print_statement,GW,13253,https://gesamtkatalogderwiegendrucke.de/docs/GW13253.htm,data/derived/prayer-book-corpus.csv,Printing statement shared by copies of the edition.
02011390-p006-loc01,02011390,02011390,ih00395000,ih00395000,provenance_place,intermediate,6,1,02011390-p006,02011390-p006-loc01,London,London,,,,,,,,,,INC 57,1891,,19,,mei_timeperiod,,name_only,copy_level_provenance_place,MEI,02011390-p006,https://data.cerl.org/mei/02011390,data/expanded/mei-corpus.json,
02011390-current,02011390,02011390,ih00395000,ih00395000,current_holding,last,7,1,,,"London, Guildhall Library",,,,,,,,GB,LondonGuildhallLibrary,"London, Guildhall Library",INC 57,,,,2026-09-30,current_observation_only,,holding_institution_not_yet_geocoded,current_holding_statement,MEI,02011390,https://data.cerl.org/mei/02011390,data/expanded/mei-corpus.json,Observed as the current holding institution; no arrival date is inferred.
02013229-print,02013229,02013229,ih00395000,ih00395000,print_place,first,0,1,,,Paris,Paris,,,,,,,,,,EXKA Incunabula 1498 Catholic Church,1498,1498,,,gw_extracted_year_range,,place_name_not_yet_geocoded,edition_level_print_statement,GW,13253,https://gesamtkatalogderwiegendrucke.de/docs/GW13253.htm,data/derived/prayer-book-corpus.csv,Printing statement shared by copies of the edition.
02013229-p003-loc01,02013229,02013229,ih00395000,ih00395000,provenance_place,intermediate,3,1,02013229-p003,02013229-p003-loc01,London,London,,,,,,,,,,EXKA Incunabula 1498 Catholic Church,1901,1910,20,,mei_timeperiod,a,name_only,copy_level_provenance_place,MEI,02013229-p003,https://data.cerl.org/mei/02013229,data/expanded/mei-corpus.json,
02013229-p004-loc01,02013229,02013229,ih00395000,ih00395000,provenance_place,intermediate,4,1,02013229-p004,02013229-p004-loc01,London,London,,,,,,,,,,EXKA Incunabula 1498 Catholic Church,1801,1930,19 | 20,,mei_timeperiod,a,name_only,copy_level_provenance_place,MEI,02013229-p004,https://data.cerl.org/mei/02013229,data/expanded/mei-corpus.json,
02013229-p005-loc01,02013229,02013229,ih00395000,ih00395000,provenance_place,intermediate,5,1,02013229-p005,02013229-p005-loc01,London,London,,,,,,,,,,EXKA Incunabula 1498 Catholic Church,1921,1930,20,,mei_timeperiod,a,name_only,copy_level_provenance_place,MEI,02013229-p005,https://data.cerl.org/mei/02013229,data/expanded/mei-corpus.json,
02013229-p006-loc01,02013229,02013229,ih00395000,ih00395000,provenance_place,intermediate,6,1,02013229-p006,02013229-p006-loc01,Tuxedo Park,Tuxedo Park,,,,,,,,,,EXKA Incunabula 1498 Catholic Church,1921,1850,,,mei_timeperiod,a,name_only,copy_level_provenance_place,MEI,02013229-p006,https://data.cerl.org/mei/02013229,data/expanded/mei-corpus.json,
02013229-p007-loc01,02013229,02013229,ih00395000,ih00395000,provenance_place,intermediate,7,1,02013229-p007,02013229-p007-loc01,"Princeton, NJ","Princeton, NJ",,,,,,,,,,EXKA Incunabula 1498 Catholic Church,1941,,20,,mei_timeperiod,a,name_only,copy_level_provenance_place,MEI,02013229-p007,https://data.cerl.org/mei/02013229,data/expanded/mei-corpus.json,
02013229-current,02013229,02013229,ih00395000,ih00395000,current_holding,last,8,1,,,"Princeton NJ, Princeton University, Firestone Library, Rare Book Division",,,,,,,,US,PrincetonUL,"Princeton NJ, Princeton University, Firestone Library, Rare Book Division",EXKA Incunabula 1498 Catholic Church,,,,2026-09-30,current_observation_only,,holding_institution_not_yet_geocoded,current_holding_statement,MEI,02013229,https://data.cerl.org/mei/02013229,data/expanded/mei-corpus.json,Observed as the current holding institution; no arrival date is inferred.
02138777-print,02138777,02138777,ih00395000,ih00395000,print_place,first,0,1,,,Paris,Paris,,,,,,,,,,002 E 029 (olim 004 B 016),1498,1498,,,gw_extracted_year_range,,place_name_not_yet_geocoded,edition_level_print_statement,GW,13253,https://gesamtkatalogderwiegendrucke.de/docs/GW13253.htm,data/derived/prayer-book-corpus.csv,Printing statement shared by copies of the edition.
02138777-p001-loc01,02138777,02138777,ih00395000,ih00395000,provenance_place,intermediate,1,1,02138777-p001,02138777-p001-loc01,Gemeente Den Haag,The Hague,Gemeente Den Haag,GeoNames,2747372,https://www.geonames.org/2747372,52.06866,4.28635,The Netherlands,,,002 E 029 (olim 004 B 016),,,,,undated,,coordinates_supplied,copy_level_provenance_place,MEI,02138777-p001,https://data.cerl.org/mei/02138777,data/expanded/mei-corpus.json,
02138777-p002-loc01,02138777,02138777,ih00395000,ih00395000,provenance_place,intermediate,2,1,02138777-p002,02138777-p002-loc01,Gemeente Den Haag,The Hague,Gemeente Den Haag,GeoNames,2747372,https://www.geonames.org/2747372,52.06866,4.28635,The Netherlands,,,002 E 029 (olim 004 B 016),,,,,undated,,coordinates_supplied,copy_level_provenance_place,MEI,02138777-p002,https://data.cerl.org/mei/02138777,data/expanded/mei-corpus.json,
02138777-current,02138777,02138777,ih00395000,ih00395000,current_holding,last,3,1,,,"Den Haag, Huis van het Boek ",,,,,,,,NL,TheHagueMMW,"Den Haag, Huis van het Boek ",002 E 029 (olim 004 B 016),,,,2026-09-30,current_observation_only,,holding_institution_not_yet_geocoded,current_holding_statement,MEI,02138777,https://data.cerl.org/mei/02138777,data/expanded/mei-corpus.json,Observed as the current holding institution; no arrival date is inferred.
00560439-print,00560439,00560439,ih00395050,ih00395050,print_place,first,0,1,,,Paris,Paris,,,,,,,,,,Inc.5.D.1.29[2583],1498,1498,,,gw_extracted_year_range,,place_name_not_yet_geocoded,edition_level_print_statement,GW,13254,https://gesamtkatalogderwiegendrucke.de/docs/GW13254.htm,data/derived/prayer-book-corpus.csv,Printing statement shared by copies of the edition.
00560439-p002-loc01,00560439,00560439,ih00395050,ih00395050,provenance_place,intermediate,2,1,00560439-p002,00560439-p002-loc01,Cambridge,Cambridge,Cambridge,GeoNames,2653941,https://www.geonames.org/2653941,52.2,0.11667,United Kingdom,,,Inc.5.D.1.29[2583],,,,,undated,a,coordinates_supplied,copy_level_provenance_place,MEI,00560439-p002,https://data.cerl.org/mei/00560439,data/expanded/mei-corpus.json,
00560439-current,00560439,00560439,ih00395050,ih00395050,current_holding,last,3,1,,,"Cambridge, University Library",,,,,,,,GB,CambridgeUL,"Cambridge, University Library",Inc.5.D.1.29[2583],,,,2026-09-30,current_observation_only,,holding_institution_not_yet_geocoded,current_holding_statement,MEI,00560439,https://data.cerl.org/mei/00560439,data/expanded/mei-corpus.json,Observed as the current holding institution; no arrival date is inferred.
00205581-print,00205581,00205581,ih00395500,ih00395500,print_place,first,0,1,,,Venedig,Venedig,,,,,,,,,,Douce adds. g.2.,1498,1498,,,gw_extracted_year_range,,place_name_not_yet_geocoded,edition_level_print_statement,GW,13387,https://gesamtkatalogderwiegendrucke.de/docs/GW13387.htm,data/derived/prayer-book-corpus.csv,Printing statement shared by copies of the edition.
00205581-p001-loc01,00205581,00205581,ih00395500,ih00395500,provenance_place,intermediate,1,1,00205581-p001,00205581-p001-loc01,London,London,London,GeoNames,2643743,https://www.geonames.org/2643743,51.50853,-0.12574,United Kingdom,,,Douce adds. g.2.,1701,1900,18 | 19,,mei_timeperiod,,coordinates_supplied,copy_level_provenance_place,MEI,00205581-p001,https://data.cerl.org/mei/00205581,data/expanded/mei-corpus.json,
00205581-p002-loc01,00205581,00205581,ih00395500,ih00395500,provenance_place,intermediate,2,1,00205581-p002,00205581-p002-loc01,Oxford,Oxford,Oxford,GeoNames,2640729,https://www.geonames.org/2640729,51.75222,-1.25596,United Kingdom,,,Douce adds. g.2.,,,,,undated,,coordinates_supplied,copy_level_provenance_place,MEI,00205581-p002,https://data.cerl.org/mei/00205581,data/expanded/mei-corpus.json,
00205581-current,00205581,00205581,ih00395500,ih00395500,current_holding,last,3,1,,,"Oxford, Bodleian Library",,,,,,,,GB,OxfordBodley,"Oxford, Bodleian Library",Douce adds. g.2.,,,,2026-09-30,current_observation_only,,holding_institution_not_yet_geocoded,current_holding_statement,MEI,00205581,https://data.cerl.org/mei/00205581,data/expanded/mei-corpus.json,Observed as the current holding institution; no arrival date is inferred.
00200659-print,00200659,00200659,ih00395500,ih00395500,print_place,first,0,1,,,Venedig,Venedig,,,,,,,,,,Douce adds. g.2,1498,1498,,,gw_extracted_year_range,,place_name_not_yet_geocoded,edition_level_print_statement,GW,13387,https://gesamtkatalogderwiegendrucke.de/docs/GW13387.htm,data/derived/prayer-book-corpus.csv,Printing statement shared by copies of the edition.
00200659-current,00200659,00200659,ih00395500,ih00395500,current_holding,last,1,1,,,"Oxford, Bodleian Library",,,,,,,,GB,OxfordBodley,"Oxford, Bodleian Library",Douce adds. g.2,,,,2026-09-30,current_observation_only,,holding_institution_not_yet_geocoded,current_holding_statement,MEI,00200659,https://data.cerl.org/mei/00200659,data/expanded/mei-corpus.json,Observed as the current holding institution; no arrival date is inferred.
00200658-print,00200658,00200658,ih00395500,ih00395500,print_place,first,0,1,,,Venedig,Venedig,,,,,,,,,,SSS. 34. 2,1498,1498,,,gw_extracted_year_range,,place_name_not_yet_geocoded,edition_level_print_statement,GW,13387,https://gesamtkatalogderwiegendrucke.de/docs/GW13387.htm,data/derived/prayer-book-corpus.csv,Printing statement shared by copies of the edition.
00200658-p001-loc01,00200658,00200658,ih00395500,ih00395500,provenance_place,intermediate,1,1,00200658-p001,00200658-p001-loc01,London,London,London,GeoNames,2643743,https://www.geonames.org/2643743,51.50853,-0.12574,United Kingdom,,,SSS. 34. 2,1837,1894,19,,mei_timeperiod,,coordinates_supplied,copy_level_provenance_place,MEI,00200658-p001,https://data.cerl.org/mei/00200658,data/expanded/mei-corpus.json,
00200658-p002-loc01,00200658,00200658,ih00395500,ih00395500,provenance_place,intermediate,2,1,00200658-p002,00200658-p002-loc01,Cambridge,Cambridge,Cambridge,GeoNames,2653941,https://www.geonames.org/2653941,52.2,0.11667,United Kingdom,,,SSS. 34. 2,1416,,15,,mei_timeperiod,,coordinates_supplied,copy_level_provenance_place,MEI,00200658-p002,https://data.cerl.org/mei/00200658,data/expanded/mei-corpus.json,
00200658-current,00200658,00200658,ih00395500,ih00395500,current_holding,last,3,1,,,"Cambridge, University Library",,,,,,,,GB,CambridgeUL,"Cambridge, University Library",SSS. 34. 2,,,,2026-09-30,current_observation_only,,holding_institution_not_yet_geocoded,current_holding_statement,MEI,00200658,https://data.cerl.org/mei/00200658,data/expanded/mei-corpus.json,Observed as the current holding institution; no arrival date is inferred.
00206444-print,00206444,00206444,ih00396000,ih00396000,print_place,first,0,1,,,Paris,Paris,,,,,,,,,,8° Rawl. 1099.,1498,1498,,,gw_extracted_year_range,,place_name_not_yet_geocoded,edition_level_print_statement,GW,13274,https://gesamtkatalogderwiegendrucke.de/docs/GW13274.htm,data/derived/prayer-book-corpus.csv,Printing statement shared by copies of the edition.
00206444-p003-loc01,00206444,00206444,ih00396000,ih00396000,provenance_place,intermediate,3,1,00206444-p003,00206444-p003-loc01,Oxford,Oxford,Oxford,GeoNames,2640729,https://www.geonames.org/2640729,51.75222,-1.25596,United Kingdom,,,8° Rawl. 1099.,,,,,undated,,coordinates_supplied,copy_level_provenance_place,MEI,00206444-p003,https://data.cerl.org/mei/00206444,data/expanded/mei-corpus.json,
00206444-current,00206444,00206444,ih00396000,ih00396000,current_holding,last,4,1,,,"Oxford, Bodleian Library",,,,,,,,GB,OxfordBodley,"Oxford, Bodleian Library",8° Rawl. 1099.,,,,2026-09-30,current_observation_only,,holding_institution_not_yet_geocoded,current_holding_statement,MEI,00206444,https://data.cerl.org/mei/00206444,data/expanded/mei-corpus.json,Observed as the current holding institution; no arrival date is inferred.
02100255-print,02100255,02100255,ih00396500,ih00396500,print_place,first,0,1,,,Paris,Paris,,,,,,,,,,KW 343 G 29,1498,1498,,,gw_extracted_year_range,,place_name_not_yet_geocoded,edition_level_print_statement,GW,13275,https://gesamtkatalogderwiegendrucke.de/docs/GW13275.htm,data/derived/prayer-book-corpus.csv,Printing statement shared by copies of the edition.
02100255-p002-loc01,02100255,02100255,ih00396500,ih00396500,provenance_place,intermediate,2,1,02100255-p002,02100255-p002-loc01,The Hague,Den Haag,The Hague,GeoNames,2747373,https://www.geonames.org/2747373,52.07667,4.29861,The Netherlands,,,KW 343 G 29,,,,,undated,a,coordinates_supplied,copy_level_provenance_place,MEI,02100255-p002,https://data.cerl.org/mei/02100255,data/expanded/mei-corpus.json,
02100255-current,02100255,02100255,ih00396500,ih00396500,current_holding,last,3,1,,,"Den Haag, Koninklijke Bibliotheek - Nationale Bibliotheek van Nederland",,,,,,,,NL,NLKB,"Den Haag, Koninklijke Bibliotheek - Nationale Bibliotheek van Nederland",KW 343 G 29,,,,2026-09-30,current_observation_only,,holding_institution_not_yet_geocoded,current_holding_statement,MEI,02100255,https://data.cerl.org/mei/02100255,data/expanded/mei-corpus.json,Observed as the current holding institution; no arrival date is inferred.
02145200-print,02145200,02145200,ih00397000,ih00397000,print_place,first,0,1,,,Paris,Paris,,,,,,,,,,BX2080 .A2 1498,1498,1498,,,gw_extracted_year_range,,place_name_not_yet_geocoded,edition_level_print_statement,GW,13222,https://gesamtkatalogderwiegendrucke.de/docs/GW13222.htm,data/derived/prayer-book-corpus.csv,Printing statement shared by copies of the edition.
02145200-p001-loc01,02145200,02145200,ih00397000,ih00397000,provenance_place,intermediate,1,1,02145200-p001,02145200-p001-loc01,France,,France,GeoNames,3017382,https://www.geonames.org/3017382,46,2,France,,,BX2080 .A2 1498,1498,1550,15 | 16,,mei_timeperiod,a,coordinates_supplied,copy_level_provenance_place,MEI,02145200-p001,https://data.cerl.org/mei/02145200,data/expanded/mei-corpus.json,
02145200-p002-loc01,02145200,02145200,ih00397000,ih00397000,provenance_place,intermediate,2,1,02145200-p002,02145200-p002-loc01,France,,France,GeoNames,3017382,https://www.geonames.org/3017382,46,2,France,,,BX2080 .A2 1498,1750,1800,18,,mei_timeperiod,b,coordinates_supplied,copy_level_provenance_place,MEI,02145200-p002,https://data.cerl.org/mei/02145200,data/expanded/mei-corpus.json,
02145200-p003-loc01,02145200,02145200,ih00397000,ih00397000,provenance_place,intermediate,3,1,02145200-p003,02145200-p003-loc01,New York,,New York,GeoNames,5128581,https://www.geonames.org/5128581,40.71427,-74.00597,United States,,,BX2080 .A2 1498,1869,1898,19,,mei_timeperiod,a,coordinates_supplied,copy_level_provenance_place,MEI,02145200-p003,https://data.cerl.org/mei/02145200,data/expanded/mei-corpus.json,
02145200-p003-loc02,02145200,02145200,ih00397000,ih00397000,provenance_place,intermediate,3,2,02145200-p003,02145200-p003-loc02,Burlington,,Burlington,GeoNames,5234372,https://www.geonames.org/5234372,44.47588,-73.21207,United States,,,BX2080 .A2 1498,1869,1898,19,,mei_timeperiod,a,coordinates_supplied,copy_level_provenance_place,MEI,02145200-p003,https://data.cerl.org/mei/02145200,data/expanded/mei-corpus.json,
02145200-p004-loc01,02145200,02145200,ih00397000,ih00397000,provenance_place,intermediate,4,1,02145200-p004,02145200-p004-loc01,Burlington,,Burlington,GeoNames,5234372,https://www.geonames.org/5234372,44.47588,-73.21207,United States,,,BX2080 .A2 1498,1898,,19,1898,mei_timeperiod,a,coordinates_supplied,copy_level_provenance_place,MEI,02145200-p004,https://data.cerl.org/mei/02145200,data/expanded/mei-corpus.json,
02145200-current,02145200,02145200,ih00397000,ih00397000,current_holding,last,5,1,,,"Burlington VT, University of Vermont, Silver Special Collections Library",,,,,,,,US,UVerL,"Burlington VT, University of Vermont, Silver Special Collections Library",BX2080 .A2 1498,,,,2026-09-30,current_observation_only,,holding_institution_not_yet_geocoded,current_holding_statement,MEI,02145200,https://data.cerl.org/mei/02145200,data/expanded/mei-corpus.json,Observed as the current holding institution; no arrival date is inferred.
02002302-print,02002302,02002302,ih00397300,ih00397300,print_place,first,0,1,,,Paris,Paris,,,,,,,,,,I/223,1498,1498,,,gw_extracted_year_range,,place_name_not_yet_geocoded,edition_level_print_statement,GW,13272,https://gesamtkatalogderwiegendrucke.de/docs/GW13272.htm,data/derived/prayer-book-corpus.csv,Printing statement shared by copies of the edition.
02002302-p002-loc01,02002302,02002302,ih00397300,ih00397300,provenance_place,intermediate,2,1,02002302-p002,02002302-p002-loc01,Valençay,Valençay,,,,,,,,,,I/223,1801,1820,19,,mei_timeperiod,a,name_only,copy_level_provenance_place,MEI,02002302-p002,https://data.cerl.org/mei/02002302,data/expanded/mei-corpus.json,
02002302-p003-loc01,02002302,02002302,ih00397300,ih00397300,provenance_place,intermediate,3,1,02002302-p003,02002302-p003-loc01,Madrid,Madrid,Madrid,GeoNames,3117735,https://www.geonames.org/3117735,40.4165,-3.70256,Spain,,,I/223,1811,1840,19,,mei_timeperiod,a,coordinates_supplied,copy_level_provenance_place,MEI,02002302-p003,https://data.cerl.org/mei/02002302,data/expanded/mei-corpus.json,
02002302-p004-loc01,02002302,02002302,ih00397300,ih00397300,provenance_place,intermediate,4,1,02002302-p004,02002302-p004-loc01,Madrid,Madrid,Madrid,GeoNames,3117735,https://www.geonames.org/3117735,40.4165,-3.70256,Spain,,,I/223,1871,,19,,mei_timeperiod,a,coordinates_supplied,copy_level_provenance_place,MEI,02002302-p004,https://data.cerl.org/mei/02002302,data/expanded/mei-corpus.json,
02002302-current,02002302,02002302,ih00397300,ih00397300,current_holding,last,5,1,,,"Madrid, Real Biblioteca",,,,,,,,ES,MadridBPalacioReal,"Madrid, Real Biblioteca",I/223,,,,2026-09-30,current_observation_only,,holding_institution_not_yet_geocoded,current_holding_statement,MEI,02002302,https://data.cerl.org/mei/02002302,data/expanded/mei-corpus.json,Observed as the current holding institution; no arrival date is inferred.
00560441-print,00560441,00560441,ih00398600,ih00398600,print_place,first,0,1,,,Paris,Paris,,,,,,,,,,SSS.47.4,1498,1498,,,gw_extracted_year_range,,place_name_not_yet_geocoded,edition_level_print_statement,GW,13141,https://gesamtkatalogderwiegendrucke.de/docs/GW13141.htm,data/derived/prayer-book-corpus.csv,Printing statement shared by copies of the edition.
00560441-p004-loc01,00560441,00560441,ih00398600,ih00398600,provenance_place,intermediate,4,1,00560441-p004,00560441-p004-loc01,Cambridge,Cambridge,Cambridge,GeoNames,2653941,https://www.geonames.org/2653941,52.2,0.11667,United Kingdom,,,SSS.47.4,,,,,undated,a,coordinates_supplied,copy_level_provenance_place,MEI,00560441-p004,https://data.cerl.org/mei/00560441,data/expanded/mei-corpus.json,
00560441-current,00560441,00560441,ih00398600,ih00398600,current_holding,last,5,1,,,"Cambridge, University Library",,,,,,,,GB,CambridgeUL,"Cambridge, University Library",SSS.47.4,,,,2026-09-30,current_observation_only,,holding_institution_not_yet_geocoded,current_holding_statement,MEI,00560441,https://data.cerl.org/mei/00560441,data/expanded/mei-corpus.json,Observed as the current holding institution; no arrival date is inferred.
02115886-print,02115886,02115886,ih00399360,ih00399360,print_place,first,0,1,,,Lyon,Lyon,,,,,,,,,,Ink 25.H.80,1499,1499,,,gw_extracted_year_range,,place_name_not_yet_geocoded,edition_level_print_statement,GW,13037,https://gesamtkatalogderwiegendrucke.de/docs/GW13037.htm,data/derived/prayer-book-corpus.csv,Printing statement shared by copies of the edition.
02115886-p001-loc01,02115886,02115886,ih00399360,ih00399360,provenance_place,intermediate,1,1,02115886-p001,02115886-p001-loc01,Vienna,Vienna,Vienna,GeoNames,2761369,https://www.geonames.org/2761369,48.20849,16.37208,Austria,,,Ink 25.H.80,,,,,undated,a,coordinates_supplied,copy_level_provenance_place,MEI,02115886-p001,https://data.cerl.org/mei/02115886,data/expanded/mei-corpus.json,
02115886-current,02115886,02115886,ih00399360,ih00399360,current_holding,last,2,1,,,"Wien, Österreichische  Nationalbibliothek",,,,,,,,AT,WienONB,"Wien, Österreichische  Nationalbibliothek",Ink 25.H.80,,,,2026-09-30,current_observation_only,,holding_institution_not_yet_geocoded,current_holding_statement,MEI,02115886,https://data.cerl.org/mei/02115886,data/expanded/mei-corpus.json,Observed as the current holding institution; no arrival date is inferred.
00205576-print,00205576,00205576,ih00399360,ih00399360,print_place,first,0,1,,,Lyon,Lyon,,,,,,,,,,Douce 21.,1499,1499,,,gw_extracted_year_range,,place_name_not_yet_geocoded,edition_level_print_statement,GW,13037,https://gesamtkatalogderwiegendrucke.de/docs/GW13037.htm,data/derived/prayer-book-corpus.csv,Printing statement shared by copies of the edition.
00205576-p001-loc01,00205576,00205576,ih00399360,ih00399360,provenance_place,intermediate,1,1,00205576-p001,00205576-p001-loc01,London,London,London,GeoNames,2643743,https://www.geonames.org/2643743,51.50853,-0.12574,United Kingdom,,,Douce 21.,1701,1900,18 | 19,,mei_timeperiod,,coordinates_supplied,copy_level_provenance_place,MEI,00205576-p001,https://data.cerl.org/mei/00205576,data/expanded/mei-corpus.json,
00205576-p002-loc01,00205576,00205576,ih00399360,ih00399360,provenance_place,intermediate,2,1,00205576-p002,00205576-p002-loc01,Oxford,Oxford,Oxford,GeoNames,2640729,https://www.geonames.org/2640729,51.75222,-1.25596,United Kingdom,,,Douce 21.,,,,,undated,,coordinates_supplied,copy_level_provenance_place,MEI,00205576-p002,https://data.cerl.org/mei/00205576,data/expanded/mei-corpus.json,
00205576-current,00205576,00205576,ih00399360,ih00399360,current_holding,last,3,1,,,"Oxford, Bodleian Library",,,,,,,,GB,OxfordBodley,"Oxford, Bodleian Library",Douce 21.,,,,2026-09-30,current_observation_only,,holding_institution_not_yet_geocoded,current_holding_statement,MEI,00205576,https://data.cerl.org/mei/00205576,data/expanded/mei-corpus.json,Observed as the current holding institution; no arrival date is inferred.
02124346-print,02124346,02124346,ih00399360,ih00399360,print_place,first,0,1,,,Lyon,Lyon,,,,,,,,,,Inc. I 055,1499,1499,,,gw_extracted_year_range,,place_name_not_yet_geocoded,edition_level_print_statement,GW,13037,https://gesamtkatalogderwiegendrucke.de/docs/GW13037.htm,data/derived/prayer-book-corpus.csv,Printing statement shared by copies of the edition.
02124346-p003-loc01,02124346,02124346,ih00399360,ih00399360,provenance_place,intermediate,3,1,02124346-p003,02124346-p003-loc01,Venice,Venezia,Venice,GeoNames,3164603,https://www.geonames.org/3164603,45.43713,12.33265,Italy,,,Inc. I 055,1847,1868,19,,mei_timeperiod,a,coordinates_supplied,copy_level_provenance_place,MEI,02124346-p003,https://data.cerl.org/mei/02124346,data/expanded/mei-corpus.json,
02124346-p004-loc01,02124346,02124346,ih00399360,ih00399360,provenance_place,intermediate,4,1,02124346-p004,02124346-p004-loc01,Venice,Venezia,Venice,GeoNames,3164603,https://www.geonames.org/3164603,45.43713,12.33265,Italy,,,Inc. I 055,1868,,19,,mei_timeperiod,a,coordinates_supplied,copy_level_provenance_place,MEI,02124346-p004,https://data.cerl.org/mei/02124346,data/expanded/mei-corpus.json,
02124346-current,02124346,02124346,ih00399360,ih00399360,current_holding,last,5,1,,,"Venezia, Biblioteca del Museo Correr",,,,,,,,IT,VeneziaC,"Venezia, Biblioteca del Museo Correr",Inc. I 055,,,,2026-09-30,current_observation_only,,holding_institution_not_yet_geocoded,current_holding_statement,MEI,02124346,https://data.cerl.org/mei/02124346,data/expanded/mei-corpus.json,Observed as the current holding institution; no arrival date is inferred.
02138778-print,02138778,02138778,ih00399500,ih00399500,print_place,first,0,1,,,Paris,Paris,,,,,,,,,,001 F 047,1499,1499,,,gw_extracted_year_range,,place_name_not_yet_geocoded,edition_level_print_statement,GW,13101,https://gesamtkatalogderwiegendrucke.de/docs/GW13101.htm,data/derived/prayer-book-corpus.csv,Printing statement shared by copies of the edition.
02138778-p001-loc01,02138778,02138778,ih00399500,ih00399500,provenance_place,intermediate,1,1,02138778-p001,02138778-p001-loc01,Gemeente Den Haag,The Hague,Gemeente Den Haag,GeoNames,2747372,https://www.geonames.org/2747372,52.06866,4.28635,The Netherlands,,,001 F 047,,,,,undated,,coordinates_supplied,copy_level_provenance_place,MEI,02138778-p001,https://data.cerl.org/mei/02138778,data/expanded/mei-corpus.json,
02138778-p002-loc01,02138778,02138778,ih00399500,ih00399500,provenance_place,intermediate,2,1,02138778-p002,02138778-p002-loc01,Gemeente Den Haag,The Hague,Gemeente Den Haag,GeoNames,2747372,https://www.geonames.org/2747372,52.06866,4.28635,The Netherlands,,,001 F 047,,,,,undated,,coordinates_supplied,copy_level_provenance_place,MEI,02138778-p002,https://data.cerl.org/mei/02138778,data/expanded/mei-corpus.json,
02138778-p003-loc01,02138778,02138778,ih00399500,ih00399500,provenance_place,intermediate,3,1,02138778-p003,02138778-p003-loc01,Gemeente Den Haag,The Hague,Gemeente Den Haag,GeoNames,2747372,https://www.geonames.org/2747372,52.06866,4.28635,The Netherlands,,,001 F 047,,,,,undated,,coordinates_supplied,copy_level_provenance_place,MEI,02138778-p003,https://data.cerl.org/mei/02138778,data/expanded/mei-corpus.json,
02138778-current,02138778,02138778,ih00399500,ih00399500,current_holding,last,4,1,,,"Den Haag, Huis van het Boek ",,,,,,,,NL,TheHagueMMW,"Den Haag, Huis van het Boek ",001 F 047,,,,2026-09-30,current_observation_only,,holding_institution_not_yet_geocoded,current_holding_statement,MEI,02138778,https://data.cerl.org/mei/02138778,data/expanded/mei-corpus.json,Observed as the current holding institution; no arrival date is inferred.
02122074-print,02122074,02122074,ih00399600,ih00399600,print_place,first,0,1,,,Lyon,Lyon,,,,,,,,,,147D 261,1499,1499,,,gw_extracted_year_range,,place_name_not_yet_geocoded,edition_level_print_statement,GW,13038,https://gesamtkatalogderwiegendrucke.de/docs/GW13038.htm,data/derived/prayer-book-corpus.csv,Printing statement shared by copies of the edition.
02122074-p001-loc01,02122074,02122074,ih00399600,ih00399600,provenance_place,intermediate,1,1,02122074-p001,02122074-p001-loc01,Venice,Venezia,Venice,GeoNames,3164603,https://www.geonames.org/3164603,45.43713,12.33265,Italy,,,147D 261,1900,,19,,mei_timeperiod,a,coordinates_supplied,copy_level_provenance_place,MEI,02122074-p001,https://data.cerl.org/mei/02122074,data/expanded/mei-corpus.json,
02122074-current,02122074,02122074,ih00399600,ih00399600,current_holding,last,2,1,,,"Venezia, Biblioteca Nazionale Marciana",,,,,,,,IT,VeneziaN,"Venezia, Biblioteca Nazionale Marciana",147D 261,,,,2026-09-30,current_observation_only,,holding_institution_not_yet_geocoded,current_holding_statement,MEI,02122074,https://data.cerl.org/mei/02122074,data/expanded/mei-corpus.json,Observed as the current holding institution; no arrival date is inferred.
02132440-print,02132440,02132440,ih00399600,ih00399600,print_place,first,0,1,,,Lyon,Lyon,,,,,,,,,,B.G. Inc. 62,1499,1499,,,gw_extracted_year_range,,place_name_not_yet_geocoded,edition_level_print_statement,GW,13038,https://gesamtkatalogderwiegendrucke.de/docs/GW13038.htm,data/derived/prayer-book-corpus.csv,Printing statement shared by copies of the edition.
02132440-p002-loc01,02132440,02132440,ih00399600,ih00399600,provenance_place,intermediate,2,1,02132440-p002,02132440-p002-loc01,Fenouillet,Fenouillet,Fenouillet,GeoNames,3018713,https://www.geonames.org/3018713,43.68041,1.392,France,,,B.G. Inc. 62,1701,1800,18,,mei_timeperiod,a,coordinates_supplied,copy_level_provenance_place,MEI,02132440-p002,https://data.cerl.org/mei/02132440,data/expanded/mei-corpus.json,
02132440-p004-loc01,02132440,02132440,ih00399600,ih00399600,provenance_place,intermediate,4,1,02132440-p004,02132440-p004-loc01,Schwarzau am Steinfeld,Schwarzau am Steinfeld,Schwarzau am Steinfeld,GeoNames,2765489,https://www.geonames.org/2765489,47.73183,16.17094,Austria,,,B.G. Inc. 62,1883,1907,19 | 20,,mei_timeperiod,a,coordinates_supplied,copy_level_provenance_place,MEI,02132440-p004,https://data.cerl.org/mei/02132440,data/expanded/mei-corpus.json,
02132440-p005-loc01,02132440,02132440,ih00399600,ih00399600,provenance_place,intermediate,5,1,02132440-p005,02132440-p005-loc01,Milan,Milano,Milan,GeoNames,3173435,https://www.geonames.org/3173435,45.46427,9.18951,Italy,,,B.G. Inc. 62,1932,1936,20,,mei_timeperiod,a,coordinates_supplied,copy_level_provenance_place,MEI,02132440-p005,https://data.cerl.org/mei/02132440,data/expanded/mei-corpus.json,
02132440-p006-loc01,02132440,02132440,ih00399600,ih00399600,provenance_place,intermediate,6,1,02132440-p006,02132440-p006-loc01,Milan,Milano,Milan,GeoNames,3173435,https://www.geonames.org/3173435,45.46427,9.18951,Italy,,,B.G. Inc. 62,1936,1938,20,,mei_timeperiod,a,coordinates_supplied,copy_level_provenance_place,MEI,02132440-p006,https://data.cerl.org/mei/02132440,data/expanded/mei-corpus.json,
02132440-p007-loc01,02132440,02132440,ih00399600,ih00399600,provenance_place,intermediate,7,1,02132440-p007,02132440-p007-loc01,Milan,Milano,Milan,GeoNames,3173435,https://www.geonames.org/3173435,45.46427,9.18951,Italy,,,B.G. Inc. 62,1938,,20,,mei_timeperiod,a,coordinates_supplied,copy_level_provenance_place,MEI,02132440-p007,https://data.cerl.org/mei/02132440,data/expanded/mei-corpus.json,
02132440-current,02132440,02132440,ih00399600,ih00399600,current_holding,last,8,1,,,"Milano, Biblioteca Nazionale Braidense",,,,,,,,IT,MilanoN,"Milano, Biblioteca Nazionale Braidense",B.G. Inc. 62,,,,2026-09-30,current_observation_only,,holding_institution_not_yet_geocoded,current_holding_statement,MEI,02132440,https://data.cerl.org/mei/02132440,data/expanded/mei-corpus.json,Observed as the current holding institution; no arrival date is inferred.
00200660-print,00200660,00200660,ih00399800,ih00399800,print_place,first,0,1,,,Venedig,Venedig,,,,,,,,,,Rar. 15,1499,1499,,,gw_extracted_year_range,,place_name_not_yet_geocoded,edition_level_print_statement,GW,13388,https://gesamtkatalogderwiegendrucke.de/docs/GW13388.htm,data/derived/prayer-book-corpus.csv,Printing statement shared by copies of the edition.
00200660-current,00200660,00200660,ih00399800,ih00399800,current_holding,last,1,1,,,"München, Bayerische Staatsbibliothek",,,,,,,,DE,MunchenBSB,"München, Bayerische Staatsbibliothek",Rar. 15,,,,2026-09-30,current_observation_only,,holding_institution_not_yet_geocoded,current_holding_statement,MEI,00200660,https://data.cerl.org/mei/00200660,data/expanded/mei-corpus.json,Observed as the current holding institution; no arrival date is inferred.
00205580-print,00205580,00205580,ih00401300,ih00401300,print_place,first,0,1,,,Paris,Paris,,,,,,,,,,Douce BB 49.,1497,1499,,,gw_extracted_year_range,,place_name_not_yet_geocoded,edition_level_print_statement,GW,13123,https://gesamtkatalogderwiegendrucke.de/docs/GW13123.htm,data/derived/prayer-book-corpus.csv,Printing statement shared by copies of the edition.
00205580-p002-loc01,00205580,00205580,ih00401300,ih00401300,provenance_place,intermediate,2,1,00205580-p002,00205580-p002-loc01,London,London,London,GeoNames,2643743,https://www.geonames.org/2643743,51.50853,-0.12574,United Kingdom,,,Douce BB 49.,1701,1900,18 | 19,,mei_timeperiod,,coordinates_supplied,copy_level_provenance_place,MEI,00205580-p002,https://data.cerl.org/mei/00205580,data/expanded/mei-corpus.json,
00205580-p003-loc01,00205580,00205580,ih00401300,ih00401300,provenance_place,intermediate,3,1,00205580-p003,00205580-p003-loc01,Oxford,Oxford,Oxford,GeoNames,2640729,https://www.geonames.org/2640729,51.75222,-1.25596,United Kingdom,,,Douce BB 49.,,,,,undated,,coordinates_supplied,copy_level_provenance_place,MEI,00205580-p003,https://data.cerl.org/mei/00205580,data/expanded/mei-corpus.json,
00205580-current,00205580,00205580,ih00401300,ih00401300,current_holding,last,4,1,,,"Oxford, Bodleian Library",,,,,,,,GB,OxfordBodley,"Oxford, Bodleian Library",Douce BB 49.,,,,2026-09-30,current_observation_only,,holding_institution_not_yet_geocoded,current_holding_statement,MEI,00205580,https://data.cerl.org/mei/00205580,data/expanded/mei-corpus.json,Observed as the current holding institution; no arrival date is inferred.
02108382-print,02108382,02108382,ih00405000,ih00405000,print_place,first,0,1,,,Paris,Paris,,,,,,,,,,Goff H405,1500,1501,,,gw_extracted_year_range,,place_name_not_yet_geocoded,edition_level_print_statement,GW,13244,https://gesamtkatalogderwiegendrucke.de/docs/GW13244.htm,data/derived/prayer-book-corpus.csv,Printing statement shared by copies of the edition.
02108382-p001-loc01,02108382,02108382,ih00405000,ih00405000,provenance_place,intermediate,1,1,02108382-p001,02108382-p001-loc01,New York,New York,New York,GeoNames,5128581,https://www.geonames.org/5128581,40.71427,-74.00597,United States,,,Goff H405,,1881,15 | 16 | 17 | 18 | 19,,mei_timeperiod,a,coordinates_supplied,copy_level_provenance_place,MEI,02108382-p001,https://data.cerl.org/mei/02108382,data/expanded/mei-corpus.json,
02108382-current,02108382,02108382,ih00405000,ih00405000,current_holding,last,2,1,,,"New York NY, Columbia University, Butler Library",,,,,,,,US,ColUL,"New York NY, Columbia University, Butler Library",Goff H405,,,,2026-09-30,current_observation_only,,holding_institution_not_yet_geocoded,current_holding_statement,MEI,02108382,https://data.cerl.org/mei/02108382,data/expanded/mei-corpus.json,Observed as the current holding institution; no arrival date is inferred.
02118280-print,02118280,02118280,ih00405600,ih00405600,print_place,first,0,1,,,Paris,Paris,,,,,,,,,,Ink 3.G.20,1500,1500,,,gw_extracted_year_range,,place_name_not_yet_geocoded,edition_level_print_statement,GW,13300,https://gesamtkatalogderwiegendrucke.de/docs/GW13300.htm,data/derived/prayer-book-corpus.csv,Printing statement shared by copies of the edition.
02118280-p001-loc01,02118280,02118280,ih00405600,ih00405600,provenance_place,intermediate,1,1,02118280-p001,02118280-p001-loc01,Vienna,Vienna,Vienna,GeoNames,2761369,https://www.geonames.org/2761369,48.20849,16.37208,Austria,,,Ink 3.G.20,,,,,undated,a,coordinates_supplied,copy_level_provenance_place,MEI,02118280-p001,https://data.cerl.org/mei/02118280,data/expanded/mei-corpus.json,
02118280-current,02118280,02118280,ih00405600,ih00405600,current_holding,last,2,1,,,"Wien, Österreichische  Nationalbibliothek",,,,,,,,AT,WienONB,"Wien, Österreichische  Nationalbibliothek",Ink 3.G.20,,,,2026-09-30,current_observation_only,,holding_institution_not_yet_geocoded,current_holding_statement,MEI,02118280,https://data.cerl.org/mei/02118280,data/expanded/mei-corpus.json,Observed as the current holding institution; no arrival date is inferred.
02100103-print,02100103,02100103,ih00405900,ih00405900,print_place,first,0,1,,,Paris,Paris,,,,,,,,,,KW 343 H 28,1500,1500,,,gw_extracted_year_range,,place_name_not_yet_geocoded,edition_level_print_statement,GW,13169,https://gesamtkatalogderwiegendrucke.de/docs/GW13169.htm,data/derived/prayer-book-corpus.csv,Printing statement shared by copies of the edition.
02100103-p002-loc01,02100103,02100103,ih00405900,ih00405900,provenance_place,intermediate,2,1,02100103-p002,02100103-p002-loc01,The Hague,Den Haag,The Hague,GeoNames,2747373,https://www.geonames.org/2747373,52.07667,4.29861,The Netherlands,,,KW 343 H 28,,,,,undated,a,coordinates_supplied,copy_level_provenance_place,MEI,02100103-p002,https://data.cerl.org/mei/02100103,data/expanded/mei-corpus.json,
02100103-current,02100103,02100103,ih00405900,ih00405900,current_holding,last,3,1,,,"Den Haag, Koninklijke Bibliotheek - Nationale Bibliotheek van Nederland",,,,,,,,NL,NLKB,"Den Haag, Koninklijke Bibliotheek - Nationale Bibliotheek van Nederland",KW 343 H 28,,,,2026-09-30,current_observation_only,,holding_institution_not_yet_geocoded,current_holding_statement,MEI,02100103,https://data.cerl.org/mei/02100103,data/expanded/mei-corpus.json,Observed as the current holding institution; no arrival date is inferred.
02132453-print,02132453,02132453,ih00410500,ih00410500,print_place,first,0,1,,,Paris,Paris,,,,,,,,,,B.G. Inc. 70,1500,1500,,,gw_extracted_year_range,,place_name_not_yet_geocoded,edition_level_print_statement,GW,13259,https://gesamtkatalogderwiegendrucke.de/docs/GW13259.htm,data/derived/prayer-book-corpus.csv,Printing statement shared by copies of the edition.
02132453-p003-loc01,02132453,02132453,ih00410500,ih00410500,provenance_place,intermediate,3,1,02132453-p003,02132453-p003-loc01,Schwarzau am Steinfeld,Schwarzau am Steinfeld,Schwarzau am Steinfeld,GeoNames,2765489,https://www.geonames.org/2765489,47.73183,16.17094,Austria,,,B.G. Inc. 70,1883,1907,19 | 20,,mei_timeperiod,a,coordinates_supplied,copy_level_provenance_place,MEI,02132453-p003,https://data.cerl.org/mei/02132453,data/expanded/mei-corpus.json,
02132453-p004-loc01,02132453,02132453,ih00410500,ih00410500,provenance_place,intermediate,4,1,02132453-p004,02132453-p004-loc01,Milan,Milano,Milan,GeoNames,3173435,https://www.geonames.org/3173435,45.46427,9.18951,Italy,,,B.G. Inc. 70,1932,1936,20,,mei_timeperiod,a,coordinates_supplied,copy_level_provenance_place,MEI,02132453-p004,https://data.cerl.org/mei/02132453,data/expanded/mei-corpus.json,
02132453-p005-loc01,02132453,02132453,ih00410500,ih00410500,provenance_place,intermediate,5,1,02132453-p005,02132453-p005-loc01,Milan,Milano,Milan,GeoNames,3173435,https://www.geonames.org/3173435,45.46427,9.18951,Italy,,,B.G. Inc. 70,1936,1938,20,,mei_timeperiod,a,coordinates_supplied,copy_level_provenance_place,MEI,02132453-p005,https://data.cerl.org/mei/02132453,data/expanded/mei-corpus.json,
02132453-p006-loc01,02132453,02132453,ih00410500,ih00410500,provenance_place,intermediate,6,1,02132453-p006,02132453-p006-loc01,Milan,Milano,Milan,GeoNames,3173435,https://www.geonames.org/3173435,45.46427,9.18951,Italy,,,B.G. Inc. 70,1938,,20,,mei_timeperiod,a,coordinates_supplied,copy_level_provenance_place,MEI,02132453-p006,https://data.cerl.org/mei/02132453,data/expanded/mei-corpus.json,
02132453-current,02132453,02132453,ih00410500,ih00410500,current_holding,last,7,1,,,"Milano, Biblioteca Nazionale Braidense",,,,,,,,IT,MilanoN,"Milano, Biblioteca Nazionale Braidense",B.G. Inc. 70,,,,2026-09-30,current_observation_only,,holding_institution_not_yet_geocoded,current_holding_statement,MEI,02132453,https://data.cerl.org/mei/02132453,data/expanded/mei-corpus.json,Observed as the current holding institution; no arrival date is inferred.
00204427-print,00204427,00204427,ih00418010,ih00418010,print_place,first,0,1,,,Paris,Paris,,,,,,,,,,Byw. R 4.12*.,1490,1490,,,gw_extracted_year_range,,place_name_not_yet_geocoded,edition_level_print_statement,GW,13052,https://gesamtkatalogderwiegendrucke.de/docs/GW13052.htm,data/derived/prayer-book-corpus.csv,Printing statement shared by copies of the edition.
00204427-p001-loc01,00204427,00204427,ih00418010,ih00418010,provenance_place,intermediate,1,1,00204427-p001,00204427-p001-loc01,Oxford,Oxford,Oxford,GeoNames,2640729,https://www.geonames.org/2640729,51.75222,-1.25596,United Kingdom,,,Byw. R 4.12*.,1840,1914,19 | 20,,mei_timeperiod,,coordinates_supplied,copy_level_provenance_place,MEI,00204427-p001,https://data.cerl.org/mei/00204427,data/expanded/mei-corpus.json,
00204427-p002-loc01,00204427,00204427,ih00418010,ih00418010,provenance_place,intermediate,2,1,00204427-p002,00204427-p002-loc01,Oxford,Oxford,Oxford,GeoNames,2640729,https://www.geonames.org/2640729,51.75222,-1.25596,United Kingdom,,,Byw. R 4.12*.,1924,,20,,mei_timeperiod,,coordinates_supplied,copy_level_provenance_place,MEI,00204427-p002,https://data.cerl.org/mei/00204427,data/expanded/mei-corpus.json,
00204427-current,00204427,00204427,ih00418010,ih00418010,current_holding,last,3,1,,,"Oxford, Bodleian Library",,,,,,,,GB,OxfordBodley,"Oxford, Bodleian Library",Byw. R 4.12*.,,,,2026-09-30,current_observation_only,,holding_institution_not_yet_geocoded,current_holding_statement,MEI,00204427,https://data.cerl.org/mei/00204427,data/expanded/mei-corpus.json,Observed as the current holding institution; no arrival date is inferred.
00205582-print,00205582,00205582,ih00418800,ih00418800,print_place,first,0,1,,,Paris,Paris,,,,,,,,,,Douce BB 113.,1497,1497,,,gw_extracted_year_range,,place_name_not_yet_geocoded,edition_level_print_statement,GW,13193,https://gesamtkatalogderwiegendrucke.de/docs/GW13193.htm,data/derived/prayer-book-corpus.csv,Printing statement shared by copies of the edition.
00205582-p001-loc01,00205582,00205582,ih00418800,ih00418800,provenance_place,intermediate,1,1,00205582-p001,00205582-p001-loc01,London,London,London,GeoNames,2643743,https://www.geonames.org/2643743,51.50853,-0.12574,United Kingdom,,,Douce BB 113.,1701,1900,18 | 19,,mei_timeperiod,,coordinates_supplied,copy_level_provenance_place,MEI,00205582-p001,https://data.cerl.org/mei/00205582,data/expanded/mei-corpus.json,
00205582-p002-loc01,00205582,00205582,ih00418800,ih00418800,provenance_place,intermediate,2,1,00205582-p002,00205582-p002-loc01,Oxford,Oxford,Oxford,GeoNames,2640729,https://www.geonames.org/2640729,51.75222,-1.25596,United Kingdom,,,Douce BB 113.,,,,,undated,,coordinates_supplied,copy_level_provenance_place,MEI,00205582-p002,https://data.cerl.org/mei/00205582,data/expanded/mei-corpus.json,
00205582-current,00205582,00205582,ih00418800,ih00418800,current_holding,last,3,1,,,"Oxford, Bodleian Library",,,,,,,,GB,OxfordBodley,"Oxford, Bodleian Library",Douce BB 113.,,,,2026-09-30,current_observation_only,,holding_institution_not_yet_geocoded,current_holding_statement,MEI,00205582,https://data.cerl.org/mei/00205582,data/expanded/mei-corpus.json,Observed as the current holding institution; no arrival date is inferred.
02010654-print,02010654,02010654,ih00419000,ih00419000,print_place,first,0,1,,,Paris,Paris,,,,,,,,,,[ZZ] 1488.5,1498,1498,,,gw_extracted_year_range,,place_name_not_yet_geocoded,edition_level_print_statement,GW,13212,https://gesamtkatalogderwiegendrucke.de/docs/GW13212.htm,data/derived/prayer-book-corpus.csv,Printing statement shared by copies of the edition.
02010654-p005-loc01,02010654,02010654,ih00419000,ih00419000,provenance_place,intermediate,5,1,02010654-p005,02010654-p005-loc01,London,London,London,GeoNames,2643743,https://www.geonames.org/2643743,51.50853,-0.12574,United Kingdom,,,[ZZ] 1488.5,1951,,20,,mei_timeperiod,a,coordinates_supplied,copy_level_provenance_place,MEI,02010654-p005,https://data.cerl.org/mei/02010654,data/expanded/mei-corpus.json,
02010654-current,02010654,02010654,ih00419000,ih00419000,current_holding,last,6,1,,,"London, Lambeth Palace Library",,,,,,,,GB,LondonLambeth,"London, Lambeth Palace Library",[ZZ] 1488.5,,,,2026-09-30,current_observation_only,,holding_institution_not_yet_geocoded,current_holding_statement,MEI,02010654,https://data.cerl.org/mei/02010654,data/expanded/mei-corpus.json,Observed as the current holding institution; no arrival date is inferred.
00200613-print,00200613,00200613,ih00419500,ih00419500,print_place,first,0,1,,,Venedig,Venedig,,,,,,,,,,Ink. 12,1495,1495,,,gw_extracted_year_range,,place_name_not_yet_geocoded,edition_level_print_statement,GW,13380,https://gesamtkatalogderwiegendrucke.de/docs/GW13380.htm,data/derived/prayer-book-corpus.csv,Printing statement shared by copies of the edition.
00200613-current,00200613,00200613,ih00419500,ih00419500,current_holding,last,1,1,,,"Salzburg, Städtisches Museum Carolino-Augusteum, Bibliothek",,,,,,,,AT,SalzburgCarolinoAug,"Salzburg, Städtisches Museum Carolino-Augusteum, Bibliothek",Ink. 12,,,,2026-09-30,current_observation_only,,holding_institution_not_yet_geocoded,current_holding_statement,MEI,00200613,https://data.cerl.org/mei/00200613,data/expanded/mei-corpus.json,Observed as the current holding institution; no arrival date is inferred.
02127516-print,02127516,02127516,ih00420000,ih00420000,print_place,first,0,1,,,Brügge,Brügge,,,,,,,,,,PML 18386,1475,1475,,,gw_extracted_year_range,,place_name_not_yet_geocoded,edition_level_print_statement,GW,13407,https://gesamtkatalogderwiegendrucke.de/docs/GW13407.htm,data/derived/prayer-book-corpus.csv,Printing statement shared by copies of the edition.
02127516-p001-loc01,02127516,02127516,ih00420000,ih00420000,provenance_place,intermediate,1,1,02127516-p001,02127516-p001-loc01,Bruges,"Bruges, Belgium",Bruges,GeoNames,2800931,https://www.geonames.org/2800931,51.20892,3.22424,Belgium,,,PML 18386,1475,1500,15,,mei_timeperiod,a,coordinates_supplied,copy_level_provenance_place,MEI,02127516-p001,https://data.cerl.org/mei/02127516,data/expanded/mei-corpus.json,
02127516-p002-loc01,02127516,02127516,ih00420000,ih00420000,provenance_place,intermediate,2,1,02127516-p002,02127516-p002-loc01,Middelburg,"Middelburg, Zeeland",Middelburg,GeoNames,2750896,https://www.geonames.org/2750896,51.5,3.61389,The Netherlands,,,PML 18386,1900,1908,19 | 20,,mei_timeperiod,a,coordinates_supplied,copy_level_provenance_place,MEI,02127516-p002,https://data.cerl.org/mei/02127516,data/expanded/mei-corpus.json,"Copy discovered in unidentified location in Middelburg, Zeeland "
02127516-p003-loc01,02127516,02127516,ih00420000,ih00420000,provenance_place,intermediate,3,1,02127516-p003,02127516-p003-loc01,London,"London, England",London,GeoNames,2643743,https://www.geonames.org/2643743,51.50853,-0.12574,United Kingdom,,,PML 18386,1908,1908,20,,mei_timeperiod,a,coordinates_supplied,copy_level_provenance_place,MEI,02127516-p003,https://data.cerl.org/mei/02127516,data/expanded/mei-corpus.json,
02127516-p004-loc01,02127516,02127516,ih00420000,ih00420000,provenance_place,intermediate,4,1,02127516-p004,02127516-p004-loc01,New York,"New York City, New York",New York,GeoNames,5128581,https://www.geonames.org/5128581,40.71427,-74.00597,United States,,,PML 18386,1908,1913,20,,mei_timeperiod,a,coordinates_supplied,copy_level_provenance_place,MEI,02127516-p004,https://data.cerl.org/mei/02127516,data/expanded/mei-corpus.json,
02127516-p005-loc01,02127516,02127516,ih00420000,ih00420000,provenance_place,intermediate,5,1,02127516-p005,02127516-p005-loc01,New York,"New York City, New York",New York,GeoNames,5128581,https://www.geonames.org/5128581,40.71427,-74.00597,United States,,,PML 18386,1913,1924,20,,mei_timeperiod,a,coordinates_supplied,copy_level_provenance_place,MEI,02127516-p005,https://data.cerl.org/mei/02127516,data/expanded/mei-corpus.json,
02127516-p006-loc01,02127516,02127516,ih00420000,ih00420000,provenance_place,intermediate,6,1,02127516-p006,02127516-p006-loc01,New York,"New York City, New York",New York,GeoNames,5128581,https://www.geonames.org/5128581,40.71427,-74.00597,United States,,,PML 18386,1924,,20,,mei_timeperiod,a,coordinates_supplied,copy_level_provenance_place,MEI,02127516-p006,https://data.cerl.org/mei/02127516,data/expanded/mei-corpus.json,
02127516-current,02127516,02127516,ih00420000,ih00420000,current_holding,last,7,1,,,"New York NY, The Morgan Library and Museum",,,,,,,,US,NewYorkNYPierpontMorganLibrary,"New York NY, The Morgan Library and Museum",PML 18386,,,,2026-09-30,current_observation_only,,holding_institution_not_yet_geocoded,current_holding_statement,MEI,02127516,https://data.cerl.org/mei/02127516,data/expanded/mei-corpus.json,Observed as the current holding institution; no arrival date is inferred.
00205585-print,00205585,00205585,ih00420000,ih00420000,print_place,first,0,1,,,Brügge,Brügge,,,,,,,,,,Douce Fragm. g.1.,1475,1475,,,gw_extracted_year_range,,place_name_not_yet_geocoded,edition_level_print_statement,GW,13407,https://gesamtkatalogderwiegendrucke.de/docs/GW13407.htm,data/derived/prayer-book-corpus.csv,Printing statement shared by copies of the edition.
00205585-p001-loc01,00205585,00205585,ih00420000,ih00420000,provenance_place,intermediate,1,1,00205585-p001,00205585-p001-loc01,London,London,London,GeoNames,2643743,https://www.geonames.org/2643743,51.50853,-0.12574,United Kingdom,,,Douce Fragm. g.1.,1701,1900,18 | 19,,mei_timeperiod,,coordinates_supplied,copy_level_provenance_place,MEI,00205585-p001,https://data.cerl.org/mei/00205585,data/expanded/mei-corpus.json,
00205585-p003-loc01,00205585,00205585,ih00420000,ih00420000,provenance_place,intermediate,3,1,00205585-p003,00205585-p003-loc01,Oxford,Oxford,Oxford,GeoNames,2640729,https://www.geonames.org/2640729,51.75222,-1.25596,United Kingdom,,,Douce Fragm. g.1.,,,,,undated,,coordinates_supplied,copy_level_provenance_place,MEI,00205585-p003,https://data.cerl.org/mei/00205585,data/expanded/mei-corpus.json,
00205585-current,00205585,00205585,ih00420000,ih00420000,current_holding,last,4,1,,,"Oxford, Bodleian Library",,,,,,,,GB,OxfordBodley,"Oxford, Bodleian Library",Douce Fragm. g.1.,,,,2026-09-30,current_observation_only,,holding_institution_not_yet_geocoded,current_holding_statement,MEI,00205585,https://data.cerl.org/mei/00205585,data/expanded/mei-corpus.json,Observed as the current holding institution; no arrival date is inferred.
02137556-print,02137556,02137556,ih00420200,ih00420200,print_place,first,0,1,,,Westminster,Westminster,,,,,,,,,,IB.55036,1478,1478,,,gw_extracted_year_range,,place_name_not_yet_geocoded,edition_level_print_statement,GW,13021,https://gesamtkatalogderwiegendrucke.de/docs/GW13021.htm,data/derived/prayer-book-corpus.csv,Printing statement shared by copies of the edition.
02137556-p001-loc01,02137556,02137556,ih00420200,ih00420200,provenance_place,intermediate,1,1,02137556-p001,02137556-p001-loc01,St Albans,"St Albans, Hertfordshire",St Albans,GeoNames,2638867,https://www.geonames.org/2638867,51.75,-0.33333,United Kingdom,,,IB.55036,1479,1871,15 | 16 | 17 | 18 | 19,,mei_timeperiod,a,coordinates_supplied,copy_level_provenance_place,MEI,02137556-p001,https://data.cerl.org/mei/02137556,data/expanded/mei-corpus.json,
02137556-p002-loc01,02137556,02137556,ih00420200,ih00420200,provenance_place,intermediate,2,1,02137556-p002,02137556-p002-loc01,London,London,London,GeoNames,2643743,https://www.geonames.org/2643743,51.50853,-0.12574,United Kingdom,,,IB.55036,1871,,19,,mei_timeperiod,a,coordinates_supplied,copy_level_provenance_place,MEI,02137556-p002,https://data.cerl.org/mei/02137556,data/expanded/mei-corpus.json,
02137556-current,02137556,02137556,ih00420200,ih00420200,current_holding,last,3,1,,,"London, British Library",,,,,,,,GB,LondonBL,"London, British Library",IB.55036,,,,2026-09-23,current_observation_only,,holding_institution_not_yet_geocoded,current_holding_statement,MEI,02137556,https://data.cerl.org/mei/02137556,data/expanded/mei-corpus.json,Observed as the current holding institution; no arrival date is inferred.
00560442-print,00560442,00560442,ih00420300,ih00420300,print_place,first,0,1,,,London,London,,,,,,,,,,Inc.6.J.3.4[3606],1484,1484,,,gw_extracted_year_range,,place_name_not_yet_geocoded,edition_level_print_statement,GW,13013,https://gesamtkatalogderwiegendrucke.de/docs/GW13013.htm,data/derived/prayer-book-corpus.csv,Printing statement shared by copies of the edition.
00560442-p001-loc01,00560442,00560442,ih00420300,ih00420300,provenance_place,intermediate,1,1,00560442-p001,00560442-p001-loc01,Cambridge,Cambridge,Cambridge,GeoNames,2653941,https://www.geonames.org/2653941,52.2,0.11667,United Kingdom,,,Inc.6.J.3.4[3606],,,,,undated,a,coordinates_supplied,copy_level_provenance_place,MEI,00560442-p001,https://data.cerl.org/mei/00560442,data/expanded/mei-corpus.json,
00560442-current,00560442,00560442,ih00420300,ih00420300,current_holding,last,2,1,,,"Cambridge, University Library",,,,,,,,GB,CambridgeUL,"Cambridge, University Library",Inc.6.J.3.4[3606],,,,2026-09-23,current_observation_only,,holding_institution_not_yet_geocoded,current_holding_statement,MEI,00560442,https://data.cerl.org/mei/00560442,data/expanded/mei-corpus.json,Observed as the current holding institution; no arrival date is inferred.
00203485-print,00203485,00203485,ih00420300,ih00420300,print_place,first,0,1,,,London,London,,,,,,,,,,Arch. G f.16.,1484,1484,,,gw_extracted_year_range,,place_name_not_yet_geocoded,edition_level_print_statement,GW,13013,https://gesamtkatalogderwiegendrucke.de/docs/GW13013.htm,data/derived/prayer-book-corpus.csv,Printing statement shared by copies of the edition.
00203485-p006-loc01,00203485,00203485,ih00420300,ih00420300,provenance_place,intermediate,6,1,00203485-p006,00203485-p006-loc01,Oxford,Oxford,Oxford,GeoNames,2640729,https://www.geonames.org/2640729,51.75222,-1.25596,United Kingdom,,,Arch. G f.16.,,,,,undated,,coordinates_supplied,copy_level_provenance_place,MEI,00203485-p006,https://data.cerl.org/mei/00203485,data/expanded/mei-corpus.json,
00203485-current,00203485,00203485,ih00420300,ih00420300,current_holding,last,7,1,,,"Oxford, Bodleian Library",,,,,,,,GB,OxfordBodley,"Oxford, Bodleian Library",Arch. G f.16.,,,,2026-09-23,current_observation_only,,holding_institution_not_yet_geocoded,current_holding_statement,MEI,00203485,https://data.cerl.org/mei/00203485,data/expanded/mei-corpus.json,Observed as the current holding institution; no arrival date is inferred.
00560443-print,00560443,00560443,ih00420330,ih00420330,print_place,first,0,1,,,Paris(?),Paris(?),,,,,,,,,,Inc.6.D.1.14[2501],1488,1488,,,gw_extracted_year_range,,place_name_not_yet_geocoded,edition_level_print_statement,GW,13051,https://gesamtkatalogderwiegendrucke.de/docs/GW13051.htm,data/derived/prayer-book-corpus.csv,Printing statement shared by copies of the edition.
00560443-p002-loc01,00560443,00560443,ih00420330,ih00420330,provenance_place,intermediate,2,1,00560443-p002,00560443-p002-loc01,Cambridge,"Cambridge, Mass.",Cambridge,GeoNames,4931972,https://www.geonames.org/4931972,42.3751,-71.10561,United States,,,Inc.6.D.1.14[2501],,,,,undated,,coordinates_supplied,copy_level_provenance_place,MEI,00560443-p002,https://data.cerl.org/mei/00560443,data/expanded/mei-corpus.json,
00560443-p003-loc01,00560443,00560443,ih00420330,ih00420330,provenance_place,intermediate,3,1,00560443-p003,00560443-p003-loc01,Cambridge,Cambridge,Cambridge,GeoNames,2653941,https://www.geonames.org/2653941,52.2,0.11667,United Kingdom,,,Inc.6.D.1.14[2501],,,,,undated,a,coordinates_supplied,copy_level_provenance_place,MEI,00560443-p003,https://data.cerl.org/mei/00560443,data/expanded/mei-corpus.json,
00560443-current,00560443,00560443,ih00420330,ih00420330,current_holding,last,4,1,,,"Cambridge, University Library",,,,,,,,GB,CambridgeUL,"Cambridge, University Library",Inc.6.D.1.14[2501],,,,2026-09-30,current_observation_only,,holding_institution_not_yet_geocoded,current_holding_statement,MEI,00560443,https://data.cerl.org/mei/00560443,data/expanded/mei-corpus.json,Observed as the current holding institution; no arrival date is inferred.
00560444-print,00560444,00560444,ih00420400,ih00420400,print_place,first,0,1,,,Westminster,Westminster,,,,,,,,,,Inc.6.J.1.1[3533],1484,1484,,,gw_extracted_year_range,,place_name_not_yet_geocoded,edition_level_print_statement,GW,13022,https://gesamtkatalogderwiegendrucke.de/docs/GW13022.htm,data/derived/prayer-book-corpus.csv,Printing statement shared by copies of the edition.
00560444-p001-loc01,00560444,00560444,ih00420400,ih00420400,provenance_place,intermediate,1,1,00560444-p001,00560444-p001-loc01,Cambridge,Cambridge,Cambridge,GeoNames,2653941,https://www.geonames.org/2653941,52.2,0.11667,United Kingdom,,,Inc.6.J.1.1[3533],,,,,undated,a,coordinates_supplied,copy_level_provenance_place,MEI,00560444-p001,https://data.cerl.org/mei/00560444,data/expanded/mei-corpus.json,
00560444-current,00560444,00560444,ih00420400,ih00420400,current_holding,last,2,1,,,"Cambridge, University Library",,,,,,,,GB,CambridgeUL,"Cambridge, University Library",Inc.6.J.1.1[3533],,,,2026-09-30,current_observation_only,,holding_institution_not_yet_geocoded,current_holding_statement,MEI,00560444,https://data.cerl.org/mei/00560444,data/expanded/mei-corpus.json,Observed as the current holding institution; no arrival date is inferred.
00201174-print,00201174,00201174,ih00420440,ih00420440,print_place,first,0,1,,,Venedig,Venedig,,,,,,,,,,Inc.Fragments.3[3710],1494,1494,,,gw_extracted_year_range,,place_name_not_yet_geocoded,edition_level_print_statement,GW,13377,https://gesamtkatalogderwiegendrucke.de/docs/GW13377.htm,data/derived/prayer-book-corpus.csv,Printing statement shared by copies of the edition.
00201174-current,00201174,00201174,ih00420440,ih00420440,current_holding,last,1,1,,,"Cambridge, University Library",,,,,,,,GB,CambridgeUL,"Cambridge, University Library",Inc.Fragments.3[3710],,,,2026-09-30,current_observation_only,,holding_institution_not_yet_geocoded,current_holding_statement,MEI,00201174,https://data.cerl.org/mei/00201174,data/expanded/mei-corpus.json,Observed as the current holding institution; no arrival date is inferred.
00201175-print,00201175,00201175,ih00420440,ih00420440,print_place,first,0,1,,,Venedig,Venedig,,,,,,,,,,,1494,1494,,,gw_extracted_year_range,,place_name_not_yet_geocoded,edition_level_print_statement,GW,13377,https://gesamtkatalogderwiegendrucke.de/docs/GW13377.htm,data/derived/prayer-book-corpus.csv,Printing statement shared by copies of the edition.
00201175-current,00201175,00201175,ih00420440,ih00420440,current_holding,last,1,1,,,"Durham, University Library, Barker Research Library, Palace Green ",,,,,,,,GB,DurhamUL,"Durham, University Library, Barker Research Library, Palace Green ",,,,,2026-09-30,current_observation_only,,holding_institution_not_yet_geocoded,current_holding_statement,MEI,00201175,https://data.cerl.org/mei/00201175,data/expanded/mei-corpus.json,Observed as the current holding institution; no arrival date is inferred.
00200605-print,00200605,00200605,ih00420440,ih00420440,print_place,first,0,1,,,Venedig,Venedig,,,,,,,,,,R95017,1494,1494,,,gw_extracted_year_range,,place_name_not_yet_geocoded,edition_level_print_statement,GW,13377,https://gesamtkatalogderwiegendrucke.de/docs/GW13377.htm,data/derived/prayer-book-corpus.csv,Printing statement shared by copies of the edition.
00200605-current,00200605,00200605,ih00420440,ih00420440,current_holding,last,1,1,,,"Manchester, University of Manchester, John Rylands Research Institute and Library",,,,,,,,GB,ManchesterJRL,"Manchester, University of Manchester, John Rylands Research Institute and Library",R95017,,,,2026-09-30,current_observation_only,,holding_institution_not_yet_geocoded,current_holding_statement,MEI,00200605,https://data.cerl.org/mei/00200605,data/expanded/mei-corpus.json,Observed as the current holding institution; no arrival date is inferred.
00201180-print,00201180,00201180,ih00420440,ih00420440,print_place,first,0,1,,,Venedig,Venedig,,,,,,,,,,,1494,1494,,,gw_extracted_year_range,,place_name_not_yet_geocoded,edition_level_print_statement,GW,13377,https://gesamtkatalogderwiegendrucke.de/docs/GW13377.htm,data/derived/prayer-book-corpus.csv,Printing statement shared by copies of the edition.
00201180-current,00201180,00201180,ih00420440,ih00420440,current_holding,last,1,1,,,"Oxford, Corpus Christi College",,,,,,,,GB,OxfordCorpusChristiCollege,"Oxford, Corpus Christi College",,,,,2026-09-30,current_observation_only,,holding_institution_not_yet_geocoded,current_holding_statement,MEI,00201180,https://data.cerl.org/mei/00201180,data/expanded/mei-corpus.json,Observed as the current holding institution; no arrival date is inferred.
00200602-print,00200602,00200602,ih00420440,ih00420440,print_place,first,0,1,,,Venedig,Venedig,,,,,,,,,,IA.23403,1494,1494,,,gw_extracted_year_range,,place_name_not_yet_geocoded,edition_level_print_statement,GW,13377,https://gesamtkatalogderwiegendrucke.de/docs/GW13377.htm,data/derived/prayer-book-corpus.csv,Printing statement shared by copies of the edition.
00200602-p001-loc01,00200602,00200602,ih00420440,ih00420440,provenance_place,intermediate,1,1,00200602-p001,00200602-p001-loc01,London,London,London,GeoNames,2643743,https://www.geonames.org/2643743,51.50853,-0.12574,United Kingdom,,,IA.23403,1705,1753,18,,mei_timeperiod,a,coordinates_supplied,copy_level_provenance_place,MEI,00200602-p001,https://data.cerl.org/mei/00200602,data/expanded/mei-corpus.json,
00200602-p002-loc01,00200602,00200602,ih00420440,ih00420440,provenance_place,intermediate,2,1,00200602-p002,00200602-p002-loc01,London,London,London,GeoNames,2643743,https://www.geonames.org/2643743,51.50853,-0.12574,United Kingdom,,,IA.23403,1753,,18,,mei_timeperiod,a,coordinates_supplied,copy_level_provenance_place,MEI,00200602-p002,https://data.cerl.org/mei/00200602,data/expanded/mei-corpus.json,
00200602-current,00200602,00200602,ih00420440,ih00420440,current_holding,last,3,1,,,"London, British Library",,,,,,,,GB,LondonBL,"London, British Library",IA.23403,,,,2026-09-30,current_observation_only,,holding_institution_not_yet_geocoded,current_holding_statement,MEI,00200602,https://data.cerl.org/mei/00200602,data/expanded/mei-corpus.json,Observed as the current holding institution; no arrival date is inferred.
00201178-print,00201178,00201178,ih00420440,ih00420440,print_place,first,0,1,,,Venedig,Venedig,,,,,,,,,,,1494,1494,,,gw_extracted_year_range,,place_name_not_yet_geocoded,edition_level_print_statement,GW,13377,https://gesamtkatalogderwiegendrucke.de/docs/GW13377.htm,data/derived/prayer-book-corpus.csv,Printing statement shared by copies of the edition.
00201178-current,00201178,00201178,ih00420440,ih00420440,current_holding,last,1,1,,,"London, Drapers' Company",,,,,,,,GB,LondonDrapers,"London, Drapers' Company",,,,,2026-09-30,current_observation_only,,holding_institution_not_yet_geocoded,current_holding_statement,MEI,00201178,https://data.cerl.org/mei/00201178,data/expanded/mei-corpus.json,Observed as the current holding institution; no arrival date is inferred.
00201179-print,00201179,00201179,ih00420440,ih00420440,print_place,first,0,1,,,Venedig,Venedig,,,,,,,,,,,1494,1494,,,gw_extracted_year_range,,place_name_not_yet_geocoded,edition_level_print_statement,GW,13377,https://gesamtkatalogderwiegendrucke.de/docs/GW13377.htm,data/derived/prayer-book-corpus.csv,Printing statement shared by copies of the edition.
00201179-current,00201179,00201179,ih00420440,ih00420440,current_holding,last,1,1,,,"Oxford, Brasenose College",,,,,,,,GB,OxfordBrasenose,"Oxford, Brasenose College",,,,,2026-09-30,current_observation_only,,holding_institution_not_yet_geocoded,current_holding_statement,MEI,00201179,https://data.cerl.org/mei/00201179,data/expanded/mei-corpus.json,Observed as the current holding institution; no arrival date is inferred.
00206217-print,00206217,00206217,ih00420440,ih00420440,print_place,first,0,1,,,Venedig,Venedig,,,,,,,,,,Inc. b. I4.1494.2.,1494,1494,,,gw_extracted_year_range,,place_name_not_yet_geocoded,edition_level_print_statement,GW,13377,https://gesamtkatalogderwiegendrucke.de/docs/GW13377.htm,data/derived/prayer-book-corpus.csv,Printing statement shared by copies of the edition.
00206217-p004-loc01,00206217,00206217,ih00420440,ih00420440,provenance_place,intermediate,4,1,00206217-p004,00206217-p004-loc01,Tettenhall,Tettenhall,Tettenhall,GeoNames,2636078,https://www.geonames.org/2636078,52.60206,-2.16525,United Kingdom,,,Inc. b. I4.1494.2.,1885,1951,19 | 20,,mei_timeperiod,,coordinates_supplied,copy_level_provenance_place,MEI,00206217-p004,https://data.cerl.org/mei/00206217,data/expanded/mei-corpus.json,
00206217-p005-loc01,00206217,00206217,ih00420440,ih00420440,provenance_place,intermediate,5,1,00206217-p005,00206217-p005-loc01,Oxford,Oxford,Oxford,GeoNames,2640729,https://www.geonames.org/2640729,51.75222,-1.25596,United Kingdom,,,Inc. b. I4.1494.2.,,,,,undated,,coordinates_supplied,copy_level_provenance_place,MEI,00206217-p005,https://data.cerl.org/mei/00206217,data/expanded/mei-corpus.json,
00206217-current,00206217,00206217,ih00420440,ih00420440,current_holding,last,6,1,,,"Oxford, Bodleian Library",,,,,,,,GB,OxfordBodley,"Oxford, Bodleian Library",Inc. b. I4.1494.2.,,,,2026-09-30,current_observation_only,,holding_institution_not_yet_geocoded,current_holding_statement,MEI,00206217,https://data.cerl.org/mei/00206217,data/expanded/mei-corpus.json,Observed as the current holding institution; no arrival date is inferred.
00201177-print,00201177,00201177,ih00420440,ih00420440,print_place,first,0,1,,,Venedig,Venedig,,,,,,,,,,,1494,1494,,,gw_extracted_year_range,,place_name_not_yet_geocoded,edition_level_print_statement,GW,13377,https://gesamtkatalogderwiegendrucke.de/docs/GW13377.htm,data/derived/prayer-book-corpus.csv,Printing statement shared by copies of the edition.
00201177-current,00201177,00201177,ih00420440,ih00420440,current_holding,last,1,1,,,"Durham, Ushaw College",,,,,,,,GB,DurhamUshaw,"Durham, Ushaw College",,,,,2026-09-30,current_observation_only,,holding_institution_not_yet_geocoded,current_holding_statement,MEI,00201177,https://data.cerl.org/mei/00201177,data/expanded/mei-corpus.json,Observed as the current holding institution; no arrival date is inferred.
00200607-print,00200607,00200607,ih00420440,ih00420440,print_place,first,0,1,,,Venedig,Venedig,,,,,,,,,,DDf.8.09,1494,1494,,,gw_extracted_year_range,,place_name_not_yet_geocoded,edition_level_print_statement,GW,13377,https://gesamtkatalogderwiegendrucke.de/docs/GW13377.htm,data/derived/prayer-book-corpus.csv,Printing statement shared by copies of the edition.
00200607-p001-loc01,00200607,00200607,ih00420440,ih00420440,provenance_place,intermediate,1,1,00200607-p001,00200607-p001-loc01,Eton,Eton,Eton,GeoNames,2649873,https://www.geonames.org/2649873,51.48833,-0.60905,United Kingdom,,,DDf.8.09,1504,1536,16,,mei_timeperiod,a,coordinates_supplied,copy_level_provenance_place,MEI,00200607-p001,https://data.cerl.org/mei/00200607,data/expanded/mei-corpus.json,
00200607-p002-loc01,00200607,00200607,ih00420440,ih00420440,provenance_place,intermediate,2,1,00200607-p002,00200607-p002-loc01,Eton,Eton,Eton,GeoNames,2649873,https://www.geonames.org/2649873,51.48833,-0.60905,United Kingdom,,,DDf.8.09,1536,,16,,mei_timeperiod,a,coordinates_supplied,copy_level_provenance_place,MEI,00200607-p002,https://data.cerl.org/mei/00200607,data/expanded/mei-corpus.json,
00200607-current,00200607,00200607,ih00420440,ih00420440,current_holding,last,3,1,,,"Eton, Eton College Library",,,,,,,,GB,Eton,"Eton, Eton College Library",DDf.8.09,,,,2026-09-30,current_observation_only,,holding_institution_not_yet_geocoded,current_holding_statement,MEI,00200607,https://data.cerl.org/mei/00200607,data/expanded/mei-corpus.json,Observed as the current holding institution; no arrival date is inferred.
00560445-print,00560445,00560445,ih00420440,ih00420440,print_place,first,0,1,,,Venedig,Venedig,,,,,,,,,,Inc.Fragments.3[3710],1494,1494,,,gw_extracted_year_range,,place_name_not_yet_geocoded,edition_level_print_statement,GW,13377,https://gesamtkatalogderwiegendrucke.de/docs/GW13377.htm,data/derived/prayer-book-corpus.csv,Printing statement shared by copies of the edition.
00560445-p003-loc01,00560445,00560445,ih00420440,ih00420440,provenance_place,intermediate,3,1,00560445-p003,00560445-p003-loc01,Cambridge,Cambridge,Cambridge,GeoNames,2653941,https://www.geonames.org/2653941,52.2,0.11667,United Kingdom,,,Inc.Fragments.3[3710],,,,,undated,a,coordinates_supplied,copy_level_provenance_place,MEI,00560445-p003,https://data.cerl.org/mei/00560445,data/expanded/mei-corpus.json,
00560445-current,00560445,00560445,ih00420440,ih00420440,current_holding,last,4,1,,,"Cambridge, University Library",,,,,,,,GB,CambridgeUL,"Cambridge, University Library",Inc.Fragments.3[3710],,,,2026-09-30,current_observation_only,,holding_institution_not_yet_geocoded,current_holding_statement,MEI,00560445,https://data.cerl.org/mei/00560445,data/expanded/mei-corpus.json,Observed as the current holding institution; no arrival date is inferred.
02149072-print,02149072,02149072,ih00420440,ih00420440,print_place,first,0,1,,,Venedig,Venedig,,,,,,,,,,DDh.6.12,1494,1494,,,gw_extracted_year_range,,place_name_not_yet_geocoded,edition_level_print_statement,GW,13377,https://gesamtkatalogderwiegendrucke.de/docs/GW13377.htm,data/derived/prayer-book-corpus.csv,Printing statement shared by copies of the edition.
02149072-p002-loc01,02149072,02149072,ih00420440,ih00420440,provenance_place,intermediate,2,1,02149072-p002,02149072-p002-loc01,Tettenhall,Tettenhall,Tettenhall,GeoNames,2636078,https://www.geonames.org/2636078,52.60206,-2.16525,United Kingdom,,,DDh.6.12,1910,1951,20,,mei_timeperiod,a,coordinates_supplied,copy_level_provenance_place,MEI,02149072-p002,https://data.cerl.org/mei/02149072,data/expanded/mei-corpus.json,
02149072-p003-loc01,02149072,02149072,ih00420440,ih00420440,provenance_place,intermediate,3,1,02149072-p003,02149072-p003-loc01,Oxford,Oxford,Oxford,GeoNames,2640729,https://www.geonames.org/2640729,51.75222,-1.25596,United Kingdom,,,DDh.6.12,1954,1954,20,,mei_timeperiod,a,coordinates_supplied,copy_level_provenance_place,MEI,02149072-p003,https://data.cerl.org/mei/02149072,data/expanded/mei-corpus.json,
02149072-p004-loc01,02149072,02149072,ih00420440,ih00420440,provenance_place,intermediate,4,1,02149072-p004,02149072-p004-loc01,Eton,Eton,Eton,GeoNames,2649873,https://www.geonames.org/2649873,51.48833,-0.60905,United Kingdom,,,DDh.6.12,1954,,20,,mei_timeperiod,a,coordinates_supplied,copy_level_provenance_place,MEI,02149072-p004,https://data.cerl.org/mei/02149072,data/expanded/mei-corpus.json,
02149072-current,02149072,02149072,ih00420440,ih00420440,current_holding,last,5,1,,,"Eton, Eton College Library",,,,,,,,GB,Eton,"Eton, Eton College Library",DDh.6.12,,,,2026-09-30,current_observation_only,,holding_institution_not_yet_geocoded,current_holding_statement,MEI,02149072,https://data.cerl.org/mei/02149072,data/expanded/mei-corpus.json,Observed as the current holding institution; no arrival date is inferred.
00560447-print,00560447,00560447,ih00420450,ih00420450,print_place,first,0,1,,,Westminster,Westminster,,,,,,,,,,Inc.4.J.1.2[3571],1493,1493,,,gw_extracted_year_range,,place_name_not_yet_geocoded,edition_level_print_statement,GW,13025,https://gesamtkatalogderwiegendrucke.de/docs/GW13025.htm,data/derived/prayer-book-corpus.csv,Printing statement shared by copies of the edition.
00560447-p001-loc01,00560447,00560447,ih00420450,ih00420450,provenance_place,intermediate,1,1,00560447-p001,00560447-p001-loc01,Cambridge,Cambridge,Cambridge,GeoNames,2653941,https://www.geonames.org/2653941,52.2,0.11667,United Kingdom,,,Inc.4.J.1.2[3571],,,,,undated,a,coordinates_supplied,copy_level_provenance_place,MEI,00560447-p001,https://data.cerl.org/mei/00560447,data/expanded/mei-corpus.json,
00560447-current,00560447,00560447,ih00420450,ih00420450,current_holding,last,2,1,,,"Cambridge, University Library",,,,,,,,GB,CambridgeUL,"Cambridge, University Library",Inc.4.J.1.2[3571],,,,2026-09-30,current_observation_only,,holding_institution_not_yet_geocoded,current_holding_statement,MEI,00560447,https://data.cerl.org/mei/00560447,data/expanded/mei-corpus.json,Observed as the current holding institution; no arrival date is inferred.
00560446-print,00560446,00560446,ih00420450,ih00420450,print_place,first,0,1,,,Westminster,Westminster,,,,,,,,,,Inc.4.J.1.2[3570],1493,1493,,,gw_extracted_year_range,,place_name_not_yet_geocoded,edition_level_print_statement,GW,13025,https://gesamtkatalogderwiegendrucke.de/docs/GW13025.htm,data/derived/prayer-book-corpus.csv,Printing statement shared by copies of the edition.
00560446-p004-loc01,00560446,00560446,ih00420450,ih00420450,provenance_place,intermediate,4,1,00560446-p004,00560446-p004-loc01,Cambridge,Cambridge,Cambridge,GeoNames,2653941,https://www.geonames.org/2653941,52.2,0.11667,United Kingdom,,,Inc.4.J.1.2[3570],,,,,undated,a,coordinates_supplied,copy_level_provenance_place,MEI,00560446-p004,https://data.cerl.org/mei/00560446,data/expanded/mei-corpus.json,
00560446-current,00560446,00560446,ih00420450,ih00420450,current_holding,last,5,1,,,"Cambridge, University Library",,,,,,,,GB,CambridgeUL,"Cambridge, University Library",Inc.4.J.1.2[3570],,,,2026-09-30,current_observation_only,,holding_institution_not_yet_geocoded,current_holding_statement,MEI,00560446,https://data.cerl.org/mei/00560446,data/expanded/mei-corpus.json,Observed as the current holding institution; no arrival date is inferred.
00207214-print,00207214,00207214,ih00420450,ih00420450,print_place,first,0,1,,,Westminster,Westminster,,,,,,,,,,Arch. G e.43.,1493,1493,,,gw_extracted_year_range,,place_name_not_yet_geocoded,edition_level_print_statement,GW,13025,https://gesamtkatalogderwiegendrucke.de/docs/GW13025.htm,data/derived/prayer-book-corpus.csv,Printing statement shared by copies of the edition.
00207214-p002-loc01,00207214,00207214,ih00420450,ih00420450,provenance_place,intermediate,2,1,00207214-p002,00207214-p002-loc01,Oxford,Oxford,Oxford,GeoNames,2640729,https://www.geonames.org/2640729,51.75222,-1.25596,United Kingdom,,,Arch. G e.43.,,,,,undated,,coordinates_supplied,copy_level_provenance_place,MEI,00207214-p002,https://data.cerl.org/mei/00207214,data/expanded/mei-corpus.json,
00207214-current,00207214,00207214,ih00420450,ih00420450,current_holding,last,3,1,,,"Oxford, Bodleian Library",,,,,,,,GB,OxfordBodley,"Oxford, Bodleian Library",Arch. G e.43.,,,,2026-09-30,current_observation_only,,holding_institution_not_yet_geocoded,current_holding_statement,MEI,00207214,https://data.cerl.org/mei/00207214,data/expanded/mei-corpus.json,Observed as the current holding institution; no arrival date is inferred.
02010668-print,02010668,02010668,ih00420520,ih00420520,print_place,first,0,1,,,Westminster,Westminster,,,,,,,,,,[ZZ] 1494.6,1493,1493,,,gw_extracted_year_range,,place_name_not_yet_geocoded,edition_level_print_statement,GW,13025,https://gesamtkatalogderwiegendrucke.de/docs/GW13025.htm,data/derived/prayer-book-corpus.csv,Printing statement shared by copies of the edition.
02010668-p003-loc01,02010668,02010668,ih00420520,ih00420520,provenance_place,intermediate,3,1,02010668-p003,02010668-p003-loc01,London,London,London,GeoNames,2643743,https://www.geonames.org/2643743,51.50853,-0.12574,United Kingdom,,,[ZZ] 1494.6,,,,,undated,a,coordinates_supplied,copy_level_provenance_place,MEI,02010668-p003,https://data.cerl.org/mei/02010668,data/expanded/mei-corpus.json,
02010668-p006-loc01,02010668,02010668,ih00420520,ih00420520,provenance_place,intermediate,6,1,02010668-p006,02010668-p006-loc01,London,London,London,GeoNames,2643743,https://www.geonames.org/2643743,51.50853,-0.12574,United Kingdom,,,[ZZ] 1494.6,1601,1650,17,,mei_timeperiod,a,coordinates_supplied,copy_level_provenance_place,MEI,02010668-p006,https://data.cerl.org/mei/02010668,data/expanded/mei-corpus.json,
02010668-p007-loc01,02010668,02010668,ih00420520,ih00420520,provenance_place,intermediate,7,1,02010668-p007,02010668-p007-loc01,Cambridge,Cambridge,Cambridge,GeoNames,2653941,https://www.geonames.org/2653941,52.2,0.11667,United Kingdom,,,[ZZ] 1494.6,1641,1670,17,,mei_timeperiod,a,coordinates_supplied,copy_level_provenance_place,MEI,02010668-p007,https://data.cerl.org/mei/02010668,data/expanded/mei-corpus.json,
02010668-p008-loc01,02010668,02010668,ih00420520,ih00420520,provenance_place,intermediate,8,1,02010668-p008,02010668-p008-loc01,London,London,London,GeoNames,2643743,https://www.geonames.org/2643743,51.50853,-0.12574,United Kingdom,,,[ZZ] 1494.6,1661,,17,,mei_timeperiod,a,coordinates_supplied,copy_level_provenance_place,MEI,02010668-p008,https://data.cerl.org/mei/02010668,data/expanded/mei-corpus.json,
02010668-current,02010668,02010668,ih00420520,ih00420520,current_holding,last,9,1,,,"London, Lambeth Palace Library",,,,,,,,GB,LondonLambeth,"London, Lambeth Palace Library",[ZZ] 1494.6,,,,2026-09-30,current_observation_only,,holding_institution_not_yet_geocoded,current_holding_statement,MEI,02010668,https://data.cerl.org/mei/02010668,data/expanded/mei-corpus.json,Observed as the current holding institution; no arrival date is inferred.
00205587-print,00205587,00205587,ih00420580,ih00420580,print_place,first,0,1,,,Paris oder Rouen,Paris oder Rouen,,,,,,,,,,Douce 24.,1495,1495,,,gw_extracted_year_range,,place_name_not_yet_geocoded,edition_level_print_statement,GW,13093,https://gesamtkatalogderwiegendrucke.de/docs/GW13093.htm,data/derived/prayer-book-corpus.csv,Printing statement shared by copies of the edition.
00205587-p005-loc01,00205587,00205587,ih00420580,ih00420580,provenance_place,intermediate,5,1,00205587-p005,00205587-p005-loc01,London,London,London,GeoNames,2643743,https://www.geonames.org/2643743,51.50853,-0.12574,United Kingdom,,,Douce 24.,1701,1900,18 | 19,,mei_timeperiod,,coordinates_supplied,copy_level_provenance_place,MEI,00205587-p005,https://data.cerl.org/mei/00205587,data/expanded/mei-corpus.json,
00205587-p007-loc01,00205587,00205587,ih00420580,ih00420580,provenance_place,intermediate,7,1,00205587-p007,00205587-p007-loc01,Oxford,Oxford,Oxford,GeoNames,2640729,https://www.geonames.org/2640729,51.75222,-1.25596,United Kingdom,,,Douce 24.,,,,,undated,,coordinates_supplied,copy_level_provenance_place,MEI,00205587-p007,https://data.cerl.org/mei/00205587,data/expanded/mei-corpus.json,
00205587-current,00205587,00205587,ih00420580,ih00420580,current_holding,last,8,1,,,"Oxford, Bodleian Library",,,,,,,,GB,OxfordBodley,"Oxford, Bodleian Library",Douce 24.,,,,2026-09-23,current_observation_only,,holding_institution_not_yet_geocoded,current_holding_statement,MEI,00205587,https://data.cerl.org/mei/00205587,data/expanded/mei-corpus.json,Observed as the current holding institution; no arrival date is inferred.
00212866-print,00212866,00212866,ih00420580,ih00420580,print_place,first,0,1,,,Paris oder Rouen,Paris oder Rouen,,,,,,,,,,Douce 24.,1495,1495,,,gw_extracted_year_range,,place_name_not_yet_geocoded,edition_level_print_statement,GW,13093,https://gesamtkatalogderwiegendrucke.de/docs/GW13093.htm,data/derived/prayer-book-corpus.csv,Printing statement shared by copies of the edition.
00212866-p002-loc01,00212866,00212866,ih00420580,ih00420580,provenance_place,intermediate,2,1,00212866-p002,00212866-p002-loc01,Oxford,Oxford,Oxford,GeoNames,2640729,https://www.geonames.org/2640729,51.75222,-1.25596,United Kingdom,,,Douce 24.,,,,,undated,,coordinates_supplied,copy_level_provenance_place,MEI,00212866-p002,https://data.cerl.org/mei/00212866,data/expanded/mei-corpus.json,
00212866-current,00212866,00212866,ih00420580,ih00420580,current_holding,last,3,1,,,"Oxford, Bodleian Library",,,,,,,,GB,OxfordBodley,"Oxford, Bodleian Library",Douce 24.,,,,2026-09-23,current_observation_only,,holding_institution_not_yet_geocoded,current_holding_statement,MEI,00212866,https://data.cerl.org/mei/00212866,data/expanded/mei-corpus.json,Observed as the current holding institution; no arrival date is inferred.
00207364-print,00207364,00207364,ih00420600,ih00420600,print_place,first,0,1,,,London,London,,,,,,,,,,8° Rawl. 586(6).,1497,1497,,,gw_extracted_year_range,,place_name_not_yet_geocoded,edition_level_print_statement,GW,13015,https://gesamtkatalogderwiegendrucke.de/docs/GW13015.htm,data/derived/prayer-book-corpus.csv,Printing statement shared by copies of the edition.
00207364-p004-loc01,00207364,00207364,ih00420600,ih00420600,provenance_place,intermediate,4,1,00207364-p004,00207364-p004-loc01,Oxford,Oxford,Oxford,GeoNames,2640729,https://www.geonames.org/2640729,51.75222,-1.25596,United Kingdom,,,8° Rawl. 586(6).,,,,,undated,,coordinates_supplied,copy_level_provenance_place,MEI,00207364-p004,https://data.cerl.org/mei/00207364,data/expanded/mei-corpus.json,
00207364-current,00207364,00207364,ih00420600,ih00420600,current_holding,last,5,1,,,"Oxford, Bodleian Library",,,,,,,,GB,OxfordBodley,"Oxford, Bodleian Library",8° Rawl. 586(6).,,,,2026-09-30,current_observation_only,,holding_institution_not_yet_geocoded,current_holding_statement,MEI,00207364,https://data.cerl.org/mei/00207364,data/expanded/mei-corpus.json,Observed as the current holding institution; no arrival date is inferred.
00212881-print,00212881,00212881,ih00420650,ih00420650,print_place,first,0,1,,,London,London,,,,,,,,,,Douce adds. f.7.,1497,1497,,,gw_extracted_year_range,,place_name_not_yet_geocoded,edition_level_print_statement,GW,13017,https://gesamtkatalogderwiegendrucke.de/docs/GW13017.htm,data/derived/prayer-book-corpus.csv,Printing statement shared by copies of the edition.
00212881-p002-loc01,00212881,00212881,ih00420650,ih00420650,provenance_place,intermediate,2,1,00212881-p002,00212881-p002-loc01,Oxford,Oxford,Oxford,GeoNames,2640729,https://www.geonames.org/2640729,51.75222,-1.25596,United Kingdom,,,Douce adds. f.7.,,,,,undated,,coordinates_supplied,copy_level_provenance_place,MEI,00212881-p002,https://data.cerl.org/mei/00212881,data/expanded/mei-corpus.json,
00212881-current,00212881,00212881,ih00420650,ih00420650,current_holding,last,3,1,,,"Oxford, Bodleian Library",,,,,,,,GB,OxfordBodley,"Oxford, Bodleian Library",Douce adds. f.7.,,,,2026-09-30,current_observation_only,,holding_institution_not_yet_geocoded,current_holding_statement,MEI,00212881,https://data.cerl.org/mei/00212881,data/expanded/mei-corpus.json,Observed as the current holding institution; no arrival date is inferred.
00205586-print,00205586,00205586,ih00420700,ih00420700,print_place,first,0,1,,,London,London,,,,,,,,,,Arch. G e.38.,1497,1497,,,gw_extracted_year_range,,place_name_not_yet_geocoded,edition_level_print_statement,GW,13016,https://gesamtkatalogderwiegendrucke.de/docs/GW13016.htm,data/derived/prayer-book-corpus.csv,Printing statement shared by copies of the edition.
00205586-p002-loc01,00205586,00205586,ih00420700,ih00420700,provenance_place,intermediate,2,1,00205586-p002,00205586-p002-loc01,London,London,London,GeoNames,2643743,https://www.geonames.org/2643743,51.50853,-0.12574,United Kingdom,,,Arch. G e.38.,1701,1900,18 | 19,,mei_timeperiod,,coordinates_supplied,copy_level_provenance_place,MEI,00205586-p002,https://data.cerl.org/mei/00205586,data/expanded/mei-corpus.json,
00205586-p004-loc01,00205586,00205586,ih00420700,ih00420700,provenance_place,intermediate,4,1,00205586-p004,00205586-p004-loc01,Oxford,Oxford,Oxford,GeoNames,2640729,https://www.geonames.org/2640729,51.75222,-1.25596,United Kingdom,,,Arch. G e.38.,,,,,undated,,coordinates_supplied,copy_level_provenance_place,MEI,00205586-p004,https://data.cerl.org/mei/00205586,data/expanded/mei-corpus.json,
00205586-current,00205586,00205586,ih00420700,ih00420700,current_holding,last,5,1,,,"Oxford, Bodleian Library",,,,,,,,GB,OxfordBodley,"Oxford, Bodleian Library",Arch. G e.38.,,,,2026-09-30,current_observation_only,,holding_institution_not_yet_geocoded,current_holding_statement,MEI,00205586,https://data.cerl.org/mei/00205586,data/expanded/mei-corpus.json,Observed as the current holding institution; no arrival date is inferred.
00560448-print,00560448,00560448,ih00421000,ih00421000,print_place,first,0,1,,,Paris,Paris,,,,,,,,,,Inc.6.D.1.33[2600],1497,1497,,,gw_extracted_year_range,,place_name_not_yet_geocoded,edition_level_print_statement,GW,13156,https://gesamtkatalogderwiegendrucke.de/docs/GW13156.htm,data/derived/prayer-book-corpus.csv,Printing statement shared by copies of the edition.
00560448-p002-loc01,00560448,00560448,ih00421000,ih00421000,provenance_place,intermediate,2,1,00560448-p002,00560448-p002-loc01,Cambridge,Cambridge,Cambridge,GeoNames,2653941,https://www.geonames.org/2653941,52.2,0.11667,United Kingdom,,,Inc.6.D.1.33[2600],,,,,undated,a,coordinates_supplied,copy_level_provenance_place,MEI,00560448-p002,https://data.cerl.org/mei/00560448,data/expanded/mei-corpus.json,
00560448-current,00560448,00560448,ih00421000,ih00421000,current_holding,last,3,1,,,"Cambridge, University Library",,,,,,,,GB,CambridgeUL,"Cambridge, University Library",Inc.6.D.1.33[2600],,,,2026-09-30,current_observation_only,,holding_institution_not_yet_geocoded,current_holding_statement,MEI,00560448,https://data.cerl.org/mei/00560448,data/expanded/mei-corpus.json,Observed as the current holding institution; no arrival date is inferred.
02142705-print,02142705,02142705,ih00421000,ih00421000,print_place,first,0,1,,,Paris,Paris,,,,,,,,,,STC 15885,1497,1497,,,gw_extracted_year_range,,place_name_not_yet_geocoded,edition_level_print_statement,GW,13156,https://gesamtkatalogderwiegendrucke.de/docs/GW13156.htm,data/derived/prayer-book-corpus.csv,Printing statement shared by copies of the edition.
02142705-p002-loc01,02142705,02142705,ih00421000,ih00421000,provenance_place,intermediate,2,1,02142705-p002,02142705-p002-loc01,Washington,Washington D.C.,Washington,GeoNames,4140963,https://www.geonames.org/4140963,38.89511,-77.03637,United States,,,STC 15885,,,,,undated,,coordinates_supplied,copy_level_provenance_place,MEI,02142705-p002,https://data.cerl.org/mei/02142705,data/expanded/mei-corpus.json,
02142705-current,02142705,02142705,ih00421000,ih00421000,current_holding,last,3,1,,,"Washington DC, Folger Shakespeare Library",,,,,,,,US,FolgSL,"Washington DC, Folger Shakespeare Library",STC 15885,,,,2026-09-30,current_observation_only,,holding_institution_not_yet_geocoded,current_holding_statement,MEI,02142705,https://data.cerl.org/mei/02142705,data/expanded/mei-corpus.json,Observed as the current holding institution; no arrival date is inferred.
00203408-print,00203408,00203408,ih00421000,ih00421000,print_place,first,0,1,,,Paris,Paris,,,,,,,,,,Douce 25.,1497,1497,,,gw_extracted_year_range,,place_name_not_yet_geocoded,edition_level_print_statement,GW,13156,https://gesamtkatalogderwiegendrucke.de/docs/GW13156.htm,data/derived/prayer-book-corpus.csv,Printing statement shared by copies of the edition.
00203408-p003-loc01,00203408,00203408,ih00421000,ih00421000,provenance_place,intermediate,3,1,00203408-p003,00203408-p003-loc01,London,London,London,GeoNames,2643743,https://www.geonames.org/2643743,51.50853,-0.12574,United Kingdom,,,Douce 25.,1701,1900,18 | 19,,mei_timeperiod,,coordinates_supplied,copy_level_provenance_place,MEI,00203408-p003,https://data.cerl.org/mei/00203408,data/expanded/mei-corpus.json,
00203408-p004-loc01,00203408,00203408,ih00421000,ih00421000,provenance_place,intermediate,4,1,00203408-p004,00203408-p004-loc01,Oxford,Oxford,Oxford,GeoNames,2640729,https://www.geonames.org/2640729,51.75222,-1.25596,United Kingdom,,,Douce 25.,,,,,undated,,coordinates_supplied,copy_level_provenance_place,MEI,00203408-p004,https://data.cerl.org/mei/00203408,data/expanded/mei-corpus.json,
00203408-current,00203408,00203408,ih00421000,ih00421000,current_holding,last,5,1,,,"Oxford, Bodleian Library",,,,,,,,GB,OxfordBodley,"Oxford, Bodleian Library",Douce 25.,,,,2026-09-30,current_observation_only,,holding_institution_not_yet_geocoded,current_holding_statement,MEI,00203408,https://data.cerl.org/mei/00203408,data/expanded/mei-corpus.json,Observed as the current holding institution; no arrival date is inferred.
02149440-print,02149440,02149440,ih00421000,ih00421000,print_place,first,0,1,,,Paris,Paris,,,,,,,,,,IA.40487,1497,1497,,,gw_extracted_year_range,,place_name_not_yet_geocoded,edition_level_print_statement,GW,13156,https://gesamtkatalogderwiegendrucke.de/docs/GW13156.htm,data/derived/prayer-book-corpus.csv,Printing statement shared by copies of the edition.
02149440-p001-loc01,02149440,02149440,ih00421000,ih00421000,provenance_place,intermediate,1,1,02149440-p001,02149440-p001-loc01,France,,France,GeoNames,3017382,https://www.geonames.org/3017382,46,2,France,,,IA.40487,1497,1500,15,,mei_timeperiod,a,coordinates_supplied,copy_level_provenance_place,MEI,02149440-p001,https://data.cerl.org/mei/02149440,data/expanded/mei-corpus.json,
02149440-p002-loc01,02149440,02149440,ih00421000,ih00421000,provenance_place,intermediate,2,1,02149440-p002,02149440-p002-loc01,London,London,London,GeoNames,2643743,https://www.geonames.org/2643743,51.50853,-0.12574,United Kingdom,,,IA.40487,,1757,15 | 16 | 17 | 18,,mei_timeperiod,a,coordinates_supplied,copy_level_provenance_place,MEI,02149440-p002,https://data.cerl.org/mei/02149440,data/expanded/mei-corpus.json,
02149440-p003-loc01,02149440,02149440,ih00421000,ih00421000,provenance_place,intermediate,3,1,02149440-p003,02149440-p003-loc01,London,London,London,GeoNames,2643743,https://www.geonames.org/2643743,51.50853,-0.12574,United Kingdom,,,IA.40487,1757,,18,,mei_timeperiod,a,coordinates_supplied,copy_level_provenance_place,MEI,02149440-p003,https://data.cerl.org/mei/02149440,data/expanded/mei-corpus.json,
02149440-current,02149440,02149440,ih00421000,ih00421000,current_holding,last,4,1,,,"London, British Library",,,,,,,,GB,LondonBL,"London, British Library",IA.40487,,,,2026-09-30,current_observation_only,,holding_institution_not_yet_geocoded,current_holding_statement,MEI,02149440,https://data.cerl.org/mei/02149440,data/expanded/mei-corpus.json,Observed as the current holding institution; no arrival date is inferred.
02176402-print,02176402,02176402,ih00421000,ih00421000,print_place,first,0,1,,,Paris,Paris,,,,,,,,,,Howard 42,1497,1497,,,gw_extracted_year_range,,place_name_not_yet_geocoded,edition_level_print_statement,GW,13156,https://gesamtkatalogderwiegendrucke.de/docs/GW13156.htm,data/derived/prayer-book-corpus.csv,Printing statement shared by copies of the edition.
02176402-p001-loc01,02176402,02176402,ih00421000,ih00421000,provenance_place,intermediate,1,1,02176402-p001,02176402-p001-loc01,Beverley,"Beverley, Yorkshire",Beverley,GeoNames,2655785,https://www.geonames.org/2655785,53.84587,-0.42332,United Kingdom,,,Howard 42,,1868,15 | 16 | 17 | 18 | 19,,mei_timeperiod,b,coordinates_supplied,copy_level_provenance_place,MEI,02176402-p001,https://data.cerl.org/mei/02176402,data/expanded/mei-corpus.json,
02176402-p002-loc01,02176402,02176402,ih00421000,ih00421000,provenance_place,intermediate,2,1,02176402-p002,02176402-p002-loc01,Steyning,,Steyning,GeoNames,2636928,https://www.geonames.org/2636928,50.88744,-0.32787,United Kingdom,,,Howard 42,1896,1973,19 | 20,,mei_timeperiod,a,coordinates_supplied,copy_level_provenance_place,MEI,02176402-p002,https://data.cerl.org/mei/02176402,data/expanded/mei-corpus.json,
02176402-p003-loc01,02176402,02176402,ih00421000,ih00421000,provenance_place,intermediate,3,1,02176402-p003,02176402-p003-loc01,Wellington,Wellington,Wellington,GeoNames,2179537,https://www.geonames.org/2179537,-41.28664,174.77557,New Zealand,,,Howard 42,1973,,20,,mei_timeperiod,a,coordinates_supplied,copy_level_provenance_place,MEI,02176402-p003,https://data.cerl.org/mei/02176402,data/expanded/mei-corpus.json,
02176402-current,02176402,02176402,ih00421000,ih00421000,current_holding,last,4,1,,,"Wellington, National Library of New Zealand, Alexander Turnbull Library",,,,,,,,NZ,WellingtonATL,"Wellington, National Library of New Zealand, Alexander Turnbull Library",Howard 42,,,,2026-09-30,current_observation_only,,holding_institution_not_yet_geocoded,current_holding_statement,MEI,02176402,https://data.cerl.org/mei/02176402,data/expanded/mei-corpus.json,Observed as the current holding institution; no arrival date is inferred.
02142730-print,02142730,02142730,ih00422000,ih00422000,print_place,first,0,1,,,Paris,Paris,,,,,,,,,,STC 15889,1497,1497,,,gw_extracted_year_range,,place_name_not_yet_geocoded,edition_level_print_statement,GW,13251,https://gesamtkatalogderwiegendrucke.de/docs/GW13251.htm,data/derived/prayer-book-corpus.csv,Printing statement shared by copies of the edition.
02142730-p003-loc01,02142730,02142730,ih00422000,ih00422000,provenance_place,intermediate,3,1,02142730-p003,02142730-p003-loc01,Washington,Washington D.C.,Washington,GeoNames,4140963,https://www.geonames.org/4140963,38.89511,-77.03637,United States,,,STC 15889,,,,,undated,,coordinates_supplied,copy_level_provenance_place,MEI,02142730-p003,https://data.cerl.org/mei/02142730,data/expanded/mei-corpus.json,
02142730-current,02142730,02142730,ih00422000,ih00422000,current_holding,last,4,1,,,"Washington DC, Folger Shakespeare Library",,,,,,,,US,FolgSL,"Washington DC, Folger Shakespeare Library",STC 15889,,,,2026-09-30,current_observation_only,,holding_institution_not_yet_geocoded,current_holding_statement,MEI,02142730,https://data.cerl.org/mei/02142730,data/expanded/mei-corpus.json,Observed as the current holding institution; no arrival date is inferred.
00203407-print,00203407,00203407,ih00422500,ih00422500,print_place,first,0,1,,,Paris,Paris,,,,,,,,,,Arch. B f.42.,1497,1499,,,gw_extracted_year_range,,place_name_not_yet_geocoded,edition_level_print_statement,GW,13129,https://gesamtkatalogderwiegendrucke.de/docs/GW13129.htm,data/derived/prayer-book-corpus.csv,Printing statement shared by copies of the edition.
00203407-p002-loc01,00203407,00203407,ih00422500,ih00422500,provenance_place,intermediate,2,1,00203407-p002,00203407-p002-loc01,Oxford,Oxford,Oxford,GeoNames,2640729,https://www.geonames.org/2640729,51.75222,-1.25596,United Kingdom,,,Arch. B f.42.,,,,,undated,,coordinates_supplied,copy_level_provenance_place,MEI,00203407-p002,https://data.cerl.org/mei/00203407,data/expanded/mei-corpus.json,
00203407-current,00203407,00203407,ih00422500,ih00422500,current_holding,last,3,1,,,"Oxford, Bodleian Library",,,,,,,,GB,OxfordBodley,"Oxford, Bodleian Library",Arch. B f.42.,,,,2026-09-30,current_observation_only,,holding_institution_not_yet_geocoded,current_holding_statement,MEI,00203407,https://data.cerl.org/mei/00203407,data/expanded/mei-corpus.json,Observed as the current holding institution; no arrival date is inferred.
00560449-print,00560449,00560449,ih00423000,ih00423000,print_place,first,0,1,,,Paris,Paris,,,,,,,,,,Inc.5.D.1.29[2580],1498,1498,,,gw_extracted_year_range,,place_name_not_yet_geocoded,edition_level_print_statement,GW,13216,https://gesamtkatalogderwiegendrucke.de/docs/GW13216.htm,data/derived/prayer-book-corpus.csv,Printing statement shared by copies of the edition.
00560449-p001-loc01,00560449,00560449,ih00423000,ih00423000,provenance_place,intermediate,1,1,00560449-p001,00560449-p001-loc01,Cambridge,Cambridge,Cambridge,GeoNames,2653941,https://www.geonames.org/2653941,52.2,0.11667,United Kingdom,,,Inc.5.D.1.29[2580],,,,,undated,a,coordinates_supplied,copy_level_provenance_place,MEI,00560449-p001,https://data.cerl.org/mei/00560449,data/expanded/mei-corpus.json,
00560449-current,00560449,00560449,ih00423000,ih00423000,current_holding,last,2,1,,,"Cambridge, University Library",,,,,,,,GB,CambridgeUL,"Cambridge, University Library",Inc.5.D.1.29[2580],,,,2026-09-30,current_observation_only,,holding_institution_not_yet_geocoded,current_holding_statement,MEI,00560449,https://data.cerl.org/mei/00560449,data/expanded/mei-corpus.json,Observed as the current holding institution; no arrival date is inferred.
02010192-print,02010192,02010192,ih00423000,ih00423000,print_place,first,0,1,,,Paris,Paris,,,,,,,,,,[ZZ] 1498.6,1498,1498,,,gw_extracted_year_range,,place_name_not_yet_geocoded,edition_level_print_statement,GW,13216,https://gesamtkatalogderwiegendrucke.de/docs/GW13216.htm,data/derived/prayer-book-corpus.csv,Printing statement shared by copies of the edition.
02010192-p007-loc01,02010192,02010192,ih00423000,ih00423000,provenance_place,intermediate,7,1,02010192-p007,02010192-p007-loc01,London,London,London,GeoNames,2643743,https://www.geonames.org/2643743,51.50853,-0.12574,United Kingdom,,,[ZZ] 1498.6,1601,1650,17,,mei_timeperiod,a,coordinates_supplied,copy_level_provenance_place,MEI,02010192-p007,https://data.cerl.org/mei/02010192,data/expanded/mei-corpus.json,
02010192-p008-loc01,02010192,02010192,ih00423000,ih00423000,provenance_place,intermediate,8,1,02010192-p008,02010192-p008-loc01,Cambridge,Cambridge,Cambridge,GeoNames,2653941,https://www.geonames.org/2653941,52.2,0.11667,United Kingdom,,,[ZZ] 1498.6,1641,1670,17,,mei_timeperiod,a,coordinates_supplied,copy_level_provenance_place,MEI,02010192-p008,https://data.cerl.org/mei/02010192,data/expanded/mei-corpus.json,
02010192-p009-loc01,02010192,02010192,ih00423000,ih00423000,provenance_place,intermediate,9,1,02010192-p009,02010192-p009-loc01,London,London,London,GeoNames,2643743,https://www.geonames.org/2643743,51.50853,-0.12574,United Kingdom,,,[ZZ] 1498.6,1661,,17,,mei_timeperiod,a,coordinates_supplied,copy_level_provenance_place,MEI,02010192-p009,https://data.cerl.org/mei/02010192,data/expanded/mei-corpus.json,
02010192-current,02010192,02010192,ih00423000,ih00423000,current_holding,last,10,1,,,"London, Lambeth Palace Library",,,,,,,,GB,LondonLambeth,"London, Lambeth Palace Library",[ZZ] 1498.6,,,,2026-09-30,current_observation_only,,holding_institution_not_yet_geocoded,current_holding_statement,MEI,02010192,https://data.cerl.org/mei/02010192,data/expanded/mei-corpus.json,Observed as the current holding institution; no arrival date is inferred.
00206905-print,00206905,00206905,ih00423000,ih00423000,print_place,first,0,1,,,Paris,Paris,,,,,,,,,,Gough Missals 10.,1498,1498,,,gw_extracted_year_range,,place_name_not_yet_geocoded,edition_level_print_statement,GW,13216,https://gesamtkatalogderwiegendrucke.de/docs/GW13216.htm,data/derived/prayer-book-corpus.csv,Printing statement shared by copies of the edition.
00206905-p003-loc01,00206905,00206905,ih00423000,ih00423000,provenance_place,intermediate,3,1,00206905-p003,00206905-p003-loc01,Oxford,Oxford,Oxford,GeoNames,2640729,https://www.geonames.org/2640729,51.75222,-1.25596,United Kingdom,,,Gough Missals 10.,,,,,undated,,coordinates_supplied,copy_level_provenance_place,MEI,00206905-p003,https://data.cerl.org/mei/00206905,data/expanded/mei-corpus.json,
00206905-current,00206905,00206905,ih00423000,ih00423000,current_holding,last,4,1,,,"Oxford, Bodleian Library",,,,,,,,GB,OxfordBodley,"Oxford, Bodleian Library",Gough Missals 10.,,,,2026-09-30,current_observation_only,,holding_institution_not_yet_geocoded,current_holding_statement,MEI,00206905,https://data.cerl.org/mei/00206905,data/expanded/mei-corpus.json,Observed as the current holding institution; no arrival date is inferred.
00202853-print,00202853,00202853,ih00423000,ih00423000,print_place,first,0,1,,,Paris,Paris,,,,,,,,,,Douce 23.,1498,1498,,,gw_extracted_year_range,,place_name_not_yet_geocoded,edition_level_print_statement,GW,13216,https://gesamtkatalogderwiegendrucke.de/docs/GW13216.htm,data/derived/prayer-book-corpus.csv,Printing statement shared by copies of the edition.
00202853-p002-loc01,00202853,00202853,ih00423000,ih00423000,provenance_place,intermediate,2,1,00202853-p002,00202853-p002-loc01,London,London,London,GeoNames,2643743,https://www.geonames.org/2643743,51.50853,-0.12574,United Kingdom,,,Douce 23.,1701,1900,18 | 19,,mei_timeperiod,,coordinates_supplied,copy_level_provenance_place,MEI,00202853-p002,https://data.cerl.org/mei/00202853,data/expanded/mei-corpus.json,
00202853-p003-loc01,00202853,00202853,ih00423000,ih00423000,provenance_place,intermediate,3,1,00202853-p003,00202853-p003-loc01,Oxford,Oxford,Oxford,GeoNames,2640729,https://www.geonames.org/2640729,51.75222,-1.25596,United Kingdom,,,Douce 23.,,,,,undated,,coordinates_supplied,copy_level_provenance_place,MEI,00202853-p003,https://data.cerl.org/mei/00202853,data/expanded/mei-corpus.json,
00202853-current,00202853,00202853,ih00423000,ih00423000,current_holding,last,4,1,,,"Oxford, Bodleian Library",,,,,,,,GB,OxfordBodley,"Oxford, Bodleian Library",Douce 23.,,,,2026-09-30,current_observation_only,,holding_institution_not_yet_geocoded,current_holding_statement,MEI,00202853,https://data.cerl.org/mei/00202853,data/expanded/mei-corpus.json,Observed as the current holding institution; no arrival date is inferred.
02177794-print,02177794,02177794,ih00423000,ih00423000,print_place,first,0,1,,,Paris,Paris,,,,,,,,,,IA.40335,1498,1498,,,gw_extracted_year_range,,place_name_not_yet_geocoded,edition_level_print_statement,GW,13216,https://gesamtkatalogderwiegendrucke.de/docs/GW13216.htm,data/derived/prayer-book-corpus.csv,Printing statement shared by copies of the edition.
02177794-p001-loc01,02177794,02177794,ih00423000,ih00423000,provenance_place,intermediate,1,1,02177794-p001,02177794-p001-loc01,France,,France,GeoNames,3017382,https://www.geonames.org/3017382,46,2,France,,,IA.40335,1498,1550,15 | 16,,mei_timeperiod,a,coordinates_supplied,copy_level_provenance_place,MEI,02177794-p001,https://data.cerl.org/mei/02177794,data/expanded/mei-corpus.json,
02177794-p002-loc01,02177794,02177794,ih00423000,ih00423000,provenance_place,intermediate,2,1,02177794-p002,02177794-p002-loc01,England,,England,GeoNames,6269131,https://www.geonames.org/6269131,52.16045,-0.70312,United Kingdom,,,IA.40335,1650,1700,17,,mei_timeperiod,a,coordinates_supplied,copy_level_provenance_place,MEI,02177794-p002,https://data.cerl.org/mei/02177794,data/expanded/mei-corpus.json,
02177794-p003-loc01,02177794,02177794,ih00423000,ih00423000,provenance_place,intermediate,3,1,02177794-p003,02177794-p003-loc01,London,London,London,GeoNames,2643743,https://www.geonames.org/2643743,51.50853,-0.12574,United Kingdom,,,IA.40335,1708,1753,18,,mei_timeperiod,a,coordinates_supplied,copy_level_provenance_place,MEI,02177794-p003,https://data.cerl.org/mei/02177794,data/expanded/mei-corpus.json,
02177794-p004-loc01,02177794,02177794,ih00423000,ih00423000,provenance_place,intermediate,4,1,02177794-p004,02177794-p004-loc01,London,London,London,GeoNames,2643743,https://www.geonames.org/2643743,51.50853,-0.12574,United Kingdom,,,IA.40335,1753,,18,,mei_timeperiod,a,coordinates_supplied,copy_level_provenance_place,MEI,02177794-p004,https://data.cerl.org/mei/02177794,data/expanded/mei-corpus.json,
02177794-current,02177794,02177794,ih00423000,ih00423000,current_holding,last,5,1,,,"London, British Library",,,,,,,,GB,LondonBL,"London, British Library",IA.40335,,,,2026-09-30,current_observation_only,,holding_institution_not_yet_geocoded,current_holding_statement,MEI,02177794,https://data.cerl.org/mei/02177794,data/expanded/mei-corpus.json,Observed as the current holding institution; no arrival date is inferred.
02176403-print,02176403,02176403,ih00423000,ih00423000,print_place,first,0,1,,,Paris,Paris,,,,,,,,,,Howard 43,1498,1498,,,gw_extracted_year_range,,place_name_not_yet_geocoded,edition_level_print_statement,GW,13216,https://gesamtkatalogderwiegendrucke.de/docs/GW13216.htm,data/derived/prayer-book-corpus.csv,Printing statement shared by copies of the edition.
02176403-p001-loc01,02176403,02176403,ih00423000,ih00423000,provenance_place,intermediate,1,1,02176403-p001,02176403-p001-loc01,Wirksworth,Wirksworth,Wirksworth,GeoNames,2633774,https://www.geonames.org/2633774,53.08232,-1.57391,United Kingdom,,,Howard 43,1821,1852,19,8 August 1821,mei_timeperiod,a,coordinates_supplied,copy_level_provenance_place,MEI,02176403-p001,https://data.cerl.org/mei/02176403,data/expanded/mei-corpus.json,
02176403-p002-loc01,02176403,02176403,ih00423000,ih00423000,provenance_place,intermediate,2,1,02176403-p002,02176403-p002-loc01,Ashburnham,"Ashburnham, Sussex",Ashburnham,GeoNames,2656978,https://www.geonames.org/2656978,50.9,0.4,United Kingdom,,,Howard 43,1852,1897,19,,mei_timeperiod,a,coordinates_supplied,copy_level_provenance_place,MEI,02176403-p002,https://data.cerl.org/mei/02176403,data/expanded/mei-corpus.json,
02176403-p003-loc01,02176403,02176403,ih00423000,ih00423000,provenance_place,intermediate,3,1,02176403-p003,02176403-p003-loc01,London,London,London,GeoNames,2643743,https://www.geonames.org/2643743,51.50853,-0.12574,United Kingdom,,,Howard 43,1897,1899,19,December 1897,mei_timeperiod,a,coordinates_supplied,copy_level_provenance_place,MEI,02176403-p003,https://data.cerl.org/mei/02176403,data/expanded/mei-corpus.json,
02176403-p004-loc01,02176403,02176403,ih00423000,ih00423000,provenance_place,intermediate,4,1,02176403-p004,02176403-p004-loc01,Berkshire,Woolley Green (Berkshire),Berkshire,GeoNames,2655856,https://www.geonames.org/2655856,51.5,-1.25,United Kingdom,,,Howard 43,1899,1917,19 | 20,22 November 1917,mei_timeperiod,b,coordinates_supplied,copy_level_provenance_place,MEI,02176403-p004,https://data.cerl.org/mei/02176403,data/expanded/mei-corpus.json,
02176403-p005-loc01,02176403,02176403,ih00423000,ih00423000,provenance_place,intermediate,5,1,02176403-p005,02176403-p005-loc01,London,London,London,GeoNames,2643743,https://www.geonames.org/2643743,51.50853,-0.12574,United Kingdom,,,Howard 43,1917,1939,20,,mei_timeperiod,a,coordinates_supplied,copy_level_provenance_place,MEI,02176403-p005,https://data.cerl.org/mei/02176403,data/expanded/mei-corpus.json,
02176403-p006-loc01,02176403,02176403,ih00423000,ih00423000,provenance_place,intermediate,6,1,02176403-p006,02176403-p006-loc01,Steyning,,Steyning,GeoNames,2636928,https://www.geonames.org/2636928,50.88744,-0.32787,United Kingdom,,,Howard 43,,1973,15 | 16 | 17 | 18 | 19 | 20,,mei_timeperiod,a,coordinates_supplied,copy_level_provenance_place,MEI,02176403-p006,https://data.cerl.org/mei/02176403,data/expanded/mei-corpus.json,
02176403-p007-loc01,02176403,02176403,ih00423000,ih00423000,provenance_place,intermediate,7,1,02176403-p007,02176403-p007-loc01,Wellington,Wellington,Wellington,GeoNames,2179537,https://www.geonames.org/2179537,-41.28664,174.77557,New Zealand,,,Howard 43,1973,,20,,mei_timeperiod,b,coordinates_supplied,copy_level_provenance_place,MEI,02176403-p007,https://data.cerl.org/mei/02176403,data/expanded/mei-corpus.json,
02176403-current,02176403,02176403,ih00423000,ih00423000,current_holding,last,8,1,,,"Wellington, National Library of New Zealand, Alexander Turnbull Library",,,,,,,,NZ,WellingtonATL,"Wellington, National Library of New Zealand, Alexander Turnbull Library",Howard 43,,,,2026-09-30,current_observation_only,,holding_institution_not_yet_geocoded,current_holding_statement,MEI,02176403,https://data.cerl.org/mei/02176403,data/expanded/mei-corpus.json,Observed as the current holding institution; no arrival date is inferred.
00560450-print,00560450,00560450,ih00424000,ih00424000,print_place,first,0,1,,,Paris,Paris,,,,,,,,,,SSS.18.1,1498,1498,,,gw_extracted_year_range,,place_name_not_yet_geocoded,edition_level_print_statement,GW,13211,https://gesamtkatalogderwiegendrucke.de/docs/GW13211.htm,data/derived/prayer-book-corpus.csv,Printing statement shared by copies of the edition.
00560450-p003-loc01,00560450,00560450,ih00424000,ih00424000,provenance_place,intermediate,3,1,00560450-p003,00560450-p003-loc01,Cambridge,Cambridge,Cambridge,GeoNames,2653941,https://www.geonames.org/2653941,52.2,0.11667,United Kingdom,,,SSS.18.1,,,,,undated,a,coordinates_supplied,copy_level_provenance_place,MEI,00560450-p003,https://data.cerl.org/mei/00560450,data/expanded/mei-corpus.json,
00560450-current,00560450,00560450,ih00424000,ih00424000,current_holding,last,4,1,,,"Cambridge, University Library",,,,,,,,GB,CambridgeUL,"Cambridge, University Library",SSS.18.1,,,,2026-09-30,current_observation_only,,holding_institution_not_yet_geocoded,current_holding_statement,MEI,00560450,https://data.cerl.org/mei/00560450,data/expanded/mei-corpus.json,Observed as the current holding institution; no arrival date is inferred.
00560451-print,00560451,00560451,ih00424500,ih00424500,print_place,first,0,1,,,London,London,,,,,,,,,,Inc.7.J.3.6[3628],1498,1498,,,gw_extracted_year_range,,place_name_not_yet_geocoded,edition_level_print_statement,GW,13018,https://gesamtkatalogderwiegendrucke.de/docs/GW13018.htm,data/derived/prayer-book-corpus.csv,Printing statement shared by copies of the edition.
00560451-p002-loc01,00560451,00560451,ih00424500,ih00424500,provenance_place,intermediate,2,1,00560451-p002,00560451-p002-loc01,Cambridge,Cambridge,Cambridge,GeoNames,2653941,https://www.geonames.org/2653941,52.2,0.11667,United Kingdom,,,Inc.7.J.3.6[3628],,,,,undated,a,coordinates_supplied,copy_level_provenance_place,MEI,00560451-p002,https://data.cerl.org/mei/00560451,data/expanded/mei-corpus.json,
00560451-current,00560451,00560451,ih00424500,ih00424500,current_holding,last,3,1,,,"Cambridge, University Library",,,,,,,,GB,CambridgeUL,"Cambridge, University Library",Inc.7.J.3.6[3628],,,,2026-09-30,current_observation_only,,holding_institution_not_yet_geocoded,current_holding_statement,MEI,00560451,https://data.cerl.org/mei/00560451,data/expanded/mei-corpus.json,Observed as the current holding institution; no arrival date is inferred.
00560452-print,00560452,00560452,ih00426500,ih00426500,print_place,first,0,1,,,Gouda,Gouda,,,,,,,,,,Inc.7.E.3.2[2885],1483,1484,,,gw_extracted_year_range,,place_name_not_yet_geocoded,edition_level_print_statement,GW,13413,https://gesamtkatalogderwiegendrucke.de/docs/GW13413.htm,data/derived/prayer-book-corpus.csv,Printing statement shared by copies of the edition.
00560452-p003-loc01,00560452,00560452,ih00426500,ih00426500,provenance_place,intermediate,3,1,00560452-p003,00560452-p003-loc01,Cambridge,Cambridge,Cambridge,GeoNames,2653941,https://www.geonames.org/2653941,52.2,0.11667,United Kingdom,,,Inc.7.E.3.2[2885],,,,,undated,a,coordinates_supplied,copy_level_provenance_place,MEI,00560452-p003,https://data.cerl.org/mei/00560452,data/expanded/mei-corpus.json,
00560452-current,00560452,00560452,ih00426500,ih00426500,current_holding,last,4,1,,,"Cambridge, University Library",,,,,,,,GB,CambridgeUL,"Cambridge, University Library",Inc.7.E.3.2[2885],,,,2026-09-23,current_observation_only,,holding_institution_not_yet_geocoded,current_holding_statement,MEI,00560452,https://data.cerl.org/mei/00560452,data/expanded/mei-corpus.json,Observed as the current holding institution; no arrival date is inferred.
00205588-print,00205588,00205588,ih00427100,ih00427100,print_place,first,0,1,,,Antwerpen,Antwerpen,,,,,,,,,,Douce 16.,1492,1492,,,gw_extracted_year_range,,place_name_not_yet_geocoded,edition_level_print_statement,GW,13403,https://gesamtkatalogderwiegendrucke.de/docs/GW13403.htm,data/derived/prayer-book-corpus.csv,Printing statement shared by copies of the edition.
00205588-p001-loc01,00205588,00205588,ih00427100,ih00427100,provenance_place,intermediate,1,1,00205588-p001,00205588-p001-loc01,London,London,London,GeoNames,2643743,https://www.geonames.org/2643743,51.50853,-0.12574,United Kingdom,,,Douce 16.,1701,1900,18 | 19,,mei_timeperiod,,coordinates_supplied,copy_level_provenance_place,MEI,00205588-p001,https://data.cerl.org/mei/00205588,data/expanded/mei-corpus.json,
00205588-p002-loc01,00205588,00205588,ih00427100,ih00427100,provenance_place,intermediate,2,1,00205588-p002,00205588-p002-loc01,Oxford,Oxford,Oxford,GeoNames,2640729,https://www.geonames.org/2640729,51.75222,-1.25596,United Kingdom,,,Douce 16.,,,,,undated,,coordinates_supplied,copy_level_provenance_place,MEI,00205588-p002,https://data.cerl.org/mei/00205588,data/expanded/mei-corpus.json,
00205588-current,00205588,00205588,ih00427100,ih00427100,current_holding,last,3,1,,,"Oxford, Bodleian Library",,,,,,,,GB,OxfordBodley,"Oxford, Bodleian Library",Douce 16.,,,,2026-09-23,current_observation_only,,holding_institution_not_yet_geocoded,current_holding_statement,MEI,00205588,https://data.cerl.org/mei/00205588,data/expanded/mei-corpus.json,Observed as the current holding institution; no arrival date is inferred.
00560453-print,00560453,00560453,ih00427540,ih00427540,print_place,first,0,1,,,Antwerpen,Antwerpen,,,,,,,,,,Inc.7.F.6.7[3459],1495,1495,,,gw_extracted_year_range,,place_name_not_yet_geocoded,edition_level_print_statement,GW,13406,https://gesamtkatalogderwiegendrucke.de/docs/GW13406.htm,data/derived/prayer-book-corpus.csv,Printing statement shared by copies of the edition.
00560453-p001-loc01,00560453,00560453,ih00427540,ih00427540,provenance_place,intermediate,1,1,00560453-p001,00560453-p001-loc01,Cambridge,Cambridge,Cambridge,GeoNames,2653941,https://www.geonames.org/2653941,52.2,0.11667,United Kingdom,,,Inc.7.F.6.7[3459],,,,,undated,a,coordinates_supplied,copy_level_provenance_place,MEI,00560453-p001,https://data.cerl.org/mei/00560453,data/expanded/mei-corpus.json,
00560453-current,00560453,00560453,ih00427540,ih00427540,current_holding,last,2,1,,,"Cambridge, University Library",,,,,,,,GB,CambridgeUL,"Cambridge, University Library",Inc.7.F.6.7[3459],,,,2026-09-30,current_observation_only,,holding_institution_not_yet_geocoded,current_holding_statement,MEI,00560453,https://data.cerl.org/mei/00560453,data/expanded/mei-corpus.json,Observed as the current holding institution; no arrival date is inferred.
02138779-print,02138779,02138779,ih00427540,ih00427540,print_place,first,0,1,,,Antwerpen,Antwerpen,,,,,,,,,,001 F 012,1495,1495,,,gw_extracted_year_range,,place_name_not_yet_geocoded,edition_level_print_statement,GW,13406,https://gesamtkatalogderwiegendrucke.de/docs/GW13406.htm,data/derived/prayer-book-corpus.csv,Printing statement shared by copies of the edition.
02138779-p001-loc01,02138779,02138779,ih00427540,ih00427540,provenance_place,intermediate,1,1,02138779-p001,02138779-p001-loc01,Gemeente Den Haag,The Hague,Gemeente Den Haag,GeoNames,2747372,https://www.geonames.org/2747372,52.06866,4.28635,The Netherlands,,,001 F 012,,,,,undated,,coordinates_supplied,copy_level_provenance_place,MEI,02138779-p001,https://data.cerl.org/mei/02138779,data/expanded/mei-corpus.json,
02138779-p002-loc01,02138779,02138779,ih00427540,ih00427540,provenance_place,intermediate,2,1,02138779-p002,02138779-p002-loc01,Gemeente Den Haag,The Hague,Gemeente Den Haag,GeoNames,2747372,https://www.geonames.org/2747372,52.06866,4.28635,The Netherlands,,,001 F 012,,,,,undated,,coordinates_supplied,copy_level_provenance_place,MEI,02138779-p002,https://data.cerl.org/mei/02138779,data/expanded/mei-corpus.json,
02138779-current,02138779,02138779,ih00427540,ih00427540,current_holding,last,3,1,,,"Den Haag, Huis van het Boek ",,,,,,,,NL,TheHagueMMW,"Den Haag, Huis van het Boek ",001 F 012,,,,2026-09-30,current_observation_only,,holding_institution_not_yet_geocoded,current_holding_statement,MEI,02138779,https://data.cerl.org/mei/02138779,data/expanded/mei-corpus.json,Observed as the current holding institution; no arrival date is inferred.
00560454-print,00560454,00560454,ih00427750,ih00427750,print_place,first,0,1,,,Gouda,Gouda,,,,,,,,,,Inc.6.E.3.10[2889],1496,1496,,,gw_extracted_year_range,,place_name_not_yet_geocoded,edition_level_print_statement,GW,13429,https://gesamtkatalogderwiegendrucke.de/docs/GW13429.htm,data/derived/prayer-book-corpus.csv,Printing statement shared by copies of the edition.
00560454-p003-loc01,00560454,00560454,ih00427750,ih00427750,provenance_place,intermediate,3,1,00560454-p003,00560454-p003-loc01,Cambridge,Cambridge,Cambridge,GeoNames,2653941,https://www.geonames.org/2653941,52.2,0.11667,United Kingdom,,,Inc.6.E.3.10[2889],,,,,undated,a,coordinates_supplied,copy_level_provenance_place,MEI,00560454-p003,https://data.cerl.org/mei/00560454,data/expanded/mei-corpus.json,
00560454-current,00560454,00560454,ih00427750,ih00427750,current_holding,last,4,1,,,"Cambridge, University Library",,,,,,,,GB,CambridgeUL,"Cambridge, University Library",Inc.6.E.3.10[2889],,,,2026-09-30,current_observation_only,,holding_institution_not_yet_geocoded,current_holding_statement,MEI,00560454,https://data.cerl.org/mei/00560454,data/expanded/mei-corpus.json,Observed as the current holding institution; no arrival date is inferred.
02100413-print,02100413,02100413,ih00427750,ih00427750,print_place,first,0,1,,,Gouda,Gouda,,,,,,,,,,KW 1084 D 6,1496,1496,,,gw_extracted_year_range,,place_name_not_yet_geocoded,edition_level_print_statement,GW,13429,https://gesamtkatalogderwiegendrucke.de/docs/GW13429.htm,data/derived/prayer-book-corpus.csv,Printing statement shared by copies of the edition.
02100413-p004-loc01,02100413,02100413,ih00427750,ih00427750,provenance_place,intermediate,4,1,02100413-p004,02100413-p004-loc01,Amsterdam,Amsterdam,Amsterdam,GeoNames,2759794,https://www.geonames.org/2759794,52.37403,4.88969,The Netherlands,,,KW 1084 D 6,1808,,19,1937,mei_timeperiod,a,coordinates_supplied,copy_level_provenance_place,MEI,02100413-p004,https://data.cerl.org/mei/02100413,data/expanded/mei-corpus.json,
02100413-p005-loc01,02100413,02100413,ih00427750,ih00427750,provenance_place,intermediate,5,1,02100413-p005,02100413-p005-loc01,The Hague,Den Haag,The Hague,GeoNames,2747373,https://www.geonames.org/2747373,52.07667,4.29861,The Netherlands,,,KW 1084 D 6,1937,,20,1937,mei_timeperiod,a,coordinates_supplied,copy_level_provenance_place,MEI,02100413-p005,https://data.cerl.org/mei/02100413,data/expanded/mei-corpus.json,
02100413-current,02100413,02100413,ih00427750,ih00427750,current_holding,last,6,1,,,"Den Haag, Koninklijke Bibliotheek - Nationale Bibliotheek van Nederland",,,,,,,,NL,NLKB,"Den Haag, Koninklijke Bibliotheek - Nationale Bibliotheek van Nederland",KW 1084 D 6,,,,2026-09-30,current_observation_only,,holding_institution_not_yet_geocoded,current_holding_statement,MEI,02100413,https://data.cerl.org/mei/02100413,data/expanded/mei-corpus.json,Observed as the current holding institution; no arrival date is inferred.
00206446-print,00206446,00206446,ih00427800,ih00427800,print_place,first,0,1,,,Paris,Paris,,,,,,,,,,8° Rawl. 1109.,1499,1499,,,gw_extracted_year_range,,place_name_not_yet_geocoded,edition_level_print_statement,GW,13232,https://gesamtkatalogderwiegendrucke.de/docs/GW13232.htm,data/derived/prayer-book-corpus.csv,Printing statement shared by copies of the edition.
00206446-p003-loc01,00206446,00206446,ih00427800,ih00427800,provenance_place,intermediate,3,1,00206446-p003,00206446-p003-loc01,Oxford,Oxford,Oxford,GeoNames,2640729,https://www.geonames.org/2640729,51.75222,-1.25596,United Kingdom,,,8° Rawl. 1109.,,,,,undated,,coordinates_supplied,copy_level_provenance_place,MEI,00206446-p003,https://data.cerl.org/mei/00206446,data/expanded/mei-corpus.json,
00206446-current,00206446,00206446,ih00427800,ih00427800,current_holding,last,4,1,,,"Oxford, Bodleian Library",,,,,,,,GB,OxfordBodley,"Oxford, Bodleian Library",8° Rawl. 1109.,,,,2026-09-30,current_observation_only,,holding_institution_not_yet_geocoded,current_holding_statement,MEI,00206446,https://data.cerl.org/mei/00206446,data/expanded/mei-corpus.json,Observed as the current holding institution; no arrival date is inferred.
00203815-print,00203815,00203815,ih00427850,ih00427850,print_place,first,0,1,,,Paris,Paris,,,,,,,,,,8° Rawl. 1110.,1491,1492,,,gw_extracted_year_range,,place_name_not_yet_geocoded,edition_level_print_statement,GW,13293,https://gesamtkatalogderwiegendrucke.de/docs/GW13293.htm,data/derived/prayer-book-corpus.csv,Printing statement shared by copies of the edition.
00203815-p004-loc01,00203815,00203815,ih00427850,ih00427850,provenance_place,intermediate,4,1,00203815-p004,00203815-p004-loc01,Oxford,Oxford,Oxford,GeoNames,2640729,https://www.geonames.org/2640729,51.75222,-1.25596,United Kingdom,,,8° Rawl. 1110.,,,,,undated,,coordinates_supplied,copy_level_provenance_place,MEI,00203815-p004,https://data.cerl.org/mei/00203815,data/expanded/mei-corpus.json,
00203815-current,00203815,00203815,ih00427850,ih00427850,current_holding,last,5,1,,,"Oxford, Bodleian Library",,,,,,,,GB,OxfordBodley,"Oxford, Bodleian Library",8° Rawl. 1110.,,,,2026-09-30,current_observation_only,,holding_institution_not_yet_geocoded,current_holding_statement,MEI,00203815,https://data.cerl.org/mei/00203815,data/expanded/mei-corpus.json,Observed as the current holding institution; no arrival date is inferred.
00205157-print,00205157,00205157,ih00427895,ih00427895,print_place,first,0,1,,,Paris,Paris,,,,,,,,,,Auct. T inf. 3.11.,1500,1500,,,gw_extracted_year_range,,place_name_not_yet_geocoded,edition_level_print_statement,GW,XI643A,https://gesamtkatalogderwiegendrucke.de/docs/GWXI643A.htm,data/derived/prayer-book-corpus.csv,Printing statement shared by copies of the edition.
00205157-p003-loc01,00205157,00205157,ih00427895,ih00427895,provenance_place,intermediate,3,1,00205157-p003,00205157-p003-loc01,Oxford,Oxford,Oxford,GeoNames,2640729,https://www.geonames.org/2640729,51.75222,-1.25596,United Kingdom,,,Auct. T inf. 3.11.,,,,,undated,,coordinates_supplied,copy_level_provenance_place,MEI,00205157-p003,https://data.cerl.org/mei/00205157,data/expanded/mei-corpus.json,
00205157-current,00205157,00205157,ih00427895,ih00427895,current_holding,last,4,1,,,"Oxford, Bodleian Library",,,,,,,,GB,OxfordBodley,"Oxford, Bodleian Library",Auct. T inf. 3.11.,,,,2026-09-30,current_observation_only,,holding_institution_not_yet_geocoded,current_holding_statement,MEI,00205157,https://data.cerl.org/mei/00205157,data/expanded/mei-corpus.json,Observed as the current holding institution; no arrival date is inferred.
02100324-print,02100324,02100324,ih00427900,ih00427900,print_place,first,0,1,,,Deventer,Deventer,,,,,,,,,,KW 150 G 49,1497,1497,,,gw_extracted_year_range,,place_name_not_yet_geocoded,edition_level_print_statement,GW,13410,https://gesamtkatalogderwiegendrucke.de/docs/GW13410.htm,data/derived/prayer-book-corpus.csv,Printing statement shared by copies of the edition.
02100324-p002-loc01,02100324,02100324,ih00427900,ih00427900,provenance_place,intermediate,2,1,02100324-p002,02100324-p002-loc01,Paris,Paris,Paris,GeoNames,6455259,https://www.geonames.org/6455259,48.86,2.34444,France,,,KW 150 G 49,1799,1883,18 | 19,,mei_timeperiod,a,coordinates_supplied,copy_level_provenance_place,MEI,02100324-p002,https://data.cerl.org/mei/02100324,data/expanded/mei-corpus.json,
02100324-p003-loc01,02100324,02100324,ih00427900,ih00427900,provenance_place,intermediate,3,1,02100324-p003,02100324-p003-loc01,Schwarzau am Steinfeld,Schwarzau am Steinfeld,Schwarzau am Steinfeld,GeoNames,2765489,https://www.geonames.org/2765489,47.73183,16.17094,Austria,,,KW 150 G 49,1883,1907,19 | 20,,mei_timeperiod,a,coordinates_supplied,copy_level_provenance_place,MEI,02100324-p003,https://data.cerl.org/mei/02100324,data/expanded/mei-corpus.json,
02100324-p004-loc01,02100324,02100324,ih00427900,ih00427900,provenance_place,intermediate,4,1,02100324-p004,02100324-p004-loc01,Paris,Paris,Paris,GeoNames,2988507,https://www.geonames.org/2988507,48.85341,2.3488,France,,,KW 150 G 49,1932,1937,20,1932,mei_timeperiod,a,coordinates_supplied,copy_level_provenance_place,MEI,02100324-p004,https://data.cerl.org/mei/02100324,data/expanded/mei-corpus.json,"The auction catalogue of Giraud-Badin/Hoepli (1932) describes this copy as 'à l'usage du monastère de Windesheim, Bavière'"
02100324-p005-loc01,02100324,02100324,ih00427900,ih00427900,provenance_place,intermediate,5,1,02100324-p005,02100324-p005-loc01,The Hague,Den Haag,The Hague,GeoNames,2747373,https://www.geonames.org/2747373,52.07667,4.29861,The Netherlands,,,KW 150 G 49,1937,,20,1937,mei_timeperiod,a,coordinates_supplied,copy_level_provenance_place,MEI,02100324-p005,https://data.cerl.org/mei/02100324,data/expanded/mei-corpus.json,
02100324-current,02100324,02100324,ih00427900,ih00427900,current_holding,last,6,1,,,"Den Haag, Koninklijke Bibliotheek - Nationale Bibliotheek van Nederland",,,,,,,,NL,NLKB,"Den Haag, Koninklijke Bibliotheek - Nationale Bibliotheek van Nederland",KW 150 G 49,,,,2026-09-30,current_observation_only,,holding_institution_not_yet_geocoded,current_holding_statement,MEI,02100324,https://data.cerl.org/mei/02100324,data/expanded/mei-corpus.json,Observed as the current holding institution; no arrival date is inferred.
00560455-print,00560455,00560455,ih00427930,ih00427930,print_place,first,0,1,,,Gent,Gent,,,,,,,,,,Inc.6.F.7.1[3466],1487,1487,,,gw_extracted_year_range,,place_name_not_yet_geocoded,edition_level_print_statement,GW,13412,https://gesamtkatalogderwiegendrucke.de/docs/GW13412.htm,data/derived/prayer-book-corpus.csv,Printing statement shared by copies of the edition.
00560455-p002-loc01,00560455,00560455,ih00427930,ih00427930,provenance_place,intermediate,2,1,00560455-p002,00560455-p002-loc01,Cambridge,Cambridge,Cambridge,GeoNames,2653941,https://www.geonames.org/2653941,52.2,0.11667,United Kingdom,,,Inc.6.F.7.1[3466],,,,,undated,a,coordinates_supplied,copy_level_provenance_place,MEI,00560455-p002,https://data.cerl.org/mei/00560455,data/expanded/mei-corpus.json,
00560455-current,00560455,00560455,ih00427930,ih00427930,current_holding,last,3,1,,,"Cambridge, University Library",,,,,,,,GB,CambridgeUL,"Cambridge, University Library",Inc.6.F.7.1[3466],,,,2026-09-30,current_observation_only,,holding_institution_not_yet_geocoded,current_holding_statement,MEI,00560455,https://data.cerl.org/mei/00560455,data/expanded/mei-corpus.json,Observed as the current holding institution; no arrival date is inferred.
02000285-print,02000285,02000285,ih00427960,ih00427960,print_place,first,0,1,,,Neapel,Neapel,,,,,,,,,,18193,1499,1499,,,gw_extracted_year_range,,place_name_not_yet_geocoded,edition_level_print_statement,GW,13350,https://gesamtkatalogderwiegendrucke.de/docs/GW13350.htm,data/derived/prayer-book-corpus.csv,Printing statement shared by copies of the edition.
02000285-p001-loc01,02000285,02000285,ih00427960,ih00427960,provenance_place,intermediate,1,1,02000285-p001,02000285-p001-loc01,Italy,Italy,,,,,,,,,,18193,1499,1600,15 | 16,,mei_timeperiod,a,name_only,copy_level_provenance_place,MEI,02000285-p001,https://data.cerl.org/mei/02000285,data/expanded/mei-corpus.json,
02000285-p002-loc01,02000285,02000285,ih00427960,ih00427960,provenance_place,intermediate,2,1,02000285-p002,02000285-p002-loc01,Naples,Naples,Naples,GeoNames,3172394,https://www.geonames.org/3172394,40.85216,14.26811,Italy,,,18193,1747,1819,18 | 19,,mei_timeperiod,a,coordinates_supplied,copy_level_provenance_place,MEI,02000285-p002,https://data.cerl.org/mei/02000285,data/expanded/mei-corpus.json,
02000285-p003-loc01,02000285,02000285,ih00427960,ih00427960,provenance_place,intermediate,3,1,02000285-p003,02000285-p003-loc01,Althorp,Althorp,Althorp,GeoNames,7296694,https://www.geonames.org/7296694,52.28107,-1.00095,United Kingdom,,,18193,1819,1834,19,,mei_timeperiod,a,coordinates_supplied,copy_level_provenance_place,MEI,02000285-p003,https://data.cerl.org/mei/02000285,data/expanded/mei-corpus.json,
02000285-p004-loc01,02000285,02000285,ih00427960,ih00427960,provenance_place,intermediate,4,1,02000285-p004,02000285-p004-loc01,Manchester,Manchester,Manchester,GeoNames,2643123,https://www.geonames.org/2643123,53.48095,-2.23743,United Kingdom,,,18193,1892,1899,19,,mei_timeperiod,a,coordinates_supplied,copy_level_provenance_place,MEI,02000285-p004,https://data.cerl.org/mei/02000285,data/expanded/mei-corpus.json,
02000285-p005-loc01,02000285,02000285,ih00427960,ih00427960,provenance_place,intermediate,5,1,02000285-p005,02000285-p005-loc01,Manchester,Manchester,Manchester,GeoNames,2643123,https://www.geonames.org/2643123,53.48095,-2.23743,United Kingdom,,,18193,1899,,19,,mei_timeperiod,,coordinates_supplied,copy_level_provenance_place,MEI,02000285-p005,https://data.cerl.org/mei/02000285,data/expanded/mei-corpus.json,
02000285-current,02000285,02000285,ih00427960,ih00427960,current_holding,last,6,1,,,"Manchester, University of Manchester, John Rylands Research Institute and Library",,,,,,,,GB,ManchesterJRL,"Manchester, University of Manchester, John Rylands Research Institute and Library",18193,,,,2026-09-30,current_observation_only,,holding_institution_not_yet_geocoded,current_holding_statement,MEI,02000285,https://data.cerl.org/mei/02000285,data/expanded/mei-corpus.json,Observed as the current holding institution; no arrival date is inferred.
02010269-print,02010269,02010269,ih00427965,ih00427965,print_place,first,0,1,,,Montserrat,Montserrat,,,,,,,,,,MD/H/13 (5),1499,1499,,,gw_extracted_year_range,,place_name_not_yet_geocoded,edition_level_print_statement,GW,13441,https://gesamtkatalogderwiegendrucke.de/docs/GW13441.htm,data/derived/prayer-book-corpus.csv,Printing statement shared by copies of the edition.
02010269-current,02010269,02010269,ih00427965,ih00427965,current_holding,last,1,1,,,"Madrid, Real Biblioteca",,,,,,,,ES,MadridBPalacioReal,"Madrid, Real Biblioteca",MD/H/13 (5),,,,2026-09-23,current_observation_only,,holding_institution_not_yet_geocoded,current_holding_statement,MEI,02010269,https://data.cerl.org/mei/02010269,data/expanded/mei-corpus.json,Observed as the current holding institution; no arrival date is inferred.
00560456-print,00560456,00560456,ih00429300,ih00429300,print_place,first,0,1,,,Delft,Delft,,,,,,,,,,Inc.5.E.2.2[2815],1480,1480,,,gw_extracted_year_range,,place_name_not_yet_geocoded,edition_level_print_statement,GW,13424,https://gesamtkatalogderwiegendrucke.de/docs/GW13424.htm,data/derived/prayer-book-corpus.csv,Printing statement shared by copies of the edition.
00560456-p006-loc01,00560456,00560456,ih00429300,ih00429300,provenance_place,intermediate,6,1,00560456-p006,00560456-p006-loc01,Cambridge,Cambridge,Cambridge,GeoNames,2653941,https://www.geonames.org/2653941,52.2,0.11667,United Kingdom,,,Inc.5.E.2.2[2815],,,,,undated,a,coordinates_supplied,copy_level_provenance_place,MEI,00560456-p006,https://data.cerl.org/mei/00560456,data/expanded/mei-corpus.json,
00560456-current,00560456,00560456,ih00429300,ih00429300,current_holding,last,7,1,,,"Cambridge, University Library",,,,,,,,GB,CambridgeUL,"Cambridge, University Library",Inc.5.E.2.2[2815],,,,2026-09-30,current_observation_only,,holding_institution_not_yet_geocoded,current_holding_statement,MEI,00560456,https://data.cerl.org/mei/00560456,data/expanded/mei-corpus.json,Observed as the current holding institution; no arrival date is inferred.
00560457-print,00560457,00560457,ih00429300,ih00429300,print_place,first,0,1,,,Delft,Delft,,,,,,,,,,SSS.19.16,1480,1480,,,gw_extracted_year_range,,place_name_not_yet_geocoded,edition_level_print_statement,GW,13424,https://gesamtkatalogderwiegendrucke.de/docs/GW13424.htm,data/derived/prayer-book-corpus.csv,Printing statement shared by copies of the edition.
00560457-p001-loc01,00560457,00560457,ih00429300,ih00429300,provenance_place,intermediate,1,1,00560457-p001,00560457-p001-loc01,Cambridge,Cambridge,Cambridge,GeoNames,2653941,https://www.geonames.org/2653941,52.2,0.11667,United Kingdom,,,SSS.19.16,,,,,undated,a,coordinates_supplied,copy_level_provenance_place,MEI,00560457-p001,https://data.cerl.org/mei/00560457,data/expanded/mei-corpus.json,
00560457-current,00560457,00560457,ih00429300,ih00429300,current_holding,last,2,1,,,"Cambridge, University Library",,,,,,,,GB,CambridgeUL,"Cambridge, University Library",SSS.19.16,,,,2026-09-30,current_observation_only,,holding_institution_not_yet_geocoded,current_holding_statement,MEI,00560457,https://data.cerl.org/mei/00560457,data/expanded/mei-corpus.json,Observed as the current holding institution; no arrival date is inferred.
02101705-print,02101705,02101705,ih00429300,ih00429300,print_place,first,0,1,,,Delft,Delft,,,,,,,,,,KW 169 G 49,1480,1480,,,gw_extracted_year_range,,place_name_not_yet_geocoded,edition_level_print_statement,GW,13424,https://gesamtkatalogderwiegendrucke.de/docs/GW13424.htm,data/derived/prayer-book-corpus.csv,Printing statement shared by copies of the edition.
02101705-p005-loc01,02101705,02101705,ih00429300,ih00429300,provenance_place,intermediate,5,1,02101705-p005,02101705-p005-loc01,The Hague,Den Haag,The Hague,GeoNames,2747373,https://www.geonames.org/2747373,52.07667,4.29861,The Netherlands,,,KW 169 G 49,1745,1804,18 | 19,1809,mei_timeperiod,a,coordinates_supplied,copy_level_provenance_place,MEI,02101705-p005,https://data.cerl.org/mei/02101705,data/expanded/mei-corpus.json,
02101705-p006-loc01,02101705,02101705,ih00429300,ih00429300,provenance_place,intermediate,6,1,02101705-p006,02101705-p006-loc01,The Hague,Den Haag,The Hague,GeoNames,2747373,https://www.geonames.org/2747373,52.07667,4.29861,The Netherlands,,,KW 169 G 49,1809,,19,1809,mei_timeperiod,a,coordinates_supplied,copy_level_provenance_place,MEI,02101705-p006,https://data.cerl.org/mei/02101705,data/expanded/mei-corpus.json,
02101705-current,02101705,02101705,ih00429300,ih00429300,current_holding,last,7,1,,,"Den Haag, Koninklijke Bibliotheek - Nationale Bibliotheek van Nederland",,,,,,,,NL,NLKB,"Den Haag, Koninklijke Bibliotheek - Nationale Bibliotheek van Nederland",KW 169 G 49,,,,2026-09-30,current_observation_only,,holding_institution_not_yet_geocoded,current_holding_statement,MEI,02101705,https://data.cerl.org/mei/02101705,data/expanded/mei-corpus.json,Observed as the current holding institution; no arrival date is inferred.
02149728-print,02149728,02149728,ih00429300,ih00429300,print_place,first,0,1,,,Delft,Delft,,,,,,,,,,IA.47112,1480,1480,,,gw_extracted_year_range,,place_name_not_yet_geocoded,edition_level_print_statement,GW,13424,https://gesamtkatalogderwiegendrucke.de/docs/GW13424.htm,data/derived/prayer-book-corpus.csv,Printing statement shared by copies of the edition.
02149728-p002-loc01,02149728,02149728,ih00429300,ih00429300,provenance_place,intermediate,2,1,02149728-p002,02149728-p002-loc01,London,London,London,GeoNames,2643743,https://www.geonames.org/2643743,51.50853,-0.12574,United Kingdom,,,IA.47112,1718,1753,18,,mei_timeperiod,a,coordinates_supplied,copy_level_provenance_place,MEI,02149728-p002,https://data.cerl.org/mei/02149728,data/expanded/mei-corpus.json,
02149728-p003-loc01,02149728,02149728,ih00429300,ih00429300,provenance_place,intermediate,3,1,02149728-p003,02149728-p003-loc01,London,London,London,GeoNames,2643743,https://www.geonames.org/2643743,51.50853,-0.12574,United Kingdom,,,IA.47112,1753,,18,,mei_timeperiod,a,coordinates_supplied,copy_level_provenance_place,MEI,02149728-p003,https://data.cerl.org/mei/02149728,data/expanded/mei-corpus.json,
02149728-current,02149728,02149728,ih00429300,ih00429300,current_holding,last,4,1,,,"London, British Library",,,,,,,,GB,LondonBL,"London, British Library",IA.47112,,,,2026-09-30,current_observation_only,,holding_institution_not_yet_geocoded,current_holding_statement,MEI,02149728,https://data.cerl.org/mei/02149728,data/expanded/mei-corpus.json,Observed as the current holding institution; no arrival date is inferred.
02150602-print,02150602,02150602,ih00429300,ih00429300,print_place,first,0,1,,,Delft,Delft,,,,,,,,,,61 D 6 KL,1480,1480,,,gw_extracted_year_range,,place_name_not_yet_geocoded,edition_level_print_statement,GW,13424,https://gesamtkatalogderwiegendrucke.de/docs/GW13424.htm,data/derived/prayer-book-corpus.csv,Printing statement shared by copies of the edition.
02150602-p003-loc01,02150602,02150602,ih00429300,ih00429300,provenance_place,intermediate,3,1,02150602-p003,02150602-p003-loc01,Deventer,Deventer,Deventer,GeoNames,2756987,https://www.geonames.org/2756987,52.255,6.16389,The Netherlands,,,61 D 6 KL,1560,,16,,mei_timeperiod,a,coordinates_supplied,copy_level_provenance_place,MEI,02150602-p003,https://data.cerl.org/mei/02150602,data/expanded/mei-corpus.json,
02150602-current,02150602,02150602,ih00429300,ih00429300,current_holding,last,4,1,,,"Deventer, Athenaeumbibliotheek ",,,,,,,,NL,DeventerSAB,"Deventer, Athenaeumbibliotheek ",61 D 6 KL,,,,2026-09-30,current_observation_only,,holding_institution_not_yet_geocoded,current_holding_statement,MEI,02150602,https://data.cerl.org/mei/02150602,data/expanded/mei-corpus.json,Observed as the current holding institution; no arrival date is inferred.
02101580-print,02101580,02101580,ih00429400,ih00429400,print_place,first,0,1,,,Brüssel,Brüssel,,,,,,,,,,KW 150 E 13,1481,1484,,,gw_extracted_year_range,,place_name_not_yet_geocoded,edition_level_print_statement,GW,13423,https://gesamtkatalogderwiegendrucke.de/docs/GW13423.htm,data/derived/prayer-book-corpus.csv,Printing statement shared by copies of the edition.
02101580-p003-loc01,02101580,02101580,ih00429400,ih00429400,provenance_place,intermediate,3,1,02101580-p003,02101580-p003-loc01,Amsterdam,Amsterdam,Amsterdam,GeoNames,2759794,https://www.geonames.org/2759794,52.37403,4.88969,The Netherlands,,,KW 150 E 13,1812,1879,19,1887,mei_timeperiod,a,coordinates_supplied,copy_level_provenance_place,MEI,02101580-p003,https://data.cerl.org/mei/02101580,data/expanded/mei-corpus.json,
02101580-p004-loc01,02101580,02101580,ih00429400,ih00429400,provenance_place,intermediate,4,1,02101580-p004,02101580-p004-loc01,Gemeente Amsterdam,Amsterdam,Gemeente Amsterdam,GeoNames,2759793,https://www.geonames.org/2759793,52.37302,4.89856,The Netherlands,,,KW 150 E 13,1880,1880,19,,mei_timeperiod,a,coordinates_supplied,copy_level_provenance_place,MEI,02101580-p004,https://data.cerl.org/mei/02101580,data/expanded/mei-corpus.json,
02101580-p005-loc01,02101580,02101580,ih00429400,ih00429400,provenance_place,intermediate,5,1,02101580-p005,02101580-p005-loc01,The Hague,Den Haag,The Hague,GeoNames,2747373,https://www.geonames.org/2747373,52.07667,4.29861,The Netherlands,,,KW 150 E 13,1880,,19,1880,mei_timeperiod,a,coordinates_supplied,copy_level_provenance_place,MEI,02101580-p005,https://data.cerl.org/mei/02101580,data/expanded/mei-corpus.json,
02101580-current,02101580,02101580,ih00429400,ih00429400,current_holding,last,6,1,,,"Den Haag, Koninklijke Bibliotheek - Nationale Bibliotheek van Nederland",,,,,,,,NL,NLKB,"Den Haag, Koninklijke Bibliotheek - Nationale Bibliotheek van Nederland",KW 150 E 13,,,,2026-09-30,current_observation_only,,holding_institution_not_yet_geocoded,current_holding_statement,MEI,02101580,https://data.cerl.org/mei/02101580,data/expanded/mei-corpus.json,Observed as the current holding institution; no arrival date is inferred.
00560459-print,00560459,00560459,ih00430000,ih00430000,print_place,first,0,1,,,Delft,Delft,,,,,,,,,,Inc.5.E.2.2[2822],1484,1484,,,gw_extracted_year_range,,place_name_not_yet_geocoded,edition_level_print_statement,GW,13425,https://gesamtkatalogderwiegendrucke.de/docs/GW13425.htm,data/derived/prayer-book-corpus.csv,Printing statement shared by copies of the edition.
00560459-p001-loc01,00560459,00560459,ih00430000,ih00430000,provenance_place,intermediate,1,1,00560459-p001,00560459-p001-loc01,Cambridge,Cambridge,Cambridge,GeoNames,2653941,https://www.geonames.org/2653941,52.2,0.11667,United Kingdom,,,Inc.5.E.2.2[2822],,,,,undated,a,coordinates_supplied,copy_level_provenance_place,MEI,00560459-p001,https://data.cerl.org/mei/00560459,data/expanded/mei-corpus.json,
00560459-current,00560459,00560459,ih00430000,ih00430000,current_holding,last,2,1,,,"Cambridge, University Library",,,,,,,,GB,CambridgeUL,"Cambridge, University Library",Inc.5.E.2.2[2822],,,,2026-09-30,current_observation_only,,holding_institution_not_yet_geocoded,current_holding_statement,MEI,00560459,https://data.cerl.org/mei/00560459,data/expanded/mei-corpus.json,Observed as the current holding institution; no arrival date is inferred.
02101376-print,02101376,02101376,ih00430000,ih00430000,print_place,first,0,1,,,Delft,Delft,,,,,,,,,,KW 169 G 57,1484,1484,,,gw_extracted_year_range,,place_name_not_yet_geocoded,edition_level_print_statement,GW,13425,https://gesamtkatalogderwiegendrucke.de/docs/GW13425.htm,data/derived/prayer-book-corpus.csv,Printing statement shared by copies of the edition.
02101376-p001-loc01,02101376,02101376,ih00430000,ih00430000,provenance_place,intermediate,1,1,02101376-p001,02101376-p001-loc01,Delft,Delft,Delft,GeoNames,2757345,https://www.geonames.org/2757345,52.00667,4.35556,The Netherlands,,,KW 169 G 57,1451,1500,15,,mei_timeperiod,a,coordinates_supplied,copy_level_provenance_place,MEI,02101376-p001,https://data.cerl.org/mei/02101376,data/expanded/mei-corpus.json,
02101376-p002-loc01,02101376,02101376,ih00430000,ih00430000,provenance_place,intermediate,2,1,02101376-p002,02101376-p002-loc01,Leiden,Leiden,Leiden,GeoNames,2751773,https://www.geonames.org/2751773,52.15833,4.49306,The Netherlands,,,KW 169 G 57,1645,1723,17 | 18,,mei_timeperiod,a,coordinates_supplied,copy_level_provenance_place,MEI,02101376-p002,https://data.cerl.org/mei/02101376,data/expanded/mei-corpus.json,
02101376-p003-loc01,02101376,02101376,ih00430000,ih00430000,provenance_place,intermediate,3,1,02101376-p003,02101376-p003-loc01,The Hague,Den Haag,The Hague,GeoNames,2747373,https://www.geonames.org/2747373,52.07667,4.29861,The Netherlands,,,KW 169 G 57,1724,1804,18 | 19,,mei_timeperiod,a,coordinates_supplied,copy_level_provenance_place,MEI,02101376-p003,https://data.cerl.org/mei/02101376,data/expanded/mei-corpus.json,
02101376-p005-loc01,02101376,02101376,ih00430000,ih00430000,provenance_place,intermediate,5,1,02101376-p005,02101376-p005-loc01,The Hague,Den Haag,The Hague,GeoNames,2747373,https://www.geonames.org/2747373,52.07667,4.29861,The Netherlands,,,KW 169 G 57,,,,,undated,a,coordinates_supplied,copy_level_provenance_place,MEI,02101376-p005,https://data.cerl.org/mei/02101376,data/expanded/mei-corpus.json,
02101376-current,02101376,02101376,ih00430000,ih00430000,current_holding,last,6,1,,,"Den Haag, Koninklijke Bibliotheek - Nationale Bibliotheek van Nederland",,,,,,,,NL,NLKB,"Den Haag, Koninklijke Bibliotheek - Nationale Bibliotheek van Nederland",KW 169 G 57,,,,2026-09-30,current_observation_only,,holding_institution_not_yet_geocoded,current_holding_statement,MEI,02101376,https://data.cerl.org/mei/02101376,data/expanded/mei-corpus.json,Observed as the current holding institution; no arrival date is inferred.
00560458-print,00560458,00560458,ih00430000,ih00430000,print_place,first,0,1,,,Delft,Delft,,,,,,,,,,Inc.5.E.2.2[2821],1484,1484,,,gw_extracted_year_range,,place_name_not_yet_geocoded,edition_level_print_statement,GW,13425,https://gesamtkatalogderwiegendrucke.de/docs/GW13425.htm,data/derived/prayer-book-corpus.csv,Printing statement shared by copies of the edition.
00560458-p005-loc01,00560458,00560458,ih00430000,ih00430000,provenance_place,intermediate,5,1,00560458-p005,00560458-p005-loc01,Cambridge,Cambridge,Cambridge,GeoNames,2653941,https://www.geonames.org/2653941,52.2,0.11667,United Kingdom,,,Inc.5.E.2.2[2821],,,,,undated,a,coordinates_supplied,copy_level_provenance_place,MEI,00560458-p005,https://data.cerl.org/mei/00560458,data/expanded/mei-corpus.json,
00560458-current,00560458,00560458,ih00430000,ih00430000,current_holding,last,6,1,,,"Cambridge, University Library",,,,,,,,GB,CambridgeUL,"Cambridge, University Library",Inc.5.E.2.2[2821],,,,2026-09-30,current_observation_only,,holding_institution_not_yet_geocoded,current_holding_statement,MEI,00560458,https://data.cerl.org/mei/00560458,data/expanded/mei-corpus.json,Observed as the current holding institution; no arrival date is inferred.
02138780-print,02138780,02138780,ih00430000,ih00430000,print_place,first,0,1,,,Delft,Delft,,,,,,,,,,001 E 026,1484,1484,,,gw_extracted_year_range,,place_name_not_yet_geocoded,edition_level_print_statement,GW,13425,https://gesamtkatalogderwiegendrucke.de/docs/GW13425.htm,data/derived/prayer-book-corpus.csv,Printing statement shared by copies of the edition.
02138780-p001-loc01,02138780,02138780,ih00430000,ih00430000,provenance_place,intermediate,1,1,02138780-p001,02138780-p001-loc01,Gemeente Den Haag,The Hague,Gemeente Den Haag,GeoNames,2747372,https://www.geonames.org/2747372,52.06866,4.28635,The Netherlands,,,001 E 026,,,,,undated,,coordinates_supplied,copy_level_provenance_place,MEI,02138780-p001,https://data.cerl.org/mei/02138780,data/expanded/mei-corpus.json,
02138780-p002-loc01,02138780,02138780,ih00430000,ih00430000,provenance_place,intermediate,2,1,02138780-p002,02138780-p002-loc01,Gemeente Den Haag,The Hague,Gemeente Den Haag,GeoNames,2747372,https://www.geonames.org/2747372,52.06866,4.28635,The Netherlands,,,001 E 026,,,,,undated,,coordinates_supplied,copy_level_provenance_place,MEI,02138780-p002,https://data.cerl.org/mei/02138780,data/expanded/mei-corpus.json,
02138780-current,02138780,02138780,ih00430000,ih00430000,current_holding,last,3,1,,,"Den Haag, Huis van het Boek ",,,,,,,,NL,TheHagueMMW,"Den Haag, Huis van het Boek ",001 E 026,,,,2026-09-30,current_observation_only,,holding_institution_not_yet_geocoded,current_holding_statement,MEI,02138780,https://data.cerl.org/mei/02138780,data/expanded/mei-corpus.json,Observed as the current holding institution; no arrival date is inferred.
02138781-print,02138781,02138781,ih00430000,ih00430000,print_place,first,0,1,,,Delft,Delft,,,,,,,,,,144 K 004,1484,1484,,,gw_extracted_year_range,,place_name_not_yet_geocoded,edition_level_print_statement,GW,13425,https://gesamtkatalogderwiegendrucke.de/docs/GW13425.htm,data/derived/prayer-book-corpus.csv,Printing statement shared by copies of the edition.
02138781-p001-loc01,02138781,02138781,ih00430000,ih00430000,provenance_place,intermediate,1,1,02138781-p001,02138781-p001-loc01,Gemeente Den Haag,The Hague,Gemeente Den Haag,GeoNames,2747372,https://www.geonames.org/2747372,52.06866,4.28635,The Netherlands,,,144 K 004,,,,,undated,,coordinates_supplied,copy_level_provenance_place,MEI,02138781-p001,https://data.cerl.org/mei/02138781,data/expanded/mei-corpus.json,
02138781-p002-loc01,02138781,02138781,ih00430000,ih00430000,provenance_place,intermediate,2,1,02138781-p002,02138781-p002-loc01,Gemeente Den Haag,The Hague,Gemeente Den Haag,GeoNames,2747372,https://www.geonames.org/2747372,52.06866,4.28635,The Netherlands,,,144 K 004,,,,,undated,,coordinates_supplied,copy_level_provenance_place,MEI,02138781-p002,https://data.cerl.org/mei/02138781,data/expanded/mei-corpus.json,
02138781-current,02138781,02138781,ih00430000,ih00430000,current_holding,last,3,1,,,"Den Haag, Huis van het Boek ",,,,,,,,NL,TheHagueMMW,"Den Haag, Huis van het Boek ",144 K 004,,,,2026-09-30,current_observation_only,,holding_institution_not_yet_geocoded,current_holding_statement,MEI,02138781,https://data.cerl.org/mei/02138781,data/expanded/mei-corpus.json,Observed as the current holding institution; no arrival date is inferred.
00560460-print,00560460,00560460,ih00430100,ih00430100,print_place,first,0,1,,,Hasselt,Hasselt,,,,,,,,,,Inc.7.E.8.2[3109],1488,1488,,,gw_extracted_year_range,,place_name_not_yet_geocoded,edition_level_print_statement,GW,13430,https://gesamtkatalogderwiegendrucke.de/docs/GW13430.htm,data/derived/prayer-book-corpus.csv,Printing statement shared by copies of the edition.
00560460-p002-loc01,00560460,00560460,ih00430100,ih00430100,provenance_place,intermediate,2,1,00560460-p002,00560460-p002-loc01,Cambridge,Cambridge,Cambridge,GeoNames,2653941,https://www.geonames.org/2653941,52.2,0.11667,United Kingdom,,,Inc.7.E.8.2[3109],,,,,undated,a,coordinates_supplied,copy_level_provenance_place,MEI,00560460-p002,https://data.cerl.org/mei/00560460,data/expanded/mei-corpus.json,
00560460-current,00560460,00560460,ih00430100,ih00430100,current_holding,last,3,1,,,"Cambridge, University Library",,,,,,,,GB,CambridgeUL,"Cambridge, University Library",Inc.7.E.8.2[3109],,,,2026-09-30,current_observation_only,,holding_institution_not_yet_geocoded,current_holding_statement,MEI,00560460,https://data.cerl.org/mei/00560460,data/expanded/mei-corpus.json,Observed as the current holding institution; no arrival date is inferred.
02101036-print,02101036,02101036,ih00430100,ih00430100,print_place,first,0,1,,,Hasselt,Hasselt,,,,,,,,,,KW 150 F 8,1488,1488,,,gw_extracted_year_range,,place_name_not_yet_geocoded,edition_level_print_statement,GW,13430,https://gesamtkatalogderwiegendrucke.de/docs/GW13430.htm,data/derived/prayer-book-corpus.csv,Printing statement shared by copies of the edition.
02101036-p003-loc01,02101036,02101036,ih00430100,ih00430100,provenance_place,intermediate,3,1,02101036-p003,02101036-p003-loc01,The Hague,Den Haag,The Hague,GeoNames,2747373,https://www.geonames.org/2747373,52.07667,4.29861,The Netherlands,,,KW 150 F 8,1859,,19,"July 6th, 1859",mei_timeperiod,a,coordinates_supplied,copy_level_provenance_place,MEI,02101036-p003,https://data.cerl.org/mei/02101036,data/expanded/mei-corpus.json,
02101036-current,02101036,02101036,ih00430100,ih00430100,current_holding,last,4,1,,,"Den Haag, Koninklijke Bibliotheek - Nationale Bibliotheek van Nederland",,,,,,,,NL,NLKB,"Den Haag, Koninklijke Bibliotheek - Nationale Bibliotheek van Nederland",KW 150 F 8,,,,2026-09-30,current_observation_only,,holding_institution_not_yet_geocoded,current_holding_statement,MEI,02101036,https://data.cerl.org/mei/02101036,data/expanded/mei-corpus.json,Observed as the current holding institution; no arrival date is inferred.
02100872-print,02100872,02100872,ih00430200,ih00430200,print_place,first,0,1,,,Delft,Delft,,,,,,,,,,KW 150 E 26,1490,1491,,,gw_extracted_year_range,,place_name_not_yet_geocoded,edition_level_print_statement,GW,13426,https://gesamtkatalogderwiegendrucke.de/docs/GW13426.htm,data/derived/prayer-book-corpus.csv,Printing statement shared by copies of the edition.
02100872-p002-loc01,02100872,02100872,ih00430200,ih00430200,provenance_place,intermediate,2,1,02100872-p002,02100872-p002-loc01,The Hague,Den Haag,The Hague,GeoNames,2747373,https://www.geonames.org/2747373,52.07667,4.29861,The Netherlands,,,KW 150 E 26,1829,,19,1856,mei_timeperiod,a,coordinates_supplied,copy_level_provenance_place,MEI,02100872-p002,https://data.cerl.org/mei/02100872,data/expanded/mei-corpus.json,
02100872-current,02100872,02100872,ih00430200,ih00430200,current_holding,last,3,1,,,"Den Haag, Koninklijke Bibliotheek - Nationale Bibliotheek van Nederland",,,,,,,,NL,NLKB,"Den Haag, Koninklijke Bibliotheek - Nationale Bibliotheek van Nederland",KW 150 E 26,,,,2026-09-30,current_observation_only,,holding_institution_not_yet_geocoded,current_holding_statement,MEI,02100872,https://data.cerl.org/mei/02100872,data/expanded/mei-corpus.json,Observed as the current holding institution; no arrival date is inferred.
00560461-print,00560461,00560461,ih00430300,ih00430300,print_place,first,0,1,,,Antwerpen,Antwerpen,,,,,,,,,,Inc.6.F.6.2[3394],1491,1491,,,gw_extracted_year_range,,place_name_not_yet_geocoded,edition_level_print_statement,GW,13417,https://gesamtkatalogderwiegendrucke.de/docs/GW13417.htm,data/derived/prayer-book-corpus.csv,Printing statement shared by copies of the edition.
00560461-p002-loc01,00560461,00560461,ih00430300,ih00430300,provenance_place,intermediate,2,1,00560461-p002,00560461-p002-loc01,Cambridge,Cambridge,Cambridge,GeoNames,2653941,https://www.geonames.org/2653941,52.2,0.11667,United Kingdom,,,Inc.6.F.6.2[3394],,,,,undated,a,coordinates_supplied,copy_level_provenance_place,MEI,00560461-p002,https://data.cerl.org/mei/00560461,data/expanded/mei-corpus.json,
00560461-current,00560461,00560461,ih00430300,ih00430300,current_holding,last,3,1,,,"Cambridge, University Library",,,,,,,,GB,CambridgeUL,"Cambridge, University Library",Inc.6.F.6.2[3394],,,,2026-09-30,current_observation_only,,holding_institution_not_yet_geocoded,current_holding_statement,MEI,00560461,https://data.cerl.org/mei/00560461,data/expanded/mei-corpus.json,Observed as the current holding institution; no arrival date is inferred.
02100779-print,02100779,02100779,ih00430300,ih00430300,print_place,first,0,1,,,Antwerpen,Antwerpen,,,,,,,,,,KW 150 F 48,1491,1491,,,gw_extracted_year_range,,place_name_not_yet_geocoded,edition_level_print_statement,GW,13417,https://gesamtkatalogderwiegendrucke.de/docs/GW13417.htm,data/derived/prayer-book-corpus.csv,Printing statement shared by copies of the edition.
02100779-p003-loc01,02100779,02100779,ih00430300,ih00430300,provenance_place,intermediate,3,1,02100779-p003,02100779-p003-loc01,The Hague,Den Haag,The Hague,GeoNames,2747373,https://www.geonames.org/2747373,52.07667,4.29861,The Netherlands,,,KW 150 F 48,1967,,20,1967,mei_timeperiod,a,coordinates_supplied,copy_level_provenance_place,MEI,02100779-p003,https://data.cerl.org/mei/02100779,data/expanded/mei-corpus.json,
02100779-current,02100779,02100779,ih00430300,ih00430300,current_holding,last,4,1,,,"Den Haag, Koninklijke Bibliotheek - Nationale Bibliotheek van Nederland",,,,,,,,NL,NLKB,"Den Haag, Koninklijke Bibliotheek - Nationale Bibliotheek van Nederland",KW 150 F 48,,,,2026-09-30,current_observation_only,,holding_institution_not_yet_geocoded,current_holding_statement,MEI,02100779,https://data.cerl.org/mei/02100779,data/expanded/mei-corpus.json,Observed as the current holding institution; no arrival date is inferred.
02138782-print,02138782,02138782,ih00430500,ih00430500,print_place,first,0,1,,,Leiden,Leiden,,,,,,,,,,001 F 017: 01-02,1494,1494,,,gw_extracted_year_range,,place_name_not_yet_geocoded,edition_level_print_statement,GW,13432,https://gesamtkatalogderwiegendrucke.de/docs/GW13432.htm,data/derived/prayer-book-corpus.csv,Printing statement shared by copies of the edition.
02138782-p001-loc01,02138782,02138782,ih00430500,ih00430500,provenance_place,intermediate,1,1,02138782-p001,02138782-p001-loc01,Gemeente Den Haag,The Hague,Gemeente Den Haag,GeoNames,2747372,https://www.geonames.org/2747372,52.06866,4.28635,The Netherlands,,,001 F 017: 01-02,,,,,undated,,coordinates_supplied,copy_level_provenance_place,MEI,02138782-p001,https://data.cerl.org/mei/02138782,data/expanded/mei-corpus.json,
02138782-p002-loc01,02138782,02138782,ih00430500,ih00430500,provenance_place,intermediate,2,1,02138782-p002,02138782-p002-loc01,Gemeente Den Haag,The Hague,Gemeente Den Haag,GeoNames,2747372,https://www.geonames.org/2747372,52.06866,4.28635,The Netherlands,,,001 F 017: 01-02,,,,,undated,,coordinates_supplied,copy_level_provenance_place,MEI,02138782-p002,https://data.cerl.org/mei/02138782,data/expanded/mei-corpus.json,
02138782-current,02138782,02138782,ih00430500,ih00430500,current_holding,last,3,1,,,"Den Haag, Huis van het Boek ",,,,,,,,NL,TheHagueMMW,"Den Haag, Huis van het Boek ",001 F 017: 01-02,,,,2026-09-23,current_observation_only,,holding_institution_not_yet_geocoded,current_holding_statement,MEI,02138782,https://data.cerl.org/mei/02138782,data/expanded/mei-corpus.json,Observed as the current holding institution; no arrival date is inferred.
02100561-print,02100561,02100561,ih00430500,ih00430500,print_place,first,0,1,,,Leiden,Leiden,,,,,,,,,,KW 150 G 4 [1],1494,1494,,,gw_extracted_year_range,,place_name_not_yet_geocoded,edition_level_print_statement,GW,13432,https://gesamtkatalogderwiegendrucke.de/docs/GW13432.htm,data/derived/prayer-book-corpus.csv,Printing statement shared by copies of the edition.
02100561-p003-loc01,02100561,02100561,ih00430500,ih00430500,provenance_place,intermediate,3,1,02100561-p003,02100561-p003-loc01,Amsterdam,Amsterdam,Amsterdam,GeoNames,2759794,https://www.geonames.org/2759794,52.37403,4.88969,The Netherlands,,,KW 150 G 4 [1],1770,1832,18 | 19,,mei_timeperiod,a,coordinates_supplied,copy_level_provenance_place,MEI,02100561-p003,https://data.cerl.org/mei/02100561,data/expanded/mei-corpus.json,
02100561-p004-loc01,02100561,02100561,ih00430500,ih00430500,provenance_place,intermediate,4,1,02100561-p004,02100561-p004-loc01,The Hague,The Hague,The Hague,GeoNames,2747373,https://www.geonames.org/2747373,52.07667,4.29861,The Netherlands,,,KW 150 G 4 [1],,1882,15 | 16 | 17 | 18 | 19,1884,mei_timeperiod,a,coordinates_supplied,copy_level_provenance_place,MEI,02100561-p004,https://data.cerl.org/mei/02100561,data/expanded/mei-corpus.json,
02100561-p005-loc01,02100561,02100561,ih00430500,ih00430500,provenance_place,intermediate,5,1,02100561-p005,02100561-p005-loc01,The Hague,Den Haag,The Hague,GeoNames,2747373,https://www.geonames.org/2747373,52.07667,4.29861,The Netherlands,,,KW 150 G 4 [1],1884,,19,,mei_timeperiod,a,coordinates_supplied,copy_level_provenance_place,MEI,02100561-p005,https://data.cerl.org/mei/02100561,data/expanded/mei-corpus.json,
02100561-current,02100561,02100561,ih00430500,ih00430500,current_holding,last,6,1,,,"Den Haag, Koninklijke Bibliotheek - Nationale Bibliotheek van Nederland",,,,,,,,NL,NLKB,"Den Haag, Koninklijke Bibliotheek - Nationale Bibliotheek van Nederland",KW 150 G 4 [1],,,,2026-09-30,current_observation_only,,holding_institution_not_yet_geocoded,current_holding_statement,MEI,02100561,https://data.cerl.org/mei/02100561,data/expanded/mei-corpus.json,Observed as the current holding institution; no arrival date is inferred.
02138783-print,02138783,02138783,ih00430600,ih00430600,print_place,first,0,1,,,Leiden,Leiden,,,,,,,,,,001 F 017: 03,1494,1494,,,gw_extracted_year_range,,place_name_not_yet_geocoded,edition_level_print_statement,GW,13432,https://gesamtkatalogderwiegendrucke.de/docs/GW13432.htm,data/derived/prayer-book-corpus.csv,Printing statement shared by copies of the edition.
02138783-p001-loc01,02138783,02138783,ih00430600,ih00430600,provenance_place,intermediate,1,1,02138783-p001,02138783-p001-loc01,Gemeente Den Haag,The Hague,Gemeente Den Haag,GeoNames,2747372,https://www.geonames.org/2747372,52.06866,4.28635,The Netherlands,,,001 F 017: 03,,,,,undated,,coordinates_supplied,copy_level_provenance_place,MEI,02138783-p001,https://data.cerl.org/mei/02138783,data/expanded/mei-corpus.json,
02138783-p002-loc01,02138783,02138783,ih00430600,ih00430600,provenance_place,intermediate,2,1,02138783-p002,02138783-p002-loc01,Gemeente Den Haag,The Hague,Gemeente Den Haag,GeoNames,2747372,https://www.geonames.org/2747372,52.06866,4.28635,The Netherlands,,,001 F 017: 03,,,,,undated,,coordinates_supplied,copy_level_provenance_place,MEI,02138783-p002,https://data.cerl.org/mei/02138783,data/expanded/mei-corpus.json,
02138783-current,02138783,02138783,ih00430600,ih00430600,current_holding,last,3,1,,,"Den Haag, Huis van het Boek ",,,,,,,,NL,TheHagueMMW,"Den Haag, Huis van het Boek ",001 F 017: 03,,,,2026-09-30,current_observation_only,,holding_institution_not_yet_geocoded,current_holding_statement,MEI,02138783,https://data.cerl.org/mei/02138783,data/expanded/mei-corpus.json,Observed as the current holding institution; no arrival date is inferred.
02100475-print,02100475,02100475,ih00430600,ih00430600,print_place,first,0,1,,,Leiden,Leiden,,,,,,,,,,KW 150 G 4 [2],1494,1494,,,gw_extracted_year_range,,place_name_not_yet_geocoded,edition_level_print_statement,GW,13432,https://gesamtkatalogderwiegendrucke.de/docs/GW13432.htm,data/derived/prayer-book-corpus.csv,Printing statement shared by copies of the edition.
02100475-p003-loc01,02100475,02100475,ih00430600,ih00430600,provenance_place,intermediate,3,1,02100475-p003,02100475-p003-loc01,Amsterdam,Amsterdam,Amsterdam,GeoNames,2759794,https://www.geonames.org/2759794,52.37403,4.88969,The Netherlands,,,KW 150 G 4 [2],,1832,15 | 16 | 17 | 18 | 19,,mei_timeperiod,a,coordinates_supplied,copy_level_provenance_place,MEI,02100475-p003,https://data.cerl.org/mei/02100475,data/expanded/mei-corpus.json,
02100475-p004-loc01,02100475,02100475,ih00430600,ih00430600,provenance_place,intermediate,4,1,02100475-p004,02100475-p004-loc01,The Hague,The Hague,The Hague,GeoNames,2747373,https://www.geonames.org/2747373,52.07667,4.29861,The Netherlands,,,KW 150 G 4 [2],,1884,15 | 16 | 17 | 18 | 19,,mei_timeperiod,a,coordinates_supplied,copy_level_provenance_place,MEI,02100475-p004,https://data.cerl.org/mei/02100475,data/expanded/mei-corpus.json,
02100475-p005-loc01,02100475,02100475,ih00430600,ih00430600,provenance_place,intermediate,5,1,02100475-p005,02100475-p005-loc01,The Hague,Den Haag,The Hague,GeoNames,2747373,https://www.geonames.org/2747373,52.07667,4.29861,The Netherlands,,,KW 150 G 4 [2],1884,,19,,mei_timeperiod,a,coordinates_supplied,copy_level_provenance_place,MEI,02100475-p005,https://data.cerl.org/mei/02100475,data/expanded/mei-corpus.json,
02100475-current,02100475,02100475,ih00430600,ih00430600,current_holding,last,6,1,,,"Den Haag, Koninklijke Bibliotheek - Nationale Bibliotheek van Nederland",,,,,,,,NL,NLKB,"Den Haag, Koninklijke Bibliotheek - Nationale Bibliotheek van Nederland",KW 150 G 4 [2],,,,2026-09-30,current_observation_only,,holding_institution_not_yet_geocoded,current_holding_statement,MEI,02100475,https://data.cerl.org/mei/02100475,data/expanded/mei-corpus.json,Observed as the current holding institution; no arrival date is inferred.
02100474-print,02100474,02100474,ih00431000,ih00431000,print_place,first,0,1,,,Antwerpen,Antwerpen,,,,,,,,,,KW 150 F 33,1495,1495,,,gw_extracted_year_range,,place_name_not_yet_geocoded,edition_level_print_statement,GW,13421,https://gesamtkatalogderwiegendrucke.de/docs/GW13421.htm,data/derived/prayer-book-corpus.csv,Printing statement shared by copies of the edition.
02100474-p003-loc01,02100474,02100474,ih00431000,ih00431000,provenance_place,intermediate,3,1,02100474-p003,02100474-p003-loc01,The Hague,Den Haag,The Hague,GeoNames,2747373,https://www.geonames.org/2747373,52.07667,4.29861,The Netherlands,,,KW 150 F 33,,1804,15 | 16 | 17 | 18 | 19,,mei_timeperiod,a,coordinates_supplied,copy_level_provenance_place,MEI,02100474-p003,https://data.cerl.org/mei/02100474,data/expanded/mei-corpus.json,
02100474-p004-loc01,02100474,02100474,ih00431000,ih00431000,provenance_place,intermediate,4,1,02100474-p004,02100474-p004-loc01,The Hague,Den Haag,The Hague,GeoNames,2747373,https://www.geonames.org/2747373,52.07667,4.29861,The Netherlands,,,KW 150 F 33,1809,,19,1809,mei_timeperiod,a,coordinates_supplied,copy_level_provenance_place,MEI,02100474-p004,https://data.cerl.org/mei/02100474,data/expanded/mei-corpus.json,
02100474-current,02100474,02100474,ih00431000,ih00431000,current_holding,last,5,1,,,"Den Haag, Koninklijke Bibliotheek - Nationale Bibliotheek van Nederland",,,,,,,,NL,NLKB,"Den Haag, Koninklijke Bibliotheek - Nationale Bibliotheek van Nederland",KW 150 F 33,,,,2026-09-30,current_observation_only,,holding_institution_not_yet_geocoded,current_holding_statement,MEI,02100474,https://data.cerl.org/mei/02100474,data/expanded/mei-corpus.json,Observed as the current holding institution; no arrival date is inferred.
02100488-print,02100488,02100488,ih00431100,ih00431100,print_place,first,0,1,,,Antwerpen,Antwerpen,,,,,,,,,,KW 150 F 27,1495,1495,,,gw_extracted_year_range,,place_name_not_yet_geocoded,edition_level_print_statement,GW,13420,https://gesamtkatalogderwiegendrucke.de/docs/GW13420.htm,data/derived/prayer-book-corpus.csv,Printing statement shared by copies of the edition.
02100488-p003-loc01,02100488,02100488,ih00431100,ih00431100,provenance_place,intermediate,3,1,02100488-p003,02100488-p003-loc01,Brussels,Brussels,Brussels,GeoNames,2800866,https://www.geonames.org/2800866,50.85045,4.34878,Belgium,,,KW 150 F 27,,1873,15 | 16 | 17 | 18 | 19,,mei_timeperiod,a,coordinates_supplied,copy_level_provenance_place,MEI,02100488-p003,https://data.cerl.org/mei/02100488,data/expanded/mei-corpus.json,
02100488-p004-loc01,02100488,02100488,ih00431100,ih00431100,provenance_place,intermediate,4,1,02100488-p004,02100488-p004-loc01,The Hague,Den Haag,The Hague,GeoNames,2747373,https://www.geonames.org/2747373,52.07667,4.29861,The Netherlands,,,KW 150 F 27,1873,,19,1873,mei_timeperiod,a,coordinates_supplied,copy_level_provenance_place,MEI,02100488-p004,https://data.cerl.org/mei/02100488,data/expanded/mei-corpus.json,
02100488-current,02100488,02100488,ih00431100,ih00431100,current_holding,last,5,1,,,"Den Haag, Koninklijke Bibliotheek - Nationale Bibliotheek van Nederland",,,,,,,,NL,NLKB,"Den Haag, Koninklijke Bibliotheek - Nationale Bibliotheek van Nederland",KW 150 F 27,,,,2026-09-30,current_observation_only,,holding_institution_not_yet_geocoded,current_holding_statement,MEI,02100488,https://data.cerl.org/mei/02100488,data/expanded/mei-corpus.json,Observed as the current holding institution; no arrival date is inferred.
02100411-print,02100411,02100411,ih00431200,ih00431200,print_place,first,0,1,,,Schoonhoven,Schoonhoven,,,,,,,,,,KW 150 G 10 [1],1496,1496,,,gw_extracted_year_range,,place_name_not_yet_geocoded,edition_level_print_statement,GW,13437,https://gesamtkatalogderwiegendrucke.de/docs/GW13437.htm,data/derived/prayer-book-corpus.csv,Printing statement shared by copies of the edition.
02100411-p004-loc01,02100411,02100411,ih00431200,ih00431200,provenance_place,intermediate,4,1,02100411-p004,02100411-p004-loc01,Rotterdam,Rotterdam,Rotterdam,GeoNames,2747891,https://www.geonames.org/2747891,51.9225,4.47917,The Netherlands,,,KW 150 G 10 [1],,1876,15 | 16 | 17 | 18 | 19,,mei_timeperiod,a,coordinates_supplied,copy_level_provenance_place,MEI,02100411-p004,https://data.cerl.org/mei/02100411,data/expanded/mei-corpus.json,
02100411-p005-loc01,02100411,02100411,ih00431200,ih00431200,provenance_place,intermediate,5,1,02100411-p005,02100411-p005-loc01,The Hague,Den Haag,The Hague,GeoNames,2747373,https://www.geonames.org/2747373,52.07667,4.29861,The Netherlands,,,KW 150 G 10 [1],1876,,19,"1876, July 24th",mei_timeperiod,a,coordinates_supplied,copy_level_provenance_place,MEI,02100411-p005,https://data.cerl.org/mei/02100411,data/expanded/mei-corpus.json,
02100411-current,02100411,02100411,ih00431200,ih00431200,current_holding,last,6,1,,,"Den Haag, Koninklijke Bibliotheek - Nationale Bibliotheek van Nederland",,,,,,,,NL,NLKB,"Den Haag, Koninklijke Bibliotheek - Nationale Bibliotheek van Nederland",KW 150 G 10 [1],,,,2026-09-30,current_observation_only,,holding_institution_not_yet_geocoded,current_holding_statement,MEI,02100411,https://data.cerl.org/mei/02100411,data/expanded/mei-corpus.json,Observed as the current holding institution; no arrival date is inferred.
02100322-print,02100322,02100322,ih00431300,ih00431300,print_place,first,0,1,,,Leiden,Leiden,,,,,,,,,,KW 150 G 5,1497,1497,,,gw_extracted_year_range,,place_name_not_yet_geocoded,edition_level_print_statement,GW,13433,https://gesamtkatalogderwiegendrucke.de/docs/GW13433.htm,data/derived/prayer-book-corpus.csv,Printing statement shared by copies of the edition.
02100322-p003-loc01,02100322,02100322,ih00431300,ih00431300,provenance_place,intermediate,3,1,02100322-p003,02100322-p003-loc01,Dresden,Dresden,Dresden,GeoNames,2935022,https://www.geonames.org/2935022,51.05089,13.73832,Germany,,,KW 150 G 5,,1886,15 | 16 | 17 | 18 | 19,,mei_timeperiod,a,coordinates_supplied,copy_level_provenance_place,MEI,02100322-p003,https://data.cerl.org/mei/02100322,data/expanded/mei-corpus.json,
02100322-p004-loc01,02100322,02100322,ih00431300,ih00431300,provenance_place,intermediate,4,1,02100322-p004,02100322-p004-loc01,The Hague,Den Haag,The Hague,GeoNames,2747373,https://www.geonames.org/2747373,52.07667,4.29861,The Netherlands,,,KW 150 G 5,1889,,19,,mei_timeperiod,a,coordinates_supplied,copy_level_provenance_place,MEI,02100322-p004,https://data.cerl.org/mei/02100322,data/expanded/mei-corpus.json,
02100322-current,02100322,02100322,ih00431300,ih00431300,current_holding,last,5,1,,,"Den Haag, Koninklijke Bibliotheek - Nationale Bibliotheek van Nederland",,,,,,,,NL,NLKB,"Den Haag, Koninklijke Bibliotheek - Nationale Bibliotheek van Nederland",KW 150 G 5,,,,2026-09-30,current_observation_only,,holding_institution_not_yet_geocoded,current_holding_statement,MEI,02100322,https://data.cerl.org/mei/02100322,data/expanded/mei-corpus.json,Observed as the current holding institution; no arrival date is inferred.
00560462-print,00560462,00560462,ih00431400,ih00431400,print_place,first,0,1,,,Schoonhoven,Schoonhoven,,,,,,,,,,Inc.6.E.13.1[3133],1498,1498,,,gw_extracted_year_range,,place_name_not_yet_geocoded,edition_level_print_statement,GW,13438,https://gesamtkatalogderwiegendrucke.de/docs/GW13438.htm,data/derived/prayer-book-corpus.csv,Printing statement shared by copies of the edition.
00560462-p003-loc01,00560462,00560462,ih00431400,ih00431400,provenance_place,intermediate,3,1,00560462-p003,00560462-p003-loc01,Cambridge,Cambridge,Cambridge,GeoNames,2653941,https://www.geonames.org/2653941,52.2,0.11667,United Kingdom,,,Inc.6.E.13.1[3133],,,,,undated,a,coordinates_supplied,copy_level_provenance_place,MEI,00560462-p003,https://data.cerl.org/mei/00560462,data/expanded/mei-corpus.json,
00560462-current,00560462,00560462,ih00431400,ih00431400,current_holding,last,4,1,,,"Cambridge, University Library",,,,,,,,GB,CambridgeUL,"Cambridge, University Library",Inc.6.E.13.1[3133],,,,2026-09-23,current_observation_only,,holding_institution_not_yet_geocoded,current_holding_statement,MEI,00560462,https://data.cerl.org/mei/00560462,data/expanded/mei-corpus.json,Observed as the current holding institution; no arrival date is inferred.
02100225-print,02100225,02100225,ih00431400,ih00431400,print_place,first,0,1,,,Schoonhoven,Schoonhoven,,,,,,,,,,KW 150 G 10 [2],1498,1498,,,gw_extracted_year_range,,place_name_not_yet_geocoded,edition_level_print_statement,GW,13438,https://gesamtkatalogderwiegendrucke.de/docs/GW13438.htm,data/derived/prayer-book-corpus.csv,Printing statement shared by copies of the edition.
02100225-p003-loc01,02100225,02100225,ih00431400,ih00431400,provenance_place,intermediate,3,1,02100225-p003,02100225-p003-loc01,Rotterdam,Rotterdam,Rotterdam,GeoNames,2747891,https://www.geonames.org/2747891,51.9225,4.47917,The Netherlands,,,KW 150 G 10 [2],,1876,15 | 16 | 17 | 18 | 19,,mei_timeperiod,a,coordinates_supplied,copy_level_provenance_place,MEI,02100225-p003,https://data.cerl.org/mei/02100225,data/expanded/mei-corpus.json,
02100225-p004-loc01,02100225,02100225,ih00431400,ih00431400,provenance_place,intermediate,4,1,02100225-p004,02100225-p004-loc01,The Hague,Den Haag,The Hague,GeoNames,2747373,https://www.geonames.org/2747373,52.07667,4.29861,The Netherlands,,,KW 150 G 10 [2],1876,,19,"1876, July 24th",mei_timeperiod,a,coordinates_supplied,copy_level_provenance_place,MEI,02100225-p004,https://data.cerl.org/mei/02100225,data/expanded/mei-corpus.json,
02100225-current,02100225,02100225,ih00431400,ih00431400,current_holding,last,5,1,,,"Den Haag, Koninklijke Bibliotheek - Nationale Bibliotheek van Nederland",,,,,,,,NL,NLKB,"Den Haag, Koninklijke Bibliotheek - Nationale Bibliotheek van Nederland",KW 150 G 10 [2],,,,2026-09-30,current_observation_only,,holding_institution_not_yet_geocoded,current_holding_statement,MEI,02100225,https://data.cerl.org/mei/02100225,data/expanded/mei-corpus.json,Observed as the current holding institution; no arrival date is inferred.
02138784-print,02138784,02138784,ih00431400,ih00431400,print_place,first,0,1,,,Schoonhoven,Schoonhoven,,,,,,,,,,001 F 028,1498,1498,,,gw_extracted_year_range,,place_name_not_yet_geocoded,edition_level_print_statement,GW,13438,https://gesamtkatalogderwiegendrucke.de/docs/GW13438.htm,data/derived/prayer-book-corpus.csv,Printing statement shared by copies of the edition.
02138784-p001-loc01,02138784,02138784,ih00431400,ih00431400,provenance_place,intermediate,1,1,02138784-p001,02138784-p001-loc01,Gemeente Den Haag,The Hague,Gemeente Den Haag,GeoNames,2747372,https://www.geonames.org/2747372,52.06866,4.28635,The Netherlands,,,001 F 028,,,,,undated,,coordinates_supplied,copy_level_provenance_place,MEI,02138784-p001,https://data.cerl.org/mei/02138784,data/expanded/mei-corpus.json,
02138784-p002-loc01,02138784,02138784,ih00431400,ih00431400,provenance_place,intermediate,2,1,02138784-p002,02138784-p002-loc01,Gemeente Den Haag,The Hague,Gemeente Den Haag,GeoNames,2747372,https://www.geonames.org/2747372,52.06866,4.28635,The Netherlands,,,001 F 028,,,,,undated,,coordinates_supplied,copy_level_provenance_place,MEI,02138784-p002,https://data.cerl.org/mei/02138784,data/expanded/mei-corpus.json,
02138784-current,02138784,02138784,ih00431400,ih00431400,current_holding,last,3,1,,,"Den Haag, Huis van het Boek ",,,,,,,,NL,TheHagueMMW,"Den Haag, Huis van het Boek ",001 F 028,,,,2026-09-23,current_observation_only,,holding_institution_not_yet_geocoded,current_holding_statement,MEI,02138784,https://data.cerl.org/mei/02138784,data/expanded/mei-corpus.json,Observed as the current holding institution; no arrival date is inferred.
02138785-print,02138785,02138785,ih00431400,ih00431400,print_place,first,0,1,,,Schoonhoven,Schoonhoven,,,,,,,,,,001 F 021,1498,1498,,,gw_extracted_year_range,,place_name_not_yet_geocoded,edition_level_print_statement,GW,13438,https://gesamtkatalogderwiegendrucke.de/docs/GW13438.htm,data/derived/prayer-book-corpus.csv,Printing statement shared by copies of the edition.
02138785-p001-loc01,02138785,02138785,ih00431400,ih00431400,provenance_place,intermediate,1,1,02138785-p001,02138785-p001-loc01,Gemeente Den Haag,The Hague,Gemeente Den Haag,GeoNames,2747372,https://www.geonames.org/2747372,52.06866,4.28635,The Netherlands,,,001 F 021,,,,,undated,,coordinates_supplied,copy_level_provenance_place,MEI,02138785-p001,https://data.cerl.org/mei/02138785,data/expanded/mei-corpus.json,
02138785-p002-loc01,02138785,02138785,ih00431400,ih00431400,provenance_place,intermediate,2,1,02138785-p002,02138785-p002-loc01,Gemeente Den Haag,The Hague,Gemeente Den Haag,GeoNames,2747372,https://www.geonames.org/2747372,52.06866,4.28635,The Netherlands,,,001 F 021,,,,,undated,,coordinates_supplied,copy_level_provenance_place,MEI,02138785-p002,https://data.cerl.org/mei/02138785,data/expanded/mei-corpus.json,
02138785-current,02138785,02138785,ih00431400,ih00431400,current_holding,last,3,1,,,"Den Haag, Huis van het Boek ",,,,,,,,NL,TheHagueMMW,"Den Haag, Huis van het Boek ",001 F 021,,,,2026-09-23,current_observation_only,,holding_institution_not_yet_geocoded,current_holding_statement,MEI,02138785,https://data.cerl.org/mei/02138785,data/expanded/mei-corpus.json,Observed as the current holding institution; no arrival date is inferred.
00205571-print,00205571,00205571,ih00432500,ih00432500,print_place,first,0,1,,,Leiden,Leiden,,,,,,,,,,Douce 3.,1498,1498,,,gw_extracted_year_range,,place_name_not_yet_geocoded,edition_level_print_statement,GW,13434,https://gesamtkatalogderwiegendrucke.de/docs/GW13434.htm,data/derived/prayer-book-corpus.csv,Printing statement shared by copies of the edition.
00205571-p001-loc01,00205571,00205571,ih00432500,ih00432500,provenance_place,intermediate,1,1,00205571-p001,00205571-p001-loc01,London,London,London,GeoNames,2643743,https://www.geonames.org/2643743,51.50853,-0.12574,United Kingdom,,,Douce 3.,1701,1900,18 | 19,,mei_timeperiod,,coordinates_supplied,copy_level_provenance_place,MEI,00205571-p001,https://data.cerl.org/mei/00205571,data/expanded/mei-corpus.json,
00205571-p002-loc01,00205571,00205571,ih00432500,ih00432500,provenance_place,intermediate,2,1,00205571-p002,00205571-p002-loc01,Oxford,Oxford,Oxford,GeoNames,2640729,https://www.geonames.org/2640729,51.75222,-1.25596,United Kingdom,,,Douce 3.,,,,,undated,,coordinates_supplied,copy_level_provenance_place,MEI,00205571-p002,https://data.cerl.org/mei/00205571,data/expanded/mei-corpus.json,
00205571-current,00205571,00205571,ih00432500,ih00432500,current_holding,last,3,1,,,"Oxford, Bodleian Library",,,,,,,,GB,OxfordBodley,"Oxford, Bodleian Library",Douce 3.,,,,2026-09-30,current_observation_only,,holding_institution_not_yet_geocoded,current_holding_statement,MEI,00205571,https://data.cerl.org/mei/00205571,data/expanded/mei-corpus.json,Observed as the current holding institution; no arrival date is inferred.
02100039-print,02100039,02100039,ih00432800,ih00432800,print_place,first,0,1,,,Paris,Paris,,,,,,,,,,KW 150 E 7,1500,1501,,,gw_extracted_year_range,,place_name_not_yet_geocoded,edition_level_print_statement,GW,13171,https://gesamtkatalogderwiegendrucke.de/docs/GW13171.htm,data/derived/prayer-book-corpus.csv,Printing statement shared by copies of the edition.
02100039-p003-loc01,02100039,02100039,ih00432800,ih00432800,provenance_place,intermediate,3,1,02100039-p003,02100039-p003-loc01,The Hague,Den Haag,The Hague,GeoNames,2747373,https://www.geonames.org/2747373,52.07667,4.29861,The Netherlands,,,KW 150 E 7,1829,,19,1829,mei_timeperiod,a,coordinates_supplied,copy_level_provenance_place,MEI,02100039-p003,https://data.cerl.org/mei/02100039,data/expanded/mei-corpus.json,
02100039-current,02100039,02100039,ih00432800,ih00432800,current_holding,last,4,1,,,"Den Haag, Koninklijke Bibliotheek - Nationale Bibliotheek van Nederland",,,,,,,,NL,NLKB,"Den Haag, Koninklijke Bibliotheek - Nationale Bibliotheek van Nederland",KW 150 E 7,,,,2026-09-30,current_observation_only,,holding_institution_not_yet_geocoded,current_holding_statement,MEI,02100039,https://data.cerl.org/mei/02100039,data/expanded/mei-corpus.json,Observed as the current holding institution; no arrival date is inferred.
02100049-print,02100049,02100049,ih00433000,ih00433000,print_place,first,0,1,,,Paris,Paris,,,,,,,,,,KW 172 C 21,1500,1500,,,gw_extracted_year_range,,place_name_not_yet_geocoded,edition_level_print_statement,GW,13086,https://gesamtkatalogderwiegendrucke.de/docs/GW13086.htm,data/derived/prayer-book-corpus.csv,Printing statement shared by copies of the edition.
02100049-p003-loc01,02100049,02100049,ih00433000,ih00433000,provenance_place,intermediate,3,1,02100049-p003,02100049-p003-loc01,Grunewald,Grunewald,Grunewald,GeoNames,2914210,https://www.geonames.org/2914210,52.48338,13.26586,Germany,,,KW 172 C 21,,2008,15 | 16 | 17 | 18 | 19 | 20 | 21,2008,mei_timeperiod,a,coordinates_supplied,copy_level_provenance_place,MEI,02100049-p003,https://data.cerl.org/mei/02100049,data/expanded/mei-corpus.json,
02100049-p004-loc01,02100049,02100049,ih00433000,ih00433000,provenance_place,intermediate,4,1,02100049-p004,02100049-p004-loc01,The Hague,Den Haag,The Hague,GeoNames,2747373,https://www.geonames.org/2747373,52.07667,4.29861,The Netherlands,,,KW 172 C 21,2008,,21,,mei_timeperiod,a,coordinates_supplied,copy_level_provenance_place,MEI,02100049-p004,https://data.cerl.org/mei/02100049,data/expanded/mei-corpus.json,
02100049-current,02100049,02100049,ih00433000,ih00433000,current_holding,last,5,1,,,"Den Haag, Koninklijke Bibliotheek - Nationale Bibliotheek van Nederland",,,,,,,,NL,NLKB,"Den Haag, Koninklijke Bibliotheek - Nationale Bibliotheek van Nederland",KW 172 C 21,,,,2026-09-30,current_observation_only,,holding_institution_not_yet_geocoded,current_holding_statement,MEI,02100049,https://data.cerl.org/mei/02100049,data/expanded/mei-corpus.json,Observed as the current holding institution; no arrival date is inferred.
02147380-print,02147380,02147380,ih00433000,ih00433000,print_place,first,0,1,,,Paris,Paris,,,,,,,,,,INC A 2188,1500,1500,,,gw_extracted_year_range,,place_name_not_yet_geocoded,edition_level_print_statement,GW,13086,https://gesamtkatalogderwiegendrucke.de/docs/GW13086.htm,data/derived/prayer-book-corpus.csv,Printing statement shared by copies of the edition.
02147380-p001-loc01,02147380,02147380,ih00433000,ih00433000,provenance_place,intermediate,1,1,02147380-p001,02147380-p001-loc01,Ghent,"Serrure, Constant Philippe",Ghent,GeoNames, 2797656,https://www.geonames.org/ 2797656,51.05,3.71667,Belgium,,,INC A 2188,,1871,15 | 16 | 17 | 18 | 19,,mei_timeperiod,a,coordinates_supplied,copy_level_provenance_place,MEI,02147380-p001,https://data.cerl.org/mei/02147380,data/expanded/mei-corpus.json,
02147380-p002-loc01,02147380,02147380,ih00433000,ih00433000,provenance_place,intermediate,2,1,02147380-p002,02147380-p002-loc01,Brussels,Brussels,Brussels,GeoNames,2800866,https://www.geonames.org/2800866,50.85045,4.34878,Belgium,,,INC A 2188,1862,,19,,mei_timeperiod,a,coordinates_supplied,copy_level_provenance_place,MEI,02147380-p002,https://data.cerl.org/mei/02147380,data/expanded/mei-corpus.json,
02147380-p003-loc01,02147380,02147380,ih00433000,ih00433000,provenance_place,intermediate,3,1,02147380-p003,02147380-p003-loc01,New York,,New York,GeoNames,5128581,https://www.geonames.org/5128581,40.71427,-74.00597,United States,,,INC A 2188,1955,1960,20,,mei_timeperiod,a,coordinates_supplied,copy_level_provenance_place,MEI,02147380-p003,https://data.cerl.org/mei/02147380,data/expanded/mei-corpus.json,
02147380-p004-loc01,02147380,02147380,ih00433000,ih00433000,provenance_place,intermediate,4,1,02147380-p004,02147380-p004-loc01,Brussels,Brussels,Brussels,GeoNames,2800866,https://www.geonames.org/2800866,50.85045,4.34878,Belgium,,,INC A 2188,1960,,20,,mei_timeperiod,a,coordinates_supplied,copy_level_provenance_place,MEI,02147380-p004,https://data.cerl.org/mei/02147380,data/expanded/mei-corpus.json,
02147380-current,02147380,02147380,ih00433000,ih00433000,current_holding,last,5,1,,,"Bruxelles, Bibliothèque royale de Belgique",,,,,,,,BE,BrusselKBR,"Bruxelles, Bibliothèque royale de Belgique",INC A 2188,,,,2026-09-30,current_observation_only,,holding_institution_not_yet_geocoded,current_holding_statement,MEI,02147380,https://data.cerl.org/mei/02147380,data/expanded/mei-corpus.json,Observed as the current holding institution; no arrival date is inferred.
00560464-print,00560464,00560464,ih00433400,ih00433400,print_place,first,0,1,,,Kirchheim,Kirchheim,,,,,,,,,,Inc.6.A.41.1[4565],1491,1491,,,gw_extracted_year_range,,place_name_not_yet_geocoded,edition_level_print_statement,GW,12984,https://gesamtkatalogderwiegendrucke.de/docs/GW12984.htm,data/derived/prayer-book-corpus.csv,Printing statement shared by copies of the edition.
00560464-p003-loc01,00560464,00560464,ih00433400,ih00433400,provenance_place,intermediate,3,1,00560464-p003,00560464-p003-loc01,Cambridge,Cambridge,Cambridge,GeoNames,2653941,https://www.geonames.org/2653941,52.2,0.11667,United Kingdom,,,Inc.6.A.41.1[4565],,,,,undated,a,coordinates_supplied,copy_level_provenance_place,MEI,00560464-p003,https://data.cerl.org/mei/00560464,data/expanded/mei-corpus.json,
00560464-current,00560464,00560464,ih00433400,ih00433400,current_holding,last,4,1,,,"Cambridge, University Library",,,,,,,,GB,CambridgeUL,"Cambridge, University Library",Inc.6.A.41.1[4565],,,,2026-09-30,current_observation_only,,holding_institution_not_yet_geocoded,current_holding_statement,MEI,00560464,https://data.cerl.org/mei/00560464,data/expanded/mei-corpus.json,Observed as the current holding institution; no arrival date is inferred.
00211773-print,00211773,00211773,ih00433500,ih00433500,print_place,first,0,1,,,Nürnberg,Nürnberg,,,,,,,,,,Inc. b. G97.1(22).,1495,1495,,,gw_extracted_year_range,,place_name_not_yet_geocoded,edition_level_print_statement,GW,12986,https://gesamtkatalogderwiegendrucke.de/docs/GW12986.htm,data/derived/prayer-book-corpus.csv,Printing statement shared by copies of the edition.
00211773-p002-loc01,00211773,00211773,ih00433500,ih00433500,provenance_place,intermediate,2,1,00211773-p002,00211773-p002-loc01,Oxford,Oxford,Oxford,GeoNames,2640729,https://www.geonames.org/2640729,51.75222,-1.25596,United Kingdom,,,Inc. b. G97.1(22).,,,,,undated,,coordinates_supplied,copy_level_provenance_place,MEI,00211773-p002,https://data.cerl.org/mei/00211773,data/expanded/mei-corpus.json,
00211773-current,00211773,00211773,ih00433500,ih00433500,current_holding,last,3,1,,,"Oxford, Bodleian Library",,,,,,,,GB,OxfordBodley,"Oxford, Bodleian Library",Inc. b. G97.1(22).,,,,2026-09-30,current_observation_only,,holding_institution_not_yet_geocoded,current_holding_statement,MEI,00211773,https://data.cerl.org/mei/00211773,data/expanded/mei-corpus.json,Observed as the current holding institution; no arrival date is inferred.
00560465-print,00560465,00560465,ih00437000,ih00437000,print_place,first,0,1,,,Schoonhoven,Schoonhoven,,,,,,,,,,Inc.6.E.13.1[3136],1500,1500,,,gw_extracted_year_range,,place_name_not_yet_geocoded,edition_level_print_statement,GW,13415,https://gesamtkatalogderwiegendrucke.de/docs/GW13415.htm,data/derived/prayer-book-corpus.csv,Printing statement shared by copies of the edition.
00560465-p002-loc01,00560465,00560465,ih00437000,ih00437000,provenance_place,intermediate,2,1,00560465-p002,00560465-p002-loc01,Cambridge,Cambridge,Cambridge,GeoNames,2653941,https://www.geonames.org/2653941,52.2,0.11667,United Kingdom,,,Inc.6.E.13.1[3136],,,,,undated,a,coordinates_supplied,copy_level_provenance_place,MEI,00560465-p002,https://data.cerl.org/mei/00560465,data/expanded/mei-corpus.json,
00560465-current,00560465,00560465,ih00437000,ih00437000,current_holding,last,3,1,,,"Cambridge, University Library",,,,,,,,GB,CambridgeUL,"Cambridge, University Library",Inc.6.E.13.1[3136],,,,2026-09-30,current_observation_only,,holding_institution_not_yet_geocoded,current_holding_statement,MEI,00560465,https://data.cerl.org/mei/00560465,data/expanded/mei-corpus.json,Observed as the current holding institution; no arrival date is inferred.
02126520-print,02126520,02126520,ih00484300,ih00484300,print_place,first,0,1,,,Krakau,Krakau,,,,,,,,,,I-9,1491,1491,,,gw_extracted_year_range,,place_name_not_yet_geocoded,edition_level_print_statement,GW,13447,https://gesamtkatalogderwiegendrucke.de/docs/GW13447.htm,data/derived/prayer-book-corpus.csv,Printing statement shared by copies of the edition.
02126520-p002-loc01,02126520,02126520,ih00484300,ih00484300,provenance_place,intermediate,2,1,02126520-p002,02126520-p002-loc01,Zhirovichi,Zhyrovichy,Zhirovichi,GeoNames,618818,https://www.geonames.org/618818,53.0131,25.3443,Belarus,,,I-9,1758,1839,18 | 19,,mei_timeperiod,a,coordinates_supplied,copy_level_provenance_place,MEI,02126520-p002,https://data.cerl.org/mei/02126520,data/expanded/mei-corpus.json,
02126520-p003-loc01,02126520,02126520,ih00484300,ih00484300,provenance_place,intermediate,3,1,02126520-p003,02126520-p003-loc01,Vilnius,Vilnius,Vilnius,GeoNames,593116,https://www.geonames.org/593116,54.68916,25.2798,Lithuania,,,I-9,1845,1939,19 | 20,,mei_timeperiod,a,coordinates_supplied,copy_level_provenance_place,MEI,02126520-p003,https://data.cerl.org/mei/02126520,data/expanded/mei-corpus.json,
02126520-p004-loc01,02126520,02126520,ih00484300,ih00484300,provenance_place,intermediate,4,1,02126520-p004,02126520-p004-loc01,Vilnius,Vilnius,Vilnius,GeoNames,593116,https://www.geonames.org/593116,54.68916,25.2798,Lithuania,,,I-9,1940,,20,,mei_timeperiod,a,coordinates_supplied,copy_level_provenance_place,MEI,02126520-p004,https://data.cerl.org/mei/02126520,data/expanded/mei-corpus.json,
02126520-current,02126520,02126520,ih00484300,ih00484300,current_holding,last,5,1,,,"Vilnius, Lietuvos mokslų akademijos Vrublevskių biblioteka",,,,,,,,LT,VilniusAcad,"Vilnius, Lietuvos mokslų akademijos Vrublevskių biblioteka",I-9,,,,2026-09-23,current_observation_only,,holding_institution_not_yet_geocoded,current_holding_statement,MEI,02126520,https://data.cerl.org/mei/02126520,data/expanded/mei-corpus.json,Observed as the current holding institution; no arrival date is inferred.
00207797-print,00207797,00207797,ih00485000,ih00485000,print_place,first,0,1,,,Strassburg,Strassburg,,,,,,,,,,Inc. f. G7.1498.1.,1498,1498,,,gw_extracted_year_range,,place_name_not_yet_geocoded,edition_level_print_statement,GW,12969,https://gesamtkatalogderwiegendrucke.de/docs/GW12969.htm,data/derived/prayer-book-corpus.csv,Printing statement shared by copies of the edition.
00207797-p006-loc01,00207797,00207797,ih00485000,ih00485000,provenance_place,intermediate,6,1,00207797-p006,00207797-p006-loc01,Oxford,Oxford,Oxford,GeoNames,2640729,https://www.geonames.org/2640729,51.75222,-1.25596,United Kingdom,,,Inc. f. G7.1498.1.,,,,,undated,,coordinates_supplied,copy_level_provenance_place,MEI,00207797-p006,https://data.cerl.org/mei/00207797,data/expanded/mei-corpus.json,
00207797-current,00207797,00207797,ih00485000,ih00485000,current_holding,last,7,1,,,"Oxford, Bodleian Library",,,,,,,,GB,OxfordBodley,"Oxford, Bodleian Library",Inc. f. G7.1498.1.,,,,2026-09-23,current_observation_only,,holding_institution_not_yet_geocoded,current_holding_statement,MEI,00207797,https://data.cerl.org/mei/00207797,data/expanded/mei-corpus.json,Observed as the current holding institution; no arrival date is inferred.
02008999-print,02008999,02008999,ih00485000,ih00485000,print_place,first,0,1,,,Strassburg,Strassburg,,,,,,,,,,Inc 760.5,1498,1498,,,gw_extracted_year_range,,place_name_not_yet_geocoded,edition_level_print_statement,GW,12969,https://gesamtkatalogderwiegendrucke.de/docs/GW12969.htm,data/derived/prayer-book-corpus.csv,Printing statement shared by copies of the edition.
02008999-p003-loc01,02008999,02008999,ih00485000,ih00485000,provenance_place,intermediate,3,1,02008999-p003,02008999-p003-loc01,Stockholm,Stockholm,Stockholm,GeoNames,2673730,https://www.geonames.org/2673730,59.32938,18.06871,Sweden,,,Inc 760.5,1901,1960,20,,mei_timeperiod,a,coordinates_supplied,copy_level_provenance_place,MEI,02008999-p003,https://data.cerl.org/mei/02008999,data/expanded/mei-corpus.json,
02008999-p004-loc01,02008999,02008999,ih00485000,ih00485000,provenance_place,intermediate,4,1,02008999-p004,02008999-p004-loc01,Cambridge,Cambridge,Cambridge,GeoNames,4931972,https://www.geonames.org/4931972,42.3751,-71.10561,United States,,,Inc 760.5,1951,,20,,mei_timeperiod,a,coordinates_supplied,copy_level_provenance_place,MEI,02008999-p004,https://data.cerl.org/mei/02008999,data/expanded/mei-corpus.json,
02008999-current,02008999,02008999,ih00485000,ih00485000,current_holding,last,5,1,,,"Cambridge MA, Harvard University, Houghton Library",,,,,,,,US,HarvardHoughton,"Cambridge MA, Harvard University, Houghton Library",Inc 760.5,,,,2026-09-23,current_observation_only,,holding_institution_not_yet_geocoded,current_holding_statement,MEI,02008999,https://data.cerl.org/mei/02008999,data/expanded/mei-corpus.json,Observed as the current holding institution; no arrival date is inferred.
02138788-print,02138788,02138788,ih00485200,ih00485200,print_place,first,0,1,,,Strassburg,Strassburg,,,,,,,,,,001 F 036,1500,1500,,,gw_extracted_year_range,,place_name_not_yet_geocoded,edition_level_print_statement,GW,12971,https://gesamtkatalogderwiegendrucke.de/docs/GW12971.htm,data/derived/prayer-book-corpus.csv,Printing statement shared by copies of the edition.
02138788-p001-loc01,02138788,02138788,ih00485200,ih00485200,provenance_place,intermediate,1,1,02138788-p001,02138788-p001-loc01,Gemeente Den Haag,The Hague,Gemeente Den Haag,GeoNames,2747372,https://www.geonames.org/2747372,52.06866,4.28635,The Netherlands,,,001 F 036,,,,,undated,,coordinates_supplied,copy_level_provenance_place,MEI,02138788-p001,https://data.cerl.org/mei/02138788,data/expanded/mei-corpus.json,
02138788-p002-loc01,02138788,02138788,ih00485200,ih00485200,provenance_place,intermediate,2,1,02138788-p002,02138788-p002-loc01,Gemeente Den Haag,The Hague,Gemeente Den Haag,GeoNames,2747372,https://www.geonames.org/2747372,52.06866,4.28635,The Netherlands,,,001 F 036,,,,,undated,,coordinates_supplied,copy_level_provenance_place,MEI,02138788-p002,https://data.cerl.org/mei/02138788,data/expanded/mei-corpus.json,
02138788-current,02138788,02138788,ih00485200,ih00485200,current_holding,last,3,1,,,"Den Haag, Huis van het Boek ",,,,,,,,NL,TheHagueMMW,"Den Haag, Huis van het Boek ",001 F 036,,,,2026-09-30,current_observation_only,,holding_institution_not_yet_geocoded,current_holding_statement,MEI,02138788,https://data.cerl.org/mei/02138788,data/expanded/mei-corpus.json,Observed as the current holding institution; no arrival date is inferred.
02120307-print,02120307,02120307,ih00485300,ih00485300,print_place,first,0,1,,,Strassburg,Strassburg,,,,,,,,,,Ink 14.H.22,1500,1500,,,gw_extracted_year_range,,place_name_not_yet_geocoded,edition_level_print_statement,GW,12972,https://gesamtkatalogderwiegendrucke.de/docs/GW12972.htm,data/derived/prayer-book-corpus.csv,Printing statement shared by copies of the edition.
02120307-p001-loc01,02120307,02120307,ih00485300,ih00485300,provenance_place,intermediate,1,1,02120307-p001,02120307-p001-loc01,Vienna,Vienna,Vienna,GeoNames,2761369,https://www.geonames.org/2761369,48.20849,16.37208,Austria,,,Ink 14.H.22,,,,,undated,a,coordinates_supplied,copy_level_provenance_place,MEI,02120307-p001,https://data.cerl.org/mei/02120307,data/expanded/mei-corpus.json,
02120307-current,02120307,02120307,ih00485300,ih00485300,current_holding,last,2,1,,,"Wien, Österreichische  Nationalbibliothek",,,,,,,,AT,WienONB,"Wien, Österreichische  Nationalbibliothek",Ink 14.H.22,,,,2026-09-30,current_observation_only,,holding_institution_not_yet_geocoded,current_holding_statement,MEI,02120307,https://data.cerl.org/mei/02120307,data/expanded/mei-corpus.json,Observed as the current holding institution; no arrival date is inferred.
02136286-print,02136286,02136286,ih00485300,ih00485300,print_place,first,0,1,,,Strassburg,Strassburg,,,,,,,,,,Gb 565,1500,1500,,,gw_extracted_year_range,,place_name_not_yet_geocoded,edition_level_print_statement,GW,12972,https://gesamtkatalogderwiegendrucke.de/docs/GW12972.htm,data/derived/prayer-book-corpus.csv,Printing statement shared by copies of the edition.
02136286-p002-loc01,02136286,02136286,ih00485300,ih00485300,provenance_place,intermediate,2,1,02136286-p002,02136286-p002-loc01,Tübingen,Tübingen,,,,,,,,,,Gb 565,,,,,undated,,name_only,copy_level_provenance_place,MEI,02136286-p002,https://data.cerl.org/mei/02136286,data/expanded/mei-corpus.json,
02136286-current,02136286,02136286,ih00485300,ih00485300,current_holding,last,3,1,,,"Tübingen, Universitätsbibliothek",,,,,,,,DE,TubingenUB,"Tübingen, Universitätsbibliothek",Gb 565,,,,2026-09-30,current_observation_only,,holding_institution_not_yet_geocoded,current_holding_statement,MEI,02136286,https://data.cerl.org/mei/02136286,data/expanded/mei-corpus.json,Observed as the current holding institution; no arrival date is inferred.
00561251-print,00561251,00561251,in00260000,in00260000,print_place,first,0,1,,,Zinna,Zinna,,,,,,,,,,Inc.5.A.48.1[1106],1493,1496,,,gw_extracted_year_range,,place_name_not_yet_geocoded,edition_level_print_statement,GW,M27158,https://gesamtkatalogderwiegendrucke.de/docs/M27158.htm,data/derived/prayer-book-corpus.csv,Printing statement shared by copies of the edition.
00561251-p004-loc01,00561251,00561251,in00260000,in00260000,provenance_place,intermediate,4,1,00561251-p004,00561251-p004-loc01,Cambridge,Cambridge,Cambridge,GeoNames,2653941,https://www.geonames.org/2653941,52.2,0.11667,United Kingdom,,,Inc.5.A.48.1[1106],,,,,undated,a,coordinates_supplied,copy_level_provenance_place,MEI,00561251-p004,https://data.cerl.org/mei/00561251,data/expanded/mei-corpus.json,
00561251-current,00561251,00561251,in00260000,in00260000,current_holding,last,5,1,,,"Cambridge, University Library",,,,,,,,GB,CambridgeUL,"Cambridge, University Library",Inc.5.A.48.1[1106],,,,2026-09-30,current_observation_only,,holding_institution_not_yet_geocoded,current_holding_statement,MEI,00561251,https://data.cerl.org/mei/00561251,data/expanded/mei-corpus.json,Observed as the current holding institution; no arrival date is inferred.
02116074-print,02116074,02116074,in00260000,in00260000,print_place,first,0,1,,,Zinna,Zinna,,,,,,,,,,Ink 5.H.65,1493,1496,,,gw_extracted_year_range,,place_name_not_yet_geocoded,edition_level_print_statement,GW,M27158,https://gesamtkatalogderwiegendrucke.de/docs/M27158.htm,data/derived/prayer-book-corpus.csv,Printing statement shared by copies of the edition.
02116074-p001-loc01,02116074,02116074,in00260000,in00260000,provenance_place,intermediate,1,1,02116074-p001,02116074-p001-loc01,Vienna,Vienna,Vienna,GeoNames,2761369,https://www.geonames.org/2761369,48.20849,16.37208,Austria,,,Ink 5.H.65,,,,,undated,a,coordinates_supplied,copy_level_provenance_place,MEI,02116074-p001,https://data.cerl.org/mei/02116074,data/expanded/mei-corpus.json,
02116074-current,02116074,02116074,in00260000,in00260000,current_holding,last,2,1,,,"Wien, Österreichische  Nationalbibliothek",,,,,,,,AT,WienONB,"Wien, Österreichische  Nationalbibliothek",Ink 5.H.65,,,,2026-09-30,current_observation_only,,holding_institution_not_yet_geocoded,current_holding_statement,MEI,02116074,https://data.cerl.org/mei/02116074,data/expanded/mei-corpus.json,Observed as the current holding institution; no arrival date is inferred.
00204685-print,00204685,00204685,in00260000,in00260000,print_place,first,0,1,,,Zinna,Zinna,,,,,,,,,,Auct. 1Q 7.70.,1493,1496,,,gw_extracted_year_range,,place_name_not_yet_geocoded,edition_level_print_statement,GW,M27158,https://gesamtkatalogderwiegendrucke.de/docs/M27158.htm,data/derived/prayer-book-corpus.csv,Printing statement shared by copies of the edition.
00204685-p001-loc01,00204685,00204685,in00260000,in00260000,provenance_place,intermediate,1,1,00204685-p001,00204685-p001-loc01,České Budějovice,Ĉeské Budějovice (Budweis),České Budějovice,GeoNames,3077916,https://www.geonames.org/3077916,48.97447,14.47434,Czechia,,,Auct. 1Q 7.70.,1496,,15,,mei_timeperiod,,coordinates_supplied,copy_level_provenance_place,MEI,00204685-p001,https://data.cerl.org/mei/00204685,data/expanded/mei-corpus.json,
00204685-p002-loc01,00204685,00204685,in00260000,in00260000,provenance_place,intermediate,2,1,00204685-p002,00204685-p002-loc01,Oxford,Oxford,Oxford,GeoNames,2640729,https://www.geonames.org/2640729,51.75222,-1.25596,United Kingdom,,,Auct. 1Q 7.70.,,,,,undated,,coordinates_supplied,copy_level_provenance_place,MEI,00204685-p002,https://data.cerl.org/mei/00204685,data/expanded/mei-corpus.json,
00204685-current,00204685,00204685,in00260000,in00260000,current_holding,last,3,1,,,"Oxford, Bodleian Library",,,,,,,,GB,OxfordBodley,"Oxford, Bodleian Library",Auct. 1Q 7.70.,,,,2026-09-30,current_observation_only,,holding_institution_not_yet_geocoded,current_holding_statement,MEI,00204685,https://data.cerl.org/mei/00204685,data/expanded/mei-corpus.json,Observed as the current holding institution; no arrival date is inferred.
00200704-print,00200704,00200704,io00030200,io00030200,print_place,first,0,1,,,Bologna,Bologna,,,,,,,,,,codici miniati no. 80,1498,1498,,,gw_extracted_year_range,,place_name_not_yet_geocoded,edition_level_print_statement,GW,13390,https://gesamtkatalogderwiegendrucke.de/docs/GW13390.htm,data/derived/prayer-book-corpus.csv,Printing statement shared by copies of the edition.
00200704-current,00200704,00200704,io00030200,io00030200,current_holding,last,1,1,,,"Bologna, Archivio di Stato",,,,,,,,IT,BolognaArchStato,"Bologna, Archivio di Stato",codici miniati no. 80,,,,2026-09-30,current_observation_only,,holding_institution_not_yet_geocoded,current_holding_statement,MEI,00200704,https://data.cerl.org/mei/00200704,data/expanded/mei-corpus.json,Observed as the current holding institution; no arrival date is inferred.
00200705-print,00200705,00200705,io00030200,io00030200,print_place,first,0,1,,,Bologna,Bologna,,,,,,,,,,16 O.III.29,1498,1498,,,gw_extracted_year_range,,place_name_not_yet_geocoded,edition_level_print_statement,GW,13390,https://gesamtkatalogderwiegendrucke.de/docs/GW13390.htm,data/derived/prayer-book-corpus.csv,Printing statement shared by copies of the edition.
00200705-current,00200705,00200705,io00030200,io00030200,current_holding,last,1,1,,,"Bologna, Biblioteca Comunale dell'Archiginnasio",,,,,,,,IT,BolognaBibliotecaComunaledellArchiginnasio,"Bologna, Biblioteca Comunale dell'Archiginnasio",16 O.III.29,,,,2026-09-30,current_observation_only,,holding_institution_not_yet_geocoded,current_holding_statement,MEI,00200705,https://data.cerl.org/mei/00200705,data/expanded/mei-corpus.json,Observed as the current holding institution; no arrival date is inferred.
00200707-print,00200707,00200707,io00030200,io00030200,print_place,first,0,1,,,Bologna,Bologna,,,,,,,,,,103886,1498,1498,,,gw_extracted_year_range,,place_name_not_yet_geocoded,edition_level_print_statement,GW,13390,https://gesamtkatalogderwiegendrucke.de/docs/GW13390.htm,data/derived/prayer-book-corpus.csv,Printing statement shared by copies of the edition.
00200707-p002-loc01,00200707,00200707,io00030200,io00030200,provenance_place,intermediate,2,1,00200707-p002,00200707-p002-loc01,Bologna,Bologna,Bologna,GeoNames,3181928,https://www.geonames.org/3181928,44.49381,11.33875,Italy,,,103886,1899,1913,19 | 20,,mei_timeperiod,a,coordinates_supplied,copy_level_provenance_place,MEI,00200707-p002,https://data.cerl.org/mei/00200707,data/expanded/mei-corpus.json,
00200707-p003-loc01,00200707,00200707,io00030200,io00030200,provenance_place,intermediate,3,1,00200707-p003,00200707-p003-loc01,Berlin,Berlin,Berlin,GeoNames,2950159,https://www.geonames.org/2950159,52.52437,13.41053,Germany,,,103886,1913,1919,20,,mei_timeperiod,a,coordinates_supplied,copy_level_provenance_place,MEI,00200707-p003,https://data.cerl.org/mei/00200707,data/expanded/mei-corpus.json,
00200707-p004-loc01,00200707,00200707,io00030200,io00030200,provenance_place,intermediate,4,1,00200707-p004,00200707-p004-loc01,Philadelphia,Philadelphia,Philadelphia,GeoNames,4560349,https://www.geonames.org/4560349,39.95238,-75.16362,United States,,,103886,1924,1924,20,,mei_timeperiod,a,coordinates_supplied,copy_level_provenance_place,MEI,00200707-p004,https://data.cerl.org/mei/00200707,data/expanded/mei-corpus.json,
00200707-p005-loc01,00200707,00200707,io00030200,io00030200,provenance_place,intermediate,5,1,00200707-p005,00200707-p005-loc01,San Marino,San Marino,San Marino,GeoNames,5392400,https://www.geonames.org/5392400,34.1214,-118.10646,United States,,,103886,1924,1927,20,,mei_timeperiod,a,coordinates_supplied,copy_level_provenance_place,MEI,00200707-p005,https://data.cerl.org/mei/00200707,data/expanded/mei-corpus.json,
00200707-p006-loc01,00200707,00200707,io00030200,io00030200,provenance_place,intermediate,6,1,00200707-p006,00200707-p006-loc01,San Marino,"San Marino, California, United States",San Marino,GeoNames,5392400,https://www.geonames.org/5392400,34.1214,-118.10646,United States,,,103886,1927,,20,,mei_timeperiod,a,coordinates_supplied,copy_level_provenance_place,MEI,00200707-p006,https://data.cerl.org/mei/00200707,data/expanded/mei-corpus.json,
00200707-current,00200707,00200707,io00030200,io00030200,current_holding,last,7,1,,,"San Marino CA, Huntington Library",,,,,,,,US,SanMarinoHun,"San Marino CA, Huntington Library",103886,,,,2026-09-30,current_observation_only,,holding_institution_not_yet_geocoded,current_holding_statement,MEI,00200707,https://data.cerl.org/mei/00200707,data/expanded/mei-corpus.json,Observed as the current holding institution; no arrival date is inferred.
00200706-print,00200706,00200706,io00030200,io00030200,print_place,first,0,1,,,Bologna,Bologna,,,,,,,,,,IB.29183,1498,1498,,,gw_extracted_year_range,,place_name_not_yet_geocoded,edition_level_print_statement,GW,13390,https://gesamtkatalogderwiegendrucke.de/docs/GW13390.htm,data/derived/prayer-book-corpus.csv,Printing statement shared by copies of the edition.
00200706-p001-loc01,00200706,00200706,io00030200,io00030200,provenance_place,intermediate,1,1,00200706-p001,00200706-p001-loc01,London,London,London,GeoNames,2643743,https://www.geonames.org/2643743,51.50853,-0.12574,United Kingdom,,,IB.29183,1902,,20,,mei_timeperiod,a,coordinates_supplied,copy_level_provenance_place,MEI,00200706-p001,https://data.cerl.org/mei/00200706,data/expanded/mei-corpus.json,
00200706-current,00200706,00200706,io00030200,io00030200,current_holding,last,2,1,,,"London, British Library",,,,,,,,GB,LondonBL,"London, British Library",IB.29183,,,,2026-09-30,current_observation_only,,holding_institution_not_yet_geocoded,current_holding_statement,MEI,00200706,https://data.cerl.org/mei/00200706,data/expanded/mei-corpus.json,Observed as the current holding institution; no arrival date is inferred.
00200565-print,00200565,00200565,io00048800,io00048800,print_place,first,0,1,,,Venedig,Venedig,,,,,,,,,,Inc. Gaslini 1,1488,1488,,,gw_extracted_year_range,,place_name_not_yet_geocoded,edition_level_print_statement,GW,13395,https://gesamtkatalogderwiegendrucke.de/docs/GW13395.htm,data/derived/prayer-book-corpus.csv,Printing statement shared by copies of the edition.
00200565-current,00200565,00200565,io00048800,io00048800,current_holding,last,1,1,,,"Genova, Biblioteca Universitaria",,,,,,,,IT,GenovaU,"Genova, Biblioteca Universitaria",Inc. Gaslini 1,,,,2026-09-30,current_observation_only,,holding_institution_not_yet_geocoded,current_holding_statement,MEI,00200565,https://data.cerl.org/mei/00200565,data/expanded/mei-corpus.json,Observed as the current holding institution; no arrival date is inferred.
00200566-print,00200566,00200566,io00048800,io00048800,print_place,first,0,1,,,Venedig,Venedig,,,,,,,,,,3-2-1,1488,1488,,,gw_extracted_year_range,,place_name_not_yet_geocoded,edition_level_print_statement,GW,13395,https://gesamtkatalogderwiegendrucke.de/docs/GW13395.htm,data/derived/prayer-book-corpus.csv,Printing statement shared by copies of the edition.
00200566-p001-loc01,00200566,00200566,io00048800,io00048800,provenance_place,intermediate,1,1,00200566-p001,00200566-p001-loc01,Venice,Venice,Venice,GeoNames,3164603,https://www.geonames.org/3164603,45.43713,12.33265,Italy,,,3-2-1,1500,1530,15 | 16,,mei_timeperiod,,coordinates_supplied,copy_level_provenance_place,MEI,00200566-p001,https://data.cerl.org/mei/00200566,data/expanded/mei-corpus.json,
00200566-p002-loc01,00200566,00200566,io00048800,io00048800,provenance_place,intermediate,2,1,00200566-p002,00200566-p002-loc01,Seville,Sevilla,Seville,GeoNames,2510911,https://www.geonames.org/2510911,37.38283,-5.97317,Spain,,,3-2-1,1530,1539,16,,mei_timeperiod,,coordinates_supplied,copy_level_provenance_place,MEI,00200566-p002,https://data.cerl.org/mei/00200566,data/expanded/mei-corpus.json,
00200566-p003-loc01,00200566,00200566,io00048800,io00048800,provenance_place,intermediate,3,1,00200566-p003,00200566-p003-loc01,Seville,Sevilla,Seville,GeoNames,2510911,https://www.geonames.org/2510911,37.38283,-5.97317,Spain,,,3-2-1,1552,,16,,mei_timeperiod,,coordinates_supplied,copy_level_provenance_place,MEI,00200566-p003,https://data.cerl.org/mei/00200566,data/expanded/mei-corpus.json,
00200566-current,00200566,00200566,io00048800,io00048800,current_holding,last,4,1,,,"Sevilla, Biblioteca Colombina",,,,,,,,ES,SevillaColombina,"Sevilla, Biblioteca Colombina",3-2-1,,,,2026-09-30,current_observation_only,,holding_institution_not_yet_geocoded,current_holding_statement,MEI,00200566,https://data.cerl.org/mei/00200566,data/expanded/mei-corpus.json,Observed as the current holding institution; no arrival date is inferred.
00200698-print,00200698,00200698,io00049000,io00049000,print_place,first,0,1,,,Ferrara,Ferrara,,,,,,,,,,S. 5. 1. 1,1497,1497,,,gw_extracted_year_range,,place_name_not_yet_geocoded,edition_level_print_statement,GW,13330,https://gesamtkatalogderwiegendrucke.de/docs/GW13330.htm,data/derived/prayer-book-corpus.csv,Printing statement shared by copies of the edition.
00200698-current,00200698,00200698,io00049000,io00049000,current_holding,last,1,1,,,"Ferrara, Biblioteca Comunale Ariostea",,,,,,,,IT,FerraraC,"Ferrara, Biblioteca Comunale Ariostea",S. 5. 1. 1,,,,2026-09-23,current_observation_only,,holding_institution_not_yet_geocoded,current_holding_statement,MEI,00200698,https://data.cerl.org/mei/00200698,data/expanded/mei-corpus.json,Observed as the current holding institution; no arrival date is inferred.
00200702-print,00200702,00200702,io00049000,io00049000,print_place,first,0,1,,,Ferrara,Ferrara,,,,,,,,,,Vélins 1548,1497,1497,,,gw_extracted_year_range,,place_name_not_yet_geocoded,edition_level_print_statement,GW,13330,https://gesamtkatalogderwiegendrucke.de/docs/GW13330.htm,data/derived/prayer-book-corpus.csv,Printing statement shared by copies of the edition.
00200702-current,00200702,00200702,io00049000,io00049000,current_holding,last,1,1,,,"Paris, Bibliothèque nationale de France",,,,,,,,FR,ParisBN,"Paris, Bibliothèque nationale de France",Vélins 1548,,,,2026-09-23,current_observation_only,,holding_institution_not_yet_geocoded,current_holding_statement,MEI,00200702,https://data.cerl.org/mei/00200702,data/expanded/mei-corpus.json,Observed as the current holding institution; no arrival date is inferred.
00200701-print,00200701,00200701,io00049000,io00049000,print_place,first,0,1,,,Ferrara,Ferrara,,,,,,,,,,ChL 1037,1497,1497,,,gw_extracted_year_range,,place_name_not_yet_geocoded,edition_level_print_statement,GW,13330,https://gesamtkatalogderwiegendrucke.de/docs/GW13330.htm,data/derived/prayer-book-corpus.csv,Printing statement shared by copies of the edition.
00200701-current,00200701,00200701,io00049000,io00049000,current_holding,last,1,1,,,"New York NY, The Morgan Library and Museum",,,,,,,,US,NewYorkNYPierpontMorganLibrary,"New York NY, The Morgan Library and Museum",ChL 1037,,,,2026-09-23,current_observation_only,,holding_institution_not_yet_geocoded,current_holding_statement,MEI,00200701,https://data.cerl.org/mei/00200701,data/expanded/mei-corpus.json,Observed as the current holding institution; no arrival date is inferred.
00200700-print,00200700,00200700,io00049000,io00049000,print_place,first,0,1,,,Ferrara,Ferrara,,,,,,,,,,[alfa]. C. 10. 33,1497,1497,,,gw_extracted_year_range,,place_name_not_yet_geocoded,edition_level_print_statement,GW,13330,https://gesamtkatalogderwiegendrucke.de/docs/GW13330.htm,data/derived/prayer-book-corpus.csv,Printing statement shared by copies of the edition.
00200700-current,00200700,00200700,io00049000,io00049000,current_holding,last,1,1,,,"Modena, Biblioteca Estense Universitaria",,,,,,,,IT,ModenaEst,"Modena, Biblioteca Estense Universitaria",[alfa]. C. 10. 33,,,,2026-09-23,current_observation_only,,holding_institution_not_yet_geocoded,current_holding_statement,MEI,00200700,https://data.cerl.org/mei/00200700,data/expanded/mei-corpus.json,Observed as the current holding institution; no arrival date is inferred.
00200699-print,00200699,00200699,io00049000,io00049000,print_place,first,0,1,,,Ferrara,Ferrara,,,,,,,,,,S. 16. 4. 15,1497,1497,,,gw_extracted_year_range,,place_name_not_yet_geocoded,edition_level_print_statement,GW,13330,https://gesamtkatalogderwiegendrucke.de/docs/GW13330.htm,data/derived/prayer-book-corpus.csv,Printing statement shared by copies of the edition.
00200699-current,00200699,00200699,io00049000,io00049000,current_holding,last,1,1,,,"Ferrara, Biblioteca Comunale Ariostea",,,,,,,,IT,FerraraC,"Ferrara, Biblioteca Comunale Ariostea",S. 16. 4. 15,,,,2026-09-23,current_observation_only,,holding_institution_not_yet_geocoded,current_holding_statement,MEI,00200699,https://data.cerl.org/mei/00200699,data/expanded/mei-corpus.json,Observed as the current holding institution; no arrival date is inferred.
00200703-print,00200703,00200703,io00049000,io00049000,print_place,first,0,1,,,Ferrara,Ferrara,,,,,,,,,,Incun. 1497.C3,1497,1497,,,gw_extracted_year_range,,place_name_not_yet_geocoded,edition_level_print_statement,GW,13330,https://gesamtkatalogderwiegendrucke.de/docs/GW13330.htm,data/derived/prayer-book-corpus.csv,Printing statement shared by copies of the edition.
00200703-current,00200703,00200703,io00049000,io00049000,current_holding,last,1,1,,,"Washington DC, Library of Congress, Rare Book Division, Lessing J. Rosenwald Collection",,,,,,,,US,WashingtonLoC,"Washington DC, Library of Congress, Rare Book Division, Lessing J. Rosenwald Collection",Incun. 1497.C3,,,,2026-09-23,current_observation_only,,holding_institution_not_yet_geocoded,current_holding_statement,MEI,00200703,https://data.cerl.org/mei/00200703,data/expanded/mei-corpus.json,Observed as the current holding institution; no arrival date is inferred.
02000909-print,02000909,02000909,io00049000,io00049000,print_place,first,0,1,,,Ferrara,Ferrara,,,,,,,,,,IA.25755,1497,1497,,,gw_extracted_year_range,,place_name_not_yet_geocoded,edition_level_print_statement,GW,13330,https://gesamtkatalogderwiegendrucke.de/docs/GW13330.htm,data/derived/prayer-book-corpus.csv,Printing statement shared by copies of the edition.
02000909-p001-loc01,02000909,02000909,io00049000,io00049000,provenance_place,intermediate,1,1,02000909-p001,02000909-p001-loc01,Ferrara,Ferrara,Ferrara,GeoNames,6299592,https://www.geonames.org/6299592,44.83333,11.61667,Italy,,,IA.25755,1701,1772,18,,mei_timeperiod,a,coordinates_supplied,copy_level_provenance_place,MEI,02000909-p001,https://data.cerl.org/mei/02000909,data/expanded/mei-corpus.json,
02000909-p002-loc01,02000909,02000909,io00049000,io00049000,provenance_place,intermediate,2,1,02000909-p002,02000909-p002-loc01,Ferrara,Ferrara,Ferrara,GeoNames,6299592,https://www.geonames.org/6299592,44.83333,11.61667,Italy,,,IA.25755,1701,1858,18 | 19,,mei_timeperiod,a,coordinates_supplied,copy_level_provenance_place,MEI,02000909-p002,https://data.cerl.org/mei/02000909,data/expanded/mei-corpus.json,
02000909-p003-loc01,02000909,02000909,io00049000,io00049000,provenance_place,intermediate,3,1,02000909-p003,02000909-p003-loc01,London,London,London,GeoNames,2643743,https://www.geonames.org/2643743,51.50853,-0.12574,United Kingdom,,,IA.25755,1858,,19,,mei_timeperiod,a,coordinates_supplied,copy_level_provenance_place,MEI,02000909-p003,https://data.cerl.org/mei/02000909,data/expanded/mei-corpus.json,
02000909-current,02000909,02000909,io00049000,io00049000,current_holding,last,4,1,,,"London, British Library",,,,,,,,GB,LondonBL,"London, British Library",IA.25755,,,,2026-09-23,current_observation_only,,holding_institution_not_yet_geocoded,current_holding_statement,MEI,02000909,https://data.cerl.org/mei/02000909,data/expanded/mei-corpus.json,Observed as the current holding institution; no arrival date is inferred.
02135240-print,02135240,02135240,io00065980,io00065980,print_place,first,0,1,,,Ulm,Ulm,,,,,,,,,,Gi 366 a,1500,1500,,,gw_extracted_year_range,,place_name_not_yet_geocoded,edition_level_print_statement,GW,M2806420,https://gesamtkatalogderwiegendrucke.de/docs/M2806420.htm,data/derived/prayer-book-corpus.csv,Printing statement shared by copies of the edition.
02135240-p001-loc01,02135240,02135240,io00065980,io00065980,provenance_place,intermediate,1,1,02135240-p001,02135240-p001-loc01,Tübingen,Tübingen,,,,,,,,,,Gi 366 a,,,,,undated,,name_only,copy_level_provenance_place,MEI,02135240-p001,https://data.cerl.org/mei/02135240,data/expanded/mei-corpus.json,
02135240-current,02135240,02135240,io00065980,io00065980,current_holding,last,2,1,,,"Tübingen, Universitätsbibliothek",,,,,,,,DE,TubingenUB,"Tübingen, Universitätsbibliothek",Gi 366 a,,,,2026-09-30,current_observation_only,,holding_institution_not_yet_geocoded,current_holding_statement,MEI,02135240,https://data.cerl.org/mei/02135240,data/expanded/mei-corpus.json,Observed as the current holding institution; no arrival date is inferred.
02119676-print,02119676,02119676,io00069500,io00069500,print_place,first,0,1,,,Venedig,Venedig,,,,,,,,,,Ink 23.G.3,,,,,gw_date_not_yet_extracted,,place_name_not_yet_geocoded,edition_level_print_statement,GW,M28063,https://gesamtkatalogderwiegendrucke.de/docs/M28063.htm,data/derived/prayer-book-corpus.csv,Printing statement shared by copies of the edition.
02119676-p001-loc01,02119676,02119676,io00069500,io00069500,provenance_place,intermediate,1,1,02119676-p001,02119676-p001-loc01,Vienna,Vienna,Vienna,GeoNames,2761369,https://www.geonames.org/2761369,48.20849,16.37208,Austria,,,Ink 23.G.3,,,,,undated,a,coordinates_supplied,copy_level_provenance_place,MEI,02119676-p001,https://data.cerl.org/mei/02119676,data/expanded/mei-corpus.json,
02119676-current,02119676,02119676,io00069500,io00069500,current_holding,last,2,1,,,"Wien, Österreichische  Nationalbibliothek",,,,,,,,AT,WienONB,"Wien, Österreichische  Nationalbibliothek",Ink 23.G.3,,,,2026-09-30,current_observation_only,,holding_institution_not_yet_geocoded,current_holding_statement,MEI,02119676,https://data.cerl.org/mei/02119676,data/expanded/mei-corpus.json,Observed as the current holding institution; no arrival date is inferred.
02125438-print,02125438,02125438,io00069500,io00069500,print_place,first,0,1,,,Venedig,Venedig,,,,,,,,,,Inc.244.3,,,,,gw_date_not_yet_extracted,,place_name_not_yet_geocoded,edition_level_print_statement,GW,M28063,https://gesamtkatalogderwiegendrucke.de/docs/M28063.htm,data/derived/prayer-book-corpus.csv,Printing statement shared by copies of the edition.
02125438-p002-loc01,02125438,02125438,io00069500,io00069500,provenance_place,intermediate,2,1,02125438-p002,02125438-p002-loc01,Edinburgh,Edinburgh,Edinburgh,GeoNames,2650225,https://www.geonames.org/2650225,55.95206,-3.19648,United Kingdom,,,Inc.244.3,1944,,20,,mei_timeperiod,a,coordinates_supplied,copy_level_provenance_place,MEI,02125438-p002,https://data.cerl.org/mei/02125438,data/expanded/mei-corpus.json,
02125438-current,02125438,02125438,io00069500,io00069500,current_holding,last,3,1,,,"Edinburgh, National Library of Scotland",,,,,,,,GB,EdinburghNLS,"Edinburgh, National Library of Scotland",Inc.244.3,,,,2026-09-30,current_observation_only,,holding_institution_not_yet_geocoded,current_holding_statement,MEI,02125438,https://data.cerl.org/mei/02125438,data/expanded/mei-corpus.json,Observed as the current holding institution; no arrival date is inferred.
00200751-print,00200751,00200751,io00072600,io00072600,print_place,first,0,1,,,Venedig,Venedig,,,,,,,,,,FOAN TES 682,1494,1494,,,gw_extracted_year_range,,place_name_not_yet_geocoded,edition_level_print_statement,GW,M0484310,https://gesamtkatalogderwiegendrucke.de/docs/M0484310.htm,data/derived/prayer-book-corpus.csv,Printing statement shared by copies of the edition.
00200751-p002-loc01,00200751,00200751,io00072600,io00072600,provenance_place,intermediate,2,1,00200751-p002,00200751-p002-loc01,Paris,Parigi,Paris,GeoNames,2988507,https://www.geonames.org/2988507,48.85341,2.3488,France,,,FOAN TES 682,1860,1923,19 | 20,,mei_timeperiod,,coordinates_supplied,copy_level_provenance_place,MEI,00200751-p002,https://data.cerl.org/mei/00200751,data/expanded/mei-corpus.json,
00200751-p003-loc01,00200751,00200751,io00072600,io00072600,provenance_place,intermediate,3,1,00200751-p003,00200751-p003-loc01,Monselice,Monselice,Monselice,GeoNames,3173124,https://www.geonames.org/3173124,45.239,11.74984,Italy,,,FOAN TES 682,1939,1960,20,,mei_timeperiod,,coordinates_supplied,copy_level_provenance_place,MEI,00200751-p003,https://data.cerl.org/mei/00200751,data/expanded/mei-corpus.json,
00200751-p004-loc01,00200751,00200751,io00072600,io00072600,provenance_place,intermediate,4,1,00200751-p004,00200751-p004-loc01,Venice,Venezia,Venice,GeoNames,3164603,https://www.geonames.org/3164603,45.43713,12.33265,Italy,,,FOAN TES 682,1960,,20,,mei_timeperiod,,coordinates_supplied,copy_level_provenance_place,MEI,00200751-p004,https://data.cerl.org/mei/00200751,data/expanded/mei-corpus.json,
00200751-current,00200751,00200751,io00072600,io00072600,current_holding,last,5,1,,,"Venezia, Fondazione Cini",,,,,,,,IT,VeneziaFondCini,"Venezia, Fondazione Cini",FOAN TES 682,,,,2026-09-30,current_observation_only,,holding_institution_not_yet_geocoded,current_holding_statement,MEI,00200751,https://data.cerl.org/mei/00200751,data/expanded/mei-corpus.json,Observed as the current holding institution; no arrival date is inferred.
02015299-print,02015299,02015299,ip00079700,ip00079700,print_place,first,0,1,,,Basel,Basel,,,,,,,,,,IA.37709,1498,1498,,,gw_extracted_year_range,,place_name_not_yet_geocoded,edition_level_print_statement,GW,12951,https://gesamtkatalogderwiegendrucke.de/docs/GW12951.htm,data/derived/prayer-book-corpus.csv,Printing statement shared by copies of the edition.
02015299-p001-loc01,02015299,02015299,ip00079700,ip00079700,provenance_place,intermediate,1,1,02015299-p001,02015299-p001-loc01,Switzerland,,Switzerland,GeoNames,2658434,https://www.geonames.org/2658434,47.00016,8.01427,Switzerland,,,IA.37709,1498,,15,,mei_timeperiod,b,coordinates_supplied,copy_level_provenance_place,MEI,02015299-p001,https://data.cerl.org/mei/02015299,data/expanded/mei-corpus.json,
02015299-p002-loc01,02015299,02015299,ip00079700,ip00079700,provenance_place,intermediate,2,1,02015299-p002,02015299-p002-loc01,Basel,Basel,Basel,GeoNames,2661604,https://www.geonames.org/2661604,47.55839,7.57327,Switzerland,,,IA.37709,1564,,16,,mei_timeperiod,a,coordinates_supplied,copy_level_provenance_place,MEI,02015299-p002,https://data.cerl.org/mei/02015299,data/expanded/mei-corpus.json,
02015299-p003-loc01,02015299,02015299,ip00079700,ip00079700,provenance_place,intermediate,3,1,02015299-p003,02015299-p003-loc01,Freiburg im Breisgau,Freiburg im Breisgau,Freiburg im Breisgau,GeoNames,2925177,https://www.geonames.org/2925177,47.9959,7.85222,Germany,,,IA.37709,1599,1820,16 | 17 | 18 | 19,,mei_timeperiod,b,coordinates_supplied,copy_level_provenance_place,MEI,02015299-p003,https://data.cerl.org/mei/02015299,data/expanded/mei-corpus.json,
02015299-p004-loc01,02015299,02015299,ip00079700,ip00079700,provenance_place,intermediate,4,1,02015299-p004,02015299-p004-loc01,London,London,London,GeoNames,2643743,https://www.geonames.org/2643743,51.50853,-0.12574,United Kingdom,,,IA.37709,1904,,20,,mei_timeperiod,a,coordinates_supplied,copy_level_provenance_place,MEI,02015299-p004,https://data.cerl.org/mei/02015299,data/expanded/mei-corpus.json,
02015299-current,02015299,02015299,ip00079700,ip00079700,current_holding,last,5,1,,,"London, British Library",,,,,,,,GB,LondonBL,"London, British Library",IA.37709,,,,2026-09-30,current_observation_only,,holding_institution_not_yet_geocoded,current_holding_statement,MEI,02015299,https://data.cerl.org/mei/02015299,data/expanded/mei-corpus.json,Observed as the current holding institution; no arrival date is inferred.
02100762-print,02100762,02100762,ip01049460,ip01049460,print_place,first,0,1,,,Zwolle,Zwolle,,,,,,,,,,KW 150 F 5 [1],1491,1492,,,gw_extracted_year_range,,place_name_not_yet_geocoded,edition_level_print_statement,GW,M38907,https://gesamtkatalogderwiegendrucke.de/docs/M38907.htm,data/derived/prayer-book-corpus.csv,Printing statement shared by copies of the edition.
02100762-p001-loc01,02100762,02100762,ip01049460,ip01049460,provenance_place,intermediate,1,1,02100762-p001,02100762-p001-loc01,Amsterdam,Amsterdam,Amsterdam,GeoNames,2759794,https://www.geonames.org/2759794,52.37403,4.88969,The Netherlands,,,KW 150 F 5 [1],1491,1579,15 | 16,,mei_timeperiod,a,coordinates_supplied,copy_level_provenance_place,MEI,02100762-p001,https://data.cerl.org/mei/02100762,data/expanded/mei-corpus.json,
02100762-p002-loc01,02100762,02100762,ip01049460,ip01049460,provenance_place,intermediate,2,1,02100762-p002,02100762-p002-loc01,Amsterdam,Amsterdam,Amsterdam,GeoNames,2759794,https://www.geonames.org/2759794,52.37403,4.88969,The Netherlands,,,KW 150 F 5 [1],1683,1744,17 | 18,1744,mei_timeperiod,a,coordinates_supplied,copy_level_provenance_place,MEI,02100762-p002,https://data.cerl.org/mei/02100762,data/expanded/mei-corpus.json,
02100762-p003-loc01,02100762,02100762,ip01049460,ip01049460,provenance_place,intermediate,3,1,02100762-p003,02100762-p003-loc01,Amsterdam,Amsterdam,Amsterdam,GeoNames,2759794,https://www.geonames.org/2759794,52.37403,4.88969,The Netherlands,,,KW 150 F 5 [1],1859,1859,19,1859,mei_timeperiod,a,coordinates_supplied,copy_level_provenance_place,MEI,02100762-p003,https://data.cerl.org/mei/02100762,data/expanded/mei-corpus.json,
02100762-p004-loc01,02100762,02100762,ip01049460,ip01049460,provenance_place,intermediate,4,1,02100762-p004,02100762-p004-loc01,The Hague,Den Haag,The Hague,GeoNames,2747373,https://www.geonames.org/2747373,52.07667,4.29861,The Netherlands,,,KW 150 F 5 [1],1859,,19,1859,mei_timeperiod,a,coordinates_supplied,copy_level_provenance_place,MEI,02100762-p004,https://data.cerl.org/mei/02100762,data/expanded/mei-corpus.json,
02100762-current,02100762,02100762,ip01049460,ip01049460,current_holding,last,5,1,,,"Den Haag, Koninklijke Bibliotheek - Nationale Bibliotheek van Nederland",,,,,,,,NL,NLKB,"Den Haag, Koninklijke Bibliotheek - Nationale Bibliotheek van Nederland",KW 150 F 5 [1],,,,2026-09-30,current_observation_only,,holding_institution_not_yet_geocoded,current_holding_statement,MEI,02100762,https://data.cerl.org/mei/02100762,data/expanded/mei-corpus.json,Observed as the current holding institution; no arrival date is inferred.
02174458-print,02174458,02174458,ir00318590,ir00318590,print_place,first,0,1,,,Neapel,Neapel,,,,,,,,,,u MC 3(int.3),1480,1480,,,gw_extracted_year_range,,place_name_not_yet_geocoded,edition_level_print_statement,GW,M3893050,https://gesamtkatalogderwiegendrucke.de/docs/M3893050.htm,data/derived/prayer-book-corpus.csv,Printing statement shared by copies of the edition.
02174458-current,02174458,02174458,ir00318590,ir00318590,current_holding,last,1,1,,,Castroreale Fondo Museo Civico,,,,,,,,IT,CastrorealeMuseo,Castroreale Fondo Museo Civico,u MC 3(int.3),,,,2026-09-30,current_observation_only,,holding_institution_not_yet_geocoded,current_holding_statement,MEI,02174458,https://data.cerl.org/mei/02174458,data/expanded/mei-corpus.json,Observed as the current holding institution; no arrival date is inferred.
02101150-print,02101150,02101150,ir00318850,ir00318850,print_place,first,0,1,,,Antwerpen,Antwerpen,,,,,,,,,,KW 150 F 9,1487,1487,,,gw_extracted_year_range,,place_name_not_yet_geocoded,edition_level_print_statement,GW,M38886,https://gesamtkatalogderwiegendrucke.de/docs/M38886.htm,data/derived/prayer-book-corpus.csv,Printing statement shared by copies of the edition.
02101150-p004-loc01,02101150,02101150,ir00318850,ir00318850,provenance_place,intermediate,4,1,02101150-p004,02101150-p004-loc01,The Hague,Den Haag,The Hague,GeoNames,2747373,https://www.geonames.org/2747373,52.07667,4.29861,The Netherlands,,,KW 150 F 9,1859,,19,"6 July, 1859",mei_timeperiod,a,coordinates_supplied,copy_level_provenance_place,MEI,02101150-p004,https://data.cerl.org/mei/02101150,data/expanded/mei-corpus.json,
02101150-current,02101150,02101150,ir00318850,ir00318850,current_holding,last,5,1,,,"Den Haag, Koninklijke Bibliotheek - Nationale Bibliotheek van Nederland",,,,,,,,NL,NLKB,"Den Haag, Koninklijke Bibliotheek - Nationale Bibliotheek van Nederland",KW 150 F 9,,,,2026-09-30,current_observation_only,,holding_institution_not_yet_geocoded,current_holding_statement,MEI,02101150,https://data.cerl.org/mei/02101150,data/expanded/mei-corpus.json,Observed as the current holding institution; no arrival date is inferred.
02101636-print,02101636,02101636,ir00359000,ir00359000,print_place,first,0,1,,,Lübeck,Lübeck,,,,,,,,,,KW 233 F 51,1478,1478,,,gw_extracted_year_range,,place_name_not_yet_geocoded,edition_level_print_statement,GW,M3918420,https://gesamtkatalogderwiegendrucke.de/docs/M3918420.htm,data/derived/prayer-book-corpus.csv,Printing statement shared by copies of the edition.
02101636-p002-loc01,02101636,02101636,ir00359000,ir00359000,provenance_place,intermediate,2,1,02101636-p002,02101636-p002-loc01,The Hague,Den Haag,The Hague,GeoNames,2747373,https://www.geonames.org/2747373,52.07667,4.29861,The Netherlands,,,KW 233 F 51,,,,,undated,a,coordinates_supplied,copy_level_provenance_place,MEI,02101636-p002,https://data.cerl.org/mei/02101636,data/expanded/mei-corpus.json,
02101636-current,02101636,02101636,ir00359000,ir00359000,current_holding,last,3,1,,,"Den Haag, Koninklijke Bibliotheek - Nationale Bibliotheek van Nederland",,,,,,,,NL,NLKB,"Den Haag, Koninklijke Bibliotheek - Nationale Bibliotheek van Nederland",KW 233 F 51,,,,2026-09-30,current_observation_only,,holding_institution_not_yet_geocoded,current_holding_statement,MEI,02101636,https://data.cerl.org/mei/02101636,data/expanded/mei-corpus.json,Observed as the current holding institution; no arrival date is inferred.
02139272-print,02139272,02139272,ir00360500,ir00360500,print_place,first,0,1,,,Utrecht,Utrecht,,,,,,,,,,001 E 068: 02,1480,1480,,,gw_extracted_year_range,,place_name_not_yet_geocoded,edition_level_print_statement,GW,M39208,https://gesamtkatalogderwiegendrucke.de/docs/M39208.htm,data/derived/prayer-book-corpus.csv,Printing statement shared by copies of the edition.
02139272-p001-loc01,02139272,02139272,ir00360500,ir00360500,provenance_place,intermediate,1,1,02139272-p001,02139272-p001-loc01,Gemeente Den Haag,The Hague,Gemeente Den Haag,GeoNames,2747372,https://www.geonames.org/2747372,52.06866,4.28635,The Netherlands,,,001 E 068: 02,,,,,undated,,coordinates_supplied,copy_level_provenance_place,MEI,02139272-p001,https://data.cerl.org/mei/02139272,data/expanded/mei-corpus.json,
02139272-p002-loc01,02139272,02139272,ir00360500,ir00360500,provenance_place,intermediate,2,1,02139272-p002,02139272-p002-loc01,Gemeente Den Haag,The Hague,Gemeente Den Haag,GeoNames,2747372,https://www.geonames.org/2747372,52.06866,4.28635,The Netherlands,,,001 E 068: 02,,,,,undated,,coordinates_supplied,copy_level_provenance_place,MEI,02139272-p002,https://data.cerl.org/mei/02139272,data/expanded/mei-corpus.json,
02139272-current,02139272,02139272,ir00360500,ir00360500,current_holding,last,3,1,,,"Den Haag, Huis van het Boek ",,,,,,,,NL,TheHagueMMW,"Den Haag, Huis van het Boek ",001 E 068: 02,,,,2026-09-23,current_observation_only,,holding_institution_not_yet_geocoded,current_holding_statement,MEI,02139272,https://data.cerl.org/mei/02139272,data/expanded/mei-corpus.json,Observed as the current holding institution; no arrival date is inferred.
02101635-print,02101635,02101635,ir00360500,ir00360500,print_place,first,0,1,,,Utrecht,Utrecht,,,,,,,,,,KW 168 G 42,1480,1480,,,gw_extracted_year_range,,place_name_not_yet_geocoded,edition_level_print_statement,GW,M39208,https://gesamtkatalogderwiegendrucke.de/docs/M39208.htm,data/derived/prayer-book-corpus.csv,Printing statement shared by copies of the edition.
02101635-p003-loc01,02101635,02101635,ir00360500,ir00360500,provenance_place,intermediate,3,1,02101635-p003,02101635-p003-loc01,Frenswegen,Frenswegen,Frenswegen,GeoNames,2924979,https://www.geonames.org/2924979,52.45439,7.03698,Germany,,,KW 168 G 42,1763,1817,18 | 19,,mei_timeperiod,a,coordinates_supplied,copy_level_provenance_place,MEI,02101635-p003,https://data.cerl.org/mei/02101635,data/expanded/mei-corpus.json,
02101635-p004-loc01,02101635,02101635,ir00360500,ir00360500,provenance_place,intermediate,4,1,02101635-p004,02101635-p004-loc01,The Hague,Den Haag,The Hague,GeoNames,2747373,https://www.geonames.org/2747373,52.07667,4.29861,The Netherlands,,,KW 168 G 42,1829,,19,,mei_timeperiod,a,coordinates_supplied,copy_level_provenance_place,MEI,02101635-p004,https://data.cerl.org/mei/02101635,data/expanded/mei-corpus.json,
02101635-current,02101635,02101635,ir00360500,ir00360500,current_holding,last,5,1,,,"Den Haag, Koninklijke Bibliotheek - Nationale Bibliotheek van Nederland",,,,,,,,NL,NLKB,"Den Haag, Koninklijke Bibliotheek - Nationale Bibliotheek van Nederland",KW 168 G 42,,,,2026-09-23,current_observation_only,,holding_institution_not_yet_geocoded,current_holding_statement,MEI,02101635,https://data.cerl.org/mei/02101635,data/expanded/mei-corpus.json,Observed as the current holding institution; no arrival date is inferred.
02145460-print,02145460,02145460,ir00361000,ir00361000,print_place,first,0,1,,,Gripsholm,Gripsholm,,,,,,,,,,Inc.4.A.4.15[573],1498,1498,,,gw_extracted_year_range,,place_name_not_yet_geocoded,edition_level_print_statement,GW,M39205,https://gesamtkatalogderwiegendrucke.de/docs/M39205.htm,data/derived/prayer-book-corpus.csv,Printing statement shared by copies of the edition.
02145460-p001-loc01,02145460,02145460,ir00361000,ir00361000,provenance_place,intermediate,1,1,02145460-p001,02145460-p001-loc01,Dorsten,Dorsten,Dorsten,GeoNames,2935530,https://www.geonames.org/2935530,51.66166,6.96514,Germany,,,Inc.4.A.4.15[573],1488,,15,,mei_timeperiod,,coordinates_supplied,copy_level_provenance_place,MEI,02145460-p001,https://data.cerl.org/mei/02145460,data/expanded/mei-corpus.json,
02145460-p002-loc01,02145460,02145460,ir00361000,ir00361000,provenance_place,intermediate,2,1,02145460-p002,02145460-p002-loc01,Cambridge,Cambridge,Cambridge,GeoNames,2653941,https://www.geonames.org/2653941,52.2,0.11667,United Kingdom,,,Inc.4.A.4.15[573],1416,,15,,mei_timeperiod,,coordinates_supplied,copy_level_provenance_place,MEI,02145460-p002,https://data.cerl.org/mei/02145460,data/expanded/mei-corpus.json,
02145460-current,02145460,02145460,ir00361000,ir00361000,current_holding,last,3,1,,,"Cambridge, University Library",,,,,,,,GB,CambridgeUL,"Cambridge, University Library",Inc.4.A.4.15[573],,,,2026-09-30,current_observation_only,,holding_institution_not_yet_geocoded,current_holding_statement,MEI,02145460,https://data.cerl.org/mei/02145460,data/expanded/mei-corpus.json,Observed as the current holding institution; no arrival date is inferred.
02147105-print,02147105,02147105,ir00361000,ir00361000,print_place,first,0,1,,,Gripsholm,Gripsholm,,,,,,,,,,1825,1498,1498,,,gw_extracted_year_range,,place_name_not_yet_geocoded,edition_level_print_statement,GW,M39205,https://gesamtkatalogderwiegendrucke.de/docs/M39205.htm,data/derived/prayer-book-corpus.csv,Printing statement shared by copies of the edition.
02147105-p002-loc01,02147105,02147105,ir00361000,ir00361000,provenance_place,intermediate,2,1,02147105-p002,02147105-p002-loc01,Zamość,Zamość,Zamość,GeoNames,753866,https://www.geonames.org/753866,50.72314,23.25196,Poland,,,1825,,,,,undated,a,coordinates_supplied,copy_level_provenance_place,MEI,02147105-p002,https://data.cerl.org/mei/02147105,data/expanded/mei-corpus.json,
02147105-current,02147105,02147105,ir00361000,ir00361000,current_holding,last,3,1,,,"Zamość, Cathedral Library ",,,,,,,,PL,ZamoscKap,"Zamość, Cathedral Library ",1825,,,,2026-09-30,current_observation_only,,holding_institution_not_yet_geocoded,current_holding_statement,MEI,02147105,https://data.cerl.org/mei/02147105,data/expanded/mei-corpus.json,Observed as the current holding institution; no arrival date is inferred.
00561813-print,00561813,00561813,ir00361900,ir00361900,print_place,first,0,1,,,Augsburg,Augsburg,,,,,,,,,,Inc.5.A.6.5[809],1492,1492,,,gw_extracted_year_range,,place_name_not_yet_geocoded,edition_level_print_statement,GW,M39192,https://gesamtkatalogderwiegendrucke.de/docs/M39192.htm,data/derived/prayer-book-corpus.csv,Printing statement shared by copies of the edition.
00561813-p007-loc01,00561813,00561813,ir00361900,ir00361900,provenance_place,intermediate,7,1,00561813-p007,00561813-p007-loc01,Cambridge,Cambridge,Cambridge,GeoNames,2653941,https://www.geonames.org/2653941,52.2,0.11667,United Kingdom,,,Inc.5.A.6.5[809],,,,,undated,a,coordinates_supplied,copy_level_provenance_place,MEI,00561813-p007,https://data.cerl.org/mei/00561813,data/expanded/mei-corpus.json,
00561813-current,00561813,00561813,ir00361900,ir00361900,current_holding,last,8,1,,,"Cambridge, University Library",,,,,,,,GB,CambridgeUL,"Cambridge, University Library",Inc.5.A.6.5[809],,,,2026-09-30,current_observation_only,,holding_institution_not_yet_geocoded,current_holding_statement,MEI,00561813,https://data.cerl.org/mei/00561813,data/expanded/mei-corpus.json,Observed as the current holding institution; no arrival date is inferred.
00561814-print,00561814,00561814,ir00361900,ir00361900,print_place,first,0,1,,,Augsburg,Augsburg,,,,,,,,,,Inc.5.A.6.5[810],1492,1492,,,gw_extracted_year_range,,place_name_not_yet_geocoded,edition_level_print_statement,GW,M39192,https://gesamtkatalogderwiegendrucke.de/docs/M39192.htm,data/derived/prayer-book-corpus.csv,Printing statement shared by copies of the edition.
00561814-p001-loc01,00561814,00561814,ir00361900,ir00361900,provenance_place,intermediate,1,1,00561814-p001,00561814-p001-loc01,Cambridge,Cambridge,Cambridge,GeoNames,2653941,https://www.geonames.org/2653941,52.2,0.11667,United Kingdom,,,Inc.5.A.6.5[810],,,,,undated,a,coordinates_supplied,copy_level_provenance_place,MEI,00561814-p001,https://data.cerl.org/mei/00561814,data/expanded/mei-corpus.json,
00561814-current,00561814,00561814,ir00361900,ir00361900,current_holding,last,2,1,,,"Cambridge, University Library",,,,,,,,GB,CambridgeUL,"Cambridge, University Library",Inc.5.A.6.5[810],,,,2026-09-30,current_observation_only,,holding_institution_not_yet_geocoded,current_holding_statement,MEI,00561814,https://data.cerl.org/mei/00561814,data/expanded/mei-corpus.json,Observed as the current holding institution; no arrival date is inferred.
02107275-print,02107275,02107275,ir00362900,ir00362900,print_place,first,0,1,,,Ulm,Ulm,,,,,,,,,,Ink 14.G.18,1492,1492,,,gw_extracted_year_range,,place_name_not_yet_geocoded,edition_level_print_statement,GW,M39200,https://gesamtkatalogderwiegendrucke.de/docs/M39200.htm,data/derived/prayer-book-corpus.csv,Printing statement shared by copies of the edition.
02107275-p001-loc01,02107275,02107275,ir00362900,ir00362900,provenance_place,intermediate,1,1,02107275-p001,02107275-p001-loc01,Vienna,Vienna,Vienna,GeoNames,2761369,https://www.geonames.org/2761369,48.20849,16.37208,Austria,,,Ink 14.G.18,,,,,undated,a,coordinates_supplied,copy_level_provenance_place,MEI,02107275-p001,https://data.cerl.org/mei/02107275,data/expanded/mei-corpus.json,
02107275-current,02107275,02107275,ir00362900,ir00362900,current_holding,last,2,1,,,"Wien, Österreichische  Nationalbibliothek",,,,,,,,AT,WienONB,"Wien, Österreichische  Nationalbibliothek",Ink 14.G.18,,,,2026-09-30,current_observation_only,,holding_institution_not_yet_geocoded,current_holding_statement,MEI,02107275,https://data.cerl.org/mei/02107275,data/expanded/mei-corpus.json,Observed as the current holding institution; no arrival date is inferred.
02107276-print,02107276,02107276,ir00363100,ir00363100,print_place,first,0,1,,,Augsburg,Augsburg,,,,,,,,,,Ink 7.H.107,1495,1495,,,gw_extracted_year_range,,place_name_not_yet_geocoded,edition_level_print_statement,GW,M39194,https://gesamtkatalogderwiegendrucke.de/docs/M39194.htm,data/derived/prayer-book-corpus.csv,Printing statement shared by copies of the edition.
02107276-p001-loc01,02107276,02107276,ir00363100,ir00363100,provenance_place,intermediate,1,1,02107276-p001,02107276-p001-loc01,Vienna,Vienna,Vienna,GeoNames,2761369,https://www.geonames.org/2761369,48.20849,16.37208,Austria,,,Ink 7.H.107,,,,,undated,a,coordinates_supplied,copy_level_provenance_place,MEI,02107276-p001,https://data.cerl.org/mei/02107276,data/expanded/mei-corpus.json,
02107276-current,02107276,02107276,ir00363100,ir00363100,current_holding,last,2,1,,,"Wien, Österreichische  Nationalbibliothek",,,,,,,,AT,WienONB,"Wien, Österreichische  Nationalbibliothek",Ink 7.H.107,,,,2026-09-30,current_observation_only,,holding_institution_not_yet_geocoded,current_holding_statement,MEI,02107276,https://data.cerl.org/mei/02107276,data/expanded/mei-corpus.json,Observed as the current holding institution; no arrival date is inferred.
02117615-print,02117615,02117615,is00362000,is00362000,print_place,first,0,1,,,Nürnberg,Nürnberg,,,,,,,,,,Ink 6.F.5,1473,1473,,,gw_extracted_year_range,,place_name_not_yet_geocoded,edition_level_print_statement,GW,M41175,https://gesamtkatalogderwiegendrucke.de/docs/M41175.htm,data/derived/prayer-book-corpus.csv,Printing statement shared by copies of the edition.
02117615-p001-loc01,02117615,02117615,is00362000,is00362000,provenance_place,intermediate,1,1,02117615-p001,02117615-p001-loc01,Vienna,Vienna,Vienna,GeoNames,2761369,https://www.geonames.org/2761369,48.20849,16.37208,Austria,,,Ink 6.F.5,,,,,undated,a,coordinates_supplied,copy_level_provenance_place,MEI,02117615-p001,https://data.cerl.org/mei/02117615,data/expanded/mei-corpus.json,
02117615-current,02117615,02117615,is00362000,is00362000,current_holding,last,2,1,,,"Wien, Österreichische  Nationalbibliothek",,,,,,,,AT,WienONB,"Wien, Österreichische  Nationalbibliothek",Ink 6.F.5,,,,2026-09-30,current_observation_only,,holding_institution_not_yet_geocoded,current_holding_statement,MEI,02117615,https://data.cerl.org/mei/02117615,data/expanded/mei-corpus.json,Observed as the current holding institution; no arrival date is inferred.
02125583-print,02125583,02125583,is00362000,is00362000,print_place,first,0,1,,,Nürnberg,Nürnberg,,,,,,,,,,Inc 2127,1473,1473,,,gw_extracted_year_range,,place_name_not_yet_geocoded,edition_level_print_statement,GW,M41175,https://gesamtkatalogderwiegendrucke.de/docs/M41175.htm,data/derived/prayer-book-corpus.csv,Printing statement shared by copies of the edition.
02125583-p002-loc01,02125583,02125583,is00362000,is00362000,provenance_place,intermediate,2,1,02125583-p002,02125583-p002-loc01,London,London,London,GeoNames,2643743,https://www.geonames.org/2643743,51.50853,-0.12574,United Kingdom,,,Inc 2127,1892,1926,19 | 20,,mei_timeperiod,a,coordinates_supplied,copy_level_provenance_place,MEI,02125583-p002,https://data.cerl.org/mei/02125583,data/expanded/mei-corpus.json,
02125583-p003-loc01,02125583,02125583,is00362000,is00362000,provenance_place,intermediate,3,1,02125583-p003,02125583-p003-loc01,Florence,Florence,Florence,GeoNames,3176959,https://www.geonames.org/3176959,43.77925,11.24626,Italy,,,Inc 2127,1926,1940,20,,mei_timeperiod,a,coordinates_supplied,copy_level_provenance_place,MEI,02125583-p003,https://data.cerl.org/mei/02125583,data/expanded/mei-corpus.json,
02125583-p004-loc01,02125583,02125583,is00362000,is00362000,provenance_place,intermediate,4,1,02125583-p004,02125583-p004-loc01,Boston,Boston,Boston,GeoNames,4930956,https://www.geonames.org/4930956,42.35843,-71.05977,United States,,,Inc 2127,1940,1957,20,,mei_timeperiod,a,coordinates_supplied,copy_level_provenance_place,MEI,02125583-p004,https://data.cerl.org/mei/02125583,data/expanded/mei-corpus.json,
02125583-p005-loc01,02125583,02125583,is00362000,is00362000,provenance_place,intermediate,5,1,02125583-p005,02125583-p005-loc01,Cambridge,Cambridge,Cambridge,GeoNames,4931972,https://www.geonames.org/4931972,42.3751,-71.10561,United States,,,Inc 2127,1957,,20,,mei_timeperiod,a,coordinates_supplied,copy_level_provenance_place,MEI,02125583-p005,https://data.cerl.org/mei/02125583,data/expanded/mei-corpus.json,
02125583-current,02125583,02125583,is00362000,is00362000,current_holding,last,6,1,,,"Cambridge MA, Harvard University, Houghton Library",,,,,,,,US,HarvardHoughton,"Cambridge MA, Harvard University, Houghton Library",Inc 2127,,,,2026-09-30,current_observation_only,,holding_institution_not_yet_geocoded,current_holding_statement,MEI,02125583,https://data.cerl.org/mei/02125583,data/expanded/mei-corpus.json,Observed as the current holding institution; no arrival date is inferred.
02178425-print,02178425,02178425,is00362000,is00362000,print_place,first,0,1,,,Nürnberg,Nürnberg,,,,,,,,,,Slg: N 16,1473,1473,,,gw_extracted_year_range,,place_name_not_yet_geocoded,edition_level_print_statement,GW,M41175,https://gesamtkatalogderwiegendrucke.de/docs/M41175.htm,data/derived/prayer-book-corpus.csv,Printing statement shared by copies of the edition.
02178425-p001-loc01,02178425,02178425,is00362000,is00362000,provenance_place,intermediate,1,1,02178425-p001,02178425-p001-loc01,Germany,,Germany,GeoNames,2921044,https://www.geonames.org/2921044,51.5,10.5,Germany,,,Slg: N 16,1473,1500,15,,mei_timeperiod,a,coordinates_supplied,copy_level_provenance_place,MEI,02178425-p001,https://data.cerl.org/mei/02178425,data/expanded/mei-corpus.json,
02178425-p003-loc01,02178425,02178425,is00362000,is00362000,provenance_place,intermediate,3,1,02178425-p003,02178425-p003-loc01,Nuremberg,,Nuremberg,GeoNames,2861650,https://www.geonames.org/2861650,49.45421,11.07752,Germany,,,Slg: N 16,1558,1562,16,16th century,mei_timeperiod,a,coordinates_supplied,copy_level_provenance_place,MEI,02178425-p003,https://data.cerl.org/mei/02178425,data/expanded/mei-corpus.json,
02178425-p005-loc01,02178425,02178425,is00362000,is00362000,provenance_place,intermediate,5,1,02178425-p005,02178425-p005-loc01,Nuremberg,Nürnberg,Nuremberg,GeoNames,2861650,https://www.geonames.org/2861650,49.45421,11.07752,Germany,,,Slg: N 16,1852,,19,1961-,mei_timeperiod,a,coordinates_supplied,copy_level_provenance_place,MEI,02178425-p005,https://data.cerl.org/mei/02178425,data/expanded/mei-corpus.json,
02178425-current,02178425,02178425,is00362000,is00362000,current_holding,last,6,1,,,"Nürnberg, Germanisches Nationalmuseum, Bibliothek",,,,,,,,DE,NueGN,"Nürnberg, Germanisches Nationalmuseum, Bibliothek",Slg: N 16,,,,2026-09-30,current_observation_only,,holding_institution_not_yet_geocoded,current_holding_statement,MEI,02178425,https://data.cerl.org/mei/02178425,data/expanded/mei-corpus.json,Observed as the current holding institution; no arrival date is inferred.
02119147-print,02119147,02119147,is00363000,is00363000,print_place,first,0,1,,,Nürnberg,Nürnberg,,,,,,,,,,Ink 6.F.8,1474,1474,,,gw_extracted_year_range,,place_name_not_yet_geocoded,edition_level_print_statement,GW,M41177,https://gesamtkatalogderwiegendrucke.de/docs/M41177.htm,data/derived/prayer-book-corpus.csv,Printing statement shared by copies of the edition.
02119147-p001-loc01,02119147,02119147,is00363000,is00363000,provenance_place,intermediate,1,1,02119147-p001,02119147-p001-loc01,Vienna,Vienna,Vienna,GeoNames,2761369,https://www.geonames.org/2761369,48.20849,16.37208,Austria,,,Ink 6.F.8,,,,,undated,a,coordinates_supplied,copy_level_provenance_place,MEI,02119147-p001,https://data.cerl.org/mei/02119147,data/expanded/mei-corpus.json,
02119147-current,02119147,02119147,is00363000,is00363000,current_holding,last,2,1,,,"Wien, Österreichische  Nationalbibliothek",,,,,,,,AT,WienONB,"Wien, Österreichische  Nationalbibliothek",Ink 6.F.8,,,,2026-09-30,current_observation_only,,holding_institution_not_yet_geocoded,current_holding_statement,MEI,02119147,https://data.cerl.org/mei/02119147,data/expanded/mei-corpus.json,Observed as the current holding institution; no arrival date is inferred.
02174836-print,02174836,02174836,is00363000,is00363000,print_place,first,0,1,,,Nürnberg,Nürnberg,,,,,,,,,,DQ IV 19/2,1474,1474,,,gw_extracted_year_range,,place_name_not_yet_geocoded,edition_level_print_statement,GW,M41177,https://gesamtkatalogderwiegendrucke.de/docs/M41177.htm,data/derived/prayer-book-corpus.csv,Printing statement shared by copies of the edition.
02174836-p001-loc01,02174836,02174836,is00363000,is00363000,provenance_place,intermediate,1,1,02174836-p001,02174836-p001-loc01,Germany,,Germany,GeoNames,2921044,https://www.geonames.org/2921044,51.5,10.5,Germany,,,DQ IV 19/2,1493,1500,15,,mei_timeperiod,a,coordinates_supplied,copy_level_provenance_place,MEI,02174836-p001,https://data.cerl.org/mei/02174836,data/expanded/mei-corpus.json,
02174836-p002-loc01,02174836,02174836,is00363000,is00363000,provenance_place,intermediate,2,1,02174836-p002,02174836-p002-loc01,Berlin,Berlin,Berlin,GeoNames,2950159,https://www.geonames.org/2950159,52.52437,13.41053,Germany,,,DQ IV 19/2,1603,,17,,mei_timeperiod,a,coordinates_supplied,copy_level_provenance_place,MEI,02174836-p002,https://data.cerl.org/mei/02174836,data/expanded/mei-corpus.json,
02174836-p003-loc01,02174836,02174836,is00363000,is00363000,provenance_place,intermediate,3,1,02174836-p003,02174836-p003-loc01,Hradčany,Prague,Hradčany,GeoNames,3074982,https://www.geonames.org/3074982,50.0895,14.39758,Czechia,,,DQ IV 19/2,1650,,17,,mei_timeperiod,a,coordinates_supplied,copy_level_provenance_place,MEI,02174836-p003,https://data.cerl.org/mei/02174836,data/expanded/mei-corpus.json,
02174836-current,02174836,02174836,is00363000,is00363000,current_holding,last,4,1,,,"Praha, Strahovský klášter",,,,,,,,CZ,PragueStrahov,"Praha, Strahovský klášter",DQ IV 19/2,,,,2026-09-30,current_observation_only,,holding_institution_not_yet_geocoded,current_holding_statement,MEI,02174836,https://data.cerl.org/mei/02174836,data/expanded/mei-corpus.json,Observed as the current holding institution; no arrival date is inferred.
02174835-print,02174835,02174835,is00363000,is00363000,print_place,first,0,1,,,Nürnberg,Nürnberg,,,,,,,,,,DQ IV 19/2,1474,1474,,,gw_extracted_year_range,,place_name_not_yet_geocoded,edition_level_print_statement,GW,M41177,https://gesamtkatalogderwiegendrucke.de/docs/M41177.htm,data/derived/prayer-book-corpus.csv,Printing statement shared by copies of the edition.
02174835-p001-loc01,02174835,02174835,is00363000,is00363000,provenance_place,intermediate,1,1,02174835-p001,02174835-p001-loc01,Germany,,Germany,GeoNames,2921044,https://www.geonames.org/2921044,51.5,10.5,Germany,,,DQ IV 19/2,1493,1500,15,,mei_timeperiod,a,coordinates_supplied,copy_level_provenance_place,MEI,02174835-p001,https://data.cerl.org/mei/02174835,data/expanded/mei-corpus.json,
02174835-p002-loc01,02174835,02174835,is00363000,is00363000,provenance_place,intermediate,2,1,02174835-p002,02174835-p002-loc01,Berlin,Berlin,Berlin,GeoNames,2950159,https://www.geonames.org/2950159,52.52437,13.41053,Germany,,,DQ IV 19/2,1603,,17,,mei_timeperiod,a,coordinates_supplied,copy_level_provenance_place,MEI,02174835-p002,https://data.cerl.org/mei/02174835,data/expanded/mei-corpus.json,
02174835-p003-loc01,02174835,02174835,is00363000,is00363000,provenance_place,intermediate,3,1,02174835-p003,02174835-p003-loc01,Hradčany,Prague,Hradčany,GeoNames,3074982,https://www.geonames.org/3074982,50.0895,14.39758,Czechia,,,DQ IV 19/2,1650,,17,,mei_timeperiod,a,coordinates_supplied,copy_level_provenance_place,MEI,02174835-p003,https://data.cerl.org/mei/02174835,data/expanded/mei-corpus.json,
02174835-current,02174835,02174835,is00363000,is00363000,current_holding,last,4,1,,,"Praha, Strahovský klášter",,,,,,,,CZ,PragueStrahov,"Praha, Strahovský klášter",DQ IV 19/2,,,,2026-09-30,current_observation_only,,holding_institution_not_yet_geocoded,current_holding_statement,MEI,02174835,https://data.cerl.org/mei/02174835,data/expanded/mei-corpus.json,Observed as the current holding institution; no arrival date is inferred.
02178424-print,02178424,02178424,is00364000,is00364000,print_place,first,0,1,,,Ulm,Ulm,,,,,,,,,,Inc. 4° 5834,1483,1483,,,gw_extracted_year_range,,place_name_not_yet_geocoded,edition_level_print_statement,GW,M41167,https://gesamtkatalogderwiegendrucke.de/docs/M41167.htm,data/derived/prayer-book-corpus.csv,Printing statement shared by copies of the edition.
02178424-p002-loc01,02178424,02178424,is00364000,is00364000,provenance_place,intermediate,2,1,02178424-p002,02178424-p002-loc01,Inzkofen,,Inzkofen,GeoNames,2895888,https://www.geonames.org/2895888,48.49319,11.89021,Germany,,,Inc. 4° 5834,,,,16th century,mei_evidence_date_only,a,coordinates_supplied,copy_level_provenance_place,MEI,02178424-p002,https://data.cerl.org/mei/02178424,data/expanded/mei-corpus.json,
02178424-p004-loc01,02178424,02178424,is00364000,is00364000,provenance_place,intermediate,4,1,02178424-p004,02178424-p004-loc01,Bavaria,Bavaria,Bavaria,GeoNames,2951839,https://www.geonames.org/2951839,49,11.5,Germany,,,Inc. 4° 5834,1801,1872,19,-1863,mei_timeperiod,a,coordinates_supplied,copy_level_provenance_place,MEI,02178424-p004,https://data.cerl.org/mei/02178424,data/expanded/mei-corpus.json,
02178424-p005-loc01,02178424,02178424,is00364000,is00364000,provenance_place,intermediate,5,1,02178424-p005,02178424-p005-loc01,Nuremberg,Nürnberg,Nuremberg,GeoNames,2861650,https://www.geonames.org/2861650,49.45421,11.07752,Germany,,,Inc. 4° 5834,1852,,19,1863-,mei_timeperiod,a,coordinates_supplied,copy_level_provenance_place,MEI,02178424-p005,https://data.cerl.org/mei/02178424,data/expanded/mei-corpus.json,
02178424-current,02178424,02178424,is00364000,is00364000,current_holding,last,6,1,,,"Nürnberg, Germanisches Nationalmuseum, Bibliothek",,,,,,,,DE,NueGN,"Nürnberg, Germanisches Nationalmuseum, Bibliothek",Inc. 4° 5834,,,,2026-09-30,current_observation_only,,holding_institution_not_yet_geocoded,current_holding_statement,MEI,02178424,https://data.cerl.org/mei/02178424,data/expanded/mei-corpus.json,Observed as the current holding institution; no arrival date is inferred.
02119146-print,02119146,02119146,is00365000,is00365000,print_place,first,0,1,,,Ulm,Ulm,,,,,,,,,,Ink 23.E.28,1483,1483,,,gw_extracted_year_range,,place_name_not_yet_geocoded,edition_level_print_statement,GW,M41170,https://gesamtkatalogderwiegendrucke.de/docs/M41170.htm,data/derived/prayer-book-corpus.csv,Printing statement shared by copies of the edition.
02119146-p001-loc01,02119146,02119146,is00365000,is00365000,provenance_place,intermediate,1,1,02119146-p001,02119146-p001-loc01,Vienna,Vienna,Vienna,GeoNames,2761369,https://www.geonames.org/2761369,48.20849,16.37208,Austria,,,Ink 23.E.28,,,,,undated,a,coordinates_supplied,copy_level_provenance_place,MEI,02119146-p001,https://data.cerl.org/mei/02119146,data/expanded/mei-corpus.json,
02119146-current,02119146,02119146,is00365000,is00365000,current_holding,last,2,1,,,"Wien, Österreichische  Nationalbibliothek",,,,,,,,AT,WienONB,"Wien, Österreichische  Nationalbibliothek",Ink 23.E.28,,,,2026-09-30,current_observation_only,,holding_institution_not_yet_geocoded,current_holding_statement,MEI,02119146,https://data.cerl.org/mei/02119146,data/expanded/mei-corpus.json,Observed as the current holding institution; no arrival date is inferred.
02133601-print,02133601,02133601,is00365000,is00365000,print_place,first,0,1,,,Ulm,Ulm,,,,,,,,,,ZBS Rar 196,1483,1483,,,gw_extracted_year_range,,place_name_not_yet_geocoded,edition_level_print_statement,GW,M41170,https://gesamtkatalogderwiegendrucke.de/docs/M41170.htm,data/derived/prayer-book-corpus.csv,Printing statement shared by copies of the edition.
02133601-p001-loc01,02133601,02133601,is00365000,is00365000,provenance_place,intermediate,1,1,02133601-p001,02133601-p001-loc01,Solothurn,Solothurn,Solothurn,GeoNames,2658564,https://www.geonames.org/2658564,47.20791,7.53714,Switzerland,,,ZBS Rar 196,1605,1610,17,,mei_timeperiod,a,coordinates_supplied,copy_level_provenance_place,MEI,02133601-p001,https://data.cerl.org/mei/02133601,data/expanded/mei-corpus.json,
02133601-p002-loc01,02133601,02133601,is00365000,is00365000,provenance_place,intermediate,2,1,02133601-p002,02133601-p002-loc01,Solothurn,Solothurn,Solothurn,GeoNames,2658564,https://www.geonames.org/2658564,47.20791,7.53714,Switzerland,,,ZBS Rar 196,,,,,undated,a,coordinates_supplied,copy_level_provenance_place,MEI,02133601-p002,https://data.cerl.org/mei/02133601,data/expanded/mei-corpus.json,
02133601-current,02133601,02133601,is00365000,is00365000,current_holding,last,3,1,,,"Solothurn, Zentralbibliothek ",,,,,,,,CH,SolothurnZB,"Solothurn, Zentralbibliothek ",ZBS Rar 196,,,,2026-09-30,current_observation_only,,holding_institution_not_yet_geocoded,current_holding_statement,MEI,02133601,https://data.cerl.org/mei/02133601,data/expanded/mei-corpus.json,Observed as the current holding institution; no arrival date is inferred.
02119145-print,02119145,02119145,is00366000,is00366000,print_place,first,0,1,,,Augsburg,Augsburg,,,,,,,,,,Ink 13.F.17,1484,1484,,,gw_extracted_year_range,,place_name_not_yet_geocoded,edition_level_print_statement,GW,M41162,https://gesamtkatalogderwiegendrucke.de/docs/M41162.htm,data/derived/prayer-book-corpus.csv,Printing statement shared by copies of the edition.
02119145-p001-loc01,02119145,02119145,is00366000,is00366000,provenance_place,intermediate,1,1,02119145-p001,02119145-p001-loc01,Vienna,Vienna,Vienna,GeoNames,2761369,https://www.geonames.org/2761369,48.20849,16.37208,Austria,,,Ink 13.F.17,,,,,undated,a,coordinates_supplied,copy_level_provenance_place,MEI,02119145-p001,https://data.cerl.org/mei/02119145,data/expanded/mei-corpus.json,
02119145-current,02119145,02119145,is00366000,is00366000,current_holding,last,2,1,,,"Wien, Österreichische  Nationalbibliothek",,,,,,,,AT,WienONB,"Wien, Österreichische  Nationalbibliothek",Ink 13.F.17,,,,2026-09-30,current_observation_only,,holding_institution_not_yet_geocoded,current_holding_statement,MEI,02119145,https://data.cerl.org/mei/02119145,data/expanded/mei-corpus.json,Observed as the current holding institution; no arrival date is inferred.
00570483-print,00570483,00570483,is00366200,is00366200,print_place,first,0,1,,,Augsburg,Augsburg,,,,,,,,,,2.109,1488,1488,,,gw_extracted_year_range,,place_name_not_yet_geocoded,edition_level_print_statement,GW,M41163,https://gesamtkatalogderwiegendrucke.de/docs/M41163.htm,data/derived/prayer-book-corpus.csv,Printing statement shared by copies of the edition.
00570483-p001-loc01,00570483,00570483,is00366200,is00366200,provenance_place,intermediate,1,1,00570483-p001,00570483-p001-loc01,Zurich,Zürich,Zurich,GeoNames,2657896,https://www.geonames.org/2657896,47.36667,8.55,Switzerland,,,2.109,,1630,15 | 16 | 17,1630,mei_timeperiod,a,coordinates_supplied,copy_level_provenance_place,MEI,00570483-p001,https://data.cerl.org/mei/00570483,data/expanded/mei-corpus.json,
00570483-p002-loc01,00570483,00570483,is00366200,is00366200,provenance_place,intermediate,2,1,00570483-p002,00570483-p002-loc01,Zurich,Zürich,Zurich,GeoNames,2657896,https://www.geonames.org/2657896,47.36667,8.55,Switzerland,,,2.109,1630,1915,17 | 18 | 19 | 20,1630,mei_timeperiod,a,coordinates_supplied,copy_level_provenance_place,MEI,00570483-p002,https://data.cerl.org/mei/00570483,data/expanded/mei-corpus.json,
00570483-p003-loc01,00570483,00570483,is00366200,is00366200,provenance_place,intermediate,3,1,00570483-p003,00570483-p003-loc01,Zurich,Zürich,Zurich,GeoNames,2657896,https://www.geonames.org/2657896,47.36667,8.55,Switzerland,,,2.109,1916,,20,,mei_timeperiod,a,coordinates_supplied,copy_level_provenance_place,MEI,00570483-p003,https://data.cerl.org/mei/00570483,data/expanded/mei-corpus.json,
00570483-current,00570483,00570483,is00366200,is00366200,current_holding,last,4,1,,,"Zürich, Zentralbibliothek",,,,,,,,CH,ZurichZB,"Zürich, Zentralbibliothek",2.109,,,,2026-09-30,current_observation_only,,holding_institution_not_yet_geocoded,current_holding_statement,MEI,00570483,https://data.cerl.org/mei/00570483,data/expanded/mei-corpus.json,Observed as the current holding institution; no arrival date is inferred.
02137129-print,02137129,02137129,is00366250,is00366250,print_place,first,0,1,,,Ulm,Ulm,,,,,,,,,,in: Gb 473.2,1488,1488,,,gw_extracted_year_range,,place_name_not_yet_geocoded,edition_level_print_statement,GW,M41173,https://gesamtkatalogderwiegendrucke.de/docs/M41173.htm,data/derived/prayer-book-corpus.csv,Printing statement shared by copies of the edition.
02137129-p001-loc01,02137129,02137129,is00366250,is00366250,provenance_place,intermediate,1,1,02137129-p001,02137129-p001-loc01,Tübingen,Tübingen,,,,,,,,,,in: Gb 473.2,,,,,undated,,name_only,copy_level_provenance_place,MEI,02137129-p001,https://data.cerl.org/mei/02137129,data/expanded/mei-corpus.json,
02137129-current,02137129,02137129,is00366250,is00366250,current_holding,last,2,1,,,"Tübingen, Universitätsbibliothek",,,,,,,,DE,TubingenUB,"Tübingen, Universitätsbibliothek",in: Gb 473.2,,,,2026-09-30,current_observation_only,,holding_institution_not_yet_geocoded,current_holding_statement,MEI,02137129,https://data.cerl.org/mei/02137129,data/expanded/mei-corpus.json,Observed as the current holding institution; no arrival date is inferred.
02137128-print,02137128,02137128,is00366250,is00366250,print_place,first,0,1,,,Ulm,Ulm,,,,,,,,,,1 in: Gb 508.4,1488,1488,,,gw_extracted_year_range,,place_name_not_yet_geocoded,edition_level_print_statement,GW,M41173,https://gesamtkatalogderwiegendrucke.de/docs/M41173.htm,data/derived/prayer-book-corpus.csv,Printing statement shared by copies of the edition.
02137128-p002-loc01,02137128,02137128,is00366250,is00366250,provenance_place,intermediate,2,1,02137128-p002,02137128-p002-loc01,Tübingen,Tübingen,,,,,,,,,,1 in: Gb 508.4,,,,,undated,,name_only,copy_level_provenance_place,MEI,02137128-p002,https://data.cerl.org/mei/02137128,data/expanded/mei-corpus.json,
02137128-p003-loc01,02137128,02137128,is00366250,is00366250,provenance_place,intermediate,3,1,02137128-p003,02137128-p003-loc01,Einbände (ohne Nachweis),Einbände (ohne Nachweis),,,,,,,,,,1 in: Gb 508.4,,,,,undated,,name_only,copy_level_provenance_place,MEI,02137128-p003,https://data.cerl.org/mei/02137128,data/expanded/mei-corpus.json,
02137128-p004-loc01,02137128,02137128,is00366250,is00366250,provenance_place,intermediate,4,1,02137128-p004,02137128-p004-loc01,Tübingen,Tübingen,,,,,,,,,,1 in: Gb 508.4,,,,,undated,,name_only,copy_level_provenance_place,MEI,02137128-p004,https://data.cerl.org/mei/02137128,data/expanded/mei-corpus.json,
02137128-current,02137128,02137128,is00366250,is00366250,current_holding,last,5,1,,,"Tübingen, Universitätsbibliothek",,,,,,,,DE,TubingenUB,"Tübingen, Universitätsbibliothek",1 in: Gb 508.4,,,,2026-09-30,current_observation_only,,holding_institution_not_yet_geocoded,current_holding_statement,MEI,02137128,https://data.cerl.org/mei/02137128,data/expanded/mei-corpus.json,Observed as the current holding institution; no arrival date is inferred.
