place_occurrence_id,provenance_id,mei_id,place_sequence,name,preferred_placename,geonames_id,geonames_url,latitude,longitude,country,variant_placenames,variant_placename_count,place_note
00559195-p001-loc01,00559195-p001,00559195,1,Cambridge,Cambridge,2653941,https://www.geonames.org/2653941,52.2,0.11667,United Kingdom,케임브리지 | Caergrawnt | Cambridge | Cantabrigia | CBG | GBCMG | Grantanbrycg | Kambrij | Kembric | Kembridža | Kembridžas | Kembriĝo | Kiam-khiâu | Κέμπριτζ | Кеймбридж | Кембридж | Кембриҷ | Кембриџ | Кембрідж | Кембрыдж | კემბრიჯი | Քեմբրիջ | קיימברידג' | كامبريدج | کمبریج | کیمبرج | केंब्रिज | ক্যামব্রিজ | ಕೇಂಬ್ರಿಜ್ | കേംബ്രിഡ്ജ് | เคมบริดจ์ | ကိန်းဘရစ်ချ်မြို့ | ケンブリッジ | 劍橋,34,
02010644-p003-loc01,02010644-p003,02010644,1,London,London,2643743,https://www.geonames.org/2643743,51.50853,-0.12574,United Kingdom,런던 | ᎫᎴ ᏗᏍᎪᏂᎯᏱ | ܠܘܢܕܘܢ | ለንደን | ロンドン | ଲଣ୍ଡନ | ลอนดอน | ລອນດອນ | GBLON | ILondon | Lākana | Landan | Landen | Llundain | Lodoni | LON | Londain | Londar | Londe | Londen | Londin | Londinium | Londn | london | London | Londona | Londonas | Londoni | Londono | Londons | Lọndọnu | Londra | Łondra | Londres | Londrez | Londri | Londro | Londye | Londyn | Londýn | Lonn | Lontoo | Loundres | Luân Đôn | Lunden | Lundra | Lůndůn | Lundúnir | Lùng-dŭng | Lunnainn | Lunnin | Lunnon | Lûn-tun | Lùn-tûn | Q84 | Rānana | لأندأن | لندن | لەندەن | لوندون | לאנדאן | לונדון | Λονδίνο | Лёндан | Лондан | Лондон | Лондон ош | Лондонъ | ལོན་ཊོན། | Լոնդոն | Լոնտոն | ლონდონი | लण्डन | लन्डन् | लन्दन | लंडन | लंदन | લંડન | లండన్ | ਲੰਡਨ | ಲಂಡನ್ | இலண்டன் | ലണ്ടൻ | লন্ডন | လန်ဒန်မြို့ | ලන්ඩන් | 伦敦 | 倫敦,88,
02010644-p004-loc01,02010644-p004,02010644,1,London,London,2643743,https://www.geonames.org/2643743,51.50853,-0.12574,United Kingdom,런던 | ᎫᎴ ᏗᏍᎪᏂᎯᏱ | ܠܘܢܕܘܢ | ለንደን | ロンドン | ଲଣ୍ଡନ | ลอนดอน | ລອນດອນ | GBLON | ILondon | Lākana | Landan | Landen | Llundain | Lodoni | LON | Londain | Londar | Londe | Londen | Londin | Londinium | Londn | london | London | Londona | Londonas | Londoni | Londono | Londons | Lọndọnu | Londra | Łondra | Londres | Londrez | Londri | Londro | Londye | Londyn | Londýn | Lonn | Lontoo | Loundres | Luân Đôn | Lunden | Lundra | Lůndůn | Lundúnir | Lùng-dŭng | Lunnainn | Lunnin | Lunnon | Lûn-tun | Lùn-tûn | Q84 | Rānana | لأندأن | لندن | لەندەن | لوندون | לאנדאן | לונדון | Λονδίνο | Лёндан | Лондан | Лондон | Лондон ош | Лондонъ | ལོན་ཊོན། | Լոնդոն | Լոնտոն | ლონდონი | लण्डन | लन्डन् | लन्दन | लंडन | लंदन | લંડન | లండన్ | ਲੰਡਨ | ಲಂಡನ್ | இலண்டன் | ലണ്ടൻ | লন্ডন | လန်ဒန်မြို့ | ලන්ඩන් | 伦敦 | 倫敦,88,
02010644-p005-loc01,02010644-p005,02010644,1,London,London,2643743,https://www.geonames.org/2643743,51.50853,-0.12574,United Kingdom,런던 | ᎫᎴ ᏗᏍᎪᏂᎯᏱ | ܠܘܢܕܘܢ | ለንደን | ロンドン | ଲଣ୍ଡନ | ลอนดอน | ລອນດອນ | GBLON | ILondon | Lākana | Landan | Landen | Llundain | Lodoni | LON | Londain | Londar | Londe | Londen | Londin | Londinium | Londn | london | London | Londona | Londonas | Londoni | Londono | Londons | Lọndọnu | Londra | Łondra | Londres | Londrez | Londri | Londro | Londye | Londyn | Londýn | Lonn | Lontoo | Loundres | Luân Đôn | Lunden | Lundra | Lůndůn | Lundúnir | Lùng-dŭng | Lunnainn | Lunnin | Lunnon | Lûn-tun | Lùn-tûn | Q84 | Rānana | لأندأن | لندن | لەندەن | لوندون | לאנדאן | לונדון | Λονδίνο | Лёндан | Лондан | Лондон | Лондон ош | Лондонъ | ལོན་ཊོན། | Լոնդոն | Լոնտոն | ლონდონი | लण्डन | लन्डन् | लन्दन | लंडन | लंदन | લંડન | లండన్ | ਲੰਡਨ | ಲಂಡನ್ | இலண்டன் | ലണ്ടൻ | লন্ডন | လန်ဒန်မြို့ | ලන්ඩන් | 伦敦 | 倫敦,88,
02010644-p006-loc01,02010644-p006,02010644,1,Cambridge,Cambridge,2653941,https://www.geonames.org/2653941,52.2,0.11667,United Kingdom,케임브리지 | Caergrawnt | Cambridge | Cantabrigia | CBG | GBCMG | Grantanbrycg | Kambrij | Kembric | Kembridža | Kembridžas | Kembriĝo | Kiam-khiâu | Κέμπριτζ | Кеймбридж | Кембридж | Кембриҷ | Кембриџ | Кембрідж | Кембрыдж | კემბრიჯი | Քեմբրիջ | קיימברידג' | كامبريدج | کمبریج | کیمبرج | केंब्रिज | ক্যামব্রিজ | ಕೇಂಬ್ರಿಜ್ | കേംബ്രിഡ്ജ് | เคมบริดจ์ | ကိန်းဘရစ်ချ်မြို့ | ケンブリッジ | 劍橋,34,
02010644-p007-loc01,02010644-p007,02010644,1,London,London,2643743,https://www.geonames.org/2643743,51.50853,-0.12574,United Kingdom,런던 | ᎫᎴ ᏗᏍᎪᏂᎯᏱ | ܠܘܢܕܘܢ | ለንደን | ロンドン | ଲଣ୍ଡନ | ลอนดอน | ລອນດອນ | GBLON | ILondon | Lākana | Landan | Landen | Llundain | Lodoni | LON | Londain | Londar | Londe | Londen | Londin | Londinium | Londn | london | London | Londona | Londonas | Londoni | Londono | Londons | Lọndọnu | Londra | Łondra | Londres | Londrez | Londri | Londro | Londye | Londyn | Londýn | Lonn | Lontoo | Loundres | Luân Đôn | Lunden | Lundra | Lůndůn | Lundúnir | Lùng-dŭng | Lunnainn | Lunnin | Lunnon | Lûn-tun | Lùn-tûn | Q84 | Rānana | لأندأن | لندن | لەندەن | لوندون | לאנדאן | לונדון | Λονδίνο | Лёндан | Лондан | Лондон | Лондон ош | Лондонъ | ལོན་ཊོན། | Լոնդոն | Լոնտոն | ლონდონი | लण्डन | लन्डन् | लन्दन | लंडन | लंदन | લંડન | లండన్ | ਲੰਡਨ | ಲಂಡನ್ | இலண்டன் | ലണ്ടൻ | লন্ডন | လန်ဒန်မြို့ | ලන්ඩන් | 伦敦 | 倫敦,88,
00559194-p002-loc01,00559194-p002,00559194,1,Cambridge,Cambridge,2653941,https://www.geonames.org/2653941,52.2,0.11667,United Kingdom,케임브리지 | Caergrawnt | Cambridge | Cantabrigia | CBG | GBCMG | Grantanbrycg | Kambrij | Kembric | Kembridža | Kembridžas | Kembriĝo | Kiam-khiâu | Κέμπριτζ | Кеймбридж | Кембридж | Кембриҷ | Кембриџ | Кембрідж | Кембрыдж | კემბრიჯი | Քեմբրիջ | קיימברידג' | كامبريدج | کمبریج | کیمبرج | केंब्रिज | ক্যামব্রিজ | ಕೇಂಬ್ರಿಜ್ | കേംബ്രിഡ്ജ് | เคมบริดจ์ | ကိန်းဘရစ်ချ်မြို့ | ケンブリッジ | 劍橋,34,
02010646-p004-loc01,02010646-p004,02010646,1,London,London,2643743,https://www.geonames.org/2643743,51.50853,-0.12574,United Kingdom,런던 | ᎫᎴ ᏗᏍᎪᏂᎯᏱ | ܠܘܢܕܘܢ | ለንደን | ロンドン | ଲଣ୍ଡନ | ลอนดอน | ລອນດອນ | GBLON | ILondon | Lākana | Landan | Landen | Llundain | Lodoni | LON | Londain | Londar | Londe | Londen | Londin | Londinium | Londn | london | London | Londona | Londonas | Londoni | Londono | Londons | Lọndọnu | Londra | Łondra | Londres | Londrez | Londri | Londro | Londye | Londyn | Londýn | Lonn | Lontoo | Loundres | Luân Đôn | Lunden | Lundra | Lůndůn | Lundúnir | Lùng-dŭng | Lunnainn | Lunnin | Lunnon | Lûn-tun | Lùn-tûn | Q84 | Rānana | لأندأن | لندن | لەندەن | لوندون | לאנדאן | לונדון | Λονδίνο | Лёндан | Лондан | Лондон | Лондон ош | Лондонъ | ལོན་ཊོན། | Լոնդոն | Լոնտոն | ლონდონი | लण्डन | लन्डन् | लन्दन | लंडन | लंदन | લંડન | లండన్ | ਲੰਡਨ | ಲಂಡನ್ | இலண்டன் | ലണ്ടൻ | লন্ডন | လန်ဒန်မြို့ | ලන්ඩන් | 伦敦 | 倫敦,88,
02010646-p005-loc01,02010646-p005,02010646,1,London,London,2643743,https://www.geonames.org/2643743,51.50853,-0.12574,United Kingdom,런던 | ᎫᎴ ᏗᏍᎪᏂᎯᏱ | ܠܘܢܕܘܢ | ለንደን | ロンドン | ଲଣ୍ଡନ | ลอนดอน | ລອນດອນ | GBLON | ILondon | Lākana | Landan | Landen | Llundain | Lodoni | LON | Londain | Londar | Londe | Londen | Londin | Londinium | Londn | london | London | Londona | Londonas | Londoni | Londono | Londons | Lọndọnu | Londra | Łondra | Londres | Londrez | Londri | Londro | Londye | Londyn | Londýn | Lonn | Lontoo | Loundres | Luân Đôn | Lunden | Lundra | Lůndůn | Lundúnir | Lùng-dŭng | Lunnainn | Lunnin | Lunnon | Lûn-tun | Lùn-tûn | Q84 | Rānana | لأندأن | لندن | لەندەن | لوندون | לאנדאן | לונדון | Λονδίνο | Лёндан | Лондан | Лондон | Лондон ош | Лондонъ | ལོན་ཊོན། | Լոնդոն | Լոնտոն | ლონდონი | लण्डन | लन्डन् | लन्दन | लंडन | लंदन | લંડન | లండన్ | ਲੰਡਨ | ಲಂಡನ್ | இலண்டன் | ലണ്ടൻ | লন্ডন | လန်ဒန်မြို့ | ලන්ඩන් | 伦敦 | 倫敦,88,
02010646-p006-loc01,02010646-p006,02010646,1,London,London,2643743,https://www.geonames.org/2643743,51.50853,-0.12574,United Kingdom,런던 | ᎫᎴ ᏗᏍᎪᏂᎯᏱ | ܠܘܢܕܘܢ | ለንደን | ロンドン | ଲଣ୍ଡନ | ลอนดอน | ລອນດອນ | GBLON | ILondon | Lākana | Landan | Landen | Llundain | Lodoni | LON | Londain | Londar | Londe | Londen | Londin | Londinium | Londn | london | London | Londona | Londonas | Londoni | Londono | Londons | Lọndọnu | Londra | Łondra | Londres | Londrez | Londri | Londro | Londye | Londyn | Londýn | Lonn | Lontoo | Loundres | Luân Đôn | Lunden | Lundra | Lůndůn | Lundúnir | Lùng-dŭng | Lunnainn | Lunnin | Lunnon | Lûn-tun | Lùn-tûn | Q84 | Rānana | لأندأن | لندن | لەندەن | لوندون | לאנדאן | לונדון | Λονδίνο | Лёндан | Лондан | Лондон | Лондон ош | Лондонъ | ལོན་ཊོན། | Լոնդոն | Լոնտոն | ლონდონი | लण्डन | लन्डन् | लन्दन | लंडन | लंदन | લંડન | లండన్ | ਲੰਡਨ | ಲಂಡನ್ | இலண்டன் | ലണ്ടൻ | লন্ডন | လန်ဒန်မြို့ | ලන්ඩන් | 伦敦 | 倫敦,88,
02010646-p007-loc01,02010646-p007,02010646,1,Cambridge,Cambridge,2653941,https://www.geonames.org/2653941,52.2,0.11667,United Kingdom,케임브리지 | Caergrawnt | Cambridge | Cantabrigia | CBG | GBCMG | Grantanbrycg | Kambrij | Kembric | Kembridža | Kembridžas | Kembriĝo | Kiam-khiâu | Κέμπριτζ | Кеймбридж | Кембридж | Кембриҷ | Кембриџ | Кембрідж | Кембрыдж | კემბრიჯი | Քեմբրիջ | קיימברידג' | كامبريدج | کمبریج | کیمبرج | केंब्रिज | ক্যামব্রিজ | ಕೇಂಬ್ರಿಜ್ | കേംബ്രിഡ്ജ് | เคมบริดจ์ | ကိန်းဘရစ်ချ်မြို့ | ケンブリッジ | 劍橋,34,
02010646-p008-loc01,02010646-p008,02010646,1,London,London,2643743,https://www.geonames.org/2643743,51.50853,-0.12574,United Kingdom,런던 | ᎫᎴ ᏗᏍᎪᏂᎯᏱ | ܠܘܢܕܘܢ | ለንደን | ロンドン | ଲଣ୍ଡନ | ลอนดอน | ລອນດອນ | GBLON | ILondon | Lākana | Landan | Landen | Llundain | Lodoni | LON | Londain | Londar | Londe | Londen | Londin | Londinium | Londn | london | London | Londona | Londonas | Londoni | Londono | Londons | Lọndọnu | Londra | Łondra | Londres | Londrez | Londri | Londro | Londye | Londyn | Londýn | Lonn | Lontoo | Loundres | Luân Đôn | Lunden | Lundra | Lůndůn | Lundúnir | Lùng-dŭng | Lunnainn | Lunnin | Lunnon | Lûn-tun | Lùn-tûn | Q84 | Rānana | لأندأن | لندن | لەندەن | لوندون | לאנדאן | לונדון | Λονδίνο | Лёндан | Лондан | Лондон | Лондон ош | Лондонъ | ལོན་ཊོན། | Լոնդոն | Լոնտոն | ლონდონი | लण्डन | लन्डन् | लन्दन | लंडन | लंदन | લંડન | లండన్ | ਲੰਡਨ | ಲಂಡನ್ | இலண்டன் | ലണ്ടൻ | লন্ডন | လန်ဒန်မြို့ | ලන්ඩන් | 伦敦 | 倫敦,88,
02010645-p003-loc01,02010645-p003,02010645,1,London,London,2643743,https://www.geonames.org/2643743,51.50853,-0.12574,United Kingdom,런던 | ᎫᎴ ᏗᏍᎪᏂᎯᏱ | ܠܘܢܕܘܢ | ለንደን | ロンドン | ଲଣ୍ଡନ | ลอนดอน | ລອນດອນ | GBLON | ILondon | Lākana | Landan | Landen | Llundain | Lodoni | LON | Londain | Londar | Londe | Londen | Londin | Londinium | Londn | london | London | Londona | Londonas | Londoni | Londono | Londons | Lọndọnu | Londra | Łondra | Londres | Londrez | Londri | Londro | Londye | Londyn | Londýn | Lonn | Lontoo | Loundres | Luân Đôn | Lunden | Lundra | Lůndůn | Lundúnir | Lùng-dŭng | Lunnainn | Lunnin | Lunnon | Lûn-tun | Lùn-tûn | Q84 | Rānana | لأندأن | لندن | لەندەن | لوندون | לאנדאן | לונדון | Λονδίνο | Лёндан | Лондан | Лондон | Лондон ош | Лондонъ | ལོན་ཊོན། | Լոնդոն | Լոնտոն | ლონდონი | लण्डन | लन्डन् | लन्दन | लंडन | लंदन | લંડન | లండన్ | ਲੰਡਨ | ಲಂಡನ್ | இலண்டன் | ലണ്ടൻ | লন্ডন | လန်ဒန်မြို့ | ලන්ඩන් | 伦敦 | 倫敦,88,
02010645-p004-loc01,02010645-p004,02010645,1,London,London,2643743,https://www.geonames.org/2643743,51.50853,-0.12574,United Kingdom,런던 | ᎫᎴ ᏗᏍᎪᏂᎯᏱ | ܠܘܢܕܘܢ | ለንደን | ロンドン | ଲଣ୍ଡନ | ลอนดอน | ລອນດອນ | GBLON | ILondon | Lākana | Landan | Landen | Llundain | Lodoni | LON | Londain | Londar | Londe | Londen | Londin | Londinium | Londn | london | London | Londona | Londonas | Londoni | Londono | Londons | Lọndọnu | Londra | Łondra | Londres | Londrez | Londri | Londro | Londye | Londyn | Londýn | Lonn | Lontoo | Loundres | Luân Đôn | Lunden | Lundra | Lůndůn | Lundúnir | Lùng-dŭng | Lunnainn | Lunnin | Lunnon | Lûn-tun | Lùn-tûn | Q84 | Rānana | لأندأن | لندن | لەندەن | لوندون | לאנדאן | לונדון | Λονδίνο | Лёндан | Лондан | Лондон | Лондон ош | Лондонъ | ལོན་ཊོན། | Լոնդոն | Լոնտոն | ლონდონი | लण्डन | लन्डन् | लन्दन | लंडन | लंदन | લંડન | లండన్ | ਲੰਡਨ | ಲಂಡನ್ | இலண்டன் | ലണ്ടൻ | লন্ডন | လန်ဒန်မြို့ | ලන්ඩන් | 伦敦 | 倫敦,88,
02010645-p005-loc01,02010645-p005,02010645,1,London,London,2643743,https://www.geonames.org/2643743,51.50853,-0.12574,United Kingdom,런던 | ᎫᎴ ᏗᏍᎪᏂᎯᏱ | ܠܘܢܕܘܢ | ለንደን | ロンドン | ଲଣ୍ଡନ | ลอนดอน | ລອນດອນ | GBLON | ILondon | Lākana | Landan | Landen | Llundain | Lodoni | LON | Londain | Londar | Londe | Londen | Londin | Londinium | Londn | london | London | Londona | Londonas | Londoni | Londono | Londons | Lọndọnu | Londra | Łondra | Londres | Londrez | Londri | Londro | Londye | Londyn | Londýn | Lonn | Lontoo | Loundres | Luân Đôn | Lunden | Lundra | Lůndůn | Lundúnir | Lùng-dŭng | Lunnainn | Lunnin | Lunnon | Lûn-tun | Lùn-tûn | Q84 | Rānana | لأندأن | لندن | لەندەن | لوندون | לאנדאן | לונדון | Λονδίνο | Лёндан | Лондан | Лондон | Лондон ош | Лондонъ | ལོན་ཊོན། | Լոնդոն | Լոնտոն | ლონდონი | लण्डन | लन्डन् | लन्दन | लंडन | लंदन | લંડન | లండన్ | ਲੰਡਨ | ಲಂಡನ್ | இலண்டன் | ലണ്ടൻ | লন্ডন | လန်ဒန်မြို့ | ලන්ඩන් | 伦敦 | 倫敦,88,
02010645-p006-loc01,02010645-p006,02010645,1,Cambridge,Cambridge,2653941,https://www.geonames.org/2653941,52.2,0.11667,United Kingdom,케임브리지 | Caergrawnt | Cambridge | Cantabrigia | CBG | GBCMG | Grantanbrycg | Kambrij | Kembric | Kembridža | Kembridžas | Kembriĝo | Kiam-khiâu | Κέμπριτζ | Кеймбридж | Кембридж | Кембриҷ | Кембриџ | Кембрідж | Кембрыдж | კემბრიჯი | Քեմբրիջ | קיימברידג' | كامبريدج | کمبریج | کیمبرج | केंब्रिज | ক্যামব্রিজ | ಕೇಂಬ್ರಿಜ್ | കേംബ്രിഡ്ജ് | เคมบริดจ์ | ကိန်းဘရစ်ချ်မြို့ | ケンブリッジ | 劍橋,34,
02010645-p007-loc01,02010645-p007,02010645,1,London,London,2643743,https://www.geonames.org/2643743,51.50853,-0.12574,United Kingdom,런던 | ᎫᎴ ᏗᏍᎪᏂᎯᏱ | ܠܘܢܕܘܢ | ለንደን | ロンドン | ଲଣ୍ଡନ | ลอนดอน | ລອນດອນ | GBLON | ILondon | Lākana | Landan | Landen | Llundain | Lodoni | LON | Londain | Londar | Londe | Londen | Londin | Londinium | Londn | london | London | Londona | Londonas | Londoni | Londono | Londons | Lọndọnu | Londra | Łondra | Londres | Londrez | Londri | Londro | Londye | Londyn | Londýn | Lonn | Lontoo | Loundres | Luân Đôn | Lunden | Lundra | Lůndůn | Lundúnir | Lùng-dŭng | Lunnainn | Lunnin | Lunnon | Lûn-tun | Lùn-tûn | Q84 | Rānana | لأندأن | لندن | لەندەن | لوندون | לאנדאן | לונדון | Λονδίνο | Лёндан | Лондан | Лондон | Лондон ош | Лондонъ | ལོན་ཊོན། | Լոնդոն | Լոնտոն | ლონდონი | लण्डन | लन्डन् | लन्दन | लंडन | लंदन | લંડન | లండన్ | ਲੰਡਨ | ಲಂಡನ್ | இலண்டன் | ലണ്ടൻ | লন্ডন | လန်ဒန်မြို့ | ලන්ඩන් | 伦敦 | 倫敦,88,
02176494-p001-loc01,02176494-p001,02176494,1,Köln,Cologne,2886242,https://www.geonames.org/2886242,50.93333,6.95,Germany,쾰른 | 50861 | Augusta Ubiorum | CGN | Cołogna | Cologne | Colonha | Colonia | Colònia | Colônia | Colonia Agrippina | Colonia Agrippinensis | Colonia Claudia Ara Agrippinensium | Culonia | Cwlen | DECGN | Kelnas | Ķelne | Këlni | Keulen | Kiolns | Koeln | Kolín nad Rýnem | Kolín nad Rýnom | Kölle | Köln | Koloin | Kolon | Kolonia | Kolonjo | Kyoln | Lungsod ng Cologne | Oppidum Ubiorum | Q365 | Κολωνία | Келн | Кельн | Кёльн | Кӧльн | Көлн | Кьолн | კელნი | Քյոլն | קלן | קעלן | قلونية | قُلُونِيَة | كولن | كولونيا | کلن | کلون | کولون | ኮልን | क्योल्न | ਕਲਨ | கோல்ன் | కొలోన్ | ಕಲೋನ್ | โคโลญ | ケルン | 古龍 | 科隆,62,
02176494-p002-loc01,02176494-p002,02176494,1,,Germany,2921044,https://www.geonames.org/2921044,51.5,10.5,Germany,독일 | A' Ghearmailt | A’ Ghearmailt | Alamagn | Alemagne | Alemaina | Alemaña | Alemanha | Alemani | Alémani | Alemania | Alemanu | Alemanya | Alimaniya | Alimanya | Alimaɲi | Allemagne | Allemangne | Almaañ | Almaniya | Almanya | Almayn | an Ghearmáin | Budaaki | Bundesrepublik | Bundesrepublik Deutschland | Däitschland | DE | Deitschland | Deitschlånd | Deutän | Deutschland | Discüssiun sura la fundazziun | dotygu'e | Đức | Duiska | Duiskka | Duitschland | Duitsland | Dútslân | Düütschland | Duutsjlandj | Duutsland | Federal Republic of Germany | Germania | Germània | Germania nutome | Germanio | Germaniya | Germaniýa | Germanujo | Germany | Germuanii | Girimane | Girmania | Gjermani | Gjermania | Gjermanie | Gyaaman | Heremani | i-Germany | IJalimani | il-Ġermanja | Jamanị | Jámánì | Jamus | Jarmal | Jarmalka | Jerman | Jérman | Jėrman | Jermaniya | Miemieckô | Nemačka | Nemčija | Nemecko | Německo | Németország | Němska | Niemcy | Njemačka | Njeremani | Olmoniya | Orílẹ́ède Gemani | Q183 | Saksa | Saksamaa | Siaman | Siamane | Teutōtitlan | Tiamana | Tôitšhi | Tyskland | Týskland | Tysklandi | Ubudage | Udachi | Ujerumani | Vācija | Vokietija | West Germany | Yn Ghermaan | Yr Almaen | Zâmani | Þēodiscland | Þýskaland | Γερμανία | Алмания | Герман | Германи | Германии | Германија | Германия | Германія | Ӂермания | Немачка | Німеччина | Нямеччына | Олмон | ФРГ | გერმანია | Գերմանիա | גרמניה | דייטשלאנד | דייטשלאַנד | آلمان | ألمانيا | ئەڵمانیا | المان | المانيا | جرمني | جرمني/آلمان | جرمنی | جرمٔنی | گېرمانىيە | ܓܪܡܢ | ጀርመን | जमिन | जर्मनी | जर्मनीदेश: | জার্মানি | জাৰ্মানী | ਜਰਮਨੀ | જર્મની | ଜର୍ମାନୀ | ஜெர்மனி | ஜெர்மன் | జర్మనీ | ಜರ್ಮನಿ | ജര്‍മ്മനി | ജർമ്മനി | ජර්මනිය | ประเทศเยอรมนี | เยอรมนี | เยอรมัน | สหพันธ์สาธารณรัฐเยอรมนี | ເຢຍລະມັນ | ཇཱར་མ་ནི | འཇར་མན་ | ဂျာမနီ | អាល្លឺម៉ង់ | ドイツ | ドイツ連邦共和国 | ꄓꇩ | 德国 | 德國 | 德意志联邦共和国 | 德意志聯邦共和國,168,
02176494-p003-loc01,02176494-p003,02176494,1,Nürnberg,Nuremberg,2861650,https://www.geonames.org/2861650,49.45421,11.07752,Germany,뉘른베르크 | 90126 | 90442 | 90449 | 90453 | DENUE | Neurenberch | Neurenberg | Niamberg | Nirnberga | Niurnbergas | Norimberg | Norimberga | Norimbèrga | Norimberk | Norymberga | NUE | Nuernberg | Nuremberg | Nurembèrg | Núremberg | Nuremberga | Nurembergo | Nuremburg | Nurenberg | Nurenbergo | Nurenburg | Nürnbarg | Nürnberg | Nürnberq | Nyrëmberg | Nyurnbérg | Νυρεμβεργη | Νυρεμβέργη | Нирнберг | Нӳрнберг | Нюрнберг | ნიურნბერგი | נירנבערג | נירנברג | نورنبرگ | نورنبيرغ | نۆریمبێرگ | نیورمبرگ | न्युर्नबर्ग | நியூரம்பெர்க் | นูเรมเบิร์ก | เนือร์นแบร์ก | ニュルンベルク | 纽伦堡,50,
02115001-p001-loc01,02115001-p001,02115001,1,Vienna,Vienna,2761369,https://www.geonames.org/2761369,48.20849,16.37208,Austria,빈 | ቪየና | 비엔나 | ウィーン | เวียนนา | 1010 | 1020 | 1030 | 1040 | 1050 | 1060 | 1070 | 1080 | 1090 | 1100 | 1110 | 1120 | 1130 | 1140 | 1150 | 1160 | 1170 | 1180 | 1190 | 1200 | 1210 | 1220 | 1230 | ATVIE | Beč | Beç | Bécs | Dunaj | Fiena | Q1741 | Veen | Vena | Vídeň | VIE | Viedeň | Viên | Viena | Vienna | Vienne | Vieno | Viin | Vín | Vínarborg | Vindobona | Vīne | Viyana | Vjena | Vjenna | Vyana | Wean | Wene | Wenen | Wiedeń | Wien | Wjedźyń | فيينا | وین | וינה | Βιέννη | Беч | Вена | Виена | Відень | ཝི་ཨེ་ན། | Վիեննա | ვენა | वियना | 維也納,73,
00559196-p001-loc01,00559196-p001,00559196,1,Cambridge,Cambridge,2653941,https://www.geonames.org/2653941,52.2,0.11667,United Kingdom,케임브리지 | Caergrawnt | Cambridge | Cantabrigia | CBG | GBCMG | Grantanbrycg | Kambrij | Kembric | Kembridža | Kembridžas | Kembriĝo | Kiam-khiâu | Κέμπριτζ | Кеймбридж | Кембридж | Кембриҷ | Кембриџ | Кембрідж | Кембрыдж | კემბრიჯი | Քեմբրիջ | קיימברידג' | كامبريدج | کمبریج | کیمبرج | केंब्रिज | ক্যামব্রিজ | ಕೇಂಬ್ರಿಜ್ | കേംബ്രിഡ്ജ് | เคมบริดจ์ | ကိန်းဘရစ်ချ်မြို့ | ケンブリッジ | 劍橋,34,
02135612-p001-loc01,02135612-p001,02135612,1,Tübingen,,,,,,,,0,
02138264-p001-loc01,02138264-p001,02138264,1,The Hague,Gemeente Den Haag,2747372,https://www.geonames.org/2747372,52.06866,4.28635,The Netherlands,Den Haag | Gemeente Den Haag | Gemeente ’s-Gravenhage | Leidschenveen | 's-Gravenhage | ’s-Gravenhage,6,
02138264-p002-loc01,02138264-p002,02138264,1,The Hague,Gemeente Den Haag,2747372,https://www.geonames.org/2747372,52.06866,4.28635,The Netherlands,Den Haag | Gemeente Den Haag | Gemeente ’s-Gravenhage | Leidschenveen | 's-Gravenhage | ’s-Gravenhage,6,
02138264-p003-loc01,02138264-p003,02138264,1,The Hague,Gemeente Den Haag,2747372,https://www.geonames.org/2747372,52.06866,4.28635,The Netherlands,Den Haag | Gemeente Den Haag | Gemeente ’s-Gravenhage | Leidschenveen | 's-Gravenhage | ’s-Gravenhage,6,
00201811-p002-loc01,00201811-p002,00201811,1,Mantova,Mantova,3174051,https://www.geonames.org/3174051,45.16031,10.79784,Italy,만토바 현 | マントヴァ | ITMAN | Mantoa | Màntoa | Mantoue | Mantova | Mantovës | Mantua | Màntua | Mântua | Mantuako | Mantuana | Mantujas | Mantujos | Màntuva | Mantuya | استان منتووا | صوبہ مانتووا | ضلع مانٹووا | مقاطعة مانتوفا | מנטובה | Μάντοβα | Мантова | Мантуа | Мантуя | Մանտուա | მანტუა | மேன்டுவா | 曼托瓦,30,
02128157-p002-loc01,02128157-p002,02128157,1,Milano,Milan,3173435,https://www.geonames.org/3173435,45.46427,9.18951,Italy,밀라노 | ITMIL | Lungsod ng Milano | Mailand | Mediolan | Mediolanum | MIL | Milà | Milaan | Milan | Milán | Milāna | Milanas | Milano | Miláno | Milánó | Mílanó | Milanu | Milão | Mилан | Милан | Милано | Мілан | მილანი | Միլան | מילאנו | مىلان | ميلانو | মিলান | மிலன் | มิลาน | ミラノ | 米蘭,33,
02128157-p003-loc01,02128157-p003,02128157,1,Milano,Milan,3173435,https://www.geonames.org/3173435,45.46427,9.18951,Italy,밀라노 | ITMIL | Lungsod ng Milano | Mailand | Mediolan | Mediolanum | MIL | Milà | Milaan | Milan | Milán | Milāna | Milanas | Milano | Miláno | Milánó | Mílanó | Milanu | Milão | Mилан | Милан | Милано | Мілан | მილანი | Միլան | מילאנו | مىلان | ميلانو | মিলান | மிலன் | มิลาน | ミラノ | 米蘭,33,
02013740-p002-loc01,02013740-p002,02013740,1,Princeton,Princeton,5102922,https://www.geonames.org/5102922,40.34872,-74.65905,United States,프린스턴 | 08540 | 08541 | 08542 | 08543 | 08544 | PCT | Princes Town | Princeton | Princetonia | Princetown | Prince Town | Prinstona | Q138518 | Stony Brook | USPCT | Принстон | Принстън | პრინსტონი | Փրինսթոն | פרינסטון | برينستون | پرنسٹن، نیو جرسی | پرینستون، نیوجرسی | प्रिन्‍सटन | प्रिन्स्टन | プリンストン | 普林斯顿,28,
02013740-p003-loc01,02013740-p003,02013740,1,Princeton,Princeton,5102922,https://www.geonames.org/5102922,40.34872,-74.65905,United States,프린스턴 | 08540 | 08541 | 08542 | 08543 | 08544 | PCT | Princes Town | Princeton | Princetonia | Princetown | Prince Town | Prinstona | Q138518 | Stony Brook | USPCT | Принстон | Принстън | პრინსტონი | Փրինսթոն | פרינסטון | برينستون | پرنسٹن، نیو جرسی | پرینستون، نیوجرسی | प्रिन्‍सटन | प्रिन्स्टन | プリンストン | 普林斯顿,28,
00202805-p002-loc01,00202805-p002,00202805,1,Oxford,Oxford,2640729,https://www.geonames.org/2640729,51.75222,-1.25596,United Kingdom,옥스퍼드 | Àth nan Damh | GBOXF | Oksford | Oksforda | Oksfordas | Oksfordo | Oksfuords | Oxenaford | Oxenaforda | Oxenford | OXF | Oxford | Oxnaford | Öxnafurða | Oxneford | Oxonia | Oxónia | Oxônia | Oxonium | Rhedicina | Rhydychen | Rysoghen | Uxavað | Οξφόρδη | Оксфард | Оксфорд | Оқсфорд | ოქსფორდი | אוקספורד | אקספארד | آکسفورد | آکسفورڈ | أكسفورد | اوكسفورد | ऑक्सफर्ड | ऑक्सफोर्ड | অক্সফোর্ড | ਆਕਸਫ਼ੋਰਡ | ஆக்சுபோர்டு | ఆక్స్‌ఫర్డ్ | ಆಕ್ಸ್‌ಫರ್ಡ್ | อ๊อกซฟอร์ด | အောက်စဖို့မြို့ | オックスフォード | 牛津,46,
02152090-p001-loc01,02152090-p001,02152090,1,Switzerland or Germany,Western Europe,9408659,https://www.geonames.org/9408659,50.21909,7.42676,,Europa Occidental | Europa occidentale | Europa Ocidental | Europe de l'Ouest | Vakarų Europa | Western Europe | Westeuropa | West-Europa | Западная Европа | Західна Європа | أوروبا الغربية | 西ヨーロッパ,12,
02152090-p002-loc01,02152090-p002,02152090,1,Switzerland or Germany,Western Europe,9408659,https://www.geonames.org/9408659,50.21909,7.42676,,Europa Occidental | Europa occidentale | Europa Ocidental | Europe de l'Ouest | Vakarų Europa | Western Europe | Westeuropa | West-Europa | Западная Европа | Західна Європа | أوروبا الغربية | 西ヨーロッパ,12,
02152090-p003-loc01,02152090-p003,02152090,1,,England,6269131,https://www.geonames.org/6269131,52.16045,-0.70312,United Kingdom,잉글랜드 | ꯏꯪꯂꯦꯟ | ଇଂଲଣ୍ଡ | ኢንግላንድ | ᱤᱝᱞᱮᱱᱰ | イングランド | អង់គ្លេស | ߊ߲߬ߜ߭ߌ߬ߟߋ߬ߘߎ߰ | އިނގިރޭސިވިލާތް | ປະເທດອັງກິດ | ประเทศอังกฤษ | 𐌰𐌲𐌲𐌹𐌻𐌰𐌻𐌰𐌽𐌳 | Aŋgɩlɩtɛɛrɩ | Anghiltèra | Anglaterra | Anglatèrra | Angletè | Angletera | Angleterre | Anglia | Anglicko | Anglie | Angliétèrre | Anglii | Anglija | Anglio | Angliya | Angliýa | Anglletèrra | Änglound | Anglujo | Anh | Bro-Saoz | Eenglaante | 'Egelani | ‘Enelani | Engalterra | Engelaand | Engeland | Engelane | Engêlanê | Engelska | Enggeleti | Eŋgglõsjânnam | Engla | Englaland | England | Eŋland | Englánda | Englanti | Engleska | Eng-tē | gligu'e | Hagöri | Iengeland | Igiladi | Ilẹ̀gẹ̀ẹ́sì | Ingalaterra | Ingarangi | Ingelân | Ingeland | Ingɛlandi | Ingelun | INgesi | Ĭng-gáik-làng | Inggeris | Ingglan | Ingglaterranhën | Inggréh | Inggris | Inghiltæra | Inghiltera | Inghiltèra | Inghilterra | Ingila | Ingilaandi | INgilandi | ʻIngilani | Îngilistan | İngiltere | İngıltere | İngiltərə | Ingilterra | Ingiriiska | Inglan | Ingland | Inglatera | Inglaterra | Inglatlālpan | Inglismaa | Inglistán | Inglüsmaa | Inglutere | Ingueltière | Ingyatérra | Inlishpampa | Inlispampa | İnqiltərə | Jendźelska | Langlétè | Legliz | Linglän | Lloegr | Ngeretha | Nggi̱lan | Nghiltiera | Ngilandi | Ngreterra | Ngyiresi | Ongland | Onglėjė | Pow Sows | Q21 | Sasainn | Sasana | Sostyn | tho huttha | Uingereza | Yîn-kak-làn | Yngland | إنجلترا | انجلترا | انگلیس | اینگیلیس | انگلستان | اِنگلِستان | انگلينڊ | انګلېنډ | اينگيليس | لينڭليز | ئینگلتەرا | אנגליה | ענגלאנד | Αγγλία | Англи | Англиа | Англие | Англија | Англис | Англия | Англия Мастор | Англія | Анґлія | Енглеска | Ингалс | Ингалсече | Ингилистон | Инглишин Таңһч | Անգլիա | ინგლისი | इङ्गल्यान्ड | इङ्ग्लेण्डदेशः | इङ्ल्याण्ड | इङ्ल्यान्ड | इंग्लैण्ड | इंग्लैंड | इंग्लंड | ઈંગ્લેન્ડ | ఇంగ్లాండ్ | ਇੰਗਲੈਂਡ | ಇಂಗ್ಲೆಂಡ್ | இங்கிலாந்து | ഇംഗ്ലണ്ട് | ইংলেণ্ড | ইংল্যান্ড | မိူင်းဢိင်ႇၵလႅၼ်ႇ | အင်္ဂလန်နိုင်ငံ | အိန်းကလန်ခမ်းထီ | 英倫 | 英格兰 | 英格蘭,171,
02152090-p004-loc01,02152090-p004,02152090,1,,England,6269131,https://www.geonames.org/6269131,52.16045,-0.70312,United Kingdom,잉글랜드 | ꯏꯪꯂꯦꯟ | ଇଂଲଣ୍ଡ | ኢንግላንድ | ᱤᱝᱞᱮᱱᱰ | イングランド | អង់គ្លេស | ߊ߲߬ߜ߭ߌ߬ߟߋ߬ߘߎ߰ | އިނގިރޭސިވިލާތް | ປະເທດອັງກິດ | ประเทศอังกฤษ | 𐌰𐌲𐌲𐌹𐌻𐌰𐌻𐌰𐌽𐌳 | Aŋgɩlɩtɛɛrɩ | Anghiltèra | Anglaterra | Anglatèrra | Angletè | Angletera | Angleterre | Anglia | Anglicko | Anglie | Angliétèrre | Anglii | Anglija | Anglio | Angliya | Angliýa | Anglletèrra | Änglound | Anglujo | Anh | Bro-Saoz | Eenglaante | 'Egelani | ‘Enelani | Engalterra | Engelaand | Engeland | Engelane | Engêlanê | Engelska | Enggeleti | Eŋgglõsjânnam | Engla | Englaland | England | Eŋland | Englánda | Englanti | Engleska | Eng-tē | gligu'e | Hagöri | Iengeland | Igiladi | Ilẹ̀gẹ̀ẹ́sì | Ingalaterra | Ingarangi | Ingelân | Ingeland | Ingɛlandi | Ingelun | INgesi | Ĭng-gáik-làng | Inggeris | Ingglan | Ingglaterranhën | Inggréh | Inggris | Inghiltæra | Inghiltera | Inghiltèra | Inghilterra | Ingila | Ingilaandi | INgilandi | ʻIngilani | Îngilistan | İngiltere | İngıltere | İngiltərə | Ingilterra | Ingiriiska | Inglan | Ingland | Inglatera | Inglaterra | Inglatlālpan | Inglismaa | Inglistán | Inglüsmaa | Inglutere | Ingueltière | Ingyatérra | Inlishpampa | Inlispampa | İnqiltərə | Jendźelska | Langlétè | Legliz | Linglän | Lloegr | Ngeretha | Nggi̱lan | Nghiltiera | Ngilandi | Ngreterra | Ngyiresi | Ongland | Onglėjė | Pow Sows | Q21 | Sasainn | Sasana | Sostyn | tho huttha | Uingereza | Yîn-kak-làn | Yngland | إنجلترا | انجلترا | انگلیس | اینگیلیس | انگلستان | اِنگلِستان | انگلينڊ | انګلېنډ | اينگيليس | لينڭليز | ئینگلتەرا | אנגליה | ענגלאנד | Αγγλία | Англи | Англиа | Англие | Англија | Англис | Англия | Англия Мастор | Англія | Анґлія | Енглеска | Ингалс | Ингалсече | Ингилистон | Инглишин Таңһч | Անգլիա | ინგლისი | इङ्गल्यान्ड | इङ्ग्लेण्डदेशः | इङ्ल्याण्ड | इङ्ल्यान्ड | इंग्लैण्ड | इंग्लैंड | इंग्लंड | ઈંગ્લેન્ડ | ఇంగ్లాండ్ | ਇੰਗਲੈਂਡ | ಇಂಗ್ಲೆಂಡ್ | இங்கிலாந்து | ഇംഗ്ലണ്ട് | ইংলেণ্ড | ইংল্যান্ড | မိူင်းဢိင်ႇၵလႅၼ်ႇ | အင်္ဂလန်နိုင်ငံ | အိန်းကလန်ခမ်းထီ | 英倫 | 英格兰 | 英格蘭,171,
02152090-p005-loc01,02152090-p005,02152090,1,London,London,2643743,https://www.geonames.org/2643743,51.50853,-0.12574,United Kingdom,런던 | ᎫᎴ ᏗᏍᎪᏂᎯᏱ | ܠܘܢܕܘܢ | ለንደን | ロンドン | ଲଣ୍ଡନ | ลอนดอน | ລອນດອນ | GBLON | ILondon | Lākana | Landan | Landen | Llundain | Lodoni | LON | Londain | Londar | Londe | Londen | Londin | Londinium | Londn | london | London | Londona | Londonas | Londoni | Londono | Londons | Lọndọnu | Londra | Łondra | Londres | Londrez | Londri | Londro | Londye | Londyn | Londýn | Lonn | Lontoo | Loundres | Luân Đôn | Lunden | Lundra | Lůndůn | Lundúnir | Lùng-dŭng | Lunnainn | Lunnin | Lunnon | Lûn-tun | Lùn-tûn | Q84 | Rānana | لأندأن | لندن | لەندەن | لوندون | לאנדאן | לונדון | Λονδίνο | Лёндан | Лондан | Лондон | Лондон ош | Лондонъ | ལོན་ཊོན། | Լոնդոն | Լոնտոն | ლონდონი | लण्डन | लन्डन् | लन्दन | लंडन | लंदन | લંડન | లండన్ | ਲੰਡਨ | ಲಂಡನ್ | இலண்டன் | ലണ്ടൻ | লন্ডন | လန်ဒန်မြို့ | ලන්ඩන් | 伦敦 | 倫敦,88,
02152090-p006-loc01,02152090-p006,02152090,1,New York,New York,5128581,https://www.geonames.org/5128581,40.71427,-74.00597,United States,뉴욕 | 뉴욕 시 | 10001 | 10002 | 10003 | 10004 | 10005 | 10006 | 10007 | 10008 | 10009 | 10010 | 10011 | 10012 | 10013 | 10014 | 10016 | 10017 | 10018 | 10019 | 10020 | 10021 | 10022 | 10023 | 10024 | 10025 | 10026 | 10027 | 10028 | 10029 | 10030 | 10031 | 10032 | 10033 | 10034 | 10035 | 10036 | 10037 | 10038 | 10039 | 10040 | 10041 | 10043 | 10044 | 10045 | 10055 | 10060 | 10065 | 10069 | 10080 | 10081 | 10087 | 10090 | 10101 | 10102 | 10103 | 10104 | 10105 | 10106 | 10107 | 10108 | 10109 | 10110 | 10111 | 10112 | 10113 | 10114 | 10115 | 10116 | 10117 | 10118 | 10119 | 10120 | 10121 | 10122 | 10123 | 10124 | 10125 | 10126 | 10128 | 10129 | 10130 | 10131 | 10132 | 10133 | 10138 | 10150 | 10151 | 10152 | 10153 | 10154 | 10155 | 10156 | 10157 | 10158 | 10159 | 10160 | 10161 | 10162 | 10163 | 10164 | 10165 | 10166 | 10167 | 10168 | 10169 | 10170 | 10171 | 10172 | 10173 | 10174 | 10175 | 10176 | 10177 | 10178 | 10179 | 10185 | 10199 | 10203 | 10211 | 10212 | 10213 | 10242 | 10249 | 10256 | 10258 | 10259 | 10260 | 10261 | 10265 | 10268 | 10269 | 10270 | 10271 | 10272 | 10273 | 10274 | 10275 | 10276 | 10277 | 10278 | 10279 | 10280 | 10281 | 10282 | 10285 | 10286 | Aebura | Bandar Raya New York | Big Apple | Cathair Nua-Eabhrac | City of New York | Eabhraig Nuadh | Efrog Newydd | Evrek Nowydh | Ga-no-no | Kanón:no | Kanono | Kota New York | Lungsod ng New York | Nei Yarrick Schtadt | Neu Amsterdam | Neu Jorck | New Amsterdam | New Orange | New Yorc | New York | New York borg | New York-borg | New York City | New Yorke | New York kenti | New York Stad | New Yorku | Niujorkas | Njujork | Nouvelle Yorck | Nouvieau York | Nova Amsterda | Nova Iorque | Nova York | Nova-York | Nòva York | Novjorko | Nov-Jorko | Novum Eboracum | Nowy Jork | Nua-Eabhrac | Nueva York | Ņujorka | Nuova York | NY | NYC | Nýja Jórvík | Nyu York Shehiri | Q60 | Thành phố New York | The Big Apple | USNYC | York Berri | Νέα Υόρκη | Нью-Ёрк | Нью-Йорк | Ню Йорк | Њујорк | Њу Јорк | ნიუ-იორკი | Նիւ Եորք | Նյու Յորք | ניו יארק | ניו־יאָרק | ניו יורק | نيويورك | نیویارک شہر | نیویورک | न्यूयॉर्क | নিউ ইয়র্ক সিটি | நியூயார்க் நகரம் | นครนิวยอร์ก | ニューヨーク | マンハッタン | 紐約 | 紐約市,223,
02152090-p007-loc01,02152090-p007,02152090,1,New York,New York,5128581,https://www.geonames.org/5128581,40.71427,-74.00597,United States,뉴욕 | 뉴욕 시 | 10001 | 10002 | 10003 | 10004 | 10005 | 10006 | 10007 | 10008 | 10009 | 10010 | 10011 | 10012 | 10013 | 10014 | 10016 | 10017 | 10018 | 10019 | 10020 | 10021 | 10022 | 10023 | 10024 | 10025 | 10026 | 10027 | 10028 | 10029 | 10030 | 10031 | 10032 | 10033 | 10034 | 10035 | 10036 | 10037 | 10038 | 10039 | 10040 | 10041 | 10043 | 10044 | 10045 | 10055 | 10060 | 10065 | 10069 | 10080 | 10081 | 10087 | 10090 | 10101 | 10102 | 10103 | 10104 | 10105 | 10106 | 10107 | 10108 | 10109 | 10110 | 10111 | 10112 | 10113 | 10114 | 10115 | 10116 | 10117 | 10118 | 10119 | 10120 | 10121 | 10122 | 10123 | 10124 | 10125 | 10126 | 10128 | 10129 | 10130 | 10131 | 10132 | 10133 | 10138 | 10150 | 10151 | 10152 | 10153 | 10154 | 10155 | 10156 | 10157 | 10158 | 10159 | 10160 | 10161 | 10162 | 10163 | 10164 | 10165 | 10166 | 10167 | 10168 | 10169 | 10170 | 10171 | 10172 | 10173 | 10174 | 10175 | 10176 | 10177 | 10178 | 10179 | 10185 | 10199 | 10203 | 10211 | 10212 | 10213 | 10242 | 10249 | 10256 | 10258 | 10259 | 10260 | 10261 | 10265 | 10268 | 10269 | 10270 | 10271 | 10272 | 10273 | 10274 | 10275 | 10276 | 10277 | 10278 | 10279 | 10280 | 10281 | 10282 | 10285 | 10286 | Aebura | Bandar Raya New York | Big Apple | Cathair Nua-Eabhrac | City of New York | Eabhraig Nuadh | Efrog Newydd | Evrek Nowydh | Ga-no-no | Kanón:no | Kanono | Kota New York | Lungsod ng New York | Nei Yarrick Schtadt | Neu Amsterdam | Neu Jorck | New Amsterdam | New Orange | New Yorc | New York | New York borg | New York-borg | New York City | New Yorke | New York kenti | New York Stad | New Yorku | Niujorkas | Njujork | Nouvelle Yorck | Nouvieau York | Nova Amsterda | Nova Iorque | Nova York | Nova-York | Nòva York | Novjorko | Nov-Jorko | Novum Eboracum | Nowy Jork | Nua-Eabhrac | Nueva York | Ņujorka | Nuova York | NY | NYC | Nýja Jórvík | Nyu York Shehiri | Q60 | Thành phố New York | The Big Apple | USNYC | York Berri | Νέα Υόρκη | Нью-Ёрк | Нью-Йорк | Ню Йорк | Њујорк | Њу Јорк | ნიუ-იორკი | Նիւ Եորք | Նյու Յորք | ניו יארק | ניו־יאָרק | ניו יורק | نيويورك | نیویارک شہر | نیویورک | न्यूयॉर्क | নিউ ইয়র্ক সিটি | நியூயார்க் நகரம் | นครนิวยอร์ก | ニューヨーク | マンハッタン | 紐約 | 紐約市,223,
02152090-p008-loc01,02152090-p008,02152090,1,"Williamstown, MA",Williamstown,4955786,https://www.geonames.org/4955786,42.71202,-73.20372,United States,윌리엄스타운 | 01267 | USWMS | Williamstown | Williamstown (Massachusetts) | Willimston | Вилијамстаун | Виллиамстаун | Уилямстаун | ولیمزٹاؤن، میساچوسٹس | ويليامزتاون | ویلیامزتاون، ماساچوست | 威廉斯敦,13,
02133844-p001-loc01,02133844-p001,02133844,1,Solothurn,Solothurn,2658564,https://www.geonames.org/2658564,47.20791,7.53714,Switzerland,졸로투른 | ゾロトゥルン | โซโลทูร์น | 4500 | Soletta | Soleura | Soleure | Solloturni | Solodurum | Solothurn | Soloturn | Soloturno | Solura | Suleta | ZKS | Zoloturnas | سولوتورن | זולותורן | Залатурн | Золотурн | ზოლოთურნი | 索洛图恩,22,
02133844-p002-loc01,02133844-p002,02133844,1,Luzern,Lucerne,2659811,https://www.geonames.org/2659811,47.05048,8.30635,Switzerland,루체른 | ルツェルン | 6000 | 6003 | 6004 | 6005 | 6006 | 6014 | Canton Lucerne | CHLUC | Liucerna | Lucern | Lucerna | Lucerne | Lucerni | Lucerno | Łuxerna | Luzern | Luzerna | Lüzerna | لوسرن | לוצערן | לוצרן | Λουκέρνη | Луцерн | Люцерн | Люцэрн | ལུ་ཛེར་ན། | ლუცერნი | लुत्सर्न | 卢塞恩,31,
02133844-p003-loc01,02133844-p003,02133844,1,Solothurn,Solothurn,2658564,https://www.geonames.org/2658564,47.20791,7.53714,Switzerland,졸로투른 | ゾロトゥルン | โซโลทูร์น | 4500 | Soletta | Soleura | Soleure | Solloturni | Solodurum | Solothurn | Soloturn | Soloturno | Solura | Suleta | ZKS | Zoloturnas | سولوتورن | זולותורן | Залатурн | Золотурн | ზოლოთურნი | 索洛图恩,22,
02133844-p004-loc01,02133844-p004,02133844,1,Solothurn,Solothurn,2658564,https://www.geonames.org/2658564,47.20791,7.53714,Switzerland,졸로투른 | ゾロトゥルン | โซโลทูร์น | 4500 | Soletta | Soleura | Soleure | Solloturni | Solodurum | Solothurn | Soloturn | Soloturno | Solura | Suleta | ZKS | Zoloturnas | سولوتورن | זולותורן | Залатурн | Золотурн | ზოლოთურნი | 索洛图恩,22,
02133844-p005-loc01,02133844-p005,02133844,1,Solothurn,Solothurn,2658564,https://www.geonames.org/2658564,47.20791,7.53714,Switzerland,졸로투른 | ゾロトゥルン | โซโลทูร์น | 4500 | Soletta | Soleura | Soleure | Solloturni | Solodurum | Solothurn | Soloturn | Soloturno | Solura | Suleta | ZKS | Zoloturnas | سولوتورن | זולותורן | Залатурн | Золотурн | ზოლოთურნი | 索洛图恩,22,
02128155-p003-loc01,02128155-p003,02128155,1,Milano,Milan,3173435,https://www.geonames.org/3173435,45.46427,9.18951,Italy,밀라노 | ITMIL | Lungsod ng Milano | Mailand | Mediolan | Mediolanum | MIL | Milà | Milaan | Milan | Milán | Milāna | Milanas | Milano | Miláno | Milánó | Mílanó | Milanu | Milão | Mилан | Милан | Милано | Мілан | მილანი | Միլան | מילאנו | مىلان | ميلانو | মিলান | மிலன் | มิลาน | ミラノ | 米蘭,33,
02128155-p004-loc01,02128155-p004,02128155,1,Milano,Milan,3173435,https://www.geonames.org/3173435,45.46427,9.18951,Italy,밀라노 | ITMIL | Lungsod ng Milano | Mailand | Mediolan | Mediolanum | MIL | Milà | Milaan | Milan | Milán | Milāna | Milanas | Milano | Miláno | Milánó | Mílanó | Milanu | Milão | Mилан | Милан | Милано | Мілан | მილანი | Միլան | מילאנו | مىلان | ميلانو | মিলান | மிலன் | มิลาน | ミラノ | 米蘭,33,
02128158-p002-loc01,02128158-p002,02128158,1,Milano,Milan,3173435,https://www.geonames.org/3173435,45.46427,9.18951,Italy,밀라노 | ITMIL | Lungsod ng Milano | Mailand | Mediolan | Mediolanum | MIL | Milà | Milaan | Milan | Milán | Milāna | Milanas | Milano | Miláno | Milánó | Mílanó | Milanu | Milão | Mилан | Милан | Милано | Мілан | მილანი | Միլան | מילאנו | مىلان | ميلانو | মিলান | மிலன் | มิลาน | ミラノ | 米蘭,33,
02128158-p003-loc01,02128158-p003,02128158,1,Milano,Milan,3173435,https://www.geonames.org/3173435,45.46427,9.18951,Italy,밀라노 | ITMIL | Lungsod ng Milano | Mailand | Mediolan | Mediolanum | MIL | Milà | Milaan | Milan | Milán | Milāna | Milanas | Milano | Miláno | Milánó | Mílanó | Milanu | Milão | Mилан | Милан | Милано | Мілан | მილანი | Միլան | מילאנו | مىلان | ميلانو | মিলান | மிலன் | มิลาน | ミラノ | 米蘭,33,
02128156-p002-loc01,02128156-p002,02128156,1,Milano,Milan,3173435,https://www.geonames.org/3173435,45.46427,9.18951,Italy,밀라노 | ITMIL | Lungsod ng Milano | Mailand | Mediolan | Mediolanum | MIL | Milà | Milaan | Milan | Milán | Milāna | Milanas | Milano | Miláno | Milánó | Mílanó | Milanu | Milão | Mилан | Милан | Милано | Мілан | მილანი | Միլան | מילאנו | مىلان | ميلانو | মিলান | மிலன் | มิลาน | ミラノ | 米蘭,33,
02128156-p003-loc01,02128156-p003,02128156,1,Milano,Milan,3173435,https://www.geonames.org/3173435,45.46427,9.18951,Italy,밀라노 | ITMIL | Lungsod ng Milano | Mailand | Mediolan | Mediolanum | MIL | Milà | Milaan | Milan | Milán | Milāna | Milanas | Milano | Miláno | Milánó | Mílanó | Milanu | Milão | Mилан | Милан | Милано | Мілан | მილანი | Միլան | מילאנו | مىلان | ميلانو | মিলান | மிலன் | มิลาน | ミラノ | 米蘭,33,
02115003-p001-loc01,02115003-p001,02115003,1,Vienna,Vienna,2761369,https://www.geonames.org/2761369,48.20849,16.37208,Austria,빈 | ቪየና | 비엔나 | ウィーン | เวียนนา | 1010 | 1020 | 1030 | 1040 | 1050 | 1060 | 1070 | 1080 | 1090 | 1100 | 1110 | 1120 | 1130 | 1140 | 1150 | 1160 | 1170 | 1180 | 1190 | 1200 | 1210 | 1220 | 1230 | ATVIE | Beč | Beç | Bécs | Dunaj | Fiena | Q1741 | Veen | Vena | Vídeň | VIE | Viedeň | Viên | Viena | Vienna | Vienne | Vieno | Viin | Vín | Vínarborg | Vindobona | Vīne | Viyana | Vjena | Vjenna | Vyana | Wean | Wene | Wenen | Wiedeń | Wien | Wjedźyń | فيينا | وین | וינה | Βιέννη | Беч | Вена | Виена | Відень | ཝི་ཨེ་ན། | Վիեննա | ვენა | वियना | 維也納,73,
00200716-p001-loc01,00200716-p001,00200716,1,Leuven,Leuven,2792482,https://www.geonames.org/2792482,50.87959,4.70093,Belgium,ルーヴェン | レーヴェン | 3000 | BELEU | Leuve | Leuven | Louvain | Lovaina | Lovaň | Lovanio | Lovanium | Loveno | Löwen | Q21765562 | ZGK | Λέουβεν | Лёвен | Лувен | Льовен | 鲁汶,20,
00200716-p002-loc01,00200716-p002,00200716,1,Lucerne,Lucerne,2659811,https://www.geonames.org/2659811,47.05048,8.30635,Switzerland,루체른 | ルツェルン | 6000 | 6003 | 6004 | 6005 | 6006 | 6014 | Canton Lucerne | CHLUC | Liucerna | Lucern | Lucerna | Lucerne | Lucerni | Lucerno | Łuxerna | Luzern | Luzerna | Lüzerna | لوسرن | לוצערן | לוצרן | Λουκέρνη | Луцерн | Люцерн | Люцэрн | ལུ་ཛེར་ན། | ლუცერნი | लुत्सर्न | 卢塞恩,31,
00200716-p003-loc01,00200716-p003,00200716,1,Cambridge,Cambridge,4931972,https://www.geonames.org/4931972,42.3751,-71.10561,United States,케임브리지 | 02138 | 02139 | 02140 | 02141 | 02142 | 02238 | Cambridge | Cambridge i Massachusetts | Cantabrigia | Keimbridža | Kembric | Kembridžas | Kembriĝo | Mishawum | Newtown | New Town | Newtowne | New Towne | Old Cambridge | Q49111 | USJHY | Κέιμπριτζ | Кеймбридж | Кембридж | Кембриж | Кембриҗ | Кембриҷ | Кембриџ | Кембрыдж | Кэмбридж | კემბრიჯი | Քեմբրիջ | קיימברידג' | קעמברידזש | كامبريدج | کامبریج | کمبریج | کمبریج، ماساچوست | کیمبرج، میساچوسٹس | केंब्रिज | কেমব্রিজ | கேம்பிரிஜ் | కేంబ్రిడ్జ్ | เคมบริดจ์ | ケンブリッジ | 剑桥 | 劍橋,48,
00200716-p004-loc01,00200716-p004,00200716,1,Cambridge,Cambridge,4931972,https://www.geonames.org/4931972,42.3751,-71.10561,United States,케임브리지 | 02138 | 02139 | 02140 | 02141 | 02142 | 02238 | Cambridge | Cambridge i Massachusetts | Cantabrigia | Keimbridža | Kembric | Kembridžas | Kembriĝo | Mishawum | Newtown | New Town | Newtowne | New Towne | Old Cambridge | Q49111 | USJHY | Κέιμπριτζ | Кеймбридж | Кембридж | Кембриж | Кембриҗ | Кембриҷ | Кембриџ | Кембрыдж | Кэмбридж | კემბრიჯი | Քեմբրիջ | קיימברידג' | קעמברידזש | كامبريدج | کامبریج | کمبریج | کمبریج، ماساچوست | کیمبرج، میساچوسٹس | केंब्रिज | কেমব্রিজ | கேம்பிரிஜ் | కేంబ్రిడ్జ్ | เคมบริดจ์ | ケンブリッジ | 剑桥 | 劍橋,48,
00559197-p002-loc01,00559197-p002,00559197,1,Cambridge,Cambridge,2653941,https://www.geonames.org/2653941,52.2,0.11667,United Kingdom,케임브리지 | ケンブリッジ | เคมบริดจ์ | Caergrawnt | Cambridge | Cantabrigia | CBG | GBCMG | Grantanbrycg | Kambrij | Kembric | Kembridža | Kembridžas | Kembriĝo | Kiam-khiâu | كامبريدج | کیمبرج | کمبریج | קיימברידג' | Κέμπριτζ | Кеймбридж | Кембридж | Кембриҷ | Кембриџ | Кембрідж | Кембрыдж | Քեմբրիջ | კემბრიჯი | केंब्रिज | ಕೇಂಬ್ರಿಜ್ | കേംബ്രിഡ്ജ് | ক্যামব্রিজ | ကိန်းဘရစ်ချ်မြို့ | 劍橋,34,
00559198-p004-loc01,00559198-p004,00559198,1,Cambridge,Cambridge,2653941,https://www.geonames.org/2653941,52.2,0.11667,United Kingdom,케임브리지 | Caergrawnt | Cambridge | Cantabrigia | CBG | GBCMG | Grantanbrycg | Kambrij | Kembric | Kembridža | Kembridžas | Kembriĝo | Kiam-khiâu | Κέμπριτζ | Кеймбридж | Кембридж | Кембриҷ | Кембриџ | Кембрідж | Кембрыдж | კემბრიჯი | Քեմբրիջ | קיימברידג' | كامبريدج | کمبریج | کیمبرج | केंब्रिज | ক্যামব্রিজ | ಕೇಂಬ್ರಿಜ್ | കേംബ്രിഡ്ജ് | เคมบริดจ์ | ကိန်းဘရစ်ချ်မြို့ | ケンブリッジ | 劍橋,34,
02115000-p001-loc01,02115000-p001,02115000,1,Vienna,Vienna,2761369,https://www.geonames.org/2761369,48.20849,16.37208,Austria,빈 | ቪየና | 비엔나 | ウィーン | เวียนนา | 1010 | 1020 | 1030 | 1040 | 1050 | 1060 | 1070 | 1080 | 1090 | 1100 | 1110 | 1120 | 1130 | 1140 | 1150 | 1160 | 1170 | 1180 | 1190 | 1200 | 1210 | 1220 | 1230 | ATVIE | Beč | Beç | Bécs | Dunaj | Fiena | Q1741 | Veen | Vena | Vídeň | VIE | Viedeň | Viên | Viena | Vienna | Vienne | Vieno | Viin | Vín | Vínarborg | Vindobona | Vīne | Viyana | Vjena | Vjenna | Vyana | Wean | Wene | Wenen | Wiedeń | Wien | Wjedźyń | فيينا | وین | וינה | Βιέννη | Беч | Вена | Виена | Відень | ཝི་ཨེ་ན། | Վիեննա | ვენა | वियना | 維也納,73,
02115009-p001-loc01,02115009-p001,02115009,1,Vienna,Vienna,2761369,https://www.geonames.org/2761369,48.20849,16.37208,Austria,빈 | ቪየና | 비엔나 | ウィーン | เวียนนา | 1010 | 1020 | 1030 | 1040 | 1050 | 1060 | 1070 | 1080 | 1090 | 1100 | 1110 | 1120 | 1130 | 1140 | 1150 | 1160 | 1170 | 1180 | 1190 | 1200 | 1210 | 1220 | 1230 | ATVIE | Beč | Beç | Bécs | Dunaj | Fiena | Q1741 | Veen | Vena | Vídeň | VIE | Viedeň | Viên | Viena | Vienna | Vienne | Vieno | Viin | Vín | Vínarborg | Vindobona | Vīne | Viyana | Vjena | Vjenna | Vyana | Wean | Wene | Wenen | Wiedeń | Wien | Wjedźyń | فيينا | وین | וינה | Βιέννη | Беч | Вена | Виена | Відень | ཝི་ཨེ་ན། | Վիեննա | ვენა | वियना | 維也納,73,
02100631-p003-loc01,02100631-p003,02100631,1,Den Haag,The Hague,2747373,https://www.geonames.org/2747373,52.07667,4.29861,The Netherlands,헤이그 | デン・ハーグ | 2491 | 2492 | 2493 | 2495 | 2496 | 2497 | 2498 | 2511 | 2512 | 2513 | 2514 | 2515 | 2516 | 2517 | 2518 | 2521 | 2522 | 2523 | 2524 | 2525 | 2526 | 2531 | 2532 | 2533 | 2541 | 2542 | 2543 | 2544 | 2545 | 2546 | 2547 | 2548 | 2551 | 2552 | 2553 | 2554 | 2555 | 2561 | 2562 | 2563 | 2564 | 2565 | 2566 | 2571 | 2572 | 2573 | 2574 | 2581 | 2582 | 2583 | 2584 | 2585 | 2586 | 2587 | 2591 | 2592 | 2593 | 2594 | 2595 | 2596 | 2597 | A Haia | An Háig | De Haach | Den Haag | D'n Haog | Haag | Hag | HAG | Haga | Hága | Hāga | Hago | Hague | La Haia | La Haya | La Haye | Lahey | L'Aia | NLHA9 | NLHAG | Q41795540 | 's-Gravenhage | The Hague | لاهاي | لاهه | האג | Χάγη | Гаага | Хаг | Хага | ჰააგა | 海牙,95,
00559203-p001-loc01,00559203-p001,00559203,1,Brussels,Brussels,2800866,https://www.geonames.org/2800866,50.85045,4.34878,Belgium,브뤼셀 | 1000 | An Bhruiséil | BEBRU | Brasels | Bréissel | Brisel | Brisele | Briuselis | BRU | Bruiseal | Bruksel | Brüksel | Bruksela | Brukseli | Brukselo | Brusel | Brusela | Bruselas | Bruseles | Bruselj | Brusel·les | Bruselo | Brussel | Brüssel | Brussele | Brussel·les | Brussels | Brüsszel | Bruxel | Bruxelas | Bruxellae | Bruxelles | Brwsel | Bryssel | Città di Bruxelles | City of Brussels | Kota Brusel | Βρυξέλλες | Брисел | Брусэль | Брюксел | Брюсель | Брюссель | ბრიუსელი | Բրյուսել | בריסל | بروكسل | بروکسل | بريۇسسېل | ܒܪܘܟܣܠ | ब्रसेल्स | ব্রাসেলস | บรัสเซลส์ | ブリュッセル | 布魯塞爾 | 布鲁塞尔 | 比律悉,58,
00559203-p002-loc01,00559203-p002,00559203,1,Antwerp,Antwerp,2803138,https://www.geonames.org/2803138,51.22047,4.40026,Belgium,안트베르펜 | 2000 | 2018 | 2020 | 2030 | 2040 | 2050 | 2060 | 2600 | Amberes | Amberis | Anberes | ANR | Antuairp | Antuerpen | Antuérpia | Antverpen | Antverpenas | Antverpene | Antverpeno | Antverpens | Antverpia | Antverpy | Antwarp | Antwerp | Antwérp | Antwerpa | Antwerpe | Antwerpen | Antwerpia | Antwerpium | Antwerpn | Antwyrpijo | Anvers | Anvèrs | Anversa | Anverse | Anvérse | BEANR | Kota Antwerpen | Ôn-thi̍t-ví-phú | Αμβέρσα | Антверпен | ანტვერპენი | Անտվերպեն | אנטווערפן | אנטוורפן | آنتورپ | أنتويرب | انتورب | انتويرب | انٹیورپ | अँटवर्प | ஆண்ட்வெர்ப் | ആന്റ്‌വെർപ് | แอนต์เวิร์ป | အန့်တွပ်မြို့ | アントウェルペン | アントワープ | 安特卫普 | 安特衞普,61,
00559203-p003-loc01,00559203-p003,00559203,1,Cambridge,Cambridge,2653941,https://www.geonames.org/2653941,52.2,0.11667,United Kingdom,케임브리지 | Caergrawnt | Cambridge | Cantabrigia | CBG | GBCMG | Grantanbrycg | Kambrij | Kembric | Kembridža | Kembridžas | Kembriĝo | Kiam-khiâu | Κέμπριτζ | Кеймбридж | Кембридж | Кембриҷ | Кембриџ | Кембрідж | Кембрыдж | კემბრიჯი | Քեմբրիջ | קיימברידג' | كامبريدج | کمبریج | کیمبرج | केंब्रिज | ক্যামব্রিজ | ಕೇಂಬ್ರಿಜ್ | കേംബ്രിഡ്ജ് | เคมบริดจ์ | ကိန်းဘရစ်ချ်မြို့ | ケンブリッジ | 劍橋,34,
02160790-p001-loc01,02160790-p001,02160790,1,Washington,Washington,4140963,https://www.geonames.org/4140963,38.89511,-77.03637,United States,20001 | 20002 | 20003 | 20004 | 20005 | 20006 | 20007 | 20008 | 20009 | 20010 | 20011 | 20012 | 20013 | 20015 | 20016 | 20017 | 20018 | 20019 | 20020 | 20024 | 20026 | 20029 | 20030 | 20032 | 20033 | 20035 | 20036 | 20037 | 20038 | 20039 | 20040 | 20041 | 20042 | 20043 | 20044 | 20045 | 20047 | 20049 | 20050 | 20052 | 20053 | 20055 | 20056 | 20057 | 20058 | 20059 | 20060 | 20061 | 20062 | 20063 | 20064 | 20065 | 20066 | 20067 | 20068 | 20069 | 20070 | 20071 | 20073 | 20074 | 20075 | 20076 | 20077 | 20078 | 20080 | 20081 | 20082 | 20090 | 20091 | 20201 | 20202 | 20203 | 20204 | 20206 | 20207 | 20208 | 20210 | 20211 | 20212 | 20213 | 20214 | 20215 | 20216 | 20217 | 20218 | 20219 | 20220 | 20221 | 20222 | 20223 | 20224 | 20226 | 20227 | 20228 | 20229 | 20230 | 20232 | 20233 | 20235 | 20238 | 20239 | 20240 | 20241 | 20242 | 20244 | 20245 | 20250 | 20251 | 20254 | 20260 | 20261 | 20262 | 20265 | 20266 | 20268 | 20270 | 20277 | 20289 | 20299 | 20301 | 20303 | 20306 | 20310 | 20314 | 20317 | 20318 | 20319 | 20330 | 20340 | 20350 | 20370 | 20372 | 20375 | 20380 | 20389 | 20390 | 20392 | 20393 | 20394 | 20395 | 20401 | 20402 | 20403 | 20404 | 20405 | 20406 | 20407 | 20408 | 20409 | 20410 | 20411 | 20412 | 20413 | 20414 | 20415 | 20416 | 20418 | 20419 | 20420 | 20421 | 20422 | 20423 | 20424 | 20425 | 20426 | 20427 | 20428 | 20429 | 20431 | 20433 | 20434 | 20435 | 20436 | 20437 | 20439 | 20440 | 20441 | 20442 | 20444 | 20447 | 20451 | 20453 | 20456 | 20460 | 20463 | 20468 | 20469 | 20470 | 20472 | 20500 | 20501 | 20502 | 20503 | 20504 | 20505 | 20506 | 20507 | 20508 | 20510 | 20515 | 20520 | 20521 | 20522 | 20523 | 20524 | 20525 | 20526 | 20527 | 20530 | 20531 | 20533 | 20534 | 20535 | 20536 | 20537 | 20538 | 20539 | 20540 | 20541 | 20542 | 20543 | 20544 | 20546 | 20547 | 20548 | 20549 | 20551 | 20552 | 20553 | 20554 | 20555 | 20557 | 20559 | 20560 | 20565 | 20566 | 20570 | 20571 | 20572 | 20573 | 20575 | 20576 | 20577 | 20578 | 20579 | 20580 | 20581 | 20585 | 20586 | 20590 | 20591 | 20593 | 20594 | 20597 | 20599 | 워싱턴 D.C. | 워싱턴 DC | D.C. | District of Columbia | Federal Capital | Federal City | Federal Town | Ranatakariáhshne | Territory of Columbia | USWAS | Vašingtonas | Vasingtonia | Vaŝingtono | WAS | Washington | Washington City | Washington D. C. | Washington D.C. | Washington DC | Waszyngton | Ουάσιγκτον | Вашингтон | 华盛顿特区,278,
02122495-p002-loc01,02122495-p002,02122495,1,Lviv,Lviv,702550,https://www.geonames.org/702550,49.83826,24.02324,Ukraine,리비브 | 리비우 | İlbav | Ilyvó | Lavov | Lembärsch | Lemberg | Lemburg | Leopoli | Leopołi | Leopolis | Leópolis | Leopolo | Leopul | Liòpuli | Liov | Ljviv | Lviv | Lvivo | L'vov | Lvov | Ľvov | Ļvova | Lvovas | Lwif | Lwiw | LWO | Lwów | Lwůw | Q36036 | UALVI | UALVV | UALWO | Λβιβ | Лавов | Лвов | Львив | Львів | Львов | Львов ош | Львоў | ლვოვი | Լվով | לבוב | לעמבערג | לעמבריק | لفيف | لڤیڤ | لووف | لویو | لیویو | लिव्हिव | லிவீவ் | ลวีฟ | လွှမ်းယွန်း | リヴィウ | 利沃夫,57,
02122495-p003-loc01,02122495-p003,02122495,1,Lviv,Lviv,702550,https://www.geonames.org/702550,49.83826,24.02324,Ukraine,리비브 | 리비우 | İlbav | Ilyvó | Lavov | Lembärsch | Lemberg | Lemburg | Leopoli | Leopołi | Leopolis | Leópolis | Leopolo | Leopul | Liòpuli | Liov | Ljviv | Lviv | Lvivo | L'vov | Lvov | Ľvov | Ļvova | Lvovas | Lwif | Lwiw | LWO | Lwów | Lwůw | Q36036 | UALVI | UALVV | UALWO | Λβιβ | Лавов | Лвов | Львив | Львів | Львов | Львов ош | Львоў | ლვოვი | Լվով | לבוב | לעמבערג | לעמבריק | لفيف | لڤیڤ | لووف | لویو | لیویو | लिव्हिव | லிவீவ் | ลวีฟ | လွှမ်းယွန်း | リヴィウ | 利沃夫,57,
02122495-p004-loc01,02122495-p004,02122495,1,Wrocław,Wroclaw,3081368,https://www.geonames.org/3081368,51.10286,17.03006,Poland,ヴロツワフ | 브로츠와프 | วรอตสวัฟ | Boroszló | Brasloi | Brassel | Breslau | Breslava | Breslavia | Breslávia | Breslavl’ | Breslū | Breßlau | PLWRO | Q1799 | Vratislav | Vratislavia | Vratislavie | Vroclav | Vroclava | Vroclavas | Vroclavo | Vrocuav | Vroklave | Vroslav | Vrotslav | Vruoclavs | WRO | Wroclaw | Wrocław | Wrócław | Wrocłow | Wroklaw | Wrosław | ڤرۆتسواف | فروتسواف | وروتسواف | وروسلاو | ברעסלוי | ורוצלב | Βρότσλαβ | Вроцлав | Вроцлаў | ვროცლავი | व्रोत्सवाफ | விராத்ஸ்சாஃப் | 弗罗茨瓦夫,47,
02161112-p001-loc01,02161112-p001,02161112,1,Berlin,Berlin,2950159,https://www.geonames.org/2950159,52.52437,13.41053,Germany,베를린 | 10967 | 13347 | Beirlín | Belin | BER | Berlëno | Berlien | Berliin | Berliini | Berlijn | Berlim | Berlin | Berlín | Berlîn | Bèrlîn | Berlīne | Berlini | Berlino | Berlyn | Berlynas | Berolinum | Birlinu | DEBER | Estat de Berlín | Q64 | Βερολίνο | Берлин | Берлін | Бэрлін | ბერლინი | Բեռլին | Պերլին | בערלין | ברלין | برلين | برلین | بېرلىن | ܒܪܠܝܢ | बर्लिन | বার্লিন | பெர்லின் | เบอร์ลิน | ベルリン | 柏林,45,
02161112-p002-loc01,02161112-p002,02161112,1,Washington,Washington,4140963,https://www.geonames.org/4140963,38.89511,-77.03637,United States,20001 | 20002 | 20003 | 20004 | 20005 | 20006 | 20007 | 20008 | 20009 | 20010 | 20011 | 20012 | 20013 | 20015 | 20016 | 20017 | 20018 | 20019 | 20020 | 20024 | 20026 | 20029 | 20030 | 20032 | 20033 | 20035 | 20036 | 20037 | 20038 | 20039 | 20040 | 20041 | 20042 | 20043 | 20044 | 20045 | 20047 | 20049 | 20050 | 20052 | 20053 | 20055 | 20056 | 20057 | 20058 | 20059 | 20060 | 20061 | 20062 | 20063 | 20064 | 20065 | 20066 | 20067 | 20068 | 20069 | 20070 | 20071 | 20073 | 20074 | 20075 | 20076 | 20077 | 20078 | 20080 | 20081 | 20082 | 20090 | 20091 | 20201 | 20202 | 20203 | 20204 | 20206 | 20207 | 20208 | 20210 | 20211 | 20212 | 20213 | 20214 | 20215 | 20216 | 20217 | 20218 | 20219 | 20220 | 20221 | 20222 | 20223 | 20224 | 20226 | 20227 | 20228 | 20229 | 20230 | 20232 | 20233 | 20235 | 20238 | 20239 | 20240 | 20241 | 20242 | 20244 | 20245 | 20250 | 20251 | 20254 | 20260 | 20261 | 20262 | 20265 | 20266 | 20268 | 20270 | 20277 | 20289 | 20299 | 20301 | 20303 | 20306 | 20310 | 20314 | 20317 | 20318 | 20319 | 20330 | 20340 | 20350 | 20370 | 20372 | 20375 | 20380 | 20389 | 20390 | 20392 | 20393 | 20394 | 20395 | 20401 | 20402 | 20403 | 20404 | 20405 | 20406 | 20407 | 20408 | 20409 | 20410 | 20411 | 20412 | 20413 | 20414 | 20415 | 20416 | 20418 | 20419 | 20420 | 20421 | 20422 | 20423 | 20424 | 20425 | 20426 | 20427 | 20428 | 20429 | 20431 | 20433 | 20434 | 20435 | 20436 | 20437 | 20439 | 20440 | 20441 | 20442 | 20444 | 20447 | 20451 | 20453 | 20456 | 20460 | 20463 | 20468 | 20469 | 20470 | 20472 | 20500 | 20501 | 20502 | 20503 | 20504 | 20505 | 20506 | 20507 | 20508 | 20510 | 20515 | 20520 | 20521 | 20522 | 20523 | 20524 | 20525 | 20526 | 20527 | 20530 | 20531 | 20533 | 20534 | 20535 | 20536 | 20537 | 20538 | 20539 | 20540 | 20541 | 20542 | 20543 | 20544 | 20546 | 20547 | 20548 | 20549 | 20551 | 20552 | 20553 | 20554 | 20555 | 20557 | 20559 | 20560 | 20565 | 20566 | 20570 | 20571 | 20572 | 20573 | 20575 | 20576 | 20577 | 20578 | 20579 | 20580 | 20581 | 20585 | 20586 | 20590 | 20591 | 20593 | 20594 | 20597 | 20599 | 워싱턴 D.C. | 워싱턴 DC | D.C. | District of Columbia | Federal Capital | Federal City | Federal Town | Ranatakariáhshne | Territory of Columbia | USWAS | Vašingtonas | Vasingtonia | Vaŝingtono | WAS | Washington | Washington City | Washington D. C. | Washington D.C. | Washington DC | Waszyngton | Ουάσιγκτον | Вашингтон | 华盛顿特区,278,
02126874-p001-loc01,02126874-p001,02126874,1,Milano,Milan,3173435,https://www.geonames.org/3173435,45.46427,9.18951,Italy,밀라노 | ITMIL | Lungsod ng Milano | Mailand | Mediolan | Mediolanum | MIL | Milà | Milaan | Milan | Milán | Milāna | Milanas | Milano | Miláno | Milánó | Mílanó | Milanu | Milão | Mилан | Милан | Милано | Мілан | მილანი | Միլան | מילאנו | مىلان | ميلانو | মিলান | மிலன் | มิลาน | ミラノ | 米蘭,33,
02115031-p001-loc01,02115031-p001,02115031,1,Vienna,Vienna,2761369,https://www.geonames.org/2761369,48.20849,16.37208,Austria,빈 | ቪየና | 비엔나 | ウィーン | เวียนนา | 1010 | 1020 | 1030 | 1040 | 1050 | 1060 | 1070 | 1080 | 1090 | 1100 | 1110 | 1120 | 1130 | 1140 | 1150 | 1160 | 1170 | 1180 | 1190 | 1200 | 1210 | 1220 | 1230 | ATVIE | Beč | Beç | Bécs | Dunaj | Fiena | Q1741 | Veen | Vena | Vídeň | VIE | Viedeň | Viên | Viena | Vienna | Vienne | Vieno | Viin | Vín | Vínarborg | Vindobona | Vīne | Viyana | Vjena | Vjenna | Vyana | Wean | Wene | Wenen | Wiedeń | Wien | Wjedźyń | فيينا | وین | וינה | Βιέννη | Беч | Вена | Виена | Відень | ཝི་ཨེ་ན། | Վիեննա | ვენა | वियना | 維也納,73,
02126877-p002-loc01,02126877-p002,02126877,1,Milano,Milan,3173435,https://www.geonames.org/3173435,45.46427,9.18951,Italy,밀라노 | ITMIL | Lungsod ng Milano | Mailand | Mediolan | Mediolanum | MIL | Milà | Milaan | Milan | Milán | Milāna | Milanas | Milano | Miláno | Milánó | Mílanó | Milanu | Milão | Mилан | Милан | Милано | Мілан | მილანი | Միլան | מילאנו | مىلان | ميلانو | মিলান | மிலன் | มิลาน | ミラノ | 米蘭,33,
02156758-p001-loc01,02156758-p001,02156758,1,,,,,,,,,0,
02156758-p002-loc01,02156758-p002,02156758,1,San Marino,San Marino,5392400,https://www.geonames.org/5392400,34.1214,-118.10646,United States,샌마리노 | 91108 | 91118 | Q850869 | San Marino | San-Marino | USSMD | Σαν Μαρίνο | Сан Марино | Сан-Марино | Сан-Маріно | Сан-Марына | სან-მარინო | Սան Մարինո | סן מרינו | سان مارينو | سان مارینو، کالیفرنیا | سان مارینو، کالیفورنیا | سین مارینو، کیلی فورنیا | स्यान म्यारिनो | サン・マリノ | 圣马力诺 | 聖瑪利諾 | 聖馬利諾,24,
02156758-p003-loc01,02156758-p003,02156758,1,San Marino,San Marino,5392400,https://www.geonames.org/5392400,34.1214,-118.10646,United States,샌마리노 | 91108 | 91118 | Q850869 | San Marino | San-Marino | USSMD | Σαν Μαρίνο | Сан Марино | Сан-Марино | Сан-Маріно | Сан-Марына | სან-მარინო | Սան Մարինո | סן מרינו | سان مارينو | سان مارینو، کالیفرنیا | سان مارینو، کالیفورنیا | سین مارینو، کیلی فورنیا | स्यान म्यारिनो | サン・マリノ | 圣马力诺 | 聖瑪利諾 | 聖馬利諾,24,
02126879-p001-loc01,02126879-p001,02126879,1,Milano,Milan,3173435,https://www.geonames.org/3173435,45.46427,9.18951,Italy,밀라노 | ITMIL | Lungsod ng Milano | Mailand | Mediolan | Mediolanum | MIL | Milà | Milaan | Milan | Milán | Milāna | Milanas | Milano | Miláno | Milánó | Mílanó | Milanu | Milão | Mилан | Милан | Милано | Мілан | მილანი | Միլան | מילאנו | مىلان | ميلانو | মিলান | மிலன் | มิลาน | ミラノ | 米蘭,33,
02126872-p002-loc01,02126872-p002,02126872,1,Milano,Milan,3173435,https://www.geonames.org/3173435,45.46427,9.18951,Italy,밀라노 | ITMIL | Lungsod ng Milano | Mailand | Mediolan | Mediolanum | MIL | Milà | Milaan | Milan | Milán | Milāna | Milanas | Milano | Miláno | Milánó | Mílanó | Milanu | Milão | Mилан | Милан | Милано | Мілан | მილანი | Միլան | מילאנו | مىلان | ميلانو | মিলান | மிலன் | มิลาน | ミラノ | 米蘭,33,
02126876-p001-loc01,02126876-p001,02126876,1,Milano,Milan,3173435,https://www.geonames.org/3173435,45.46427,9.18951,Italy,밀라노 | ITMIL | Lungsod ng Milano | Mailand | Mediolan | Mediolanum | MIL | Milà | Milaan | Milan | Milán | Milāna | Milanas | Milano | Miláno | Milánó | Mílanó | Milanu | Milão | Mилан | Милан | Милано | Мілан | მილანი | Միլան | מילאנו | مىلان | ميلانو | মিলান | மிலன் | มิลาน | ミラノ | 米蘭,33,
02126878-p001-loc01,02126878-p001,02126878,1,Milano,Milan,3173435,https://www.geonames.org/3173435,45.46427,9.18951,Italy,밀라노 | ITMIL | Lungsod ng Milano | Mailand | Mediolan | Mediolanum | MIL | Milà | Milaan | Milan | Milán | Milāna | Milanas | Milano | Miláno | Milánó | Mílanó | Milanu | Milão | Mилан | Милан | Милано | Мілан | მილანი | Միլան | מילאנו | مىلان | ميلانو | মিলান | மிலன் | มิลาน | ミラノ | 米蘭,33,
02126875-p001-loc01,02126875-p001,02126875,1,Milano,Milan,3173435,https://www.geonames.org/3173435,45.46427,9.18951,Italy,밀라노 | ITMIL | Lungsod ng Milano | Mailand | Mediolan | Mediolanum | MIL | Milà | Milaan | Milan | Milán | Milāna | Milanas | Milano | Miláno | Milánó | Mílanó | Milanu | Milão | Mилан | Милан | Милано | Мілан | მილანი | Միլան | מילאנו | مىلان | ميلانو | মিলান | மிலன் | มิลาน | ミラノ | 米蘭,33,
02126873-p001-loc01,02126873-p001,02126873,1,Milano,Milan,3173435,https://www.geonames.org/3173435,45.46427,9.18951,Italy,밀라노 | ITMIL | Lungsod ng Milano | Mailand | Mediolan | Mediolanum | MIL | Milà | Milaan | Milan | Milán | Milāna | Milanas | Milano | Miláno | Milánó | Mílanó | Milanu | Milão | Mилан | Милан | Милано | Мілан | მილანი | Միլան | מילאנו | مىلان | ميلانو | মিলান | மிலன் | มิลาน | ミラノ | 米蘭,33,
02146268-p002-loc01,02146268-p002,02146268,1,Poland,Poland,798544,https://www.geonames.org/798544,52,20,Poland,폴란드 | ܦܘܠܢܕ | ፖላንድ | ໂປແລນ | ポーランド | ប៉ូឡូញ | ପୋଲାଣ୍ଡ | โปแลนด์ | ประเทศโปแลนด์ | an Pholainn | A Phòlainn | A’ Phòlainn | Ba Lan | Booland | Gwlad Pwyl | il-Polonja | i-Poland | Lengyelország | Lenkija | Mpoloni | Pholandi | PL | Poalen | Polaland | Polan | Polän | poland | Poland | Polandi | Polandia | Poland nutome | Polani | Pole | Polen | Poleni | Polija | Polio | Polish People’s Republic | Poljska | Pólland | Pollando | Pologna | Pologne | Poloɲi | Poloñ | Pôlôna | Polóña | Polongne | Polonha | Poloni | Pölôni | Polonia | Polónia | Polònia | Polônia | Polonie | Polonya | Polonye | Polşa | Polsha | Polska | Pólska | Polska Rzeczpospolita Ludowa | polskas | Polsko | Poľsko | Pòlskô | Pol'šu | Pol’šu | Polujo | Poola | Pooln | Poran | Pulonia | Pulonnia | Pulska | Pulunya | Puola | Republic of Poland | Rzeczpospolita Polska | Yn Pholynn | اتریش | بولندا | پۆڵەندا | پولشا | پولنډ | پولینڈ | پولینڑ | پولينڊ | لهستان | لەھىستان | פוילן | פּוילן | פולין | Πολωνία | Лаҳистон | Полония | Полска | Полша | Пол҄ьска | Польш | Польшæ | Польша | Польше | Польшу | Польшча | Польща | Пољска | པོ་ལནྜ། | པོ་ལེནཌ | Լեհաստան | Փոլոնիա | პოლონეთი | पोलैंड | पोलंड | पोल्याण्ड | પોલેંડ | పోలాండ్ | ਪੋਲੈਂਡ | ಪೋಲ್ಯಾಂಡ್ | போலந்து | പോളണ്ട് | পোলেণ্ড | পোল্যাণ্ড | পোল্যান্ড | ပိုလန် | පෝලන්තය | ポーランド共和国 | 波兰 | 波蘭,130,
02146268-p004-loc01,02146268-p004,02146268,1,Piotrków Trybunalski,Piotrkow Trybunalski,3088972,https://www.geonames.org/3088972,51.40547,19.70321,Poland,피오트르쿠프트리부날스키 | Petrakavas | Petrikau | Petrokov | Piotrków | Piotrkow Trybunalski | Piotrków Trybunalski | Pjotrkova Tribunalska | PLPIO | PLPIT | Пётркаў-Трыбунальскі | Пётркув-Трыбунальски | Пётркув-Трыбунальский | Пйотркув-Трибунальський | Пјотрков Трибуналски | Пьотърков Трибуналски | פיוטרקוב טריבונלסקי | פיעטרקאוו | ปียอตร์กุฟตรือบูนัลสกี | ピョートルクフ・トルィブナルスキ | 彼得庫夫特雷布納爾斯基,21,
02146268-p005-loc01,02146268-p005,02146268,1,Warsaw,Warsaw,756135,https://www.geonames.org/756135,52.22977,21.01178,Poland,바르샤바 | Barsobia | PLWAW | Q270 | Vársá | Varšava | Varşava | Varsavia | Varsavja | Varshava | Varsjá | Varsó | Varsova | Varşova | Varsovia | Varsóvia | Varsòvia | Varșovia | Varsovie | Varsovio | Varssavi | Varšuva | Warsaw | Warsawa | Waršawa | Warschau | Warskou | Warszaw | Warszawa | WAW | Βαρσοβία | Варшавæ | Варшава | ვარშავა | Վարշավա | Վարշաւա | ווארשע | װאַרשע | ורשה | وارسو | ورشو | ۋارشاۋا | ܘܪܣܘ | ዋርሶው | वॉर्सो | วอร์ซอ | ワルシャワ | 华沙 | 華沙,49,
02146351-p002-loc01,02146351-p002,02146351,1,Poland,Poland,798544,https://www.geonames.org/798544,52,20,Poland,폴란드 | ܦܘܠܢܕ | ፖላንድ | ໂປແລນ | ポーランド | ប៉ូឡូញ | ପୋଲାଣ୍ଡ | โปแลนด์ | ประเทศโปแลนด์ | an Pholainn | A Phòlainn | A’ Phòlainn | Ba Lan | Booland | Gwlad Pwyl | il-Polonja | i-Poland | Lengyelország | Lenkija | Mpoloni | Pholandi | PL | Poalen | Polaland | Polan | Polän | poland | Poland | Polandi | Polandia | Poland nutome | Polani | Pole | Polen | Poleni | Polija | Polio | Polish People’s Republic | Poljska | Pólland | Pollando | Pologna | Pologne | Poloɲi | Poloñ | Pôlôna | Polóña | Polongne | Polonha | Poloni | Pölôni | Polonia | Polónia | Polònia | Polônia | Polonie | Polonya | Polonye | Polşa | Polsha | Polska | Pólska | Polska Rzeczpospolita Ludowa | polskas | Polsko | Poľsko | Pòlskô | Pol'šu | Pol’šu | Polujo | Poola | Pooln | Poran | Pulonia | Pulonnia | Pulska | Pulunya | Puola | Republic of Poland | Rzeczpospolita Polska | Yn Pholynn | اتریش | بولندا | پۆڵەندا | پولشا | پولنډ | پولینڈ | پولینڑ | پولينڊ | لهستان | لەھىستان | פוילן | פּוילן | פולין | Πολωνία | Лаҳистон | Полония | Полска | Полша | Пол҄ьска | Польш | Польшæ | Польша | Польше | Польшу | Польшча | Польща | Пољска | པོ་ལནྜ། | པོ་ལེནཌ | Լեհաստան | Փոլոնիա | პოლონეთი | पोलैंड | पोलंड | पोल्याण्ड | પોલેંડ | పోలాండ్ | ਪੋਲੈਂਡ | ಪೋಲ್ಯಾಂಡ್ | போலந்து | പോളണ്ട് | পোলেণ্ড | পোল্যাণ্ড | পোল্যান্ড | ပိုလန် | පෝලන්තය | ポーランド共和国 | 波兰 | 波蘭,130,
02146351-p003-loc01,02146351-p003,02146351,1,Poland,Poland,798544,https://www.geonames.org/798544,52,20,Poland,폴란드 | ܦܘܠܢܕ | ፖላንድ | ໂປແລນ | ポーランド | ប៉ូឡូញ | ପୋଲାଣ୍ଡ | โปแลนด์ | ประเทศโปแลนด์ | an Pholainn | A Phòlainn | A’ Phòlainn | Ba Lan | Booland | Gwlad Pwyl | il-Polonja | i-Poland | Lengyelország | Lenkija | Mpoloni | Pholandi | PL | Poalen | Polaland | Polan | Polän | poland | Poland | Polandi | Polandia | Poland nutome | Polani | Pole | Polen | Poleni | Polija | Polio | Polish People’s Republic | Poljska | Pólland | Pollando | Pologna | Pologne | Poloɲi | Poloñ | Pôlôna | Polóña | Polongne | Polonha | Poloni | Pölôni | Polonia | Polónia | Polònia | Polônia | Polonie | Polonya | Polonye | Polşa | Polsha | Polska | Pólska | Polska Rzeczpospolita Ludowa | polskas | Polsko | Poľsko | Pòlskô | Pol'šu | Pol’šu | Polujo | Poola | Pooln | Poran | Pulonia | Pulonnia | Pulska | Pulunya | Puola | Republic of Poland | Rzeczpospolita Polska | Yn Pholynn | اتریش | بولندا | پۆڵەندا | پولشا | پولنډ | پولینڈ | پولینڑ | پولينڊ | لهستان | لەھىستان | פוילן | פּוילן | פולין | Πολωνία | Лаҳистон | Полония | Полска | Полша | Пол҄ьска | Польш | Польшæ | Польша | Польше | Польшу | Польшча | Польща | Пољска | པོ་ལནྜ། | པོ་ལེནཌ | Լեհաստան | Փոլոնիա | პოლონეთი | पोलैंड | पोलंड | पोल्याण्ड | પોલેંડ | పోలాండ్ | ਪੋਲੈਂਡ | ಪೋಲ್ಯಾಂಡ್ | போலந்து | പോളണ്ട് | পোলেণ্ড | পোল্যাণ্ড | পোল্যান্ড | ပိုလန် | පෝලන්තය | ポーランド共和国 | 波兰 | 波蘭,130,
02146351-p004-loc01,02146351-p004,02146351,1,Piotrków Trybunalski,Piotrkow Trybunalski,3088972,https://www.geonames.org/3088972,51.40547,19.70321,Poland,피오트르쿠프트리부날스키 | Petrakavas | Petrikau | Petrokov | Piotrków | Piotrkow Trybunalski | Piotrków Trybunalski | Pjotrkova Tribunalska | PLPIO | PLPIT | Пётркаў-Трыбунальскі | Пётркув-Трыбунальски | Пётркув-Трыбунальский | Пйотркув-Трибунальський | Пјотрков Трибуналски | Пьотърков Трибуналски | פיוטרקוב טריבונלסקי | פיעטרקאוו | ปียอตร์กุฟตรือบูนัลสกี | ピョートルクフ・トルィブナルスキ | 彼得庫夫特雷布納爾斯基,21,
02146351-p005-loc01,02146351-p005,02146351,1,Warsaw,Warsaw,756135,https://www.geonames.org/756135,52.22977,21.01178,Poland,바르샤바 | Barsobia | PLWAW | Q270 | Vársá | Varšava | Varşava | Varsavia | Varsavja | Varshava | Varsjá | Varsó | Varsova | Varşova | Varsovia | Varsóvia | Varsòvia | Varșovia | Varsovie | Varsovio | Varssavi | Varšuva | Warsaw | Warsawa | Waršawa | Warschau | Warskou | Warszaw | Warszawa | WAW | Βαρσοβία | Варшавæ | Варшава | ვარშავა | Վարշավա | Վարշաւա | ווארשע | װאַרשע | ורשה | وارسو | ورشو | ۋارشاۋا | ܘܪܣܘ | ዋርሶው | वॉर्सो | วอร์ซอ | ワルシャワ | 华沙 | 華沙,49,
02146266-p002-loc01,02146266-p002,02146266,1,Poland,Poland,798544,https://www.geonames.org/798544,52,20,Poland,폴란드 | ܦܘܠܢܕ | ፖላንድ | ໂປແລນ | ポーランド | ប៉ូឡូញ | ପୋଲାଣ୍ଡ | โปแลนด์ | ประเทศโปแลนด์ | an Pholainn | A Phòlainn | A’ Phòlainn | Ba Lan | Booland | Gwlad Pwyl | il-Polonja | i-Poland | Lengyelország | Lenkija | Mpoloni | Pholandi | PL | Poalen | Polaland | Polan | Polän | poland | Poland | Polandi | Polandia | Poland nutome | Polani | Pole | Polen | Poleni | Polija | Polio | Polish People’s Republic | Poljska | Pólland | Pollando | Pologna | Pologne | Poloɲi | Poloñ | Pôlôna | Polóña | Polongne | Polonha | Poloni | Pölôni | Polonia | Polónia | Polònia | Polônia | Polonie | Polonya | Polonye | Polşa | Polsha | Polska | Pólska | Polska Rzeczpospolita Ludowa | polskas | Polsko | Poľsko | Pòlskô | Pol'šu | Pol’šu | Polujo | Poola | Pooln | Poran | Pulonia | Pulonnia | Pulska | Pulunya | Puola | Republic of Poland | Rzeczpospolita Polska | Yn Pholynn | اتریش | بولندا | پۆڵەندا | پولشا | پولنډ | پولینڈ | پولینڑ | پولينڊ | لهستان | لەھىستان | פוילן | פּוילן | פולין | Πολωνία | Лаҳистон | Полония | Полска | Полша | Пол҄ьска | Польш | Польшæ | Польша | Польше | Польшу | Польшча | Польща | Пољска | པོ་ལནྜ། | པོ་ལེནཌ | Լեհաստան | Փոլոնիա | პოლონეთი | पोलैंड | पोलंड | पोल्याण्ड | પોલેંડ | పోలాండ్ | ਪੋਲੈਂਡ | ಪೋಲ್ಯಾಂಡ್ | போலந்து | പോളണ്ട് | পোলেণ্ড | পোল্যাণ্ড | পোল্যান্ড | ပိုလန် | පෝලන්තය | ポーランド共和国 | 波兰 | 波蘭,130,
02146266-p004-loc01,02146266-p004,02146266,1,Piotrków Trybunalski,Piotrkow Trybunalski,3088972,https://www.geonames.org/3088972,51.40547,19.70321,Poland,피오트르쿠프트리부날스키 | Petrakavas | Petrikau | Petrokov | Piotrków | Piotrkow Trybunalski | Piotrków Trybunalski | Pjotrkova Tribunalska | PLPIO | PLPIT | Пётркаў-Трыбунальскі | Пётркув-Трыбунальски | Пётркув-Трыбунальский | Пйотркув-Трибунальський | Пјотрков Трибуналски | Пьотърков Трибуналски | פיוטרקוב טריבונלסקי | פיעטרקאוו | ปียอตร์กุฟตรือบูนัลสกี | ピョートルクフ・トルィブナルスキ | 彼得庫夫特雷布納爾斯基,21,
02146266-p005-loc01,02146266-p005,02146266,1,Warsaw,Warsaw,756135,https://www.geonames.org/756135,52.22977,21.01178,Poland,바르샤바 | Barsobia | PLWAW | Q270 | Vársá | Varšava | Varşava | Varsavia | Varsavja | Varshava | Varsjá | Varsó | Varsova | Varşova | Varsovia | Varsóvia | Varsòvia | Varșovia | Varsovie | Varsovio | Varssavi | Varšuva | Warsaw | Warsawa | Waršawa | Warschau | Warskou | Warszaw | Warszawa | WAW | Βαρσοβία | Варшавæ | Варшава | ვარშავა | Վարշավա | Վարշաւա | ווארשע | װאַרשע | ורשה | وارسو | ورشو | ۋارشاۋا | ܘܪܣܘ | ዋርሶው | वॉर्सो | วอร์ซอ | ワルシャワ | 华沙 | 華沙,49,
02017047-p002-loc01,02017047-p002,02017047,1,Vilnius,Vilnius,593116,https://www.geonames.org/593116,54.68916,25.2798,Lithuania,빌뉴스 | IVilnyusi | LTVIL | LTVNO | Vilna | Viļņa | Vilnia | Vilnias | Vilniaus miestas | Vilnis | Vilnius | Vilníus | Vílnius | Vilnjûs | Vil'no | Vilno | Vilnüs | Vil'nyus | VNO | Wilna | Wilnius | Wilno | Wilñus | Βίλνα | Βιλνιους | Βίλνιους | Вилниус | Вилнус | Вилн҄ь | Вилнюс | Вилњус | Вильнюс | Виљнус | Вільнюс | ვილნიუსი | Վիլնյուս | ווילנע | וילנה | فيلنيوس | ڤیلنیوس | ولنیس | ویلنیوس | ቪልኒውስ | व्हिल्नियस | ভিলনিউস | வில்னியஸ் | วิลนีอุส | ལྦེ་ནི་སུ་ནི། | ᕕᓪᓂᐅᔅ/vilnius | ヴィリニュス | 维尔纽斯,51,
02017044-p002-loc01,02017044-p002,02017044,1,Vilnius,Vilnius,593116,https://www.geonames.org/593116,54.68916,25.2798,Lithuania,빌뉴스 | IVilnyusi | LTVIL | LTVNO | Vilna | Viļņa | Vilnia | Vilnias | Vilniaus miestas | Vilnis | Vilnius | Vilníus | Vílnius | Vilnjûs | Vil'no | Vilno | Vilnüs | Vil'nyus | VNO | Wilna | Wilnius | Wilno | Wilñus | Βίλνα | Βιλνιους | Βίλνιους | Вилниус | Вилнус | Вилн҄ь | Вилнюс | Вилњус | Вильнюс | Виљнус | Вільнюс | ვილნიუსი | Վիլնյուս | ווילנע | וילנה | فيلنيوس | ڤیلنیوس | ولنیس | ویلنیوس | ቪልኒውስ | व्हिल्नियस | ভিলনিউস | வில்னியஸ் | วิลนีอุส | ལྦེ་ནི་སུ་ནི། | ᕕᓪᓂᐅᔅ/vilnius | ヴィリニュス | 维尔纽斯,51,
02017105-p003-loc01,02017105-p003,02017105,1,Vilnius,Vilnius,593116,https://www.geonames.org/593116,54.68916,25.2798,Lithuania,빌뉴스 | IVilnyusi | LTVIL | LTVNO | Vilna | Viļņa | Vilnia | Vilnias | Vilniaus miestas | Vilnis | Vilnius | Vilníus | Vílnius | Vilnjûs | Vil'no | Vilno | Vilnüs | Vil'nyus | VNO | Wilna | Wilnius | Wilno | Wilñus | Βίλνα | Βιλνιους | Βίλνιους | Вилниус | Вилнус | Вилн҄ь | Вилнюс | Вилњус | Вильнюс | Виљнус | Вільнюс | ვილნიუსი | Վիլնյուս | ווילנע | וילנה | فيلنيوس | ڤیلنیوس | ولنیس | ویلنیوس | ቪልኒውስ | व्हिल्नियस | ভিলনিউস | வில்னியஸ் | วิลนีอุส | ལྦེ་ནི་སུ་ནི། | ᕕᓪᓂᐅᔅ/vilnius | ヴィリニュス | 维尔纽斯,51,
02017156-p003-loc01,02017156-p003,02017156,1,Vilnius,Vilnius,593116,https://www.geonames.org/593116,54.68916,25.2798,Lithuania,빌뉴스 | IVilnyusi | LTVIL | LTVNO | Vilna | Viļņa | Vilnia | Vilnias | Vilniaus miestas | Vilnis | Vilnius | Vilníus | Vílnius | Vilnjûs | Vil'no | Vilno | Vilnüs | Vil'nyus | VNO | Wilna | Wilnius | Wilno | Wilñus | Βίλνα | Βιλνιους | Βίλνιους | Вилниус | Вилнус | Вилн҄ь | Вилнюс | Вилњус | Вильнюс | Виљнус | Вільнюс | ვილნიუსი | Վիլնյուս | ווילנע | וילנה | فيلنيوس | ڤیلنیوس | ولنیس | ویلنیوس | ቪልኒውስ | व्हिल्नियस | ভিলনিউস | வில்னியஸ் | วิลนีอุส | ལྦེ་ནི་སུ་ནི། | ᕕᓪᓂᐅᔅ/vilnius | ヴィリニュス | 维尔纽斯,51,
02017051-p002-loc01,02017051-p002,02017051,1,Vilnius,Vilnius,593116,https://www.geonames.org/593116,54.68916,25.2798,Lithuania,빌뉴스 | IVilnyusi | LTVIL | LTVNO | Vilna | Viļņa | Vilnia | Vilnias | Vilniaus miestas | Vilnis | Vilnius | Vilníus | Vílnius | Vilnjûs | Vil'no | Vilno | Vilnüs | Vil'nyus | VNO | Wilna | Wilnius | Wilno | Wilñus | Βίλνα | Βιλνιους | Βίλνιους | Вилниус | Вилнус | Вилн҄ь | Вилнюс | Вилњус | Вильнюс | Виљнус | Вільнюс | ვილნიუსი | Վիլնյուս | ווילנע | וילנה | فيلنيوس | ڤیلنیوس | ولنیس | ویلنیوس | ቪልኒውስ | व्हिल्नियस | ভিলনিউস | வில்னியஸ் | วิลนีอุส | ལྦེ་ནི་སུ་ནི། | ᕕᓪᓂᐅᔅ/vilnius | ヴィリニュス | 维尔纽斯,51,
02017053-p002-loc01,02017053-p002,02017053,1,Vilnius,Vilnius,593116,https://www.geonames.org/593116,54.68916,25.2798,Lithuania,빌뉴스 | IVilnyusi | LTVIL | LTVNO | Vilna | Viļņa | Vilnia | Vilnias | Vilniaus miestas | Vilnis | Vilnius | Vilníus | Vílnius | Vilnjûs | Vil'no | Vilno | Vilnüs | Vil'nyus | VNO | Wilna | Wilnius | Wilno | Wilñus | Βίλνα | Βιλνιους | Βίλνιους | Вилниус | Вилнус | Вилн҄ь | Вилнюс | Вилњус | Вильнюс | Виљнус | Вільнюс | ვილნიუსი | Վիլնյուս | ווילנע | וילנה | فيلنيوس | ڤیلنیوس | ولنیس | ویلنیوس | ቪልኒውስ | व्हिल्नियस | ভিলনিউস | வில்னியஸ் | วิลนีอุส | ལྦེ་ནི་སུ་ནི། | ᕕᓪᓂᐅᔅ/vilnius | ヴィリニュス | 维尔纽斯,51,
02017050-p002-loc01,02017050-p002,02017050,1,Vilnius,Vilnius,593116,https://www.geonames.org/593116,54.68916,25.2798,Lithuania,빌뉴스 | IVilnyusi | LTVIL | LTVNO | Vilna | Viļņa | Vilnia | Vilnias | Vilniaus miestas | Vilnis | Vilnius | Vilníus | Vílnius | Vilnjûs | Vil'no | Vilno | Vilnüs | Vil'nyus | VNO | Wilna | Wilnius | Wilno | Wilñus | Βίλνα | Βιλνιους | Βίλνιους | Вилниус | Вилнус | Вилн҄ь | Вилнюс | Вилњус | Вильнюс | Виљнус | Вільнюс | ვილნიუსი | Վիլնյուս | ווילנע | וילנה | فيلنيوس | ڤیلنیوس | ولنیس | ویلنیوس | ቪልኒውስ | व्हिल्नियस | ভিলনিউস | வில்னியஸ் | วิลนีอุส | ལྦེ་ནི་སུ་ནི། | ᕕᓪᓂᐅᔅ/vilnius | ヴィリニュス | 维尔纽斯,51,
02017125-p003-loc01,02017125-p003,02017125,1,Vilnius,Vilnius,593116,https://www.geonames.org/593116,54.68916,25.2798,Lithuania,빌뉴스 | IVilnyusi | LTVIL | LTVNO | Vilna | Viļņa | Vilnia | Vilnias | Vilniaus miestas | Vilnis | Vilnius | Vilníus | Vílnius | Vilnjûs | Vil'no | Vilno | Vilnüs | Vil'nyus | VNO | Wilna | Wilnius | Wilno | Wilñus | Βίλνα | Βιλνιους | Βίλνιους | Вилниус | Вилнус | Вилн҄ь | Вилнюс | Вилњус | Вильнюс | Виљнус | Вільнюс | ვილნიუსი | Վիլնյուս | ווילנע | וילנה | فيلنيوس | ڤیلنیوس | ولنیس | ویلنیوس | ቪልኒውስ | व्हिल्नियस | ভিলনিউস | வில்னியஸ் | วิลนีอุส | ལྦེ་ནི་སུ་ནི། | ᕕᓪᓂᐅᔅ/vilnius | ヴィリニュス | 维尔纽斯,51,
02017103-p003-loc01,02017103-p003,02017103,1,Vilnius,Vilnius,593116,https://www.geonames.org/593116,54.68916,25.2798,Lithuania,빌뉴스 | IVilnyusi | LTVIL | LTVNO | Vilna | Viļņa | Vilnia | Vilnias | Vilniaus miestas | Vilnis | Vilnius | Vilníus | Vílnius | Vilnjûs | Vil'no | Vilno | Vilnüs | Vil'nyus | VNO | Wilna | Wilnius | Wilno | Wilñus | Βίλνα | Βιλνιους | Βίλνιους | Вилниус | Вилнус | Вилн҄ь | Вилнюс | Вилњус | Вильнюс | Виљнус | Вільнюс | ვილნიუსი | Վիլնյուս | ווילנע | וילנה | فيلنيوس | ڤیلنیوس | ولنیس | ویلنیوس | ቪልኒውስ | व्हिल्नियस | ভিলনিউস | வில்னியஸ் | วิลนีอุส | ལྦེ་ནི་སུ་ནི། | ᕕᓪᓂᐅᔅ/vilnius | ヴィリニュス | 维尔纽斯,51,
00201176-p002-loc01,00201176-p002,00201176,1,"Princeton, NJ",,,,,,,,0,
00201176-p003-loc01,00201176-p003,00201176,1,Princeton,Princeton,5102922,https://www.geonames.org/5102922,40.34872,-74.65905,United States,프린스턴 | 08540 | 08541 | 08542 | 08543 | 08544 | PCT | Princes Town | Princeton | Princetonia | Princetown | Prince Town | Prinstona | Q138518 | Stony Brook | USPCT | Принстон | Принстън | პრინსტონი | Փրինսթոն | פרינסטון | برينستون | پرنسٹن، نیو جرسی | پرینستون، نیوجرسی | प्रिन्‍सटन | प्रिन्स्टन | プリンストン | 普林斯顿,28,
02125857-p002-loc01,02125857-p002,02125857,1,Princeton,Princeton,5102922,https://www.geonames.org/5102922,40.34872,-74.65905,United States,프린스턴 | 08540 | 08541 | 08542 | 08543 | 08544 | PCT | Princes Town | Princeton | Princetonia | Princetown | Prince Town | Prinstona | Q138518 | Stony Brook | USPCT | Принстон | Принстън | პრინსტონი | Փրինսթոն | פרינסטון | برينستون | پرنسٹن، نیو جرسی | پرینستون، نیوجرسی | प्रिन्‍सटन | प्रिन्स्टन | プリンストン | 普林斯顿,28,
02149283-p002-loc01,02149283-p002,02149283,1,Riga,Riga,456172,https://www.geonames.org/456172,56.946,24.10589,Latvia,ሪጋ | リガ | 리가 | รีกา | LVRIX | Reiga | Riga | Ríga | Rīga | Ríge | Rigg-a | Rigo | Riia | Riigaa | Riika | Rija | Riqa | RIX | Ryga | ریگا | ريجا | ريغا | رىگا | ריגה | ריגע | Ρίγα | Ригæ | Рига | Ріґа | Рыга | རི་ག | Ռիգա | რიგა | रिगा | रीगा | ரீகா | রিগা | 里加,38,
02149284-p002-loc01,02149284-p002,02149284,1,Riga,Riga,456172,https://www.geonames.org/456172,56.946,24.10589,Latvia,ሪጋ | リガ | 리가 | รีกา | LVRIX | Reiga | Riga | Ríga | Rīga | Ríge | Rigg-a | Rigo | Riia | Riigaa | Riika | Rija | Riqa | RIX | Ryga | ریگا | ريجا | ريغا | رىگا | ריגה | ריגע | Ρίγα | Ригæ | Рига | Ріґа | Рыга | རི་ག | Ռիգա | რიგა | रिगा | रीगा | ரீகா | রিগা | 里加,38,
02149282-p002-loc01,02149282-p002,02149282,1,Riga,Riga,456172,https://www.geonames.org/456172,56.946,24.10589,Latvia,ሪጋ | リガ | 리가 | รีกา | LVRIX | Reiga | Riga | Ríga | Rīga | Ríge | Rigg-a | Rigo | Riia | Riigaa | Riika | Rija | Riqa | RIX | Ryga | ریگا | ريجا | ريغا | رىگا | ריגה | ריגע | Ρίγα | Ригæ | Рига | Ріґа | Рыга | རི་ག | Ռիգա | რიგა | रिगा | रीगा | ரீகா | রিগা | 里加,38,
02149280-p002-loc01,02149280-p002,02149280,1,Riga,Riga,456172,https://www.geonames.org/456172,56.946,24.10589,Latvia,ሪጋ | リガ | 리가 | รีกา | LVRIX | Reiga | Riga | Ríga | Rīga | Ríge | Rigg-a | Rigo | Riia | Riigaa | Riika | Rija | Riqa | RIX | Ryga | ریگا | ريجا | ريغا | رىگا | ריגה | ריגע | Ρίγα | Ригæ | Рига | Ріґа | Рыга | རི་ག | Ռիգա | რიგა | रिगा | रीगा | ரீகா | রিগা | 里加,38,
02154984-p001-loc01,02154984-p001,02154984,1,Vorpillière,"Daviaz, La Vorpillière",10381272,https://www.geonames.org/10381272,46.22709,6.98821,Switzerland,"Daviaz, La Vorpillière",1,
02154984-p002-loc01,02154984-p002,02154984,1,Cambridge,Cambridge,4931972,https://www.geonames.org/4931972,42.3751,-71.10561,United States,케임브리지 | 02138 | 02139 | 02140 | 02141 | 02142 | 02238 | Cambridge | Cambridge i Massachusetts | Cantabrigia | Keimbridža | Kembric | Kembridžas | Kembriĝo | Mishawum | Newtown | New Town | Newtowne | New Towne | Old Cambridge | Q49111 | USJHY | Κέιμπριτζ | Кеймбридж | Кембридж | Кембриж | Кембриҗ | Кембриҷ | Кембриџ | Кембрыдж | Кэмбридж | კემბრიჯი | Քեմբրիջ | קיימברידג' | קעמברידזש | كامبريدج | کامبریج | کمبریج | کمبریج، ماساچوست | کیمبرج، میساچوسٹس | केंब्रिज | কেমব্রিজ | கேம்பிரிஜ் | కేంబ్రిడ్జ్ | เคมบริดจ์ | ケンブリッジ | 剑桥 | 劍橋,48,
02160423-p001-loc01,02160423-p001,02160423,1,Paris,Paris,2988507,https://www.geonames.org/2988507,48.85341,2.3488,France,파리 | 75000 | 75001 | 75002 | 75003 | 75004 | 75005 | 75006 | 75007 | 75008 | 75009 | 75010 | 75011 | 75012 | 75013 | 75014 | 75015 | 75016 | 75017 | 75018 | 75019 | 75020 | Baariis | Bahliz | Baris | FRPAR | Lungsod ng Paris | Lutèce | Lutetia | Lutetia Parisorum | Paarys | Palika | Paname | Pantruche | PAR | Paräis | Páras | Pa-ri | Pari | Parĩ | Parī | Paries | Parigge | Pariggi | Parighji | Parigi | Pariis | Pariisi | Pariižu | Parij | Parijs | paris | Paris | París | Parîs | Parisi | Parixe | Pariz | Pariž | Paríž | Paříž | Parīze | Parizo | Párizs | Parys | Paryż | Paryžius | Q90 | Ville-Lumière | Παρίσι | Париж | Париж ош | Парижь | Париз | Парис | Паріж | Парыж | პარიზი | Բարիզ | Փարիզ | פאריז | פריז | باريس | پارىژ | پاريس | پاریس | پیرس | ܦܐܪܝܣ | ፓሪስ | पॅरिस | पेरिस | पैरिस | প্যারিস | ਪੈਰਿਸ | પૅરિસ | பாரிஸ் | పారిస్ | ಪ್ಯಾರಿಸ್ | പാരിസ് | ปารีส | ཕ་རི། | ပါရီမြို့ | ប៉ារីស | パリ | 巴黎,105,
02160423-p002-loc01,02160423-p002,02160423,1,Jenkintown,Jenkintown,5195363,https://www.geonames.org/5195363,40.09594,-75.12517,United States,19046 | Jenkins-town | Jenkintown | USJKT,4,
02160423-p003-loc01,02160423-p003,02160423,1,Washington,Washington,4140963,https://www.geonames.org/4140963,38.89511,-77.03637,United States,20001 | 20002 | 20003 | 20004 | 20005 | 20006 | 20007 | 20008 | 20009 | 20010 | 20011 | 20012 | 20013 | 20015 | 20016 | 20017 | 20018 | 20019 | 20020 | 20024 | 20026 | 20029 | 20030 | 20032 | 20033 | 20035 | 20036 | 20037 | 20038 | 20039 | 20040 | 20041 | 20042 | 20043 | 20044 | 20045 | 20047 | 20049 | 20050 | 20052 | 20053 | 20055 | 20056 | 20057 | 20058 | 20059 | 20060 | 20061 | 20062 | 20063 | 20064 | 20065 | 20066 | 20067 | 20068 | 20069 | 20070 | 20071 | 20073 | 20074 | 20075 | 20076 | 20077 | 20078 | 20080 | 20081 | 20082 | 20090 | 20091 | 20201 | 20202 | 20203 | 20204 | 20206 | 20207 | 20208 | 20210 | 20211 | 20212 | 20213 | 20214 | 20215 | 20216 | 20217 | 20218 | 20219 | 20220 | 20221 | 20222 | 20223 | 20224 | 20226 | 20227 | 20228 | 20229 | 20230 | 20232 | 20233 | 20235 | 20238 | 20239 | 20240 | 20241 | 20242 | 20244 | 20245 | 20250 | 20251 | 20254 | 20260 | 20261 | 20262 | 20265 | 20266 | 20268 | 20270 | 20277 | 20289 | 20299 | 20301 | 20303 | 20306 | 20310 | 20314 | 20317 | 20318 | 20319 | 20330 | 20340 | 20350 | 20370 | 20372 | 20375 | 20380 | 20389 | 20390 | 20392 | 20393 | 20394 | 20395 | 20401 | 20402 | 20403 | 20404 | 20405 | 20406 | 20407 | 20408 | 20409 | 20410 | 20411 | 20412 | 20413 | 20414 | 20415 | 20416 | 20418 | 20419 | 20420 | 20421 | 20422 | 20423 | 20424 | 20425 | 20426 | 20427 | 20428 | 20429 | 20431 | 20433 | 20434 | 20435 | 20436 | 20437 | 20439 | 20440 | 20441 | 20442 | 20444 | 20447 | 20451 | 20453 | 20456 | 20460 | 20463 | 20468 | 20469 | 20470 | 20472 | 20500 | 20501 | 20502 | 20503 | 20504 | 20505 | 20506 | 20507 | 20508 | 20510 | 20515 | 20520 | 20521 | 20522 | 20523 | 20524 | 20525 | 20526 | 20527 | 20530 | 20531 | 20533 | 20534 | 20535 | 20536 | 20537 | 20538 | 20539 | 20540 | 20541 | 20542 | 20543 | 20544 | 20546 | 20547 | 20548 | 20549 | 20551 | 20552 | 20553 | 20554 | 20555 | 20557 | 20559 | 20560 | 20565 | 20566 | 20570 | 20571 | 20572 | 20573 | 20575 | 20576 | 20577 | 20578 | 20579 | 20580 | 20581 | 20585 | 20586 | 20590 | 20591 | 20593 | 20594 | 20597 | 20599 | 워싱턴 D.C. | 워싱턴 DC | D.C. | District of Columbia | Federal Capital | Federal City | Federal Town | Ranatakariáhshne | Territory of Columbia | USWAS | Vašingtonas | Vasingtonia | Vaŝingtono | WAS | Washington | Washington City | Washington D. C. | Washington D.C. | Washington DC | Waszyngton | Ουάσιγκτον | Вашингтон | 华盛顿特区,278,
02178325-p001-loc01,02178325-p001,02178325,1,Roma,Rome,3169070,https://www.geonames.org/3169070,41.89193,12.51133,Italy,로마 | 00187 | An Róimh | An Ròimh | Erroma | ITROM | Lungsod ng Roma | Mji wa Roma | Q220 | Råmma | Rhufain | Rim | Rím | Řím | Roeme | Rom | ROM | Róm | Roma | Róma | Rome | Romë | Romma | Romo | Rooma | Roum | Rzym | Urbs | Ρώμη | Рим | Римъ | Ром | Рым | რომი | Հռոմ | רומא | رم | روم | روما | رىم | ܪܘܡܐ | ሮማ | रोम | रोमा | রোম | โรม | ローマ | 罗马市 | 羅馬,49,
02012277-p001-loc01,02012277-p001,02012277,1,Venezia,Venice,6542284,https://www.geonames.org/6542284,45.4389,12.33092,Italy,027042 | Comune di Venezia | Venezia | Venice,4,
02012280-p001-loc01,02012280-p001,02012280,1,Venezia,Venice,6542284,https://www.geonames.org/6542284,45.4389,12.33092,Italy,027042 | Comune di Venezia | Venezia | Venice,4,
00570038-p001-loc01,00570038-p001,00570038,1,Zürich,Zurich,2657896,https://www.geonames.org/2657896,47.36667,8.55,Switzerland,ዙሪክ | 취리히 | ܙܝܘܪܚ | ܬܣܝܪܝܟ | ซูริก | チューリッヒ | 8000 | 8001 | 8002 | 8003 | 8004 | 8005 | 8006 | 8008 | 8022 | 8024 | 8027 | 8031 | 8032 | 8034 | 8036 | 8037 | 8038 | 8040 | 8041 | 8042 | 8044 | 8045 | 8046 | 8047 | 8048 | 8049 | 8050 | 8051 | 8052 | 8053 | 8055 | 8057 | 8063 | 8064 | 8070 | CHZRH | Cīrihe | Ciurichas | Cürih | Curych | Lungsod ng Zürich | Sŭ-là̤-sié | Sürix | Syurix | Tsurique | Tsürix | Turicum | Turitg | Zeurich | Zirich | Zirik | ZRH | Zuerich | Zuric | Zúric | Zurich | Zúrich | Zürich | Zurìcu | Zurigh | Zürigh | Zurigo | Zürih | Zuriko | Zurique | Zurych | Zyrihu | زیورچ | زیورخ | زوریخ | زوريخ | زيورخ | سيۇرىخ | څوریخ | ציריך | Ζυρίχη | Цирих | Цюрих | Цюрих хот | Цюрых | Ցյուրիխ | ციურიხი | ज़्यूरिख़ | झ्युरिक | ਜ਼ਿਊਰਿਖ | சூரிக்கு | സൂറിച്ച് | জুরিখ | ဇူးရစ်ချ်မြို့ | 苏黎世 | 蘇黎世,97,
00570038-p002-loc01,00570038-p002,00570038,1,Zürich,Zurich,2657896,https://www.geonames.org/2657896,47.36667,8.55,Switzerland,ዙሪክ | 취리히 | ܙܝܘܪܚ | ܬܣܝܪܝܟ | ซูริก | チューリッヒ | 8000 | 8001 | 8002 | 8003 | 8004 | 8005 | 8006 | 8008 | 8022 | 8024 | 8027 | 8031 | 8032 | 8034 | 8036 | 8037 | 8038 | 8040 | 8041 | 8042 | 8044 | 8045 | 8046 | 8047 | 8048 | 8049 | 8050 | 8051 | 8052 | 8053 | 8055 | 8057 | 8063 | 8064 | 8070 | CHZRH | Cīrihe | Ciurichas | Cürih | Curych | Lungsod ng Zürich | Sŭ-là̤-sié | Sürix | Syurix | Tsurique | Tsürix | Turicum | Turitg | Zeurich | Zirich | Zirik | ZRH | Zuerich | Zuric | Zúric | Zurich | Zúrich | Zürich | Zurìcu | Zurigh | Zürigh | Zurigo | Zürih | Zuriko | Zurique | Zurych | Zyrihu | زیورچ | زیورخ | زوریخ | زوريخ | زيورخ | سيۇرىخ | څوریخ | ציריך | Ζυρίχη | Цирих | Цюрих | Цюрих хот | Цюрых | Ցյուրիխ | ციურიხი | ज़्यूरिख़ | झ्युरिक | ਜ਼ਿਊਰਿਖ | சூரிக்கு | സൂറിച്ച് | জুরিখ | ဇူးရစ်ချ်မြို့ | 苏黎世 | 蘇黎世,97,
00212673-p002-loc01,00212673-p002,00212673,1,Oxford,Oxford,2640729,https://www.geonames.org/2640729,51.75222,-1.25596,United Kingdom,옥스퍼드 | Àth nan Damh | GBOXF | Oksford | Oksforda | Oksfordas | Oksfordo | Oksfuords | Oxenaford | Oxenaforda | Oxenford | OXF | Oxford | Oxnaford | Öxnafurða | Oxneford | Oxonia | Oxónia | Oxônia | Oxonium | Rhedicina | Rhydychen | Rysoghen | Uxavað | Οξφόρδη | Оксфард | Оксфорд | Оқсфорд | ოქსფორდი | אוקספורד | אקספארד | آکسفورد | آکسفورڈ | أكسفورد | اوكسفورد | ऑक्सफर्ड | ऑक्सफोर्ड | অক্সফোর্ড | ਆਕਸਫ਼ੋਰਡ | ஆக்சுபோர்டு | ఆక్స్‌ఫర్డ్ | ಆಕ್ಸ್‌ಫರ್ಡ್ | อ๊อกซฟอร์ด | အောက်စဖို့မြို့ | オックスフォード | 牛津,46,
02012278-p001-loc01,02012278-p001,02012278,1,Venezia,Venice,6542284,https://www.geonames.org/6542284,45.4389,12.33092,Italy,027042 | Comune di Venezia | Venezia | Venice,4,
02161113-p001-loc01,02161113-p001,02161113,1,Berlin,Berlin,2950159,https://www.geonames.org/2950159,52.52437,13.41053,Germany,베를린 | 10967 | 13347 | Beirlín | Belin | BER | Berlëno | Berlien | Berliin | Berliini | Berlijn | Berlim | Berlin | Berlín | Berlîn | Bèrlîn | Berlīne | Berlini | Berlino | Berlyn | Berlynas | Berolinum | Birlinu | DEBER | Estat de Berlín | Q64 | Βερολίνο | Берлин | Берлін | Бэрлін | ბერლინი | Բեռլին | Պերլին | בערלין | ברלין | برلين | برلین | بېرلىن | ܒܪܠܝܢ | बर्लिन | বার্লিন | பெர்லின் | เบอร์ลิน | ベルリン | 柏林,45,
02161113-p002-loc01,02161113-p002,02161113,1,Washington,Washington,4140963,https://www.geonames.org/4140963,38.89511,-77.03637,United States,20001 | 20002 | 20003 | 20004 | 20005 | 20006 | 20007 | 20008 | 20009 | 20010 | 20011 | 20012 | 20013 | 20015 | 20016 | 20017 | 20018 | 20019 | 20020 | 20024 | 20026 | 20029 | 20030 | 20032 | 20033 | 20035 | 20036 | 20037 | 20038 | 20039 | 20040 | 20041 | 20042 | 20043 | 20044 | 20045 | 20047 | 20049 | 20050 | 20052 | 20053 | 20055 | 20056 | 20057 | 20058 | 20059 | 20060 | 20061 | 20062 | 20063 | 20064 | 20065 | 20066 | 20067 | 20068 | 20069 | 20070 | 20071 | 20073 | 20074 | 20075 | 20076 | 20077 | 20078 | 20080 | 20081 | 20082 | 20090 | 20091 | 20201 | 20202 | 20203 | 20204 | 20206 | 20207 | 20208 | 20210 | 20211 | 20212 | 20213 | 20214 | 20215 | 20216 | 20217 | 20218 | 20219 | 20220 | 20221 | 20222 | 20223 | 20224 | 20226 | 20227 | 20228 | 20229 | 20230 | 20232 | 20233 | 20235 | 20238 | 20239 | 20240 | 20241 | 20242 | 20244 | 20245 | 20250 | 20251 | 20254 | 20260 | 20261 | 20262 | 20265 | 20266 | 20268 | 20270 | 20277 | 20289 | 20299 | 20301 | 20303 | 20306 | 20310 | 20314 | 20317 | 20318 | 20319 | 20330 | 20340 | 20350 | 20370 | 20372 | 20375 | 20380 | 20389 | 20390 | 20392 | 20393 | 20394 | 20395 | 20401 | 20402 | 20403 | 20404 | 20405 | 20406 | 20407 | 20408 | 20409 | 20410 | 20411 | 20412 | 20413 | 20414 | 20415 | 20416 | 20418 | 20419 | 20420 | 20421 | 20422 | 20423 | 20424 | 20425 | 20426 | 20427 | 20428 | 20429 | 20431 | 20433 | 20434 | 20435 | 20436 | 20437 | 20439 | 20440 | 20441 | 20442 | 20444 | 20447 | 20451 | 20453 | 20456 | 20460 | 20463 | 20468 | 20469 | 20470 | 20472 | 20500 | 20501 | 20502 | 20503 | 20504 | 20505 | 20506 | 20507 | 20508 | 20510 | 20515 | 20520 | 20521 | 20522 | 20523 | 20524 | 20525 | 20526 | 20527 | 20530 | 20531 | 20533 | 20534 | 20535 | 20536 | 20537 | 20538 | 20539 | 20540 | 20541 | 20542 | 20543 | 20544 | 20546 | 20547 | 20548 | 20549 | 20551 | 20552 | 20553 | 20554 | 20555 | 20557 | 20559 | 20560 | 20565 | 20566 | 20570 | 20571 | 20572 | 20573 | 20575 | 20576 | 20577 | 20578 | 20579 | 20580 | 20581 | 20585 | 20586 | 20590 | 20591 | 20593 | 20594 | 20597 | 20599 | 워싱턴 D.C. | 워싱턴 DC | D.C. | District of Columbia | Federal Capital | Federal City | Federal Town | Ranatakariáhshne | Territory of Columbia | USWAS | Vašingtonas | Vasingtonia | Vaŝingtono | WAS | Washington | Washington City | Washington D. C. | Washington D.C. | Washington DC | Waszyngton | Ουάσιγκτον | Вашингтон | 华盛顿特区,278,
02101265-p002-loc01,02101265-p002,02101265,1,Den Haag,The Hague,2747373,https://www.geonames.org/2747373,52.07667,4.29861,The Netherlands,헤이그 | デン・ハーグ | 2491 | 2492 | 2493 | 2495 | 2496 | 2497 | 2498 | 2511 | 2512 | 2513 | 2514 | 2515 | 2516 | 2517 | 2518 | 2521 | 2522 | 2523 | 2524 | 2525 | 2526 | 2531 | 2532 | 2533 | 2541 | 2542 | 2543 | 2544 | 2545 | 2546 | 2547 | 2548 | 2551 | 2552 | 2553 | 2554 | 2555 | 2561 | 2562 | 2563 | 2564 | 2565 | 2566 | 2571 | 2572 | 2573 | 2574 | 2581 | 2582 | 2583 | 2584 | 2585 | 2586 | 2587 | 2591 | 2592 | 2593 | 2594 | 2595 | 2596 | 2597 | A Haia | An Háig | De Haach | Den Haag | D'n Haog | Haag | Hag | HAG | Haga | Hága | Hāga | Hago | Hague | La Haia | La Haya | La Haye | Lahey | L'Aia | NLHA9 | NLHAG | Q41795540 | 's-Gravenhage | The Hague | لاهاي | لاهه | האג | Χάγη | Гаага | Хаг | Хага | ჰააგა | 海牙,95,
02101265-p003-loc01,02101265-p003,02101265,1,Den Haag,The Hague,2747373,https://www.geonames.org/2747373,52.07667,4.29861,The Netherlands,헤이그 | デン・ハーグ | 2491 | 2492 | 2493 | 2495 | 2496 | 2497 | 2498 | 2511 | 2512 | 2513 | 2514 | 2515 | 2516 | 2517 | 2518 | 2521 | 2522 | 2523 | 2524 | 2525 | 2526 | 2531 | 2532 | 2533 | 2541 | 2542 | 2543 | 2544 | 2545 | 2546 | 2547 | 2548 | 2551 | 2552 | 2553 | 2554 | 2555 | 2561 | 2562 | 2563 | 2564 | 2565 | 2566 | 2571 | 2572 | 2573 | 2574 | 2581 | 2582 | 2583 | 2584 | 2585 | 2586 | 2587 | 2591 | 2592 | 2593 | 2594 | 2595 | 2596 | 2597 | A Haia | An Háig | De Haach | Den Haag | D'n Haog | Haag | Hag | HAG | Haga | Hága | Hāga | Hago | Hague | La Haia | La Haya | La Haye | Lahey | L'Aia | NLHA9 | NLHAG | Q41795540 | 's-Gravenhage | The Hague | لاهاي | لاهه | האג | Χάγη | Гаага | Хаг | Хага | ჰააგა | 海牙,95,
00200684-p001-loc01,00200684-p001,00200684,1,Szczyrzyc,Szczyrzyc,757367,https://www.geonames.org/757367,49.78304,20.19012,Poland,PLSYY | Szczyrzyc,2,
02000952-p001-loc01,02000952-p001,02000952,1,London,London,2643743,https://www.geonames.org/2643743,51.50853,-0.12574,United Kingdom,런던 | ᎫᎴ ᏗᏍᎪᏂᎯᏱ | ܠܘܢܕܘܢ | ለንደን | ロンドン | ଲଣ୍ଡନ | ลอนดอน | ລອນດອນ | GBLON | ILondon | Lākana | Landan | Landen | Llundain | Lodoni | LON | Londain | Londar | Londe | Londen | Londin | Londinium | Londn | london | London | Londona | Londonas | Londoni | Londono | Londons | Lọndọnu | Londra | Łondra | Londres | Londrez | Londri | Londro | Londye | Londyn | Londýn | Lonn | Lontoo | Loundres | Luân Đôn | Lunden | Lundra | Lůndůn | Lundúnir | Lùng-dŭng | Lunnainn | Lunnin | Lunnon | Lûn-tun | Lùn-tûn | Q84 | Rānana | لأندأن | لندن | لەندەن | لوندون | לאנדאן | לונדון | Λονδίνο | Лёндан | Лондан | Лондон | Лондон ош | Лондонъ | ལོན་ཊོན། | Լոնդոն | Լոնտոն | ლონდონი | लण्डन | लन्डन् | लन्दन | लंडन | लंदन | લંડન | లండన్ | ਲੰਡਨ | ಲಂಡನ್ | இலண்டன் | ലണ്ടൻ | লন্ডন | လန်ဒန်မြို့ | ලන්ඩන් | 伦敦 | 倫敦,88,
00559729-p002-loc01,00559729-p002,00559729,1,Cambridge,Cambridge,2653941,https://www.geonames.org/2653941,52.2,0.11667,United Kingdom,케임브리지 | Caergrawnt | Cambridge | Cantabrigia | CBG | GBCMG | Grantanbrycg | Kambrij | Kembric | Kembridža | Kembridžas | Kembriĝo | Kiam-khiâu | Κέμπριτζ | Кеймбридж | Кембридж | Кембриҷ | Кембриџ | Кембрідж | Кембрыдж | კემბრიჯი | Քեմբրիջ | קיימברידג' | كامبريدج | کمبریج | کیمبرج | केंब्रिज | ক্যামব্রিজ | ಕೇಂಬ್ರಿಜ್ | കേംബ്രിഡ്ജ് | เคมบริดจ์ | ကိန်းဘရစ်ချ်မြို့ | ケンブリッジ | 劍橋,34,
00559730-p001-loc01,00559730-p001,00559730,1,Florence,Florence,3176959,https://www.geonames.org/3176959,43.77925,11.24626,Italy,피렌체 | 플로렌스 | フィレンツェ | ฟลอเรนซ์ | 50123 | Fflorens | Firenca | Firence | Firense | Firenz | Firenze | Firenzi | Flórans | Florâns | Floransa | Florença | Florence | Florencėjė | Florencia | Floréncia | Florència | Florencie | Florencija | Florencja | Florenco | Florens | Flórens | Florénsa | Florensiya | Florensya | Florența | Florentia | Florentzia | Florenz | FLR | ITFLR | Lungsod ng Florencia | Sciorenza | فلورانس | فلورنس | فلورنسا | פירנצה | פירענצע | Φλωρεντία | Фиренца | Фларэнцыя | Флоренц | Флоренци | Флоренций | Флоренция | Флоренція | ཧྥུ་ལོ་རོན་ཟིའུ་ཡ། | Ֆլորենցիա | ფლორენცია | फ्लोरेन्स | फ़्लोरेन्स | ఫ్లోరెన్స్ | ഫ്ലോറൻസ് | ফ্লোরেন্স | 佛罗伦萨 | 翡冷翠,61,
00559730-p002-loc01,00559730-p002,00559730,1,Florence,Florence,3176959,https://www.geonames.org/3176959,43.77925,11.24626,Italy,피렌체 | 플로렌스 | フィレンツェ | ฟลอเรนซ์ | 50123 | Fflorens | Firenca | Firence | Firense | Firenz | Firenze | Firenzi | Flórans | Florâns | Floransa | Florença | Florence | Florencėjė | Florencia | Floréncia | Florència | Florencie | Florencija | Florencja | Florenco | Florens | Flórens | Florénsa | Florensiya | Florensya | Florența | Florentia | Florentzia | Florenz | FLR | ITFLR | Lungsod ng Florencia | Sciorenza | فلورانس | فلورنس | فلورنسا | פירנצה | פירענצע | Φλωρεντία | Фиренца | Фларэнцыя | Флоренц | Флоренци | Флоренций | Флоренция | Флоренція | ཧྥུ་ལོ་རོན་ཟིའུ་ཡ། | Ֆլորենցիա | ფლორენცია | फ्लोरेन्स | फ़्लोरेन्स | ఫ్లోరెన్స్ | ഫ്ലോറൻസ് | ফ্লোরেন্স | 佛罗伦萨 | 翡冷翠,61,
00559730-p003-loc01,00559730-p003,00559730,1,Milano,Milan,3173435,https://www.geonames.org/3173435,45.46427,9.18951,Italy,밀라노 | ITMIL | Lungsod ng Milano | Mailand | Mediolan | Mediolanum | MIL | Milà | Milaan | Milan | Milán | Milāna | Milanas | Milano | Miláno | Milánó | Mílanó | Milanu | Milão | Mилан | Милан | Милано | Мілан | მილანი | Միլան | מילאנו | مىلان | ميلانو | মিলান | மிலன் | มิลาน | ミラノ | 米蘭,33,
00559730-p004-loc01,00559730-p004,00559730,1,Cambridge,Cambridge,2653941,https://www.geonames.org/2653941,52.2,0.11667,United Kingdom,케임브리지 | Caergrawnt | Cambridge | Cantabrigia | CBG | GBCMG | Grantanbrycg | Kambrij | Kembric | Kembridža | Kembridžas | Kembriĝo | Kiam-khiâu | Κέμπριτζ | Кеймбридж | Кембридж | Кембриҷ | Кембриџ | Кембрідж | Кембрыдж | კემბრიჯი | Քեմբրիջ | קיימברידג' | كامبريدج | کمبریج | کیمبرج | केंब्रिज | ক্যামব্রিজ | ಕೇಂಬ್ರಿಜ್ | കേംബ്രിഡ്ജ് | เคมบริดจ์ | ကိန်းဘရစ်ချ်မြို့ | ケンブリッジ | 劍橋,34,
00200694-p001-loc01,00200694-p001,00200694,1,Florence,Florence,3176959,https://www.geonames.org/3176959,43.77925,11.24626,Italy,피렌체 | 플로렌스 | 50123 | Fflorens | Firenca | Firence | Firense | Firenz | Firenze | Firenzi | Florâns | Flórans | Floransa | Florença | Florence | Florencėjė | Florencia | Floréncia | Florència | Florencie | Florencija | Florencja | Florenco | Florens | Flórens | Florénsa | Florensiya | Florensya | Florența | Florentia | Florentzia | Florenz | FLR | ITFLR | Lungsod ng Florencia | Sciorenza | Φλωρεντία | Фиренца | Фларэнцыя | Флоренц | Флоренци | Флоренций | Флоренция | Флоренція | ფლორენცია | Ֆլորենցիա | פירנצה | פירענצע | فلورانس | فلورنس | فلورنسا | फ्लोरेन्स | फ़्लोरेन्स | ফ্লোরেন্স | ఫ్లోరెన్స్ | ഫ്ലോറൻസ് | ฟลอเรนซ์ | ཧྥུ་ལོ་རོན་ཟིའུ་ཡ། | フィレンツェ | 佛罗伦萨 | 翡冷翠,61,
00200694-p002-loc01,00200694-p002,00200694,1,Florence,Florence,3176959,https://www.geonames.org/3176959,43.77925,11.24626,Italy,피렌체 | 플로렌스 | 50123 | Fflorens | Firenca | Firence | Firense | Firenz | Firenze | Firenzi | Florâns | Flórans | Floransa | Florença | Florence | Florencėjė | Florencia | Floréncia | Florència | Florencie | Florencija | Florencja | Florenco | Florens | Flórens | Florénsa | Florensiya | Florensya | Florența | Florentia | Florentzia | Florenz | FLR | ITFLR | Lungsod ng Florencia | Sciorenza | Φλωρεντία | Фиренца | Фларэнцыя | Флоренц | Флоренци | Флоренций | Флоренция | Флоренція | ფლორენცია | Ֆլորենցիա | פירנצה | פירענצע | فلورانس | فلورنس | فلورنسا | फ्लोरेन्स | फ़्लोरेन्स | ফ্লোরেন্স | ఫ్లోరెన్స్ | ഫ്ലോറൻസ് | ฟลอเรนซ์ | ཧྥུ་ལོ་རོན་ཟིའུ་ཡ། | フィレンツェ | 佛罗伦萨 | 翡冷翠,61,
00200694-p003-loc01,00200694-p003,00200694,1,Florence,Florence,3176959,https://www.geonames.org/3176959,43.77925,11.24626,Italy,피렌체 | 플로렌스 | 50123 | Fflorens | Firenca | Firence | Firense | Firenz | Firenze | Firenzi | Florâns | Flórans | Floransa | Florença | Florence | Florencėjė | Florencia | Floréncia | Florència | Florencie | Florencija | Florencja | Florenco | Florens | Flórens | Florénsa | Florensiya | Florensya | Florența | Florentia | Florentzia | Florenz | FLR | ITFLR | Lungsod ng Florencia | Sciorenza | Φλωρεντία | Фиренца | Фларэнцыя | Флоренц | Флоренци | Флоренций | Флоренция | Флоренція | ფლორენცია | Ֆլորենցիա | פירנצה | פירענצע | فلورانس | فلورنس | فلورنسا | फ्लोरेन्स | फ़्लोरेन्स | ফ্লোরেন্স | ఫ్లోరెన్స్ | ഫ്ലോറൻസ് | ฟลอเรนซ์ | ཧྥུ་ལོ་རོན་ཟིའུ་ཡ། | フィレンツェ | 佛罗伦萨 | 翡冷翠,61,
00200694-p004-loc01,00200694-p004,00200694,1,Firenze,Florence,3176959,https://www.geonames.org/3176959,43.77925,11.24626,Italy,피렌체 | 플로렌스 | 50123 | Fflorens | Firenca | Firence | Firense | Firenz | Firenze | Firenzi | Florâns | Flórans | Floransa | Florença | Florence | Florencėjė | Florencia | Floréncia | Florència | Florencie | Florencija | Florencja | Florenco | Florens | Flórens | Florénsa | Florensiya | Florensya | Florența | Florentia | Florentzia | Florenz | FLR | ITFLR | Lungsod ng Florencia | Sciorenza | Φλωρεντία | Фиренца | Фларэнцыя | Флоренц | Флоренци | Флоренций | Флоренция | Флоренція | ფლორენცია | Ֆլորենցիա | פירנצה | פירענצע | فلورانس | فلورنس | فلورنسا | फ्लोरेन्स | फ़्लोरेन्स | ফ্লোরেন্স | ఫ్లోరెన్స్ | ഫ്ലോറൻസ് | ฟลอเรนซ์ | ཧྥུ་ལོ་རོན་ཟིའུ་ཡ། | フィレンツェ | 佛罗伦萨 | 翡冷翠,61,
02136284-p001-loc01,02136284-p001,02136284,1,Weingarten,,,,,,,,0,
02136284-p002-loc01,02136284-p002,02136284,1,Stuttgart,,,,,,,,0,
02136284-p003-loc01,02136284-p003,02136284,1,Tübingen,,,,,,,,0,
02136284-p004-loc01,02136284-p004,02136284,1,Buchbinderwerkstätten (nicht lokalisiert),,,,,,,,0,
02136284-p005-loc01,02136284-p005,02136284,1,Tübingen,,,,,,,,0,
02124929-p002-loc01,02124929-p002,02124929,1,Oxford,Oxford,2640729,https://www.geonames.org/2640729,51.75222,-1.25596,United Kingdom,옥스퍼드 | Àth nan Damh | GBOXF | Oksford | Oksforda | Oksfordas | Oksfordo | Oksfuords | Oxenaford | Oxenaforda | Oxenford | OXF | Oxford | Oxnaford | Öxnafurða | Oxneford | Oxonia | Oxónia | Oxônia | Oxonium | Rhedicina | Rhydychen | Rysoghen | Uxavað | Οξφόρδη | Оксфард | Оксфорд | Оқсфорд | ოქსფორდი | אוקספורד | אקספארד | آکسفورد | آکسفورڈ | أكسفورد | اوكسفورد | ऑक्सफर्ड | ऑक्सफोर्ड | অক্সফোর্ড | ਆਕਸਫ਼ੋਰਡ | ஆக்சுபோர்டு | ఆక్స్‌ఫర్డ్ | ಆಕ್ಸ್‌ಫರ್ಡ್ | อ๊อกซฟอร์ด | အောက်စဖို့မြို့ | オックスフォード | 牛津,46,
02124929-p003-loc01,02124929-p003,02124929,1,Edinburgh,Edinburgh,2650225,https://www.geonames.org/2650225,55.95206,-3.19648,United Kingdom,에든버러 | Aebura | Caeredin | Dinedin | Doon Edin | Dún Éideann | Dùn Èideann | Ebora | EDI | Edimborg | Edimborgh | Édimbourg | Edimburg | Edimbùrgh | Edimburgo | Edimburgu | Edimburgum | Edinbo | Edinboarch | Edinborg | Edinburc | Edinburg | Edinburga | Edinburgas | Edinburgh | Edinburgo | Edinburq | Edinburrie | Edynburg | Embra | GBEDI | Idinburg | Εδιμβούργο | Единбург | Эдинбург | Эдынбург | ედინბურგი | Էդինբուրգ | Էտինպուրկ | אדינבורו | עדינבורג | إدنبرة | ئێدینبەرە | ادینبرو | ایڈنبرا | एडिनबरा | एदिनबरा | এডিনবরা | எடின்பரோ | ಎಡಿನ್‌ಬರ್ಗ್‌‌ | എഡിൻബറോ | เอดินบะระ | အက်ဒင်ဗာရာမြို့ | エディンバラ | 爱丁堡,55,
02135886-p001-loc01,02135886-p001,02135886,1,Tübingen,,,,,,,,0,
02120861-p001-loc01,02120861-p001,02120861,1,Vienna,Vienna,2761369,https://www.geonames.org/2761369,48.20849,16.37208,Austria,빈 | ቪየና | 비엔나 | ウィーン | เวียนนา | 1010 | 1020 | 1030 | 1040 | 1050 | 1060 | 1070 | 1080 | 1090 | 1100 | 1110 | 1120 | 1130 | 1140 | 1150 | 1160 | 1170 | 1180 | 1190 | 1200 | 1210 | 1220 | 1230 | ATVIE | Beč | Beç | Bécs | Dunaj | Fiena | Q1741 | Veen | Vena | Vídeň | VIE | Viedeň | Viên | Viena | Vienna | Vienne | Vieno | Viin | Vín | Vínarborg | Vindobona | Vīne | Viyana | Vjena | Vjenna | Vyana | Wean | Wene | Wenen | Wiedeń | Wien | Wjedźyń | فيينا | وین | וינה | Βιέννη | Беч | Вена | Виена | Відень | ཝི་ཨེ་ན། | Վիեննա | ვენა | वियना | 維也納,73,
00559789-p003-loc01,00559789-p003,00559789,1,Cambridge,Cambridge,2653941,https://www.geonames.org/2653941,52.2,0.11667,United Kingdom,케임브리지 | Caergrawnt | Cambridge | Cantabrigia | CBG | GBCMG | Grantanbrycg | Kambrij | Kembric | Kembridža | Kembridžas | Kembriĝo | Kiam-khiâu | Κέμπριτζ | Кеймбридж | Кембридж | Кембриҷ | Кембриџ | Кембрідж | Кембрыдж | კემბრიჯი | Քեմբրիջ | קיימברידג' | كامبريدج | کمبریج | کیمبرج | केंब्रिज | ক্যামব্রিজ | ಕೇಂಬ್ರಿಜ್ | കേംബ്രിഡ്ജ് | เคมบริดจ์ | ကိန်းဘရစ်ချ်မြို့ | ケンブリッジ | 劍橋,34,
02118529-p001-loc01,02118529-p001,02118529,1,Vienna,Vienna,2761369,https://www.geonames.org/2761369,48.20849,16.37208,Austria,빈 | ቪየና | 비엔나 | ウィーン | เวียนนา | 1010 | 1020 | 1030 | 1040 | 1050 | 1060 | 1070 | 1080 | 1090 | 1100 | 1110 | 1120 | 1130 | 1140 | 1150 | 1160 | 1170 | 1180 | 1190 | 1200 | 1210 | 1220 | 1230 | ATVIE | Beč | Beç | Bécs | Dunaj | Fiena | Q1741 | Veen | Vena | Vídeň | VIE | Viedeň | Viên | Viena | Vienna | Vienne | Vieno | Viin | Vín | Vínarborg | Vindobona | Vīne | Viyana | Vjena | Vjenna | Vyana | Wean | Wene | Wenen | Wiedeń | Wien | Wjedźyń | فيينا | وین | וינה | Βιέννη | Беч | Вена | Виена | Відень | ཝི་ཨེ་ན། | Վիեննա | ვენა | वियना | 維也納,73,
02136285-p002-loc01,02136285-p002,02136285,1,Mergentheim,,,,,,,,0,
02136285-p003-loc01,02136285-p003,02136285,1,Tübingen,,,,,,,,0,
02120860-p001-loc01,02120860-p001,02120860,1,Vienna,Vienna,2761369,https://www.geonames.org/2761369,48.20849,16.37208,Austria,빈 | ቪየና | 비엔나 | ウィーン | เวียนนา | 1010 | 1020 | 1030 | 1040 | 1050 | 1060 | 1070 | 1080 | 1090 | 1100 | 1110 | 1120 | 1130 | 1140 | 1150 | 1160 | 1170 | 1180 | 1190 | 1200 | 1210 | 1220 | 1230 | ATVIE | Beč | Beç | Bécs | Dunaj | Fiena | Q1741 | Veen | Vena | Vídeň | VIE | Viedeň | Viên | Viena | Vienna | Vienne | Vieno | Viin | Vín | Vínarborg | Vindobona | Vīne | Viyana | Vjena | Vjenna | Vyana | Wean | Wene | Wenen | Wiedeń | Wien | Wjedźyń | فيينا | وین | וינה | Βιέννη | Беч | Вена | Виена | Відень | ཝི་ཨེ་ན། | Վիեննա | ვენა | वियना | 維也納,73,
02120859-p001-loc01,02120859-p001,02120859,1,Vienna,Vienna,2761369,https://www.geonames.org/2761369,48.20849,16.37208,Austria,빈 | ቪየና | 비엔나 | ウィーン | เวียนนา | 1010 | 1020 | 1030 | 1040 | 1050 | 1060 | 1070 | 1080 | 1090 | 1100 | 1110 | 1120 | 1130 | 1140 | 1150 | 1160 | 1170 | 1180 | 1190 | 1200 | 1210 | 1220 | 1230 | ATVIE | Beč | Beç | Bécs | Dunaj | Fiena | Q1741 | Veen | Vena | Vídeň | VIE | Viedeň | Viên | Viena | Vienna | Vienne | Vieno | Viin | Vín | Vínarborg | Vindobona | Vīne | Viyana | Vjena | Vjenna | Vyana | Wean | Wene | Wenen | Wiedeń | Wien | Wjedźyń | فيينا | وین | וינה | Βιέννη | Беч | Вена | Виена | Відень | ཝི་ཨེ་ན། | Վիեննա | ვენა | वियना | 維也納,73,
02136283-p001-loc01,02136283-p001,02136283,1,Weingarten,,,,,,,,0,
02136283-p002-loc01,02136283-p002,02136283,1,Buchbinderwerkstätten (nicht lokalisiert),,,,,,,,0,
02136283-p003-loc01,02136283-p003,02136283,1,Tübingen,,,,,,,,0,
02120572-p001-loc01,02120572-p001,02120572,1,Vienna,Vienna,2761369,https://www.geonames.org/2761369,48.20849,16.37208,Austria,빈 | ቪየና | 비엔나 | ウィーン | เวียนนา | 1010 | 1020 | 1030 | 1040 | 1050 | 1060 | 1070 | 1080 | 1090 | 1100 | 1110 | 1120 | 1130 | 1140 | 1150 | 1160 | 1170 | 1180 | 1190 | 1200 | 1210 | 1220 | 1230 | ATVIE | Beč | Beç | Bécs | Dunaj | Fiena | Q1741 | Veen | Vena | Vídeň | VIE | Viedeň | Viên | Viena | Vienna | Vienne | Vieno | Viin | Vín | Vínarborg | Vindobona | Vīne | Viyana | Vjena | Vjenna | Vyana | Wean | Wene | Wenen | Wiedeń | Wien | Wjedźyń | فيينا | وین | וינה | Βιέννη | Беч | Вена | Виена | Відень | ཝི་ཨེ་ན། | Վիեննա | ვენა | वियना | 維也納,73,
02138640-p001-loc01,02138640-p001,02138640,1,The Hague,Gemeente Den Haag,2747372,https://www.geonames.org/2747372,52.06866,4.28635,The Netherlands,Den Haag | Gemeente Den Haag | Gemeente ’s-Gravenhage | Leidschenveen | 's-Gravenhage | ’s-Gravenhage,6,
02138640-p002-loc01,02138640-p002,02138640,1,The Hague,Gemeente Den Haag,2747372,https://www.geonames.org/2747372,52.06866,4.28635,The Netherlands,Den Haag | Gemeente Den Haag | Gemeente ’s-Gravenhage | Leidschenveen | 's-Gravenhage | ’s-Gravenhage,6,
02138640-p003-loc01,02138640-p003,02138640,1,The Hague,Gemeente Den Haag,2747372,https://www.geonames.org/2747372,52.06866,4.28635,The Netherlands,Den Haag | Gemeente Den Haag | Gemeente ’s-Gravenhage | Leidschenveen | 's-Gravenhage | ’s-Gravenhage,6,
02130968-p001-loc01,02130968-p001,02130968,1,Lübeck,Lübeck,2875601,https://www.geonames.org/2875601,53.86893,10.68729,Germany,뤼베크 | ลือเบค | リューベック | DELBC | LBC | Lībeka | Liubekas | Lubeca | Lübeca | Lubecca | Lubëcca | Lubeck | Lübeck | Lübeck Hansestadt | Lubeka | Lubeko | Lybeku | Lyypekki | لوبك | لوبک | لوبيك | ליבק | Λίμπεκ | Либек | Любек | ლიუბეკი | ल्युबेक | 吕贝克,28,
02130968-p003-loc01,02130968-p003,02130968,1,Wolfenbüttel,Wolfenbüttel,2806914,https://www.geonames.org/2806914,52.16442,10.54095,Germany,DEWBL | Guelpherbytum | Volfembutel | Wolfenbüttel | Wulfenbüttel | Волфенбител | Волфенбютел | Вольфенбюттель | فولفنبوتل | ولفنبوتل | 沃爾芬比特爾,11,
02131168-p001-loc01,02131168-p001,02131168,1,Hildesheim,Hildesheim,2904789,https://www.geonames.org/2904789,52.15077,9.95112,Germany,힐데스하임 | ヒルデスハイム | DEHIL | Hildesheim | Hildesheima | Hildesheimas | Hildesia | Hilmessen | Q3185 | ZNO | ہیلڈشیم | هیلدس‌هایم | هيلدسهايم | הילדסהיים | Χίλντεσχαϊμ | Гільдесгайм | Гільдэсгайм | Хилдесхайм | Хилдесхајм | Хильдесхайм | 希尔德斯海姆,21,
02131168-p002-loc01,02131168-p002,02131168,1,Steterburg,Germany,2921044,https://www.geonames.org/2921044,51.5,10.5,Germany,독일 | A' Ghearmailt | A’ Ghearmailt | Alamagn | Alemagne | Alemaina | Alemaña | Alemanha | Alemani | Alémani | Alemania | Alemanu | Alemanya | Alimaniya | Alimanya | Alimaɲi | Allemagne | Allemangne | Almaañ | Almaniya | Almanya | Almayn | an Ghearmáin | Budaaki | Bundesrepublik | Bundesrepublik Deutschland | Däitschland | DE | Deitschland | Deitschlånd | Deutän | Deutschland | Discüssiun sura la fundazziun | dotygu'e | Đức | Duiska | Duiskka | Duitschland | Duitsland | Dútslân | Düütschland | Duutsjlandj | Duutsland | Federal Republic of Germany | Germania | Germània | Germania nutome | Germanio | Germaniya | Germaniýa | Germanujo | Germany | Germuanii | Girimane | Girmania | Gjermani | Gjermania | Gjermanie | Gyaaman | Heremani | i-Germany | IJalimani | il-Ġermanja | Jamanị | Jámánì | Jamus | Jarmal | Jarmalka | Jerman | Jérman | Jėrman | Jermaniya | Miemieckô | Nemačka | Nemčija | Nemecko | Německo | Németország | Němska | Niemcy | Njemačka | Njeremani | Olmoniya | Orílẹ́ède Gemani | Q183 | Saksa | Saksamaa | Siaman | Siamane | Teutōtitlan | Tiamana | Tôitšhi | Tyskland | Týskland | Tysklandi | Ubudage | Udachi | Ujerumani | Vācija | Vokietija | West Germany | Yn Ghermaan | Yr Almaen | Zâmani | Þēodiscland | Þýskaland | Γερμανία | Алмания | Герман | Германи | Германии | Германија | Германия | Германія | Ӂермания | Немачка | Німеччина | Нямеччына | Олмон | ФРГ | გერმანია | Գերմանիա | גרמניה | דייטשלאנד | דייטשלאַנד | آلمان | ألمانيا | ئەڵمانیا | المان | المانيا | جرمني | جرمني/آلمان | جرمنی | جرمٔنی | گېرمانىيە | ܓܪܡܢ | ጀርመን | जमिन | जर्मनी | जर्मनीदेश: | জার্মানি | জাৰ্মানী | ਜਰਮਨੀ | જર્મની | ଜର୍ମାନୀ | ஜெர்மனி | ஜெர்மன் | జర్మనీ | ಜರ್ಮನಿ | ജര്‍മ്മനി | ജർമ്മനി | ජර්මනිය | ประเทศเยอรมนี | เยอรมนี | เยอรมัน | สหพันธ์สาธารณรัฐเยอรมนี | ເຢຍລະມັນ | ཇཱར་མ་ནི | འཇར་མན་ | ဂျာမနီ | អាល្លឺម៉ង់ | ドイツ | ドイツ連邦共和国 | ꄓꇩ | 德国 | 德國 | 德意志联邦共和国 | 德意志聯邦共和國,168,
02131168-p003-loc01,02131168-p003,02131168,1,Wolfenbüttel,Wolfenbüttel,2806914,https://www.geonames.org/2806914,52.16442,10.54095,Germany,DEWBL | Guelpherbytum | Volfembutel | Wolfenbüttel | Wulfenbüttel | Волфенбител | Волфенбютел | Вольфенбюттель | فولفنبوتل | ولفنبوتل | 沃爾芬比特爾,11,
00560115-p006-loc01,00560115-p006,00560115,1,Cambridge,Cambridge,2653941,https://www.geonames.org/2653941,52.2,0.11667,United Kingdom,케임브리지 | Caergrawnt | Cambridge | Cantabrigia | CBG | GBCMG | Grantanbrycg | Kambrij | Kembric | Kembridža | Kembridžas | Kembriĝo | Kiam-khiâu | Κέμπριτζ | Кеймбридж | Кембридж | Кембриҷ | Кембриџ | Кембрідж | Кембрыдж | კემბრიჯი | Քեմբրիջ | קיימברידג' | كامبريدج | کمبریج | کیمبرج | केंब्रिज | ক্যামব্রিজ | ಕೇಂಬ್ರಿಜ್ | കേംബ്രിഡ്ജ് | เคมบริดจ์ | ကိန်းဘရစ်ချ်မြို့ | ケンブリッジ | 劍橋,34,
02131176-p001-loc01,02131176-p001,02131176,1,Lubeck,Lübeck,2875601,https://www.geonames.org/2875601,53.86893,10.68729,Germany,뤼베크 | ลือเบค | リューベック | DELBC | LBC | Lībeka | Liubekas | Lubeca | Lübeca | Lubecca | Lubëcca | Lubeck | Lübeck | Lübeck Hansestadt | Lubeka | Lubeko | Lybeku | Lyypekki | لوبك | لوبک | لوبيك | ליבק | Λίμπεκ | Либек | Любек | ლიუბეკი | ल्युबेक | 吕贝克,28,
02131176-p004-loc01,02131176-p004,02131176,1,Wolfenbüttel,Wolfenbüttel,2806914,https://www.geonames.org/2806914,52.16442,10.54095,Germany,DEWBL | Guelpherbytum | Volfembutel | Wolfenbüttel | Wulfenbüttel | Волфенбител | Волфенбютел | Вольфенбюттель | فولفنبوتل | ولفنبوتل | 沃爾芬比特爾,11,
02131171-p002-loc01,02131171-p002,02131171,1,Braunschweig,,,,,,,,0,
02131171-p004-loc01,02131171-p004,02131171,1,Wolfenbüttel,Wolfenbüttel,2806914,https://www.geonames.org/2806914,52.16442,10.54095,Germany,DEWBL | Guelpherbytum | Volfembutel | Wolfenbüttel | Wulfenbüttel | Волфенбител | Волфенбютел | Вольфенбюттель | فولفنبوتل | ولفنبوتل | 沃爾芬比特爾,11,
02131190-p003-loc01,02131190-p003,02131190,1,Wolfenbüttel,Wolfenbüttel,2806914,https://www.geonames.org/2806914,52.16442,10.54095,Germany,DEWBL | Guelpherbytum | Volfembutel | Wolfenbüttel | Wulfenbüttel | Волфенбител | Волфенбютел | Вольфенбюттель | فولفنبوتل | ولفنبوتل | 沃爾芬比特爾,11,
02120377-p001-loc01,02120377-p001,02120377,1,Vienna,Vienna,2761369,https://www.geonames.org/2761369,48.20849,16.37208,Austria,빈 | ቪየና | 비엔나 | ウィーン | เวียนนา | 1010 | 1020 | 1030 | 1040 | 1050 | 1060 | 1070 | 1080 | 1090 | 1100 | 1110 | 1120 | 1130 | 1140 | 1150 | 1160 | 1170 | 1180 | 1190 | 1200 | 1210 | 1220 | 1230 | ATVIE | Beč | Beç | Bécs | Dunaj | Fiena | Q1741 | Veen | Vena | Vídeň | VIE | Viedeň | Viên | Viena | Vienna | Vienne | Vieno | Viin | Vín | Vínarborg | Vindobona | Vīne | Viyana | Vjena | Vjenna | Vyana | Wean | Wene | Wenen | Wiedeń | Wien | Wjedźyń | فيينا | وین | וינה | Βιέννη | Беч | Вена | Виена | Відень | ཝི་ཨེ་ན། | Վիեննա | ვენა | वियना | 維也納,73,
02100528-p002-loc01,02100528-p002,02100528,1,Dillenburg,Dillenburg,2936985,https://www.geonames.org/2936985,50.74114,8.28699,Germany,DEDIB | Dillenberg | Dillenboarch | Dillenburg | Диленбург | Дилленбург | Ділленбург | Дыленбург | ديلنبورغ | دیلنبورگ | 迪伦堡,11,
02100528-p003-loc01,02100528-p003,02100528,1,Den Haag,The Hague,2747373,https://www.geonames.org/2747373,52.07667,4.29861,The Netherlands,헤이그 | デン・ハーグ | 2491 | 2492 | 2493 | 2495 | 2496 | 2497 | 2498 | 2511 | 2512 | 2513 | 2514 | 2515 | 2516 | 2517 | 2518 | 2521 | 2522 | 2523 | 2524 | 2525 | 2526 | 2531 | 2532 | 2533 | 2541 | 2542 | 2543 | 2544 | 2545 | 2546 | 2547 | 2548 | 2551 | 2552 | 2553 | 2554 | 2555 | 2561 | 2562 | 2563 | 2564 | 2565 | 2566 | 2571 | 2572 | 2573 | 2574 | 2581 | 2582 | 2583 | 2584 | 2585 | 2586 | 2587 | 2591 | 2592 | 2593 | 2594 | 2595 | 2596 | 2597 | A Haia | An Háig | De Haach | Den Haag | D'n Haog | Haag | Hag | HAG | Haga | Hága | Hāga | Hago | Hague | La Haia | La Haya | La Haye | Lahey | L'Aia | NLHA9 | NLHAG | Q41795540 | 's-Gravenhage | The Hague | لاهاي | لاهه | האג | Χάγη | Гаага | Хаг | Хага | ჰააგა | 海牙,95,
00200531-p001-loc01,00200531-p001,00200531,1,Cambridge,Cambridge,2653941,https://www.geonames.org/2653941,52.2,0.11667,United Kingdom,케임브리지 | Caergrawnt | Cambridge | Cantabrigia | CBG | GBCMG | Grantanbrycg | Kambrij | Kembric | Kembridža | Kembridžas | Kembriĝo | Kiam-khiâu | Κέμπριτζ | Кеймбридж | Кембридж | Кембриҷ | Кембриџ | Кембрідж | Кембрыдж | კემბრიჯი | Քեմբրիջ | קיימברידג' | كامبريدج | کمبریج | کیمبرج | केंब्रिज | ক্যামব্রিজ | ಕೇಂಬ್ರಿಜ್ | കേംബ്രിഡ്ജ് | เคมบริดจ์ | ကိန်းဘရစ်ချ်မြို့ | ケンブリッジ | 劍橋,34,
00205575-p001-loc01,00205575-p001,00205575,1,London,London,2643743,https://www.geonames.org/2643743,51.50853,-0.12574,United Kingdom,런던 | ᎫᎴ ᏗᏍᎪᏂᎯᏱ | ܠܘܢܕܘܢ | ለንደን | ロンドン | ଲଣ୍ଡନ | ลอนดอน | ລອນດອນ | GBLON | ILondon | Lākana | Landan | Landen | Llundain | Lodoni | LON | Londain | Londar | Londe | Londen | Londin | Londinium | Londn | london | London | Londona | Londonas | Londoni | Londono | Londons | Lọndọnu | Londra | Łondra | Londres | Londrez | Londri | Londro | Londye | Londyn | Londýn | Lonn | Lontoo | Loundres | Luân Đôn | Lunden | Lundra | Lůndůn | Lundúnir | Lùng-dŭng | Lunnainn | Lunnin | Lunnon | Lûn-tun | Lùn-tûn | Q84 | Rānana | لأندأن | لندن | لەندەن | لوندون | לאנדאן | לונדון | Λονδίνο | Лёндан | Лондан | Лондон | Лондон ош | Лондонъ | ལོན་ཊོན། | Լոնդոն | Լոնտոն | ლონდონი | लण्डन | लन्डन् | लन्दन | लंडन | लंदन | લંડન | లండన్ | ਲੰਡਨ | ಲಂಡನ್ | இலண்டன் | ലണ്ടൻ | লন্ডন | လန်ဒန်မြို့ | ලන්ඩන් | 伦敦 | 倫敦,88,
00205575-p002-loc01,00205575-p002,00205575,1,Oxford,Oxford,2640729,https://www.geonames.org/2640729,51.75222,-1.25596,United Kingdom,옥스퍼드 | Àth nan Damh | GBOXF | Oksford | Oksforda | Oksfordas | Oksfordo | Oksfuords | Oxenaford | Oxenaforda | Oxenford | OXF | Oxford | Oxnaford | Öxnafurða | Oxneford | Oxonia | Oxónia | Oxônia | Oxonium | Rhedicina | Rhydychen | Rysoghen | Uxavað | Οξφόρδη | Оксфард | Оксфорд | Оқсфорд | ოქსფორდი | אוקספורד | אקספארד | آکسفورد | آکسفورڈ | أكسفورد | اوكسفورد | ऑक्सफर्ड | ऑक्सफोर्ड | অক্সফোর্ড | ਆਕਸਫ਼ੋਰਡ | ஆக்சுபோர்டு | ఆక్స్‌ఫర్డ్ | ಆಕ್ಸ್‌ಫರ್ಡ್ | อ๊อกซฟอร์ด | အောက်စဖို့မြို့ | オックスフォード | 牛津,46,
00206443-p003-loc01,00206443-p003,00206443,1,Oxford,Oxford,2640729,https://www.geonames.org/2640729,51.75222,-1.25596,United Kingdom,옥스퍼드 | Àth nan Damh | GBOXF | Oksford | Oksforda | Oksfordas | Oksfordo | Oksfuords | Oxenaford | Oxenaforda | Oxenford | OXF | Oxford | Oxnaford | Öxnafurða | Oxneford | Oxonia | Oxónia | Oxônia | Oxonium | Rhedicina | Rhydychen | Rysoghen | Uxavað | Οξφόρδη | Оксфард | Оксфорд | Оқсфорд | ოქსფორდი | אוקספורד | אקספארד | آکسفورد | آکسفورڈ | أكسفورد | اوكسفورد | ऑक्सफर्ड | ऑक्सफोर्ड | অক্সফোর্ড | ਆਕਸਫ਼ੋਰਡ | ஆக்சுபோர்டு | ఆక్స్‌ఫర్డ్ | ಆಕ್ಸ್‌ಫರ್ಡ್ | อ๊อกซฟอร์ด | အောက်စဖို့မြို့ | オックスフォード | 牛津,46,
02013655-p001-loc01,02013655-p001,02013655,1,Pittsburgh,Pittsburgh,5206379,https://www.geonames.org/5206379,40.44062,-79.99589,United States,피츠버그 | 15201 | 15202 | 15203 | 15204 | 15205 | 15206 | 15207 | 15208 | 15209 | 15210 | 15211 | 15212 | 15213 | 15214 | 15215 | 15216 | 15217 | 15218 | 15219 | 15220 | 15221 | 15222 | 15223 | 15224 | 15225 | 15226 | 15227 | 15228 | 15229 | 15230 | 15231 | 15232 | 15233 | 15234 | 15235 | 15236 | 15237 | 15238 | 15239 | 15240 | 15241 | 15242 | 15243 | 15244 | 15250 | 15251 | 15252 | 15253 | 15254 | 15255 | 15257 | 15258 | 15259 | 15260 | 15261 | 15262 | 15264 | 15265 | 15267 | 15268 | 15270 | 15272 | 15274 | 15275 | 15276 | 15277 | 15278 | 15279 | 15281 | 15282 | 15283 | 15286 | 15290 | Allegheny | Fort Dunmore | Fort Duquesne | Fort Pitt | Fort Trent | PIT | Pitsburga | Pitsburgas | Pitsburgo | Pittsbarig | Pitts-Bourg | Pittsburg | Pittsburgh | Pittsburgum | Pittsburq | The Manor of Pittsburgh | USPIT | Πίτσμπεργκ | Питсбург | Питсбърг | Питтсбург | Пітсбург | Піттсбург | פיטסבורג | بيتسبرغ | پٹس برگ | پٹسبرگ | پیتسبرگ، پنسیلوانیا | पिट्सबर्ग | ਪਿਟਸਬਰਗ | பிட்ஸ்பர்க் | పిట్స్‌బర్గ్ | ಪಿಟ್ಸ್‌ಬರ್ಗ್ | พิตต์สเบิร์ก | ピッツバーグ | 匹兹堡 | 匹茲堡,111,
02013655-p002-loc01,02013655-p002,02013655,1,Princeton,Princeton,5102922,https://www.geonames.org/5102922,40.34872,-74.65905,United States,프린스턴 | 08540 | 08541 | 08542 | 08543 | 08544 | PCT | Princes Town | Princeton | Princetonia | Princetown | Prince Town | Prinstona | Q138518 | Stony Brook | USPCT | Принстон | Принстън | პრინსტონი | Փրինսթոն | פרינסטון | برينستون | پرنسٹن، نیو جرسی | پرینستون، نیوجرسی | प्रिन्‍सटन | प्रिन्स्टन | プリンストン | 普林斯顿,28,
02132447-p002-loc01,02132447-p002,02132447,1,Schwarzau am Steinfeld,Schwarzau am Steinfeld,2765489,https://www.geonames.org/2765489,47.73183,16.17094,Austria,Schwarzau | Schwarzau am Steinfelde,2,
02132447-p003-loc01,02132447-p003,02132447,1,Milano,Milan,3173435,https://www.geonames.org/3173435,45.46427,9.18951,Italy,밀라노 | ITMIL | Lungsod ng Milano | Mailand | Mediolan | Mediolanum | MIL | Milà | Milaan | Milan | Milán | Milāna | Milanas | Milano | Miláno | Milánó | Mílanó | Milanu | Milão | Mилан | Милан | Милано | Мілан | მილანი | Միլան | מילאנו | مىلان | ميلانو | মিলান | மிலன் | มิลาน | ミラノ | 米蘭,33,
02132447-p004-loc01,02132447-p004,02132447,1,Milano,Milan,3173435,https://www.geonames.org/3173435,45.46427,9.18951,Italy,밀라노 | ITMIL | Lungsod ng Milano | Mailand | Mediolan | Mediolanum | MIL | Milà | Milaan | Milan | Milán | Milāna | Milanas | Milano | Miláno | Milánó | Mílanó | Milanu | Milão | Mилан | Милан | Милано | Мілан | მილანი | Միլան | מילאנו | مىلان | ميلانو | মিলান | மிலன் | มิลาน | ミラノ | 米蘭,33,
02132447-p005-loc01,02132447-p005,02132447,1,Milano,Milan,3173435,https://www.geonames.org/3173435,45.46427,9.18951,Italy,밀라노 | ITMIL | Lungsod ng Milano | Mailand | Mediolan | Mediolanum | MIL | Milà | Milaan | Milan | Milán | Milāna | Milanas | Milano | Miláno | Milánó | Mílanó | Milanu | Milão | Mилан | Милан | Милано | Мілан | მილანი | Միլան | מילאנו | مىلان | ميلانو | মিলান | மிலன் | มิลาน | ミラノ | 米蘭,33,
00205572-p002-loc01,00205572-p002,00205572,1,London,London,2643743,https://www.geonames.org/2643743,51.50853,-0.12574,United Kingdom,런던 | ᎫᎴ ᏗᏍᎪᏂᎯᏱ | ܠܘܢܕܘܢ | ለንደን | ロンドン | ଲଣ୍ଡନ | ลอนดอน | ລອນດອນ | GBLON | ILondon | Lākana | Landan | Landen | Llundain | Lodoni | LON | Londain | Londar | Londe | Londen | Londin | Londinium | Londn | london | London | Londona | Londonas | Londoni | Londono | Londons | Lọndọnu | Londra | Łondra | Londres | Londrez | Londri | Londro | Londye | Londyn | Londýn | Lonn | Lontoo | Loundres | Luân Đôn | Lunden | Lundra | Lůndůn | Lundúnir | Lùng-dŭng | Lunnainn | Lunnin | Lunnon | Lûn-tun | Lùn-tûn | Q84 | Rānana | لأندأن | لندن | لەندەن | لوندون | לאנדאן | לונדון | Λονδίνο | Лёндан | Лондан | Лондон | Лондон ош | Лондонъ | ལོན་ཊོན། | Լոնդոն | Լոնտոն | ლონდონი | लण्डन | लन्डन् | लन्दन | लंडन | लंदन | લંડન | లండన్ | ਲੰਡਨ | ಲಂಡನ್ | இலண்டன் | ലണ്ടൻ | লন্ডন | လန်ဒန်မြို့ | ලන්ඩන් | 伦敦 | 倫敦,88,
00205572-p003-loc01,00205572-p003,00205572,1,Oxford,Oxford,2640729,https://www.geonames.org/2640729,51.75222,-1.25596,United Kingdom,옥스퍼드 | Àth nan Damh | GBOXF | Oksford | Oksforda | Oksfordas | Oksfordo | Oksfuords | Oxenaford | Oxenaforda | Oxenford | OXF | Oxford | Oxnaford | Öxnafurða | Oxneford | Oxonia | Oxónia | Oxônia | Oxonium | Rhedicina | Rhydychen | Rysoghen | Uxavað | Οξφόρδη | Оксфард | Оксфорд | Оқсфорд | ოქსფორდი | אוקספורד | אקספארד | آکسفورد | آکسفورڈ | أكسفورد | اوكسفورد | ऑक्सफर्ड | ऑक्सफोर्ड | অক্সফোর্ড | ਆਕਸਫ਼ੋਰਡ | ஆக்சுபோர்டு | ఆక్స్‌ఫర్డ్ | ಆಕ್ಸ್‌ಫರ್ಡ್ | อ๊อกซฟอร์ด | အောက်စဖို့မြို့ | オックスフォード | 牛津,46,
00560427-p003-loc01,00560427-p003,00560427,1,Cambridge,Cambridge,2653941,https://www.geonames.org/2653941,52.2,0.11667,United Kingdom,케임브리지 | Caergrawnt | Cambridge | Cantabrigia | CBG | GBCMG | Grantanbrycg | Kambrij | Kembric | Kembridža | Kembridžas | Kembriĝo | Kiam-khiâu | Κέμπριτζ | Кеймбридж | Кембридж | Кембриҷ | Кембриџ | Кембрідж | Кембрыдж | კემბრიჯი | Քեմբրիջ | קיימברידג' | كامبريدج | کمبریج | کیمبرج | केंब्रिज | ক্যামব্রিজ | ಕೇಂಬ್ರಿಜ್ | കേംബ്രിഡ്ജ് | เคมบริดจ์ | ကိန်းဘရစ်ချ်မြို့ | ケンブリッジ | 劍橋,34,
00205573-p001-loc01,00205573-p001,00205573,1,London,London,2643743,https://www.geonames.org/2643743,51.50853,-0.12574,United Kingdom,런던 | ᎫᎴ ᏗᏍᎪᏂᎯᏱ | ܠܘܢܕܘܢ | ለንደን | ロンドン | ଲଣ୍ଡନ | ลอนดอน | ລອນດອນ | GBLON | ILondon | Lākana | Landan | Landen | Llundain | Lodoni | LON | Londain | Londar | Londe | Londen | Londin | Londinium | Londn | london | London | Londona | Londonas | Londoni | Londono | Londons | Lọndọnu | Londra | Łondra | Londres | Londrez | Londri | Londro | Londye | Londyn | Londýn | Lonn | Lontoo | Loundres | Luân Đôn | Lunden | Lundra | Lůndůn | Lundúnir | Lùng-dŭng | Lunnainn | Lunnin | Lunnon | Lûn-tun | Lùn-tûn | Q84 | Rānana | لأندأن | لندن | لەندەن | لوندون | לאנדאן | לונדון | Λονδίνο | Лёндан | Лондан | Лондон | Лондон ош | Лондонъ | ལོན་ཊོན། | Լոնդոն | Լոնտոն | ლონდონი | लण्डन | लन्डन् | लन्दन | लंडन | लंदन | લંડન | లండన్ | ਲੰਡਨ | ಲಂಡನ್ | இலண்டன் | ലണ്ടൻ | লন্ডন | လန်ဒန်မြို့ | ලන්ඩන් | 伦敦 | 倫敦,88,
00205573-p002-loc01,00205573-p002,00205573,1,Oxford,Oxford,2640729,https://www.geonames.org/2640729,51.75222,-1.25596,United Kingdom,옥스퍼드 | Àth nan Damh | GBOXF | Oksford | Oksforda | Oksfordas | Oksfordo | Oksfuords | Oxenaford | Oxenaforda | Oxenford | OXF | Oxford | Oxnaford | Öxnafurða | Oxneford | Oxonia | Oxónia | Oxônia | Oxonium | Rhedicina | Rhydychen | Rysoghen | Uxavað | Οξφόρδη | Оксфард | Оксфорд | Оқсфорд | ოქსფორდი | אוקספורד | אקספארד | آکسفورد | آکسفورڈ | أكسفورد | اوكسفورد | ऑक्सफर्ड | ऑक्सफोर्ड | অক্সফোর্ড | ਆਕਸਫ਼ੋਰਡ | ஆக்சுபோர்டு | ఆక్స్‌ఫర్డ్ | ಆಕ್ಸ್‌ಫರ್ಡ್ | อ๊อกซฟอร์ด | အောက်စဖို့မြို့ | オックスフォード | 牛津,46,
00205574-p002-loc01,00205574-p002,00205574,1,London,London,2643743,https://www.geonames.org/2643743,51.50853,-0.12574,United Kingdom,런던 | ᎫᎴ ᏗᏍᎪᏂᎯᏱ | ܠܘܢܕܘܢ | ለንደን | ロンドン | ଲଣ୍ଡନ | ลอนดอน | ລອນດອນ | GBLON | ILondon | Lākana | Landan | Landen | Llundain | Lodoni | LON | Londain | Londar | Londe | Londen | Londin | Londinium | Londn | london | London | Londona | Londonas | Londoni | Londono | Londons | Lọndọnu | Londra | Łondra | Londres | Londrez | Londri | Londro | Londye | Londyn | Londýn | Lonn | Lontoo | Loundres | Luân Đôn | Lunden | Lundra | Lůndůn | Lundúnir | Lùng-dŭng | Lunnainn | Lunnin | Lunnon | Lûn-tun | Lùn-tûn | Q84 | Rānana | لأندأن | لندن | لەندەن | لوندون | לאנדאן | לונדון | Λονδίνο | Лёндан | Лондан | Лондон | Лондон ош | Лондонъ | ལོན་ཊོན། | Լոնդոն | Լոնտոն | ლონდონი | लण्डन | लन्डन् | लन्दन | लंडन | लंदन | લંડન | లండన్ | ਲੰਡਨ | ಲಂಡನ್ | இலண்டன் | ലണ്ടൻ | লন্ডন | လန်ဒန်မြို့ | ලන්ඩන් | 伦敦 | 倫敦,88,
00205574-p003-loc01,00205574-p003,00205574,1,Oxford,Oxford,2640729,https://www.geonames.org/2640729,51.75222,-1.25596,United Kingdom,옥스퍼드 | Àth nan Damh | GBOXF | Oksford | Oksforda | Oksfordas | Oksfordo | Oksfuords | Oxenaford | Oxenaforda | Oxenford | OXF | Oxford | Oxnaford | Öxnafurða | Oxneford | Oxonia | Oxónia | Oxônia | Oxonium | Rhedicina | Rhydychen | Rysoghen | Uxavað | Οξφόρδη | Оксфард | Оксфорд | Оқсфорд | ოქსფორდი | אוקספורד | אקספארד | آکسفورد | آکسفورڈ | أكسفورد | اوكسفورد | ऑक्सफर्ड | ऑक्सफोर्ड | অক্সফোর্ড | ਆਕਸਫ਼ੋਰਡ | ஆக்சுபோர்டு | ఆక్స్‌ఫర్డ్ | ಆಕ್ಸ್‌ಫರ್ಡ್ | อ๊อกซฟอร์ด | အောက်စဖို့မြို့ | オックスフォード | 牛津,46,
00211918-p002-loc01,00211918-p002,00211918,1,Oxford,Oxford,2640729,https://www.geonames.org/2640729,51.75222,-1.25596,United Kingdom,옥스퍼드 | Àth nan Damh | GBOXF | Oksford | Oksforda | Oksfordas | Oksfordo | Oksfuords | Oxenaford | Oxenaforda | Oxenford | OXF | Oxford | Oxnaford | Öxnafurða | Oxneford | Oxonia | Oxónia | Oxônia | Oxonium | Rhedicina | Rhydychen | Rysoghen | Uxavað | Οξφόρδη | Оксфард | Оксфорд | Оқсфорд | ოქსფორდი | אוקספורד | אקספארד | آکسفورد | آکسفورڈ | أكسفورد | اوكسفورد | ऑक्सफर्ड | ऑक्सफोर्ड | অক্সফোর্ড | ਆਕਸਫ਼ੋਰਡ | ஆக்சுபோர்டு | ఆక్స్‌ఫర్డ్ | ಆಕ್ಸ್‌ಫರ್ಡ್ | อ๊อกซฟอร์ด | အောက်စဖို့မြို့ | オックスフォード | 牛津,46,
00570256-p001-loc01,00570256-p001,00570256,1,Rheinau,Rheinau,11048417,https://www.geonames.org/11048417,47.63277,8.60251,Switzerland,,0,
00570256-p002-loc01,00570256-p002,00570256,1,Zürich,Zurich,2657896,https://www.geonames.org/2657896,47.36667,8.55,Switzerland,ዙሪክ | 취리히 | ܙܝܘܪܚ | ܬܣܝܪܝܟ | ซูริก | チューリッヒ | 8000 | 8001 | 8002 | 8003 | 8004 | 8005 | 8006 | 8008 | 8022 | 8024 | 8027 | 8031 | 8032 | 8034 | 8036 | 8037 | 8038 | 8040 | 8041 | 8042 | 8044 | 8045 | 8046 | 8047 | 8048 | 8049 | 8050 | 8051 | 8052 | 8053 | 8055 | 8057 | 8063 | 8064 | 8070 | CHZRH | Cīrihe | Ciurichas | Cürih | Curych | Lungsod ng Zürich | Sŭ-là̤-sié | Sürix | Syurix | Tsurique | Tsürix | Turicum | Turitg | Zeurich | Zirich | Zirik | ZRH | Zuerich | Zuric | Zúric | Zurich | Zúrich | Zürich | Zurìcu | Zurigh | Zürigh | Zurigo | Zürih | Zuriko | Zurique | Zurych | Zyrihu | زیورچ | زیورخ | زوریخ | زوريخ | زيورخ | سيۇرىخ | څوریخ | ציריך | Ζυρίχη | Цирих | Цюрих | Цюрих хот | Цюрых | Ցյուրիխ | ციურიხი | ज़्यूरिख़ | झ्युरिक | ਜ਼ਿਊਰਿਖ | சூரிக்கு | സൂറിച്ച് | জুরিখ | ဇူးရစ်ချ်မြို့ | 苏黎世 | 蘇黎世,97,
00570256-p003-loc01,00570256-p003,00570256,1,Zürich,Zurich,2657896,https://www.geonames.org/2657896,47.36667,8.55,Switzerland,ዙሪክ | 취리히 | ܙܝܘܪܚ | ܬܣܝܪܝܟ | ซูริก | チューリッヒ | 8000 | 8001 | 8002 | 8003 | 8004 | 8005 | 8006 | 8008 | 8022 | 8024 | 8027 | 8031 | 8032 | 8034 | 8036 | 8037 | 8038 | 8040 | 8041 | 8042 | 8044 | 8045 | 8046 | 8047 | 8048 | 8049 | 8050 | 8051 | 8052 | 8053 | 8055 | 8057 | 8063 | 8064 | 8070 | CHZRH | Cīrihe | Ciurichas | Cürih | Curych | Lungsod ng Zürich | Sŭ-là̤-sié | Sürix | Syurix | Tsurique | Tsürix | Turicum | Turitg | Zeurich | Zirich | Zirik | ZRH | Zuerich | Zuric | Zúric | Zurich | Zúrich | Zürich | Zurìcu | Zurigh | Zürigh | Zurigo | Zürih | Zuriko | Zurique | Zurych | Zyrihu | زیورچ | زیورخ | زوریخ | زوريخ | زيورخ | سيۇرىخ | څوریخ | ציריך | Ζυρίχη | Цирих | Цюрих | Цюрих хот | Цюрых | Ցյուրիխ | ციურიხი | ज़्यूरिख़ | झ्युरिक | ਜ਼ਿਊਰਿਖ | சூரிக்கு | സൂറിച്ച് | জুরিখ | ဇူးရစ်ချ်မြို့ | 苏黎世 | 蘇黎世,97,
00560428-p002-loc01,00560428-p002,00560428,1,Cambridge,Cambridge,2653941,https://www.geonames.org/2653941,52.2,0.11667,United Kingdom,케임브리지 | Caergrawnt | Cambridge | Cantabrigia | CBG | GBCMG | Grantanbrycg | Kambrij | Kembric | Kembridža | Kembridžas | Kembriĝo | Kiam-khiâu | Κέμπριτζ | Кеймбридж | Кембридж | Кембриҷ | Кембриџ | Кембрідж | Кембрыдж | კემბრიჯი | Քեմբրիջ | קיימברידג' | كامبريدج | کمبریج | کیمبرج | केंब्रिज | ক্যামব্রিজ | ಕೇಂಬ್ರಿಜ್ | കേംബ്രിഡ്ജ് | เคมบริดจ์ | ကိန်းဘရစ်ချ်မြို့ | ケンブリッジ | 劍橋,34,
00201212-p002-loc01,00201212-p002,00201212,1,Milano,Milan,3173435,https://www.geonames.org/3173435,45.46427,9.18951,Italy,밀라노 | ITMIL | Lungsod ng Milano | Mailand | Mediolan | Mediolanum | MIL | Milà | Milaan | Milan | Milán | Milāna | Milanas | Milano | Miláno | Milánó | Mílanó | Milanu | Milão | Mилан | Милан | Милано | Мілан | მილანი | Միլան | מילאנו | مىلان | ميلانو | মিলান | மிலன் | มิลาน | ミラノ | 米蘭,33,
00201212-p003-loc01,00201212-p003,00201212,1,Milano,Milan,6542283,https://www.geonames.org/6542283,45.46416,9.19199,Italy,015146 | Comune di Milano | Mailand | Milan | Milán | Milano,6,
02018713-p001-loc01,02018713-p001,02018713,1,Worcester,Worcester,2633563,https://www.geonames.org/2633563,52.18935,-2.22001,United Kingdom,우스터 | ウスター | วุร์สเตอร์ | Caerwrangon | City of Worcester | GBWTR | UWC | Vigornia | Vusteris | Wiogoraceastre | Worcester | ورکستر | وستر | وورسسٹر | ووستر | ووسٹر | Вустер | Вустэр | Устър | Վուսթեր | 伍斯特 | 窩士打,22,
02018713-p002-loc01,02018713-p002,02018713,1,Edinburgh,Edinburgh,2650225,https://www.geonames.org/2650225,55.95206,-3.19648,United Kingdom,에든버러 | Aebura | Caeredin | Dinedin | Doon Edin | Dún Éideann | Dùn Èideann | Ebora | EDI | Edimborg | Edimborgh | Édimbourg | Edimburg | Edimbùrgh | Edimburgo | Edimburgu | Edimburgum | Edinbo | Edinboarch | Edinborg | Edinburc | Edinburg | Edinburga | Edinburgas | Edinburgh | Edinburgo | Edinburq | Edinburrie | Edynburg | Embra | GBEDI | Idinburg | Εδιμβούργο | Единбург | Эдинбург | Эдынбург | ედინბურგი | Էդինբուրգ | Էտինպուրկ | אדינבורו | עדינבורג | إدنبرة | ئێدینبەرە | ادینبرو | ایڈنبرا | एडिनबरा | एदिनबरा | এডিনবরা | எடின்பரோ | ಎಡಿನ್‌ಬರ್ಗ್‌‌ | എഡിൻബറോ | เอดินบะระ | အက်ဒင်ဗာရာမြို့ | エディンバラ | 爱丁堡,55,
02131208-p001-loc01,02131208-p001,02131208,1,,France,3017382,https://www.geonames.org/3017382,46,2,France,프랑스 | an Fhrainc | An Fhraing | Bro-C'hall | Bufalansa | Falanisē | Falánsɛ | Falansia | Faraans | Farāni | Faransa | Faranse | Faransi | Faransiis | Faransiiska | Farânzi | Farayse | fasygu'e | Ffrainc | FR | Frakkland | Frakland | Franca | França | France | Francë | Francëjô | France nutome | Franchiya | Francia | Franciaország | Francie | Francija | Francio | Francja | Francland | Francogallia | Francoska | Francujo | Francuska | Francúzsko | Frankräich | Frankreich | Frankriek | Frankrig | Frankrigi | Frankriika | Frankrijk | Frankrike | Frankrish | Frankryk | Frans | Frañs | Fransa | Fransän | Fransia | Fransiya | Fransiýa | Fransya | Franța | Frantsa | Frantscha | Frantza | Frantzia | Franza | Franzia | Franzsa | Fraunce | Frɛnkyeman | Furansi | Huák-guók | i-France | Nfalanse | Perancis | Pháp | Pow Frenk | Pow Frynk | Prancis | Prancūzija | Pranis | Pransiya | Pransya | Prantsusmaa | Q142 | Ranska | Republic of France | République Française | Ubaranja | Ubufaransa | Ufaransa | Vrankriek | Vrankryk | Wīwī | Yn Rank | Γαλλία | Фаронса | Франц | Франци | Франција | Франция | Франція | Франц улс | Француска | Францыя | საფრანგეთი | Ֆրանսիա | פֿראַנקרייך | צרפת | فرانس | فرانسه | فرانسىيە | فرنسا | فەڕەنسا | فىرانسىيە | ܦܪܢܣܐ | ފަރަންސޭސިވިލާތް | ፈረንሣይ | ፈረንሳይ | फ्रान्स | फ्रांस | फ़्राँस | फ़्रांस | फ़्रांस: | ফ্রান্স | ফ্ৰান্স | ਫ਼ਰਾਂਸ | ફ્રાઁસ | ફ્રાંસ | ଫ୍ରାନ୍ସ | பிரான்ஸ் | ఫ్రాన్స్‌ | ಫ್ರಾನ್ಸ್ | ഫ്രാന്‍സ് | ഫ്രാൻസ് | ප්‍රංශය | ประเทศฝรั่งเศส | ฝรั่งเศส | ຝຣັ່ງ | ཕ་རཱན་སི། | ཕྲཱནས | ပြင်သစ် | បារាំង | フランス | フランス共和国 | ꃔꇩ | 法国 | 法國,147,
02131208-p002-loc01,02131208-p002,02131208,1,Schwarzau am Steinfeld,Schwarzau am Steinfeld,2765489,https://www.geonames.org/2765489,47.73183,16.17094,Austria,Schwarzau | Schwarzau am Steinfelde,2,
02131208-p003-loc01,02131208-p003,02131208,1,Schwarzau am Steinfeld (Vienna),Schwarzau am Steinfeld,2765489,https://www.geonames.org/2765489,47.73183,16.17094,Austria,Schwarzau | Schwarzau am Steinfelde,2,
02131208-p004-loc01,02131208-p004,02131208,1,New York,New York,5128581,https://www.geonames.org/5128581,40.71427,-74.00597,United States,뉴욕 | 뉴욕 시 | 10001 | 10002 | 10003 | 10004 | 10005 | 10006 | 10007 | 10008 | 10009 | 10010 | 10011 | 10012 | 10013 | 10014 | 10016 | 10017 | 10018 | 10019 | 10020 | 10021 | 10022 | 10023 | 10024 | 10025 | 10026 | 10027 | 10028 | 10029 | 10030 | 10031 | 10032 | 10033 | 10034 | 10035 | 10036 | 10037 | 10038 | 10039 | 10040 | 10041 | 10043 | 10044 | 10045 | 10055 | 10060 | 10065 | 10069 | 10080 | 10081 | 10087 | 10090 | 10101 | 10102 | 10103 | 10104 | 10105 | 10106 | 10107 | 10108 | 10109 | 10110 | 10111 | 10112 | 10113 | 10114 | 10115 | 10116 | 10117 | 10118 | 10119 | 10120 | 10121 | 10122 | 10123 | 10124 | 10125 | 10126 | 10128 | 10129 | 10130 | 10131 | 10132 | 10133 | 10138 | 10150 | 10151 | 10152 | 10153 | 10154 | 10155 | 10156 | 10157 | 10158 | 10159 | 10160 | 10161 | 10162 | 10163 | 10164 | 10165 | 10166 | 10167 | 10168 | 10169 | 10170 | 10171 | 10172 | 10173 | 10174 | 10175 | 10176 | 10177 | 10178 | 10179 | 10185 | 10199 | 10203 | 10211 | 10212 | 10213 | 10242 | 10249 | 10256 | 10258 | 10259 | 10260 | 10261 | 10265 | 10268 | 10269 | 10270 | 10271 | 10272 | 10273 | 10274 | 10275 | 10276 | 10277 | 10278 | 10279 | 10280 | 10281 | 10282 | 10285 | 10286 | Aebura | Bandar Raya New York | Big Apple | Cathair Nua-Eabhrac | City of New York | Eabhraig Nuadh | Efrog Newydd | Evrek Nowydh | Ga-no-no | Kanón:no | Kanono | Kota New York | Lungsod ng New York | Nei Yarrick Schtadt | Neu Amsterdam | Neu Jorck | New Amsterdam | New Orange | New Yorc | New York | New York borg | New York-borg | New York City | New Yorke | New York kenti | New York Stad | New Yorku | Niujorkas | Njujork | Nouvelle Yorck | Nouvieau York | Nova Amsterda | Nova Iorque | Nova York | Nova-York | Nòva York | Novjorko | Nov-Jorko | Novum Eboracum | Nowy Jork | Nua-Eabhrac | Nueva York | Ņujorka | Nuova York | NY | NYC | Nýja Jórvík | Nyu York Shehiri | Q60 | Thành phố New York | The Big Apple | USNYC | York Berri | Νέα Υόρκη | Нью-Ёрк | Нью-Йорк | Ню Йорк | Њујорк | Њу Јорк | ნიუ-იორკი | Նիւ Եորք | Նյու Յորք | ניו יארק | ניו־יאָרק | ניו יורק | نيويورك | نیویارک شہر | نیویورک | न्यूयॉर्क | নিউ ইয়র্ক সিটি | நியூயார்க் நகரம் | นครนิวยอร์ก | ニューヨーク | マンハッタン | 紐約 | 紐約市,223,
02131208-p005-loc01,02131208-p005,02131208,1,,United States,6252001,https://www.geonames.org/6252001,39.76,-98.5,United States,"ዩ ኤስ | ស.រ.អ | ꂰꇩ | 미국 | ዩኤስ | アメリカ | สหรัฐฯ | ສະຫະລັດ | ଯୁକ୍ତରାଷ୍ଟ୍ର | ABD | ABŞ | ÂLeaa-Ôko tî Amerika | Amelika | ʻAmelika | America | Amerika | Amɛrika | Amẹrikà | Amerika Birleşik Devletleri | Amerikan Yhdysvallat | Amérika Sarikat | Amerikas Forenede Stater | Amerikas Förenta Stater | Amerikas forente stater | Amerikas Savienotās Valstis | Ameriketako Estatu Batuak | Ameriki | Amurka | AQSH | AS | A.S | Bandaríkin | Bandaríki Norður-Ameríku | Dei amerikanske sambandsstatane | Dewletên Yekbûyî yên Amerîkayê | Dowlaaji Dentuɗi Amerik | DYA | Estados Unidos | Estats Units | Estatu Batuak | Etaa Sini | États-Unis | Etazonia | EUA | Feriene Steaten | Forente stater | Hoa Kỳ | Hononga o Amerika | i-U.S | JAV | Jungtinės Amerikos Valstijos | Jungtinės Valstijos | Leta Zunze Ubumwe za Amerika | l-Istati Uniti | Maraykanka | Marekani | Q30 | Qo'shma Shtatlar | SA | SAD | SAM | Sambandsstatane | SHBA | Sjedinjene Američke Države | Spojené státy | Spojené štáty | Spojené státy americké | Spojené štáty americké | Stadis Unids da l’America | Stany Zjednoczone | Statele Unite ale Americii | Stati Uniti | Statys Unys | SU | SUA | S.U.A. | UDA | United States | United States of America | US | U.S. | USA | U.S.A. | USA nutome | Usono | Vereenegt Staaten | Vereinigten Staaten von Amerika | Vereinigte Staaten | Verenigde Staten | VS | VSA | Yhdysvallat | ZDA | Združene države Amerike | ایالات متحده | ایالات متحدهٔ امریکا | الاولايات المتحدة الامريكية | الولايات المتحدة الأمريكية | امریکا | متحده آيالات | وڵاتە یەکگرتووەکان | یوٗنایٹِڑ سِٹیٹِس | ئا ق ش | يوايس | ארה״ב | פֿ""ש | ΗΠΑ | АИШ | АКШ | АҚШ | АНУ | АЦШ | Злучаныя Штаты | Злучаныя Штаты Амерыкі | ИМ | САД | САЩ | Сједињене Америчке Државе | Сједињене Државе | Соединенные Штаты | Сполучені Штати Америки | США | Съединени щати | ཡུ་ཨེས་ཨེ | ཨ་མེ་རི་ཀ། | Ամերիկայի Միացեալ Նահանգներ | Ամերիկայի Միացյալ Նահանգներ | ԱՄՆ | Միացեալ Նահանգներ | Միացյալ Նահանգներ | აშშ | अमेरिका | यू.एस. | संयुक्त राज्य: | संयुक्त राज्य अमरिका | संयुक्त राज्य अमेरिका | યુ.એસ. | యు.ఎస్. | ਯੂ.ਐੱਸ. | ಯು.ಎಸ್ | யூஎஸ் | യു.എസ് | ইউ এস | মা. যু. | ယူအက်စ် | එ.ජ | 美国 | 美國",148,
02131208-p006-loc01,02131208-p006,02131208,1,,Pennsylvania,6254927,https://www.geonames.org/6254927,40.8,-77.7,United States,ᎤᎩᏓᎵᏱ | ܦܢܣܝܠܒܐܢܝܐ | ፔንስልቬኒያ | 펜실베이니아주 | ផេនស៊ីលវ៉ានៀ | ᱯᱮᱱᱥᱤᱞᱵᱷᱟᱱᱤᱭᱟ | ꯄꯦꯟꯟꯁꯤꯜꯚꯥꯅꯤꯌꯥ | รัฐเพนซิลเวเนีย | 𐍀𐌰𐌹𐌽𐍃𐌹𐌻𐌱𐌴𐌽𐌾𐌰 | Beeʼeldíílsání Hahoodzo | Commonwealth of Pennsylvania | Keystone State | PA | Penekelewinia | Penisilevania | Pennsilfaani | Pennsilvania | Pennsilvània | Pennsilvanië | Pennsilvaniya | Pennsylvani | Pennsylvania | Pennsylvānia | Pennsylvanía | Pennsylvania suyu | Pennsylvanie | Pennsylvanien | Pennsylvannia | Pensalveníá | Pensėlvanėjė | Pɛnsilvaanii | Pènsilvani | Pensilvania | Pensilvània | Pensilvânia | Pensilvanija | Pensilvānija | Pensilvanio | Pensilvaniya | Pensilvanya | Pensílvéníyạ | Pénsilwaniye Shitati | Pensylvánia | Pensylvánie | Pensylwania | Pynsylwańijo | Q1400 | بنسيلفانيا | پانسيلڤانيا | پێنسیلڤانیا | پنسلوانیا | پنسیلوانیا | پنسیلوانیا ایالتی | פנסילבניה | פענסילוועניע | Πενσιλβάνια | Пеннсилвани | Пеннсүлваниа | Пенсилвайни | Пенсилванија | Пенсилвания | Пенсильвани | Пенсильваний | Пенсильвания | Пенсільванія | ཕེན་སུལ་ཝེ་ནའི་ཡ། | Փենսիլվանիա | პენსილვანია | पेनसिल्व्हेनिया | पेन्सिलभेनिया | पेन्सिलवेनिया | पेन्सिल्भेनिया | पेन्‍सिल्‍वेनिया | पेंसिल्वेनिया | પેન્સિલ્વેનિયા | పెన్సిల్వేనియా | ਪੈੱਨਸਿਲਵੇਨੀਆ | ಪೆನ್ಸಿಲ್ವೇನಿಯಾ | பென்சில்வேனியா | പെൻ‌സിൽ‌വാനിയ | পেনসিলভানিয়া | পেনসিলভেনিয়া | ပန်ဆယ်ဗေးနီးယားပြည်နယ် | පෙන්සේල්වේනියා | 宾夕法尼亚 | 宾夕法尼亚州 | ペンシルベニア州 | 賓夕凡尼亞州 | 賓夕法尼亞州,89,
02131208-p007-loc01,02131208-p007,02131208,1,Wellesley,Wellesley,4954738,https://www.geonames.org/4954738,42.29649,-71.29256,United States,02482 | USNEE | USWEL | Wellesley | West Needham | Велесли | Вэлслэй | Уэлсли | ولزلی، ماساچوست | 韋爾斯利,10,
00211919-p002-loc01,00211919-p002,00211919,1,Oxford,Oxford,2640729,https://www.geonames.org/2640729,51.75222,-1.25596,United Kingdom,옥스퍼드 | Àth nan Damh | GBOXF | Oksford | Oksforda | Oksfordas | Oksfordo | Oksfuords | Oxenaford | Oxenaforda | Oxenford | OXF | Oxford | Oxnaford | Öxnafurða | Oxneford | Oxonia | Oxónia | Oxônia | Oxonium | Rhedicina | Rhydychen | Rysoghen | Uxavað | Οξφόρδη | Оксфард | Оксфорд | Оқсфорд | ოქსფორდი | אוקספורד | אקספארד | آکسفورد | آکسفورڈ | أكسفورد | اوكسفورد | ऑक्सफर्ड | ऑक्सफोर्ड | অক্সফোর্ড | ਆਕਸਫ਼ੋਰਡ | ஆக்சுபோர்டு | ఆక్స్‌ఫర్డ్ | ಆಕ್ಸ್‌ಫರ್ಡ್ | อ๊อกซฟอร์ด | အောက်စဖို့မြို့ | オックスフォード | 牛津,46,
02134902-p002-loc01,02134902-p002,02134902,1,Kraków,Krakow,3094802,https://www.geonames.org/3094802,50.06143,19.93658,Poland,クラクフ | 크라쿠프 | กรากุฟ | Carcovia | Cracaû | Cracovia | Cracóvia | Cracòvia | Cracovie | Cracow | Kraká | Krakau | Krakkó | Krakov | Krakova | Krakovi | Krakovia | Krakóvia | Krakovja | Krakovo | Krakow | Kraków | Krakòwò | Krakůw | Krakоv | KRK | Krokuva | PLKRK | Q31487 | كراكوف | کراکوف | קראקע | קרקוב | Κρακοβία | Кракаў | Краків | Краков | Краковия | Կրակով | კრაკოვი | क्राकूफ | ကရားကော့မြို့ | 克拉科夫,43,
02134902-p003-loc01,02134902-p003,02134902,1,Lviv,Lviv,702550,https://www.geonames.org/702550,49.83826,24.02324,Ukraine,리비브 | 리비우 | İlbav | Ilyvó | Lavov | Lembärsch | Lemberg | Lemburg | Leopoli | Leopołi | Leopolis | Leópolis | Leopolo | Leopul | Liòpuli | Liov | Ljviv | Lviv | Lvivo | L'vov | Lvov | Ľvov | Ļvova | Lvovas | Lwif | Lwiw | LWO | Lwów | Lwůw | Q36036 | UALVI | UALVV | UALWO | Λβιβ | Лавов | Лвов | Львив | Львів | Львов | Львов ош | Львоў | ლვოვი | Լվով | לבוב | לעמבערג | לעמבריק | لفيف | لڤیڤ | لووف | لویو | لیویو | लिव्हिव | லிவீவ் | ลวีฟ | လွှမ်းယွန်း | リヴィウ | 利沃夫,57,
02134902-p004-loc01,02134902-p004,02134902,1,Wroclaw,Wroclaw,3081368,https://www.geonames.org/3081368,51.10286,17.03006,Poland,ヴロツワフ | 브로츠와프 | วรอตสวัฟ | Boroszló | Brasloi | Brassel | Breslau | Breslava | Breslavia | Breslávia | Breslavl’ | Breslū | Breßlau | PLWRO | Q1799 | Vratislav | Vratislavia | Vratislavie | Vroclav | Vroclava | Vroclavas | Vroclavo | Vrocuav | Vroklave | Vroslav | Vrotslav | Vruoclavs | WRO | Wroclaw | Wrocław | Wrócław | Wrocłow | Wroklaw | Wrosław | ڤرۆتسواف | فروتسواف | وروتسواف | وروسلاو | ברעסלוי | ורוצלב | Βρότσλαβ | Вроцлав | Вроцлаў | ვროცლავი | व्रोत्सवाफ | விராத்ஸ்சாஃப் | 弗罗茨瓦夫,47,
02177634-p001-loc01,02177634-p001,02177634,1,,France,3017382,https://www.geonames.org/3017382,46,2,France,프랑스 | an Fhrainc | An Fhraing | Bro-C'hall | Bufalansa | Falanisē | Falánsɛ | Falansia | Faraans | Farāni | Faransa | Faranse | Faransi | Faransiis | Faransiiska | Farânzi | Farayse | fasygu'e | Ffrainc | FR | Frakkland | Frakland | Franca | França | France | Francë | Francëjô | France nutome | Franchiya | Francia | Franciaország | Francie | Francija | Francio | Francja | Francland | Francogallia | Francoska | Francujo | Francuska | Francúzsko | Frankräich | Frankreich | Frankriek | Frankrig | Frankrigi | Frankriika | Frankrijk | Frankrike | Frankrish | Frankryk | Frans | Frañs | Fransa | Fransän | Fransia | Fransiya | Fransiýa | Fransya | Franța | Frantsa | Frantscha | Frantza | Frantzia | Franza | Franzia | Franzsa | Fraunce | Frɛnkyeman | Furansi | Huák-guók | i-France | Nfalanse | Perancis | Pháp | Pow Frenk | Pow Frynk | Prancis | Prancūzija | Pranis | Pransiya | Pransya | Prantsusmaa | Q142 | Ranska | Republic of France | République Française | Ubaranja | Ubufaransa | Ufaransa | Vrankriek | Vrankryk | Wīwī | Yn Rank | Γαλλία | Фаронса | Франц | Франци | Франција | Франция | Франція | Франц улс | Француска | Францыя | საფრანგეთი | Ֆրանսիա | פֿראַנקרייך | צרפת | فرانس | فرانسه | فرانسىيە | فرنسا | فەڕەنسا | فىرانسىيە | ܦܪܢܣܐ | ފަރަންސޭސިވިލާތް | ፈረንሣይ | ፈረንሳይ | फ्रान्स | फ्रांस | फ़्राँस | फ़्रांस | फ़्रांस: | ফ্রান্স | ফ্ৰান্স | ਫ਼ਰਾਂਸ | ફ્રાઁસ | ફ્રાંસ | ଫ୍ରାନ୍ସ | பிரான்ஸ் | ఫ్రాన్స్‌ | ಫ್ರಾನ್ಸ್ | ഫ്രാന്‍സ് | ഫ്രാൻസ് | ප්‍රංශය | ประเทศฝรั่งเศส | ฝรั่งเศส | ຝຣັ່ງ | ཕ་རཱན་སི། | ཕྲཱནས | ပြင်သစ် | បារាំង | フランス | フランス共和国 | ꃔꇩ | 法国 | 法國,147,
02177634-p002-loc01,02177634-p002,02177634,1,London,London,2643743,https://www.geonames.org/2643743,51.50853,-0.12574,United Kingdom,런던 | ᎫᎴ ᏗᏍᎪᏂᎯᏱ | ܠܘܢܕܘܢ | ለንደን | ロンドン | ଲଣ୍ଡନ | ลอนดอน | ລອນດອນ | GBLON | ILondon | Lākana | Landan | Landen | Llundain | Lodoni | LON | Londain | Londar | Londe | Londen | Londin | Londinium | Londn | london | London | Londona | Londonas | Londoni | Londono | Londons | Lọndọnu | Londra | Łondra | Londres | Londrez | Londri | Londro | Londye | Londyn | Londýn | Lonn | Lontoo | Loundres | Luân Đôn | Lunden | Lundra | Lůndůn | Lundúnir | Lùng-dŭng | Lunnainn | Lunnin | Lunnon | Lûn-tun | Lùn-tûn | Q84 | Rānana | لأندأن | لندن | لەندەن | لوندون | לאנדאן | לונדון | Λονδίνο | Лёндан | Лондан | Лондон | Лондон ош | Лондонъ | ལོན་ཊོན། | Լոնդոն | Լոնտոն | ლონდონი | लण्डन | लन्डन् | लन्दन | लंडन | लंदन | લંડન | లండన్ | ਲੰਡਨ | ಲಂಡನ್ | இலண்டன் | ലണ്ടൻ | লন্ডন | လန်ဒန်မြို့ | ලන්ඩන් | 伦敦 | 倫敦,88,
02177634-p003-loc01,02177634-p003,02177634,1,London,London,2643743,https://www.geonames.org/2643743,51.50853,-0.12574,United Kingdom,런던 | ᎫᎴ ᏗᏍᎪᏂᎯᏱ | ܠܘܢܕܘܢ | ለንደን | ロンドン | ଲଣ୍ଡନ | ลอนดอน | ລອນດອນ | GBLON | ILondon | Lākana | Landan | Landen | Llundain | Lodoni | LON | Londain | Londar | Londe | Londen | Londin | Londinium | Londn | london | London | Londona | Londonas | Londoni | Londono | Londons | Lọndọnu | Londra | Łondra | Londres | Londrez | Londri | Londro | Londye | Londyn | Londýn | Lonn | Lontoo | Loundres | Luân Đôn | Lunden | Lundra | Lůndůn | Lundúnir | Lùng-dŭng | Lunnainn | Lunnin | Lunnon | Lûn-tun | Lùn-tûn | Q84 | Rānana | لأندأن | لندن | لەندەن | لوندون | לאנדאן | לונדון | Λονδίνο | Лёндан | Лондан | Лондон | Лондон ош | Лондонъ | ལོན་ཊོན། | Լոնդոն | Լոնտոն | ლონდონი | लण्डन | लन्डन् | लन्दन | लंडन | लंदन | લંડન | లండన్ | ਲੰਡਨ | ಲಂಡನ್ | இலண்டன் | ലണ്ടൻ | লন্ডন | လန်ဒန်မြို့ | ලන්ඩන් | 伦敦 | 倫敦,88,
02020083-p001-loc01,02020083-p001,02020083,1,Paris,Paris,2988507,https://www.geonames.org/2988507,48.85341,2.3488,France,파리 | 75000 | 75001 | 75002 | 75003 | 75004 | 75005 | 75006 | 75007 | 75008 | 75009 | 75010 | 75011 | 75012 | 75013 | 75014 | 75015 | 75016 | 75017 | 75018 | 75019 | 75020 | Baariis | Bahliz | Baris | FRPAR | Lungsod ng Paris | Lutèce | Lutetia | Lutetia Parisorum | Paarys | Palika | Paname | Pantruche | PAR | Paräis | Páras | Pa-ri | Pari | Parĩ | Parī | Paries | Parigge | Pariggi | Parighji | Parigi | Pariis | Pariisi | Pariižu | Parij | Parijs | paris | Paris | París | Parîs | Parisi | Parixe | Pariz | Pariž | Paríž | Paříž | Parīze | Parizo | Párizs | Parys | Paryż | Paryžius | Q90 | Ville-Lumière | Παρίσι | Париж | Париж ош | Парижь | Париз | Парис | Паріж | Парыж | პარიზი | Բարիզ | Փարիզ | פאריז | פריז | باريس | پارىژ | پاريس | پاریس | پیرس | ܦܐܪܝܣ | ፓሪስ | पॅरिस | पेरिस | पैरिस | প্যারিস | ਪੈਰਿਸ | પૅરિસ | பாரிஸ் | పారిస్ | ಪ್ಯಾರಿಸ್ | പാരിസ് | ปารีส | ཕ་རི། | ပါရီမြို့ | ប៉ារីស | パリ | 巴黎,105,
02020083-p002-loc01,02020083-p002,02020083,1,France,France,3017382,https://www.geonames.org/3017382,46,2,France,프랑스 | an Fhrainc | An Fhraing | Bro-C'hall | Bufalansa | Falanisē | Falánsɛ | Falansia | Faraans | Farāni | Faransa | Faranse | Faransi | Faransiis | Faransiiska | Farânzi | Farayse | fasygu'e | Ffrainc | FR | Frakkland | Frakland | Franca | França | France | Francë | Francëjô | France nutome | Franchiya | Francia | Franciaország | Francie | Francija | Francio | Francja | Francland | Francogallia | Francoska | Francujo | Francuska | Francúzsko | Frankräich | Frankreich | Frankriek | Frankrig | Frankrigi | Frankriika | Frankrijk | Frankrike | Frankrish | Frankryk | Frans | Frañs | Fransa | Fransän | Fransia | Fransiya | Fransiýa | Fransya | Franța | Frantsa | Frantscha | Frantza | Frantzia | Franza | Franzia | Franzsa | Fraunce | Frɛnkyeman | Furansi | Huák-guók | i-France | Nfalanse | Perancis | Pháp | Pow Frenk | Pow Frynk | Prancis | Prancūzija | Pranis | Pransiya | Pransya | Prantsusmaa | Q142 | Ranska | Republic of France | République Française | Ubaranja | Ubufaransa | Ufaransa | Vrankriek | Vrankryk | Wīwī | Yn Rank | Γαλλία | Фаронса | Франц | Франци | Франција | Франция | Франція | Франц улс | Француска | Францыя | საფრანგეთი | Ֆրանսիա | פֿראַנקרייך | צרפת | فرانس | فرانسه | فرانسىيە | فرنسا | فەڕەنسا | فىرانسىيە | ܦܪܢܣܐ | ފަރަންސޭސިވިލާތް | ፈረንሣይ | ፈረንሳይ | फ्रान्स | फ्रांस | फ़्राँस | फ़्रांस | फ़्रांस: | ফ্রান্স | ফ্ৰান্স | ਫ਼ਰਾਂਸ | ફ્રાઁસ | ફ્રાંસ | ଫ୍ରାନ୍ସ | பிரான்ஸ் | ఫ్రాన్స్‌ | ಫ್ರಾನ್ಸ್ | ഫ്രാന്‍സ് | ഫ്രാൻസ് | ප්‍රංශය | ประเทศฝรั่งเศส | ฝรั่งเศส | ຝຣັ່ງ | ཕ་རཱན་སི། | ཕྲཱནས | ပြင်သစ် | បារាំង | フランス | フランス共和国 | ꃔꇩ | 法国 | 法國,147,
02020083-p003-loc01,02020083-p003,02020083,1,Europe,Europe,6255148,https://www.geonames.org/6255148,48.69096,9.14062,,유럽 | an Eoraip | Avrupa | Châu Âu | Eiropa | El viejo continente | Eropa | Eurohpá | Euroopa | Eurooppa | Europa | Európa | Europe | Eŭropo | Evropa | Evrópa | Ewrop | Ewropa | Ευρώπη | Европа | Еўропа | Європа | אירופה | أوروبا | यूरोप | ยุโรป | ヨーロッパ | 欧洲,28,
02020083-p004-loc01,02020083-p004,02020083,1,Oxford,Oxford,2640729,https://www.geonames.org/2640729,51.75222,-1.25596,United Kingdom,옥스퍼드 | Àth nan Damh | GBOXF | Oksford | Oksforda | Oksfordas | Oksfordo | Oksfuords | Oxenaford | Oxenaforda | Oxenford | OXF | Oxford | Oxnaford | Öxnafurða | Oxneford | Oxonia | Oxónia | Oxônia | Oxonium | Rhedicina | Rhydychen | Rysoghen | Uxavað | Οξφόρδη | Оксфард | Оксфорд | Оқсфорд | ოქსფორდი | אוקספורד | אקספארד | آکسفورد | آکسفورڈ | أكسفورد | اوكسفورد | ऑक्सफर्ड | ऑक्सफोर्ड | অক্সফোর্ড | ਆਕਸਫ਼ੋਰਡ | ஆக்சுபோர்டு | ఆక్స్‌ఫర్డ్ | ಆಕ್ಸ್‌ಫರ್ಡ್ | อ๊อกซฟอร์ด | အောက်စဖို့မြို့ | オックスフォード | 牛津,46,
02128182-p001-loc01,02128182-p001,02128182,1,,France,3017382,https://www.geonames.org/3017382,46,2,France,프랑스 | an Fhrainc | An Fhraing | Bro-C'hall | Bufalansa | Falanisē | Falánsɛ | Falansia | Faraans | Farāni | Faransa | Faranse | Faransi | Faransiis | Faransiiska | Farânzi | Farayse | fasygu'e | Ffrainc | FR | Frakkland | Frakland | Franca | França | France | Francë | Francëjô | France nutome | Franchiya | Francia | Franciaország | Francie | Francija | Francio | Francja | Francland | Francogallia | Francoska | Francujo | Francuska | Francúzsko | Frankräich | Frankreich | Frankriek | Frankrig | Frankrigi | Frankriika | Frankrijk | Frankrike | Frankrish | Frankryk | Frans | Frañs | Fransa | Fransän | Fransia | Fransiya | Fransiýa | Fransya | Franța | Frantsa | Frantscha | Frantza | Frantzia | Franza | Franzia | Franzsa | Fraunce | Frɛnkyeman | Furansi | Huák-guók | i-France | Nfalanse | Perancis | Pháp | Pow Frenk | Pow Frynk | Prancis | Prancūzija | Pranis | Pransiya | Pransya | Prantsusmaa | Q142 | Ranska | Republic of France | République Française | Ubaranja | Ubufaransa | Ufaransa | Vrankriek | Vrankryk | Wīwī | Yn Rank | Γαλλία | Фаронса | Франц | Франци | Франција | Франция | Франція | Франц улс | Француска | Францыя | საფრანგეთი | Ֆրանսիա | פֿראַנקרייך | צרפת | فرانس | فرانسه | فرانسىيە | فرنسا | فەڕەنسا | فىرانسىيە | ܦܪܢܣܐ | ފަރަންސޭސިވިލާތް | ፈረንሣይ | ፈረንሳይ | फ्रान्स | फ्रांस | फ़्राँस | फ़्रांस | फ़्रांस: | ফ্রান্স | ফ্ৰান্স | ਫ਼ਰਾਂਸ | ફ્રાઁસ | ફ્રાંસ | ଫ୍ରାନ୍ସ | பிரான்ஸ் | ఫ్రాన్స్‌ | ಫ್ರಾನ್ಸ್ | ഫ്രാന്‍സ് | ഫ്രാൻസ് | ප්‍රංශය | ประเทศฝรั่งเศส | ฝรั่งเศส | ຝຣັ່ງ | ཕ་རཱན་སི། | ཕྲཱནས | ပြင်သစ် | បារាំង | フランス | フランス共和国 | ꃔꇩ | 法国 | 法國,147,
02128182-p002-loc01,02128182-p002,02128182,1,,France,3017382,https://www.geonames.org/3017382,46,2,France,프랑스 | an Fhrainc | An Fhraing | Bro-C'hall | Bufalansa | Falanisē | Falánsɛ | Falansia | Faraans | Farāni | Faransa | Faranse | Faransi | Faransiis | Faransiiska | Farânzi | Farayse | fasygu'e | Ffrainc | FR | Frakkland | Frakland | Franca | França | France | Francë | Francëjô | France nutome | Franchiya | Francia | Franciaország | Francie | Francija | Francio | Francja | Francland | Francogallia | Francoska | Francujo | Francuska | Francúzsko | Frankräich | Frankreich | Frankriek | Frankrig | Frankrigi | Frankriika | Frankrijk | Frankrike | Frankrish | Frankryk | Frans | Frañs | Fransa | Fransän | Fransia | Fransiya | Fransiýa | Fransya | Franța | Frantsa | Frantscha | Frantza | Frantzia | Franza | Franzia | Franzsa | Fraunce | Frɛnkyeman | Furansi | Huák-guók | i-France | Nfalanse | Perancis | Pháp | Pow Frenk | Pow Frynk | Prancis | Prancūzija | Pranis | Pransiya | Pransya | Prantsusmaa | Q142 | Ranska | Republic of France | République Française | Ubaranja | Ubufaransa | Ufaransa | Vrankriek | Vrankryk | Wīwī | Yn Rank | Γαλλία | Фаронса | Франц | Франци | Франција | Франция | Франція | Франц улс | Француска | Францыя | საფრანგეთი | Ֆրանսիա | פֿראַנקרייך | צרפת | فرانس | فرانسه | فرانسىيە | فرنسا | فەڕەنسا | فىرانسىيە | ܦܪܢܣܐ | ފަރަންސޭސިވިލާތް | ፈረንሣይ | ፈረንሳይ | फ्रान्स | फ्रांस | फ़्राँस | फ़्रांस | फ़्रांस: | ফ্রান্স | ফ্ৰান্স | ਫ਼ਰਾਂਸ | ફ્રાઁસ | ફ્રાંસ | ଫ୍ରାନ୍ସ | பிரான்ஸ் | ఫ్రాన్స్‌ | ಫ್ರಾನ್ಸ್ | ഫ്രാന്‍സ് | ഫ്രാൻസ് | ප්‍රංශය | ประเทศฝรั่งเศส | ฝรั่งเศส | ຝຣັ່ງ | ཕ་རཱན་སི། | ཕྲཱནས | ပြင်သစ် | បារាំង | フランス | フランス共和国 | ꃔꇩ | 法国 | 法國,147,
02128182-p003-loc01,02128182-p003,02128182,1,,Fort-de-France,3570675,https://www.geonames.org/3570675,14.60365,-61.07418,Martinique,ฟอร์-เดอ-ฟร็องส์ | 포르드프랑스 | フォール＝ド＝フランス | 97200 | 97201 CEDEX | 97202 CEDEX | 97203 CEDEX | 97204 CEDEX | 97205 CEDEX | 97206 CEDEX | 97207 CEDEX | 97208 CEDEX | 97209 CEDEX | 97219 CEDEX | 97234 | 97241 CEDEX | 97242 CEDEX | 97243 CEDEX | 97244 CEDEX | 97245 CEDEX | 97246 CEDEX | 97247 CEDEX | 97248 CEDEX | 97249 CEDEX | 97251 CEDEX | 97252 CEDEX | 97253 CEDEX | 97254 CEDEX | 97255 CEDEX | 97256 CEDEX | 97257 CEDEX | 97258 CEDEX | 97259 CEDEX | 97261 CEDEX | 97262 CEDEX | 97263 CEDEX | 97264 CEDEX | 97265 CEDEX | 97266 CEDEX | 97267 CEDEX | 97268 CEDEX | 97269 CEDEX | 97299 CEDEX | Arx Gallica | FDF | Fòd Fwans | For-de-Frans | Fordefransa | For de Fransas | Fort de France | Fort-de-France | Fôrt-de-France | Fort Royal | Fort Royale | Le Fort-de-France | MQFDF | فورٹ ڈی فرانس | فور دو فرانس | فور-دو-فرانس | פור-דה-פראנס | Φορ-ντε-Φρανς | Фор де Франс | Фор-де-Франс | Фор дьо Франс | Форт-де-Франс | Форт-дэ-Франс | Ֆոր դե Ֆրանս | ფორ-დე-ფრანსი | फोर्ट-दे-फ्रान्स | பிரான்சுக் கோட்டை | 法兰西堡,71,
02128182-p004-loc01,02128182-p004,02128182,1,New York,New York,5128581,https://www.geonames.org/5128581,40.71427,-74.00597,United States,뉴욕 | 뉴욕 시 | 10001 | 10002 | 10003 | 10004 | 10005 | 10006 | 10007 | 10008 | 10009 | 10010 | 10011 | 10012 | 10013 | 10014 | 10016 | 10017 | 10018 | 10019 | 10020 | 10021 | 10022 | 10023 | 10024 | 10025 | 10026 | 10027 | 10028 | 10029 | 10030 | 10031 | 10032 | 10033 | 10034 | 10035 | 10036 | 10037 | 10038 | 10039 | 10040 | 10041 | 10043 | 10044 | 10045 | 10055 | 10060 | 10065 | 10069 | 10080 | 10081 | 10087 | 10090 | 10101 | 10102 | 10103 | 10104 | 10105 | 10106 | 10107 | 10108 | 10109 | 10110 | 10111 | 10112 | 10113 | 10114 | 10115 | 10116 | 10117 | 10118 | 10119 | 10120 | 10121 | 10122 | 10123 | 10124 | 10125 | 10126 | 10128 | 10129 | 10130 | 10131 | 10132 | 10133 | 10138 | 10150 | 10151 | 10152 | 10153 | 10154 | 10155 | 10156 | 10157 | 10158 | 10159 | 10160 | 10161 | 10162 | 10163 | 10164 | 10165 | 10166 | 10167 | 10168 | 10169 | 10170 | 10171 | 10172 | 10173 | 10174 | 10175 | 10176 | 10177 | 10178 | 10179 | 10185 | 10199 | 10203 | 10211 | 10212 | 10213 | 10242 | 10249 | 10256 | 10258 | 10259 | 10260 | 10261 | 10265 | 10268 | 10269 | 10270 | 10271 | 10272 | 10273 | 10274 | 10275 | 10276 | 10277 | 10278 | 10279 | 10280 | 10281 | 10282 | 10285 | 10286 | Aebura | Bandar Raya New York | Big Apple | Cathair Nua-Eabhrac | City of New York | Eabhraig Nuadh | Efrog Newydd | Evrek Nowydh | Ga-no-no | Kanón:no | Kanono | Kota New York | Lungsod ng New York | Nei Yarrick Schtadt | Neu Amsterdam | Neu Jorck | New Amsterdam | New Orange | New Yorc | New York | New York borg | New York-borg | New York City | New Yorke | New York kenti | New York Stad | New Yorku | Niujorkas | Njujork | Nouvelle Yorck | Nouvieau York | Nova Amsterda | Nova Iorque | Nova York | Nova-York | Nòva York | Novjorko | Nov-Jorko | Novum Eboracum | Nowy Jork | Nua-Eabhrac | Nueva York | Ņujorka | Nuova York | NY | NYC | Nýja Jórvík | Nyu York Shehiri | Q60 | Thành phố New York | The Big Apple | USNYC | York Berri | Νέα Υόρκη | Нью-Ёрк | Нью-Йорк | Ню Йорк | Њујорк | Њу Јорк | ნიუ-იორკი | Նիւ Եորք | Նյու Յորք | ניו יארק | ניו־יאָרק | ניו יורק | نيويورك | نیویارک شہر | نیویورک | न्यूयॉर्क | নিউ ইয়র্ক সিটি | நியூயார்க் நகரம் | นครนิวยอร์ก | ニューヨーク | マンハッタン | 紐約 | 紐約市,223,
02128182-p005-loc01,02128182-p005,02128182,1,New York,New York,5128581,https://www.geonames.org/5128581,40.71427,-74.00597,United States,뉴욕 | 뉴욕 시 | 10001 | 10002 | 10003 | 10004 | 10005 | 10006 | 10007 | 10008 | 10009 | 10010 | 10011 | 10012 | 10013 | 10014 | 10016 | 10017 | 10018 | 10019 | 10020 | 10021 | 10022 | 10023 | 10024 | 10025 | 10026 | 10027 | 10028 | 10029 | 10030 | 10031 | 10032 | 10033 | 10034 | 10035 | 10036 | 10037 | 10038 | 10039 | 10040 | 10041 | 10043 | 10044 | 10045 | 10055 | 10060 | 10065 | 10069 | 10080 | 10081 | 10087 | 10090 | 10101 | 10102 | 10103 | 10104 | 10105 | 10106 | 10107 | 10108 | 10109 | 10110 | 10111 | 10112 | 10113 | 10114 | 10115 | 10116 | 10117 | 10118 | 10119 | 10120 | 10121 | 10122 | 10123 | 10124 | 10125 | 10126 | 10128 | 10129 | 10130 | 10131 | 10132 | 10133 | 10138 | 10150 | 10151 | 10152 | 10153 | 10154 | 10155 | 10156 | 10157 | 10158 | 10159 | 10160 | 10161 | 10162 | 10163 | 10164 | 10165 | 10166 | 10167 | 10168 | 10169 | 10170 | 10171 | 10172 | 10173 | 10174 | 10175 | 10176 | 10177 | 10178 | 10179 | 10185 | 10199 | 10203 | 10211 | 10212 | 10213 | 10242 | 10249 | 10256 | 10258 | 10259 | 10260 | 10261 | 10265 | 10268 | 10269 | 10270 | 10271 | 10272 | 10273 | 10274 | 10275 | 10276 | 10277 | 10278 | 10279 | 10280 | 10281 | 10282 | 10285 | 10286 | Aebura | Bandar Raya New York | Big Apple | Cathair Nua-Eabhrac | City of New York | Eabhraig Nuadh | Efrog Newydd | Evrek Nowydh | Ga-no-no | Kanón:no | Kanono | Kota New York | Lungsod ng New York | Nei Yarrick Schtadt | Neu Amsterdam | Neu Jorck | New Amsterdam | New Orange | New Yorc | New York | New York borg | New York-borg | New York City | New Yorke | New York kenti | New York Stad | New Yorku | Niujorkas | Njujork | Nouvelle Yorck | Nouvieau York | Nova Amsterda | Nova Iorque | Nova York | Nova-York | Nòva York | Novjorko | Nov-Jorko | Novum Eboracum | Nowy Jork | Nua-Eabhrac | Nueva York | Ņujorka | Nuova York | NY | NYC | Nýja Jórvík | Nyu York Shehiri | Q60 | Thành phố New York | The Big Apple | USNYC | York Berri | Νέα Υόρκη | Нью-Ёрк | Нью-Йорк | Ню Йорк | Њујорк | Њу Јорк | ნიუ-იორკი | Նիւ Եորք | Նյու Յորք | ניו יארק | ניו־יאָרק | ניו יורק | نيويورك | نیویارک شہر | نیویورک | न्यूयॉर्क | নিউ ইয়র্ক সিটি | நியூயார்க் நகரம் | นครนิวยอร์ก | ニューヨーク | マンハッタン | 紐約 | 紐約市,223,
02128182-p006-loc01,02128182-p006,02128182,1,New York,New York,5128581,https://www.geonames.org/5128581,40.71427,-74.00597,United States,뉴욕 | 뉴욕 시 | 10001 | 10002 | 10003 | 10004 | 10005 | 10006 | 10007 | 10008 | 10009 | 10010 | 10011 | 10012 | 10013 | 10014 | 10016 | 10017 | 10018 | 10019 | 10020 | 10021 | 10022 | 10023 | 10024 | 10025 | 10026 | 10027 | 10028 | 10029 | 10030 | 10031 | 10032 | 10033 | 10034 | 10035 | 10036 | 10037 | 10038 | 10039 | 10040 | 10041 | 10043 | 10044 | 10045 | 10055 | 10060 | 10065 | 10069 | 10080 | 10081 | 10087 | 10090 | 10101 | 10102 | 10103 | 10104 | 10105 | 10106 | 10107 | 10108 | 10109 | 10110 | 10111 | 10112 | 10113 | 10114 | 10115 | 10116 | 10117 | 10118 | 10119 | 10120 | 10121 | 10122 | 10123 | 10124 | 10125 | 10126 | 10128 | 10129 | 10130 | 10131 | 10132 | 10133 | 10138 | 10150 | 10151 | 10152 | 10153 | 10154 | 10155 | 10156 | 10157 | 10158 | 10159 | 10160 | 10161 | 10162 | 10163 | 10164 | 10165 | 10166 | 10167 | 10168 | 10169 | 10170 | 10171 | 10172 | 10173 | 10174 | 10175 | 10176 | 10177 | 10178 | 10179 | 10185 | 10199 | 10203 | 10211 | 10212 | 10213 | 10242 | 10249 | 10256 | 10258 | 10259 | 10260 | 10261 | 10265 | 10268 | 10269 | 10270 | 10271 | 10272 | 10273 | 10274 | 10275 | 10276 | 10277 | 10278 | 10279 | 10280 | 10281 | 10282 | 10285 | 10286 | Aebura | Bandar Raya New York | Big Apple | Cathair Nua-Eabhrac | City of New York | Eabhraig Nuadh | Efrog Newydd | Evrek Nowydh | Ga-no-no | Kanón:no | Kanono | Kota New York | Lungsod ng New York | Nei Yarrick Schtadt | Neu Amsterdam | Neu Jorck | New Amsterdam | New Orange | New Yorc | New York | New York borg | New York-borg | New York City | New Yorke | New York kenti | New York Stad | New Yorku | Niujorkas | Njujork | Nouvelle Yorck | Nouvieau York | Nova Amsterda | Nova Iorque | Nova York | Nova-York | Nòva York | Novjorko | Nov-Jorko | Novum Eboracum | Nowy Jork | Nua-Eabhrac | Nueva York | Ņujorka | Nuova York | NY | NYC | Nýja Jórvík | Nyu York Shehiri | Q60 | Thành phố New York | The Big Apple | USNYC | York Berri | Νέα Υόρκη | Нью-Ёрк | Нью-Йорк | Ню Йорк | Њујорк | Њу Јорк | ნიუ-იორკი | Նիւ Եորք | Նյու Յորք | ניו יארק | ניו־יאָרק | ניו יורק | نيويورك | نیویارک شہر | نیویورک | न्यूयॉर्क | নিউ ইয়র্ক সিটি | நியூயார்க் நகரம் | นครนิวยอร์ก | ニューヨーク | マンハッタン | 紐約 | 紐約市,223,
00560429-p002-loc01,00560429-p002,00560429,1,Cambridge,Cambridge,2653941,https://www.geonames.org/2653941,52.2,0.11667,United Kingdom,케임브리지 | Caergrawnt | Cambridge | Cantabrigia | CBG | GBCMG | Grantanbrycg | Kambrij | Kembric | Kembridža | Kembridžas | Kembriĝo | Kiam-khiâu | Κέμπριτζ | Кеймбридж | Кембридж | Кембриҷ | Кембриџ | Кембрідж | Кембрыдж | კემბრიჯი | Քեմբրիջ | קיימברידג' | كامبريدج | کمبریج | کیمبرج | केंब्रिज | ক্যামব্রিজ | ಕೇಂಬ್ರಿಜ್ | കേംബ്രിഡ്ജ് | เคมบริดจ์ | ကိန်းဘရစ်ချ်မြို့ | ケンブリッジ | 劍橋,34,
00200522-p001-loc01,00200522-p001,00200522,1,,Italy,3175395,https://www.geonames.org/3175395,42.83333,12.83333,Italy,이탈리아 | An Eadailt | an Iodáil | Étalie | gugdrxitali | ʻĪtali | i-Italy | il Bel Paese | IT | Itaalia | Itaalje | Itâglia | Itali | Itáli | Italia | Itałia | Itália | Itàlia | Ítalía | Italian Republic | Italia nutome | italias | Italia (Ý) | Italie | Italië | Itálie | Italien | Italija | Itālija | Italio | Italiya | Italiýa | İtaliya | Italska | Italùii | Italujo | Italy | Italya | Îtalya | İtalya | ’Itāria | Itāria | Itualii | Litaliyän | l-Italja | Olaszország | Q38 | Repubblica Italiana | República Italiana | Republic of Italy | Taliansko | Talyaani | Talyaaniga | Ubutaliyani | Uitaliani | Włochy | Ý | Yitale | Yr Eidal | Ιταλία | Итали | Италија | Италия | Италї | Итолиё | Італія | იტალია | Իտալիա | איטאליע | איטאַליע | איטליה | إيطاليا | ئىتالىيە | ئیتاڵی | اٹلی | اِٹلی | اټاليا | اٽلي | ايطاليا | ایتالیا | ایټالیه | ܐܝܛܠܝܐ | ܝܜܠܝܐ | ጣሊያን | ጣልያን | इटली | इटली: | इटाली | ইটালি | ইতালি | ਇਟਲੀ | ઇટાલી | ଇଟାଲୀ | இத்தாலி | ఇటలీ | ಇಟಲಿ | ഇറ്റലി | ඉතාලිය | ประเทศอิตาลี | อิตาลี | ອິຕາລີ | དགྱིའི་དའ་རླིས | ཨི་ཀྲར་ལི་ | ཨི་ཊ་ལི | အီတလီ | អ៊ីតាលី | イタリア | イタリア共和国 | ꑴꄊꆺ | 意大利 | 義大利,111,
00200522-p002-loc01,00200522-p002,00200522,1,Florence,Florence,3176959,https://www.geonames.org/3176959,43.77925,11.24626,Italy,피렌체 | 플로렌스 | 50123 | Fflorens | Firenca | Firence | Firense | Firenz | Firenze | Firenzi | Florâns | Flórans | Floransa | Florença | Florence | Florencėjė | Florencia | Floréncia | Florència | Florencie | Florencija | Florencja | Florenco | Florens | Flórens | Florénsa | Florensiya | Florensya | Florența | Florentia | Florentzia | Florenz | FLR | ITFLR | Lungsod ng Florencia | Sciorenza | Φλωρεντία | Фиренца | Фларэнцыя | Флоренц | Флоренци | Флоренций | Флоренция | Флоренція | ფლორენცია | Ֆլորենցիա | פירנצה | פירענצע | فلورانس | فلورنس | فلورنسا | फ्लोरेन्स | फ़्लोरेन्स | ফ্লোরেন্স | ఫ్లోరెన్స్ | ഫ്ലോറൻസ് | ฟลอเรนซ์ | ཧྥུ་ལོ་རོན་ཟིའུ་ཡ། | フィレンツェ | 佛罗伦萨 | 翡冷翠,61,
00200522-p003-loc01,00200522-p003,00200522,1,Rome,Rome,3169070,https://www.geonames.org/3169070,41.89193,12.51133,Italy,ሮማ | 로마 | ܪܘܡܐ | โรม | ローマ | 00187 | An Róimh | An Ròimh | Erroma | ITROM | Lungsod ng Roma | Mji wa Roma | Q220 | Råmma | Rhufain | Rim | Rím | Řím | Roeme | Rom | ROM | Róm | Roma | Róma | Rome | Romë | Romma | Romo | Rooma | Roum | Rzym | Urbs | رم | روم | روما | رىم | רומא | Ρώμη | Рим | Римъ | Ром | Рым | Հռոմ | რომი | रोम | रोमा | রোম | 罗马市 | 羅馬,49,
00200522-p004-loc01,00200522-p004,00200522,1,Rome,Rome,3169070,https://www.geonames.org/3169070,41.89193,12.51133,Italy,ሮማ | 로마 | ܪܘܡܐ | โรม | ローマ | 00187 | An Róimh | An Ròimh | Erroma | ITROM | Lungsod ng Roma | Mji wa Roma | Q220 | Råmma | Rhufain | Rim | Rím | Řím | Roeme | Rom | ROM | Róm | Roma | Róma | Rome | Romë | Romma | Romo | Rooma | Roum | Rzym | Urbs | رم | روم | روما | رىم | רומא | Ρώμη | Рим | Римъ | Ром | Рым | Հռոմ | რომი | रोम | रोमा | রোম | 罗马市 | 羅馬,49,
02000020-p001-loc01,02000020-p001,02000020,1,Venice,Venice,3164603,https://www.geonames.org/3164603,45.43713,12.33265,Italy,ベニス | 베니스 | ヴェニス | 베네치아 | ヴェネツィア | an Veinéis | Benátky | Benetke | Benezia | Feneyjar | ITVCE | Mleci | Q641 | VCE | Velence | Venecia | Venècia | Venecija | Venecio | Venedeg | Venedig | Venedik | Venediku | Venesia | Venèsia | Venesiya | Venetia | Veneția | Venetië | Venetsia | Veneza | Venezia | Venezsia | Venice | Venies | Venise | Venizia | Vignesie | Vinezzia | V'nise | Wenecja | البندقية | ۋېنىتسىيە | ونیز | ונציה | Βενετία | Венеција | Венеция | Венеція | Վենետիկ | ვენეცია | 威尼斯,52,
02000020-p003-loc01,02000020-p003,02000020,1,Roma,Rome,3169070,https://www.geonames.org/3169070,41.89193,12.51133,Italy,ሮማ | 로마 | ܪܘܡܐ | โรม | ローマ | 00187 | An Róimh | An Ròimh | Erroma | ITROM | Lungsod ng Roma | Mji wa Roma | Q220 | Råmma | Rhufain | Rim | Rím | Řím | Roeme | Rom | ROM | Róm | Roma | Róma | Rome | Romë | Romma | Romo | Rooma | Roum | Rzym | Urbs | رم | روم | روما | رىم | רומא | Ρώμη | Рим | Римъ | Ром | Рым | Հռոմ | რომი | रोम | रोमा | রোম | 罗马市 | 羅馬,49,
02000020-p004-loc01,02000020-p004,02000020,1,Roma,Rome,3169070,https://www.geonames.org/3169070,41.89193,12.51133,Italy,ሮማ | 로마 | ܪܘܡܐ | โรม | ローマ | 00187 | An Róimh | An Ròimh | Erroma | ITROM | Lungsod ng Roma | Mji wa Roma | Q220 | Råmma | Rhufain | Rim | Rím | Řím | Roeme | Rom | ROM | Róm | Roma | Róma | Rome | Romë | Romma | Romo | Rooma | Roum | Rzym | Urbs | رم | روم | روما | رىم | רומא | Ρώμη | Рим | Римъ | Ром | Рым | Հռոմ | რომი | रोम | रोमा | রোম | 罗马市 | 羅馬,49,
02000020-p005-loc01,02000020-p005,02000020,1,Città del Vaticano,Vatican City,6691831,https://www.geonames.org/6691831,41.90268,12.45414,Vatican City,바티칸 | 바티칸 시 | Acqua Santa | Città del Vaticano | Ciudad del Vaticano | État de la Cité du Vatican | Grad Vatikan | Staat der Vatikanstadt | Staat Vatikanstadt | Vaticaan-Stad | Vatican | Vatican City | Vatican City State | Vaticano | Vatikán | Vatikanas | Vatikanstaden | Vatikanstadt | VAVAT | Ватикан | ཝ་ཏི་ཀན་གྲོང་ཁྱོར།,21,
02007622-p001-loc01,02007622-p001,02007622,1,Venice,Venice,3164603,https://www.geonames.org/3164603,45.43713,12.33265,Italy,ベニス | 베니스 | ヴェニス | 베네치아 | ヴェネツィア | an Veinéis | Benátky | Benetke | Benezia | Feneyjar | ITVCE | Mleci | Q641 | VCE | Velence | Venecia | Venècia | Venecija | Venecio | Venedeg | Venedig | Venedik | Venediku | Venesia | Venèsia | Venesiya | Venetia | Veneția | Venetië | Venetsia | Veneza | Venezia | Venezsia | Venice | Venies | Venise | Venizia | Vignesie | Vinezzia | V'nise | Wenecja | البندقية | ۋېنىتسىيە | ونیز | ונציה | Βενετία | Венеција | Венеция | Венеція | Վենետիկ | ვენეცია | 威尼斯,52,
02007622-p003-loc01,02007622-p003,02007622,1,,Italy,3175395,https://www.geonames.org/3175395,42.83333,12.83333,Italy,ꑴꄊꆺ | ܝܜܠܝܐ | ܐܝܛܠܝܐ | ጣሊያን | ጣልያን | イタリア | 이탈리아 | ଇଟାଲୀ | อิตาลี | ອິຕາລີ | អ៊ីតាលី | ประเทศอิตาลี | An Eadailt | an Iodáil | Étalie | gugdrxitali | i-Italy | il Bel Paese | IT | Itaalia | Itaalje | Itâglia | Itali | ʻĪtali | Itáli | Italia | Itália | Itàlia | Itałia | Ítalía | Italian Republic | Italia nutome | italias | Italia (Ý) | Italie | Itálie | Italië | Italien | Italija | Itālija | Italio | Italiya | İtaliya | Italiýa | Italska | Italùii | Italujo | Italy | Italya | Îtalya | İtalya | Itāria | ’Itāria | Itualii | Litaliyän | l-Italja | Olaszország | Q38 | Repubblica Italiana | República Italiana | Republic of Italy | Taliansko | Talyaani | Talyaaniga | Ubutaliyani | Uitaliani | Włochy | Ý | Yitale | Yr Eidal | ایټالیه | اټاليا | ایتالیا | اٹلی | اِٹلی | اٽلي | إيطاليا | ايطاليا | ئیتاڵی | ئىتالىيە | איטאליע | איטאַליע | איטליה | Ιταλία | Итали | Италија | Италия | Италї | Итолиё | Італія | དགྱིའི་དའ་རླིས | ཨི་ཀྲར་ལི་ | ཨི་ཊ་ལི | Իտալիա | იტალია | इटली | इटली: | इटाली | ઇટાલી | ఇటలీ | ਇਟਲੀ | ಇಟಲಿ | இத்தாலி | ഇറ്റലി | ইটালি | ইতালি | အီတလီ | ඉතාලිය | イタリア共和国 | 意大利 | 義大利,111,
02007622-p004-loc01,02007622-p004,02007622,1,,Italy,3175395,https://www.geonames.org/3175395,42.83333,12.83333,Italy,ꑴꄊꆺ | ܝܜܠܝܐ | ܐܝܛܠܝܐ | ጣሊያን | ጣልያን | イタリア | 이탈리아 | ଇଟାଲୀ | อิตาลี | ອິຕາລີ | អ៊ីតាលី | ประเทศอิตาลี | An Eadailt | an Iodáil | Étalie | gugdrxitali | i-Italy | il Bel Paese | IT | Itaalia | Itaalje | Itâglia | Itali | ʻĪtali | Itáli | Italia | Itália | Itàlia | Itałia | Ítalía | Italian Republic | Italia nutome | italias | Italia (Ý) | Italie | Itálie | Italië | Italien | Italija | Itālija | Italio | Italiya | İtaliya | Italiýa | Italska | Italùii | Italujo | Italy | Italya | Îtalya | İtalya | Itāria | ’Itāria | Itualii | Litaliyän | l-Italja | Olaszország | Q38 | Repubblica Italiana | República Italiana | Republic of Italy | Taliansko | Talyaani | Talyaaniga | Ubutaliyani | Uitaliani | Włochy | Ý | Yitale | Yr Eidal | ایټالیه | اټاليا | ایتالیا | اٹلی | اِٹلی | اٽلي | إيطاليا | ايطاليا | ئیتاڵی | ئىتالىيە | איטאליע | איטאַליע | איטליה | Ιταλία | Итали | Италија | Италия | Италї | Итолиё | Італія | དགྱིའི་དའ་རླིས | ཨི་ཀྲར་ལི་ | ཨི་ཊ་ལི | Իտալիա | იტალია | इटली | इटली: | इटाली | ઇટાલી | ఇటలీ | ਇਟਲੀ | ಇಟಲಿ | இத்தாலி | ഇറ്റലി | ইটালি | ইতালি | အီတလီ | ඉතාලිය | イタリア共和国 | 意大利 | 義大利,111,
02007622-p005-loc01,02007622-p005,02007622,1,Padova,Padua,3171728,https://www.geonames.org/3171728,45.40797,11.88586,Italy,파도바 | パドヴァ | ITPD4 | ITPDA | Padoa | Padoue | Padova | Padovo | Padua | Pádua | Pàdua | Padwa | Patavium | QPA | بادوفا | פאדובה | Падова | Падуа | Падуя | პადუა | 帕多瓦,21,
02007622-p007-loc01,02007622-p007,02007622,1,Padova,Padua,3171728,https://www.geonames.org/3171728,45.40797,11.88586,Italy,파도바 | パドヴァ | ITPD4 | ITPDA | Padoa | Padoue | Padova | Padovo | Padua | Pádua | Pàdua | Padwa | Patavium | QPA | بادوفا | פאדובה | Падова | Падуа | Падуя | პადუა | 帕多瓦,21,
02018734-p001-loc01,02018734-p001,02018734,1,Venezia,Venice,3164603,https://www.geonames.org/3164603,45.43713,12.33265,Italy,ベニス | 베니스 | ヴェニス | 베네치아 | ヴェネツィア | an Veinéis | Benátky | Benetke | Benezia | Feneyjar | ITVCE | Mleci | Q641 | VCE | Velence | Venecia | Venècia | Venecija | Venecio | Venedeg | Venedig | Venedik | Venediku | Venesia | Venèsia | Venesiya | Venetia | Veneția | Venetië | Venetsia | Veneza | Venezia | Venezsia | Venice | Venies | Venise | Venizia | Vignesie | Vinezzia | V'nise | Wenecja | البندقية | ۋېنىتسىيە | ونیز | ונציה | Βενετία | Венеција | Венеция | Венеція | Վենետիկ | ვენეცია | 威尼斯,52,Assumed place.
02018734-p003-loc01,02018734-p003,02018734,1,Cingoli (Macerata),Macerata,3174380,https://www.geonames.org/3174380,43.29789,13.45293,Italy,ITMCA | Macerata | Мачерата | מצ'רטה | マチェラータ,5,
02018734-p004-loc01,02018734-p004,02018734,1,Cingoli (Macerata),Macerata,3174380,https://www.geonames.org/3174380,43.29789,13.45293,Italy,ITMCA | Macerata | Мачерата | מצ'רטה | マチェラータ,5,
02018734-p005-loc01,02018734-p005,02018734,1,Macerata,Macerata,3174380,https://www.geonames.org/3174380,43.29789,13.45293,Italy,ITMCA | Macerata | Мачерата | מצ'רטה | マチェラータ,5,
02108409-p002-loc01,02108409-p002,02108409,1,Lombardia,Lombardy,3174618,https://www.geonames.org/3174618,45.66667,9.5,Italy,롬바르디아 주 | Llombardia | Lombardei | Lombardia | Lombardía | Lombardie | Lombardiet | Lombardije | Lombardy | Q1210 | Región de Lombardía,11,
02108409-p004-loc01,02108409-p004,02108409,1,Milano,Milan,3173435,https://www.geonames.org/3173435,45.46427,9.18951,Italy,밀라노 | ITMIL | Lungsod ng Milano | Mailand | Mediolan | Mediolanum | MIL | Milà | Milaan | Milan | Milán | Milāna | Milanas | Milano | Miláno | Milánó | Mílanó | Milanu | Milão | Mилан | Милан | Милано | Мілан | მილანი | Միլան | מילאנו | مىلان | ميلانو | মিলান | மிலன் | มิลาน | ミラノ | 米蘭,33,
02000466-p001-loc01,02000466-p001,02000466,1,Venice,Venice,6542284,https://www.geonames.org/6542284,45.4389,12.33092,Italy,027042 | Comune di Venezia | Venezia | Venice,4,
02000466-p002-loc01,02000466-p002,02000466,1,Venice,Venice,6542284,https://www.geonames.org/6542284,45.4389,12.33092,Italy,027042 | Comune di Venezia | Venezia | Venice,4,
02000466-p003-loc01,02000466-p003,02000466,1,London,London,2643743,https://www.geonames.org/2643743,51.50853,-0.12574,United Kingdom,런던 | ᎫᎴ ᏗᏍᎪᏂᎯᏱ | ܠܘܢܕܘܢ | ለንደን | ロンドン | ଲଣ୍ଡନ | ลอนดอน | ລອນດອນ | GBLON | ILondon | Lākana | Landan | Landen | Llundain | Lodoni | LON | Londain | Londar | Londe | Londen | Londin | Londinium | Londn | london | London | Londona | Londonas | Londoni | Londono | Londons | Lọndọnu | Londra | Łondra | Londres | Londrez | Londri | Londro | Londye | Londyn | Londýn | Lonn | Lontoo | Loundres | Luân Đôn | Lunden | Lundra | Lůndůn | Lundúnir | Lùng-dŭng | Lunnainn | Lunnin | Lunnon | Lûn-tun | Lùn-tûn | Q84 | Rānana | لأندأن | لندن | لەندەن | لوندون | לאנדאן | לונדון | Λονδίνο | Лёндан | Лондан | Лондон | Лондон ош | Лондонъ | ལོན་ཊོན། | Լոնդոն | Լոնտոն | ლონდონი | लण्डन | लन्डन् | लन्दन | लंडन | लंदन | લંડન | లండన్ | ਲੰਡਨ | ಲಂಡನ್ | இலண்டன் | ലണ്ടൻ | লন্ডন | လန်ဒန်မြို့ | ලන්ඩන් | 伦敦 | 倫敦,88,
02000466-p004-loc01,02000466-p004,02000466,1,London,London,2643743,https://www.geonames.org/2643743,51.50853,-0.12574,United Kingdom,런던 | ᎫᎴ ᏗᏍᎪᏂᎯᏱ | ܠܘܢܕܘܢ | ለንደን | ロンドン | ଲଣ୍ଡନ | ลอนดอน | ລອນດອນ | GBLON | ILondon | Lākana | Landan | Landen | Llundain | Lodoni | LON | Londain | Londar | Londe | Londen | Londin | Londinium | Londn | london | London | Londona | Londonas | Londoni | Londono | Londons | Lọndọnu | Londra | Łondra | Londres | Londrez | Londri | Londro | Londye | Londyn | Londýn | Lonn | Lontoo | Loundres | Luân Đôn | Lunden | Lundra | Lůndůn | Lundúnir | Lùng-dŭng | Lunnainn | Lunnin | Lunnon | Lûn-tun | Lùn-tûn | Q84 | Rānana | لأندأن | لندن | لەندەن | لوندون | לאנדאן | לונדון | Λονδίνο | Лёндан | Лондан | Лондон | Лондон ош | Лондонъ | ལོན་ཊོན། | Լոնդոն | Լոնտոն | ლონდონი | लण्डन | लन्डन् | लन्दन | लंडन | लंदन | લંડન | లండన్ | ਲੰਡਨ | ಲಂಡನ್ | இலண்டன் | ലണ്ടൻ | লন্ডন | လန်ဒန်မြို့ | ලන්ඩන් | 伦敦 | 倫敦,88,
02002946-p001-loc01,02002946-p001,02002946,1,Venice,Venice,3164603,https://www.geonames.org/3164603,45.43713,12.33265,Italy,베니스 | 베네치아 | an Veinéis | Benátky | Benetke | Benezia | Feneyjar | ITVCE | Mleci | Q641 | VCE | Velence | Venecia | Venècia | Venecija | Venecio | Venedeg | Venedig | Venedik | Venediku | Venesia | Venèsia | Venesiya | Venetia | Veneția | Venetië | Venetsia | Veneza | Venezia | Venezsia | Venice | Venies | Venise | Venizia | Vignesie | Vinezzia | V'nise | Wenecja | Βενετία | Венеција | Венеция | Венеція | ვენეცია | Վենետիկ | ונציה | البندقية | ونیز | ۋېنىتسىيە | ヴェニス | ヴェネツィア | ベニス | 威尼斯,52,
02002946-p002-loc01,02002946-p002,02002946,1,Venice,Venice,3164603,https://www.geonames.org/3164603,45.43713,12.33265,Italy,베니스 | 베네치아 | an Veinéis | Benátky | Benetke | Benezia | Feneyjar | ITVCE | Mleci | Q641 | VCE | Velence | Venecia | Venècia | Venecija | Venecio | Venedeg | Venedig | Venedik | Venediku | Venesia | Venèsia | Venesiya | Venetia | Veneția | Venetië | Venetsia | Veneza | Venezia | Venezsia | Venice | Venies | Venise | Venizia | Vignesie | Vinezzia | V'nise | Wenecja | Βενετία | Венеција | Венеция | Венеція | ვენეცია | Վենետիկ | ונציה | البندقية | ونیز | ۋېنىتسىيە | ヴェニス | ヴェネツィア | ベニス | 威尼斯,52,
02002946-p003-loc01,02002946-p003,02002946,1,Rivella,Rivella,8971941,https://www.geonames.org/8971941,45.27295,11.77382,Italy,Q18498682 | Rivella,2,
02002946-p004-loc01,02002946-p004,02002946,1,Rivella (Padua),Rivella,8971941,https://www.geonames.org/8971941,45.27295,11.77382,Italy,Q18498682 | Rivella,2,
02002946-p005-loc01,02002946-p005,02002946,1,Napoli,Naples,3172394,https://www.geonames.org/3172394,40.85216,14.26811,Italy,나폴리 | 80133 | ITNAP | NAP | Napels | Naples | Naplés | Napoles | Nápoles | Napoli | Napólí | Nápoli | Nàpoli | Napolo | Napols | Nápols | Nàpols | Nápoly | Nappoli | Napul | Napule | Nàpuli | Nàpułi | Napulj | Neapel | Neapelj | Neapol | Neapole | Neapolis | Noapels | Parthenope | Νάπολη | Напуљ | Неапаль | Неапол | Неаполь | ნეაპოლი | Նեապոլ | נאפאלי | נאפולי | نابولي | ناپل | ناپولی | نیپلز | नापोलि | नापोली | नेपल्स | নেপলস | நாபொலி | เนเปิลส์ | ナポリ | 那不勒斯,52,
02002946-p006-loc01,02002946-p006,02002946,1,Naples,Naples,3172394,https://www.geonames.org/3172394,40.85216,14.26811,Italy,나폴리 | 80133 | ITNAP | NAP | Napels | Naples | Naplés | Napoles | Nápoles | Napoli | Napólí | Nápoli | Nàpoli | Napolo | Napols | Nápols | Nàpols | Nápoly | Nappoli | Napul | Napule | Nàpuli | Nàpułi | Napulj | Neapel | Neapelj | Neapol | Neapole | Neapolis | Noapels | Parthenope | Νάπολη | Напуљ | Неапаль | Неапол | Неаполь | ნეაპოლი | Նեապոլ | נאפאלי | נאפולי | نابولي | ناپل | ناپولی | نیپلز | नापोलि | नापोली | नेपल्स | নেপলস | நாபொலி | เนเปิลส์ | ナポリ | 那不勒斯,52,
02002946-p007-loc01,02002946-p007,02002946,1,Althorp,Althorp,7296694,https://www.geonames.org/7296694,52.28107,-1.00095,United Kingdom,,0,
02002946-p008-loc01,02002946-p008,02002946,1,Manchester,Manchester,2643123,https://www.geonames.org/2643123,53.48095,-2.23743,United Kingdom,맨체스터 | ማንችስተር | マンチェスター | แมนเชสเตอร์ | GBMNC | Mameceaster | MAN | Manceinion | Mančesteris | Mančestra | Manĉestro | Manchain | Manchester | Mánchester | Manchéstér | Manchêtre | Manchuin | Mancunium | Q2166304 | مانچسٹر | مانشستر | منچستر | منچئستئر | מאנטשעסטער | מנצ'סטר | Μάντσεστερ | Манчестер | Манчестър | Манчэстэр | მანჩესტერი | मैन्चेस्टर | मँचेस्टर | మాంచెస్టర్ | ಮ್ಯಾಂಚೆಸ್ಟರ್ | மான்செஸ்டர் | മാഞ്ചസ്റ്റർ | ম্যানচেস্টার | 曼彻斯特,38,
02002946-p009-loc01,02002946-p009,02002946,1,"Deansgate, Manchester",Manchester,2643123,https://www.geonames.org/2643123,53.48095,-2.23743,United Kingdom,맨체스터 | ማንችስተር | マンチェスター | แมนเชสเตอร์ | GBMNC | Mameceaster | MAN | Manceinion | Mančesteris | Mančestra | Manĉestro | Manchain | Manchester | Mánchester | Manchéstér | Manchêtre | Manchuin | Mancunium | Q2166304 | مانچسٹر | مانشستر | منچستر | منچئستئر | מאנטשעסטער | מנצ'סטר | Μάντσεστερ | Манчестер | Манчестър | Манчэстэр | მანჩესტერი | मैन्चेस्टर | मँचेस्टर | మాంచెస్టర్ | ಮ್ಯಾಂಚೆಸ್ಟರ್ | மான்செஸ்டர் | മാഞ്ചസ്റ്റർ | ম্যানচেস্টার | 曼彻斯特,38,
02003507-p001-loc01,02003507-p001,02003507,1,Genova,Genova,6542282,https://www.geonames.org/6542282,44.41286,8.95729,Italy,010025 | Comune di Genova | Genoa | Genova,4,
02003507-p002-loc01,02003507-p002,02003507,1,Turin,Torino,3165525,https://www.geonames.org/3165525,45.05,7.66667,Italy,001272 | Comune di Torino | Torino,3,
02003305-p001-loc01,02003305-p001,02003305,1,Bologna,Bologna,3181928,https://www.geonames.org/3181928,44.49381,11.33875,Italy,볼로냐 | BLQ | Bologna | Bologne | Boloňa | Boloņa | Bolonha | Bolonia | Bolonija | Bolonjo | Bolonya | Bononia | Bulåggna | Bulogna | ITBLQ | ITBQY | Q1891 | Балёнья | Болонья | Болоня | Болоња | בולוניה | بولونيا | ボローニャ | 博洛尼亚,25,
02003305-p002-loc01,02003305-p002,02003305,1,Brussels,Brussels,2800866,https://www.geonames.org/2800866,50.85045,4.34878,Belgium,브뤼셀 | ܒܪܘܟܣܠ | ブリュッセル | บรัสเซลส์ | 1000 | An Bhruiséil | BEBRU | Brasels | Bréissel | Brisel | Brisele | Briuselis | BRU | Bruiseal | Bruksel | Brüksel | Bruksela | Brukseli | Brukselo | Brusel | Brusela | Bruselas | Bruseles | Bruselj | Brusel·les | Bruselo | Brussel | Brüssel | Brussele | Brussel·les | Brussels | Brüsszel | Bruxel | Bruxelas | Bruxellae | Bruxelles | Brwsel | Bryssel | Città di Bruxelles | City of Brussels | Kota Brusel | بروكسل | بروکسل | بريۇسسېل | בריסל | Βρυξέλλες | Брисел | Брусэль | Брюксел | Брюсель | Брюссель | Բրյուսել | ბრიუსელი | ब्रसेल्स | ব্রাসেলস | 布魯塞爾 | 布鲁塞尔 | 比律悉,58,
02003305-p003-loc01,02003305-p003,02003305,1,Paris,Paris,2988507,https://www.geonames.org/2988507,48.85341,2.3488,France,파리 | 75000 | 75001 | 75002 | 75003 | 75004 | 75005 | 75006 | 75007 | 75008 | 75009 | 75010 | 75011 | 75012 | 75013 | 75014 | 75015 | 75016 | 75017 | 75018 | 75019 | 75020 | Baariis | Bahliz | Baris | FRPAR | Lungsod ng Paris | Lutèce | Lutetia | Lutetia Parisorum | Paarys | Palika | Paname | Pantruche | PAR | Paräis | Páras | Pa-ri | Pari | Parĩ | Parī | Paries | Parigge | Pariggi | Parighji | Parigi | Pariis | Pariisi | Pariižu | Parij | Parijs | paris | Paris | París | Parîs | Parisi | Parixe | Pariz | Pariž | Paríž | Paříž | Parīze | Parizo | Párizs | Parys | Paryż | Paryžius | Q90 | Ville-Lumière | Παρίσι | Париж | Париж ош | Парижь | Париз | Парис | Паріж | Парыж | პარიზი | Բարիզ | Փարիզ | פאריז | פריז | باريس | پارىژ | پاريس | پاریس | پیرس | ܦܐܪܝܣ | ፓሪስ | पॅरिस | पेरिस | पैरिस | প্যারিস | ਪੈਰਿਸ | પૅરિસ | பாரிஸ் | పారిస్ | ಪ್ಯಾರಿಸ್ | പാരിസ് | ปารีส | ཕ་རི། | ပါရီမြို့ | ប៉ារីស | パリ | 巴黎,105,
02003305-p004-loc01,02003305-p004,02003305,1,Paris,Paris,2988507,https://www.geonames.org/2988507,48.85341,2.3488,France,파리 | 75000 | 75001 | 75002 | 75003 | 75004 | 75005 | 75006 | 75007 | 75008 | 75009 | 75010 | 75011 | 75012 | 75013 | 75014 | 75015 | 75016 | 75017 | 75018 | 75019 | 75020 | Baariis | Bahliz | Baris | FRPAR | Lungsod ng Paris | Lutèce | Lutetia | Lutetia Parisorum | Paarys | Palika | Paname | Pantruche | PAR | Paräis | Páras | Pa-ri | Pari | Parĩ | Parī | Paries | Parigge | Pariggi | Parighji | Parigi | Pariis | Pariisi | Pariižu | Parij | Parijs | paris | Paris | París | Parîs | Parisi | Parixe | Pariz | Pariž | Paríž | Paříž | Parīze | Parizo | Párizs | Parys | Paryż | Paryžius | Q90 | Ville-Lumière | Παρίσι | Париж | Париж ош | Парижь | Париз | Парис | Паріж | Парыж | პარიზი | Բարիզ | Փարիզ | פאריז | פריז | باريس | پارىژ | پاريس | پاریس | پیرس | ܦܐܪܝܣ | ፓሪስ | पॅरिस | पेरिस | पैरिस | প্যারিস | ਪੈਰਿਸ | પૅરિસ | பாரிஸ் | పారిస్ | ಪ್ಯಾರಿಸ್ | പാരിസ് | ปารีส | ཕ་རི། | ပါရီမြို့ | ប៉ារីស | パリ | 巴黎,105,
02003305-p005-loc01,02003305-p005,02003305,1,New York,New York,5128581,https://www.geonames.org/5128581,40.71427,-74.00597,United States,뉴욕 | 뉴욕 시 | 10001 | 10002 | 10003 | 10004 | 10005 | 10006 | 10007 | 10008 | 10009 | 10010 | 10011 | 10012 | 10013 | 10014 | 10016 | 10017 | 10018 | 10019 | 10020 | 10021 | 10022 | 10023 | 10024 | 10025 | 10026 | 10027 | 10028 | 10029 | 10030 | 10031 | 10032 | 10033 | 10034 | 10035 | 10036 | 10037 | 10038 | 10039 | 10040 | 10041 | 10043 | 10044 | 10045 | 10055 | 10060 | 10065 | 10069 | 10080 | 10081 | 10087 | 10090 | 10101 | 10102 | 10103 | 10104 | 10105 | 10106 | 10107 | 10108 | 10109 | 10110 | 10111 | 10112 | 10113 | 10114 | 10115 | 10116 | 10117 | 10118 | 10119 | 10120 | 10121 | 10122 | 10123 | 10124 | 10125 | 10126 | 10128 | 10129 | 10130 | 10131 | 10132 | 10133 | 10138 | 10150 | 10151 | 10152 | 10153 | 10154 | 10155 | 10156 | 10157 | 10158 | 10159 | 10160 | 10161 | 10162 | 10163 | 10164 | 10165 | 10166 | 10167 | 10168 | 10169 | 10170 | 10171 | 10172 | 10173 | 10174 | 10175 | 10176 | 10177 | 10178 | 10179 | 10185 | 10199 | 10203 | 10211 | 10212 | 10213 | 10242 | 10249 | 10256 | 10258 | 10259 | 10260 | 10261 | 10265 | 10268 | 10269 | 10270 | 10271 | 10272 | 10273 | 10274 | 10275 | 10276 | 10277 | 10278 | 10279 | 10280 | 10281 | 10282 | 10285 | 10286 | Aebura | Bandar Raya New York | Big Apple | Cathair Nua-Eabhrac | City of New York | Eabhraig Nuadh | Efrog Newydd | Evrek Nowydh | Ga-no-no | Kanón:no | Kanono | Kota New York | Lungsod ng New York | Nei Yarrick Schtadt | Neu Amsterdam | Neu Jorck | New Amsterdam | New Orange | New Yorc | New York | New York borg | New York-borg | New York City | New Yorke | New York kenti | New York Stad | New Yorku | Niujorkas | Njujork | Nouvelle Yorck | Nouvieau York | Nova Amsterda | Nova Iorque | Nova York | Nova-York | Nòva York | Novjorko | Nov-Jorko | Novum Eboracum | Nowy Jork | Nua-Eabhrac | Nueva York | Ņujorka | Nuova York | NY | NYC | Nýja Jórvík | Nyu York Shehiri | Q60 | Thành phố New York | The Big Apple | USNYC | York Berri | Νέα Υόρκη | Нью-Ёрк | Нью-Йорк | Ню Йорк | Њујорк | Њу Јорк | ნიუ-იორკი | Նիւ Եորք | Նյու Յորք | ניו יארק | ניו־יאָרק | ניו יורק | نيويورك | نیویارک شہر | نیویورک | न्यूयॉर्क | নিউ ইয়র্ক সিটি | நியூயார்க் நகரம் | นครนิวยอร์ก | ニューヨーク | マンハッタン | 紐約 | 紐約市,223,
02003305-p006-loc01,02003305-p006,02003305,1,New York,New York,5128581,https://www.geonames.org/5128581,40.71427,-74.00597,United States,뉴욕 | 뉴욕 시 | 10001 | 10002 | 10003 | 10004 | 10005 | 10006 | 10007 | 10008 | 10009 | 10010 | 10011 | 10012 | 10013 | 10014 | 10016 | 10017 | 10018 | 10019 | 10020 | 10021 | 10022 | 10023 | 10024 | 10025 | 10026 | 10027 | 10028 | 10029 | 10030 | 10031 | 10032 | 10033 | 10034 | 10035 | 10036 | 10037 | 10038 | 10039 | 10040 | 10041 | 10043 | 10044 | 10045 | 10055 | 10060 | 10065 | 10069 | 10080 | 10081 | 10087 | 10090 | 10101 | 10102 | 10103 | 10104 | 10105 | 10106 | 10107 | 10108 | 10109 | 10110 | 10111 | 10112 | 10113 | 10114 | 10115 | 10116 | 10117 | 10118 | 10119 | 10120 | 10121 | 10122 | 10123 | 10124 | 10125 | 10126 | 10128 | 10129 | 10130 | 10131 | 10132 | 10133 | 10138 | 10150 | 10151 | 10152 | 10153 | 10154 | 10155 | 10156 | 10157 | 10158 | 10159 | 10160 | 10161 | 10162 | 10163 | 10164 | 10165 | 10166 | 10167 | 10168 | 10169 | 10170 | 10171 | 10172 | 10173 | 10174 | 10175 | 10176 | 10177 | 10178 | 10179 | 10185 | 10199 | 10203 | 10211 | 10212 | 10213 | 10242 | 10249 | 10256 | 10258 | 10259 | 10260 | 10261 | 10265 | 10268 | 10269 | 10270 | 10271 | 10272 | 10273 | 10274 | 10275 | 10276 | 10277 | 10278 | 10279 | 10280 | 10281 | 10282 | 10285 | 10286 | Aebura | Bandar Raya New York | Big Apple | Cathair Nua-Eabhrac | City of New York | Eabhraig Nuadh | Efrog Newydd | Evrek Nowydh | Ga-no-no | Kanón:no | Kanono | Kota New York | Lungsod ng New York | Nei Yarrick Schtadt | Neu Amsterdam | Neu Jorck | New Amsterdam | New Orange | New Yorc | New York | New York borg | New York-borg | New York City | New Yorke | New York kenti | New York Stad | New Yorku | Niujorkas | Njujork | Nouvelle Yorck | Nouvieau York | Nova Amsterda | Nova Iorque | Nova York | Nova-York | Nòva York | Novjorko | Nov-Jorko | Novum Eboracum | Nowy Jork | Nua-Eabhrac | Nueva York | Ņujorka | Nuova York | NY | NYC | Nýja Jórvík | Nyu York Shehiri | Q60 | Thành phố New York | The Big Apple | USNYC | York Berri | Νέα Υόρκη | Нью-Ёрк | Нью-Йорк | Ню Йорк | Њујорк | Њу Јорк | ნიუ-იორკი | Նիւ Եորք | Նյու Յորք | ניו יארק | ניו־יאָרק | ניו יורק | نيويورك | نیویارک شہر | نیویورک | न्यूयॉर्क | নিউ ইয়র্ক সিটি | நியூயார்க் நகரம் | นครนิวยอร์ก | ニューヨーク | マンハッタン | 紐約 | 紐約市,223,
02003758-p001-loc01,02003758-p001,02003758,1,Nürnberg,Nuremberg,6556832,https://www.geonames.org/6556832,49.4541,11.0768,Germany,09564000 | Nuremberg | Nürnberg | Stadt Nürnberg,4,
02003758-p002-loc01,02003758-p002,02003758,1,Nürnberg,Nuremberg,6556832,https://www.geonames.org/6556832,49.4541,11.0768,Germany,09564000 | Nuremberg | Nürnberg | Stadt Nürnberg,4,
02003758-p003-loc01,02003758-p003,02003758,1,Nürnberg,Nuremberg,6556832,https://www.geonames.org/6556832,49.4541,11.0768,Germany,09564000 | Nuremberg | Nürnberg | Stadt Nürnberg,4,
02003758-p004-loc01,02003758-p004,02003758,1,Augsburg,Augsburg,2954172,https://www.geonames.org/2954172,48.37154,10.89851,Germany,아우크스부르크 | Ágsborg | AGY | Augsberg | Augsborg | Augsbörj | Augsbourg | Augsburg | Augsburga | Augsburgas | Augsburg-Innenstadt | Augsburgo | Augschburg | Augusta | Augusta Vindelicorum | Auqsburq | DEAGB | Q2749 | Άουγκσμπουργκ | Аугзбург | Аугсбург | Аўгсбург | აუგსბურგი | אאוגסבורג | آوغسبورغ | آوگسبورگ | اگزبرگ | आउग्सबुर्ग | औग्स्बुर्ग | আউগ্‌সবুর্গ | ஔசுபூர்கு | เอาก์สบูร์ก | アウクスブルク | アウグスブルク | 奥格斯堡,35,
02003758-p005-loc01,02003758-p005,02003758,1,München,Munich,2867714,https://www.geonames.org/2867714,48.13743,11.57549,Germany,뮌헨 | ミュンヘン | มิวนิก | 80331 | DEMUC | Lungsod ng München | Minca | Minche | Minga | Minhen | Minhene | Miunchenas | Mnichov | Mníchov | Mnichow | Monachium | Monaco de Baviera | Monaco di Baviera | Monaco e Baviera | Mònacu | Monacu di Baviera | Monacum | MUC | Muenchen | München | Münegh | Munhen | Münhen | Munic | Múnic | Munich | Múnich | Mùnich ëd Baviera | Münih | Munîh | Munike | Munique | Munix | Munkeno | Mynihu | Myunxén | میونخ | مونیخ | ميونخ | ميونيخ | מינכן | Μόναχο | Минхен | Мӱнхен | Мүнхен | Мүнхэн | Мюнхен | Միւնիխ | Մյունխեն | მიუნხენი | म्युन्शेन | म्यूनिख | ಮ್ಯೂನಿಕ್ | மியூனிக் | মিউনিখ | မြူးနစ်ချ်မြို့ | 慕尼黑,62,
00200528-p001-loc01,00200528-p001,00200528,1,Ferrara,Ferrara,3177090,https://www.geonames.org/3177090,44.83804,11.62057,Italy,44121 | 44122 | 44123 | 44124 | Ferrara | Ferrare | ITFRR | Феррара | 斐拉拉,9,
00200528-p002-loc01,00200528-p002,00200528,1,Vicenza,Vicenza,3164419,https://www.geonames.org/3164419,45.54672,11.5475,Italy,ヴィチェンツァ | ITVIC | VIC | Vicence | Vicenza | Vicenzsa | Vicetia | Виченца,8,
00200528-p003-loc01,00200528-p003,00200528,1,,Hendon,2647116,https://www.geonames.org/2647116,51.6,-0.21667,United Kingdom,헨던 | GBHDO | ہینڈن، لندن | هندون | Хендон | हेंडन | 亨頓,7,
00200528-p004-loc01,00200528-p004,00200528,1,London,London,2643743,https://www.geonames.org/2643743,51.50853,-0.12574,United Kingdom,런던 | ᎫᎴ ᏗᏍᎪᏂᎯᏱ | ܠܘܢܕܘܢ | ለንደን | ロンドン | ଲଣ୍ଡନ | ลอนดอน | ລອນດອນ | GBLON | ILondon | Lākana | Landan | Landen | Llundain | Lodoni | LON | Londain | Londar | Londe | Londen | Londin | Londinium | Londn | london | London | Londona | Londonas | Londoni | Londono | Londons | Lọndọnu | Londra | Łondra | Londres | Londrez | Londri | Londro | Londye | Londyn | Londýn | Lonn | Lontoo | Loundres | Luân Đôn | Lunden | Lundra | Lůndůn | Lundúnir | Lùng-dŭng | Lunnainn | Lunnin | Lunnon | Lûn-tun | Lùn-tûn | Q84 | Rānana | لأندأن | لندن | لەندەن | لوندون | לאנדאן | לונדון | Λονδίνο | Лёндан | Лондан | Лондон | Лондон ош | Лондонъ | ལོན་ཊོན། | Լոնդոն | Լոնտոն | ლონდონი | लण्डन | लन्डन् | लन्दन | लंडन | लंदन | લંડન | లండన్ | ਲੰਡਨ | ಲಂಡನ್ | இலண்டன் | ലണ്ടൻ | লন্ডন | လန်ဒန်မြို့ | ලන්ඩන් | 伦敦 | 倫敦,88,
00200528-p005-loc01,00200528-p005,00200528,1,Paris,Paris,2988507,https://www.geonames.org/2988507,48.85341,2.3488,France,파리 | 75000 | 75001 | 75002 | 75003 | 75004 | 75005 | 75006 | 75007 | 75008 | 75009 | 75010 | 75011 | 75012 | 75013 | 75014 | 75015 | 75016 | 75017 | 75018 | 75019 | 75020 | Baariis | Bahliz | Baris | FRPAR | Lungsod ng Paris | Lutèce | Lutetia | Lutetia Parisorum | Paarys | Palika | Paname | Pantruche | PAR | Paräis | Páras | Pa-ri | Pari | Parĩ | Parī | Paries | Parigge | Pariggi | Parighji | Parigi | Pariis | Pariisi | Pariižu | Parij | Parijs | paris | Paris | París | Parîs | Parisi | Parixe | Pariz | Pariž | Paríž | Paříž | Parīze | Parizo | Párizs | Parys | Paryż | Paryžius | Q90 | Ville-Lumière | Παρίσι | Париж | Париж ош | Парижь | Париз | Парис | Паріж | Парыж | პარიზი | Բարիզ | Փարիզ | פאריז | פריז | باريس | پارىژ | پاريس | پاریس | پیرس | ܦܐܪܝܣ | ፓሪስ | पॅरिस | पेरिस | पैरिस | প্যারিস | ਪੈਰਿਸ | પૅરિસ | பாரிஸ் | పారిస్ | ಪ್ಯಾರಿಸ್ | പാരിസ് | ปารีส | ཕ་རི། | ပါရီမြို့ | ប៉ារីស | パリ | 巴黎,105,
00200527-p001-loc01,00200527-p001,00200527,1,Ferrara,Ferrara,3177090,https://www.geonames.org/3177090,44.83804,11.62057,Italy,44121 | 44122 | 44123 | 44124 | Ferrara | Ferrare | ITFRR | Феррара | 斐拉拉,9,
00200527-p002-loc01,00200527-p002,00200527,1,Paris,Paris,2988507,https://www.geonames.org/2988507,48.85341,2.3488,France,파리 | 75000 | 75001 | 75002 | 75003 | 75004 | 75005 | 75006 | 75007 | 75008 | 75009 | 75010 | 75011 | 75012 | 75013 | 75014 | 75015 | 75016 | 75017 | 75018 | 75019 | 75020 | Baariis | Bahliz | Baris | FRPAR | Lungsod ng Paris | Lutèce | Lutetia | Lutetia Parisorum | Paarys | Palika | Paname | Pantruche | PAR | Paräis | Páras | Pa-ri | Pari | Parĩ | Parī | Paries | Parigge | Pariggi | Parighji | Parigi | Pariis | Pariisi | Pariižu | Parij | Parijs | paris | Paris | París | Parîs | Parisi | Parixe | Pariz | Pariž | Paríž | Paříž | Parīze | Parizo | Párizs | Parys | Paryż | Paryžius | Q90 | Ville-Lumière | Παρίσι | Париж | Париж ош | Парижь | Париз | Парис | Паріж | Парыж | პარიზი | Բարիզ | Փարիզ | פאריז | פריז | باريس | پارىژ | پاريس | پاریس | پیرس | ܦܐܪܝܣ | ፓሪስ | पॅरिस | पेरिस | पैरिस | প্যারিস | ਪੈਰਿਸ | પૅરિસ | பாரிஸ் | పారిస్ | ಪ್ಯಾರಿಸ್ | പാരിസ് | ปารีส | ཕ་རི། | ပါရီမြို့ | ប៉ារីស | パリ | 巴黎,105,
02124407-p002-loc01,02124407-p002,02124407,1,Venezia,Venice,3164603,https://www.geonames.org/3164603,45.43713,12.33265,Italy,ベニス | 베니스 | ヴェニス | 베네치아 | ヴェネツィア | an Veinéis | Benátky | Benetke | Benezia | Feneyjar | ITVCE | Mleci | Q641 | VCE | Velence | Venecia | Venècia | Venecija | Venecio | Venedeg | Venedig | Venedik | Venediku | Venesia | Venèsia | Venesiya | Venetia | Veneția | Venetië | Venetsia | Veneza | Venezia | Venezsia | Venice | Venies | Venise | Venizia | Vignesie | Vinezzia | V'nise | Wenecja | البندقية | ۋېنىتسىيە | ونیز | ונציה | Βενετία | Венеција | Венеция | Венеція | Վենետիկ | ვენეცია | 威尼斯,52,
02124407-p003-loc01,02124407-p003,02124407,1,Venezia,Venice,3164603,https://www.geonames.org/3164603,45.43713,12.33265,Italy,ベニス | 베니스 | ヴェニス | 베네치아 | ヴェネツィア | an Veinéis | Benátky | Benetke | Benezia | Feneyjar | ITVCE | Mleci | Q641 | VCE | Velence | Venecia | Venècia | Venecija | Venecio | Venedeg | Venedig | Venedik | Venediku | Venesia | Venèsia | Venesiya | Venetia | Veneția | Venetië | Venetsia | Veneza | Venezia | Venezsia | Venice | Venies | Venise | Venizia | Vignesie | Vinezzia | V'nise | Wenecja | البندقية | ۋېنىتسىيە | ونیز | ונציה | Βενετία | Венеција | Венеция | Венеція | Վենետիկ | ვენეცია | 威尼斯,52,
02124407-p004-loc01,02124407-p004,02124407,1,Venezia,Venice,3164603,https://www.geonames.org/3164603,45.43713,12.33265,Italy,ベニス | 베니스 | ヴェニス | 베네치아 | ヴェネツィア | an Veinéis | Benátky | Benetke | Benezia | Feneyjar | ITVCE | Mleci | Q641 | VCE | Velence | Venecia | Venècia | Venecija | Venecio | Venedeg | Venedig | Venedik | Venediku | Venesia | Venèsia | Venesiya | Venetia | Veneția | Venetië | Venetsia | Veneza | Venezia | Venezsia | Venice | Venies | Venise | Venizia | Vignesie | Vinezzia | V'nise | Wenecja | البندقية | ۋېنىتسىيە | ونیز | ונציה | Βενετία | Венеција | Венеция | Венеція | Վենետիկ | ვენეცია | 威尼斯,52,
00200530-p003-loc01,00200530-p003,00200530,1,München,Munich,2867714,https://www.geonames.org/2867714,48.13743,11.57549,Germany,뮌헨 | ミュンヘン | มิวนิก | 80331 | DEMUC | Lungsod ng München | Minca | Minche | Minga | Minhen | Minhene | Miunchenas | Mnichov | Mníchov | Mnichow | Monachium | Monaco de Baviera | Monaco di Baviera | Monaco e Baviera | Mònacu | Monacu di Baviera | Monacum | MUC | Muenchen | München | Münegh | Munhen | Münhen | Munic | Múnic | Munich | Múnich | Mùnich ëd Baviera | Münih | Munîh | Munike | Munique | Munix | Munkeno | Mynihu | Myunxén | میونخ | مونیخ | ميونخ | ميونيخ | מינכן | Μόναχο | Минхен | Мӱнхен | Мүнхен | Мүнхэн | Мюнхен | Միւնիխ | Մյունխեն | მიუნხენი | म्युन्शेन | म्यूनिख | ಮ್ಯೂನಿಕ್ | மியூனிக் | মিউনিখ | မြူးနစ်ချ်မြို့ | 慕尼黑,62,
00200530-p004-loc01,00200530-p004,00200530,1,Berlin,Berlin,2950159,https://www.geonames.org/2950159,52.52437,13.41053,Germany,베를린 | 10967 | 13347 | Beirlín | Belin | BER | Berlëno | Berlien | Berliin | Berliini | Berlijn | Berlim | Berlin | Berlín | Berlîn | Bèrlîn | Berlīne | Berlini | Berlino | Berlyn | Berlynas | Berolinum | Birlinu | DEBER | Estat de Berlín | Q64 | Βερολίνο | Берлин | Берлін | Бэрлін | ბერლინი | Բեռլին | Պերլին | בערלין | ברלין | برلين | برلین | بېرلىن | ܒܪܠܝܢ | बर्लिन | বার্লিন | பெர்லின் | เบอร์ลิน | ベルリン | 柏林,45,
00200530-p005-loc01,00200530-p005,00200530,1,Philadelphia,Philadelphia,4560349,https://www.geonames.org/4560349,39.95238,-75.16362,United States,필라델피아 | 19019 | 19092 | 19093 | 19099 | 19101 | 19102 | 19103 | 19104 | 19105 | 19106 | 19107 | 19108 | 19109 | 19110 | 19111 | 19112 | 19114 | 19115 | 19116 | 19118 | 19119 | 19120 | 19121 | 19122 | 19123 | 19124 | 19125 | 19127 | 19128 | 19129 | 19130 | 19131 | 19132 | 19133 | 19134 | 19135 | 19136 | 19137 | 19138 | 19139 | 19140 | 19141 | 19142 | 19143 | 19144 | 19145 | 19146 | 19147 | 19148 | 19149 | 19150 | 19151 | 19152 | 19153 | 19154 | 19155 | 19160 | 19161 | 19162 | 19170 | 19171 | 19172 | 19173 | 19175 | 19176 | 19177 | 19178 | 19179 | 19181 | 19182 | 19183 | 19184 | 19185 | 19187 | 19188 | 19191 | 19192 | 19193 | 19194 | 19195 | 19196 | 19197 | 19244 | 19255 | Coaquannock | Filadelfi | Filadelfia | Filadelfiä | Filadélfia | Filadèlfia | Filadelfie | Filadelfii | Filadelfija | Filadelfijo | Filadelfio | Filadelfiya | Filadélfiye | Fi-sàng | Ga-na-ta-jen-go-na | Phila | Philadelphia | Philadelphie | Philly | PHL | Q1345 | Quequenakee | Tsi wahswèn:to Tekahsó:ken | USPHL | Φιλαδέλφεια | Филаделфиа | Филаделфија | Филаделфия | Филадельфи | Филадельфий | Филадельфия | Філадельфія | Філадэльфія | ფილადელფია | Ֆիլադելֆիա | פילאדעלפיע | פילדלפיה | فلاڈیلفیا | فلاڈیلفیا، پنسلوانیا | فيلادلفيا | فیلادلفیا | فیلادلفیا، پنسیلوانیا | ፊላዴልፊያ | फिलाडेल्फिया | ফিলাডেলফিয়া | ਫ਼ਿਲਾਡੈਲਫ਼ੀਆ | ફિલાડેલ્ફિયા | பிலடெல்பியா | ఫిలడెల్ఫియా | ಫಿಲಡೆಲ್ಫಿಯಾ | ഫിലഡെൽഫിയ | ฟิลาเดลเฟีย | ဖီလာဒဲလ်ဖီးယားမြို့ | ភីឡាដេលផ្យា | フィラデルフィア | 費城 | 费城,142,
00200530-p006-loc01,00200530-p006,00200530,1,San Marino,San Marino,5392400,https://www.geonames.org/5392400,34.1214,-118.10646,United States,샌마리노 | 91108 | 91118 | Q850869 | San Marino | San-Marino | USSMD | Σαν Μαρίνο | Сан Марино | Сан-Марино | Сан-Маріно | Сан-Марына | სან-მარინო | Սան Մարինո | סן מרינו | سان مارينو | سان مارینو، کالیفرنیا | سان مارینو، کالیفورنیا | سین مارینو، کیلی فورنیا | स्यान म्यारिनो | サン・マリノ | 圣马力诺 | 聖瑪利諾 | 聖馬利諾,24,
00200530-p007-loc01,00200530-p007,00200530,1,"San Marino, California, United States",San Marino,5392400,https://www.geonames.org/5392400,34.1214,-118.10646,United States,샌마리노 | 91108 | 91118 | Q850869 | San Marino | San-Marino | USSMD | Σαν Μαρίνο | Сан Марино | Сан-Марино | Сан-Маріно | Сан-Марына | სან-მარინო | Սան Մարինո | סן מרינו | سان مارينو | سان مارینو، کالیفرنیا | سان مارینو، کالیفورنیا | سین مارینو، کیلی فورنیا | स्यान म्यारिनो | サン・マリノ | 圣马力诺 | 聖瑪利諾 | 聖馬利諾,24,
02124443-p002-loc01,02124443-p002,02124443,1,Venezia,Venice,3164603,https://www.geonames.org/3164603,45.43713,12.33265,Italy,ベニス | 베니스 | ヴェニス | 베네치아 | ヴェネツィア | an Veinéis | Benátky | Benetke | Benezia | Feneyjar | ITVCE | Mleci | Q641 | VCE | Velence | Venecia | Venècia | Venecija | Venecio | Venedeg | Venedig | Venedik | Venediku | Venesia | Venèsia | Venesiya | Venetia | Veneția | Venetië | Venetsia | Veneza | Venezia | Venezsia | Venice | Venies | Venise | Venizia | Vignesie | Vinezzia | V'nise | Wenecja | البندقية | ۋېنىتسىيە | ونیز | ונציה | Βενετία | Венеција | Венеция | Венеція | Վենետիկ | ვენეცია | 威尼斯,52,
02124443-p003-loc01,02124443-p003,02124443,1,Venezia,Venice,3164603,https://www.geonames.org/3164603,45.43713,12.33265,Italy,ベニス | 베니스 | ヴェニス | 베네치아 | ヴェネツィア | an Veinéis | Benátky | Benetke | Benezia | Feneyjar | ITVCE | Mleci | Q641 | VCE | Velence | Venecia | Venècia | Venecija | Venecio | Venedeg | Venedig | Venedik | Venediku | Venesia | Venèsia | Venesiya | Venetia | Veneția | Venetië | Venetsia | Veneza | Venezia | Venezsia | Venice | Venies | Venise | Venizia | Vignesie | Vinezzia | V'nise | Wenecja | البندقية | ۋېنىتسىيە | ونیز | ונציה | Βενετία | Венеција | Венеция | Венеція | Վենետիկ | ვენეცია | 威尼斯,52,
00560430-p002-loc01,00560430-p002,00560430,1,Cambridge,Cambridge,2653941,https://www.geonames.org/2653941,52.2,0.11667,United Kingdom,케임브리지 | Caergrawnt | Cambridge | Cantabrigia | CBG | GBCMG | Grantanbrycg | Kambrij | Kembric | Kembridža | Kembridžas | Kembriĝo | Kiam-khiâu | Κέμπριτζ | Кеймбридж | Кембридж | Кембриҷ | Кембриџ | Кембрідж | Кембрыдж | კემბრიჯი | Քեմբրիջ | קיימברידג' | كامبريدج | کمبریج | کیمبرج | केंब्रिज | ক্যামব্রিজ | ಕೇಂಬ್ರಿಜ್ | കേംബ്രിഡ്ജ് | เคมบริดจ์ | ကိန်းဘရစ်ချ်မြို့ | ケンブリッジ | 劍橋,34,
02018770-p001-loc01,02018770-p001,02018770,1,Venice (?),Venice,3164603,https://www.geonames.org/3164603,45.43713,12.33265,Italy,베니스 | 베네치아 | an Veinéis | Benátky | Benetke | Benezia | Feneyjar | ITVCE | Mleci | Q641 | VCE | Velence | Venecia | Venècia | Venecija | Venecio | Venedeg | Venedig | Venedik | Venediku | Venesia | Venèsia | Venesiya | Venetia | Veneția | Venetië | Venetsia | Veneza | Venezia | Venezsia | Venice | Venies | Venise | Venizia | Vignesie | Vinezzia | V'nise | Wenecja | Βενετία | Венеција | Венеция | Венеція | ვენეცია | Վենետիկ | ונציה | البندقية | ونیز | ۋېنىتسىيە | ヴェニス | ヴェネツィア | ベニス | 威尼斯,52,
02018770-p003-loc01,02018770-p003,02018770,1,Lugo,Lugo,3174494,https://www.geonames.org/3174494,44.42137,11.91094,Italy,Lugo | Луго | ルーゴ,3,
02018770-p004-loc01,02018770-p004,02018770,1,Rome,Rome,3169070,https://www.geonames.org/3169070,41.89193,12.51133,Italy,ሮማ | 로마 | ܪܘܡܐ | โรม | ローマ | 00187 | An Róimh | An Ròimh | Erroma | ITROM | Lungsod ng Roma | Mji wa Roma | Q220 | Råmma | Rhufain | Rim | Rím | Řím | Roeme | Rom | ROM | Róm | Roma | Róma | Rome | Romë | Romma | Romo | Rooma | Roum | Rzym | Urbs | رم | روم | روما | رىم | רומא | Ρώμη | Рим | Римъ | Ром | Рым | Հռոմ | რომი | रोम | रोमा | রোম | 罗马市 | 羅馬,49,
02018770-p005-loc01,02018770-p005,02018770,1,Cambridge,Cambridge,2653941,https://www.geonames.org/2653941,52.2,0.11667,United Kingdom,케임브리지 | Caergrawnt | Cambridge | Cantabrigia | CBG | GBCMG | Grantanbrycg | Kambrij | Kembric | Kembridža | Kembridžas | Kembriĝo | Kiam-khiâu | Κέμπριτζ | Кеймбридж | Кембридж | Кембриҷ | Кембриџ | Кембрідж | Кембрыдж | კემბრიჯი | Քեմբրիջ | קיימברידג' | كامبريدج | کمبریج | کیمبرج | केंब्रिज | ক্যামব্রিজ | ಕೇಂಬ್ರಿಜ್ | കേംബ്രിഡ്ജ് | เคมบริดจ์ | ကိန်းဘရစ်ချ်မြို့ | ケンブリッジ | 劍橋,34,
00201166-p001-loc01,00201166-p001,00201166,1,Vienna,Vienna,2761369,https://www.geonames.org/2761369,48.20849,16.37208,Austria,빈 | ቪየና | 비엔나 | ウィーン | เวียนนา | 1010 | 1020 | 1030 | 1040 | 1050 | 1060 | 1070 | 1080 | 1090 | 1100 | 1110 | 1120 | 1130 | 1140 | 1150 | 1160 | 1170 | 1180 | 1190 | 1200 | 1210 | 1220 | 1230 | ATVIE | Beč | Beç | Bécs | Dunaj | Fiena | Q1741 | Veen | Vena | Vídeň | VIE | Viedeň | Viên | Viena | Vienna | Vienne | Vieno | Viin | Vín | Vínarborg | Vindobona | Vīne | Viyana | Vjena | Vjenna | Vyana | Wean | Wene | Wenen | Wiedeń | Wien | Wjedźyń | فيينا | وین | וינה | Βιέννη | Беч | Вена | Виена | Відень | ཝི་ཨེ་ན། | Վիեննա | ვენა | वियना | 維也納,73,
00200533-p003-loc01,00200533-p003,00200533,1,Prinknash Abbey,Cranham,6690806,https://www.geonames.org/6690806,51.56565,0.2659,United Kingdom,Q2514068,1,"Monastery in the Vale of Gloucester in the Diocese of Clifton, near the village of Cranham, Gloucestershire."
00200533-p004-loc01,00200533-p004,00200533,1,Swindon,Swindon,2636389,https://www.geonames.org/2636389,51.55797,-1.78116,United Kingdom,스윈던 | GBSNN | GBSW8 | Q200942 | Svindon | Svindonas | Svindono | SWI | Swindon | XWS | Свиндон | Свіндон | Суиндон | Суиндън | Սուինդոն | سوئیندون | سويندون | สวินดัน | スウィンドン | 斯温顿,20,
00200533-p005-loc01,00200533-p005,00200533,1,London,,2643743,https://www.geonames.org/2643743,,,,,0,
00200533-p006-loc01,00200533-p006,00200533,1,London,,2643743,https://www.geonames.org/2643743,,,,,0,
02003957-p001-loc01,02003957-p001,02003957,1,Napoli,Naples,3172394,https://www.geonames.org/3172394,40.85216,14.26811,Italy,ナポリ | 나폴리 | เนเปิลส์ | 80133 | ITNAP | NAP | Napels | Naples | Naplés | Napoles | Nápoles | Napoli | Nápoli | Nàpoli | Napólí | Napolo | Napols | Nápols | Nàpols | Nápoly | Nappoli | Napul | Napule | Nàpuli | Nàpułi | Napulj | Neapel | Neapelj | Neapol | Neapole | Neapolis | Noapels | Parthenope | نابولي | ناپل | ناپولی | نیپلز | נאפאלי | נאפולי | Νάπολη | Напуљ | Неапаль | Неапол | Неаполь | Նեապոլ | ნეაპოლი | नापोलि | नापोली | नेपल्स | நாபொலி | নেপলস | 那不勒斯,52,
02003957-p002-loc01,02003957-p002,02003957,1,Bologna,Bologna,3181927,https://www.geonames.org/3181927,44.46667,11.43333,Italy,BO | Bologna | Bologne | Bolonha | Città Metropolitana di Bologna | Province de Bologne | Provincia de Bolonia | Provincia di Bologna | Provincie Bologna | Provinz Bologna,10,
02003957-p003-loc01,02003957-p003,02003957,1,Bologna,Bologna,3181927,https://www.geonames.org/3181927,44.46667,11.43333,Italy,BO | Bologna | Bologne | Bolonha | Città Metropolitana di Bologna | Province de Bologne | Provincia de Bolonia | Provincia di Bologna | Provincie Bologna | Provinz Bologna,10,
00201167-p001-loc01,00201167-p001,00201167,1,Rome,Rome,3169070,https://www.geonames.org/3169070,41.89193,12.51133,Italy,ሮማ | 로마 | ܪܘܡܐ | โรม | ローマ | 00187 | An Róimh | An Ròimh | Erroma | ITROM | Lungsod ng Roma | Mji wa Roma | Q220 | Råmma | Rhufain | Rim | Rím | Řím | Roeme | Rom | ROM | Róm | Roma | Róma | Rome | Romë | Romma | Romo | Rooma | Roum | Rzym | Urbs | رم | روم | روما | رىم | רומא | Ρώμη | Рим | Римъ | Ром | Рым | Հռոմ | რომი | रोम | रोमा | রোম | 罗马市 | 羅馬,49,
02003991-p001-loc01,02003991-p001,02003991,1,Napoli,Naples,3172394,https://www.geonames.org/3172394,40.85216,14.26811,Italy,ナポリ | 나폴리 | เนเปิลส์ | 80133 | ITNAP | NAP | Napels | Naples | Naplés | Napoles | Nápoles | Napoli | Nápoli | Nàpoli | Napólí | Napolo | Napols | Nápols | Nàpols | Nápoly | Nappoli | Napul | Napule | Nàpuli | Nàpułi | Napulj | Neapel | Neapelj | Neapol | Neapole | Neapolis | Noapels | Parthenope | نابولي | ناپل | ناپولی | نیپلز | נאפאלי | נאפולי | Νάπολη | Напуљ | Неапаль | Неапол | Неаполь | Նեապոլ | ნეაპოლი | नापोलि | नापोली | नेपल्स | நாபொலி | নেপলস | 那不勒斯,52,
02003991-p002-loc01,02003991-p002,02003991,1,Napoli,Naples,3172394,https://www.geonames.org/3172394,40.85216,14.26811,Italy,ナポリ | 나폴리 | เนเปิลส์ | 80133 | ITNAP | NAP | Napels | Naples | Naplés | Napoles | Nápoles | Napoli | Nápoli | Nàpoli | Napólí | Napolo | Napols | Nápols | Nàpols | Nápoly | Nappoli | Napul | Napule | Nàpuli | Nàpułi | Napulj | Neapel | Neapelj | Neapol | Neapole | Neapolis | Noapels | Parthenope | نابولي | ناپل | ناپولی | نیپلز | נאפאלי | נאפולי | Νάπολη | Напуљ | Неапаль | Неапол | Неаполь | Նեապոլ | ნეაპოლი | नापोलि | नापोली | नेपल्स | நாபொலி | নেপলস | 那不勒斯,52,
02003991-p003-loc01,02003991-p003,02003991,1,Napoli,Naples,3172394,https://www.geonames.org/3172394,40.85216,14.26811,Italy,ナポリ | 나폴리 | เนเปิลส์ | 80133 | ITNAP | NAP | Napels | Naples | Naplés | Napoles | Nápoles | Napoli | Nápoli | Nàpoli | Napólí | Napolo | Napols | Nápols | Nàpols | Nápoly | Nappoli | Napul | Napule | Nàpuli | Nàpułi | Napulj | Neapel | Neapelj | Neapol | Neapole | Neapolis | Noapels | Parthenope | نابولي | ناپل | ناپولی | نیپلز | נאפאלי | נאפולי | Νάπολη | Напуљ | Неапаль | Неапол | Неаполь | Նեապոլ | ნეაპოლი | नापोलि | नापोली | नेपल्स | நாபொலி | নেপলস | 那不勒斯,52,
02003991-p004-loc01,02003991-p004,02003991,1,Napoli,Naples,3172394,https://www.geonames.org/3172394,40.85216,14.26811,Italy,ナポリ | 나폴리 | เนเปิลส์ | 80133 | ITNAP | NAP | Napels | Naples | Naplés | Napoles | Nápoles | Napoli | Nápoli | Nàpoli | Napólí | Napolo | Napols | Nápols | Nàpols | Nápoly | Nappoli | Napul | Napule | Nàpuli | Nàpułi | Napulj | Neapel | Neapelj | Neapol | Neapole | Neapolis | Noapels | Parthenope | نابولي | ناپل | ناپولی | نیپلز | נאפאלי | נאפולי | Νάπολη | Напуљ | Неапаль | Неапол | Неаполь | Նեապոլ | ნეაპოლი | नापोलि | नापोली | नेपल्स | நாபொலி | নেপলস | 那不勒斯,52,
02003992-p001-loc01,02003992-p001,02003992,1,Napoli,Naples,3172394,https://www.geonames.org/3172394,40.85216,14.26811,Italy,ナポリ | 나폴리 | เนเปิลส์ | 80133 | ITNAP | NAP | Napels | Naples | Naplés | Napoles | Nápoles | Napoli | Nápoli | Nàpoli | Napólí | Napolo | Napols | Nápols | Nàpols | Nápoly | Nappoli | Napul | Napule | Nàpuli | Nàpułi | Napulj | Neapel | Neapelj | Neapol | Neapole | Neapolis | Noapels | Parthenope | نابولي | ناپل | ناپولی | نیپلز | נאפאלי | נאפולי | Νάπολη | Напуљ | Неапаль | Неапол | Неаполь | Նեապոլ | ნეაპოლი | नापोलि | नापोली | नेपल्स | நாபொலி | নেপলস | 那不勒斯,52,
02003992-p002-loc01,02003992-p002,02003992,1,Napoli,Naples,3172394,https://www.geonames.org/3172394,40.85216,14.26811,Italy,ナポリ | 나폴리 | เนเปิลส์ | 80133 | ITNAP | NAP | Napels | Naples | Naplés | Napoles | Nápoles | Napoli | Nápoli | Nàpoli | Napólí | Napolo | Napols | Nápols | Nàpols | Nápoly | Nappoli | Napul | Napule | Nàpuli | Nàpułi | Napulj | Neapel | Neapelj | Neapol | Neapole | Neapolis | Noapels | Parthenope | نابولي | ناپل | ناپولی | نیپلز | נאפאלי | נאפולי | Νάπολη | Напуљ | Неапаль | Неапол | Неаполь | Նեապոլ | ნეაპოლი | नापोलि | नापोली | नेपल्स | நாபொலி | নেপলস | 那不勒斯,52,
02003992-p003-loc01,02003992-p003,02003992,1,Valencia,Valencia,2509954,https://www.geonames.org/2509954,39.47391,-0.37966,Spain,발렌시아 | 46001 | 46002 | 46003 | 46004 | 46005 | 46006 | 46007 | 46008 | 46009 | 46010 | 46011 | 46012 | 46013 | 46014 | 46015 | 46016 | 46017 | 46018 | 46019 | 46020 | 46021 | 46022 | 46023 | 46024 | 46025 | 46026 | 46070 | 46071 | 46080 | 46116 | Balenzia | ESVLC | Pâ-lùn-sî-â | Valantsa | Valence | Valencia | Valéncia | València | Valência | Valencie | Valencija | Valencio | Valensėjė | Valensia | Vałénsia | Valensii | Valensija | Valensiya | Valensyaa | Valentia | Valentzia | Valenza | VLC | Walencja | Walénsiye | Βαλένθια | Валенси | Валенсиа | Валенсий | Валенсија | Валенсия | Валенсія | ვალენსია | Վալենսիա | וואלענציע | ולנסיה | بلنسية | ڤالينسيا | ڤالێنسیا | والنسیا | ویلنسیا | ویلنسیہ | वालेन्सिया | ਵਾਲੈਂਸੀਆ | வாலேன்சியா | บาเลนเซีย | バレンシア | 巴倫西亞 | 瓦伦西亚 | 瓦倫西亞 | 華倫西亞,82,Tentative assignment
02003992-p004-loc01,02003992-p004,02003992,1,Paris,Paris,6455259,https://www.geonames.org/6455259,48.86,2.34444,France,75056 | Paris,2,
02003992-p005-loc01,02003992-p005,02003992,1,London,London,2643743,https://www.geonames.org/2643743,51.50853,-0.12574,United Kingdom,런던 | ᎫᎴ ᏗᏍᎪᏂᎯᏱ | ܠܘܢܕܘܢ | ለንደን | ロンドン | ଲଣ୍ଡନ | ลอนดอน | ລອນດອນ | GBLON | ILondon | Lākana | Landan | Landen | Llundain | Lodoni | LON | Londain | Londar | Londe | Londen | Londin | Londinium | Londn | london | London | Londona | Londonas | Londoni | Londono | Londons | Lọndọnu | Londra | Łondra | Londres | Londrez | Londri | Londro | Londye | Londyn | Londýn | Lonn | Lontoo | Loundres | Luân Đôn | Lunden | Lundra | Lůndůn | Lundúnir | Lùng-dŭng | Lunnainn | Lunnin | Lunnon | Lûn-tun | Lùn-tûn | Q84 | Rānana | لأندأن | لندن | لەندەن | لوندون | לאנדאן | לונדון | Λονδίνο | Лёндан | Лондан | Лондон | Лондон ош | Лондонъ | ལོན་ཊོན། | Լոնդոն | Լոնտոն | ლონდონი | लण्डन | लन्डन् | लन्दन | लंडन | लंदन | લંડન | లండన్ | ਲੰਡਨ | ಲಂಡನ್ | இலண்டன் | ലണ്ടൻ | লন্ডন | လန်ဒန်မြို့ | ලන්ඩන් | 伦敦 | 倫敦,88,
02003992-p006-loc01,02003992-p006,02003992,1,Richmond (London),London,2643743,https://www.geonames.org/2643743,51.50853,-0.12574,United Kingdom,런던 | ᎫᎴ ᏗᏍᎪᏂᎯᏱ | ܠܘܢܕܘܢ | ለንደን | ロンドン | ଲଣ୍ଡନ | ลอนดอน | ລອນດອນ | GBLON | ILondon | Lākana | Landan | Landen | Llundain | Lodoni | LON | Londain | Londar | Londe | Londen | Londin | Londinium | Londn | london | London | Londona | Londonas | Londoni | Londono | Londons | Lọndọnu | Londra | Łondra | Londres | Londrez | Londri | Londro | Londye | Londyn | Londýn | Lonn | Lontoo | Loundres | Luân Đôn | Lunden | Lundra | Lůndůn | Lundúnir | Lùng-dŭng | Lunnainn | Lunnin | Lunnon | Lûn-tun | Lùn-tûn | Q84 | Rānana | لأندأن | لندن | لەندەن | لوندون | לאנדאן | לונדון | Λονδίνο | Лёндан | Лондан | Лондон | Лондон ош | Лондонъ | ལོན་ཊོན། | Լոնդոն | Լոնտոն | ლონდონი | लण्डन | लन्डन् | लन्दन | लंडन | लंदन | લંડન | లండన్ | ਲੰਡਨ | ಲಂಡನ್ | இலண்டன் | ലണ്ടൻ | লন্ডন | လန်ဒန်မြို့ | ලන්ඩන් | 伦敦 | 倫敦,88,
02003992-p007-loc01,02003992-p007,02003992,1,New York,New York,5128581,https://www.geonames.org/5128581,40.71427,-74.00597,United States,뉴욕 | 뉴욕 시 | 10001 | 10002 | 10003 | 10004 | 10005 | 10006 | 10007 | 10008 | 10009 | 10010 | 10011 | 10012 | 10013 | 10014 | 10016 | 10017 | 10018 | 10019 | 10020 | 10021 | 10022 | 10023 | 10024 | 10025 | 10026 | 10027 | 10028 | 10029 | 10030 | 10031 | 10032 | 10033 | 10034 | 10035 | 10036 | 10037 | 10038 | 10039 | 10040 | 10041 | 10043 | 10044 | 10045 | 10055 | 10060 | 10065 | 10069 | 10080 | 10081 | 10087 | 10090 | 10101 | 10102 | 10103 | 10104 | 10105 | 10106 | 10107 | 10108 | 10109 | 10110 | 10111 | 10112 | 10113 | 10114 | 10115 | 10116 | 10117 | 10118 | 10119 | 10120 | 10121 | 10122 | 10123 | 10124 | 10125 | 10126 | 10128 | 10129 | 10130 | 10131 | 10132 | 10133 | 10138 | 10150 | 10151 | 10152 | 10153 | 10154 | 10155 | 10156 | 10157 | 10158 | 10159 | 10160 | 10161 | 10162 | 10163 | 10164 | 10165 | 10166 | 10167 | 10168 | 10169 | 10170 | 10171 | 10172 | 10173 | 10174 | 10175 | 10176 | 10177 | 10178 | 10179 | 10185 | 10199 | 10203 | 10211 | 10212 | 10213 | 10242 | 10249 | 10256 | 10258 | 10259 | 10260 | 10261 | 10265 | 10268 | 10269 | 10270 | 10271 | 10272 | 10273 | 10274 | 10275 | 10276 | 10277 | 10278 | 10279 | 10280 | 10281 | 10282 | 10285 | 10286 | Aebura | Bandar Raya New York | Big Apple | Cathair Nua-Eabhrac | City of New York | Eabhraig Nuadh | Efrog Newydd | Evrek Nowydh | Ga-no-no | Kanón:no | Kanono | Kota New York | Lungsod ng New York | Nei Yarrick Schtadt | Neu Amsterdam | Neu Jorck | New Amsterdam | New Orange | New Yorc | New York | New York borg | New York-borg | New York City | New Yorke | New York kenti | New York Stad | New Yorku | Niujorkas | Njujork | Nouvelle Yorck | Nouvieau York | Nova Amsterda | Nova Iorque | Nova York | Nova-York | Nòva York | Novjorko | Nov-Jorko | Novum Eboracum | Nowy Jork | Nua-Eabhrac | Nueva York | Ņujorka | Nuova York | NY | NYC | Nýja Jórvík | Nyu York Shehiri | Q60 | Thành phố New York | The Big Apple | USNYC | York Berri | Νέα Υόρκη | Нью-Ёрк | Нью-Йорк | Ню Йорк | Њујорк | Њу Јорк | ნიუ-იორკი | Նիւ Եորք | Նյու Յորք | ניו יארק | ניו־יאָרק | ניו יורק | نيويورك | نیویارک شہر | نیویورک | न्यूयॉर्क | নিউ ইয়র্ক সিটি | நியூயார்க் நகரம் | นครนิวยอร์ก | ニューヨーク | マンハッタン | 紐約 | 紐約市,223,
02003992-p008-loc01,02003992-p008,02003992,1,New York,New York,5128581,https://www.geonames.org/5128581,40.71427,-74.00597,United States,뉴욕 | 뉴욕 시 | 10001 | 10002 | 10003 | 10004 | 10005 | 10006 | 10007 | 10008 | 10009 | 10010 | 10011 | 10012 | 10013 | 10014 | 10016 | 10017 | 10018 | 10019 | 10020 | 10021 | 10022 | 10023 | 10024 | 10025 | 10026 | 10027 | 10028 | 10029 | 10030 | 10031 | 10032 | 10033 | 10034 | 10035 | 10036 | 10037 | 10038 | 10039 | 10040 | 10041 | 10043 | 10044 | 10045 | 10055 | 10060 | 10065 | 10069 | 10080 | 10081 | 10087 | 10090 | 10101 | 10102 | 10103 | 10104 | 10105 | 10106 | 10107 | 10108 | 10109 | 10110 | 10111 | 10112 | 10113 | 10114 | 10115 | 10116 | 10117 | 10118 | 10119 | 10120 | 10121 | 10122 | 10123 | 10124 | 10125 | 10126 | 10128 | 10129 | 10130 | 10131 | 10132 | 10133 | 10138 | 10150 | 10151 | 10152 | 10153 | 10154 | 10155 | 10156 | 10157 | 10158 | 10159 | 10160 | 10161 | 10162 | 10163 | 10164 | 10165 | 10166 | 10167 | 10168 | 10169 | 10170 | 10171 | 10172 | 10173 | 10174 | 10175 | 10176 | 10177 | 10178 | 10179 | 10185 | 10199 | 10203 | 10211 | 10212 | 10213 | 10242 | 10249 | 10256 | 10258 | 10259 | 10260 | 10261 | 10265 | 10268 | 10269 | 10270 | 10271 | 10272 | 10273 | 10274 | 10275 | 10276 | 10277 | 10278 | 10279 | 10280 | 10281 | 10282 | 10285 | 10286 | Aebura | Bandar Raya New York | Big Apple | Cathair Nua-Eabhrac | City of New York | Eabhraig Nuadh | Efrog Newydd | Evrek Nowydh | Ga-no-no | Kanón:no | Kanono | Kota New York | Lungsod ng New York | Nei Yarrick Schtadt | Neu Amsterdam | Neu Jorck | New Amsterdam | New Orange | New Yorc | New York | New York borg | New York-borg | New York City | New Yorke | New York kenti | New York Stad | New Yorku | Niujorkas | Njujork | Nouvelle Yorck | Nouvieau York | Nova Amsterda | Nova Iorque | Nova York | Nova-York | Nòva York | Novjorko | Nov-Jorko | Novum Eboracum | Nowy Jork | Nua-Eabhrac | Nueva York | Ņujorka | Nuova York | NY | NYC | Nýja Jórvík | Nyu York Shehiri | Q60 | Thành phố New York | The Big Apple | USNYC | York Berri | Νέα Υόρκη | Нью-Ёрк | Нью-Йорк | Ню Йорк | Њујорк | Њу Јорк | ნიუ-იორკი | Նիւ Եորք | Նյու Յորք | ניו יארק | ניו־יאָרק | ניו יורק | نيويورك | نیویارک شہر | نیویورک | न्यूयॉर्क | নিউ ইয়র্ক সিটি | நியூயார்க் நகரம் | นครนิวยอร์ก | ニューヨーク | マンハッタン | 紐約 | 紐約市,223,
02003958-p001-loc01,02003958-p001,02003958,1,Firenze,,,,,,,,0,
02003958-p002-loc01,02003958-p002,02003958,1,Firenze,Florence,3176959,https://www.geonames.org/3176959,43.77925,11.24626,Italy,피렌체 | 플로렌스 | フィレンツェ | ฟลอเรนซ์ | 50123 | Fflorens | Firenca | Firence | Firense | Firenz | Firenze | Firenzi | Flórans | Florâns | Floransa | Florença | Florence | Florencėjė | Florencia | Floréncia | Florència | Florencie | Florencija | Florencja | Florenco | Florens | Flórens | Florénsa | Florensiya | Florensya | Florența | Florentia | Florentzia | Florenz | FLR | ITFLR | Lungsod ng Florencia | Sciorenza | فلورانس | فلورنس | فلورنسا | פירנצה | פירענצע | Φλωρεντία | Фиренца | Фларэнцыя | Флоренц | Флоренци | Флоренций | Флоренция | Флоренція | ཧྥུ་ལོ་རོན་ཟིའུ་ཡ། | Ֆլորենցիա | ფლორენცია | फ्लोरेन्स | फ़्लोरेन्स | ఫ్లోరెన్స్ | ഫ്ലോറൻസ് | ফ্লোরেন্স | 佛罗伦萨 | 翡冷翠,61,
02003958-p003-loc01,02003958-p003,02003958,1,Firenze,Florence,3176959,https://www.geonames.org/3176959,43.77925,11.24626,Italy,피렌체 | 플로렌스 | フィレンツェ | ฟลอเรนซ์ | 50123 | Fflorens | Firenca | Firence | Firense | Firenz | Firenze | Firenzi | Flórans | Florâns | Floransa | Florença | Florence | Florencėjė | Florencia | Floréncia | Florència | Florencie | Florencija | Florencja | Florenco | Florens | Flórens | Florénsa | Florensiya | Florensya | Florența | Florentia | Florentzia | Florenz | FLR | ITFLR | Lungsod ng Florencia | Sciorenza | فلورانس | فلورنس | فلورنسا | פירנצה | פירענצע | Φλωρεντία | Фиренца | Фларэнцыя | Флоренц | Флоренци | Флоренций | Флоренция | Флоренція | ཧྥུ་ལོ་རོན་ཟིའུ་ཡ། | Ֆլորենցիա | ფლორენცია | फ्लोरेन्स | फ़्लोरेन्स | ఫ్లోరెన్స్ | ഫ്ലോറൻസ് | ফ্লোরেন্স | 佛罗伦萨 | 翡冷翠,61,
02004013-p001-loc01,02004013-p001,02004013,1,Italien,,,,,,,,0,
02004013-p002-loc01,02004013-p002,02004013,1,Paris,Paris,6455259,https://www.geonames.org/6455259,48.86,2.34444,France,75056 | Paris,2,
02004013-p003-loc01,02004013-p003,02004013,1,Lugano,Lugano,7286383,https://www.geonames.org/7286383,46.00546,8.97143,Switzerland,CH5192 | Lugano,2,
02004013-p004-loc01,02004013-p004,02004013,1,New York,New York,5128581,https://www.geonames.org/5128581,40.71427,-74.00597,United States,뉴욕 | 뉴욕 시 | 10001 | 10002 | 10003 | 10004 | 10005 | 10006 | 10007 | 10008 | 10009 | 10010 | 10011 | 10012 | 10013 | 10014 | 10016 | 10017 | 10018 | 10019 | 10020 | 10021 | 10022 | 10023 | 10024 | 10025 | 10026 | 10027 | 10028 | 10029 | 10030 | 10031 | 10032 | 10033 | 10034 | 10035 | 10036 | 10037 | 10038 | 10039 | 10040 | 10041 | 10043 | 10044 | 10045 | 10055 | 10060 | 10065 | 10069 | 10080 | 10081 | 10087 | 10090 | 10101 | 10102 | 10103 | 10104 | 10105 | 10106 | 10107 | 10108 | 10109 | 10110 | 10111 | 10112 | 10113 | 10114 | 10115 | 10116 | 10117 | 10118 | 10119 | 10120 | 10121 | 10122 | 10123 | 10124 | 10125 | 10126 | 10128 | 10129 | 10130 | 10131 | 10132 | 10133 | 10138 | 10150 | 10151 | 10152 | 10153 | 10154 | 10155 | 10156 | 10157 | 10158 | 10159 | 10160 | 10161 | 10162 | 10163 | 10164 | 10165 | 10166 | 10167 | 10168 | 10169 | 10170 | 10171 | 10172 | 10173 | 10174 | 10175 | 10176 | 10177 | 10178 | 10179 | 10185 | 10199 | 10203 | 10211 | 10212 | 10213 | 10242 | 10249 | 10256 | 10258 | 10259 | 10260 | 10261 | 10265 | 10268 | 10269 | 10270 | 10271 | 10272 | 10273 | 10274 | 10275 | 10276 | 10277 | 10278 | 10279 | 10280 | 10281 | 10282 | 10285 | 10286 | Aebura | Bandar Raya New York | Big Apple | Cathair Nua-Eabhrac | City of New York | Eabhraig Nuadh | Efrog Newydd | Evrek Nowydh | Ga-no-no | Kanón:no | Kanono | Kota New York | Lungsod ng New York | Nei Yarrick Schtadt | Neu Amsterdam | Neu Jorck | New Amsterdam | New Orange | New Yorc | New York | New York borg | New York-borg | New York City | New Yorke | New York kenti | New York Stad | New Yorku | Niujorkas | Njujork | Nouvelle Yorck | Nouvieau York | Nova Amsterda | Nova Iorque | Nova York | Nova-York | Nòva York | Novjorko | Nov-Jorko | Novum Eboracum | Nowy Jork | Nua-Eabhrac | Nueva York | Ņujorka | Nuova York | NY | NYC | Nýja Jórvík | Nyu York Shehiri | Q60 | Thành phố New York | The Big Apple | USNYC | York Berri | Νέα Υόρκη | Нью-Ёрк | Нью-Йорк | Ню Йорк | Њујорк | Њу Јорк | ნიუ-იორკი | Նիւ Եորք | Նյու Յորք | ניו יארק | ניו־יאָרק | ניו יורק | نيويورك | نیویارک شہر | نیویورک | न्यूयॉर्क | নিউ ইয়র্ক সিটি | நியூயார்க் நகரம் | นครนิวยอร์ก | ニューヨーク | マンハッタン | 紐約 | 紐約市,223,
02004013-p005-loc01,02004013-p005,02004013,1,Washington,Washington,4140963,https://www.geonames.org/4140963,38.89511,-77.03637,United States,20001 | 20002 | 20003 | 20004 | 20005 | 20006 | 20007 | 20008 | 20009 | 20010 | 20011 | 20012 | 20013 | 20015 | 20016 | 20017 | 20018 | 20019 | 20020 | 20024 | 20026 | 20029 | 20030 | 20032 | 20033 | 20035 | 20036 | 20037 | 20038 | 20039 | 20040 | 20041 | 20042 | 20043 | 20044 | 20045 | 20047 | 20049 | 20050 | 20052 | 20053 | 20055 | 20056 | 20057 | 20058 | 20059 | 20060 | 20061 | 20062 | 20063 | 20064 | 20065 | 20066 | 20067 | 20068 | 20069 | 20070 | 20071 | 20073 | 20074 | 20075 | 20076 | 20077 | 20078 | 20080 | 20081 | 20082 | 20090 | 20091 | 20201 | 20202 | 20203 | 20204 | 20206 | 20207 | 20208 | 20210 | 20211 | 20212 | 20213 | 20214 | 20215 | 20216 | 20217 | 20218 | 20219 | 20220 | 20221 | 20222 | 20223 | 20224 | 20226 | 20227 | 20228 | 20229 | 20230 | 20232 | 20233 | 20235 | 20238 | 20239 | 20240 | 20241 | 20242 | 20244 | 20245 | 20250 | 20251 | 20254 | 20260 | 20261 | 20262 | 20265 | 20266 | 20268 | 20270 | 20277 | 20289 | 20299 | 20301 | 20303 | 20306 | 20310 | 20314 | 20317 | 20318 | 20319 | 20330 | 20340 | 20350 | 20370 | 20372 | 20375 | 20380 | 20389 | 20390 | 20392 | 20393 | 20394 | 20395 | 20401 | 20402 | 20403 | 20404 | 20405 | 20406 | 20407 | 20408 | 20409 | 20410 | 20411 | 20412 | 20413 | 20414 | 20415 | 20416 | 20418 | 20419 | 20420 | 20421 | 20422 | 20423 | 20424 | 20425 | 20426 | 20427 | 20428 | 20429 | 20431 | 20433 | 20434 | 20435 | 20436 | 20437 | 20439 | 20440 | 20441 | 20442 | 20444 | 20447 | 20451 | 20453 | 20456 | 20460 | 20463 | 20468 | 20469 | 20470 | 20472 | 20500 | 20501 | 20502 | 20503 | 20504 | 20505 | 20506 | 20507 | 20508 | 20510 | 20515 | 20520 | 20521 | 20522 | 20523 | 20524 | 20525 | 20526 | 20527 | 20530 | 20531 | 20533 | 20534 | 20535 | 20536 | 20537 | 20538 | 20539 | 20540 | 20541 | 20542 | 20543 | 20544 | 20546 | 20547 | 20548 | 20549 | 20551 | 20552 | 20553 | 20554 | 20555 | 20557 | 20559 | 20560 | 20565 | 20566 | 20570 | 20571 | 20572 | 20573 | 20575 | 20576 | 20577 | 20578 | 20579 | 20580 | 20581 | 20585 | 20586 | 20590 | 20591 | 20593 | 20594 | 20597 | 20599 | 워싱턴 D.C. | 워싱턴 DC | D.C. | District of Columbia | Federal Capital | Federal City | Federal Town | Ranatakariáhshne | Territory of Columbia | USWAS | Vašingtonas | Vasingtonia | Vaŝingtono | WAS | Washington | Washington City | Washington D. C. | Washington D.C. | Washington DC | Waszyngton | Ουάσιγκτον | Вашингтон | 华盛顿特区,278,
02004011-p001-loc01,02004011-p001,02004011,1,Italien,,,,,,,,0,
02004011-p002-loc01,02004011-p002,02004011,1,London,London,2643743,https://www.geonames.org/2643743,51.50853,-0.12574,United Kingdom,런던 | ᎫᎴ ᏗᏍᎪᏂᎯᏱ | ܠܘܢܕܘܢ | ለንደን | ロンドン | ଲଣ୍ଡନ | ลอนดอน | ລອນດອນ | GBLON | ILondon | Lākana | Landan | Landen | Llundain | Lodoni | LON | Londain | Londar | Londe | Londen | Londin | Londinium | Londn | london | London | Londona | Londonas | Londoni | Londono | Londons | Lọndọnu | Londra | Łondra | Londres | Londrez | Londri | Londro | Londye | Londyn | Londýn | Lonn | Lontoo | Loundres | Luân Đôn | Lunden | Lundra | Lůndůn | Lundúnir | Lùng-dŭng | Lunnainn | Lunnin | Lunnon | Lûn-tun | Lùn-tûn | Q84 | Rānana | لأندأن | لندن | لەندەن | لوندون | לאנדאן | לונדון | Λονδίνο | Лёндан | Лондан | Лондон | Лондон ош | Лондонъ | ལོན་ཊོན། | Լոնդոն | Լոնտոն | ლონდონი | लण्डन | लन्डन् | लन्दन | लंडन | लंदन | લંડન | లండన్ | ਲੰਡਨ | ಲಂಡನ್ | இலண்டன் | ലണ്ടൻ | লন্ডন | လန်ဒန်မြို့ | ලන්ඩන් | 伦敦 | 倫敦,88,
02004011-p003-loc01,02004011-p003,02004011,1,Oxford,Oxford,2640729,https://www.geonames.org/2640729,51.75222,-1.25596,United Kingdom,옥스퍼드 | Àth nan Damh | GBOXF | Oksford | Oksforda | Oksfordas | Oksfordo | Oksfuords | Oxenaford | Oxenaforda | Oxenford | OXF | Oxford | Oxnaford | Öxnafurða | Oxneford | Oxonia | Oxónia | Oxônia | Oxonium | Rhedicina | Rhydychen | Rysoghen | Uxavað | Οξφόρδη | Оксфард | Оксфорд | Оқсфорд | ოქსფორდი | אוקספורד | אקספארד | آکسفورد | آکسفورڈ | أكسفورد | اوكسفورد | ऑक्सफर्ड | ऑक्सफोर्ड | অক্সফোর্ড | ਆਕਸਫ਼ੋਰਡ | ஆக்சுபோர்டு | ఆక్స్‌ఫర్డ్ | ಆಕ್ಸ್‌ಫರ್ಡ್ | อ๊อกซฟอร์ด | အောက်စဖို့မြို့ | オックスフォード | 牛津,46,
02003961-p001-loc01,02003961-p001,02003961,1,Florence,Florence,3176959,https://www.geonames.org/3176959,43.77925,11.24626,Italy,피렌체 | 플로렌스 | 50123 | Fflorens | Firenca | Firence | Firense | Firenz | Firenze | Firenzi | Florâns | Flórans | Floransa | Florença | Florence | Florencėjė | Florencia | Floréncia | Florència | Florencie | Florencija | Florencja | Florenco | Florens | Flórens | Florénsa | Florensiya | Florensya | Florența | Florentia | Florentzia | Florenz | FLR | ITFLR | Lungsod ng Florencia | Sciorenza | Φλωρεντία | Фиренца | Фларэнцыя | Флоренц | Флоренци | Флоренций | Флоренция | Флоренція | ფლორენცია | Ֆլորենցիա | פירנצה | פירענצע | فلورانس | فلورنس | فلورنسا | फ्लोरेन्स | फ़्लोरेन्स | ফ্লোরেন্স | ఫ్లోరెన్స్ | ഫ്ലോറൻസ് | ฟลอเรนซ์ | ཧྥུ་ལོ་རོན་ཟིའུ་ཡ། | フィレンツェ | 佛罗伦萨 | 翡冷翠,61,
02003961-p002-loc01,02003961-p002,02003961,1,Paris,Paris,2988507,https://www.geonames.org/2988507,48.85341,2.3488,France,파리 | 75000 | 75001 | 75002 | 75003 | 75004 | 75005 | 75006 | 75007 | 75008 | 75009 | 75010 | 75011 | 75012 | 75013 | 75014 | 75015 | 75016 | 75017 | 75018 | 75019 | 75020 | Baariis | Bahliz | Baris | FRPAR | Lungsod ng Paris | Lutèce | Lutetia | Lutetia Parisorum | Paarys | Palika | Paname | Pantruche | PAR | Paräis | Páras | Pa-ri | Pari | Parĩ | Parī | Paries | Parigge | Pariggi | Parighji | Parigi | Pariis | Pariisi | Pariižu | Parij | Parijs | paris | Paris | París | Parîs | Parisi | Parixe | Pariz | Pariž | Paríž | Paříž | Parīze | Parizo | Párizs | Parys | Paryż | Paryžius | Q90 | Ville-Lumière | Παρίσι | Париж | Париж ош | Парижь | Париз | Парис | Паріж | Парыж | პარიზი | Բարիզ | Փարիզ | פאריז | פריז | باريس | پارىژ | پاريس | پاریس | پیرس | ܦܐܪܝܣ | ፓሪስ | पॅरिस | पेरिस | पैरिस | প্যারিস | ਪੈਰਿਸ | પૅરિસ | பாரிஸ் | పారిస్ | ಪ್ಯಾರಿಸ್ | പാരിസ് | ปารีส | ཕ་རི། | ပါရီမြို့ | ប៉ារីស | パリ | 巴黎,105,
02003961-p003-loc01,02003961-p003,02003961,1,Schwarzau am Steinfeld (Vienna)?,,,,,,,,0,
02003961-p004-loc01,02003961-p004,02003961,1,Milano,Milan,3173435,https://www.geonames.org/3173435,45.46427,9.18951,Italy,밀라노 | ITMIL | Lungsod ng Milano | Mailand | Mediolan | Mediolanum | MIL | Milà | Milaan | Milan | Milán | Milāna | Milanas | Milano | Miláno | Milánó | Mílanó | Milanu | Milão | Mилан | Милан | Милано | Мілан | მილანი | Միլան | מילאנו | مىلان | ميلانو | মিলান | மிலன் | มิลาน | ミラノ | 米蘭,33,
02003961-p005-loc01,02003961-p005,02003961,1,Milano,Milan,3173435,https://www.geonames.org/3173435,45.46427,9.18951,Italy,밀라노 | ITMIL | Lungsod ng Milano | Mailand | Mediolan | Mediolanum | MIL | Milà | Milaan | Milan | Milán | Milāna | Milanas | Milano | Miláno | Milánó | Mílanó | Milanu | Milão | Mилан | Милан | Милано | Мілан | მილანი | Միլան | מילאנו | مىلان | ميلانو | মিলান | மிலன் | มิลาน | ミラノ | 米蘭,33,
02003961-p006-loc01,02003961-p006,02003961,1,Milano,Milan,3173435,https://www.geonames.org/3173435,45.46427,9.18951,Italy,밀라노 | ITMIL | Lungsod ng Milano | Mailand | Mediolan | Mediolanum | MIL | Milà | Milaan | Milan | Milán | Milāna | Milanas | Milano | Miláno | Milánó | Mílanó | Milanu | Milão | Mилан | Милан | Милано | Мілан | მილანი | Միլան | מילאנו | مىلان | ميلانو | মিলান | மிலன் | มิลาน | ミラノ | 米蘭,33,
02003959-p002-loc01,02003959-p002,02003959,1,London,London,2643743,https://www.geonames.org/2643743,51.50853,-0.12574,United Kingdom,런던 | ᎫᎴ ᏗᏍᎪᏂᎯᏱ | ܠܘܢܕܘܢ | ለንደን | ロンドン | ଲଣ୍ଡନ | ลอนดอน | ລອນດອນ | GBLON | ILondon | Lākana | Landan | Landen | Llundain | Lodoni | LON | Londain | Londar | Londe | Londen | Londin | Londinium | Londn | london | London | Londona | Londonas | Londoni | Londono | Londons | Lọndọnu | Londra | Łondra | Londres | Londrez | Londri | Londro | Londye | Londyn | Londýn | Lonn | Lontoo | Loundres | Luân Đôn | Lunden | Lundra | Lůndůn | Lundúnir | Lùng-dŭng | Lunnainn | Lunnin | Lunnon | Lûn-tun | Lùn-tûn | Q84 | Rānana | لأندأن | لندن | لەندەن | لوندون | לאנדאן | לונדון | Λονδίνο | Лёндан | Лондан | Лондон | Лондон ош | Лондонъ | ལོན་ཊོན། | Լոնդոն | Լոնտոն | ლონდონი | लण्डन | लन्डन् | लन्दन | लंडन | लंदन | લંડન | లండన్ | ਲੰਡਨ | ಲಂಡನ್ | இலண்டன் | ലണ്ടൻ | লন্ডন | လန်ဒန်မြို့ | ලන්ඩන් | 伦敦 | 倫敦,88,
02003959-p003-loc01,02003959-p003,02003959,1,Manchester,Manchester,2643123,https://www.geonames.org/2643123,53.48095,-2.23743,United Kingdom,맨체스터 | ማንችስተር | マンチェスター | แมนเชสเตอร์ | GBMNC | Mameceaster | MAN | Manceinion | Mančesteris | Mančestra | Manĉestro | Manchain | Manchester | Mánchester | Manchéstér | Manchêtre | Manchuin | Mancunium | Q2166304 | مانچسٹر | مانشستر | منچستر | منچئستئر | מאנטשעסטער | מנצ'סטר | Μάντσεστερ | Манчестер | Манчестър | Манчэстэр | მანჩესტერი | मैन्चेस्टर | मँचेस्टर | మాంచెస్టర్ | ಮ್ಯಾಂಚೆಸ್ಟರ್ | மான்செஸ்டர் | മാഞ്ചസ്റ്റർ | ম্যানচেস্টার | 曼彻斯特,38,
02003959-p004-loc01,02003959-p004,02003959,1,Manchester,Manchester,2643123,https://www.geonames.org/2643123,53.48095,-2.23743,United Kingdom,맨체스터 | ማንችስተር | マンチェスター | แมนเชสเตอร์ | GBMNC | Mameceaster | MAN | Manceinion | Mančesteris | Mančestra | Manĉestro | Manchain | Manchester | Mánchester | Manchéstér | Manchêtre | Manchuin | Mancunium | Q2166304 | مانچسٹر | مانشستر | منچستر | منچئستئر | מאנטשעסטער | מנצ'סטר | Μάντσεστερ | Манчестер | Манчестър | Манчэстэр | მანჩესტერი | मैन्चेस्टर | मँचेस्टर | మాంచెస్టర్ | ಮ್ಯಾಂಚೆಸ್ಟರ್ | மான்செஸ்டர் | മാഞ്ചസ്റ്റർ | ম্যানচেস্টার | 曼彻斯特,38,
02003960-p002-loc01,02003960-p002,02003960,1,Napoli,Naples,3172394,https://www.geonames.org/3172394,40.85216,14.26811,Italy,나폴리 | 80133 | ITNAP | NAP | Napels | Naples | Naplés | Napoles | Nápoles | Napoli | Napólí | Nápoli | Nàpoli | Napolo | Napols | Nápols | Nàpols | Nápoly | Nappoli | Napul | Napule | Nàpuli | Nàpułi | Napulj | Neapel | Neapelj | Neapol | Neapole | Neapolis | Noapels | Parthenope | Νάπολη | Напуљ | Неапаль | Неапол | Неаполь | ნეაპოლი | Նեապոլ | נאפאלי | נאפולי | نابولي | ناپل | ناپولی | نیپلز | नापोलि | नापोली | नेपल्स | নেপলস | நாபொலி | เนเปิลส์ | ナポリ | 那不勒斯,52,
02003960-p003-loc01,02003960-p003,02003960,1,Althorp,Althorp,7296694,https://www.geonames.org/7296694,52.28107,-1.00095,United Kingdom,,0,near Northampton
02003960-p004-loc01,02003960-p004,02003960,1,Manchester,Manchester,2643123,https://www.geonames.org/2643123,53.48095,-2.23743,United Kingdom,맨체스터 | ማንችስተር | マンチェスター | แมนเชสเตอร์ | GBMNC | Mameceaster | MAN | Manceinion | Mančesteris | Mančestra | Manĉestro | Manchain | Manchester | Mánchester | Manchéstér | Manchêtre | Manchuin | Mancunium | Q2166304 | مانچسٹر | مانشستر | منچستر | منچئستئر | מאנטשעסטער | מנצ'סטר | Μάντσεστερ | Манчестер | Манчестър | Манчэстэр | მანჩესტერი | मैन्चेस्टर | मँचेस्टर | మాంచెస్టర్ | ಮ್ಯಾಂಚೆಸ್ಟರ್ | மான்செஸ்டர் | മാഞ്ചസ്റ്റർ | ম্যানচেস্টার | 曼彻斯特,38,
00201576-p002-loc01,00201576-p002,00201576,1,Främmestad,Främmestad,2713842,https://www.geonames.org/2713842,58.25,12.68333,Sweden,Främmestad,1,
00201576-p003-loc01,00201576-p003,00201576,1,Basel,Basel,2661604,https://www.geonames.org/2661604,47.55839,7.57327,Switzerland,바젤 | 4000 | 4001 | 4031 | 4051 | 4052 | 4053 | 4054 | 4055 | 4056 | 4057 | 4058 | 4059 | Bâla | Bâle | Basel | Bāsel | Basilea | Basilèa | Basileia | Basilej | Basilia | Basle | Baxiłea | Bazel | Bázel | Bāzele | Bazeli | Bazelis | Bazelo | Bazilej | Bazylea | BSL | CHBSL | EAP | Robur | Βασιλεία | Базел | Базель | Базель хот | ბაზელი | Բազել | באזעל | בזל | بازل | ባዝል | बासल | বাজেল | பேசெல் | บาเซิล | པ་སེལ། | バーゼル | 巴塞尔 | 巴塞爾 | 白才尔,55,
00201576-p004-loc01,00201576-p004,00201576,1, Pforzheim,Pforzheim,2853969,https://www.geonames.org/2853969,48.88436,8.69892,Germany,포르츠하임 | プフォルツハイム | DEPFO | Pforcheimas | Pforzheim | Phorca | Porta Hercyneae | بفورتسهايم | فورتسهایم | فورزہائم | Πφόρτσχαϊμ | Пфорцхайм | Пфорцхајм | პფორცჰაიმი | 普福尔茨海姆,15,
02004012-p001-loc01,02004012-p001,02004012,1,Italien,,,,,,,,0,
02004012-p002-loc01,02004012-p002,02004012,1,Livorno,Livorno,3174659,https://www.geonames.org/3174659,43.54427,10.32615,Italy,リヴォルノ | ITLIV | ITLLH | Labro | Leghorn | Levuorno | Liorna | Livorn | Livornas | Livorno | Livornu | Livourne | ليفورنو | ליבורנו | Λιβόρνο | Ливорно,16,
02004012-p003-loc01,02004012-p003,02004012,1,Paris,Paris,6455259,https://www.geonames.org/6455259,48.86,2.34444,France,75056 | Paris,2,
02004012-p004-loc01,02004012-p004,02004012,1,Paris,Paris,6455259,https://www.geonames.org/6455259,48.86,2.34444,France,75056 | Paris,2,
00201995-p001-loc01,00201995-p001,00201995,1,Brescia,Brescia,3181554,https://www.geonames.org/3181554,45.53558,10.21472,Italy,ブレシア | Brescia | Bréscia | Bresia | Bressia | Brixia | BRZ | ITBRC | Q3645136 | QBS | بريشيا | Бреша | Брешиа | 布雷西亚,14,
00201995-p002-loc01,00201995-p002,00201995,1,Brescia,Brescia,3181554,https://www.geonames.org/3181554,45.53558,10.21472,Italy,ブレシア | Brescia | Bréscia | Bresia | Bressia | Brixia | BRZ | ITBRC | Q3645136 | QBS | بريشيا | Бреша | Брешиа | 布雷西亚,14,
00201995-p003-loc01,00201995-p003,00201995,1,Milan,Milan,3173435,https://www.geonames.org/3173435,45.46427,9.18951,Italy,밀라노 | ITMIL | Lungsod ng Milano | Mailand | Mediolan | Mediolanum | MIL | Milà | Milaan | Milan | Milán | Milāna | Milanas | Milano | Miláno | Milánó | Mílanó | Milanu | Milão | Mилан | Милан | Милано | Мілан | მილანი | Միլան | מילאנו | مىلان | ميلانو | মিলান | மிலன் | มิลาน | ミラノ | 米蘭,33,
00201995-p004-loc01,00201995-p004,00201995,1,Ljubljana,Ljubljana,3196359,https://www.geonames.org/3196359,46.05108,14.50513,Slovenia,류블랴나 | ልዩብልያና | リュブリャナ | ลูบลิยานา | Aemona | Jubaljana | Laibach | Laiboch | Liubliana | Liublianne | Liublijana | Liúibleána | LJU | Ljubljana | Ljubljano | Lubiana | Lubian-a | Łubiana | Lübiana | Lubiane | Lubiann-a | Lubjana | Lüblän | Lublaň | Lublana | Ľubľana | Ļubļana | Lüblâna | Lubliano | Lubljana | Lyoubyana | Lyublyana | Q437 | SILJU | لیوبلیانا | ليۇبليانا | ليوبليانا | ליובליאנה | Λιουμπλιάνα | Люблꙗна | Люблян | Люблянæ | Любляна | Любляна ош | Љубљана | ལི་པོ་ཡ་ན། | Լյուբլյանա | ლიუბლიანა | लियुब्लियाना | ਲਿਊਬਲਿਆਨਾ | லியுப்லியானா | লিউব্লিয়ানা | 卢布尔雅那 | 盧布爾雅那,54,
02123970-p002-loc01,02123970-p002,02123970,1,Venezia,Venice,3164603,https://www.geonames.org/3164603,45.43713,12.33265,Italy,ベニス | 베니스 | ヴェニス | 베네치아 | ヴェネツィア | an Veinéis | Benátky | Benetke | Benezia | Feneyjar | ITVCE | Mleci | Q641 | VCE | Velence | Venecia | Venècia | Venecija | Venecio | Venedeg | Venedig | Venedik | Venediku | Venesia | Venèsia | Venesiya | Venetia | Veneția | Venetië | Venetsia | Veneza | Venezia | Venezsia | Venice | Venies | Venise | Venizia | Vignesie | Vinezzia | V'nise | Wenecja | البندقية | ۋېنىتسىيە | ونیز | ונציה | Βενετία | Венеција | Венеция | Венеція | Վենետիկ | ვენეცია | 威尼斯,52,
02123970-p003-loc01,02123970-p003,02123970,1,Venezia,Venice,3164603,https://www.geonames.org/3164603,45.43713,12.33265,Italy,ベニス | 베니스 | ヴェニス | 베네치아 | ヴェネツィア | an Veinéis | Benátky | Benetke | Benezia | Feneyjar | ITVCE | Mleci | Q641 | VCE | Velence | Venecia | Venècia | Venecija | Venecio | Venedeg | Venedig | Venedik | Venediku | Venesia | Venèsia | Venesiya | Venetia | Veneția | Venetië | Venetsia | Veneza | Venezia | Venezsia | Venice | Venies | Venise | Venizia | Vignesie | Vinezzia | V'nise | Wenecja | البندقية | ۋېنىتسىيە | ونیز | ונציה | Βενετία | Венеција | Венеция | Венеція | Վենետիկ | ვენეცია | 威尼斯,52,
00560431-p001-loc01,00560431-p001,00560431,1,Cambridge,Cambridge,2653941,https://www.geonames.org/2653941,52.2,0.11667,United Kingdom,케임브리지 | Caergrawnt | Cambridge | Cantabrigia | CBG | GBCMG | Grantanbrycg | Kambrij | Kembric | Kembridža | Kembridžas | Kembriĝo | Kiam-khiâu | Κέμπριτζ | Кеймбридж | Кембридж | Кембриҷ | Кембриџ | Кембрідж | Кембрыдж | კემბრიჯი | Քեմբրիջ | קיימברידג' | كامبريدج | کمبریج | کیمبرج | केंब्रिज | ক্যামব্রিজ | ಕೇಂಬ್ರಿಜ್ | കേംബ്രിഡ്ജ് | เคมบริดจ์ | ကိန်းဘရစ်ချ်မြို့ | ケンブリッジ | 劍橋,34,
00570693-p001-loc01,00570693-p001,00570693,1,Buchberg,Buchberg,2661357,https://www.geonames.org/2661357,47.57282,8.56281,Switzerland,8454 | Buchberg SH | Бухберг | 布贝格,4,
00570693-p003-loc01,00570693-p003,00570693,1,Rheinau,Rheinau,11048417,https://www.geonames.org/11048417,47.63277,8.60251,Switzerland,,0,
00570693-p004-loc01,00570693-p004,00570693,1,Zürich,Zurich,2657896,https://www.geonames.org/2657896,47.36667,8.55,Switzerland,ዙሪክ | 취리히 | ܙܝܘܪܚ | ܬܣܝܪܝܟ | ซูริก | チューリッヒ | 8000 | 8001 | 8002 | 8003 | 8004 | 8005 | 8006 | 8008 | 8022 | 8024 | 8027 | 8031 | 8032 | 8034 | 8036 | 8037 | 8038 | 8040 | 8041 | 8042 | 8044 | 8045 | 8046 | 8047 | 8048 | 8049 | 8050 | 8051 | 8052 | 8053 | 8055 | 8057 | 8063 | 8064 | 8070 | CHZRH | Cīrihe | Ciurichas | Cürih | Curych | Lungsod ng Zürich | Sŭ-là̤-sié | Sürix | Syurix | Tsurique | Tsürix | Turicum | Turitg | Zeurich | Zirich | Zirik | ZRH | Zuerich | Zuric | Zúric | Zurich | Zúrich | Zürich | Zurìcu | Zurigh | Zürigh | Zurigo | Zürih | Zuriko | Zurique | Zurych | Zyrihu | زیورچ | زیورخ | زوریخ | زوريخ | زيورخ | سيۇرىخ | څوریخ | ציריך | Ζυρίχη | Цирих | Цюрих | Цюрих хот | Цюрых | Ցյուրիխ | ციურიხი | ज़्यूरिख़ | झ्युरिक | ਜ਼ਿਊਰਿਖ | சூரிக்கு | സൂറിച്ച് | জুরিখ | ဇူးရစ်ချ်မြို့ | 苏黎世 | 蘇黎世,97,
00570693-p005-loc01,00570693-p005,00570693,1,Zürich,Zurich,2657896,https://www.geonames.org/2657896,47.36667,8.55,Switzerland,ዙሪክ | 취리히 | ܙܝܘܪܚ | ܬܣܝܪܝܟ | ซูริก | チューリッヒ | 8000 | 8001 | 8002 | 8003 | 8004 | 8005 | 8006 | 8008 | 8022 | 8024 | 8027 | 8031 | 8032 | 8034 | 8036 | 8037 | 8038 | 8040 | 8041 | 8042 | 8044 | 8045 | 8046 | 8047 | 8048 | 8049 | 8050 | 8051 | 8052 | 8053 | 8055 | 8057 | 8063 | 8064 | 8070 | CHZRH | Cīrihe | Ciurichas | Cürih | Curych | Lungsod ng Zürich | Sŭ-là̤-sié | Sürix | Syurix | Tsurique | Tsürix | Turicum | Turitg | Zeurich | Zirich | Zirik | ZRH | Zuerich | Zuric | Zúric | Zurich | Zúrich | Zürich | Zurìcu | Zurigh | Zürigh | Zurigo | Zürih | Zuriko | Zurique | Zurych | Zyrihu | زیورچ | زیورخ | زوریخ | زوريخ | زيورخ | سيۇرىخ | څوریخ | ציריך | Ζυρίχη | Цирих | Цюрих | Цюрих хот | Цюрых | Ցյուրիխ | ციურიხი | ज़्यूरिख़ | झ्युरिक | ਜ਼ਿਊਰਿਖ | சூரிக்கு | സൂറിച്ച് | জুরিখ | ဇူးရစ်ချ်မြို့ | 苏黎世 | 蘇黎世,97,
00570696-p004-loc01,00570696-p004,00570696,1,Zürich,Zurich,2657896,https://www.geonames.org/2657896,47.36667,8.55,Switzerland,ዙሪክ | 취리히 | ܙܝܘܪܚ | ܬܣܝܪܝܟ | ซูริก | チューリッヒ | 8000 | 8001 | 8002 | 8003 | 8004 | 8005 | 8006 | 8008 | 8022 | 8024 | 8027 | 8031 | 8032 | 8034 | 8036 | 8037 | 8038 | 8040 | 8041 | 8042 | 8044 | 8045 | 8046 | 8047 | 8048 | 8049 | 8050 | 8051 | 8052 | 8053 | 8055 | 8057 | 8063 | 8064 | 8070 | CHZRH | Cīrihe | Ciurichas | Cürih | Curych | Lungsod ng Zürich | Sŭ-là̤-sié | Sürix | Syurix | Tsurique | Tsürix | Turicum | Turitg | Zeurich | Zirich | Zirik | ZRH | Zuerich | Zuric | Zúric | Zurich | Zúrich | Zürich | Zurìcu | Zurigh | Zürigh | Zurigo | Zürih | Zuriko | Zurique | Zurych | Zyrihu | زیورچ | زیورخ | زوریخ | زوريخ | زيورخ | سيۇرىخ | څوریخ | ציריך | Ζυρίχη | Цирих | Цюрих | Цюрих хот | Цюрых | Ցյուրիխ | ციურიხი | ज़्यूरिख़ | झ्युरिक | ਜ਼ਿਊਰਿਖ | சூரிக்கு | സൂറിച്ച് | জুরিখ | ဇူးရစ်ချ်မြို့ | 苏黎世 | 蘇黎世,97,
02117004-p001-loc01,02117004-p001,02117004,1,Vienna,Vienna,2761369,https://www.geonames.org/2761369,48.20849,16.37208,Austria,빈 | ቪየና | 비엔나 | ウィーン | เวียนนา | 1010 | 1020 | 1030 | 1040 | 1050 | 1060 | 1070 | 1080 | 1090 | 1100 | 1110 | 1120 | 1130 | 1140 | 1150 | 1160 | 1170 | 1180 | 1190 | 1200 | 1210 | 1220 | 1230 | ATVIE | Beč | Beç | Bécs | Dunaj | Fiena | Q1741 | Veen | Vena | Vídeň | VIE | Viedeň | Viên | Viena | Vienna | Vienne | Vieno | Viin | Vín | Vínarborg | Vindobona | Vīne | Viyana | Vjena | Vjenna | Vyana | Wean | Wene | Wenen | Wiedeń | Wien | Wjedźyń | فيينا | وین | וינה | Βιέννη | Беч | Вена | Виена | Відень | ཝི་ཨེ་ན། | Վիեննա | ვენა | वियना | 維也納,73,
02126336-p002-loc01,02126336-p002,02126336,1,New Haven,New Haven,4839366,https://www.geonames.org/4839366,41.30815,-72.92816,United States,뉴헤이번 | นิวเฮเวน | ニュー・ヘイヴン | 06501 | 06502 | 06503 | 06504 | 06505 | 06506 | 06507 | 06508 | 06509 | 06510 | 06511 | 06513 | 06515 | 06519 | 06520 | 06521 | 06530 | 06531 | 06532 | 06533 | 06534 | 06535 | 06536 | 06537 | 06538 | 06540 | HVN | New Haven | Niu Heivenas | Novus Portus | Ņūheivena | Nyu-Heyven | Q49145 | Queenapick | Quillipiack | Quinnepyooghq | Quinnipiac | Quinnypiock | Quinopiocke | Rodeberg | Rodenburg | USHVN | نیو هاون، کانتیکت | نیوهیون، کانتیکت | نیو ہیون، کنیکٹیکٹ | نيو هيفن | ניו הייבן | Νιου Χέιβεν | Нью-Гейвен | Нью-Гэйвэн | Нью-Хейвен | Нью-Һейвен | Нью Хэвен | Нью-Хэйвен | Ню-Ҳейвен | Ню Хейвън | Њу Хејвен | Նյու Հեյվեն | ნიუ-ჰეივენი | न्यु ह्याभेन | न्यू हेवन | न्यू हैवन | ન્યૂ હેવન | న్యూ హవెన్ | ನ್ಯೂ ಹ್ಯಾವೆನ್ | நியூ ஹேவன் | নিউ হ্যাভেন | නිව් හේවන් | 紐哈芬 | 紐希雲 | 紐黑文 | 纽黑文,75,
00570569-p003-loc01,00570569-p003,00570569,1,Zürich,Zurich,2657896,https://www.geonames.org/2657896,47.36667,8.55,Switzerland,ዙሪክ | 취리히 | ܙܝܘܪܚ | ܬܣܝܪܝܟ | ซูริก | チューリッヒ | 8000 | 8001 | 8002 | 8003 | 8004 | 8005 | 8006 | 8008 | 8022 | 8024 | 8027 | 8031 | 8032 | 8034 | 8036 | 8037 | 8038 | 8040 | 8041 | 8042 | 8044 | 8045 | 8046 | 8047 | 8048 | 8049 | 8050 | 8051 | 8052 | 8053 | 8055 | 8057 | 8063 | 8064 | 8070 | CHZRH | Cīrihe | Ciurichas | Cürih | Curych | Lungsod ng Zürich | Sŭ-là̤-sié | Sürix | Syurix | Tsurique | Tsürix | Turicum | Turitg | Zeurich | Zirich | Zirik | ZRH | Zuerich | Zuric | Zúric | Zurich | Zúrich | Zürich | Zurìcu | Zurigh | Zürigh | Zurigo | Zürih | Zuriko | Zurique | Zurych | Zyrihu | زیورچ | زیورخ | زوریخ | زوريخ | زيورخ | سيۇرىخ | څوریخ | ציריך | Ζυρίχη | Цирих | Цюрих | Цюрих хот | Цюрых | Ցյուրիխ | ციურიხი | ज़्यूरिख़ | झ्युरिक | ਜ਼ਿਊਰਿਖ | சூரிக்கு | സൂറിച്ച് | জুরিখ | ဇူးရစ်ချ်မြို့ | 苏黎世 | 蘇黎世,97,
00570569-p004-loc01,00570569-p004,00570569,1,Zürich,Zurich,2657896,https://www.geonames.org/2657896,47.36667,8.55,Switzerland,ዙሪክ | 취리히 | ܙܝܘܪܚ | ܬܣܝܪܝܟ | ซูริก | チューリッヒ | 8000 | 8001 | 8002 | 8003 | 8004 | 8005 | 8006 | 8008 | 8022 | 8024 | 8027 | 8031 | 8032 | 8034 | 8036 | 8037 | 8038 | 8040 | 8041 | 8042 | 8044 | 8045 | 8046 | 8047 | 8048 | 8049 | 8050 | 8051 | 8052 | 8053 | 8055 | 8057 | 8063 | 8064 | 8070 | CHZRH | Cīrihe | Ciurichas | Cürih | Curych | Lungsod ng Zürich | Sŭ-là̤-sié | Sürix | Syurix | Tsurique | Tsürix | Turicum | Turitg | Zeurich | Zirich | Zirik | ZRH | Zuerich | Zuric | Zúric | Zurich | Zúrich | Zürich | Zurìcu | Zurigh | Zürigh | Zurigo | Zürih | Zuriko | Zurique | Zurych | Zyrihu | زیورچ | زیورخ | زوریخ | زوريخ | زيورخ | سيۇرىخ | څوریخ | ציריך | Ζυρίχη | Цирих | Цюрих | Цюрих хот | Цюрых | Ցյուրիխ | ციურიხი | ज़्यूरिख़ | झ्युरिक | ਜ਼ਿਊਰਿਖ | சூரிக்கு | സൂറിച്ച് | জুরিখ | ဇူးရစ်ချ်မြို့ | 苏黎世 | 蘇黎世,97,
00200552-p001-loc01,00200552-p001,00200552,1,London,,2643743,https://www.geonames.org/2643743,,,,,0,
00200558-p001-loc01,00200558-p001,00200558,1,Naples,Naples,3172394,https://www.geonames.org/3172394,40.85216,14.26811,Italy,ナポリ | 나폴리 | เนเปิลส์ | 80133 | ITNAP | NAP | Napels | Naples | Naplés | Napoles | Nápoles | Napoli | Nápoli | Nàpoli | Napólí | Napolo | Napols | Nápols | Nàpols | Nápoly | Nappoli | Napul | Napule | Nàpuli | Nàpułi | Napulj | Neapel | Neapelj | Neapol | Neapole | Neapolis | Noapels | Parthenope | نابولي | ناپل | ناپولی | نیپلز | נאפאלי | נאפולי | Νάπολη | Напуљ | Неапаль | Неапол | Неаполь | Նեապոլ | ნეაპოლი | नापोलि | नापोली | नेपल्स | நாபொலி | নেপলস | 那不勒斯,52,
00200558-p002-loc01,00200558-p002,00200558,1,Naples,Naples,3172394,https://www.geonames.org/3172394,40.85216,14.26811,Italy,ナポリ | 나폴리 | เนเปิลส์ | 80133 | ITNAP | NAP | Napels | Naples | Naplés | Napoles | Nápoles | Napoli | Nápoli | Nàpoli | Napólí | Napolo | Napols | Nápols | Nàpols | Nápoly | Nappoli | Napul | Napule | Nàpuli | Nàpułi | Napulj | Neapel | Neapelj | Neapol | Neapole | Neapolis | Noapels | Parthenope | نابولي | ناپل | ناپولی | نیپلز | נאפאלי | נאפולי | Νάπολη | Напуљ | Неапаль | Неапол | Неаполь | Նեապոլ | ნეაპოლი | नापोलि | नापोली | नेपल्स | நாபொலி | নেপলস | 那不勒斯,52,
00200558-p003-loc01,00200558-p003,00200558,1,London,London,2643743,https://www.geonames.org/2643743,51.50853,-0.12574,United Kingdom,런던 | ᎫᎴ ᏗᏍᎪᏂᎯᏱ | ܠܘܢܕܘܢ | ለንደን | ロンドン | ଲଣ୍ଡନ | ลอนดอน | ລອນດອນ | GBLON | ILondon | Lākana | Landan | Landen | Llundain | Lodoni | LON | Londain | Londar | Londe | Londen | Londin | Londinium | Londn | london | London | Londona | Londonas | Londoni | Londono | Londons | Lọndọnu | Londra | Łondra | Londres | Londrez | Londri | Londro | Londye | Londyn | Londýn | Lonn | Lontoo | Loundres | Luân Đôn | Lunden | Lundra | Lůndůn | Lundúnir | Lùng-dŭng | Lunnainn | Lunnin | Lunnon | Lûn-tun | Lùn-tûn | Q84 | Rānana | لأندأن | لندن | لەندەن | لوندون | לאנדאן | לונדון | Λονδίνο | Лёндан | Лондан | Лондон | Лондон ош | Лондонъ | ལོན་ཊོན། | Լոնդոն | Լոնտոն | ლონდონი | लण्डन | लन्डन् | लन्दन | लंडन | लंदन | લંડન | లండన్ | ਲੰਡਨ | ಲಂಡನ್ | இலண்டன் | ലണ്ടൻ | লন্ডন | လန်ဒန်မြို့ | ලන්ඩන් | 伦敦 | 倫敦,88,
00200558-p004-loc01,00200558-p004,00200558,1,Brooklyn,Brooklyn,5110302,https://www.geonames.org/5110302,40.6501,-73.94958,United States,브루클린 | บรุกลิน | 11201 | 11202 | 11203 | 11204 | 11205 | 11206 | 11207 | 11208 | 11209 | 11210 | 11211 | 11212 | 11213 | 11215 | 11216 | 11217 | 11218 | 11219 | 11220 | 11221 | 11222 | 11223 | 11224 | 11225 | 11226 | 11228 | 11229 | 11230 | 11231 | 11232 | 11233 | 11234 | 11235 | 11236 | 11237 | 11238 | 11239 | 11241 | 11242 | 11243 | 11245 | 11247 | 11249 | 11251 | 11252 | 11256 | BK | Bklyn | Borough of Brooklyn | Breuckelen | Breukelen | Broklino | Brooklyn | Brucclinu | Bruklina | Bruklinas | Comitatus Bruclinum | Kings County | Marechkawick | USBKU | بروكلين | بروکلین | ברוקלין | Бруклин | Бруклін | ბრუკლინი | ब्रुकलीन | ब्रूकलिन | কিংস কাউন্টি | ব্রুকলিন | ブルックリン区 | 布鲁克林区,74,
00200558-p005-loc01,00200558-p005,00200558,1,Philadelphia,Philadelphia,4560349,https://www.geonames.org/4560349,39.95238,-75.16362,United States,필라델피아 | 19019 | 19092 | 19093 | 19099 | 19101 | 19102 | 19103 | 19104 | 19105 | 19106 | 19107 | 19108 | 19109 | 19110 | 19111 | 19112 | 19114 | 19115 | 19116 | 19118 | 19119 | 19120 | 19121 | 19122 | 19123 | 19124 | 19125 | 19127 | 19128 | 19129 | 19130 | 19131 | 19132 | 19133 | 19134 | 19135 | 19136 | 19137 | 19138 | 19139 | 19140 | 19141 | 19142 | 19143 | 19144 | 19145 | 19146 | 19147 | 19148 | 19149 | 19150 | 19151 | 19152 | 19153 | 19154 | 19155 | 19160 | 19161 | 19162 | 19170 | 19171 | 19172 | 19173 | 19175 | 19176 | 19177 | 19178 | 19179 | 19181 | 19182 | 19183 | 19184 | 19185 | 19187 | 19188 | 19191 | 19192 | 19193 | 19194 | 19195 | 19196 | 19197 | 19244 | 19255 | Coaquannock | Filadelfi | Filadelfia | Filadelfiä | Filadélfia | Filadèlfia | Filadelfie | Filadelfii | Filadelfija | Filadelfijo | Filadelfio | Filadelfiya | Filadélfiye | Fi-sàng | Ga-na-ta-jen-go-na | Phila | Philadelphia | Philadelphie | Philly | PHL | Q1345 | Quequenakee | Tsi wahswèn:to Tekahsó:ken | USPHL | Φιλαδέλφεια | Филаделфиа | Филаделфија | Филаделфия | Филадельфи | Филадельфий | Филадельфия | Філадельфія | Філадэльфія | ფილადელფია | Ֆիլադելֆիա | פילאדעלפיע | פילדלפיה | فلاڈیلفیا | فلاڈیلفیا، پنسلوانیا | فيلادلفيا | فیلادلفیا | فیلادلفیا، پنسیلوانیا | ፊላዴልፊያ | फिलाडेल्फिया | ফিলাডেলফিয়া | ਫ਼ਿਲਾਡੈਲਫ਼ੀਆ | ફિલાડેલ્ફિયા | பிலடெல்பியா | ఫిలడెల్ఫియా | ಫಿಲಡೆಲ್ಫಿಯಾ | ഫിലഡെൽഫിയ | ฟิลาเดลเฟีย | ဖီလာဒဲလ်ဖီးယားမြို့ | ភីឡាដេលផ្យា | フィラデルフィア | 費城 | 费城,142,
00200558-p006-loc01,00200558-p006,00200558,1,San Marino,San Marino,5392400,https://www.geonames.org/5392400,34.1214,-118.10646,United States,샌마리노 | 91108 | 91118 | Q850869 | San Marino | San-Marino | USSMD | Σαν Μαρίνο | Сан Марино | Сан-Марино | Сан-Маріно | Сан-Марына | სან-მარინო | Սան Մարինո | סן מרינו | سان مارينو | سان مارینو، کالیفرنیا | سان مارینو، کالیفورنیا | سین مارینو، کیلی فورنیا | स्यान म्यारिनो | サン・マリノ | 圣马力诺 | 聖瑪利諾 | 聖馬利諾,24,
00200558-p007-loc01,00200558-p007,00200558,1,"San Marino, California, United States",San Marino,5392400,https://www.geonames.org/5392400,34.1214,-118.10646,United States,샌마리노 | 91108 | 91118 | Q850869 | San Marino | San-Marino | USSMD | Σαν Μαρίνο | Сан Марино | Сан-Марино | Сан-Маріно | Сан-Марына | სან-მარინო | Սան Մարինո | סן מרינו | سان مارينو | سان مارینو، کالیفرنیا | سان مارینو، کالیفورنیا | سین مارینو، کیلی فورنیا | स्यान म्यारिनो | サン・マリノ | 圣马力诺 | 聖瑪利諾 | 聖馬利諾,24,
02149767-p003-loc01,02149767-p003,02149767,1,London,London,2643743,https://www.geonames.org/2643743,51.50853,-0.12574,United Kingdom,런던 | ᎫᎴ ᏗᏍᎪᏂᎯᏱ | ܠܘܢܕܘܢ | ለንደን | ロンドン | ଲଣ୍ଡନ | ลอนดอน | ລອນດອນ | GBLON | ILondon | Lākana | Landan | Landen | Llundain | Lodoni | LON | Londain | Londar | Londe | Londen | Londin | Londinium | Londn | london | London | Londona | Londonas | Londoni | Londono | Londons | Lọndọnu | Londra | Łondra | Londres | Londrez | Londri | Londro | Londye | Londyn | Londýn | Lonn | Lontoo | Loundres | Luân Đôn | Lunden | Lundra | Lůndůn | Lundúnir | Lùng-dŭng | Lunnainn | Lunnin | Lunnon | Lûn-tun | Lùn-tûn | Q84 | Rānana | لأندأن | لندن | لەندەن | لوندون | לאנדאן | לונדון | Λονδίνο | Лёндан | Лондан | Лондон | Лондон ош | Лондонъ | ལོན་ཊོན། | Լոնդոն | Լոնտոն | ლონდონი | लण्डन | लन्डन् | लन्दन | लंडन | लंदन | લંડન | లండన్ | ਲੰਡਨ | ಲಂಡನ್ | இலண்டன் | ലണ്ടൻ | লন্ডন | လန်ဒန်မြို့ | ලන්ඩන් | 伦敦 | 倫敦,88,
02149767-p004-loc01,02149767-p004,02149767,1,Philadelphia,Philadelphia,4560349,https://www.geonames.org/4560349,39.95238,-75.16362,United States,필라델피아 | 19019 | 19092 | 19093 | 19099 | 19101 | 19102 | 19103 | 19104 | 19105 | 19106 | 19107 | 19108 | 19109 | 19110 | 19111 | 19112 | 19114 | 19115 | 19116 | 19118 | 19119 | 19120 | 19121 | 19122 | 19123 | 19124 | 19125 | 19127 | 19128 | 19129 | 19130 | 19131 | 19132 | 19133 | 19134 | 19135 | 19136 | 19137 | 19138 | 19139 | 19140 | 19141 | 19142 | 19143 | 19144 | 19145 | 19146 | 19147 | 19148 | 19149 | 19150 | 19151 | 19152 | 19153 | 19154 | 19155 | 19160 | 19161 | 19162 | 19170 | 19171 | 19172 | 19173 | 19175 | 19176 | 19177 | 19178 | 19179 | 19181 | 19182 | 19183 | 19184 | 19185 | 19187 | 19188 | 19191 | 19192 | 19193 | 19194 | 19195 | 19196 | 19197 | 19244 | 19255 | Coaquannock | Filadelfi | Filadelfia | Filadelfiä | Filadélfia | Filadèlfia | Filadelfie | Filadelfii | Filadelfija | Filadelfijo | Filadelfio | Filadelfiya | Filadélfiye | Fi-sàng | Ga-na-ta-jen-go-na | Phila | Philadelphia | Philadelphie | Philly | PHL | Q1345 | Quequenakee | Tsi wahswèn:to Tekahsó:ken | USPHL | Φιλαδέλφεια | Филаделфиа | Филаделфија | Филаделфия | Филадельфи | Филадельфий | Филадельфия | Філадельфія | Філадэльфія | ფილადელფია | Ֆիլադելֆիա | פילאדעלפיע | פילדלפיה | فلاڈیلفیا | فلاڈیلفیا، پنسلوانیا | فيلادلفيا | فیلادلفیا | فیلادلفیا، پنسیلوانیا | ፊላዴልፊያ | फिलाडेल्फिया | ফিলাডেলফিয়া | ਫ਼ਿਲਾਡੈਲਫ਼ੀਆ | ફિલાડેલ્ફિયા | பிலடெல்பியா | ఫిలడెల్ఫియా | ಫಿಲಡೆಲ್ಫಿಯಾ | ഫിലഡെൽഫിയ | ฟิลาเดลเฟีย | ဖီလာဒဲလ်ဖီးယားမြို့ | ភីឡាដេលផ្យា | フィラデルフィア | 費城 | 费城,142,
02149767-p005-loc01,02149767-p005,02149767,1,San Marino,San Marino,5392400,https://www.geonames.org/5392400,34.1214,-118.10646,United States,샌마리노 | 91108 | 91118 | Q850869 | San Marino | San-Marino | USSMD | Σαν Μαρίνο | Сан Марино | Сан-Марино | Сан-Маріно | Сан-Марына | სან-მარინო | Սան Մարինո | סן מרינו | سان مارينو | سان مارینو، کالیفرنیا | سان مارینو، کالیفورنیا | سین مارینو، کیلی فورنیا | स्यान म्यारिनो | サン・マリノ | 圣马力诺 | 聖瑪利諾 | 聖馬利諾,24,
02149767-p006-loc01,02149767-p006,02149767,1,San Marino,San Marino,5392400,https://www.geonames.org/5392400,34.1214,-118.10646,United States,샌마리노 | 91108 | 91118 | Q850869 | San Marino | San-Marino | USSMD | Σαν Μαρίνο | Сан Марино | Сан-Марино | Сан-Маріно | Сан-Марына | სან-მარინო | Սան Մարինո | סן מרינו | سان مارينو | سان مارینو، کالیفرنیا | سان مارینو، کالیفورنیا | سین مارینو، کیلی فورنیا | स्यान म्यारिनो | サン・マリノ | 圣马力诺 | 聖瑪利諾 | 聖馬利諾,24,
00200559-p001-loc01,00200559-p001,00200559,1,Naples,Naples,3172394,https://www.geonames.org/3172394,40.85216,14.26811,Italy,나폴리 | 80133 | ITNAP | NAP | Napels | Naples | Naplés | Napoles | Nápoles | Napoli | Napólí | Nápoli | Nàpoli | Napolo | Napols | Nápols | Nàpols | Nápoly | Nappoli | Napul | Napule | Nàpuli | Nàpułi | Napulj | Neapel | Neapelj | Neapol | Neapole | Neapolis | Noapels | Parthenope | Νάπολη | Напуљ | Неапаль | Неапол | Неаполь | ნეაპოლი | Նեապոլ | נאפאלי | נאפולי | نابولي | ناپل | ناپولی | نیپلز | नापोलि | नापोली | नेपल्स | নেপলস | நாபொலி | เนเปิลส์ | ナポリ | 那不勒斯,52,
00200559-p003-loc01,00200559-p003,00200559,1,Siena,Siena,3166548,https://www.geonames.org/3166548,43.31822,11.33064,Italy,ITSNA | Saena Iulia | Saena Julia | SAY | Séna | Sien-a | Siena | Sienna | Sienne | Sieno | Σιένα | Сиена | Сіена | סיינה | सियेना | シエーナ,16,
00200559-p004-loc01,00200559-p004,00200559,1,Paris,Paris,2988507,https://www.geonames.org/2988507,48.85341,2.3488,France,파리 | 75000 | 75001 | 75002 | 75003 | 75004 | 75005 | 75006 | 75007 | 75008 | 75009 | 75010 | 75011 | 75012 | 75013 | 75014 | 75015 | 75016 | 75017 | 75018 | 75019 | 75020 | Baariis | Bahliz | Baris | FRPAR | Lungsod ng Paris | Lutèce | Lutetia | Lutetia Parisorum | Paarys | Palika | Paname | Pantruche | PAR | Paräis | Páras | Pa-ri | Pari | Parĩ | Parī | Paries | Parigge | Pariggi | Parighji | Parigi | Pariis | Pariisi | Pariižu | Parij | Parijs | paris | Paris | París | Parîs | Parisi | Parixe | Pariz | Pariž | Paríž | Paříž | Parīze | Parizo | Párizs | Parys | Paryż | Paryžius | Q90 | Ville-Lumière | Παρίσι | Париж | Париж ош | Парижь | Париз | Парис | Паріж | Парыж | პარიზი | Բարիզ | Փարիզ | פאריז | פריז | باريس | پارىژ | پاريس | پاریس | پیرس | ܦܐܪܝܣ | ፓሪስ | पॅरिस | पेरिस | पैरिस | প্যারিস | ਪੈਰਿਸ | પૅરિસ | பாரிஸ் | పారిస్ | ಪ್ಯಾರಿಸ್ | പാരിസ് | ปารีส | ཕ་རི། | ပါရီမြို့ | ប៉ារីស | パリ | 巴黎,105,
00200559-p005-loc01,00200559-p005,00200559,1,Paris,Paris,2988507,https://www.geonames.org/2988507,48.85341,2.3488,France,파리 | 75000 | 75001 | 75002 | 75003 | 75004 | 75005 | 75006 | 75007 | 75008 | 75009 | 75010 | 75011 | 75012 | 75013 | 75014 | 75015 | 75016 | 75017 | 75018 | 75019 | 75020 | Baariis | Bahliz | Baris | FRPAR | Lungsod ng Paris | Lutèce | Lutetia | Lutetia Parisorum | Paarys | Palika | Paname | Pantruche | PAR | Paräis | Páras | Pa-ri | Pari | Parĩ | Parī | Paries | Parigge | Pariggi | Parighji | Parigi | Pariis | Pariisi | Pariižu | Parij | Parijs | paris | Paris | París | Parîs | Parisi | Parixe | Pariz | Pariž | Paríž | Paříž | Parīze | Parizo | Párizs | Parys | Paryż | Paryžius | Q90 | Ville-Lumière | Παρίσι | Париж | Париж ош | Парижь | Париз | Парис | Паріж | Парыж | პარიზი | Բարիզ | Փարիզ | פאריז | פריז | باريس | پارىژ | پاريس | پاریس | پیرس | ܦܐܪܝܣ | ፓሪስ | पॅरिस | पेरिस | पैरिस | প্যারিস | ਪੈਰਿਸ | પૅરિસ | பாரிஸ் | పారిస్ | ಪ್ಯಾರಿಸ್ | പാരിസ് | ปารีส | ཕ་རི། | ပါရီမြို့ | ប៉ារីស | パリ | 巴黎,105,
00200559-p006-loc01,00200559-p006,00200559,1,Cambridge,Cambridge,4931972,https://www.geonames.org/4931972,42.3751,-71.10561,United States,케임브리지 | 02138 | 02139 | 02140 | 02141 | 02142 | 02238 | Cambridge | Cambridge i Massachusetts | Cantabrigia | Keimbridža | Kembric | Kembridžas | Kembriĝo | Mishawum | Newtown | New Town | Newtowne | New Towne | Old Cambridge | Q49111 | USJHY | Κέιμπριτζ | Кеймбридж | Кембридж | Кембриж | Кембриҗ | Кембриҷ | Кембриџ | Кембрыдж | Кэмбридж | კემბრიჯი | Քեմբրիջ | קיימברידג' | קעמברידזש | كامبريدج | کامبریج | کمبریج | کمبریج، ماساچوست | کیمبرج، میساچوسٹس | केंब्रिज | কেমব্রিজ | கேம்பிரிஜ் | కేంబ్రిడ్జ్ | เคมบริดจ์ | ケンブリッジ | 剑桥 | 劍橋,48,
00200559-p007-loc01,00200559-p007,00200559,1,Cambridge,Cambridge,4931972,https://www.geonames.org/4931972,42.3751,-71.10561,United States,케임브리지 | 02138 | 02139 | 02140 | 02141 | 02142 | 02238 | Cambridge | Cambridge i Massachusetts | Cantabrigia | Keimbridža | Kembric | Kembridžas | Kembriĝo | Mishawum | Newtown | New Town | Newtowne | New Towne | Old Cambridge | Q49111 | USJHY | Κέιμπριτζ | Кеймбридж | Кембридж | Кембриж | Кембриҗ | Кембриҷ | Кембриџ | Кембрыдж | Кэмбридж | კემბრიჯი | Քեմբրիջ | קיימברידג' | קעמברידזש | كامبريدج | کامبریج | کمبریج | کمبریج، ماساچوست | کیمبرج، میساچوسٹس | केंब्रिज | কেমব্রিজ | கேம்பிரிஜ் | కేంబ్రిడ్జ్ | เคมบริดจ์ | ケンブリッジ | 剑桥 | 劍橋,48,
02132409-p003-loc01,02132409-p003,02132409,1,Parigi,Paris,2988507,https://www.geonames.org/2988507,48.85341,2.3488,France,파리 | 75000 | 75001 | 75002 | 75003 | 75004 | 75005 | 75006 | 75007 | 75008 | 75009 | 75010 | 75011 | 75012 | 75013 | 75014 | 75015 | 75016 | 75017 | 75018 | 75019 | 75020 | Baariis | Bahliz | Baris | FRPAR | Lungsod ng Paris | Lutèce | Lutetia | Lutetia Parisorum | Paarys | Palika | Paname | Pantruche | PAR | Paräis | Páras | Pa-ri | Pari | Parĩ | Parī | Paries | Parigge | Pariggi | Parighji | Parigi | Pariis | Pariisi | Pariižu | Parij | Parijs | paris | Paris | París | Parîs | Parisi | Parixe | Pariz | Pariž | Paríž | Paříž | Parīze | Parizo | Párizs | Parys | Paryż | Paryžius | Q90 | Ville-Lumière | Παρίσι | Париж | Париж ош | Парижь | Париз | Парис | Паріж | Парыж | პარიზი | Բարիզ | Փարիզ | פאריז | פריז | باريس | پارىژ | پاريس | پاریس | پیرس | ܦܐܪܝܣ | ፓሪስ | पॅरिस | पेरिस | पैरिस | প্যারিস | ਪੈਰਿਸ | પૅરિસ | பாரிஸ் | పారిస్ | ಪ್ಯಾರಿಸ್ | പാരിസ് | ปารีส | ཕ་རི། | ပါရီမြို့ | ប៉ារីស | パリ | 巴黎,105,
02132409-p006-loc01,02132409-p006,02132409,1,Schwarzau am Steinfeld,Schwarzau am Steinfeld,2765489,https://www.geonames.org/2765489,47.73183,16.17094,Austria,Schwarzau | Schwarzau am Steinfelde,2,
02132409-p007-loc01,02132409-p007,02132409,1,Milano,Milan,3173435,https://www.geonames.org/3173435,45.46427,9.18951,Italy,밀라노 | ITMIL | Lungsod ng Milano | Mailand | Mediolan | Mediolanum | MIL | Milà | Milaan | Milan | Milán | Milāna | Milanas | Milano | Miláno | Milánó | Mílanó | Milanu | Milão | Mилан | Милан | Милано | Мілан | მილანი | Միլան | מילאנו | مىلان | ميلانو | মিলান | மிலன் | มิลาน | ミラノ | 米蘭,33,
02132409-p008-loc01,02132409-p008,02132409,1,Milano,Milan,3173435,https://www.geonames.org/3173435,45.46427,9.18951,Italy,밀라노 | ITMIL | Lungsod ng Milano | Mailand | Mediolan | Mediolanum | MIL | Milà | Milaan | Milan | Milán | Milāna | Milanas | Milano | Miláno | Milánó | Mílanó | Milanu | Milão | Mилан | Милан | Милано | Мілан | მილანი | Միլան | מילאנו | مىلان | ميلانو | মিলান | மிலன் | มิลาน | ミラノ | 米蘭,33,
02132409-p009-loc01,02132409-p009,02132409,1,Milano,Milan,3173435,https://www.geonames.org/3173435,45.46427,9.18951,Italy,밀라노 | ITMIL | Lungsod ng Milano | Mailand | Mediolan | Mediolanum | MIL | Milà | Milaan | Milan | Milán | Milāna | Milanas | Milano | Miláno | Milánó | Mílanó | Milanu | Milão | Mилан | Милан | Милано | Мілан | მილანი | Միլան | מילאנו | مىلان | ميلانو | মিলান | மிலன் | มิลาน | ミラノ | 米蘭,33,
00201173-p001-loc01,00201173-p001,00201173,1,Vienna,Vienna,2761369,https://www.geonames.org/2761369,48.20849,16.37208,Austria,빈 | ቪየና | 비엔나 | ウィーン | เวียนนา | 1010 | 1020 | 1030 | 1040 | 1050 | 1060 | 1070 | 1080 | 1090 | 1100 | 1110 | 1120 | 1130 | 1140 | 1150 | 1160 | 1170 | 1180 | 1190 | 1200 | 1210 | 1220 | 1230 | ATVIE | Beč | Beç | Bécs | Dunaj | Fiena | Q1741 | Veen | Vena | Vídeň | VIE | Viedeň | Viên | Viena | Vienna | Vienne | Vieno | Viin | Vín | Vínarborg | Vindobona | Vīne | Viyana | Vjena | Vjenna | Vyana | Wean | Wene | Wenen | Wiedeń | Wien | Wjedźyń | فيينا | وین | וינה | Βιέννη | Беч | Вена | Виена | Відень | ཝི་ཨེ་ན། | Վիեննա | ვენა | वियना | 維也納,73,
00211925-p002-loc01,00211925-p002,00211925,1,Oxford,Oxford,2640729,https://www.geonames.org/2640729,51.75222,-1.25596,United Kingdom,옥스퍼드 | Àth nan Damh | GBOXF | Oksford | Oksforda | Oksfordas | Oksfordo | Oksfuords | Oxenaford | Oxenaforda | Oxenford | OXF | Oxford | Oxnaford | Öxnafurða | Oxneford | Oxonia | Oxónia | Oxônia | Oxonium | Rhedicina | Rhydychen | Rysoghen | Uxavað | Οξφόρδη | Оксфард | Оксфорд | Оқсфорд | ოქსფორდი | אוקספורד | אקספארד | آکسفورد | آکسفورڈ | أكسفورد | اوكسفورد | ऑक्सफर्ड | ऑक्सफोर्ड | অক্সফোর্ড | ਆਕਸਫ਼ੋਰਡ | ஆக்சுபோர்டு | ఆక్స్‌ఫర్డ్ | ಆಕ್ಸ್‌ಫರ್ಡ್ | อ๊อกซฟอร์ด | အောက်စဖို့မြို့ | オックスフォード | 牛津,46,
00204061-p003-loc01,00204061-p003,00204061,1,Oxford,Oxford,2640729,https://www.geonames.org/2640729,51.75222,-1.25596,United Kingdom,옥스퍼드 | Àth nan Damh | GBOXF | Oksford | Oksforda | Oksfordas | Oksfordo | Oksfuords | Oxenaford | Oxenaforda | Oxenford | OXF | Oxford | Oxnaford | Öxnafurða | Oxneford | Oxonia | Oxónia | Oxônia | Oxonium | Rhedicina | Rhydychen | Rysoghen | Uxavað | Οξφόρδη | Оксфард | Оксфорд | Оқсфорд | ოქსფორდი | אוקספורד | אקספארד | آکسفورد | آکسفورڈ | أكسفورد | اوكسفورد | ऑक्सफर्ड | ऑक्सफोर्ड | অক্সফোর্ড | ਆਕਸਫ਼ੋਰਡ | ஆக்சுபோர்டு | ఆక్స్‌ఫర్డ్ | ಆಕ್ಸ್‌ಫರ್ಡ್ | อ๊อกซฟอร์ด | အောက်စဖို့မြို့ | オックスフォード | 牛津,46,
02000453-p001-loc01,02000453-p001,02000453,1,Venice?,Venice,6542284,https://www.geonames.org/6542284,45.4389,12.33092,Italy,027042 | Comune di Venezia | Venezia | Venice,4,
02000453-p002-loc01,02000453-p002,02000453,1,Venice,Venice,6542284,https://www.geonames.org/6542284,45.4389,12.33092,Italy,027042 | Comune di Venezia | Venezia | Venice,4,
02000453-p003-loc01,02000453-p003,02000453,1,Venice,Venice,6542284,https://www.geonames.org/6542284,45.4389,12.33092,Italy,027042 | Comune di Venezia | Venezia | Venice,4,
02000453-p004-loc01,02000453-p004,02000453,1,Venice,Venice,6542284,https://www.geonames.org/6542284,45.4389,12.33092,Italy,027042 | Comune di Venezia | Venezia | Venice,4,
02118389-p001-loc01,02118389-p001,02118389,1,Vienna,Vienna,2761369,https://www.geonames.org/2761369,48.20849,16.37208,Austria,빈 | ቪየና | 비엔나 | ウィーン | เวียนนา | 1010 | 1020 | 1030 | 1040 | 1050 | 1060 | 1070 | 1080 | 1090 | 1100 | 1110 | 1120 | 1130 | 1140 | 1150 | 1160 | 1170 | 1180 | 1190 | 1200 | 1210 | 1220 | 1230 | ATVIE | Beč | Beç | Bécs | Dunaj | Fiena | Q1741 | Veen | Vena | Vídeň | VIE | Viedeň | Viên | Viena | Vienna | Vienne | Vieno | Viin | Vín | Vínarborg | Vindobona | Vīne | Viyana | Vjena | Vjenna | Vyana | Wean | Wene | Wenen | Wiedeń | Wien | Wjedźyń | فيينا | وین | וינה | Βιέννη | Беч | Вена | Виена | Відень | ཝི་ཨེ་ན། | Վիեննա | ვენა | वियना | 維也納,73,
00200576-p003-loc01,00200576-p003,00200576,1,Venezia,Venice,3164603,https://www.geonames.org/3164603,45.43713,12.33265,Italy,베니스 | 베네치아 | an Veinéis | Benátky | Benetke | Benezia | Feneyjar | ITVCE | Mleci | Q641 | VCE | Velence | Venecia | Venècia | Venecija | Venecio | Venedeg | Venedig | Venedik | Venediku | Venesia | Venèsia | Venesiya | Venetia | Veneția | Venetië | Venetsia | Veneza | Venezia | Venezsia | Venice | Venies | Venise | Venizia | Vignesie | Vinezzia | V'nise | Wenecja | Βενετία | Венеција | Венеция | Венеція | ვენეცია | Վենետիկ | ונציה | البندقية | ونیز | ۋېنىتسىيە | ヴェニス | ヴェネツィア | ベニス | 威尼斯,52,
00200576-p004-loc01,00200576-p004,00200576,1,Venezia,Venice,3164603,https://www.geonames.org/3164603,45.43713,12.33265,Italy,베니스 | 베네치아 | an Veinéis | Benátky | Benetke | Benezia | Feneyjar | ITVCE | Mleci | Q641 | VCE | Velence | Venecia | Venècia | Venecija | Venecio | Venedeg | Venedig | Venedik | Venediku | Venesia | Venèsia | Venesiya | Venetia | Veneția | Venetië | Venetsia | Veneza | Venezia | Venezsia | Venice | Venies | Venise | Venizia | Vignesie | Vinezzia | V'nise | Wenecja | Βενετία | Венеција | Венеция | Венеція | ვენეცია | Վենետիկ | ונציה | البندقية | ونیز | ۋېنىتسىيە | ヴェニス | ヴェネツィア | ベニス | 威尼斯,52,
02154453-p001-loc01,02154453-p001,02154453,1,Italy,Italy,3175395,https://www.geonames.org/3175395,42.83333,12.83333,Italy,이탈리아 | An Eadailt | an Iodáil | Étalie | gugdrxitali | ʻĪtali | i-Italy | il Bel Paese | IT | Itaalia | Itaalje | Itâglia | Itali | Itáli | Italia | Itałia | Itália | Itàlia | Ítalía | Italian Republic | Italia nutome | italias | Italia (Ý) | Italie | Italië | Itálie | Italien | Italija | Itālija | Italio | Italiya | Italiýa | İtaliya | Italska | Italùii | Italujo | Italy | Italya | Îtalya | İtalya | ’Itāria | Itāria | Itualii | Litaliyän | l-Italja | Olaszország | Q38 | Repubblica Italiana | República Italiana | Republic of Italy | Taliansko | Talyaani | Talyaaniga | Ubutaliyani | Uitaliani | Włochy | Ý | Yitale | Yr Eidal | Ιταλία | Итали | Италија | Италия | Италї | Итолиё | Італія | იტალია | Իտալիա | איטאליע | איטאַליע | איטליה | إيطاليا | ئىتالىيە | ئیتاڵی | اٹلی | اِٹلی | اټاليا | اٽلي | ايطاليا | ایتالیا | ایټالیه | ܐܝܛܠܝܐ | ܝܜܠܝܐ | ጣሊያን | ጣልያን | इटली | इटली: | इटाली | ইটালি | ইতালি | ਇਟਲੀ | ઇટાલી | ଇଟାଲୀ | இத்தாலி | ఇటలీ | ಇಟಲಿ | ഇറ്റലി | ඉතාලිය | ประเทศอิตาลี | อิตาลี | ອິຕາລີ | དགྱིའི་དའ་རླིས | ཨི་ཀྲར་ལི་ | ཨི་ཊ་ལི | အီတလီ | អ៊ីតាលី | イタリア | イタリア共和国 | ꑴꄊꆺ | 意大利 | 義大利,111,
02154453-p002-loc01,02154453-p002,02154453,1,Valletta,Valletta,2562305,https://www.geonames.org/2562305,35.89968,14.5148,Malta,발레타 | A Valeta | A Valletta | La Valèt | La Valeta | Ła Vałeta | La Valeto | La-Valeto | La Valëtta | La Valette | La Valletta | MLA | MTMLA | Q23800 | Vaileite | Valeta | Valetta | Valleta | Vallett | Valletta | Waleta | Βαλέτα | Βαλέττα | Валета | Валлеттæ | Валлетта | Валлетта ош | Ла Валета | ვალეტა | Վալետա | וואלעטא | ולטה | فاليتا | ڤالێتا | والتا | والیٹا | ولیٹا | ቫሌታ | भलेट | व्हॅलेटा | ভাল্লেত্তা | ਵਲੈਟਾ | வல்லெட்டா | വലേറ്റ | วัลเลตตา | ཝ་ལེ་ཐ། | バレッタ | 瓦莱塔 | 華列他,49,
02154453-p003-loc01,02154453-p003,02154453,1,Valletta,Valletta,8334638,https://www.geonames.org/8334638,35.89833,14.5125,Malta,Il-Belt Valletta | Q23800 | Valletta,3,
00560432-p004-loc01,00560432-p004,00560432,1,Cambridge,Cambridge,2653941,https://www.geonames.org/2653941,52.2,0.11667,United Kingdom,케임브리지 | Caergrawnt | Cambridge | Cantabrigia | CBG | GBCMG | Grantanbrycg | Kambrij | Kembric | Kembridža | Kembridžas | Kembriĝo | Kiam-khiâu | Κέμπριτζ | Кеймбридж | Кембридж | Кембриҷ | Кембриџ | Кембрідж | Кембрыдж | კემბრიჯი | Քեմբրիջ | קיימברידג' | كامبريدج | کمبریج | کیمبرج | केंब्रिज | ক্যামব্রিজ | ಕೇಂಬ್ರಿಜ್ | കേംബ്രിഡ്ജ് | เคมบริดจ์ | ကိန်းဘရစ်ချ်မြို့ | ケンブリッジ | 劍橋,34,
00560433-p002-loc01,00560433-p002,00560433,1,Cambridge,Cambridge,2653941,https://www.geonames.org/2653941,52.2,0.11667,United Kingdom,케임브리지 | Caergrawnt | Cambridge | Cantabrigia | CBG | GBCMG | Grantanbrycg | Kambrij | Kembric | Kembridža | Kembridžas | Kembriĝo | Kiam-khiâu | Κέμπριτζ | Кеймбридж | Кембридж | Кембриҷ | Кембриџ | Кембрідж | Кембрыдж | კემბრიჯი | Քեմբրիջ | קיימברידג' | كامبريدج | کمبریج | کیمبرج | केंब्रिज | ক্যামব্রিজ | ಕೇಂಬ್ರಿಜ್ | കേംബ്രിഡ്ജ് | เคมบริดจ์ | ကိန်းဘရစ်ချ်မြို့ | ケンブリッジ | 劍橋,34,
02015650-p003-loc01,02015650-p003,02015650,1,Milan,Milan,3173435,https://www.geonames.org/3173435,45.46427,9.18951,Italy,밀라노 | ITMIL | Lungsod ng Milano | Mailand | Mediolan | Mediolanum | MIL | Milà | Milaan | Milan | Milán | Milāna | Milanas | Milano | Miláno | Milánó | Mílanó | Milanu | Milão | Mилан | Милан | Милано | Мілан | მილანი | Միլան | מילאנו | مىلان | ميلانو | মিলান | மிலன் | มิลาน | ミラノ | 米蘭,33,
02015650-p004-loc01,02015650-p004,02015650,1,Milano,Milan,3173435,https://www.geonames.org/3173435,45.46427,9.18951,Italy,밀라노 | ITMIL | Lungsod ng Milano | Mailand | Mediolan | Mediolanum | MIL | Milà | Milaan | Milan | Milán | Milāna | Milanas | Milano | Miláno | Milánó | Mílanó | Milanu | Milão | Mилан | Милан | Милано | Мілан | მილანი | Միլան | מילאנו | مىلان | ميلانو | মিলান | மிலன் | มิลาน | ミラノ | 米蘭,33,
02015650-p005-loc01,02015650-p005,02015650,1,Milan,Milan,3173435,https://www.geonames.org/3173435,45.46427,9.18951,Italy,밀라노 | ITMIL | Lungsod ng Milano | Mailand | Mediolan | Mediolanum | MIL | Milà | Milaan | Milan | Milán | Milāna | Milanas | Milano | Miláno | Milánó | Mílanó | Milanu | Milão | Mилан | Милан | Милано | Мілан | მილანი | Միլան | מילאנו | مىلان | ميلانو | মিলান | மிலன் | มิลาน | ミラノ | 米蘭,33,
02125063-p006-loc01,02125063-p006,02125063,1,London,London,2643743,https://www.geonames.org/2643743,51.50853,-0.12574,United Kingdom,런던 | ᎫᎴ ᏗᏍᎪᏂᎯᏱ | ܠܘܢܕܘܢ | ለንደን | ロンドン | ଲଣ୍ଡନ | ลอนดอน | ລອນດອນ | GBLON | ILondon | Lākana | Landan | Landen | Llundain | Lodoni | LON | Londain | Londar | Londe | Londen | Londin | Londinium | Londn | london | London | Londona | Londonas | Londoni | Londono | Londons | Lọndọnu | Londra | Łondra | Londres | Londrez | Londri | Londro | Londye | Londyn | Londýn | Lonn | Lontoo | Loundres | Luân Đôn | Lunden | Lundra | Lůndůn | Lundúnir | Lùng-dŭng | Lunnainn | Lunnin | Lunnon | Lûn-tun | Lùn-tûn | Q84 | Rānana | لأندأن | لندن | لەندەن | لوندون | לאנדאן | לונדון | Λονδίνο | Лёндан | Лондан | Лондон | Лондон ош | Лондонъ | ལོན་ཊོན། | Լոնդոն | Լոնտոն | ლონდონი | लण्डन | लन्डन् | लन्दन | लंडन | लंदन | લંડન | లండన్ | ਲੰਡਨ | ಲಂಡನ್ | இலண்டன் | ലണ്ടൻ | লন্ডন | လန်ဒန်မြို့ | ලන්ඩන් | 伦敦 | 倫敦,88,
02125063-p007-loc01,02125063-p007,02125063,1,New York,New York,5128581,https://www.geonames.org/5128581,40.71427,-74.00597,United States,뉴욕 | 뉴욕 시 | 10001 | 10002 | 10003 | 10004 | 10005 | 10006 | 10007 | 10008 | 10009 | 10010 | 10011 | 10012 | 10013 | 10014 | 10016 | 10017 | 10018 | 10019 | 10020 | 10021 | 10022 | 10023 | 10024 | 10025 | 10026 | 10027 | 10028 | 10029 | 10030 | 10031 | 10032 | 10033 | 10034 | 10035 | 10036 | 10037 | 10038 | 10039 | 10040 | 10041 | 10043 | 10044 | 10045 | 10055 | 10060 | 10065 | 10069 | 10080 | 10081 | 10087 | 10090 | 10101 | 10102 | 10103 | 10104 | 10105 | 10106 | 10107 | 10108 | 10109 | 10110 | 10111 | 10112 | 10113 | 10114 | 10115 | 10116 | 10117 | 10118 | 10119 | 10120 | 10121 | 10122 | 10123 | 10124 | 10125 | 10126 | 10128 | 10129 | 10130 | 10131 | 10132 | 10133 | 10138 | 10150 | 10151 | 10152 | 10153 | 10154 | 10155 | 10156 | 10157 | 10158 | 10159 | 10160 | 10161 | 10162 | 10163 | 10164 | 10165 | 10166 | 10167 | 10168 | 10169 | 10170 | 10171 | 10172 | 10173 | 10174 | 10175 | 10176 | 10177 | 10178 | 10179 | 10185 | 10199 | 10203 | 10211 | 10212 | 10213 | 10242 | 10249 | 10256 | 10258 | 10259 | 10260 | 10261 | 10265 | 10268 | 10269 | 10270 | 10271 | 10272 | 10273 | 10274 | 10275 | 10276 | 10277 | 10278 | 10279 | 10280 | 10281 | 10282 | 10285 | 10286 | Aebura | Bandar Raya New York | Big Apple | Cathair Nua-Eabhrac | City of New York | Eabhraig Nuadh | Efrog Newydd | Evrek Nowydh | Ga-no-no | Kanón:no | Kanono | Kota New York | Lungsod ng New York | Nei Yarrick Schtadt | Neu Amsterdam | Neu Jorck | New Amsterdam | New Orange | New Yorc | New York | New York borg | New York-borg | New York City | New Yorke | New York kenti | New York Stad | New Yorku | Niujorkas | Njujork | Nouvelle Yorck | Nouvieau York | Nova Amsterda | Nova Iorque | Nova York | Nova-York | Nòva York | Novjorko | Nov-Jorko | Novum Eboracum | Nowy Jork | Nua-Eabhrac | Nueva York | Ņujorka | Nuova York | NY | NYC | Nýja Jórvík | Nyu York Shehiri | Q60 | Thành phố New York | The Big Apple | USNYC | York Berri | Νέα Υόρκη | Нью-Ёрк | Нью-Йорк | Ню Йорк | Њујорк | Њу Јорк | ნიუ-იორკი | Նիւ Եորք | Նյու Յորք | ניו יארק | ניו־יאָרק | ניו יורק | نيويورك | نیویارک شہر | نیویورک | न्यूयॉर्क | নিউ ইয়র্ক সিটি | நியூயார்க் நகரம் | นครนิวยอร์ก | ニューヨーク | マンハッタン | 紐約 | 紐約市,223,
02125063-p008-loc01,02125063-p008,02125063,1,,Yale University,4846179,https://www.geonames.org/4846179,41.31121,-72.92649,United States,예일 대학교 | Chuo Kikuu cha Yale | Collegiate School of Connecticut | Đại học Yale | Jeila Universitāte | Jeilio universitetas | Jejl | Oilthigh Yale | Prifysgol Yale | Q49112 | Sveučilište Yale | The Collegiate School | Unibersidad Yale | Universidade Yale | Universidad Yale | Universidat Yale | Università di Yale | Universitas Yale | Universitas Yalensis | Universitat de Yale | Universitatea Yale | Universitato Yale | Universitat Yale | Universiteit fan Yale | Université Yale | Univerza Yale | Univerzitet Yale | Uniwersytet Yale'a | Yale | Yale College | Yale Egyetem | Yale-háskóli | Yalei Ülikool | Yalen yliopisto | Yaleova univerzita | Yale Unibertsitatea | Yale-universiteit | Yale Üniversitesi | Yale Universiteti | Yale University | Yale Yachay Suntur | Yalova univerzita | Yâ-lû Thai-ho̍k | Yel Universiteti | Yel universitetı | Πανεπιστήμιο Γέιλ | Ельскі ўніверсітэт | Єльський університет | Йейлски университет | Йельский университет | Йель университеті | Йель университечĕ | იელის უნივერსიტეტი | Եյլի համալսարան | אוניברסיטת ייל | جامعة ييل | دانشگاه ییل | زانکۆی یەیڵ | يالې ئۇنىۋېرسىتېتى | ییل یونیورسٹی | येल विश्वविद्यालय | ইয়েল বিশ্ববিদ্যালয় | ਯੇਲ ਯੂਨੀਵਰਸਿਟੀ | யேல் பல்கலைக்கழகம் | มหาวิทยาลัยเยล | ယေးလ်တက္ကသိုလ် | イェール大学 | 耶鲁大学,68,
02125063-p010-loc01,02125063-p010,02125063,1,New Haven,New Haven,4839366,https://www.geonames.org/4839366,41.30815,-72.92816,United States,뉴헤이번 | นิวเฮเวน | ニュー・ヘイヴン | 06501 | 06502 | 06503 | 06504 | 06505 | 06506 | 06507 | 06508 | 06509 | 06510 | 06511 | 06513 | 06515 | 06519 | 06520 | 06521 | 06530 | 06531 | 06532 | 06533 | 06534 | 06535 | 06536 | 06537 | 06538 | 06540 | HVN | New Haven | Niu Heivenas | Novus Portus | Ņūheivena | Nyu-Heyven | Q49145 | Queenapick | Quillipiack | Quinnepyooghq | Quinnipiac | Quinnypiock | Quinopiocke | Rodeberg | Rodenburg | USHVN | نیو هاون، کانتیکت | نیوهیون، کانتیکت | نیو ہیون، کنیکٹیکٹ | نيو هيفن | ניו הייבן | Νιου Χέιβεν | Нью-Гейвен | Нью-Гэйвэн | Нью-Хейвен | Нью-Һейвен | Нью Хэвен | Нью-Хэйвен | Ню-Ҳейвен | Ню Хейвън | Њу Хејвен | Նյու Հեյվեն | ნიუ-ჰეივენი | न्यु ह्याभेन | न्यू हेवन | न्यू हैवन | ન્યૂ હેવન | న్యూ హవెన్ | ನ್ಯೂ ಹ್ಯಾವೆನ್ | நியூ ஹேவன் | নিউ হ্যাভেন | නිව් හේවන් | 紐哈芬 | 紐希雲 | 紐黑文 | 纽黑文,75,
00203573-p005-loc01,00203573-p005,00203573,1,Oxford,Oxford,2640729,https://www.geonames.org/2640729,51.75222,-1.25596,United Kingdom,옥스퍼드 | Àth nan Damh | GBOXF | Oksford | Oksforda | Oksfordas | Oksfordo | Oksfuords | Oxenaford | Oxenaforda | Oxenford | OXF | Oxford | Oxnaford | Öxnafurða | Oxneford | Oxonia | Oxónia | Oxônia | Oxonium | Rhedicina | Rhydychen | Rysoghen | Uxavað | Οξφόρδη | Оксфард | Оксфорд | Оқсфорд | ოქსფორდი | אוקספורד | אקספארד | آکسفورد | آکسفورڈ | أكسفورد | اوكسفورد | ऑक्सफर्ड | ऑक्सफोर्ड | অক্সফোর্ড | ਆਕਸਫ਼ੋਰਡ | ஆக்சுபோர்டு | ఆక్స్‌ఫర్డ్ | ಆಕ್ಸ್‌ಫರ್ಡ್ | อ๊อกซฟอร์ด | အောက်စဖို့မြို့ | オックスフォード | 牛津,46,
00211923-p002-loc01,00211923-p002,00211923,1,Oxford,Oxford,2640729,https://www.geonames.org/2640729,51.75222,-1.25596,United Kingdom,옥스퍼드 | Àth nan Damh | GBOXF | Oksford | Oksforda | Oksfordas | Oksfordo | Oksfuords | Oxenaford | Oxenaforda | Oxenford | OXF | Oxford | Oxnaford | Öxnafurða | Oxneford | Oxonia | Oxónia | Oxônia | Oxonium | Rhedicina | Rhydychen | Rysoghen | Uxavað | Οξφόρδη | Оксфард | Оксфорд | Оқсфорд | ოქსფორდი | אוקספורד | אקספארד | آکسفورد | آکسفورڈ | أكسفورد | اوكسفورد | ऑक्सफर्ड | ऑक्सफोर्ड | অক্সফোর্ড | ਆਕਸਫ਼ੋਰਡ | ஆக்சுபோர்டு | ఆక్స్‌ఫర్డ్ | ಆಕ್ಸ್‌ಫರ್ಡ್ | อ๊อกซฟอร์ด | အောက်စဖို့မြို့ | オックスフォード | 牛津,46,
00211922-p002-loc01,00211922-p002,00211922,1,Oxford,Oxford,2640729,https://www.geonames.org/2640729,51.75222,-1.25596,United Kingdom,옥스퍼드 | Àth nan Damh | GBOXF | Oksford | Oksforda | Oksfordas | Oksfordo | Oksfuords | Oxenaford | Oxenaforda | Oxenford | OXF | Oxford | Oxnaford | Öxnafurða | Oxneford | Oxonia | Oxónia | Oxônia | Oxonium | Rhedicina | Rhydychen | Rysoghen | Uxavað | Οξφόρδη | Оксфард | Оксфорд | Оқсфорд | ოქსფორდი | אוקספורד | אקספארד | آکسفورد | آکسفورڈ | أكسفورد | اوكسفورد | ऑक्सफर्ड | ऑक्सफोर्ड | অক্সফোর্ড | ਆਕਸਫ਼ੋਰਡ | ஆக்சுபோர்டு | ఆక్స్‌ఫర్డ్ | ಆಕ್ಸ್‌ಫರ್ಡ್ | อ๊อกซฟอร์ด | အောက်စဖို့မြို့ | オックスフォード | 牛津,46,
00200226-p004-loc01,00200226-p004,00200226,1,Parigi,Paris,2988507,https://www.geonames.org/2988507,48.85341,2.3488,France,파리 | 75000 | 75001 | 75002 | 75003 | 75004 | 75005 | 75006 | 75007 | 75008 | 75009 | 75010 | 75011 | 75012 | 75013 | 75014 | 75015 | 75016 | 75017 | 75018 | 75019 | 75020 | Baariis | Bahliz | Baris | FRPAR | Lungsod ng Paris | Lutèce | Lutetia | Lutetia Parisorum | Paarys | Palika | Paname | Pantruche | PAR | Paräis | Páras | Pa-ri | Pari | Parĩ | Parī | Paries | Parigge | Pariggi | Parighji | Parigi | Pariis | Pariisi | Pariižu | Parij | Parijs | paris | Paris | París | Parîs | Parisi | Parixe | Pariz | Pariž | Paríž | Paříž | Parīze | Parizo | Párizs | Parys | Paryż | Paryžius | Q90 | Ville-Lumière | Παρίσι | Париж | Париж ош | Парижь | Париз | Парис | Паріж | Парыж | პარიზი | Բարիզ | Փարիզ | פאריז | פריז | باريس | پارىژ | پاريس | پاریس | پیرس | ܦܐܪܝܣ | ፓሪስ | पॅरिस | पेरिस | पैरिस | প্যারিস | ਪੈਰਿਸ | પૅરિસ | பாரிஸ் | పారిస్ | ಪ್ಯಾರಿಸ್ | പാരിസ് | ปารีส | ཕ་རི། | ပါရီမြို့ | ប៉ារីស | パリ | 巴黎,105,
00200226-p005-loc01,00200226-p005,00200226,1,Venezia,Venice,3164603,https://www.geonames.org/3164603,45.43713,12.33265,Italy,ベニス | 베니스 | ヴェニス | 베네치아 | ヴェネツィア | an Veinéis | Benátky | Benetke | Benezia | Feneyjar | ITVCE | Mleci | Q641 | VCE | Velence | Venecia | Venècia | Venecija | Venecio | Venedeg | Venedig | Venedik | Venediku | Venesia | Venèsia | Venesiya | Venetia | Veneția | Venetië | Venetsia | Veneza | Venezia | Venezsia | Venice | Venies | Venise | Venizia | Vignesie | Vinezzia | V'nise | Wenecja | البندقية | ۋېنىتسىيە | ونیز | ונציה | Βενετία | Венеција | Венеция | Венеція | Վենետիկ | ვენეცია | 威尼斯,52,
02018645-p004-loc01,02018645-p004,02018645,1,Parigi,Paris,2988507,https://www.geonames.org/2988507,48.85341,2.3488,France,파리 | 75000 | 75001 | 75002 | 75003 | 75004 | 75005 | 75006 | 75007 | 75008 | 75009 | 75010 | 75011 | 75012 | 75013 | 75014 | 75015 | 75016 | 75017 | 75018 | 75019 | 75020 | Baariis | Bahliz | Baris | FRPAR | Lungsod ng Paris | Lutèce | Lutetia | Lutetia Parisorum | Paarys | Palika | Paname | Pantruche | PAR | Paräis | Páras | Pa-ri | Pari | Parĩ | Parī | Paries | Parigge | Pariggi | Parighji | Parigi | Pariis | Pariisi | Pariižu | Parij | Parijs | paris | Paris | París | Parîs | Parisi | Parixe | Pariz | Pariž | Paríž | Paříž | Parīze | Parizo | Párizs | Parys | Paryż | Paryžius | Q90 | Ville-Lumière | Παρίσι | Париж | Париж ош | Парижь | Париз | Парис | Паріж | Парыж | პარიზი | Բարիզ | Փարիզ | פאריז | פריז | باريس | پارىژ | پاريس | پاریس | پیرس | ܦܐܪܝܣ | ፓሪስ | पॅरिस | पेरिस | पैरिस | প্যারিস | ਪੈਰਿਸ | પૅરિસ | பாரிஸ் | పారిస్ | ಪ್ಯಾರಿಸ್ | പാരിസ് | ปารีส | ཕ་རི། | ပါရီမြို့ | ប៉ារីស | パリ | 巴黎,105,
02018645-p005-loc01,02018645-p005,02018645,1,Monselice,Monselice,3173124,https://www.geonames.org/3173124,45.239,11.74984,Italy,ITMOE | Monselice,2,
02018645-p006-loc01,02018645-p006,02018645,1,Venezia,Venice,3164603,https://www.geonames.org/3164603,45.43713,12.33265,Italy,ベニス | 베니스 | ヴェニス | 베네치아 | ヴェネツィア | an Veinéis | Benátky | Benetke | Benezia | Feneyjar | ITVCE | Mleci | Q641 | VCE | Velence | Venecia | Venècia | Venecija | Venecio | Venedeg | Venedig | Venedik | Venediku | Venesia | Venèsia | Venesiya | Venetia | Veneția | Venetië | Venetsia | Veneza | Venezia | Venezsia | Venice | Venies | Venise | Venizia | Vignesie | Vinezzia | V'nise | Wenecja | البندقية | ۋېنىتسىيە | ونیز | ונציה | Βενετία | Венеција | Венеция | Венеція | Վենետիկ | ვენეცია | 威尼斯,52,
02011381-p003-loc01,02011381-p003,02011381,1,London,,,,,,,,0,
02013677-p001-loc01,02013677-p001,02013677,1,Pittsburgh,Pittsburgh,5206379,https://www.geonames.org/5206379,40.44062,-79.99589,United States,피츠버그 | 15201 | 15202 | 15203 | 15204 | 15205 | 15206 | 15207 | 15208 | 15209 | 15210 | 15211 | 15212 | 15213 | 15214 | 15215 | 15216 | 15217 | 15218 | 15219 | 15220 | 15221 | 15222 | 15223 | 15224 | 15225 | 15226 | 15227 | 15228 | 15229 | 15230 | 15231 | 15232 | 15233 | 15234 | 15235 | 15236 | 15237 | 15238 | 15239 | 15240 | 15241 | 15242 | 15243 | 15244 | 15250 | 15251 | 15252 | 15253 | 15254 | 15255 | 15257 | 15258 | 15259 | 15260 | 15261 | 15262 | 15264 | 15265 | 15267 | 15268 | 15270 | 15272 | 15274 | 15275 | 15276 | 15277 | 15278 | 15279 | 15281 | 15282 | 15283 | 15286 | 15290 | Allegheny | Fort Dunmore | Fort Duquesne | Fort Pitt | Fort Trent | PIT | Pitsburga | Pitsburgas | Pitsburgo | Pittsbarig | Pitts-Bourg | Pittsburg | Pittsburgh | Pittsburgum | Pittsburq | The Manor of Pittsburgh | USPIT | Πίτσμπεργκ | Питсбург | Питсбърг | Питтсбург | Пітсбург | Піттсбург | פיטסבורג | بيتسبرغ | پٹس برگ | پٹسبرگ | پیتسبرگ، پنسیلوانیا | पिट्सबर्ग | ਪਿਟਸਬਰਗ | பிட்ஸ்பர்க் | పిట్స్‌బర్గ్ | ಪಿಟ್ಸ್‌ಬರ್ಗ್ | พิตต์สเบิร์ก | ピッツバーグ | 匹兹堡 | 匹茲堡,111,
02013677-p002-loc01,02013677-p002,02013677,1,Princeton,Princeton,5102922,https://www.geonames.org/5102922,40.34872,-74.65905,United States,프린스턴 | 08540 | 08541 | 08542 | 08543 | 08544 | PCT | Princes Town | Princeton | Princetonia | Princetown | Prince Town | Prinstona | Q138518 | Stony Brook | USPCT | Принстон | Принстън | პრინსტონი | Փրինսթոն | פרינסטון | برينستون | پرنسٹن، نیو جرسی | پرینستون، نیوجرسی | प्रिन्‍सटन | प्रिन्स्टन | プリンストン | 普林斯顿,28,
02000343-p006-loc01,02000343-p006,02000343,1,Venezia,,,,,,,,0,
00200588-p001-loc01,00200588-p001,00200588,1,Venice,Venice,3164603,https://www.geonames.org/3164603,45.43713,12.33265,Italy,베니스 | 베네치아 | an Veinéis | Benátky | Benetke | Benezia | Feneyjar | ITVCE | Mleci | Q641 | VCE | Velence | Venecia | Venècia | Venecija | Venecio | Venedeg | Venedig | Venedik | Venediku | Venesia | Venèsia | Venesiya | Venetia | Veneția | Venetië | Venetsia | Veneza | Venezia | Venezsia | Venice | Venies | Venise | Venizia | Vignesie | Vinezzia | V'nise | Wenecja | Βενετία | Венеција | Венеция | Венеція | ვენეცია | Վենետիկ | ונציה | البندقية | ونیز | ۋېنىتسىيە | ヴェニス | ヴェネツィア | ベニス | 威尼斯,52,
00200588-p002-loc01,00200588-p002,00200588,1,London,London,2643743,https://www.geonames.org/2643743,51.50853,-0.12574,United Kingdom,런던 | ᎫᎴ ᏗᏍᎪᏂᎯᏱ | ܠܘܢܕܘܢ | ለንደን | ロンドン | ଲଣ୍ଡନ | ลอนดอน | ລອນດອນ | GBLON | ILondon | Lākana | Landan | Landen | Llundain | Lodoni | LON | Londain | Londar | Londe | Londen | Londin | Londinium | Londn | london | London | Londona | Londonas | Londoni | Londono | Londons | Lọndọnu | Londra | Łondra | Londres | Londrez | Londri | Londro | Londye | Londyn | Londýn | Lonn | Lontoo | Loundres | Luân Đôn | Lunden | Lundra | Lůndůn | Lundúnir | Lùng-dŭng | Lunnainn | Lunnin | Lunnon | Lûn-tun | Lùn-tûn | Q84 | Rānana | لأندأن | لندن | لەندەن | لوندون | לאנדאן | לונדון | Λονδίνο | Лёндан | Лондан | Лондон | Лондон ош | Лондонъ | ལོན་ཊོན། | Լոնդոն | Լոնտոն | ლონდონი | लण्डन | लन्डन् | लन्दन | लंडन | लंदन | લંડન | లండన్ | ਲੰਡਨ | ಲಂಡನ್ | இலண்டன் | ലണ്ടൻ | লন্ডন | လန်ဒန်မြို့ | ලන්ඩන් | 伦敦 | 倫敦,88,
00200588-p003-loc01,00200588-p003,00200588,1,Florence,Florence,3176959,https://www.geonames.org/3176959,43.77925,11.24626,Italy,피렌체 | 플로렌스 | 50123 | Fflorens | Firenca | Firence | Firense | Firenz | Firenze | Firenzi | Florâns | Flórans | Floransa | Florença | Florence | Florencėjė | Florencia | Floréncia | Florència | Florencie | Florencija | Florencja | Florenco | Florens | Flórens | Florénsa | Florensiya | Florensya | Florența | Florentia | Florentzia | Florenz | FLR | ITFLR | Lungsod ng Florencia | Sciorenza | Φλωρεντία | Фиренца | Фларэнцыя | Флоренц | Флоренци | Флоренций | Флоренция | Флоренція | ფლორენცია | Ֆլորենցիա | פירנצה | פירענצע | فلورانس | فلورنس | فلورنسا | फ्लोरेन्स | फ़्लोरेन्स | ফ্লোরেন্স | ఫ్లోరెన్స్ | ഫ്ലോറൻസ് | ฟลอเรนซ์ | ཧྥུ་ལོ་རོན་ཟིའུ་ཡ། | フィレンツェ | 佛罗伦萨 | 翡冷翠,61,
00200588-p004-loc01,00200588-p004,00200588,1,Cambridge,Cambridge,4931972,https://www.geonames.org/4931972,42.3751,-71.10561,United States,케임브리지 | 02138 | 02139 | 02140 | 02141 | 02142 | 02238 | Cambridge | Cambridge i Massachusetts | Cantabrigia | Keimbridža | Kembric | Kembridžas | Kembriĝo | Mishawum | Newtown | New Town | Newtowne | New Towne | Old Cambridge | Q49111 | USJHY | Κέιμπριτζ | Кеймбридж | Кембридж | Кембриж | Кембриҗ | Кембриҷ | Кембриџ | Кембрыдж | Кэмбридж | კემბრიჯი | Քեմբրիջ | קיימברידג' | קעמברידזש | كامبريدج | کامبریج | کمبریج | کمبریج، ماساچوست | کیمبرج، میساچوسٹس | केंब्रिज | কেমব্রিজ | கேம்பிரிஜ் | కేంబ్రిడ్జ్ | เคมบริดจ์ | ケンブリッジ | 剑桥 | 劍橋,48,
00200588-p005-loc01,00200588-p005,00200588,1,Cambridge,Cambridge,4931972,https://www.geonames.org/4931972,42.3751,-71.10561,United States,케임브리지 | 02138 | 02139 | 02140 | 02141 | 02142 | 02238 | Cambridge | Cambridge i Massachusetts | Cantabrigia | Keimbridža | Kembric | Kembridžas | Kembriĝo | Mishawum | Newtown | New Town | Newtowne | New Towne | Old Cambridge | Q49111 | USJHY | Κέιμπριτζ | Кеймбридж | Кембридж | Кембриж | Кембриҗ | Кембриҷ | Кембриџ | Кембрыдж | Кэмбридж | კემბრიჯი | Քեմբրիջ | קיימברידג' | קעמברידזש | كامبريدج | کامبریج | کمبریج | کمبریج، ماساچوست | کیمبرج، میساچوسٹس | केंब्रिज | কেমব্রিজ | கேம்பிரிஜ் | కేంబ్రిడ్జ్ | เคมบริดจ์ | ケンブリッジ | 剑桥 | 劍橋,48,
00200587-p001-loc01,00200587-p001,00200587,1,"Lakelands, Blackrock (Cork)",Blackrock,2966132,https://www.geonames.org/2966132,51.89694,-8.41,Ireland,Blackrock,1,
00200587-p002-loc01,00200587-p002,00200587,1,London,London,2643743,https://www.geonames.org/2643743,51.50853,-0.12574,United Kingdom,런던 | ᎫᎴ ᏗᏍᎪᏂᎯᏱ | ܠܘܢܕܘܢ | ለንደን | ロンドン | ଲଣ୍ଡନ | ลอนดอน | ລອນດອນ | GBLON | ILondon | Lākana | Landan | Landen | Llundain | Lodoni | LON | Londain | Londar | Londe | Londen | Londin | Londinium | Londn | london | London | Londona | Londonas | Londoni | Londono | Londons | Lọndọnu | Londra | Łondra | Londres | Londrez | Londri | Londro | Londye | Londyn | Londýn | Lonn | Lontoo | Loundres | Luân Đôn | Lunden | Lundra | Lůndůn | Lundúnir | Lùng-dŭng | Lunnainn | Lunnin | Lunnon | Lûn-tun | Lùn-tûn | Q84 | Rānana | لأندأن | لندن | لەندەن | لوندون | לאנדאן | לונדון | Λονδίνο | Лёндан | Лондан | Лондон | Лондон ош | Лондонъ | ལོན་ཊོན། | Լոնդոն | Լոնտոն | ლონდონი | लण्डन | लन्डन् | लन्दन | लंडन | लंदन | લંડન | లండన్ | ਲੰਡਨ | ಲಂಡನ್ | இலண்டன் | ലണ്ടൻ | লন্ডন | လန်ဒန်မြို့ | ලන්ඩන් | 伦敦 | 倫敦,88,
00200587-p003-loc01,00200587-p003,00200587,1,Cambridge,Cambridge,2653941,https://www.geonames.org/2653941,52.2,0.11667,United Kingdom,케임브리지 | Caergrawnt | Cambridge | Cantabrigia | CBG | GBCMG | Grantanbrycg | Kambrij | Kembric | Kembridža | Kembridžas | Kembriĝo | Kiam-khiâu | Κέμπριτζ | Кеймбридж | Кембридж | Кембриҷ | Кембриџ | Кембрідж | Кембрыдж | კემბრიჯი | Քեմբրիջ | קיימברידג' | كامبريدج | کمبریج | کیمبرج | केंब्रिज | ক্যামব্রিজ | ಕೇಂಬ್ರಿಜ್ | കേംബ്രിഡ്ജ് | เคมบริดจ์ | ကိန်းဘရစ်ချ်မြို့ | ケンブリッジ | 劍橋,34,
00200589-p002-loc01,00200589-p002,00200589,1,,Veneto,3164604,https://www.geonames.org/3164604,45.5,11.75,Italy,베네토 주 | แคว้นเวเนโต | Benátsko | Benečija | Feneto | Q1243 | Región de Véneto | Regione del Veneto | Vènècie | Venèt | Venetas | Venetia | Vénétie | Venetië | Venetien | Veneto | Véneto | Vèneto | Vêneto | Venetó | Venetu | Vénetu | Venezien | Venit | Vènitu | Venneto | Vî-nì-thok | Wenecja Euganejska | صوبہ وینیٹو | فينيتو | ونتو | وینیتو | ונטו | Βένετο | Венета | Венето | Венеция | ཝེ་ནེ་ཏོ། | Վենետո | ვენეტო | व्हेनेतो | ਵੈਨੇਤੋ | 威尼托 | ヴェネト州,44,
00200589-p003-loc01,00200589-p003,00200589,1,London,London,2643743,https://www.geonames.org/2643743,51.50853,-0.12574,United Kingdom,런던 | ᎫᎴ ᏗᏍᎪᏂᎯᏱ | ܠܘܢܕܘܢ | ለንደን | ロンドン | ଲଣ୍ଡନ | ลอนดอน | ລອນດອນ | GBLON | ILondon | Lākana | Landan | Landen | Llundain | Lodoni | LON | Londain | Londar | Londe | Londen | Londin | Londinium | Londn | london | London | Londona | Londonas | Londoni | Londono | Londons | Lọndọnu | Londra | Łondra | Londres | Londrez | Londri | Londro | Londye | Londyn | Londýn | Lonn | Lontoo | Loundres | Luân Đôn | Lunden | Lundra | Lůndůn | Lundúnir | Lùng-dŭng | Lunnainn | Lunnin | Lunnon | Lûn-tun | Lùn-tûn | Q84 | Rānana | لأندأن | لندن | لەندەن | لوندون | לאנדאן | לונדון | Λονδίνο | Лёндан | Лондан | Лондон | Лондон ош | Лондонъ | ལོན་ཊོན། | Լոնդոն | Լոնտոն | ლონდონი | लण्डन | लन्डन् | लन्दन | लंडन | लंदन | લંડન | లండన్ | ਲੰਡਨ | ಲಂಡನ್ | இலண்டன் | ലണ്ടൻ | লন্ডন | လန်ဒန်မြို့ | ලන්ඩන් | 伦敦 | 倫敦,88,
00200589-p004-loc01,00200589-p004,00200589,1,Paris,Paris,2988507,https://www.geonames.org/2988507,48.85341,2.3488,France,파리 | 75000 | 75001 | 75002 | 75003 | 75004 | 75005 | 75006 | 75007 | 75008 | 75009 | 75010 | 75011 | 75012 | 75013 | 75014 | 75015 | 75016 | 75017 | 75018 | 75019 | 75020 | Baariis | Bahliz | Baris | FRPAR | Lungsod ng Paris | Lutèce | Lutetia | Lutetia Parisorum | Paarys | Palika | Paname | Pantruche | PAR | Paräis | Páras | Pa-ri | Pari | Parĩ | Parī | Paries | Parigge | Pariggi | Parighji | Parigi | Pariis | Pariisi | Pariižu | Parij | Parijs | paris | Paris | París | Parîs | Parisi | Parixe | Pariz | Pariž | Paríž | Paříž | Parīze | Parizo | Párizs | Parys | Paryż | Paryžius | Q90 | Ville-Lumière | Παρίσι | Париж | Париж ош | Парижь | Париз | Парис | Паріж | Парыж | პარიზი | Բարիզ | Փարիզ | פאריז | פריז | باريس | پارىژ | پاريس | پاریس | پیرس | ܦܐܪܝܣ | ፓሪስ | पॅरिस | पेरिस | पैरिस | প্যারিস | ਪੈਰਿਸ | પૅરિસ | பாரிஸ் | పారిస్ | ಪ್ಯಾರಿಸ್ | പാരിസ് | ปารีส | ཕ་རི། | ပါရီမြို့ | ប៉ារីស | パリ | 巴黎,105,
00200589-p005-loc01,00200589-p005,00200589,1,London,London,2643743,https://www.geonames.org/2643743,51.50853,-0.12574,United Kingdom,런던 | ᎫᎴ ᏗᏍᎪᏂᎯᏱ | ܠܘܢܕܘܢ | ለንደን | ロンドン | ଲଣ୍ଡନ | ลอนดอน | ລອນດອນ | GBLON | ILondon | Lākana | Landan | Landen | Llundain | Lodoni | LON | Londain | Londar | Londe | Londen | Londin | Londinium | Londn | london | London | Londona | Londonas | Londoni | Londono | Londons | Lọndọnu | Londra | Łondra | Londres | Londrez | Londri | Londro | Londye | Londyn | Londýn | Lonn | Lontoo | Loundres | Luân Đôn | Lunden | Lundra | Lůndůn | Lundúnir | Lùng-dŭng | Lunnainn | Lunnin | Lunnon | Lûn-tun | Lùn-tûn | Q84 | Rānana | لأندأن | لندن | لەندەن | لوندون | לאנדאן | לונדון | Λονδίνο | Лёндан | Лондан | Лондон | Лондон ош | Лондонъ | ལོན་ཊོན། | Լոնդոն | Լոնտոն | ლონდონი | लण्डन | लन्डन् | लन्दन | लंडन | लंदन | લંડન | లండన్ | ਲੰਡਨ | ಲಂಡನ್ | இலண்டன் | ലണ്ടൻ | লন্ডন | လန်ဒန်မြို့ | ලන්ඩන් | 伦敦 | 倫敦,88,
00200590-p001-loc01,00200590-p001,00200590,1,Florence,Florence,3176959,https://www.geonames.org/3176959,43.77925,11.24626,Italy,피렌체 | 플로렌스 | 50123 | Fflorens | Firenca | Firence | Firense | Firenz | Firenze | Firenzi | Florâns | Flórans | Floransa | Florença | Florence | Florencėjė | Florencia | Floréncia | Florència | Florencie | Florencija | Florencja | Florenco | Florens | Flórens | Florénsa | Florensiya | Florensya | Florența | Florentia | Florentzia | Florenz | FLR | ITFLR | Lungsod ng Florencia | Sciorenza | Φλωρεντία | Фиренца | Фларэнцыя | Флоренц | Флоренци | Флоренций | Флоренция | Флоренція | ფლორენცია | Ֆլորենցիա | פירנצה | פירענצע | فلورانس | فلورنس | فلورنسا | फ्लोरेन्स | फ़्लोरेन्स | ফ্লোরেন্স | ఫ్లోరెన్స్ | ഫ്ലോറൻസ് | ฟลอเรนซ์ | ཧྥུ་ལོ་རོན་ཟིའུ་ཡ། | フィレンツェ | 佛罗伦萨 | 翡冷翠,61,
00200590-p002-loc01,00200590-p002,00200590,1,London,London,2643743,https://www.geonames.org/2643743,51.50853,-0.12574,United Kingdom,런던 | ᎫᎴ ᏗᏍᎪᏂᎯᏱ | ܠܘܢܕܘܢ | ለንደን | ロンドン | ଲଣ୍ଡନ | ลอนดอน | ລອນດອນ | GBLON | ILondon | Lākana | Landan | Landen | Llundain | Lodoni | LON | Londain | Londar | Londe | Londen | Londin | Londinium | Londn | london | London | Londona | Londonas | Londoni | Londono | Londons | Lọndọnu | Londra | Łondra | Londres | Londrez | Londri | Londro | Londye | Londyn | Londýn | Lonn | Lontoo | Loundres | Luân Đôn | Lunden | Lundra | Lůndůn | Lundúnir | Lùng-dŭng | Lunnainn | Lunnin | Lunnon | Lûn-tun | Lùn-tûn | Q84 | Rānana | لأندأن | لندن | لەندەن | لوندون | לאנדאן | לונדון | Λονδίνο | Лёндан | Лондан | Лондон | Лондон ош | Лондонъ | ལོན་ཊོན། | Լոնդոն | Լոնտոն | ლონდონი | लण्डन | लन्डन् | लन्दन | लंडन | लंदन | લંડન | లండన్ | ਲੰਡਨ | ಲಂಡನ್ | இலண்டன் | ലണ്ടൻ | লন্ডন | လန်ဒန်မြို့ | ලන්ඩන් | 伦敦 | 倫敦,88,
02123919-p002-loc01,02123919-p002,02123919,1,Venezia,Venice,3164603,https://www.geonames.org/3164603,45.43713,12.33265,Italy,ベニス | 베니스 | ヴェニス | 베네치아 | ヴェネツィア | an Veinéis | Benátky | Benetke | Benezia | Feneyjar | ITVCE | Mleci | Q641 | VCE | Velence | Venecia | Venècia | Venecija | Venecio | Venedeg | Venedig | Venedik | Venediku | Venesia | Venèsia | Venesiya | Venetia | Veneția | Venetië | Venetsia | Veneza | Venezia | Venezsia | Venice | Venies | Venise | Venizia | Vignesie | Vinezzia | V'nise | Wenecja | البندقية | ۋېنىتسىيە | ونیز | ונציה | Βενετία | Венеција | Венеция | Венеція | Վենետիկ | ვენეცია | 威尼斯,52,
00204184-p002-loc01,00204184-p002,00204184,1,Oxford,Oxford,2640729,https://www.geonames.org/2640729,51.75222,-1.25596,United Kingdom,옥스퍼드 | Àth nan Damh | GBOXF | Oksford | Oksforda | Oksfordas | Oksfordo | Oksfuords | Oxenaford | Oxenaforda | Oxenford | OXF | Oxford | Oxnaford | Öxnafurða | Oxneford | Oxonia | Oxónia | Oxônia | Oxonium | Rhedicina | Rhydychen | Rysoghen | Uxavað | Οξφόρδη | Оксфард | Оксфорд | Оқсфорд | ოქსფორდი | אוקספורד | אקספארד | آکسفورد | آکسفورڈ | أكسفورد | اوكسفورد | ऑक्सफर्ड | ऑक्सफोर्ड | অক্সফোর্ড | ਆਕਸਫ਼ੋਰਡ | ஆக்சுபோர்டு | ఆక్స్‌ఫర్డ్ | ಆಕ್ಸ್‌ಫರ್ಡ್ | อ๊อกซฟอร์ด | အောက်စဖို့မြို့ | オックスフォード | 牛津,46,
02015305-p001-loc01,02015305-p001,02015305,1,Paris,Paris,2988507,https://www.geonames.org/2988507,48.85341,2.3488,France,파리 | 75000 | 75001 | 75002 | 75003 | 75004 | 75005 | 75006 | 75007 | 75008 | 75009 | 75010 | 75011 | 75012 | 75013 | 75014 | 75015 | 75016 | 75017 | 75018 | 75019 | 75020 | Baariis | Bahliz | Baris | FRPAR | Lungsod ng Paris | Lutèce | Lutetia | Lutetia Parisorum | Paarys | Palika | Paname | Pantruche | PAR | Paräis | Páras | Pa-ri | Pari | Parĩ | Parī | Paries | Parigge | Pariggi | Parighji | Parigi | Pariis | Pariisi | Pariižu | Parij | Parijs | paris | Paris | París | Parîs | Parisi | Parixe | Pariz | Pariž | Paríž | Paříž | Parīze | Parizo | Párizs | Parys | Paryż | Paryžius | Q90 | Ville-Lumière | Παρίσι | Париж | Париж ош | Парижь | Париз | Парис | Паріж | Парыж | პარიზი | Բարիզ | Փարիզ | פאריז | פריז | باريس | پارىژ | پاريس | پاریس | پیرس | ܦܐܪܝܣ | ፓሪስ | पॅरिस | पेरिस | पैरिस | প্যারিস | ਪੈਰਿਸ | પૅરિસ | பாரிஸ் | పారిస్ | ಪ್ಯಾರಿಸ್ | പാരിസ് | ปารีส | ཕ་རི། | ပါရီမြို့ | ប៉ារីស | パリ | 巴黎,105,
02015305-p002-loc01,02015305-p002,02015305,1,,Switzerland,2658434,https://www.geonames.org/2658434,47.00016,8.01427,Switzerland,スイス | 스위스 | ស្វ៊ីស | ስዊዘርላንድ | ສະວິດເຊີແລນ | ସ୍ୱିଜରଲ୍ୟାଣ୍ଡ | สวิตเซอร์แลนด์ | An Eilbheis | an Eilvéis | CH | Confederatio Helvetica | Confédération Suisse | Confederazione Svizzera | Confoederatio Helvetica | Elveția | Helvetia | İsveçrə | İsviçre | i-Switzerland | Ĩveits | l-Iżvizzera | Schwäiz | Schweiz | Schweizerische Eidgenossenschaft | Schweizi | Schwiz | Shveytsariya | Siwis | Soisa | Soïssa | Suíça | Suis | Sûîsi | Suisilani | Suissa | Suïssa | Suisse | Suitza | Suiza | Suíza | Suwiis | Suwisi | Suwizalan | Svájc | Švajčiarsko | Šveica | Šveicarija | Šveice | Sveis | Sveits | Šveits | Sveitsi | Švica | Švicarska | Sviss | Svisujo | Svizra | Svizzera | Švýcarsko | Swetzaland | Şweýsariýa | Swiiserlaand | Swise | Swisɛ | Swîsre | Swiss | Swiss Confederation | switiṣilandi | Switizirandi | Switserlan | Switserlân | Switserland | Switzerland | Switzerland nutome | Szwajcaria | Thụy Sĩ | Ubusuwisi | Uswisi | Y Swistir | Zvicër | Zwitserland | سُوِزَرلینڑ | سویس | سوئٹزر لینڈ | سوئزرلينڊ | سوئیس | سويسرا | شىۋېتسارىيە | שווייץ | שוויץ | Ελβετία | Швајцарија | Швајцарска | Швейтсария | Швейцари | Швейцария | Швейцарія | Швейцарыя | Швейцарь | སུ་ཝིཊ་ཛར་ལེནཌ | ཧྲུད་ཧྲི། | Զուիցերիա | Շվեյցարիա | შვეიცარია | स्विजरल्याण्ड | स्विटज़रलैंड | स्वित्झर्लंड | स्विस | સ્વિટ્ઝર્લૅન્ડ | స్విట్జర్లాండ్ | ਸਵਿਟਜ਼ਰਲੈਂਡ | ಸ್ವಿಟ್ಜರ್ಲ್ಯಾಂಡ್ | ஸ்விட்சர்லாந்து | സ്വിറ്റ്സർലാൻഡ് | চুইজাৰলেণ্ড | সুইজর্লণ্ড | সুইজারল্যান্ড | ဆွစ်ဇာလန် | ස්විස්ටර්ලන්තය | 瑞士 | スイス連邦,121,
02015305-p003-loc01,02015305-p003,02015305,1,Solothurn,Solothurn,2658564,https://www.geonames.org/2658564,47.20791,7.53714,Switzerland,졸로투른 | ゾロトゥルン | โซโลทูร์น | 4500 | Soletta | Soleura | Soleure | Solloturni | Solodurum | Solothurn | Soloturn | Soloturno | Solura | Suleta | ZKS | Zoloturnas | سولوتورن | זולותורן | Залатурн | Золотурн | ზოლოთურნი | 索洛图恩,22,
02015305-p004-loc01,02015305-p004,02015305,1,,Switzerland,2658434,https://www.geonames.org/2658434,47.00016,8.01427,Switzerland,スイス | 스위스 | ស្វ៊ីស | ስዊዘርላንድ | ສະວິດເຊີແລນ | ସ୍ୱିଜରଲ୍ୟାଣ୍ଡ | สวิตเซอร์แลนด์ | An Eilbheis | an Eilvéis | CH | Confederatio Helvetica | Confédération Suisse | Confederazione Svizzera | Confoederatio Helvetica | Elveția | Helvetia | İsveçrə | İsviçre | i-Switzerland | Ĩveits | l-Iżvizzera | Schwäiz | Schweiz | Schweizerische Eidgenossenschaft | Schweizi | Schwiz | Shveytsariya | Siwis | Soisa | Soïssa | Suíça | Suis | Sûîsi | Suisilani | Suissa | Suïssa | Suisse | Suitza | Suiza | Suíza | Suwiis | Suwisi | Suwizalan | Svájc | Švajčiarsko | Šveica | Šveicarija | Šveice | Sveis | Sveits | Šveits | Sveitsi | Švica | Švicarska | Sviss | Svisujo | Svizra | Svizzera | Švýcarsko | Swetzaland | Şweýsariýa | Swiiserlaand | Swise | Swisɛ | Swîsre | Swiss | Swiss Confederation | switiṣilandi | Switizirandi | Switserlan | Switserlân | Switserland | Switzerland | Switzerland nutome | Szwajcaria | Thụy Sĩ | Ubusuwisi | Uswisi | Y Swistir | Zvicër | Zwitserland | سُوِزَرلینڑ | سویس | سوئٹزر لینڈ | سوئزرلينڊ | سوئیس | سويسرا | شىۋېتسارىيە | שווייץ | שוויץ | Ελβετία | Швајцарија | Швајцарска | Швейтсария | Швейцари | Швейцария | Швейцарія | Швейцарыя | Швейцарь | སུ་ཝིཊ་ཛར་ལེནཌ | ཧྲུད་ཧྲི། | Զուիցերիա | Շվեյցարիա | შვეიცარია | स्विजरल्याण्ड | स्विटज़रलैंड | स्वित्झर्लंड | स्विस | સ્વિટ્ઝર્લૅન્ડ | స్విట్జర్లాండ్ | ਸਵਿਟਜ਼ਰਲੈਂਡ | ಸ್ವಿಟ್ಜರ್ಲ್ಯಾಂಡ್ | ஸ்விட்சர்லாந்து | സ്വിറ്റ്സർലാൻഡ് | চুইজাৰলেণ্ড | সুইজর্লণ্ড | সুইজারল্যান্ড | ဆွစ်ဇာလန် | ස්විස්ටර්ලන්තය | 瑞士 | スイス連邦,121,
02015305-p005-loc01,02015305-p005,02015305,1,Solothurn,Solothurn,2658564,https://www.geonames.org/2658564,47.20791,7.53714,Switzerland,졸로투른 | ゾロトゥルン | โซโลทูร์น | 4500 | Soletta | Soleura | Soleure | Solloturni | Solodurum | Solothurn | Soloturn | Soloturno | Solura | Suleta | ZKS | Zoloturnas | سولوتورن | זולותורן | Залатурн | Золотурн | ზოლოთურნი | 索洛图恩,22,
02015305-p006-loc01,02015305-p006,02015305,1,Solothurn,Solothurn,2658564,https://www.geonames.org/2658564,47.20791,7.53714,Switzerland,졸로투른 | ゾロトゥルン | โซโลทูร์น | 4500 | Soletta | Soleura | Soleure | Solloturni | Solodurum | Solothurn | Soloturn | Soloturno | Solura | Suleta | ZKS | Zoloturnas | سولوتورن | זולותורן | Залатурн | Золотурн | ზოლოთურნი | 索洛图恩,22,
02015305-p007-loc01,02015305-p007,02015305,1,London,London,2643743,https://www.geonames.org/2643743,51.50853,-0.12574,United Kingdom,런던 | ᎫᎴ ᏗᏍᎪᏂᎯᏱ | ܠܘܢܕܘܢ | ለንደን | ロンドン | ଲଣ୍ଡନ | ลอนดอน | ລອນດອນ | GBLON | ILondon | Lākana | Landan | Landen | Llundain | Lodoni | LON | Londain | Londar | Londe | Londen | Londin | Londinium | Londn | london | London | Londona | Londonas | Londoni | Londono | Londons | Lọndọnu | Londra | Łondra | Londres | Londrez | Londri | Londro | Londye | Londyn | Londýn | Lonn | Lontoo | Loundres | Luân Đôn | Lunden | Lundra | Lůndůn | Lundúnir | Lùng-dŭng | Lunnainn | Lunnin | Lunnon | Lûn-tun | Lùn-tûn | Q84 | Rānana | لأندأن | لندن | لەندەن | لوندون | לאנדאן | לונדון | Λονδίνο | Лёндан | Лондан | Лондон | Лондон ош | Лондонъ | ལོན་ཊོན། | Լոնդոն | Լոնտոն | ლონდონი | लण्डन | लन्डन् | लन्दन | लंडन | लंदन | લંડન | లండన్ | ਲੰਡਨ | ಲಂಡನ್ | இலண்டன் | ലണ്ടൻ | লন্ডন | လန်ဒန်မြို့ | ලන්ඩන් | 伦敦 | 倫敦,88,
02015305-p008-loc01,02015305-p008,02015305,1,London,London,2643743,https://www.geonames.org/2643743,51.50853,-0.12574,United Kingdom,런던 | ᎫᎴ ᏗᏍᎪᏂᎯᏱ | ܠܘܢܕܘܢ | ለንደን | ロンドン | ଲଣ୍ଡନ | ลอนดอน | ລອນດອນ | GBLON | ILondon | Lākana | Landan | Landen | Llundain | Lodoni | LON | Londain | Londar | Londe | Londen | Londin | Londinium | Londn | london | London | Londona | Londonas | Londoni | Londono | Londons | Lọndọnu | Londra | Łondra | Londres | Londrez | Londri | Londro | Londye | Londyn | Londýn | Lonn | Lontoo | Loundres | Luân Đôn | Lunden | Lundra | Lůndůn | Lundúnir | Lùng-dŭng | Lunnainn | Lunnin | Lunnon | Lûn-tun | Lùn-tûn | Q84 | Rānana | لأندأن | لندن | لەندەن | لوندون | לאנדאן | לונדון | Λονδίνο | Лёндан | Лондан | Лондон | Лондон ош | Лондонъ | ལོན་ཊོན། | Լոնդոն | Լոնտոն | ლონდონი | लण्डन | लन्डन् | लन्दन | लंडन | लंदन | લંડન | లండన్ | ਲੰਡਨ | ಲಂಡನ್ | இலண்டன் | ലണ്ടൻ | লন্ডন | လန်ဒန်မြို့ | ලන්ඩන් | 伦敦 | 倫敦,88,
02003117-p001-loc01,02003117-p001,02003117,1,Brescia,Brescia,3181554,https://www.geonames.org/3181554,45.53558,10.21472,Italy,ブレシア | Brescia | Bréscia | Bresia | Bressia | Brixia | BRZ | ITBRC | Q3645136 | QBS | بريشيا | Бреша | Брешиа | 布雷西亚,14,
00200616-p003-loc01,00200616-p003,00200616,1,Främmestad,Främmestad,2713842,https://www.geonames.org/2713842,58.25,12.68333,Sweden,Främmestad,1,
00200616-p004-loc01,00200616-p004,00200616,1,München,Munich,2867714,https://www.geonames.org/2867714,48.13743,11.57549,Germany,뮌헨 | ミュンヘン | มิวนิก | 80331 | DEMUC | Lungsod ng München | Minca | Minche | Minga | Minhen | Minhene | Miunchenas | Mnichov | Mníchov | Mnichow | Monachium | Monaco de Baviera | Monaco di Baviera | Monaco e Baviera | Mònacu | Monacu di Baviera | Monacum | MUC | Muenchen | München | Münegh | Munhen | Münhen | Munic | Múnic | Munich | Múnich | Mùnich ëd Baviera | Münih | Munîh | Munike | Munique | Munix | Munkeno | Mynihu | Myunxén | میونخ | مونیخ | ميونخ | ميونيخ | מינכן | Μόναχο | Минхен | Мӱнхен | Мүнхен | Мүнхэн | Мюнхен | Միւնիխ | Մյունխեն | მიუნხენი | म्युन्शेन | म्यूनिख | ಮ್ಯೂನಿಕ್ | மியூனிக் | মিউনিখ | မြူးနစ်ချ်မြို့ | 慕尼黑,62,
00200616-p005-loc01,00200616-p005,00200616,1,Berlin,Berlin,2950159,https://www.geonames.org/2950159,52.52437,13.41053,Germany,베를린 | 10967 | 13347 | Beirlín | Belin | BER | Berlëno | Berlien | Berliin | Berliini | Berlijn | Berlim | Berlin | Berlín | Berlîn | Bèrlîn | Berlīne | Berlini | Berlino | Berlyn | Berlynas | Berolinum | Birlinu | DEBER | Estat de Berlín | Q64 | Βερολίνο | Берлин | Берлін | Бэрлін | ბერლინი | Բեռլին | Պերլին | בערלין | ברלין | برلين | برلین | بېرلىن | ܒܪܠܝܢ | बर्लिन | বার্লিন | பெர்லின் | เบอร์ลิน | ベルリン | 柏林,45,
00200616-p006-loc01,00200616-p006,00200616,1,Philadelphia,Philadelphia,4560349,https://www.geonames.org/4560349,39.95238,-75.16362,United States,필라델피아 | 19019 | 19092 | 19093 | 19099 | 19101 | 19102 | 19103 | 19104 | 19105 | 19106 | 19107 | 19108 | 19109 | 19110 | 19111 | 19112 | 19114 | 19115 | 19116 | 19118 | 19119 | 19120 | 19121 | 19122 | 19123 | 19124 | 19125 | 19127 | 19128 | 19129 | 19130 | 19131 | 19132 | 19133 | 19134 | 19135 | 19136 | 19137 | 19138 | 19139 | 19140 | 19141 | 19142 | 19143 | 19144 | 19145 | 19146 | 19147 | 19148 | 19149 | 19150 | 19151 | 19152 | 19153 | 19154 | 19155 | 19160 | 19161 | 19162 | 19170 | 19171 | 19172 | 19173 | 19175 | 19176 | 19177 | 19178 | 19179 | 19181 | 19182 | 19183 | 19184 | 19185 | 19187 | 19188 | 19191 | 19192 | 19193 | 19194 | 19195 | 19196 | 19197 | 19244 | 19255 | Coaquannock | Filadelfi | Filadelfia | Filadelfiä | Filadélfia | Filadèlfia | Filadelfie | Filadelfii | Filadelfija | Filadelfijo | Filadelfio | Filadelfiya | Filadélfiye | Fi-sàng | Ga-na-ta-jen-go-na | Phila | Philadelphia | Philadelphie | Philly | PHL | Q1345 | Quequenakee | Tsi wahswèn:to Tekahsó:ken | USPHL | Φιλαδέλφεια | Филаделфиа | Филаделфија | Филаделфия | Филадельфи | Филадельфий | Филадельфия | Філадельфія | Філадэльфія | ფილადელფია | Ֆիլադելֆիա | פילאדעלפיע | פילדלפיה | فلاڈیلفیا | فلاڈیلفیا، پنسلوانیا | فيلادلفيا | فیلادلفیا | فیلادلفیا، پنسیلوانیا | ፊላዴልፊያ | फिलाडेल्फिया | ফিলাডেলফিয়া | ਫ਼ਿਲਾਡੈਲਫ਼ੀਆ | ફિલાડેલ્ફિયા | பிலடெல்பியா | ఫిలడెల్ఫియా | ಫಿಲಡೆಲ್ಫಿಯಾ | ഫിലഡെൽഫിയ | ฟิลาเดลเฟีย | ဖီလာဒဲလ်ဖီးယားမြို့ | ភីឡាដេលផ្យា | フィラデルフィア | 費城 | 费城,142,
00200616-p007-loc01,00200616-p007,00200616,1,San Marino,San Marino,5392400,https://www.geonames.org/5392400,34.1214,-118.10646,United States,샌마리노 | 91108 | 91118 | Q850869 | San Marino | San-Marino | USSMD | Σαν Μαρίνο | Сан Марино | Сан-Марино | Сан-Маріно | Сан-Марына | სან-მარინო | Սան Մարինո | סן מרינו | سان مارينو | سان مارینو، کالیفرنیا | سان مارینو، کالیفورنیا | سین مارینو، کیلی فورنیا | स्यान म्यारिनो | サン・マリノ | 圣马力诺 | 聖瑪利諾 | 聖馬利諾,24,
00200616-p008-loc01,00200616-p008,00200616,1,"San Marino, California, United States",San Marino,5392400,https://www.geonames.org/5392400,34.1214,-118.10646,United States,샌마리노 | 91108 | 91118 | Q850869 | San Marino | San-Marino | USSMD | Σαν Μαρίνο | Сан Марино | Сан-Марино | Сан-Маріно | Сан-Марына | სან-მარინო | Սան Մարինո | סן מרינו | سان مارينو | سان مارینو، کالیفرنیا | سان مارینو، کالیفورنیا | سین مارینو، کیلی فورنیا | स्यान म्यारिनो | サン・マリノ | 圣马力诺 | 聖瑪利諾 | 聖馬利諾,24,
02013652-p001-loc01,02013652-p001,02013652,1,Pittsburgh,Pittsburgh,5206379,https://www.geonames.org/5206379,40.44062,-79.99589,United States,피츠버그 | 15201 | 15202 | 15203 | 15204 | 15205 | 15206 | 15207 | 15208 | 15209 | 15210 | 15211 | 15212 | 15213 | 15214 | 15215 | 15216 | 15217 | 15218 | 15219 | 15220 | 15221 | 15222 | 15223 | 15224 | 15225 | 15226 | 15227 | 15228 | 15229 | 15230 | 15231 | 15232 | 15233 | 15234 | 15235 | 15236 | 15237 | 15238 | 15239 | 15240 | 15241 | 15242 | 15243 | 15244 | 15250 | 15251 | 15252 | 15253 | 15254 | 15255 | 15257 | 15258 | 15259 | 15260 | 15261 | 15262 | 15264 | 15265 | 15267 | 15268 | 15270 | 15272 | 15274 | 15275 | 15276 | 15277 | 15278 | 15279 | 15281 | 15282 | 15283 | 15286 | 15290 | Allegheny | Fort Dunmore | Fort Duquesne | Fort Pitt | Fort Trent | PIT | Pitsburga | Pitsburgas | Pitsburgo | Pittsbarig | Pitts-Bourg | Pittsburg | Pittsburgh | Pittsburgum | Pittsburq | The Manor of Pittsburgh | USPIT | Πίτσμπεργκ | Питсбург | Питсбърг | Питтсбург | Пітсбург | Піттсбург | פיטסבורג | بيتسبرغ | پٹس برگ | پٹسبرگ | پیتسبرگ، پنسیلوانیا | पिट्सबर्ग | ਪਿਟਸਬਰਗ | பிட்ஸ்பர்க் | పిట్స్‌బర్గ్ | ಪಿಟ್ಸ್‌ಬರ್ಗ್ | พิตต์สเบิร์ก | ピッツバーグ | 匹兹堡 | 匹茲堡,111,
02013652-p002-loc01,02013652-p002,02013652,1,Princeton,Princeton,5102922,https://www.geonames.org/5102922,40.34872,-74.65905,United States,프린스턴 | 08540 | 08541 | 08542 | 08543 | 08544 | PCT | Princes Town | Princeton | Princetonia | Princetown | Prince Town | Prinstona | Q138518 | Stony Brook | USPCT | Принстон | Принстън | პრინსტონი | Փրինսթոն | פרינסטון | برينستون | پرنسٹن، نیو جرسی | پرینستون، نیوجرسی | प्रिन्‍सटन | प्रिन्स्टन | プリンストン | 普林斯顿,28,
02120319-p001-loc01,02120319-p001,02120319,1,Vienna,Vienna,2761369,https://www.geonames.org/2761369,48.20849,16.37208,Austria,빈 | ቪየና | 비엔나 | ウィーン | เวียนนา | 1010 | 1020 | 1030 | 1040 | 1050 | 1060 | 1070 | 1080 | 1090 | 1100 | 1110 | 1120 | 1130 | 1140 | 1150 | 1160 | 1170 | 1180 | 1190 | 1200 | 1210 | 1220 | 1230 | ATVIE | Beč | Beç | Bécs | Dunaj | Fiena | Q1741 | Veen | Vena | Vídeň | VIE | Viedeň | Viên | Viena | Vienna | Vienne | Vieno | Viin | Vín | Vínarborg | Vindobona | Vīne | Viyana | Vjena | Vjenna | Vyana | Wean | Wene | Wenen | Wiedeń | Wien | Wjedźyń | فيينا | وین | וינה | Βιέννη | Беч | Вена | Виена | Відень | ཝི་ཨེ་ན། | Վիեննա | ვენა | वियना | 維也納,73,
00560436-p001-loc01,00560436-p001,00560436,1,Cambridge,Cambridge,2653941,https://www.geonames.org/2653941,52.2,0.11667,United Kingdom,케임브리지 | Caergrawnt | Cambridge | Cantabrigia | CBG | GBCMG | Grantanbrycg | Kambrij | Kembric | Kembridža | Kembridžas | Kembriĝo | Kiam-khiâu | Κέμπριτζ | Кеймбридж | Кембридж | Кембриҷ | Кембриџ | Кембрідж | Кембрыдж | კემბრიჯი | Քեմբրիջ | קיימברידג' | كامبريدج | کمبریج | کیمبرج | केंब्रिज | ক্যামব্রিজ | ಕೇಂಬ್ರಿಜ್ | കേംബ്രിഡ്ജ് | เคมบริดจ์ | ကိန်းဘရစ်ချ်မြို့ | ケンブリッジ | 劍橋,34,
00560435-p003-loc01,00560435-p003,00560435,1,Cambridge,Cambridge,2653941,https://www.geonames.org/2653941,52.2,0.11667,United Kingdom,케임브리지 | Caergrawnt | Cambridge | Cantabrigia | CBG | GBCMG | Grantanbrycg | Kambrij | Kembric | Kembridža | Kembridžas | Kembriĝo | Kiam-khiâu | Κέμπριτζ | Кеймбридж | Кембридж | Кембриҷ | Кембриџ | Кембрідж | Кембрыдж | კემბრიჯი | Քեմբրիջ | קיימברידג' | كامبريدج | کمبریج | کیمبرج | केंब्रिज | ক্যামব্রিজ | ಕೇಂಬ್ರಿಜ್ | കേംബ്രിഡ്ജ് | เคมบริดจ์ | ကိန်းဘရစ်ချ်မြို့ | ケンブリッジ | 劍橋,34,
02115809-p001-loc01,02115809-p001,02115809,1,Vienna,Vienna,2761369,https://www.geonames.org/2761369,48.20849,16.37208,Austria,빈 | ቪየና | 비엔나 | ウィーン | เวียนนา | 1010 | 1020 | 1030 | 1040 | 1050 | 1060 | 1070 | 1080 | 1090 | 1100 | 1110 | 1120 | 1130 | 1140 | 1150 | 1160 | 1170 | 1180 | 1190 | 1200 | 1210 | 1220 | 1230 | ATVIE | Beč | Beç | Bécs | Dunaj | Fiena | Q1741 | Veen | Vena | Vídeň | VIE | Viedeň | Viên | Viena | Vienna | Vienne | Vieno | Viin | Vín | Vínarborg | Vindobona | Vīne | Viyana | Vjena | Vjenna | Vyana | Wean | Wene | Wenen | Wiedeń | Wien | Wjedźyń | فيينا | وین | וינה | Βιέννη | Беч | Вена | Виена | Відень | ཝི་ཨེ་ན། | Վիեննա | ვენა | वियना | 維也納,73,
02108010-p001-loc01,02108010-p001,02108010,1,Vienna,Vienna,2761369,https://www.geonames.org/2761369,48.20849,16.37208,Austria,빈 | ቪየና | 비엔나 | ウィーン | เวียนนา | 1010 | 1020 | 1030 | 1040 | 1050 | 1060 | 1070 | 1080 | 1090 | 1100 | 1110 | 1120 | 1130 | 1140 | 1150 | 1160 | 1170 | 1180 | 1190 | 1200 | 1210 | 1220 | 1230 | ATVIE | Beč | Beç | Bécs | Dunaj | Fiena | Q1741 | Veen | Vena | Vídeň | VIE | Viedeň | Viên | Viena | Vienna | Vienne | Vieno | Viin | Vín | Vínarborg | Vindobona | Vīne | Viyana | Vjena | Vjenna | Vyana | Wean | Wene | Wenen | Wiedeń | Wien | Wjedźyń | فيينا | وین | וינה | Βιέννη | Беч | Вена | Виена | Відень | ཝི་ཨེ་ན། | Վիեննա | ვენა | वियना | 維也納,73,
00205892-p004-loc01,00205892-p004,00205892,1,Oxford,Oxford,2640729,https://www.geonames.org/2640729,51.75222,-1.25596,United Kingdom,옥스퍼드 | Àth nan Damh | GBOXF | Oksford | Oksforda | Oksfordas | Oksfordo | Oksfuords | Oxenaford | Oxenaforda | Oxenford | OXF | Oxford | Oxnaford | Öxnafurða | Oxneford | Oxonia | Oxónia | Oxônia | Oxonium | Rhedicina | Rhydychen | Rysoghen | Uxavað | Οξφόρδη | Оксфард | Оксфорд | Оқсфорд | ოქსფორდი | אוקספורד | אקספארד | آکسفورد | آکسفورڈ | أكسفورد | اوكسفورد | ऑक्सफर्ड | ऑक्सफोर्ड | অক্সফোর্ড | ਆਕਸਫ਼ੋਰਡ | ஆக்சுபோர்டு | ఆక్స్‌ఫర్డ్ | ಆಕ್ಸ್‌ಫರ್ಡ್ | อ๊อกซฟอร์ด | အောက်စဖို့မြို့ | オックスフォード | 牛津,46,
02148434-p003-loc01,02148434-p003,02148434,1,Torino,Turin,3165524,https://www.geonames.org/3165524,45.07049,7.68682,Italy,투린 | 토리노 | 10121 | Augusta Taurinorum | ITTRN | Julia Augusta Taurinorum | Lungsod ng Turino | Torí | Torin | Torino | Tórínó | Torinu | TRN | Turén | Türì | Turijn | Turim | Turin | Turín | Turìn | Turīna | Turinas | Turino | Turinu | Turyn | Τορίνο | Торино | Турин | Турын | ტურინი | Թուրին | טורין | טורינו | تورينو | تورین | टोरीनो | तोरिनो | তুরিন | துரின் | ตูริน | ཊུ་རིན། | トリノ | 都灵,43,
02018156-p002-loc01,02018156-p002,02018156,1,Roma,Rome,3169070,https://www.geonames.org/3169070,41.89193,12.51133,Italy,ሮማ | 로마 | ܪܘܡܐ | โรม | ローマ | 00187 | An Róimh | An Ròimh | Erroma | ITROM | Lungsod ng Roma | Mji wa Roma | Q220 | Råmma | Rhufain | Rim | Rím | Řím | Roeme | Rom | ROM | Róm | Roma | Róma | Rome | Romë | Romma | Romo | Rooma | Roum | Rzym | Urbs | رم | روم | روما | رىم | רומא | Ρώμη | Рим | Римъ | Ром | Рым | Հռոմ | რომი | रोम | रोमा | রোম | 罗马市 | 羅馬,49,
02003343-p001-loc01,02003343-p001,02003343,1,Mantova,Mantova,3174051,https://www.geonames.org/3174051,45.16031,10.79784,Italy,만토바 현 | マントヴァ | ITMAN | Mantoa | Màntoa | Mantoue | Mantova | Mantovës | Mantua | Màntua | Mântua | Mantuako | Mantuana | Mantujas | Mantujos | Màntuva | Mantuya | استان منتووا | صوبہ مانتووا | ضلع مانٹووا | مقاطعة مانتوفا | מנטובה | Μάντοβα | Мантова | Мантуа | Мантуя | Մանտուա | მანტუა | மேன்டுவா | 曼托瓦,30,
00200622-p001-loc01,00200622-p001,00200622,1,Verona,Verona,3164527,https://www.geonames.org/3164527,45.43854,10.9938,Italy,베로나 | Verona | Vérone | VRN | Werona | Верона | ורונה | فيرونا | ورونا | वेरोना | ヴェローナ | 维罗纳,12,
00200622-p003-loc01,00200622-p003,00200622,1,Milan,Milan,6542283,https://www.geonames.org/6542283,45.46416,9.19199,Italy,015146 | Comune di Milano | Mailand | Milan | Milán | Milano,6,
00200622-p004-loc01,00200622-p004,00200622,1,Milan,Milan,3173435,https://www.geonames.org/3173435,45.46427,9.18951,Italy,밀라노 | ITMIL | Lungsod ng Milano | Mailand | Mediolan | Mediolanum | MIL | Milà | Milaan | Milan | Milán | Milāna | Milanas | Milano | Miláno | Milánó | Mílanó | Milanu | Milão | Mилан | Милан | Милано | Мілан | მილანი | Միլան | מילאנו | مىلان | ميلانو | মিলান | மிலன் | มิลาน | ミラノ | 米蘭,33,
00206978-p004-loc01,00206978-p004,00206978,1,Oxford,Oxford,2640729,https://www.geonames.org/2640729,51.75222,-1.25596,United Kingdom,옥스퍼드 | Àth nan Damh | GBOXF | Oksford | Oksforda | Oksfordas | Oksfordo | Oksfuords | Oxenaford | Oxenaforda | Oxenford | OXF | Oxford | Oxnaford | Öxnafurða | Oxneford | Oxonia | Oxónia | Oxônia | Oxonium | Rhedicina | Rhydychen | Rysoghen | Uxavað | Οξφόρδη | Оксфард | Оксфорд | Оқсфорд | ოქსფორდი | אוקספורד | אקספארד | آکسفورد | آکسفورڈ | أكسفورد | اوكسفورد | ऑक्सफर्ड | ऑक्सफोर्ड | অক্সফোর্ড | ਆਕਸਫ਼ੋਰਡ | ஆக்சுபோர்டு | ఆక్స్‌ఫర్డ్ | ಆಕ್ಸ್‌ಫರ್ಡ್ | อ๊อกซฟอร์ด | အောက်စဖို့မြို့ | オックスフォード | 牛津,46,
02125950-p004-loc01,02125950-p004,02125950,1,Valladolid,Valladolid,3106672,https://www.geonames.org/3106672,41.65541,-4.72353,Spain,바야돌리드 | 47001 | 47002 | 47003 | 47004 | 47005 | 47006 | 47007 | 47008 | 47009 | 47010 | 47011 | 47012 | 47013 | 47014 | 47015 | 47016 | 47017 | 47018 | 47070 | 47071 | 47080 | 47153 | 47197 | ESVLL | Lungsod ng Valladolid | Pincia | Pucela | Vaładołì | Valadolido | Valdoletum | Valhadolid | Valjadolida | Valjadolidas | Valladolid | Valladolíd | Valladolís | Valladolit | Vallis Tolitum | Valyadolid | Vayadolid | VLL | Βαγιαδολίδ | Вальядалід | Вальядолид | Вальядолід | Валядолид | Ваљадолид | ვალიადოლიდი | ואיאדוליד | بلد الوليد | فايادوليذ | ڤایادۆلید | والاڈولڈ | وایادولید | वायादोलिद | บายาโดลิด | バリャドリッド | 巴利亚多利德,59,
02125950-p005-loc01,02125950-p005,02125950,1,Valladolid,Valladolid,3106672,https://www.geonames.org/3106672,41.65541,-4.72353,Spain,바야돌리드 | 47001 | 47002 | 47003 | 47004 | 47005 | 47006 | 47007 | 47008 | 47009 | 47010 | 47011 | 47012 | 47013 | 47014 | 47015 | 47016 | 47017 | 47018 | 47070 | 47071 | 47080 | 47153 | 47197 | ESVLL | Lungsod ng Valladolid | Pincia | Pucela | Vaładołì | Valadolido | Valdoletum | Valhadolid | Valjadolida | Valjadolidas | Valladolid | Valladolíd | Valladolís | Valladolit | Vallis Tolitum | Valyadolid | Vayadolid | VLL | Βαγιαδολίδ | Вальядалід | Вальядолид | Вальядолід | Валядолид | Ваљадолид | ვალიადოლიდი | ואיאדוליד | بلد الوليد | فايادوليذ | ڤایادۆلید | والاڈولڈ | وایادولید | वायादोलिद | บายาโดลิด | バリャドリッド | 巴利亚多利德,59,
02125950-p006-loc01,02125950-p006,02125950,1,Salamanca,Salamanca,3111108,https://www.geonames.org/3111108,40.96882,-5.66388,Spain,37001 | 37002 | 37003 | 37004 | 37005 | 37006 | 37007 | 37008 | 37009 | 37071 | 37080 | 37900 | ESSLM | Helmantica | Salamanca | Salamanka | Salamanko | Salamanque | Salmantica | SLM | Саламанка | سلمنقة | サラマンカ,23,
02125950-p007-loc01,02125950-p007,02125950,1,Geneva,Geneva,2660646,https://www.geonames.org/2660646,46.20222,6.14569,Switzerland,제네바 | 1200 | 1201 | 1203 | 1204 | 1205 | 1206 | 1207 | 1208 | 1209 | 1211 | Cenevre | CHGVA | Genava | Genebra | Geneva | Geneve | Genève | Ĝenevo | Genevra | Genewa | Genf | Ginebra | Ginevra | GVA | Jenewa | Jenwe | Xenebra | Ženeva | Ženēva | Γενέβη | Γενευη | Γενεύη | Женева | Жэнева | ჟენევა | Ժընեւ | Ժնև | זנבה | جنيف | جنیوا | जिनेवा | ジュネーヴ | 日内瓦,44,
02125950-p008-loc01,02125950-p008,02125950,1,London,London,2643743,https://www.geonames.org/2643743,51.50853,-0.12574,United Kingdom,런던 | ᎫᎴ ᏗᏍᎪᏂᎯᏱ | ܠܘܢܕܘܢ | ለንደን | ロンドン | ଲଣ୍ଡନ | ลอนดอน | ລອນດອນ | GBLON | ILondon | Lākana | Landan | Landen | Llundain | Lodoni | LON | Londain | Londar | Londe | Londen | Londin | Londinium | Londn | london | London | Londona | Londonas | Londoni | Londono | Londons | Lọndọnu | Londra | Łondra | Londres | Londrez | Londri | Londro | Londye | Londyn | Londýn | Lonn | Lontoo | Loundres | Luân Đôn | Lunden | Lundra | Lůndůn | Lundúnir | Lùng-dŭng | Lunnainn | Lunnin | Lunnon | Lûn-tun | Lùn-tûn | Q84 | Rānana | لأندأن | لندن | لەندەن | لوندون | לאנדאן | לונדון | Λονδίνο | Лёндан | Лондан | Лондон | Лондон ош | Лондонъ | ལོན་ཊོན། | Լոնդոն | Լոնտոն | ლონდონი | लण्डन | लन्डन् | लन्दन | लंडन | लंदन | લંડન | లండన్ | ਲੰਡਨ | ಲಂಡನ್ | இலண்டன் | ലണ്ടൻ | লন্ডন | လန်ဒန်မြို့ | ලන්ඩන් | 伦敦 | 倫敦,88,
02154477-p001-loc01,02154477-p001,02154477,1,Valletta,Valletta,8334638,https://www.geonames.org/8334638,35.89833,14.5125,Malta,Il-Belt Valletta | Q23800 | Valletta,3,
00200656-p001-loc01,00200656-p001,00200656,1,Venice,Venice,3164603,https://www.geonames.org/3164603,45.43713,12.33265,Italy,ベニス | 베니스 | ヴェニス | 베네치아 | ヴェネツィア | an Veinéis | Benátky | Benetke | Benezia | Feneyjar | ITVCE | Mleci | Q641 | VCE | Velence | Venecia | Venècia | Venecija | Venecio | Venedeg | Venedig | Venedik | Venediku | Venesia | Venèsia | Venesiya | Venetia | Veneția | Venetië | Venetsia | Veneza | Venezia | Venezsia | Venice | Venies | Venise | Venizia | Vignesie | Vinezzia | V'nise | Wenecja | البندقية | ۋېنىتسىيە | ونیز | ונציה | Βενετία | Венеција | Венеция | Венеція | Վենետիկ | ვენეცია | 威尼斯,52,Presumed.
00200656-p002-loc01,00200656-p002,00200656,1,Verona,Verona,3164527,https://www.geonames.org/3164527,45.43854,10.9938,Italy,베로나 | Verona | Vérone | VRN | Werona | Верона | ורונה | فيرونا | ورونا | वेरोना | ヴェローナ | 维罗纳,12,
00200656-p003-loc01,00200656-p003,00200656,1,Verona,Verona,3164527,https://www.geonames.org/3164527,45.43854,10.9938,Italy,베로나 | Verona | Vérone | VRN | Werona | Верона | ורונה | فيرونا | ورونا | वेरोना | ヴェローナ | 维罗纳,12,
00200662-p001-loc01,00200662-p001,00200662,1,Venice,Venice,3164603,https://www.geonames.org/3164603,45.43713,12.33265,Italy,ベニス | 베니스 | ヴェニス | 베네치아 | ヴェネツィア | an Veinéis | Benátky | Benetke | Benezia | Feneyjar | ITVCE | Mleci | Q641 | VCE | Velence | Venecia | Venècia | Venecija | Venecio | Venedeg | Venedig | Venedik | Venediku | Venesia | Venèsia | Venesiya | Venetia | Veneția | Venetië | Venetsia | Veneza | Venezia | Venezsia | Venice | Venies | Venise | Venizia | Vignesie | Vinezzia | V'nise | Wenecja | البندقية | ۋېنىتسىيە | ونیز | ונציה | Βενετία | Венеција | Венеция | Венеція | Վենետիկ | ვენეცია | 威尼斯,52,
00200662-p004-loc01,00200662-p004,00200662,1,Firenze,Florence,3176959,https://www.geonames.org/3176959,43.77925,11.24626,Italy,피렌체 | 플로렌스 | フィレンツェ | ฟลอเรนซ์ | 50123 | Fflorens | Firenca | Firence | Firense | Firenz | Firenze | Firenzi | Flórans | Florâns | Floransa | Florença | Florence | Florencėjė | Florencia | Floréncia | Florència | Florencie | Florencija | Florencja | Florenco | Florens | Flórens | Florénsa | Florensiya | Florensya | Florența | Florentia | Florentzia | Florenz | FLR | ITFLR | Lungsod ng Florencia | Sciorenza | فلورانس | فلورنس | فلورنسا | פירנצה | פירענצע | Φλωρεντία | Фиренца | Фларэнцыя | Флоренц | Флоренци | Флоренций | Флоренция | Флоренція | ཧྥུ་ལོ་རོན་ཟིའུ་ཡ། | Ֆլորենցիա | ფლორენცია | फ्लोरेन्स | फ़्लोरेन्स | ఫ్లోరెన్స్ | ഫ്ലോറൻസ് | ফ্লোরেন্স | 佛罗伦萨 | 翡冷翠,61,
00200662-p005-loc01,00200662-p005,00200662,1,Titusville,,,,,,,,0,
00200662-p006-loc01,00200662-p006,00200662,1,"Princeton, NJ",,,,,,,,0,
00200662-p007-loc01,00200662-p007,00200662,1,Princeton,Princeton,5102922,https://www.geonames.org/5102922,40.34872,-74.65905,United States,프린스턴 | 08540 | 08541 | 08542 | 08543 | 08544 | PCT | Princes Town | Princeton | Princetonia | Princetown | Prince Town | Prinstona | Q138518 | Stony Brook | USPCT | Принстон | Принстън | პრინსტონი | Փրինսթոն | פרינסטון | برينستون | پرنسٹن، نیو جرسی | پرینستون، نیوجرسی | प्रिन्‍सटन | प्रिन्स्टन | プリンストン | 普林斯顿,28,
00200665-p003-loc01,00200665-p003,00200665,1,Rome,Rome,3169070,https://www.geonames.org/3169070,41.89193,12.51133,Italy,ሮማ | 로마 | ܪܘܡܐ | โรม | ローマ | 00187 | An Róimh | An Ròimh | Erroma | ITROM | Lungsod ng Roma | Mji wa Roma | Q220 | Råmma | Rhufain | Rim | Rím | Řím | Roeme | Rom | ROM | Róm | Roma | Róma | Rome | Romë | Romma | Romo | Rooma | Roum | Rzym | Urbs | رم | روم | روما | رىم | רומא | Ρώμη | Рим | Римъ | Ром | Рым | Հռոմ | რომი | रोम | रोमा | রোম | 罗马市 | 羅馬,49,
00200665-p004-loc01,00200665-p004,00200665,1,Rome,Rome,3169070,https://www.geonames.org/3169070,41.89193,12.51133,Italy,ሮማ | 로마 | ܪܘܡܐ | โรม | ローマ | 00187 | An Róimh | An Ròimh | Erroma | ITROM | Lungsod ng Roma | Mji wa Roma | Q220 | Råmma | Rhufain | Rim | Rím | Řím | Roeme | Rom | ROM | Róm | Roma | Róma | Rome | Romë | Romma | Romo | Rooma | Roum | Rzym | Urbs | رم | روم | روما | رىم | רומא | Ρώμη | Рим | Римъ | Ром | Рым | Հռոմ | რომი | रोम | रोमा | রোম | 罗马市 | 羅馬,49,
00201125-p001-loc01,00201125-p001,00201125,1,London,London,2643743,https://www.geonames.org/2643743,51.50853,-0.12574,United Kingdom,런던 | ᎫᎴ ᏗᏍᎪᏂᎯᏱ | ܠܘܢܕܘܢ | ለንደን | ロンドン | ଲଣ୍ଡନ | ลอนดอน | ລອນດອນ | GBLON | ILondon | Lākana | Landan | Landen | Llundain | Lodoni | LON | Londain | Londar | Londe | Londen | Londin | Londinium | Londn | london | London | Londona | Londonas | Londoni | Londono | Londons | Lọndọnu | Londra | Łondra | Londres | Londrez | Londri | Londro | Londye | Londyn | Londýn | Lonn | Lontoo | Loundres | Luân Đôn | Lunden | Lundra | Lůndůn | Lundúnir | Lùng-dŭng | Lunnainn | Lunnin | Lunnon | Lûn-tun | Lùn-tûn | Q84 | Rānana | لأندأن | لندن | لەندەن | لوندون | לאנדאן | לונדון | Λονδίνο | Лёндан | Лондан | Лондон | Лондон ош | Лондонъ | ལོན་ཊོན། | Լոնդոն | Լոնտոն | ლონდონი | लण्डन | लन्डन् | लन्दन | लंडन | लंदन | લંડન | లండన్ | ਲੰਡਨ | ಲಂಡನ್ | இலண்டன் | ലണ്ടൻ | লন্ডন | လန်ဒန်မြို့ | ලන්ඩන් | 伦敦 | 倫敦,88,
00201125-p002-loc01,00201125-p002,00201125,1,London,London,2643743,https://www.geonames.org/2643743,51.50853,-0.12574,United Kingdom,런던 | ᎫᎴ ᏗᏍᎪᏂᎯᏱ | ܠܘܢܕܘܢ | ለንደን | ロンドン | ଲଣ୍ଡନ | ลอนดอน | ລອນດອນ | GBLON | ILondon | Lākana | Landan | Landen | Llundain | Lodoni | LON | Londain | Londar | Londe | Londen | Londin | Londinium | Londn | london | London | Londona | Londonas | Londoni | Londono | Londons | Lọndọnu | Londra | Łondra | Londres | Londrez | Londri | Londro | Londye | Londyn | Londýn | Lonn | Lontoo | Loundres | Luân Đôn | Lunden | Lundra | Lůndůn | Lundúnir | Lùng-dŭng | Lunnainn | Lunnin | Lunnon | Lûn-tun | Lùn-tûn | Q84 | Rānana | لأندأن | لندن | لەندەن | لوندون | לאנדאן | לונדון | Λονδίνο | Лёндан | Лондан | Лондон | Лондон ош | Лондонъ | ལོན་ཊོན། | Լոնդոն | Լոնտոն | ლონდონი | लण्डन | लन्डन् | लन्दन | लंडन | लंदन | લંડન | లండన్ | ਲੰਡਨ | ಲಂಡನ್ | இலண்டன் | ലണ്ടൻ | লন্ডন | လန်ဒန်မြို့ | ලන්ඩන් | 伦敦 | 倫敦,88,
00201125-p003-loc01,00201125-p003,00201125,1,South Orange,South Orange,5104836,https://www.geonames.org/5104836,40.74899,-74.26126,United States,07079 | Orange Dale | South Orange | USTHX,4,
00201125-p005-loc01,00201125-p005,00201125,1,London,London,2643743,https://www.geonames.org/2643743,51.50853,-0.12574,United Kingdom,런던 | ᎫᎴ ᏗᏍᎪᏂᎯᏱ | ܠܘܢܕܘܢ | ለንደን | ロンドン | ଲଣ୍ଡନ | ลอนดอน | ລອນດອນ | GBLON | ILondon | Lākana | Landan | Landen | Llundain | Lodoni | LON | Londain | Londar | Londe | Londen | Londin | Londinium | Londn | london | London | Londona | Londonas | Londoni | Londono | Londons | Lọndọnu | Londra | Łondra | Londres | Londrez | Londri | Londro | Londye | Londyn | Londýn | Lonn | Lontoo | Loundres | Luân Đôn | Lunden | Lundra | Lůndůn | Lundúnir | Lùng-dŭng | Lunnainn | Lunnin | Lunnon | Lûn-tun | Lùn-tûn | Q84 | Rānana | لأندأن | لندن | لەندەن | لوندون | לאנדאן | לונדון | Λονδίνο | Лёндан | Лондан | Лондон | Лондон ош | Лондонъ | ལོན་ཊོན། | Լոնդոն | Լոնտոն | ლონდონი | लण्डन | लन्डन् | लन्दन | लंडन | लंदन | લંડન | లండన్ | ਲੰਡਨ | ಲಂಡನ್ | இலண்டன் | ലണ്ടൻ | লন্ডন | လန်ဒန်မြို့ | ලන්ඩන් | 伦敦 | 倫敦,88,
00201125-p006-loc01,00201125-p006,00201125,1,Athens,Athens,264371,https://www.geonames.org/264371,37.98376,23.72784,Greece,アテネ | 아테네 | 아테네 시 | ܐܬܝܢܐ | เอเธนส์ | Afina | Afini | An Aithin | Ateena | Aten | Atena | Atėnai | Atenas | Atēnas | Atene | Atenes | Ateni | Ateno | Atenoj | Ateny | Atény | ATH | Athen | Athén | Athena | Athenae | Athenai | Athene | Athénes | Athènes | Athens | Athény | Athina | Athína | Athínai | Athinia | Atina | Aþena | GRATH | Kota Athena | Lungsod ng Athína | Q1524 | آتن | أثينا | ئافېنا | אתונה | Αθηνα | Αθήνα | Αθηναι | Αθήναι | Ἀθῆναι | Аѳины | Атина | Атэны | Афины | Афіни | Աթենք | Աթէնք | ათენი | अथेन्स | ஏதென்ஸ் | 雅典,62,
00200636-p002-loc01,00200636-p002,00200636,1,Florence,Florence,3176959,https://www.geonames.org/3176959,43.77925,11.24626,Italy,피렌체 | 플로렌스 | フィレンツェ | ฟลอเรนซ์ | 50123 | Fflorens | Firenca | Firence | Firense | Firenz | Firenze | Firenzi | Flórans | Florâns | Floransa | Florença | Florence | Florencėjė | Florencia | Floréncia | Florència | Florencie | Florencija | Florencja | Florenco | Florens | Flórens | Florénsa | Florensiya | Florensya | Florența | Florentia | Florentzia | Florenz | FLR | ITFLR | Lungsod ng Florencia | Sciorenza | فلورانس | فلورنس | فلورنسا | פירנצה | פירענצע | Φλωρεντία | Фиренца | Фларэнцыя | Флоренц | Флоренци | Флоренций | Флоренция | Флоренція | ཧྥུ་ལོ་རོན་ཟིའུ་ཡ། | Ֆլորենցիա | ფლორენცია | फ्लोरेन्स | फ़्लोरेन्स | ఫ్లోరెన్స్ | ഫ്ലോറൻസ് | ফ্লোরেন্স | 佛罗伦萨 | 翡冷翠,61,
00200636-p003-loc01,00200636-p003,00200636,1,Florence,Florence,3176959,https://www.geonames.org/3176959,43.77925,11.24626,Italy,피렌체 | 플로렌스 | フィレンツェ | ฟลอเรนซ์ | 50123 | Fflorens | Firenca | Firence | Firense | Firenz | Firenze | Firenzi | Flórans | Florâns | Floransa | Florença | Florence | Florencėjė | Florencia | Floréncia | Florència | Florencie | Florencija | Florencja | Florenco | Florens | Flórens | Florénsa | Florensiya | Florensya | Florența | Florentia | Florentzia | Florenz | FLR | ITFLR | Lungsod ng Florencia | Sciorenza | فلورانس | فلورنس | فلورنسا | פירנצה | פירענצע | Φλωρεντία | Фиренца | Фларэнцыя | Флоренц | Флоренци | Флоренций | Флоренция | Флоренція | ཧྥུ་ལོ་རོན་ཟིའུ་ཡ། | Ֆլորենցիա | ფლორენცია | फ्लोरेन्स | फ़्लोरेन्स | ఫ్లోరెన్స్ | ഫ്ലോറൻസ് | ফ্লোরেন্স | 佛罗伦萨 | 翡冷翠,61,
00200625-p001-loc01,00200625-p001,00200625,1,Wittenberg,Lutherstadt Wittenberg,6548975,https://www.geonames.org/6548975,51.87437,12.60603,Germany,15091375 | DEZAX | Lutherstadt Wittenberg | Wittenberg | Виттенберг,5,
00200625-p002-loc01,00200625-p002,00200625,1,Wroclaw,Wroclaw,3081368,https://www.geonames.org/3081368,51.10286,17.03006,Poland,ヴロツワフ | 브로츠와프 | วรอตสวัฟ | Boroszló | Brasloi | Brassel | Breslau | Breslava | Breslavia | Breslávia | Breslavl’ | Breslū | Breßlau | PLWRO | Q1799 | Vratislav | Vratislavia | Vratislavie | Vroclav | Vroclava | Vroclavas | Vroclavo | Vrocuav | Vroklave | Vroslav | Vrotslav | Vruoclavs | WRO | Wroclaw | Wrocław | Wrócław | Wrocłow | Wroklaw | Wrosław | ڤرۆتسواف | فروتسواف | وروتسواف | وروسلاو | ברעסלוי | ורוצלב | Βρότσλαβ | Вроцлав | Вроцлаў | ვროცლავი | व्रोत्सवाफ | விராத்ஸ்சாஃப் | 弗罗茨瓦夫,47,
00200625-p003-loc01,00200625-p003,00200625,1,Ingolstadt,Ingolstadt,2895992,https://www.geonames.org/2895992,48.76508,11.42372,Germany,インゴルシュタット | DEING | IGS | Ingolstadt | Инголштат | Инголщат | Ингольштадт,7,
00200625-p005-loc01,00200625-p005,00200625,1,New York,New York,5128581,https://www.geonames.org/5128581,40.71427,-74.00597,United States,뉴욕 | 뉴욕 시 | 10001 | 10002 | 10003 | 10004 | 10005 | 10006 | 10007 | 10008 | 10009 | 10010 | 10011 | 10012 | 10013 | 10014 | 10016 | 10017 | 10018 | 10019 | 10020 | 10021 | 10022 | 10023 | 10024 | 10025 | 10026 | 10027 | 10028 | 10029 | 10030 | 10031 | 10032 | 10033 | 10034 | 10035 | 10036 | 10037 | 10038 | 10039 | 10040 | 10041 | 10043 | 10044 | 10045 | 10055 | 10060 | 10065 | 10069 | 10080 | 10081 | 10087 | 10090 | 10101 | 10102 | 10103 | 10104 | 10105 | 10106 | 10107 | 10108 | 10109 | 10110 | 10111 | 10112 | 10113 | 10114 | 10115 | 10116 | 10117 | 10118 | 10119 | 10120 | 10121 | 10122 | 10123 | 10124 | 10125 | 10126 | 10128 | 10129 | 10130 | 10131 | 10132 | 10133 | 10138 | 10150 | 10151 | 10152 | 10153 | 10154 | 10155 | 10156 | 10157 | 10158 | 10159 | 10160 | 10161 | 10162 | 10163 | 10164 | 10165 | 10166 | 10167 | 10168 | 10169 | 10170 | 10171 | 10172 | 10173 | 10174 | 10175 | 10176 | 10177 | 10178 | 10179 | 10185 | 10199 | 10203 | 10211 | 10212 | 10213 | 10242 | 10249 | 10256 | 10258 | 10259 | 10260 | 10261 | 10265 | 10268 | 10269 | 10270 | 10271 | 10272 | 10273 | 10274 | 10275 | 10276 | 10277 | 10278 | 10279 | 10280 | 10281 | 10282 | 10285 | 10286 | Aebura | Bandar Raya New York | Big Apple | Cathair Nua-Eabhrac | City of New York | Eabhraig Nuadh | Efrog Newydd | Evrek Nowydh | Ga-no-no | Kanón:no | Kanono | Kota New York | Lungsod ng New York | Nei Yarrick Schtadt | Neu Amsterdam | Neu Jorck | New Amsterdam | New Orange | New Yorc | New York | New York borg | New York-borg | New York City | New Yorke | New York kenti | New York Stad | New Yorku | Niujorkas | Njujork | Nouvelle Yorck | Nouvieau York | Nova Amsterda | Nova Iorque | Nova York | Nova-York | Nòva York | Novjorko | Nov-Jorko | Novum Eboracum | Nowy Jork | Nua-Eabhrac | Nueva York | Ņujorka | Nuova York | NY | NYC | Nýja Jórvík | Nyu York Shehiri | Q60 | Thành phố New York | The Big Apple | USNYC | York Berri | Νέα Υόρκη | Нью-Ёрк | Нью-Йорк | Ню Йорк | Њујорк | Њу Јорк | ნიუ-იორკი | Նիւ Եորք | Նյու Յորք | ניו יארק | ניו־יאָרק | ניו יורק | نيويورك | نیویارک شہر | نیویورک | न्यूयॉर्क | নিউ ইয়র্ক সিটি | நியூயார்க் நகரம் | นครนิวยอร์ก | ニューヨーク | マンハッタン | 紐約 | 紐約市,223,
00200625-p006-loc01,00200625-p006,00200625,1,"Ruxton, Maryland",Ruxton,4367559,https://www.geonames.org/4367559,39.40011,-76.64469,United States,,0,
00200625-p007-loc01,00200625-p007,00200625,1,Baltimore,Baltimore,4347778,https://www.geonames.org/4347778,39.29038,-76.61219,United States,볼티모어 | 21201 | 21202 | 21203 | 21205 | 21206 | 21209 | 21210 | 21211 | 21212 | 21213 | 21214 | 21215 | 21216 | 21217 | 21218 | 21223 | 21224 | 21229 | 21230 | 21231 | 21233 | 21235 | 21239 | 21241 | 21263 | 21264 | 21270 | 21273 | 21275 | 21278 | 21279 | 21280 | 21281 | 21287 | 21288 | 21289 | 21290 | 21297 | 21298 | Baltemore Town | Baltimor | Baltimora | Baltimòra | Baltimore | Baltimorė | Baltimore City | Baltimoro | BWI | Charm City | Jonas Town | Jonestown | Jones Town | Oldtown | Old Town | Q5092 | USBAL | Βαλτιμόρη | Балтимор | Балтимор шаары | Балтымар | ბალტიმორი | Բալթիմոր | באלטימאר | בולטימור | بالتيمور | بالتیمور | بالٹیمور | بالٹیمور، میری لینڈ | बाल्टिमोर | बाल्टीमोर | বাল্টিমোর | ਬਾਲਟੀਮੋਰ | பால்ட்டிமோர் | ಬಾಲ್ಟಿಮೋರ್ | ബാൾട്ടിമോർ | บอลทิมอร์ | བྷལ་ཏྲི་མོར། | ဘော်လ်တီမိုးမြို့ | ボルチモア | 巴爾的摩,81,
00200634-p002-loc01,00200634-p002,00200634,1,Welshpool,Welshpool,2634560,https://www.geonames.org/2634560,52.65973,-3.1471,United Kingdom,웰시풀 | GBWPS | Q1024911 | SY21 | Trelinum | Velšpulas | Welshpool | Y Trallwng | Уелшпул | Уэлшпул | ولشپول | ویلشپول | ওয়েলশপুল | વેલ્શપુલ | வெல்சிஹ்பூல் | వెల్స్పూల్ | ವೆಲ್ಷ್ಪುಲ್ | ウェルシュプール | 韋爾什普爾 | 韦尔什普尔,20,
00200634-p003-loc01,00200634-p003,00200634,1,London,London,2643743,https://www.geonames.org/2643743,51.50853,-0.12574,United Kingdom,런던 | ᎫᎴ ᏗᏍᎪᏂᎯᏱ | ܠܘܢܕܘܢ | ለንደን | ロンドン | ଲଣ୍ଡନ | ลอนดอน | ລອນດອນ | GBLON | ILondon | Lākana | Landan | Landen | Llundain | Lodoni | LON | Londain | Londar | Londe | Londen | Londin | Londinium | Londn | london | London | Londona | Londonas | Londoni | Londono | Londons | Lọndọnu | Londra | Łondra | Londres | Londrez | Londri | Londro | Londye | Londyn | Londýn | Lonn | Lontoo | Loundres | Luân Đôn | Lunden | Lundra | Lůndůn | Lundúnir | Lùng-dŭng | Lunnainn | Lunnin | Lunnon | Lûn-tun | Lùn-tûn | Q84 | Rānana | لأندأن | لندن | لەندەن | لوندون | לאנדאן | לונדון | Λονδίνο | Лёндан | Лондан | Лондон | Лондон ош | Лондонъ | ལོན་ཊོན། | Լոնդոն | Լոնտոն | ლონდონი | लण्डन | लन्डन् | लन्दन | लंडन | लंदन | લંડન | లండన్ | ਲੰਡਨ | ಲಂಡನ್ | இலண்டன் | ലണ്ടൻ | লন্ডন | လန်ဒန်မြို့ | ලන්ඩන් | 伦敦 | 倫敦,88,
00200634-p004-loc01,00200634-p004,00200634,1,Boston,Boston,4930956,https://www.geonames.org/4930956,42.35843,-71.05977,United States,보스턴 | 02108 | 02109 | 02110 | 02111 | 02112 | 02113 | 02114 | 02115 | 02116 | 02117 | 02118 | 02123 | 02127 | 02128 | 02133 | 02163 | 02196 | 02199 | 02201 | 02203 | 02204 | 02205 | 02206 | 02210 | 02211 | 02215 | 02217 | 02222 | 02241 | 02266 | 02283 | 02284 | 02293 | 02297 | Baston | BOS | Bostan | Boston | Bostona | Bostonas | Bostonia | Bostono | Bostons | Bostún | Mushauwomuk | Old Boston | Pokekona | Pô-sṳ-tun | Q100 | Shawmut | Shawmutt | Shawnnut | Totant | Tramount | Tremont | Trimountain | Trimountaine | USBOS | Wahstoronòn:ke | Wastok | Βοστωνη | Βοστώνη | Бостан | Бостон | Бостън | ბოსტონი | Բոստոն | באסטאן | בוסטון | بوستون | بوسٹن | بوسطن | بۆستن | ܒܘܣܛܘܢ | ቦስቶን | बस्तन | बास्टन् | बॉस्टन | बोस्टन | বস্টন | ਬੌਸਟਨ | பாஸ்டன் | బోస్టన్ | ಬಾಸ್ಟನ್ | ബോസ്റ്റൺ | บอสตัน | བོ་སེ་ཊོན། | ဘော့စတွန်မြို့ | ボストン | 波士頓 | 波士顿,92,
00200634-p005-loc01,00200634-p005,00200634,1,Cambridge,Cambridge,4931972,https://www.geonames.org/4931972,42.3751,-71.10561,United States,케임브리지 | 02138 | 02139 | 02140 | 02141 | 02142 | 02238 | Cambridge | Cambridge i Massachusetts | Cantabrigia | Keimbridža | Kembric | Kembridžas | Kembriĝo | Mishawum | Newtown | New Town | Newtowne | New Towne | Old Cambridge | Q49111 | USJHY | Κέιμπριτζ | Кеймбридж | Кембридж | Кембриж | Кембриҗ | Кембриҷ | Кембриџ | Кембрыдж | Кэмбридж | კემბრიჯი | Քեմբրիջ | קיימברידג' | קעמברידזש | كامبريدج | کامبریج | کمبریج | کمبریج، ماساچوست | کیمبرج، میساچوسٹس | केंब्रिज | কেমব্রিজ | கேம்பிரிஜ் | కేంబ్రిడ్జ్ | เคมบริดจ์ | ケンブリッジ | 剑桥 | 劍橋,48,
00200635-p002-loc01,00200635-p002,00200635,1,Milano,Milan,3173435,https://www.geonames.org/3173435,45.46427,9.18951,Italy,밀라노 | ITMIL | Lungsod ng Milano | Mailand | Mediolan | Mediolanum | MIL | Milà | Milaan | Milan | Milán | Milāna | Milanas | Milano | Miláno | Milánó | Mílanó | Milanu | Milão | Mилан | Милан | Милано | Мілан | მილანი | Միլան | מילאנו | مىلان | ميلانو | মিলান | மிலன் | มิลาน | ミラノ | 米蘭,33,
00200635-p003-loc01,00200635-p003,00200635,1,Chantilly,Chantilly,3026827,https://www.geonames.org/3026827,49.19461,2.47124,France,60500 | 60501 CEDEX | 60503 CEDEX | 60504 CEDEX | 60506 CEDEX | 60508 CEDEX | 60509 CEDEX | 60551 CEDEX | 60552 CEDEX | 60631 CEDEX | 60632 CEDEX | 60633 CEDEX | 60634 CEDEX | 60635 CEDEX | 60637 CEDEX | 60638 CEDEX | 60639 CEDEX | 60643 CEDEX | 60646 CEDEX | 60647 CEDEX | 60648 CEDEX | 60649 CEDEX | Champ-Libre | Chantilly | FRCLL | XCV,26,
00200648-p001-loc01,00200648-p001,00200648,1,Paris,Paris,2988507,https://www.geonames.org/2988507,48.85341,2.3488,France,파리 | 75000 | 75001 | 75002 | 75003 | 75004 | 75005 | 75006 | 75007 | 75008 | 75009 | 75010 | 75011 | 75012 | 75013 | 75014 | 75015 | 75016 | 75017 | 75018 | 75019 | 75020 | Baariis | Bahliz | Baris | FRPAR | Lungsod ng Paris | Lutèce | Lutetia | Lutetia Parisorum | Paarys | Palika | Paname | Pantruche | PAR | Paräis | Páras | Pa-ri | Pari | Parĩ | Parī | Paries | Parigge | Pariggi | Parighji | Parigi | Pariis | Pariisi | Pariižu | Parij | Parijs | paris | Paris | París | Parîs | Parisi | Parixe | Pariz | Pariž | Paríž | Paříž | Parīze | Parizo | Párizs | Parys | Paryż | Paryžius | Q90 | Ville-Lumière | Παρίσι | Париж | Париж ош | Парижь | Париз | Парис | Паріж | Парыж | პარიზი | Բարիզ | Փարիզ | פאריז | פריז | باريس | پارىژ | پاريس | پاریس | پیرس | ܦܐܪܝܣ | ፓሪስ | पॅरिस | पेरिस | पैरिस | প্যারিস | ਪੈਰਿਸ | પૅરિસ | பாரிஸ் | పారిస్ | ಪ್ಯಾರಿಸ್ | പാരിസ് | ปารีส | ཕ་རི། | ပါရီမြို့ | ប៉ារីស | パリ | 巴黎,105,
00200648-p002-loc01,00200648-p002,00200648,1,Paris,Paris,2988507,https://www.geonames.org/2988507,48.85341,2.3488,France,파리 | 75000 | 75001 | 75002 | 75003 | 75004 | 75005 | 75006 | 75007 | 75008 | 75009 | 75010 | 75011 | 75012 | 75013 | 75014 | 75015 | 75016 | 75017 | 75018 | 75019 | 75020 | Baariis | Bahliz | Baris | FRPAR | Lungsod ng Paris | Lutèce | Lutetia | Lutetia Parisorum | Paarys | Palika | Paname | Pantruche | PAR | Paräis | Páras | Pa-ri | Pari | Parĩ | Parī | Paries | Parigge | Pariggi | Parighji | Parigi | Pariis | Pariisi | Pariižu | Parij | Parijs | paris | Paris | París | Parîs | Parisi | Parixe | Pariz | Pariž | Paríž | Paříž | Parīze | Parizo | Párizs | Parys | Paryż | Paryžius | Q90 | Ville-Lumière | Παρίσι | Париж | Париж ош | Парижь | Париз | Парис | Паріж | Парыж | პარიზი | Բարիզ | Փարիզ | פאריז | פריז | باريس | پارىژ | پاريس | پاریس | پیرس | ܦܐܪܝܣ | ፓሪስ | पॅरिस | पेरिस | पैरिस | প্যারিস | ਪੈਰਿਸ | પૅરિસ | பாரிஸ் | పారిస్ | ಪ್ಯಾರಿಸ್ | പാരിസ് | ปารีส | ཕ་རི། | ပါရီမြို့ | ប៉ារីស | パリ | 巴黎,105,
00200648-p003-loc01,00200648-p003,00200648,1,Paris,Paris,2988507,https://www.geonames.org/2988507,48.85341,2.3488,France,파리 | 75000 | 75001 | 75002 | 75003 | 75004 | 75005 | 75006 | 75007 | 75008 | 75009 | 75010 | 75011 | 75012 | 75013 | 75014 | 75015 | 75016 | 75017 | 75018 | 75019 | 75020 | Baariis | Bahliz | Baris | FRPAR | Lungsod ng Paris | Lutèce | Lutetia | Lutetia Parisorum | Paarys | Palika | Paname | Pantruche | PAR | Paräis | Páras | Pa-ri | Pari | Parĩ | Parī | Paries | Parigge | Pariggi | Parighji | Parigi | Pariis | Pariisi | Pariižu | Parij | Parijs | paris | Paris | París | Parîs | Parisi | Parixe | Pariz | Pariž | Paríž | Paříž | Parīze | Parizo | Párizs | Parys | Paryż | Paryžius | Q90 | Ville-Lumière | Παρίσι | Париж | Париж ош | Парижь | Париз | Парис | Паріж | Парыж | პარიზი | Բարիզ | Փարիզ | פאריז | פריז | باريس | پارىژ | پاريس | پاریس | پیرس | ܦܐܪܝܣ | ፓሪስ | पॅरिस | पेरिस | पैरिस | প্যারিস | ਪੈਰਿਸ | પૅરિસ | பாரிஸ் | పారిస్ | ಪ್ಯಾರಿಸ್ | പാരിസ് | ปารีส | ཕ་རི། | ပါရီမြို့ | ប៉ារីស | パリ | 巴黎,105,
00200651-p002-loc01,00200651-p002,00200651,1,Paris,Paris,2988507,https://www.geonames.org/2988507,48.85341,2.3488,France,파리 | 75000 | 75001 | 75002 | 75003 | 75004 | 75005 | 75006 | 75007 | 75008 | 75009 | 75010 | 75011 | 75012 | 75013 | 75014 | 75015 | 75016 | 75017 | 75018 | 75019 | 75020 | Baariis | Bahliz | Baris | FRPAR | Lungsod ng Paris | Lutèce | Lutetia | Lutetia Parisorum | Paarys | Palika | Paname | Pantruche | PAR | Paräis | Páras | Pa-ri | Pari | Parĩ | Parī | Paries | Parigge | Pariggi | Parighji | Parigi | Pariis | Pariisi | Pariižu | Parij | Parijs | paris | Paris | París | Parîs | Parisi | Parixe | Pariz | Pariž | Paríž | Paříž | Parīze | Parizo | Párizs | Parys | Paryż | Paryžius | Q90 | Ville-Lumière | Παρίσι | Париж | Париж ош | Парижь | Париз | Парис | Паріж | Парыж | პარიზი | Բարիզ | Փարիզ | פאריז | פריז | باريس | پارىژ | پاريس | پاریس | پیرس | ܦܐܪܝܣ | ፓሪስ | पॅरिस | पेरिस | पैरिस | প্যারিস | ਪੈਰਿਸ | પૅરિસ | பாரிஸ் | పారిస్ | ಪ್ಯಾರಿಸ್ | പാരിസ് | ปารีส | ཕ་རི། | ပါရီမြို့ | ប៉ារីស | パリ | 巴黎,105,
00200654-p002-loc01,00200654-p002,00200654,1,Vienna,Vienna,2761369,https://www.geonames.org/2761369,48.20849,16.37208,Austria,빈 | ቪየና | 비엔나 | ウィーン | เวียนนา | 1010 | 1020 | 1030 | 1040 | 1050 | 1060 | 1070 | 1080 | 1090 | 1100 | 1110 | 1120 | 1130 | 1140 | 1150 | 1160 | 1170 | 1180 | 1190 | 1200 | 1210 | 1220 | 1230 | ATVIE | Beč | Beç | Bécs | Dunaj | Fiena | Q1741 | Veen | Vena | Vídeň | VIE | Viedeň | Viên | Viena | Vienna | Vienne | Vieno | Viin | Vín | Vínarborg | Vindobona | Vīne | Viyana | Vjena | Vjenna | Vyana | Wean | Wene | Wenen | Wiedeń | Wien | Wjedźyń | فيينا | وین | וינה | Βιέννη | Беч | Вена | Виена | Відень | ཝི་ཨེ་ན། | Վիեննա | ვენა | वियना | 維也納,73,
00200654-p003-loc01,00200654-p003,00200654,1,Vienna,Vienna,2761369,https://www.geonames.org/2761369,48.20849,16.37208,Austria,빈 | ቪየና | 비엔나 | ウィーン | เวียนนา | 1010 | 1020 | 1030 | 1040 | 1050 | 1060 | 1070 | 1080 | 1090 | 1100 | 1110 | 1120 | 1130 | 1140 | 1150 | 1160 | 1170 | 1180 | 1190 | 1200 | 1210 | 1220 | 1230 | ATVIE | Beč | Beç | Bécs | Dunaj | Fiena | Q1741 | Veen | Vena | Vídeň | VIE | Viedeň | Viên | Viena | Vienna | Vienne | Vieno | Viin | Vín | Vínarborg | Vindobona | Vīne | Viyana | Vjena | Vjenna | Vyana | Wean | Wene | Wenen | Wiedeń | Wien | Wjedźyń | فيينا | وین | וינה | Βιέννη | Беч | Вена | Виена | Відень | ཝི་ཨེ་ན། | Վիեննա | ვენა | वियना | 維也納,73,
00200654-p004-loc01,00200654-p004,00200654,1,Città del Vaticano,Vatican City,3164670,https://www.geonames.org/3164670,41.90225,12.4533,Vatican City,"바티칸 | ቫቲካን | ቫቲካን ከተማ | 바티칸시티 | ນະຄອນ ວາຕິກັນ | วาติกัน | ଭାଟିକାନ୍ ସିଟି | นครรัฐวาติกัน | បុរី​វ៉ាទីកង់ | Batikan | Cathair na Bhatacain | Cathair na Vatacáine | Cidade do Vaticano | Citad dal Vatican | Citate del Vaticano | Città del Vaticano | Città Vaticano | Ciudad del Vaticano | Ciutat del Vaticà | Colina do Vaticano | Colle Vaticano | Dowla Waticaan | Država Grada Vatikana | el Vaticà | El Vaticano | Faatikaan | Firenen’i Vatikana | Heilige stoel (Vaticaanstad) | Heliga stolen (Vatikanstaten) | Holy See | Holy See (Vatican City State) | Ìlú Vatican | i-Vatican City | Kolo Vatikani | Kota Vatican | Kota Vatikan | Kutha Vatikan | Letëe tî Vatikäan | l-Istat tal-Belt tal-Vatikan | Mji wa Vatican | Nvatika | Orașul Vatican | Páfagarður | Pavestolen (Vatikanstaten) | Püha Tool (Vatikan) | Pyhä istuin (Vatikaani) | Q237 | Saint-Siège (Etat de la Cité du Vatican) | Saint-Siège (État de la Cité du Vatican) | Santa Sé (Cidade-Estado do Vaticano) | Santa Sede | Santa Sede (Città del Vaticano) | Santa Sede (Ciudad del Vaticano) | Santa Sede (Estado de la Ciudad del Vaticano) | Sfântul Scaun (Statul Vatican) | Site bu Watikaa | Staat der Vatikanstadt | Stato della Città del Vaticano | Status Civitatis Vaticanæ | Stolica Apostolska (Państwo Watykańskie) | Stolica Apostolska (Watykan) | Svätá stolica (Vatikánsky mestský štát) | Svatý stolec | Sveta Stolica | Thành phố Vatican | Umurwa wa Vatikani | Vaticaanstad | Vaticaanstêd | Vatican | Vatican City | Vatican City State | Vatican City State (Holy See) | Va-ti-căng | Vatican Hill | Vatican Man | Vaticano | Vatican State | Vatiká | Vatikaani | Vatikaanivaltio | Vatikaanstad | Vatikan | Vatîkan | Vatikán | Vatikána | Vatikanbýur | Vatikandu nutome | Vatikanen | Vatikanet | Vatikaŋ | Vatikani | Vatíkanið | Vatikano | Vatikano Hiria | Vatikano miestas | Vatikano Miesto Valstybė, Šventasis Sostas | Vatikāns | Vatikanstad | Vatikanstadt | Vatikanstaten | Watikan | Watykan | Y Fatican | ۋاتىكان | الفاتيكان | واتیکان | واتیکان ښار | ویٹیکن سٹی | ویٹِکَن سِٹی | ويٽڪين سٽي | וואַטיקאַן שטאָט | וטיקאן | עיר הותיקן | Βατικανό | Ватикан | Ватикана | Ватикан хот улс | Ватыкан | Государство-город Ватикан | Місто Ватикан | Свещено море (Ватиканска държава) | Шаҳри Вотикон | བ་ཊི་ཀཱན་ སི་ཊི | ཝེ་ཊི་ཀན། | Վատիկան | ქალაქი ვატიკანი | भेटिकन सिटी | वेटिकन सिटि | वैटिकन | व्हॅटिकन सिटी | વેટિકન સિટી | వాటికన్ నగరం | ਵੈਟੀਕਨ ਸਿਟੀ | ವ್ಯಾಟಿಕನ್ ಸಿಟಿ | வாடிகன் நகரம் | വത്തിക്കാൻ | ভেটিকান চিটি | ভ্যাটিকান সিটি | ဗာတီကန်စီးတီး | වතිකානු නගරය | 圣座（梵蒂冈） | ローマ教皇庁 (バチカン市国) | 梵蒂冈 | 梵蒂岡 | ローマ法王庁 (バチカン市国)",145,
00200655-p002-loc01,00200655-p002,00200655,1,Rome,Rome,3169070,https://www.geonames.org/3169070,41.89193,12.51133,Italy,ሮማ | 로마 | ܪܘܡܐ | โรม | ローマ | 00187 | An Róimh | An Ròimh | Erroma | ITROM | Lungsod ng Roma | Mji wa Roma | Q220 | Råmma | Rhufain | Rim | Rím | Řím | Roeme | Rom | ROM | Róm | Roma | Róma | Rome | Romë | Romma | Romo | Rooma | Roum | Rzym | Urbs | رم | روم | روما | رىم | רומא | Ρώμη | Рим | Римъ | Ром | Рым | Հռոմ | რომი | रोम | रोमा | রোম | 罗马市 | 羅馬,49,
00200661-p002-loc01,00200661-p002,00200661,1,Pistoia,Pistoia,3170621,https://www.geonames.org/3170621,43.93064,10.92365,Italy,ピストイア | ITPIS | Pistoia | Pistòja | Pistoria | Пистойя,6,
00200661-p003-loc01,00200661-p003,00200661,1,Pistoia,Pistoia,3170621,https://www.geonames.org/3170621,43.93064,10.92365,Italy,ピストイア | ITPIS | Pistoia | Pistòja | Pistoria | Пистойя,6,
00200637-p002-loc01,00200637-p002,00200637,1,Florence,Florence,3176959,https://www.geonames.org/3176959,43.77925,11.24626,Italy,피렌체 | 플로렌스 | フィレンツェ | ฟลอเรนซ์ | 50123 | Fflorens | Firenca | Firence | Firense | Firenz | Firenze | Firenzi | Flórans | Florâns | Floransa | Florença | Florence | Florencėjė | Florencia | Floréncia | Florència | Florencie | Florencija | Florencja | Florenco | Florens | Flórens | Florénsa | Florensiya | Florensya | Florența | Florentia | Florentzia | Florenz | FLR | ITFLR | Lungsod ng Florencia | Sciorenza | فلورانس | فلورنس | فلورنسا | פירנצה | פירענצע | Φλωρεντία | Фиренца | Фларэнцыя | Флоренц | Флоренци | Флоренций | Флоренция | Флоренція | ཧྥུ་ལོ་རོན་ཟིའུ་ཡ། | Ֆլորենցիա | ფლორენცია | फ्लोरेन्स | फ़्लोरेन्स | ఫ్లోరెన్స్ | ഫ്ലോറൻസ് | ফ্লোরেন্স | 佛罗伦萨 | 翡冷翠,61,
00200637-p003-loc01,00200637-p003,00200637,1,Florence,Florence,3176959,https://www.geonames.org/3176959,43.77925,11.24626,Italy,피렌체 | 플로렌스 | フィレンツェ | ฟลอเรนซ์ | 50123 | Fflorens | Firenca | Firence | Firense | Firenz | Firenze | Firenzi | Flórans | Florâns | Floransa | Florença | Florence | Florencėjė | Florencia | Floréncia | Florència | Florencie | Florencija | Florencja | Florenco | Florens | Flórens | Florénsa | Florensiya | Florensya | Florența | Florentia | Florentzia | Florenz | FLR | ITFLR | Lungsod ng Florencia | Sciorenza | فلورانس | فلورنس | فلورنسا | פירנצה | פירענצע | Φλωρεντία | Фиренца | Фларэнцыя | Флоренц | Флоренци | Флоренций | Флоренция | Флоренція | ཧྥུ་ལོ་རོན་ཟིའུ་ཡ། | Ֆլորենցիա | ფლორენცია | फ्लोरेन्स | फ़्लोरेन्स | ఫ్లోరెన్స్ | ഫ്ലോറൻസ് | ফ্লোরেন্স | 佛罗伦萨 | 翡冷翠,61,
00200637-p004-loc01,00200637-p004,00200637,1,Florence,Florence,3176959,https://www.geonames.org/3176959,43.77925,11.24626,Italy,피렌체 | 플로렌스 | フィレンツェ | ฟลอเรนซ์ | 50123 | Fflorens | Firenca | Firence | Firense | Firenz | Firenze | Firenzi | Flórans | Florâns | Floransa | Florença | Florence | Florencėjė | Florencia | Floréncia | Florència | Florencie | Florencija | Florencja | Florenco | Florens | Flórens | Florénsa | Florensiya | Florensya | Florența | Florentia | Florentzia | Florenz | FLR | ITFLR | Lungsod ng Florencia | Sciorenza | فلورانس | فلورنس | فلورنسا | פירנצה | פירענצע | Φλωρεντία | Фиренца | Фларэнцыя | Флоренц | Флоренци | Флоренций | Флоренция | Флоренція | ཧྥུ་ལོ་རོན་ཟིའུ་ཡ། | Ֆլորենցիա | ფლორენცია | फ्लोरेन्स | फ़्लोरेन्स | ఫ్లోరెన్స్ | ഫ്ലോറൻസ് | ফ্লোরেন্স | 佛罗伦萨 | 翡冷翠,61,
00200637-p005-loc01,00200637-p005,00200637,1,Florence,Florence,3176959,https://www.geonames.org/3176959,43.77925,11.24626,Italy,피렌체 | 플로렌스 | フィレンツェ | ฟลอเรนซ์ | 50123 | Fflorens | Firenca | Firence | Firense | Firenz | Firenze | Firenzi | Flórans | Florâns | Floransa | Florença | Florence | Florencėjė | Florencia | Floréncia | Florència | Florencie | Florencija | Florencja | Florenco | Florens | Flórens | Florénsa | Florensiya | Florensya | Florența | Florentia | Florentzia | Florenz | FLR | ITFLR | Lungsod ng Florencia | Sciorenza | فلورانس | فلورنس | فلورنسا | פירנצה | פירענצע | Φλωρεντία | Фиренца | Фларэнцыя | Флоренц | Флоренци | Флоренций | Флоренция | Флоренція | ཧྥུ་ལོ་རོན་ཟིའུ་ཡ། | Ֆլորենցիա | ფლორენცია | फ्लोरेन्स | फ़्लोरेन्स | ఫ్లోరెన్స్ | ഫ്ലോറൻസ് | ফ্লোরেন্স | 佛罗伦萨 | 翡冷翠,61,
00200642-p001-loc01,00200642-p001,00200642,1,Nurenberg,Nuremberg,2861650,https://www.geonames.org/2861650,49.45421,11.07752,Germany,뉘른베르크 | 90126 | 90442 | 90449 | 90453 | DENUE | Neurenberch | Neurenberg | Niamberg | Nirnberga | Niurnbergas | Norimberg | Norimberga | Norimbèrga | Norimberk | Norymberga | NUE | Nuernberg | Nuremberg | Nurembèrg | Núremberg | Nuremberga | Nurembergo | Nuremburg | Nurenberg | Nurenbergo | Nurenburg | Nürnbarg | Nürnberg | Nürnberq | Nyrëmberg | Nyurnbérg | Νυρεμβεργη | Νυρεμβέργη | Нирнберг | Нӳрнберг | Нюрнберг | ნიურნბერგი | נירנבערג | נירנברג | نورنبرگ | نورنبيرغ | نۆریمبێرگ | نیورمبرگ | न्युर्नबर्ग | நியூரம்பெர்க் | นูเรมเบิร์ก | เนือร์นแบร์ก | ニュルンベルク | 纽伦堡,50,
00200642-p002-loc01,00200642-p002,00200642,1,Nuremberg,Nuremberg,6556832,https://www.geonames.org/6556832,49.4541,11.0768,Germany,09564000 | Nuremberg | Nürnberg | Stadt Nürnberg,4,
00200642-p003-loc01,00200642-p003,00200642,1,Augsburg,Augsburg,2954172,https://www.geonames.org/2954172,48.37154,10.89851,Germany,아우크스부르크 | Ágsborg | AGY | Augsberg | Augsborg | Augsbörj | Augsbourg | Augsburg | Augsburga | Augsburgas | Augsburg-Innenstadt | Augsburgo | Augschburg | Augusta | Augusta Vindelicorum | Auqsburq | DEAGB | Q2749 | Άουγκσμπουργκ | Аугзбург | Аугсбург | Аўгсбург | აუგსბურგი | אאוגסבורג | آوغسبورغ | آوگسبورگ | اگزبرگ | आउग्सबुर्ग | औग्स्बुर्ग | আউগ্‌সবুর্গ | ஔசுபூர்கு | เอาก์สบูร์ก | アウクスブルク | アウグスブルク | 奥格斯堡,35,
00200642-p004-loc01,00200642-p004,00200642,1,Munich,Munich,2867714,https://www.geonames.org/2867714,48.13743,11.57549,Germany,뮌헨 | ミュンヘン | มิวนิก | 80331 | DEMUC | Lungsod ng München | Minca | Minche | Minga | Minhen | Minhene | Miunchenas | Mnichov | Mníchov | Mnichow | Monachium | Monaco de Baviera | Monaco di Baviera | Monaco e Baviera | Mònacu | Monacu di Baviera | Monacum | MUC | Muenchen | München | Münegh | Munhen | Münhen | Munic | Múnic | Munich | Múnich | Mùnich ëd Baviera | Münih | Munîh | Munike | Munique | Munix | Munkeno | Mynihu | Myunxén | میونخ | مونیخ | ميونخ | ميونيخ | מינכן | Μόναχο | Минхен | Мӱнхен | Мүнхен | Мүнхэн | Мюнхен | Միւնիխ | Մյունխեն | მიუნხენი | म्युन्शेन | म्यूनिख | ಮ್ಯೂನಿಕ್ | மியூனிக் | মিউনিখ | မြူးနစ်ချ်မြို့ | 慕尼黑,62,
00200663-p001-loc01,00200663-p001,00200663,1,Wolverhampton,Wolverhampton,2633691,https://www.geonames.org/2633691,52.58547,-2.12296,United Kingdom,울버햄프턴 | ウォルヴァーハンプトン | วุลเวอร์แฮมป์ตัน | GBWOV | Heantun | Q126269 | Vulverhamptonas | Vulverhempton | Vulverhemptona | Wolverhampton | Wulfrunehantona | XVW | ولورهمپتون | وولفرهامبتون | وولورہیمپٹن | וואלווערהאמפטאן | וולברהמפטון | Γουλβερχάμπτον | Вулвергемптон | Вулверхемптон | Улвърхамптън | Վուլվերհեմպտոն | ვულვერჰემპტონი | 伍爾弗漢普頓,24,
00200663-p002-loc01,00200663-p002,00200663,1,Cambridge,Cambridge,2653941,https://www.geonames.org/2653941,52.2,0.11667,United Kingdom,케임브리지 | Caergrawnt | Cambridge | Cantabrigia | CBG | GBCMG | Grantanbrycg | Kambrij | Kembric | Kembridža | Kembridžas | Kembriĝo | Kiam-khiâu | Κέμπριτζ | Кеймбридж | Кембридж | Кембриҷ | Кембриџ | Кембрідж | Кембрыдж | კემბრიჯი | Քեմբրիջ | קיימברידג' | كامبريدج | کمبریج | کیمبرج | केंब्रिज | ক্যামব্রিজ | ಕೇಂಬ್ರಿಜ್ | കേംബ്രിഡ്ജ് | เคมบริดจ์ | ကိန်းဘရစ်ချ်မြို့ | ケンブリッジ | 劍橋,34,
00200663-p003-loc01,00200663-p003,00200663,1,Provo,Provo,5780026,https://www.geonames.org/5780026,40.23384,-111.65853,United States,プロボ | 프로보 | 84601 | 84602 | 84603 | 84604 | 84605 | 84606 | Fort Utah | Provas | Provo | Provo City | PVU | USPVU | بروفو | پرووو | پرووو، یوتا | پرووو، یوٹاہ | פרובו | Прово | Провоу | 普若佛,22,
02011583-p001-loc01,02011583-p001,02011583,1,London,,,,,,,,0,
02011583-p002-loc01,02011583-p002,02011583,1,London,,,,,,,,0,
02126726-p001-loc01,02126726-p001,02126726,1,Kraków,Krakow,3094802,https://www.geonames.org/3094802,50.06143,19.93658,Poland,クラクフ | 크라쿠프 | กรากุฟ | Carcovia | Cracaû | Cracovia | Cracóvia | Cracòvia | Cracovie | Cracow | Kraká | Krakau | Krakkó | Krakov | Krakova | Krakovi | Krakovia | Krakóvia | Krakovja | Krakovo | Krakow | Kraków | Krakòwò | Krakůw | Krakоv | KRK | Krokuva | PLKRK | Q31487 | كراكوف | کراکوف | קראקע | קרקוב | Κρακοβία | Кракаў | Краків | Краков | Краковия | Կրակով | კრაკოვი | क्राकूफ | ကရားကော့မြို့ | 克拉科夫,43,
02126726-p002-loc01,02126726-p002,02126726,1,Kraków,Krakow,3094802,https://www.geonames.org/3094802,50.06143,19.93658,Poland,クラクフ | 크라쿠프 | กรากุฟ | Carcovia | Cracaû | Cracovia | Cracóvia | Cracòvia | Cracovie | Cracow | Kraká | Krakau | Krakkó | Krakov | Krakova | Krakovi | Krakovia | Krakóvia | Krakovja | Krakovo | Krakow | Kraków | Krakòwò | Krakůw | Krakоv | KRK | Krokuva | PLKRK | Q31487 | كراكوف | کراکوف | קראקע | קרקוב | Κρακοβία | Кракаў | Краків | Краков | Краковия | Կրակով | კრაკოვი | क्राकूफ | ကရားကော့မြို့ | 克拉科夫,43,
02126726-p003-loc01,02126726-p003,02126726,1,Kraków,Krakow,3094802,https://www.geonames.org/3094802,50.06143,19.93658,Poland,クラクフ | 크라쿠프 | กรากุฟ | Carcovia | Cracaû | Cracovia | Cracóvia | Cracòvia | Cracovie | Cracow | Kraká | Krakau | Krakkó | Krakov | Krakova | Krakovi | Krakovia | Krakóvia | Krakovja | Krakovo | Krakow | Kraków | Krakòwò | Krakůw | Krakоv | KRK | Krokuva | PLKRK | Q31487 | كراكوف | کراکوف | קראקע | קרקוב | Κρακοβία | Кракаў | Краків | Краков | Краковия | Կրակով | კრაკოვი | क्राकूफ | ကရားကော့မြို့ | 克拉科夫,43,
00200653-p001-loc01,00200653-p001,00200653,1,Paris,Paris,2988507,https://www.geonames.org/2988507,48.85341,2.3488,France,파리 | 75000 | 75001 | 75002 | 75003 | 75004 | 75005 | 75006 | 75007 | 75008 | 75009 | 75010 | 75011 | 75012 | 75013 | 75014 | 75015 | 75016 | 75017 | 75018 | 75019 | 75020 | Baariis | Bahliz | Baris | FRPAR | Lungsod ng Paris | Lutèce | Lutetia | Lutetia Parisorum | Paarys | Palika | Paname | Pantruche | PAR | Paräis | Páras | Pa-ri | Pari | Parĩ | Parī | Paries | Parigge | Pariggi | Parighji | Parigi | Pariis | Pariisi | Pariižu | Parij | Parijs | paris | Paris | París | Parîs | Parisi | Parixe | Pariz | Pariž | Paríž | Paříž | Parīze | Parizo | Párizs | Parys | Paryż | Paryžius | Q90 | Ville-Lumière | Παρίσι | Париж | Париж ош | Парижь | Париз | Парис | Паріж | Парыж | პარიზი | Բարիզ | Փարիզ | פאריז | פריז | باريس | پارىژ | پاريس | پاریس | پیرس | ܦܐܪܝܣ | ፓሪስ | पॅरिस | पेरिस | पैरिस | প্যারিস | ਪੈਰਿਸ | પૅરિસ | பாரிஸ் | పారిస్ | ಪ್ಯಾರಿಸ್ | പാരിസ് | ปารีส | ཕ་རི། | ပါရီမြို့ | ប៉ារីស | パリ | 巴黎,105,
00200653-p002-loc01,00200653-p002,00200653,1,London,London,2643743,https://www.geonames.org/2643743,51.50853,-0.12574,United Kingdom,런던 | ᎫᎴ ᏗᏍᎪᏂᎯᏱ | ܠܘܢܕܘܢ | ለንደን | ロンドン | ଲଣ୍ଡନ | ลอนดอน | ລອນດອນ | GBLON | ILondon | Lākana | Landan | Landen | Llundain | Lodoni | LON | Londain | Londar | Londe | Londen | Londin | Londinium | Londn | london | London | Londona | Londonas | Londoni | Londono | Londons | Lọndọnu | Londra | Łondra | Londres | Londrez | Londri | Londro | Londye | Londyn | Londýn | Lonn | Lontoo | Loundres | Luân Đôn | Lunden | Lundra | Lůndůn | Lundúnir | Lùng-dŭng | Lunnainn | Lunnin | Lunnon | Lûn-tun | Lùn-tûn | Q84 | Rānana | لأندأن | لندن | لەندەن | لوندون | לאנדאן | לונדון | Λονδίνο | Лёндан | Лондан | Лондон | Лондон ош | Лондонъ | ལོན་ཊོན། | Լոնդոն | Լոնտոն | ლონდონი | लण्डन | लन्डन् | लन्दन | लंडन | लंदन | લંડન | లండన్ | ਲੰਡਨ | ಲಂಡನ್ | இலண்டன் | ലണ്ടൻ | লন্ডন | လန်ဒန်မြို့ | ලන්ඩන් | 伦敦 | 倫敦,88,
00200653-p003-loc01,00200653-p003,00200653,1,New York,New York,5128581,https://www.geonames.org/5128581,40.71427,-74.00597,United States,뉴욕 | 뉴욕 시 | 10001 | 10002 | 10003 | 10004 | 10005 | 10006 | 10007 | 10008 | 10009 | 10010 | 10011 | 10012 | 10013 | 10014 | 10016 | 10017 | 10018 | 10019 | 10020 | 10021 | 10022 | 10023 | 10024 | 10025 | 10026 | 10027 | 10028 | 10029 | 10030 | 10031 | 10032 | 10033 | 10034 | 10035 | 10036 | 10037 | 10038 | 10039 | 10040 | 10041 | 10043 | 10044 | 10045 | 10055 | 10060 | 10065 | 10069 | 10080 | 10081 | 10087 | 10090 | 10101 | 10102 | 10103 | 10104 | 10105 | 10106 | 10107 | 10108 | 10109 | 10110 | 10111 | 10112 | 10113 | 10114 | 10115 | 10116 | 10117 | 10118 | 10119 | 10120 | 10121 | 10122 | 10123 | 10124 | 10125 | 10126 | 10128 | 10129 | 10130 | 10131 | 10132 | 10133 | 10138 | 10150 | 10151 | 10152 | 10153 | 10154 | 10155 | 10156 | 10157 | 10158 | 10159 | 10160 | 10161 | 10162 | 10163 | 10164 | 10165 | 10166 | 10167 | 10168 | 10169 | 10170 | 10171 | 10172 | 10173 | 10174 | 10175 | 10176 | 10177 | 10178 | 10179 | 10185 | 10199 | 10203 | 10211 | 10212 | 10213 | 10242 | 10249 | 10256 | 10258 | 10259 | 10260 | 10261 | 10265 | 10268 | 10269 | 10270 | 10271 | 10272 | 10273 | 10274 | 10275 | 10276 | 10277 | 10278 | 10279 | 10280 | 10281 | 10282 | 10285 | 10286 | Aebura | Bandar Raya New York | Big Apple | Cathair Nua-Eabhrac | City of New York | Eabhraig Nuadh | Efrog Newydd | Evrek Nowydh | Ga-no-no | Kanón:no | Kanono | Kota New York | Lungsod ng New York | Nei Yarrick Schtadt | Neu Amsterdam | Neu Jorck | New Amsterdam | New Orange | New Yorc | New York | New York borg | New York-borg | New York City | New Yorke | New York kenti | New York Stad | New Yorku | Niujorkas | Njujork | Nouvelle Yorck | Nouvieau York | Nova Amsterda | Nova Iorque | Nova York | Nova-York | Nòva York | Novjorko | Nov-Jorko | Novum Eboracum | Nowy Jork | Nua-Eabhrac | Nueva York | Ņujorka | Nuova York | NY | NYC | Nýja Jórvík | Nyu York Shehiri | Q60 | Thành phố New York | The Big Apple | USNYC | York Berri | Νέα Υόρκη | Нью-Ёрк | Нью-Йорк | Ню Йорк | Њујорк | Њу Јорк | ნიუ-იორკი | Նիւ Եորք | Նյու Յորք | ניו יארק | ניו־יאָרק | ניו יורק | نيويورك | نیویارک شہر | نیویورک | न्यूयॉर्क | নিউ ইয়র্ক সিটি | நியூயார்க் நகரம் | นครนิวยอร์ก | ニューヨーク | マンハッタン | 紐約 | 紐約市,223,
00200653-p004-loc01,00200653-p004,00200653,1,San Marino,San Marino,5392400,https://www.geonames.org/5392400,34.1214,-118.10646,United States,샌마리노 | 91108 | 91118 | Q850869 | San Marino | San-Marino | USSMD | Σαν Μαρίνο | Сан Марино | Сан-Марино | Сан-Маріно | Сан-Марына | სან-მარინო | Սան Մարինո | סן מרינו | سان مارينو | سان مارینو، کالیفرنیا | سان مارینو، کالیفورنیا | سین مارینو، کیلی فورنیا | स्यान म्यारिनो | サン・マリノ | 圣马力诺 | 聖瑪利諾 | 聖馬利諾,24,
00200653-p005-loc01,00200653-p005,00200653,1,"San Marino, California, United States",San Marino,5392400,https://www.geonames.org/5392400,34.1214,-118.10646,United States,샌마리노 | 91108 | 91118 | Q850869 | San Marino | San-Marino | USSMD | Σαν Μαρίνο | Сан Марино | Сан-Марино | Сан-Маріно | Сан-Марына | სან-მარინო | Սան Մարինո | סן מרינו | سان مارينو | سان مارینو، کالیفرنیا | سان مارینو، کالیفورنیا | سین مارینو، کیلی فورنیا | स्यान म्यारिनो | サン・マリノ | 圣马力诺 | 聖瑪利諾 | 聖馬利諾,24,
00200646-p001-loc01,00200646-p001,00200646,1,Paris,Paris,2988507,https://www.geonames.org/2988507,48.85341,2.3488,France,파리 | 75000 | 75001 | 75002 | 75003 | 75004 | 75005 | 75006 | 75007 | 75008 | 75009 | 75010 | 75011 | 75012 | 75013 | 75014 | 75015 | 75016 | 75017 | 75018 | 75019 | 75020 | Baariis | Bahliz | Baris | FRPAR | Lungsod ng Paris | Lutèce | Lutetia | Lutetia Parisorum | Paarys | Palika | Paname | Pantruche | PAR | Paräis | Páras | Pa-ri | Pari | Parĩ | Parī | Paries | Parigge | Pariggi | Parighji | Parigi | Pariis | Pariisi | Pariižu | Parij | Parijs | paris | Paris | París | Parîs | Parisi | Parixe | Pariz | Pariž | Paríž | Paříž | Parīze | Parizo | Párizs | Parys | Paryż | Paryžius | Q90 | Ville-Lumière | Παρίσι | Париж | Париж ош | Парижь | Париз | Парис | Паріж | Парыж | პარიზი | Բարիզ | Փարիզ | פאריז | פריז | باريس | پارىژ | پاريس | پاریس | پیرس | ܦܐܪܝܣ | ፓሪስ | पॅरिस | पेरिस | पैरिस | প্যারিস | ਪੈਰਿਸ | પૅરિસ | பாரிஸ் | పారిస్ | ಪ್ಯಾರಿಸ್ | പാരിസ് | ปารีส | ཕ་རི། | ပါရီမြို့ | ប៉ារីស | パリ | 巴黎,105,
00200646-p002-loc01,00200646-p002,00200646,1,London,London,2643743,https://www.geonames.org/2643743,51.50853,-0.12574,United Kingdom,런던 | ᎫᎴ ᏗᏍᎪᏂᎯᏱ | ܠܘܢܕܘܢ | ለንደን | ロンドン | ଲଣ୍ଡନ | ลอนดอน | ລອນດອນ | GBLON | ILondon | Lākana | Landan | Landen | Llundain | Lodoni | LON | Londain | Londar | Londe | Londen | Londin | Londinium | Londn | london | London | Londona | Londonas | Londoni | Londono | Londons | Lọndọnu | Londra | Łondra | Londres | Londrez | Londri | Londro | Londye | Londyn | Londýn | Lonn | Lontoo | Loundres | Luân Đôn | Lunden | Lundra | Lůndůn | Lundúnir | Lùng-dŭng | Lunnainn | Lunnin | Lunnon | Lûn-tun | Lùn-tûn | Q84 | Rānana | لأندأن | لندن | لەندەن | لوندون | לאנדאן | לונדון | Λονδίνο | Лёндан | Лондан | Лондон | Лондон ош | Лондонъ | ལོན་ཊོན། | Լոնդոն | Լոնտոն | ლონდონი | लण्डन | लन्डन् | लन्दन | लंडन | लंदन | લંડન | లండన్ | ਲੰਡਨ | ಲಂಡನ್ | இலண்டன் | ലണ്ടൻ | লন্ডন | လန်ဒန်မြို့ | ලන්ඩන් | 伦敦 | 倫敦,88,
00200646-p003-loc01,00200646-p003,00200646,1,Syston,Syston,2636341,https://www.geonames.org/2636341,52.68333,-1.06667,United Kingdom,GBSYS | Syston | سیستون,3,
00200646-p004-loc01,00200646-p004,00200646,1,Syston,Syston,2636341,https://www.geonames.org/2636341,52.68333,-1.06667,United Kingdom,GBSYS | Syston | سیستون,3,
00200646-p005-loc01,00200646-p005,00200646,1,London,London,2643743,https://www.geonames.org/2643743,51.50853,-0.12574,United Kingdom,런던 | ᎫᎴ ᏗᏍᎪᏂᎯᏱ | ܠܘܢܕܘܢ | ለንደን | ロンドン | ଲଣ୍ଡନ | ลอนดอน | ລອນດອນ | GBLON | ILondon | Lākana | Landan | Landen | Llundain | Lodoni | LON | Londain | Londar | Londe | Londen | Londin | Londinium | Londn | london | London | Londona | Londonas | Londoni | Londono | Londons | Lọndọnu | Londra | Łondra | Londres | Londrez | Londri | Londro | Londye | Londyn | Londýn | Lonn | Lontoo | Loundres | Luân Đôn | Lunden | Lundra | Lůndůn | Lundúnir | Lùng-dŭng | Lunnainn | Lunnin | Lunnon | Lûn-tun | Lùn-tûn | Q84 | Rānana | لأندأن | لندن | لەندەن | لوندون | לאנדאן | לונדון | Λονδίνο | Лёндан | Лондан | Лондон | Лондон ош | Лондонъ | ལོན་ཊོན། | Լոնդոն | Լոնտոն | ლონდონი | लण्डन | लन्डन् | लन्दन | लंडन | लंदन | લંડન | లండన్ | ਲੰਡਨ | ಲಂಡನ್ | இலண்டன் | ലണ്ടൻ | লন্ডন | လန်ဒန်မြို့ | ලන්ඩන් | 伦敦 | 倫敦,88,
00200646-p006-loc01,00200646-p006,00200646,1,London,London,2643743,https://www.geonames.org/2643743,51.50853,-0.12574,United Kingdom,런던 | ᎫᎴ ᏗᏍᎪᏂᎯᏱ | ܠܘܢܕܘܢ | ለንደን | ロンドン | ଲଣ୍ଡନ | ลอนดอน | ລອນດອນ | GBLON | ILondon | Lākana | Landan | Landen | Llundain | Lodoni | LON | Londain | Londar | Londe | Londen | Londin | Londinium | Londn | london | London | Londona | Londonas | Londoni | Londono | Londons | Lọndọnu | Londra | Łondra | Londres | Londrez | Londri | Londro | Londye | Londyn | Londýn | Lonn | Lontoo | Loundres | Luân Đôn | Lunden | Lundra | Lůndůn | Lundúnir | Lùng-dŭng | Lunnainn | Lunnin | Lunnon | Lûn-tun | Lùn-tûn | Q84 | Rānana | لأندأن | لندن | لەندەن | لوندون | לאנדאן | לונדון | Λονδίνο | Лёндан | Лондан | Лондон | Лондон ош | Лондонъ | ལོན་ཊོན། | Լոնդոն | Լոնտոն | ლონდონი | लण्डन | लन्डन् | लन्दन | लंडन | लंदन | લંડન | లండన్ | ਲੰਡਨ | ಲಂಡನ್ | இலண்டன் | ലണ്ടൻ | লন্ডন | လန်ဒန်မြို့ | ලන්ඩන් | 伦敦 | 倫敦,88,
00200646-p007-loc01,00200646-p007,00200646,1,New York,New York,5128581,https://www.geonames.org/5128581,40.71427,-74.00597,United States,뉴욕 | 뉴욕 시 | 10001 | 10002 | 10003 | 10004 | 10005 | 10006 | 10007 | 10008 | 10009 | 10010 | 10011 | 10012 | 10013 | 10014 | 10016 | 10017 | 10018 | 10019 | 10020 | 10021 | 10022 | 10023 | 10024 | 10025 | 10026 | 10027 | 10028 | 10029 | 10030 | 10031 | 10032 | 10033 | 10034 | 10035 | 10036 | 10037 | 10038 | 10039 | 10040 | 10041 | 10043 | 10044 | 10045 | 10055 | 10060 | 10065 | 10069 | 10080 | 10081 | 10087 | 10090 | 10101 | 10102 | 10103 | 10104 | 10105 | 10106 | 10107 | 10108 | 10109 | 10110 | 10111 | 10112 | 10113 | 10114 | 10115 | 10116 | 10117 | 10118 | 10119 | 10120 | 10121 | 10122 | 10123 | 10124 | 10125 | 10126 | 10128 | 10129 | 10130 | 10131 | 10132 | 10133 | 10138 | 10150 | 10151 | 10152 | 10153 | 10154 | 10155 | 10156 | 10157 | 10158 | 10159 | 10160 | 10161 | 10162 | 10163 | 10164 | 10165 | 10166 | 10167 | 10168 | 10169 | 10170 | 10171 | 10172 | 10173 | 10174 | 10175 | 10176 | 10177 | 10178 | 10179 | 10185 | 10199 | 10203 | 10211 | 10212 | 10213 | 10242 | 10249 | 10256 | 10258 | 10259 | 10260 | 10261 | 10265 | 10268 | 10269 | 10270 | 10271 | 10272 | 10273 | 10274 | 10275 | 10276 | 10277 | 10278 | 10279 | 10280 | 10281 | 10282 | 10285 | 10286 | Aebura | Bandar Raya New York | Big Apple | Cathair Nua-Eabhrac | City of New York | Eabhraig Nuadh | Efrog Newydd | Evrek Nowydh | Ga-no-no | Kanón:no | Kanono | Kota New York | Lungsod ng New York | Nei Yarrick Schtadt | Neu Amsterdam | Neu Jorck | New Amsterdam | New Orange | New Yorc | New York | New York borg | New York-borg | New York City | New Yorke | New York kenti | New York Stad | New Yorku | Niujorkas | Njujork | Nouvelle Yorck | Nouvieau York | Nova Amsterda | Nova Iorque | Nova York | Nova-York | Nòva York | Novjorko | Nov-Jorko | Novum Eboracum | Nowy Jork | Nua-Eabhrac | Nueva York | Ņujorka | Nuova York | NY | NYC | Nýja Jórvík | Nyu York Shehiri | Q60 | Thành phố New York | The Big Apple | USNYC | York Berri | Νέα Υόρκη | Нью-Ёрк | Нью-Йорк | Ню Йорк | Њујорк | Њу Јорк | ნიუ-იორკი | Նիւ Եորք | Նյու Յորք | ניו יארק | ניו־יאָרק | ניו יורק | نيويورك | نیویارک شہر | نیویورک | न्यूयॉर्क | নিউ ইয়র্ক সিটি | நியூயார்க் நகரம் | นครนิวยอร์ก | ニューヨーク | マンハッタン | 紐約 | 紐約市,223,
00200646-p008-loc01,00200646-p008,00200646,1,New York,New York,5128581,https://www.geonames.org/5128581,40.71427,-74.00597,United States,뉴욕 | 뉴욕 시 | 10001 | 10002 | 10003 | 10004 | 10005 | 10006 | 10007 | 10008 | 10009 | 10010 | 10011 | 10012 | 10013 | 10014 | 10016 | 10017 | 10018 | 10019 | 10020 | 10021 | 10022 | 10023 | 10024 | 10025 | 10026 | 10027 | 10028 | 10029 | 10030 | 10031 | 10032 | 10033 | 10034 | 10035 | 10036 | 10037 | 10038 | 10039 | 10040 | 10041 | 10043 | 10044 | 10045 | 10055 | 10060 | 10065 | 10069 | 10080 | 10081 | 10087 | 10090 | 10101 | 10102 | 10103 | 10104 | 10105 | 10106 | 10107 | 10108 | 10109 | 10110 | 10111 | 10112 | 10113 | 10114 | 10115 | 10116 | 10117 | 10118 | 10119 | 10120 | 10121 | 10122 | 10123 | 10124 | 10125 | 10126 | 10128 | 10129 | 10130 | 10131 | 10132 | 10133 | 10138 | 10150 | 10151 | 10152 | 10153 | 10154 | 10155 | 10156 | 10157 | 10158 | 10159 | 10160 | 10161 | 10162 | 10163 | 10164 | 10165 | 10166 | 10167 | 10168 | 10169 | 10170 | 10171 | 10172 | 10173 | 10174 | 10175 | 10176 | 10177 | 10178 | 10179 | 10185 | 10199 | 10203 | 10211 | 10212 | 10213 | 10242 | 10249 | 10256 | 10258 | 10259 | 10260 | 10261 | 10265 | 10268 | 10269 | 10270 | 10271 | 10272 | 10273 | 10274 | 10275 | 10276 | 10277 | 10278 | 10279 | 10280 | 10281 | 10282 | 10285 | 10286 | Aebura | Bandar Raya New York | Big Apple | Cathair Nua-Eabhrac | City of New York | Eabhraig Nuadh | Efrog Newydd | Evrek Nowydh | Ga-no-no | Kanón:no | Kanono | Kota New York | Lungsod ng New York | Nei Yarrick Schtadt | Neu Amsterdam | Neu Jorck | New Amsterdam | New Orange | New Yorc | New York | New York borg | New York-borg | New York City | New Yorke | New York kenti | New York Stad | New Yorku | Niujorkas | Njujork | Nouvelle Yorck | Nouvieau York | Nova Amsterda | Nova Iorque | Nova York | Nova-York | Nòva York | Novjorko | Nov-Jorko | Novum Eboracum | Nowy Jork | Nua-Eabhrac | Nueva York | Ņujorka | Nuova York | NY | NYC | Nýja Jórvík | Nyu York Shehiri | Q60 | Thành phố New York | The Big Apple | USNYC | York Berri | Νέα Υόρκη | Нью-Ёрк | Нью-Йорк | Ню Йорк | Њујорк | Њу Јорк | ნიუ-იორკი | Նիւ Եորք | Նյու Յորք | ניו יארק | ניו־יאָרק | ניו יורק | نيويورك | نیویارک شہر | نیویورک | न्यूयॉर्क | নিউ ইয়র্ক সিটি | நியூயார்க் நகரம் | นครนิวยอร์ก | ニューヨーク | マンハッタン | 紐約 | 紐約市,223,
00200633-p001-loc01,00200633-p001,00200633,1,Heidelberg,Heidelberg,2907911,https://www.geonames.org/2907911,49.40768,8.69079,Germany,하이델베르크 | DEHEI | Edelberga | Haidlbärsch | Hajdelberg | Hajdelbergo | HDB | Heidelbarg | Heidelbärg | Heidelberch | Heidelberg | Heidelberga | Heidelbergas | Heidelburg | Heidlbeag | Heidlberg | Hejdelbergo | Héydélbérg | Heydelberq | Χαϊδελβέργη | Гайдельберг | Гейдельберг | Гейдэльберг | Хайделберг | Хайдельберг | Хајделберг | ჰაიდელბერგი | היידלבערג | היידלברג | هايدلبرغ | هایدلبرگ | ہائیڈلبرگ | हायडेलबर्ग | ハイデルベルク | 海德堡,35,
00200633-p002-loc01,00200633-p002,00200633,1,Rouffach,Rouffach,2982636,https://www.geonames.org/2982636,47.95786,7.30016,France,68250 | FRRUF | Rufach | Руффак,4,
00200633-p003-loc01,00200633-p003,00200633,1,Basel,Basel,2661604,https://www.geonames.org/2661604,47.55839,7.57327,Switzerland,바젤 | 4000 | 4001 | 4031 | 4051 | 4052 | 4053 | 4054 | 4055 | 4056 | 4057 | 4058 | 4059 | Bâla | Bâle | Basel | Bāsel | Basilea | Basilèa | Basileia | Basilej | Basilia | Basle | Baxiłea | Bazel | Bázel | Bāzele | Bazeli | Bazelis | Bazelo | Bazilej | Bazylea | BSL | CHBSL | EAP | Robur | Βασιλεία | Базел | Базель | Базель хот | ბაზელი | Բազել | באזעל | בזל | بازل | ባዝል | बासल | বাজেল | பேசெல் | บาเซิล | པ་སེལ། | バーゼル | 巴塞尔 | 巴塞爾 | 白才尔,55,
00200633-p004-loc01,00200633-p004,00200633,1,Padua,Padua,3171728,https://www.geonames.org/3171728,45.40797,11.88586,Italy,파도바 | パドヴァ | ITPD4 | ITPDA | Padoa | Padoue | Padova | Padovo | Padua | Pádua | Pàdua | Padwa | Patavium | QPA | بادوفا | פאדובה | Падова | Падуа | Падуя | პადუა | 帕多瓦,21,
00200633-p005-loc01,00200633-p005,00200633,1,Strasbourg,Strasbourg,2973783,https://www.geonames.org/2973783,48.58392,7.74553,France,스트라스부르 | ስትራዝቡርግ | ストラスブール | สทราซบูร์ | 67000 | 67001 CEDEX | 67002 CEDEX | 67003 CEDEX | 67004 CEDEX | 67005 CEDEX | 67006 CEDEX | 67007 CEDEX | 67008 CEDEX | 67009 CEDEX | 67010 CEDEX | 67011 CEDEX 1 | 67012 CEDEX | 67013 CEDEX | 67014 CEDEX | 67015 CEDEX | 67016 CEDEX | 67017 CEDEX | 67018 CEDEX | 67019 CEDEX | 67020 CEDEX 1 | 67021 CEDEX 1 | 67022 CEDEX 1 | 67023 CEDEX 1 | 67024 CEDEX 1 | 67025 CEDEX 1 | 67026 CEDEX 1 | 67027 CEDEX 1 | 67028 CEDEX 1 | 67029 CEDEX 1 | 67030 CEDEX 2 | 67031 CEDEX 2 | 67032 CEDEX 2 | 67033 CEDEX 2 | 67034 CEDEX 2 | 67035 CEDEX 2 | 67036 CEDEX 2 | 67037 CEDEX 2 | 67038 CEDEX 2 | 67039 CEDEX 2 | 67043 CEDEX | 67044 CEDEX | 67045 CEDEX | 67046 CEDEX | 67059 CEDEX | 67060 CEDEX | 67061 CEDEX | 67064 CEDEX | 67065 CEDEX | 67067 CEDEX | 67068 CEDEX | 67069 CEDEX | 67070 CEDEX | 67071 CEDEX | 67073 CEDEX | 67074 CEDEX | 67075 CEDEX | 67076 CEDEX | 67077 CEDEX | 67080 CEDEX | 67081 CEDEX | 67082 CEDEX | 67083 CEDEX | 67084 CEDEX | 67085 CEDEX | 67086 CEDEX 2 | 67087 CEDEX 2 | 67088 CEDEX 2 | 67089 CEDEX 1 | 67090 CEDEX | 67091 CEDEX | 67092 CEDEX | 67093 CEDEX | 67096 CEDEX 2 | 67098 CEDEX 2 | 67099 CEDEX | 67100 | 67102 CEDEX 1 | 67109 CEDEX 1 | 67200 | 67209 CEDEX 2 | 67900 CEDEX 9 | 67905 CEDEX 9 | 67906 CEDEX 9 | 67907 CEDEX 9 | 67909 CEDEX 9 | 67911 CEDEX 9 | 67913 CEDEX 9 | 67921 CEDEX 9 | 67922 CEDEX 9 | 67923 CEDEX 9 | 67925 CEDEX 9 | 67926 CEDEX 9 | 67927 CEDEX 9 | 67928 CEDEX 9 | 67931 CEDEX 9 | 67932 CEDEX 9 | 67933 CEDEX 9 | 67942 CEDEX 9 | 67943 CEDEX 9 | 67944 CEDEX 9 | 67948 CEDEX 9 | 67949 CEDEX 9 | 67952 CEDEX 9 | 67953 CEDEX 9 | 67955 CEDEX 9 | 67957 CEDEX 9 | 67958 CEDEX 9 | 67959 CEDEX 9 | 67961 CEDEX 9 | 67962 CEDEX 9 | 67963 CEDEX 9 | 67964 CEDEX 9 | 67965 CEDEX 9 | 67966 CEDEX 9 | 67967 CEDEX 9 | 67969 CEDEX 9 | 67972 CEDEX 9 | 67974 CEDEX 9 | 67975 CEDEX 9 | 67976 CEDEX 9 | 67977 CEDEX 9 | 67978 CEDEX 9 | 67979 CEDEX 9 | 67981 CEDEX 9 | 67982 CEDEX 9 | 67983 CEDEX 9 | 67984 CEDEX 9 | 67985 CEDEX 9 | 67986 CEDEX 9 | 67999 CEDEX 9 | Argentoratum | Estrasborg | Estrasbou | Estrasburg | Estrasburgo | Estrasburgu | FRSXB | Lungsod ng Strasbourg | Sjtraasburg | Straasburch | Straasbuurich | Straatsburg | Strǣtburg | Strasbôrg | Strasborgh | Strasbourg | Strasbūra | Strasbūras | Strasburg | Štrasburg | Strasburgo | Strasburgu | Štrasburk | Strasburq | Strasbwrg | Strassborg | Straßborg | Strassbourg | Strassburg | Straßburg | Straszburg | Strazburg | Strażburgu | Stroatsburg | Stroosburi | Stroossbuerg | Strossburg | SXB | استراسبورگ | ستراسبورغ | ستراسبورگ | شٹراسبرگ | שטראסבורג | שטרסבורג | Στρασβούργο | Стразбур | Страсбур | Страсбург | Штразбург | སི་ཐི་རཱ་སི་བུར། | Ստրասբուրգ | სტრასბური | स्ट्रासबर्ग | स्त्रासबुर्ग | સ્ટ્રાસબોર્ગ | ਸਟਰਾਸਬਰਗ | ஸ்திராஸ்பூர்க் | സ്ട്രാസ്ബർഗ് | 斯特拉斯堡,194,
00200633-p007-loc01,00200633-p007,00200633,1,Cambridge,Cambridge,2653941,https://www.geonames.org/2653941,52.2,0.11667,United Kingdom,케임브리지 | Caergrawnt | Cambridge | Cantabrigia | CBG | GBCMG | Grantanbrycg | Kambrij | Kembric | Kembridža | Kembridžas | Kembriĝo | Kiam-khiâu | Κέμπριτζ | Кеймбридж | Кембридж | Кембриҷ | Кембриџ | Кембрідж | Кембрыдж | კემბრიჯი | Քեմբրիջ | קיימברידג' | كامبريدج | کمبریج | کیمبرج | केंब्रिज | ক্যামব্রিজ | ಕೇಂಬ್ರಿಜ್ | കേംബ്രിഡ്ജ് | เคมบริดจ์ | ကိန်းဘရစ်ချ်မြို့ | ケンブリッジ | 劍橋,34,
00200641-p001-loc01,00200641-p001,00200641,1,Wroclaw,Wroclaw,3081368,https://www.geonames.org/3081368,51.10286,17.03006,Poland,ヴロツワフ | 브로츠와프 | วรอตสวัฟ | Boroszló | Brasloi | Brassel | Breslau | Breslava | Breslavia | Breslávia | Breslavl’ | Breslū | Breßlau | PLWRO | Q1799 | Vratislav | Vratislavia | Vratislavie | Vroclav | Vroclava | Vroclavas | Vroclavo | Vrocuav | Vroklave | Vroslav | Vrotslav | Vruoclavs | WRO | Wroclaw | Wrocław | Wrócław | Wrocłow | Wroklaw | Wrosław | ڤرۆتسواف | فروتسواف | وروتسواف | وروسلاو | ברעסלוי | ורוצלב | Βρότσλαβ | Вроцлав | Вроцлаў | ვროცლავი | व्रोत्सवाफ | விராத்ஸ்சாஃப் | 弗罗茨瓦夫,47,
00200641-p002-loc01,00200641-p002,00200641,1,Moscow,Moscow,524901,https://www.geonames.org/524901,55.75204,37.61781,Russia,ሞስኮ | ܡܘܣܩܒܐ | モスクワ | 모스크바 | มอสโก | Maskava | Maskva | Matxcơva | Mát-xcơ-va | Mosca | Moscfa | Moscó | Moscou | Moscòu | Moscova | Moscovo | Moscow | Moscoƿ | Moscú | Moscù | Moscua | Moska | Moskau | Mosko | Moskou | Moskov | Moskova | Moskovu | Moskow | Moskowa | Mosku | Moskuas | Moskva | Moskvo | Moskwa | Mòskwa | Moszkva | MOW | Q649 | RUMOW | ماسکو | مسکو | موسكۋا | موسكو | מאסקווע | מאָסקװע | מוסקבה | Μόσχα | Мæскуы | Маскав | Масква | Мәскеу | Мәскәү | Москва | Москова | Москох | Москъва | Мускав | Муско | མོ་སི་ཁོ། | Մոսկուա | Մոսկվա | მოსკოვი | मास्को | मॉस्को | மாஸ்கோ | মস্কো | 莫斯科,68,
00200666-p002-loc01,00200666-p002,00200666,1,Worlingham Hall,Worlingham,2633546,https://www.geonames.org/2633546,52.45054,1.59456,United Kingdom,Worlingham,1,
00200666-p004-loc01,00200666-p004,00200666,1,Washington,Washington,4140963,https://www.geonames.org/4140963,38.89511,-77.03637,United States,20001 | 20002 | 20003 | 20004 | 20005 | 20006 | 20007 | 20008 | 20009 | 20010 | 20011 | 20012 | 20013 | 20015 | 20016 | 20017 | 20018 | 20019 | 20020 | 20024 | 20026 | 20029 | 20030 | 20032 | 20033 | 20035 | 20036 | 20037 | 20038 | 20039 | 20040 | 20041 | 20042 | 20043 | 20044 | 20045 | 20047 | 20049 | 20050 | 20052 | 20053 | 20055 | 20056 | 20057 | 20058 | 20059 | 20060 | 20061 | 20062 | 20063 | 20064 | 20065 | 20066 | 20067 | 20068 | 20069 | 20070 | 20071 | 20073 | 20074 | 20075 | 20076 | 20077 | 20078 | 20080 | 20081 | 20082 | 20090 | 20091 | 20201 | 20202 | 20203 | 20204 | 20206 | 20207 | 20208 | 20210 | 20211 | 20212 | 20213 | 20214 | 20215 | 20216 | 20217 | 20218 | 20219 | 20220 | 20221 | 20222 | 20223 | 20224 | 20226 | 20227 | 20228 | 20229 | 20230 | 20232 | 20233 | 20235 | 20238 | 20239 | 20240 | 20241 | 20242 | 20244 | 20245 | 20250 | 20251 | 20254 | 20260 | 20261 | 20262 | 20265 | 20266 | 20268 | 20270 | 20277 | 20289 | 20299 | 20301 | 20303 | 20306 | 20310 | 20314 | 20317 | 20318 | 20319 | 20330 | 20340 | 20350 | 20370 | 20372 | 20375 | 20380 | 20389 | 20390 | 20392 | 20393 | 20394 | 20395 | 20401 | 20402 | 20403 | 20404 | 20405 | 20406 | 20407 | 20408 | 20409 | 20410 | 20411 | 20412 | 20413 | 20414 | 20415 | 20416 | 20418 | 20419 | 20420 | 20421 | 20422 | 20423 | 20424 | 20425 | 20426 | 20427 | 20428 | 20429 | 20431 | 20433 | 20434 | 20435 | 20436 | 20437 | 20439 | 20440 | 20441 | 20442 | 20444 | 20447 | 20451 | 20453 | 20456 | 20460 | 20463 | 20468 | 20469 | 20470 | 20472 | 20500 | 20501 | 20502 | 20503 | 20504 | 20505 | 20506 | 20507 | 20508 | 20510 | 20515 | 20520 | 20521 | 20522 | 20523 | 20524 | 20525 | 20526 | 20527 | 20530 | 20531 | 20533 | 20534 | 20535 | 20536 | 20537 | 20538 | 20539 | 20540 | 20541 | 20542 | 20543 | 20544 | 20546 | 20547 | 20548 | 20549 | 20551 | 20552 | 20553 | 20554 | 20555 | 20557 | 20559 | 20560 | 20565 | 20566 | 20570 | 20571 | 20572 | 20573 | 20575 | 20576 | 20577 | 20578 | 20579 | 20580 | 20581 | 20585 | 20586 | 20590 | 20591 | 20593 | 20594 | 20597 | 20599 | 워싱턴 D.C. | 워싱턴 DC | D.C. | District of Columbia | Federal Capital | Federal City | Federal Town | Ranatakariáhshne | Territory of Columbia | USWAS | Vašingtonas | Vasingtonia | Vaŝingtono | WAS | Washington | Washington City | Washington D. C. | Washington D.C. | Washington DC | Waszyngton | Ουάσιγκτον | Вашингтон | 华盛顿特区,278,
00200632-p001-loc01,00200632-p001,00200632,1,Munich,Munich,2867714,https://www.geonames.org/2867714,48.13743,11.57549,Germany,뮌헨 | ミュンヘン | มิวนิก | 80331 | DEMUC | Lungsod ng München | Minca | Minche | Minga | Minhen | Minhene | Miunchenas | Mnichov | Mníchov | Mnichow | Monachium | Monaco de Baviera | Monaco di Baviera | Monaco e Baviera | Mònacu | Monacu di Baviera | Monacum | MUC | Muenchen | München | Münegh | Munhen | Münhen | Munic | Múnic | Munich | Múnich | Mùnich ëd Baviera | Münih | Munîh | Munike | Munique | Munix | Munkeno | Mynihu | Myunxén | میونخ | مونیخ | ميونخ | ميونيخ | מינכן | Μόναχο | Минхен | Мӱнхен | Мүнхен | Мүнхэн | Мюнхен | Միւնիխ | Մյունխեն | მიუნხენი | म्युन्शेन | म्यूनिख | ಮ್ಯೂನಿಕ್ | மியூனிக் | মিউনিখ | မြူးနစ်ချ်မြို့ | 慕尼黑,62,
00200632-p002-loc01,00200632-p002,00200632,1,Berlin,Berlin,2950159,https://www.geonames.org/2950159,52.52437,13.41053,Germany,베를린 | 10967 | 13347 | Beirlín | Belin | BER | Berlëno | Berlien | Berliin | Berliini | Berlijn | Berlim | Berlin | Berlín | Berlîn | Bèrlîn | Berlīne | Berlini | Berlino | Berlyn | Berlynas | Berolinum | Birlinu | DEBER | Estat de Berlín | Q64 | Βερολίνο | Берлин | Берлін | Бэрлін | ბერლინი | Բեռլին | Պերլին | בערלין | ברלין | برلين | برلین | بېرلىن | ܒܪܠܝܢ | बर्लिन | বার্লিন | பெர்லின் | เบอร์ลิน | ベルリン | 柏林,45,
00200645-p003-loc01,00200645-p003,00200645,1,New York,New York,5128581,https://www.geonames.org/5128581,40.71427,-74.00597,United States,뉴욕 | 뉴욕 시 | 10001 | 10002 | 10003 | 10004 | 10005 | 10006 | 10007 | 10008 | 10009 | 10010 | 10011 | 10012 | 10013 | 10014 | 10016 | 10017 | 10018 | 10019 | 10020 | 10021 | 10022 | 10023 | 10024 | 10025 | 10026 | 10027 | 10028 | 10029 | 10030 | 10031 | 10032 | 10033 | 10034 | 10035 | 10036 | 10037 | 10038 | 10039 | 10040 | 10041 | 10043 | 10044 | 10045 | 10055 | 10060 | 10065 | 10069 | 10080 | 10081 | 10087 | 10090 | 10101 | 10102 | 10103 | 10104 | 10105 | 10106 | 10107 | 10108 | 10109 | 10110 | 10111 | 10112 | 10113 | 10114 | 10115 | 10116 | 10117 | 10118 | 10119 | 10120 | 10121 | 10122 | 10123 | 10124 | 10125 | 10126 | 10128 | 10129 | 10130 | 10131 | 10132 | 10133 | 10138 | 10150 | 10151 | 10152 | 10153 | 10154 | 10155 | 10156 | 10157 | 10158 | 10159 | 10160 | 10161 | 10162 | 10163 | 10164 | 10165 | 10166 | 10167 | 10168 | 10169 | 10170 | 10171 | 10172 | 10173 | 10174 | 10175 | 10176 | 10177 | 10178 | 10179 | 10185 | 10199 | 10203 | 10211 | 10212 | 10213 | 10242 | 10249 | 10256 | 10258 | 10259 | 10260 | 10261 | 10265 | 10268 | 10269 | 10270 | 10271 | 10272 | 10273 | 10274 | 10275 | 10276 | 10277 | 10278 | 10279 | 10280 | 10281 | 10282 | 10285 | 10286 | Aebura | Bandar Raya New York | Big Apple | Cathair Nua-Eabhrac | City of New York | Eabhraig Nuadh | Efrog Newydd | Evrek Nowydh | Ga-no-no | Kanón:no | Kanono | Kota New York | Lungsod ng New York | Nei Yarrick Schtadt | Neu Amsterdam | Neu Jorck | New Amsterdam | New Orange | New Yorc | New York | New York borg | New York-borg | New York City | New Yorke | New York kenti | New York Stad | New Yorku | Niujorkas | Njujork | Nouvelle Yorck | Nouvieau York | Nova Amsterda | Nova Iorque | Nova York | Nova-York | Nòva York | Novjorko | Nov-Jorko | Novum Eboracum | Nowy Jork | Nua-Eabhrac | Nueva York | Ņujorka | Nuova York | NY | NYC | Nýja Jórvík | Nyu York Shehiri | Q60 | Thành phố New York | The Big Apple | USNYC | York Berri | Νέα Υόρκη | Нью-Ёрк | Нью-Йорк | Ню Йорк | Њујорк | Њу Јорк | ნიუ-იორკი | Նիւ Եորք | Նյու Յորք | ניו יארק | ניו־יאָרק | ניו יורק | نيويورك | نیویارک شہر | نیویورک | न्यूयॉर्क | নিউ ইয়র্ক সিটি | நியூயார்க் நகரம் | นครนิวยอร์ก | ニューヨーク | マンハッタン | 紐約 | 紐約市,223,
00200645-p004-loc01,00200645-p004,00200645,1,New York,New York,5128581,https://www.geonames.org/5128581,40.71427,-74.00597,United States,뉴욕 | 뉴욕 시 | 10001 | 10002 | 10003 | 10004 | 10005 | 10006 | 10007 | 10008 | 10009 | 10010 | 10011 | 10012 | 10013 | 10014 | 10016 | 10017 | 10018 | 10019 | 10020 | 10021 | 10022 | 10023 | 10024 | 10025 | 10026 | 10027 | 10028 | 10029 | 10030 | 10031 | 10032 | 10033 | 10034 | 10035 | 10036 | 10037 | 10038 | 10039 | 10040 | 10041 | 10043 | 10044 | 10045 | 10055 | 10060 | 10065 | 10069 | 10080 | 10081 | 10087 | 10090 | 10101 | 10102 | 10103 | 10104 | 10105 | 10106 | 10107 | 10108 | 10109 | 10110 | 10111 | 10112 | 10113 | 10114 | 10115 | 10116 | 10117 | 10118 | 10119 | 10120 | 10121 | 10122 | 10123 | 10124 | 10125 | 10126 | 10128 | 10129 | 10130 | 10131 | 10132 | 10133 | 10138 | 10150 | 10151 | 10152 | 10153 | 10154 | 10155 | 10156 | 10157 | 10158 | 10159 | 10160 | 10161 | 10162 | 10163 | 10164 | 10165 | 10166 | 10167 | 10168 | 10169 | 10170 | 10171 | 10172 | 10173 | 10174 | 10175 | 10176 | 10177 | 10178 | 10179 | 10185 | 10199 | 10203 | 10211 | 10212 | 10213 | 10242 | 10249 | 10256 | 10258 | 10259 | 10260 | 10261 | 10265 | 10268 | 10269 | 10270 | 10271 | 10272 | 10273 | 10274 | 10275 | 10276 | 10277 | 10278 | 10279 | 10280 | 10281 | 10282 | 10285 | 10286 | Aebura | Bandar Raya New York | Big Apple | Cathair Nua-Eabhrac | City of New York | Eabhraig Nuadh | Efrog Newydd | Evrek Nowydh | Ga-no-no | Kanón:no | Kanono | Kota New York | Lungsod ng New York | Nei Yarrick Schtadt | Neu Amsterdam | Neu Jorck | New Amsterdam | New Orange | New Yorc | New York | New York borg | New York-borg | New York City | New Yorke | New York kenti | New York Stad | New Yorku | Niujorkas | Njujork | Nouvelle Yorck | Nouvieau York | Nova Amsterda | Nova Iorque | Nova York | Nova-York | Nòva York | Novjorko | Nov-Jorko | Novum Eboracum | Nowy Jork | Nua-Eabhrac | Nueva York | Ņujorka | Nuova York | NY | NYC | Nýja Jórvík | Nyu York Shehiri | Q60 | Thành phố New York | The Big Apple | USNYC | York Berri | Νέα Υόρκη | Нью-Ёрк | Нью-Йорк | Ню Йорк | Њујорк | Њу Јорк | ნიუ-იორკი | Նիւ Եորք | Նյու Յորք | ניו יארק | ניו־יאָרק | ניו יורק | نيويورك | نیویارک شہر | نیویورک | न्यूयॉर्क | নিউ ইয়র্ক সিটি | நியூயார்க் நகரம் | นครนิวยอร์ก | ニューヨーク | マンハッタン | 紐約 | 紐約市,223,
00200645-p005-loc01,00200645-p005,00200645,1,New York,New York,5128581,https://www.geonames.org/5128581,40.71427,-74.00597,United States,뉴욕 | 뉴욕 시 | 10001 | 10002 | 10003 | 10004 | 10005 | 10006 | 10007 | 10008 | 10009 | 10010 | 10011 | 10012 | 10013 | 10014 | 10016 | 10017 | 10018 | 10019 | 10020 | 10021 | 10022 | 10023 | 10024 | 10025 | 10026 | 10027 | 10028 | 10029 | 10030 | 10031 | 10032 | 10033 | 10034 | 10035 | 10036 | 10037 | 10038 | 10039 | 10040 | 10041 | 10043 | 10044 | 10045 | 10055 | 10060 | 10065 | 10069 | 10080 | 10081 | 10087 | 10090 | 10101 | 10102 | 10103 | 10104 | 10105 | 10106 | 10107 | 10108 | 10109 | 10110 | 10111 | 10112 | 10113 | 10114 | 10115 | 10116 | 10117 | 10118 | 10119 | 10120 | 10121 | 10122 | 10123 | 10124 | 10125 | 10126 | 10128 | 10129 | 10130 | 10131 | 10132 | 10133 | 10138 | 10150 | 10151 | 10152 | 10153 | 10154 | 10155 | 10156 | 10157 | 10158 | 10159 | 10160 | 10161 | 10162 | 10163 | 10164 | 10165 | 10166 | 10167 | 10168 | 10169 | 10170 | 10171 | 10172 | 10173 | 10174 | 10175 | 10176 | 10177 | 10178 | 10179 | 10185 | 10199 | 10203 | 10211 | 10212 | 10213 | 10242 | 10249 | 10256 | 10258 | 10259 | 10260 | 10261 | 10265 | 10268 | 10269 | 10270 | 10271 | 10272 | 10273 | 10274 | 10275 | 10276 | 10277 | 10278 | 10279 | 10280 | 10281 | 10282 | 10285 | 10286 | Aebura | Bandar Raya New York | Big Apple | Cathair Nua-Eabhrac | City of New York | Eabhraig Nuadh | Efrog Newydd | Evrek Nowydh | Ga-no-no | Kanón:no | Kanono | Kota New York | Lungsod ng New York | Nei Yarrick Schtadt | Neu Amsterdam | Neu Jorck | New Amsterdam | New Orange | New Yorc | New York | New York borg | New York-borg | New York City | New Yorke | New York kenti | New York Stad | New Yorku | Niujorkas | Njujork | Nouvelle Yorck | Nouvieau York | Nova Amsterda | Nova Iorque | Nova York | Nova-York | Nòva York | Novjorko | Nov-Jorko | Novum Eboracum | Nowy Jork | Nua-Eabhrac | Nueva York | Ņujorka | Nuova York | NY | NYC | Nýja Jórvík | Nyu York Shehiri | Q60 | Thành phố New York | The Big Apple | USNYC | York Berri | Νέα Υόρκη | Нью-Ёрк | Нью-Йорк | Ню Йорк | Њујорк | Њу Јорк | ნიუ-იორკი | Նիւ Եորք | Նյու Յորք | ניו יארק | ניו־יאָרק | ניו יורק | نيويورك | نیویارک شہر | نیویورک | न्यूयॉर्क | নিউ ইয়র্ক সিটি | நியூயார்க் நகரம் | นครนิวยอร์ก | ニューヨーク | マンハッタン | 紐約 | 紐約市,223,
00200645-p006-loc01,00200645-p006,00200645,1,New York,New York,5128581,https://www.geonames.org/5128581,40.71427,-74.00597,United States,뉴욕 | 뉴욕 시 | 10001 | 10002 | 10003 | 10004 | 10005 | 10006 | 10007 | 10008 | 10009 | 10010 | 10011 | 10012 | 10013 | 10014 | 10016 | 10017 | 10018 | 10019 | 10020 | 10021 | 10022 | 10023 | 10024 | 10025 | 10026 | 10027 | 10028 | 10029 | 10030 | 10031 | 10032 | 10033 | 10034 | 10035 | 10036 | 10037 | 10038 | 10039 | 10040 | 10041 | 10043 | 10044 | 10045 | 10055 | 10060 | 10065 | 10069 | 10080 | 10081 | 10087 | 10090 | 10101 | 10102 | 10103 | 10104 | 10105 | 10106 | 10107 | 10108 | 10109 | 10110 | 10111 | 10112 | 10113 | 10114 | 10115 | 10116 | 10117 | 10118 | 10119 | 10120 | 10121 | 10122 | 10123 | 10124 | 10125 | 10126 | 10128 | 10129 | 10130 | 10131 | 10132 | 10133 | 10138 | 10150 | 10151 | 10152 | 10153 | 10154 | 10155 | 10156 | 10157 | 10158 | 10159 | 10160 | 10161 | 10162 | 10163 | 10164 | 10165 | 10166 | 10167 | 10168 | 10169 | 10170 | 10171 | 10172 | 10173 | 10174 | 10175 | 10176 | 10177 | 10178 | 10179 | 10185 | 10199 | 10203 | 10211 | 10212 | 10213 | 10242 | 10249 | 10256 | 10258 | 10259 | 10260 | 10261 | 10265 | 10268 | 10269 | 10270 | 10271 | 10272 | 10273 | 10274 | 10275 | 10276 | 10277 | 10278 | 10279 | 10280 | 10281 | 10282 | 10285 | 10286 | Aebura | Bandar Raya New York | Big Apple | Cathair Nua-Eabhrac | City of New York | Eabhraig Nuadh | Efrog Newydd | Evrek Nowydh | Ga-no-no | Kanón:no | Kanono | Kota New York | Lungsod ng New York | Nei Yarrick Schtadt | Neu Amsterdam | Neu Jorck | New Amsterdam | New Orange | New Yorc | New York | New York borg | New York-borg | New York City | New Yorke | New York kenti | New York Stad | New Yorku | Niujorkas | Njujork | Nouvelle Yorck | Nouvieau York | Nova Amsterda | Nova Iorque | Nova York | Nova-York | Nòva York | Novjorko | Nov-Jorko | Novum Eboracum | Nowy Jork | Nua-Eabhrac | Nueva York | Ņujorka | Nuova York | NY | NYC | Nýja Jórvík | Nyu York Shehiri | Q60 | Thành phố New York | The Big Apple | USNYC | York Berri | Νέα Υόρκη | Нью-Ёрк | Нью-Йорк | Ню Йорк | Њујорк | Њу Јорк | ნიუ-იორკი | Նիւ Եորք | Նյու Յորք | ניו יארק | ניו־יאָרק | ניו יורק | نيويورك | نیویارک شہر | نیویورک | न्यूयॉर्क | নিউ ইয়র্ক সিটি | நியூயார்க் நகரம் | นครนิวยอร์ก | ニューヨーク | マンハッタン | 紐約 | 紐約市,223,
00200638-p001-loc01,00200638-p001,00200638,1,Marburg,Marburg,2873759,https://www.geonames.org/2873759,50.80904,8.77069,Germany,マールブルク | DEMAR | Marbourg | Marburg | Marburg an der Lahn | Marburgo | Μάρμπουργκ | Марбург,8,
00200638-p002-loc01,00200638-p002,00200638,1,Marburg,Marburg,2873759,https://www.geonames.org/2873759,50.80904,8.77069,Germany,マールブルク | DEMAR | Marbourg | Marburg | Marburg an der Lahn | Marburgo | Μάρμπουργκ | Марбург,8,
00200638-p004-loc01,00200638-p004,00200638,1,Hanover,Hanover,2910831,https://www.geonames.org/2910831,52.37052,9.73322,Germany,하노버 | DEHAJ | HAJ | Hannauver | Hannober | Hannova | Hannover | Hannóver | Hannovera | Hannovere | Hannower | Hànobhar | Hanofér | Hanover | Hanóver | Hanôver | Hanoveri | Hanoveris | Hanovra | Hanovre | Hanovro | Hanower | Hanowery | Honovere | IHanoveri | Αννόβερο | Ганновер | Ганновэр | Гановер | Ханновер | Хановер | ჰანოვერი | Հաննովեր | האנאווער | הנובר | هانوفر | ھانۆفەر | ہینوور | हानोफर | হানোফার | ฮันโนเวอร์ | ハノーファー | 汉诺威 | 漢諾威,44,
00200638-p005-loc01,00200638-p005,00200638,1,Göttingen,Göttingen,2918632,https://www.geonames.org/2918632,51.53443,9.93228,Germany,괴팅겐 | Chöttingen | DEGOE | Getingenas | Getingene | Getynga | Goettingen | Gotinga | Gottinga | Göttingen | ZEU | Γκέτινγκεν | Гетинген | Ґетінґен | Гёттинген | Гётынген | Гьотинген | გეტინგენი | Գյոթինգեն | גטינגן | غوتينغن | گوتینگن | گوٹنگن | ग्यॉटिंगन | ಗಾಟಿಂಗೆನ್ | เกิททิงเงิน | ゲッティンゲン | 哥廷根,28,
00200652-p002-loc01,00200652-p002,00200652,1,Parma ,Parma,3171457,https://www.geonames.org/3171457,44.79935,10.32618,Italy,ITPMF | Parma | Parme | Pèrma | PMF | Парма | פארמה | بارما | پارما | パルマ,10,
02011333-p002-loc01,02011333-p002,02011333,1,Huddersfield,,,,,,,,0,
02011333-p003-loc01,02011333-p003,02011333,1,"Kennington, Surrey",Kennington,2645804,https://www.geonames.org/2645804,51.1674,0.88491,United Kingdom,,0,
02011333-p004-loc01,02011333-p004,02011333,1,Oxford,Oxford,2640729,https://www.geonames.org/2640729,51.75222,-1.25596,United Kingdom,옥스퍼드 | Àth nan Damh | GBOXF | Oksford | Oksforda | Oksfordas | Oksfordo | Oksfuords | Oxenaford | Oxenaforda | Oxenford | OXF | Oxford | Oxnaford | Öxnafurða | Oxneford | Oxonia | Oxónia | Oxônia | Oxonium | Rhedicina | Rhydychen | Rysoghen | Uxavað | Οξφόρδη | Оксфард | Оксфорд | Оқсфорд | ოქსფორდი | אוקספורד | אקספארד | آکسفورد | آکسفورڈ | أكسفورد | اوكسفورد | ऑक्सफर्ड | ऑक्सफोर्ड | অক্সফোর্ড | ਆਕਸਫ਼ੋਰਡ | ஆக்சுபோர்டு | ఆక్స్‌ఫర్డ్ | ಆಕ್ಸ್‌ಫರ್ಡ್ | อ๊อกซฟอร์ด | အောက်စဖို့မြို့ | オックスフォード | 牛津,46,
00200644-p001-loc01,00200644-p001,00200644,1,Lyons,Lyon,2996944,https://www.geonames.org/2996944,45.74906,4.84789,France,리옹 | ልዮን | リヨン | ଲିଓନ | ลียง | 69000 | 69001 | 69002 | 69003 | 69004 | 69005 | 69006 | 69007 | 69008 | 69009 | 69061 CEDEX 06 | 69062 CEDEX 06 | 69064 CEDEX 06 | 69129 CEDEX 08 | 69201 CEDEX 01 | 69202 CEDEX 01 | 69203 CEDEX 01 | 69204 CEDEX 01 | 69205 CEDEX 01 | 69206 CEDEX 01 | 69207 CEDEX 01 | 69208 CEDEX 01 | 69209 CEDEX 01 | 69211 CEDEX 03 | 69212 CEDEX 03 | 69213 CEDEX 02 | 69214 CEDEX 02 | 69215 CEDEX 02 | 69216 CEDEX 02 | 69217 CEDEX 02 | 69218 CEDEX 02 | 69219 CEDEX 02 | 69225 CEDEX 02 | 69226 CEDEX 02 | 69227 CEDEX 02 | 69228 CEDEX 02 | 69229 CEDEX 02 | 69232 CEDEX 02 | 69237 CEDEX 02 | 69239 CEDEX 02 | 69241 CEDEX 04 | 69242 CEDEX 04 | 69243 CEDEX 04 | 69244 CEDEX 04 | 69245 CEDEX 05 | 69246 CEDEX 05 | 69247 CEDEX 05 | 69251 CEDEX 09 | 69252 CEDEX 09 | 69253 CEDEX 09 | 69255 CEDEX 09 | 69256 CEDEX 09 | 69257 CEDEX 09 | 69258 CEDEX 09 | 69259 CEDEX 09 | 69261 CEDEX 09 | 69262 CEDEX 09 | 69263 CEDEX 09 | 69264 CEDEX 09 | 69265 CEDEX 09 | 69266 CEDEX 09 | 69267 CEDEX 02 | 69268 CEDEX 02 | 69269 CEDEX 02 | 69271 CEDEX 02 | 69272 CEDEX 02 | 69275 CEDEX 03 | 69276 CEDEX 04 | 69279 CEDEX 09 | 69281 CEDEX 01 | 69282 CEDEX 01 | 69283 CEDEX 01 | 69284 CEDEX 02 | 69285 CEDEX 02 | 69286 CEDEX 02 | 69287 CEDEX 02 | 69288 CEDEX 02 | 69289 CEDEX 02 | 69291 CEDEX 02 | 69292 CEDEX 02 | 69293 CEDEX 02 | 69294 CEDEX 02 | 69301 CEDEX 07 | 69302 CEDEX 07 | 69303 CEDEX 07 | 69307 CEDEX 07 | 69309 CEDEX 07 | 69316 CEDEX 04 | 69317 CEDEX 04 | 69319 CEDEX 04 | 69321 CEDEX 05 | 69322 CEDEX 05 | 69326 CEDEX 03 | 69327 CEDEX 03 | 69328 CEDEX 03 | 69329 CEDEX 03 | 69336 CEDEX 09 | 69337 CEDEX 09 | 69338 CEDEX 09 | 69339 CEDEX 02 | 69341 CEDEX 07 | 69342 CEDEX 07 | 69343 CEDEX 07 | 69344 CEDEX 07 | 69345 CEDEX 07 | 69346 CEDEX 07 | 69347 CEDEX 07 | 69348 CEDEX 07 | 69349 CEDEX 07 | 69351 CEDEX 08 | 69352 CEDEX 08 | 69353 CEDEX 07 | 69354 CEDEX 07 | 69355 CEDEX 08 | 69356 CEDEX 08 | 69357 CEDEX 07 | 69358 CEDEX 07 | 69359 CEDEX 08 | 69361 CEDEX 07 | 69362 CEDEX 07 | 69363 CEDEX 07 | 69364 CEDEX 07 | 69365 CEDEX 07 | 69366 CEDEX 07 | 69367 CEDEX 07 | 69369 CEDEX 07 | 69371 CEDEX 08 | 69372 CEDEX 08 | 69373 CEDEX 08 | 69376 CEDEX 08 | 69377 CEDEX 08 | 69379 CEDEX 08 | 69384 CEDEX 08 | 69385 CEDEX 08 | 69389 CEDEX 07 | 69391 CEDEX 03 | 69392 CEDEX 03 | 69393 CEDEX 03 | 69394 CEDEX 03 | 69395 CEDEX 03 | 69396 CEDEX 03 | 69397 CEDEX 03 | 69398 CEDEX 03 | 69399 CEDEX 03 | 69401 CEDEX 03 | 69402 CEDEX 03 | 69403 CEDEX 03 | 69404 CEDEX 03 | 69405 CEDEX 03 | 69406 CEDEX 03 | 69408 CEDEX 03 | 69409 CEDEX 03 | 69411 CEDEX 06 | 69412 CEDEX 06 | 69413 CEDEX 06 | 69414 CEDEX 06 | 69415 CEDEX 06 | 69416 CEDEX 03 | 69417 CEDEX 03 | 69418 CEDEX 03 | 69419 CEDEX 03 | 69421 CEDEX 03 | 69422 CEDEX 03 | 69423 CEDEX 03 | 69424 CEDEX 03 | 69425 CEDEX 03 | 69426 CEDEX 03 | 69427 CEDEX 03 | 69428 CEDEX 03 | 69429 CEDEX 03 | 69431 CEDEX 03 | 69432 CEDEX 03 | 69433 CEDEX 03 | 69434 CEDEX 03 | 69435 CEDEX 03 | 69436 CEDEX 03 | 69437 CEDEX 03 | 69438 CEDEX 03 | 69439 CEDEX 03 | 69441 CEDEX 03 | 69442 CEDEX 03 | 69443 CEDEX 03 | 69444 CEDEX 03 | 69445 CEDEX 03 | 69446 CEDEX 03 | 69447 CEDEX 03 | 69448 CEDEX 03 | 69449 CEDEX 03 | 69451 CEDEX 06 | 69452 CEDEX 06 | 69453 CEDEX 06 | 69454 CEDEX 06 | 69455 CEDEX 06 | 69456 CEDEX 06 | 69457 CEDEX 06 | 69458 CEDEX 06 | 69459 CEDEX 06 | 69461 CEDEX 06 | 69463 CEDEX 06 | 69464 CEDEX 06 | 69465 CEDEX 06 | 69466 CEDEX 06 | 69467 CEDEX 06 | 69468 CEDEX 06 | 69469 CEDEX 06 | 69472 CEDEX 06 | 69474 CEDEX 06 | 69475 CEDEX 06 | 69476 CEDEX 06 | 69477 CEDEX 06 | 69478 CEDEX 06 | 69479 CEDEX 06 | 69481 CEDEX 03 | 69482 CEDEX 03 | 69483 CEDEX 03 | 69484 CEDEX 03 | 69485 CEDEX 03 | 69486 CEDEX 03 | 69487 CEDEX 03 | 69488 CEDEX 03 | 69489 CEDEX 03 | 69501 CEDEX 03 | 69502 CEDEX 03 | 69503 CEDEX 03 | 69505 CEDEX 03 | 69509 CEDEX 03 | 69841 CEDEX 20 | 69900 CEDEX 20 | 69901 CEDEX 20 | 69902 CEDEX 20 | 69903 CEDEX 20 | 69904 CEDEX 20 | 69905 CEDEX 20 | 69906 CEDEX 20 | 69907 CEDEX 20 | 69908 CEDEX 20 | 69931 CEDEX 20 | 69932 CEDEX 20 | 69933 CEDEX 20 | 69934 CEDEX 20 | 69935 CEDEX 20 | 69936 CEDEX 20 | 69937 CEDEX 20 | 69938 CEDEX 20 | 69939 CEDEX 20 | 69942 CEDEX 20 | 69945 CEDEX 20 | 69946 CEDEX 20 | 69947 CEDEX 20 | 69948 CEDEX 20 | 69949 CEDEX 20 | 69951 CEDEX 20 | 69952 CEDEX 20 | 69953 CEDEX 20 | 69954 CEDEX 20 | 69955 CEDEX 20 | 69957 CEDEX 20 | 69998 CEDEX 07 | FRLIO | León do Roine | Lió | lion | Lion | Lión | Liona | Lionas | Lione | Lioni | Liono | Liun | Liyon | Lugdunum | Lyon | Lyons | LYS | لیۆن | لیون | ليون | ליאן | ליון | Λυών | Лион | Ліён | Ліон | ལི་ཡོང་། | Լիոն | ლიონი | ल्यों | ਲਿਓਂ | லியோன் | လီယွန်းမြို့ | 里昂,297,
00200644-p003-loc01,00200644-p003,00200644,1,South Orange,South Orange,5104836,https://www.geonames.org/5104836,40.74899,-74.26126,United States,07079 | Orange Dale | South Orange | USTHX,4,
00200644-p004-loc01,00200644-p004,00200644,1,London,London,2643743,https://www.geonames.org/2643743,51.50853,-0.12574,United Kingdom,런던 | ᎫᎴ ᏗᏍᎪᏂᎯᏱ | ܠܘܢܕܘܢ | ለንደን | ロンドン | ଲଣ୍ଡନ | ลอนดอน | ລອນດອນ | GBLON | ILondon | Lākana | Landan | Landen | Llundain | Lodoni | LON | Londain | Londar | Londe | Londen | Londin | Londinium | Londn | london | London | Londona | Londonas | Londoni | Londono | Londons | Lọndọnu | Londra | Łondra | Londres | Londrez | Londri | Londro | Londye | Londyn | Londýn | Lonn | Lontoo | Loundres | Luân Đôn | Lunden | Lundra | Lůndůn | Lundúnir | Lùng-dŭng | Lunnainn | Lunnin | Lunnon | Lûn-tun | Lùn-tûn | Q84 | Rānana | لأندأن | لندن | لەندەن | لوندون | לאנדאן | לונדון | Λονδίνο | Лёндан | Лондан | Лондон | Лондон ош | Лондонъ | ལོན་ཊོན། | Լոնդոն | Լոնտոն | ლონდონი | लण्डन | लन्डन् | लन्दन | लंडन | लंदन | લંડન | లండన్ | ਲੰਡਨ | ಲಂಡನ್ | இலண்டன் | ലണ്ടൻ | লন্ডন | လန်ဒန်မြို့ | ලන්ඩන් | 伦敦 | 倫敦,88,
00200644-p005-loc01,00200644-p005,00200644,1,London,London,2643743,https://www.geonames.org/2643743,51.50853,-0.12574,United Kingdom,런던 | ᎫᎴ ᏗᏍᎪᏂᎯᏱ | ܠܘܢܕܘܢ | ለንደን | ロンドン | ଲଣ୍ଡନ | ลอนดอน | ລອນດອນ | GBLON | ILondon | Lākana | Landan | Landen | Llundain | Lodoni | LON | Londain | Londar | Londe | Londen | Londin | Londinium | Londn | london | London | Londona | Londonas | Londoni | Londono | Londons | Lọndọnu | Londra | Łondra | Londres | Londrez | Londri | Londro | Londye | Londyn | Londýn | Lonn | Lontoo | Loundres | Luân Đôn | Lunden | Lundra | Lůndůn | Lundúnir | Lùng-dŭng | Lunnainn | Lunnin | Lunnon | Lûn-tun | Lùn-tûn | Q84 | Rānana | لأندأن | لندن | لەندەن | لوندون | לאנדאן | לונדון | Λονδίνο | Лёндан | Лондан | Лондон | Лондон ош | Лондонъ | ལོན་ཊོན། | Լոնդոն | Լոնտոն | ლონდონი | लण्डन | लन्डन् | लन्दन | लंडन | लंदन | લંડન | లండన్ | ਲੰਡਨ | ಲಂಡನ್ | இலண்டன் | ലണ്ടൻ | লন্ডন | လန်ဒန်မြို့ | ලන්ඩන් | 伦敦 | 倫敦,88,
00200644-p006-loc01,00200644-p006,00200644,1,New York,New York,5128581,https://www.geonames.org/5128581,40.71427,-74.00597,United States,뉴욕 | 뉴욕 시 | 10001 | 10002 | 10003 | 10004 | 10005 | 10006 | 10007 | 10008 | 10009 | 10010 | 10011 | 10012 | 10013 | 10014 | 10016 | 10017 | 10018 | 10019 | 10020 | 10021 | 10022 | 10023 | 10024 | 10025 | 10026 | 10027 | 10028 | 10029 | 10030 | 10031 | 10032 | 10033 | 10034 | 10035 | 10036 | 10037 | 10038 | 10039 | 10040 | 10041 | 10043 | 10044 | 10045 | 10055 | 10060 | 10065 | 10069 | 10080 | 10081 | 10087 | 10090 | 10101 | 10102 | 10103 | 10104 | 10105 | 10106 | 10107 | 10108 | 10109 | 10110 | 10111 | 10112 | 10113 | 10114 | 10115 | 10116 | 10117 | 10118 | 10119 | 10120 | 10121 | 10122 | 10123 | 10124 | 10125 | 10126 | 10128 | 10129 | 10130 | 10131 | 10132 | 10133 | 10138 | 10150 | 10151 | 10152 | 10153 | 10154 | 10155 | 10156 | 10157 | 10158 | 10159 | 10160 | 10161 | 10162 | 10163 | 10164 | 10165 | 10166 | 10167 | 10168 | 10169 | 10170 | 10171 | 10172 | 10173 | 10174 | 10175 | 10176 | 10177 | 10178 | 10179 | 10185 | 10199 | 10203 | 10211 | 10212 | 10213 | 10242 | 10249 | 10256 | 10258 | 10259 | 10260 | 10261 | 10265 | 10268 | 10269 | 10270 | 10271 | 10272 | 10273 | 10274 | 10275 | 10276 | 10277 | 10278 | 10279 | 10280 | 10281 | 10282 | 10285 | 10286 | Aebura | Bandar Raya New York | Big Apple | Cathair Nua-Eabhrac | City of New York | Eabhraig Nuadh | Efrog Newydd | Evrek Nowydh | Ga-no-no | Kanón:no | Kanono | Kota New York | Lungsod ng New York | Nei Yarrick Schtadt | Neu Amsterdam | Neu Jorck | New Amsterdam | New Orange | New Yorc | New York | New York borg | New York-borg | New York City | New Yorke | New York kenti | New York Stad | New Yorku | Niujorkas | Njujork | Nouvelle Yorck | Nouvieau York | Nova Amsterda | Nova Iorque | Nova York | Nova-York | Nòva York | Novjorko | Nov-Jorko | Novum Eboracum | Nowy Jork | Nua-Eabhrac | Nueva York | Ņujorka | Nuova York | NY | NYC | Nýja Jórvík | Nyu York Shehiri | Q60 | Thành phố New York | The Big Apple | USNYC | York Berri | Νέα Υόρκη | Нью-Ёрк | Нью-Йорк | Ню Йорк | Њујорк | Њу Јорк | ნიუ-იორკი | Նիւ Եորք | Նյու Յորք | ניו יארק | ניו־יאָרק | ניו יורק | نيويورك | نیویارک شہر | نیویورک | न्यूयॉर्क | নিউ ইয়র্ক সিটি | நியூயார்க் நகரம் | นครนิวยอร์ก | ニューヨーク | マンハッタン | 紐約 | 紐約市,223,
00200644-p007-loc01,00200644-p007,00200644,1,New York,New York,5128581,https://www.geonames.org/5128581,40.71427,-74.00597,United States,뉴욕 | 뉴욕 시 | 10001 | 10002 | 10003 | 10004 | 10005 | 10006 | 10007 | 10008 | 10009 | 10010 | 10011 | 10012 | 10013 | 10014 | 10016 | 10017 | 10018 | 10019 | 10020 | 10021 | 10022 | 10023 | 10024 | 10025 | 10026 | 10027 | 10028 | 10029 | 10030 | 10031 | 10032 | 10033 | 10034 | 10035 | 10036 | 10037 | 10038 | 10039 | 10040 | 10041 | 10043 | 10044 | 10045 | 10055 | 10060 | 10065 | 10069 | 10080 | 10081 | 10087 | 10090 | 10101 | 10102 | 10103 | 10104 | 10105 | 10106 | 10107 | 10108 | 10109 | 10110 | 10111 | 10112 | 10113 | 10114 | 10115 | 10116 | 10117 | 10118 | 10119 | 10120 | 10121 | 10122 | 10123 | 10124 | 10125 | 10126 | 10128 | 10129 | 10130 | 10131 | 10132 | 10133 | 10138 | 10150 | 10151 | 10152 | 10153 | 10154 | 10155 | 10156 | 10157 | 10158 | 10159 | 10160 | 10161 | 10162 | 10163 | 10164 | 10165 | 10166 | 10167 | 10168 | 10169 | 10170 | 10171 | 10172 | 10173 | 10174 | 10175 | 10176 | 10177 | 10178 | 10179 | 10185 | 10199 | 10203 | 10211 | 10212 | 10213 | 10242 | 10249 | 10256 | 10258 | 10259 | 10260 | 10261 | 10265 | 10268 | 10269 | 10270 | 10271 | 10272 | 10273 | 10274 | 10275 | 10276 | 10277 | 10278 | 10279 | 10280 | 10281 | 10282 | 10285 | 10286 | Aebura | Bandar Raya New York | Big Apple | Cathair Nua-Eabhrac | City of New York | Eabhraig Nuadh | Efrog Newydd | Evrek Nowydh | Ga-no-no | Kanón:no | Kanono | Kota New York | Lungsod ng New York | Nei Yarrick Schtadt | Neu Amsterdam | Neu Jorck | New Amsterdam | New Orange | New Yorc | New York | New York borg | New York-borg | New York City | New Yorke | New York kenti | New York Stad | New Yorku | Niujorkas | Njujork | Nouvelle Yorck | Nouvieau York | Nova Amsterda | Nova Iorque | Nova York | Nova-York | Nòva York | Novjorko | Nov-Jorko | Novum Eboracum | Nowy Jork | Nua-Eabhrac | Nueva York | Ņujorka | Nuova York | NY | NYC | Nýja Jórvík | Nyu York Shehiri | Q60 | Thành phố New York | The Big Apple | USNYC | York Berri | Νέα Υόρκη | Нью-Ёрк | Нью-Йорк | Ню Йорк | Њујорк | Њу Јорк | ნიუ-იორკი | Նիւ Եորք | Նյու Յորք | ניו יארק | ניו־יאָרק | ניו יורק | نيويورك | نیویارک شہر | نیویورک | न्यूयॉर्क | নিউ ইয়র্ক সিটি | நியூயார்க் நகரம் | นครนิวยอร์ก | ニューヨーク | マンハッタン | 紐約 | 紐約市,223,
00200664-p002-loc01,00200664-p002,00200664,1,Rome,Rome,3169070,https://www.geonames.org/3169070,41.89193,12.51133,Italy,ሮማ | 로마 | ܪܘܡܐ | โรม | ローマ | 00187 | An Róimh | An Ròimh | Erroma | ITROM | Lungsod ng Roma | Mji wa Roma | Q220 | Råmma | Rhufain | Rim | Rím | Řím | Roeme | Rom | ROM | Róm | Roma | Róma | Rome | Romë | Romma | Romo | Rooma | Roum | Rzym | Urbs | رم | روم | روما | رىم | רומא | Ρώμη | Рим | Римъ | Ром | Рым | Հռոմ | რომი | रोम | रोमा | রোম | 罗马市 | 羅馬,49,
00200667-p003-loc01,00200667-p003,00200667,1,Rome,Rome,3169070,https://www.geonames.org/3169070,41.89193,12.51133,Italy,ሮማ | 로마 | ܪܘܡܐ | โรม | ローマ | 00187 | An Róimh | An Ròimh | Erroma | ITROM | Lungsod ng Roma | Mji wa Roma | Q220 | Råmma | Rhufain | Rim | Rím | Řím | Roeme | Rom | ROM | Róm | Roma | Róma | Rome | Romë | Romma | Romo | Rooma | Roum | Rzym | Urbs | رم | روم | روما | رىم | רומא | Ρώμη | Рим | Римъ | Ром | Рым | Հռոմ | რომი | रोम | रोमा | রোম | 罗马市 | 羅馬,49,
00200667-p004-loc01,00200667-p004,00200667,1,"Lakelands, Blackrock (Cork)",Blackrock,2966132,https://www.geonames.org/2966132,51.89694,-8.41,Ireland,Blackrock,1,
00200667-p005-loc01,00200667-p005,00200667,1,London,London,2643743,https://www.geonames.org/2643743,51.50853,-0.12574,United Kingdom,런던 | ᎫᎴ ᏗᏍᎪᏂᎯᏱ | ܠܘܢܕܘܢ | ለንደን | ロンドン | ଲଣ୍ଡନ | ลอนดอน | ລອນດອນ | GBLON | ILondon | Lākana | Landan | Landen | Llundain | Lodoni | LON | Londain | Londar | Londe | Londen | Londin | Londinium | Londn | london | London | Londona | Londonas | Londoni | Londono | Londons | Lọndọnu | Londra | Łondra | Londres | Londrez | Londri | Londro | Londye | Londyn | Londýn | Lonn | Lontoo | Loundres | Luân Đôn | Lunden | Lundra | Lůndůn | Lundúnir | Lùng-dŭng | Lunnainn | Lunnin | Lunnon | Lûn-tun | Lùn-tûn | Q84 | Rānana | لأندأن | لندن | لەندەن | لوندون | לאנדאן | לונדון | Λονδίνο | Лёндан | Лондан | Лондон | Лондон ош | Лондонъ | ལོན་ཊོན། | Լոնդոն | Լոնտոն | ლონდონი | लण्डन | लन्डन् | लन्दन | लंडन | लंदन | લંડન | లండన్ | ਲੰਡਨ | ಲಂಡನ್ | இலண்டன் | ലണ്ടൻ | লন্ডন | လန်ဒန်မြို့ | ලන්ඩන් | 伦敦 | 倫敦,88,
00200667-p006-loc01,00200667-p006,00200667,1,London,London,2643743,https://www.geonames.org/2643743,51.50853,-0.12574,United Kingdom,런던 | ᎫᎴ ᏗᏍᎪᏂᎯᏱ | ܠܘܢܕܘܢ | ለንደን | ロンドン | ଲଣ୍ଡନ | ลอนดอน | ລອນດອນ | GBLON | ILondon | Lākana | Landan | Landen | Llundain | Lodoni | LON | Londain | Londar | Londe | Londen | Londin | Londinium | Londn | london | London | Londona | Londonas | Londoni | Londono | Londons | Lọndọnu | Londra | Łondra | Londres | Londrez | Londri | Londro | Londye | Londyn | Londýn | Lonn | Lontoo | Loundres | Luân Đôn | Lunden | Lundra | Lůndůn | Lundúnir | Lùng-dŭng | Lunnainn | Lunnin | Lunnon | Lûn-tun | Lùn-tûn | Q84 | Rānana | لأندأن | لندن | لەندەن | لوندون | לאנדאן | לונדון | Λονδίνο | Лёндан | Лондан | Лондон | Лондон ош | Лондонъ | ལོན་ཊོན། | Լոնդոն | Լոնտոն | ლონდონი | लण्डन | लन्डन् | लन्दन | लंडन | लंदन | લંડન | లండన్ | ਲੰਡਨ | ಲಂಡನ್ | இலண்டன் | ലണ്ടൻ | লন্ডন | လန်ဒန်မြို့ | ලන්ඩන් | 伦敦 | 倫敦,88,
00200667-p007-loc01,00200667-p007,00200667,1,New York,New York,5128581,https://www.geonames.org/5128581,40.71427,-74.00597,United States,뉴욕 | 뉴욕 시 | 10001 | 10002 | 10003 | 10004 | 10005 | 10006 | 10007 | 10008 | 10009 | 10010 | 10011 | 10012 | 10013 | 10014 | 10016 | 10017 | 10018 | 10019 | 10020 | 10021 | 10022 | 10023 | 10024 | 10025 | 10026 | 10027 | 10028 | 10029 | 10030 | 10031 | 10032 | 10033 | 10034 | 10035 | 10036 | 10037 | 10038 | 10039 | 10040 | 10041 | 10043 | 10044 | 10045 | 10055 | 10060 | 10065 | 10069 | 10080 | 10081 | 10087 | 10090 | 10101 | 10102 | 10103 | 10104 | 10105 | 10106 | 10107 | 10108 | 10109 | 10110 | 10111 | 10112 | 10113 | 10114 | 10115 | 10116 | 10117 | 10118 | 10119 | 10120 | 10121 | 10122 | 10123 | 10124 | 10125 | 10126 | 10128 | 10129 | 10130 | 10131 | 10132 | 10133 | 10138 | 10150 | 10151 | 10152 | 10153 | 10154 | 10155 | 10156 | 10157 | 10158 | 10159 | 10160 | 10161 | 10162 | 10163 | 10164 | 10165 | 10166 | 10167 | 10168 | 10169 | 10170 | 10171 | 10172 | 10173 | 10174 | 10175 | 10176 | 10177 | 10178 | 10179 | 10185 | 10199 | 10203 | 10211 | 10212 | 10213 | 10242 | 10249 | 10256 | 10258 | 10259 | 10260 | 10261 | 10265 | 10268 | 10269 | 10270 | 10271 | 10272 | 10273 | 10274 | 10275 | 10276 | 10277 | 10278 | 10279 | 10280 | 10281 | 10282 | 10285 | 10286 | Aebura | Bandar Raya New York | Big Apple | Cathair Nua-Eabhrac | City of New York | Eabhraig Nuadh | Efrog Newydd | Evrek Nowydh | Ga-no-no | Kanón:no | Kanono | Kota New York | Lungsod ng New York | Nei Yarrick Schtadt | Neu Amsterdam | Neu Jorck | New Amsterdam | New Orange | New Yorc | New York | New York borg | New York-borg | New York City | New Yorke | New York kenti | New York Stad | New Yorku | Niujorkas | Njujork | Nouvelle Yorck | Nouvieau York | Nova Amsterda | Nova Iorque | Nova York | Nova-York | Nòva York | Novjorko | Nov-Jorko | Novum Eboracum | Nowy Jork | Nua-Eabhrac | Nueva York | Ņujorka | Nuova York | NY | NYC | Nýja Jórvík | Nyu York Shehiri | Q60 | Thành phố New York | The Big Apple | USNYC | York Berri | Νέα Υόρκη | Нью-Ёрк | Нью-Йорк | Ню Йорк | Њујорк | Њу Јорк | ნიუ-იორკი | Նիւ Եորք | Նյու Յորք | ניו יארק | ניו־יאָרק | ניו יורק | نيويورك | نیویارک شہر | نیویورک | न्यूयॉर्क | নিউ ইয়র্ক সিটি | நியூயார்க் நகரம் | นครนิวยอร์ก | ニューヨーク | マンハッタン | 紐約 | 紐約市,223,
00200667-p008-loc01,00200667-p008,00200667,1,New York,New York,5128581,https://www.geonames.org/5128581,40.71427,-74.00597,United States,뉴욕 | 뉴욕 시 | 10001 | 10002 | 10003 | 10004 | 10005 | 10006 | 10007 | 10008 | 10009 | 10010 | 10011 | 10012 | 10013 | 10014 | 10016 | 10017 | 10018 | 10019 | 10020 | 10021 | 10022 | 10023 | 10024 | 10025 | 10026 | 10027 | 10028 | 10029 | 10030 | 10031 | 10032 | 10033 | 10034 | 10035 | 10036 | 10037 | 10038 | 10039 | 10040 | 10041 | 10043 | 10044 | 10045 | 10055 | 10060 | 10065 | 10069 | 10080 | 10081 | 10087 | 10090 | 10101 | 10102 | 10103 | 10104 | 10105 | 10106 | 10107 | 10108 | 10109 | 10110 | 10111 | 10112 | 10113 | 10114 | 10115 | 10116 | 10117 | 10118 | 10119 | 10120 | 10121 | 10122 | 10123 | 10124 | 10125 | 10126 | 10128 | 10129 | 10130 | 10131 | 10132 | 10133 | 10138 | 10150 | 10151 | 10152 | 10153 | 10154 | 10155 | 10156 | 10157 | 10158 | 10159 | 10160 | 10161 | 10162 | 10163 | 10164 | 10165 | 10166 | 10167 | 10168 | 10169 | 10170 | 10171 | 10172 | 10173 | 10174 | 10175 | 10176 | 10177 | 10178 | 10179 | 10185 | 10199 | 10203 | 10211 | 10212 | 10213 | 10242 | 10249 | 10256 | 10258 | 10259 | 10260 | 10261 | 10265 | 10268 | 10269 | 10270 | 10271 | 10272 | 10273 | 10274 | 10275 | 10276 | 10277 | 10278 | 10279 | 10280 | 10281 | 10282 | 10285 | 10286 | Aebura | Bandar Raya New York | Big Apple | Cathair Nua-Eabhrac | City of New York | Eabhraig Nuadh | Efrog Newydd | Evrek Nowydh | Ga-no-no | Kanón:no | Kanono | Kota New York | Lungsod ng New York | Nei Yarrick Schtadt | Neu Amsterdam | Neu Jorck | New Amsterdam | New Orange | New Yorc | New York | New York borg | New York-borg | New York City | New Yorke | New York kenti | New York Stad | New Yorku | Niujorkas | Njujork | Nouvelle Yorck | Nouvieau York | Nova Amsterda | Nova Iorque | Nova York | Nova-York | Nòva York | Novjorko | Nov-Jorko | Novum Eboracum | Nowy Jork | Nua-Eabhrac | Nueva York | Ņujorka | Nuova York | NY | NYC | Nýja Jórvík | Nyu York Shehiri | Q60 | Thành phố New York | The Big Apple | USNYC | York Berri | Νέα Υόρκη | Нью-Ёрк | Нью-Йорк | Ню Йорк | Њујорк | Њу Јорк | ნიუ-იორკი | Նիւ Եորք | Նյու Յորք | ניו יארק | ניו־יאָרק | ניו יורק | نيويورك | نیویارک شہر | نیویورک | न्यूयॉर्क | নিউ ইয়র্ক সিটি | நியூயார்க் நகரம் | นครนิวยอร์ก | ニューヨーク | マンハッタン | 紐約 | 紐約市,223,
00200667-p009-loc01,00200667-p009,00200667,1,Williamstown,Williamstown,4955786,https://www.geonames.org/4955786,42.71202,-73.20372,United States,윌리엄스타운 | 01267 | USWMS | Williamstown | Williamstown (Massachusetts) | Willimston | Вилијамстаун | Виллиамстаун | Уилямстаун | ولیمزٹاؤن، میساچوسٹس | ويليامزتاون | ویلیامزتاون، ماساچوست | 威廉斯敦,13,
00200647-p001-loc01,00200647-p001,00200647,1,Venice,Venice,3164603,https://www.geonames.org/3164603,45.43713,12.33265,Italy,베니스 | 베네치아 | an Veinéis | Benátky | Benetke | Benezia | Feneyjar | ITVCE | Mleci | Q641 | VCE | Velence | Venecia | Venècia | Venecija | Venecio | Venedeg | Venedig | Venedik | Venediku | Venesia | Venèsia | Venesiya | Venetia | Veneția | Venetië | Venetsia | Veneza | Venezia | Venezsia | Venice | Venies | Venise | Venizia | Vignesie | Vinezzia | V'nise | Wenecja | Βενετία | Венеција | Венеция | Венеція | ვენეცია | Վենետիկ | ונציה | البندقية | ونیز | ۋېنىتسىيە | ヴェニス | ヴェネツィア | ベニス | 威尼斯,52,
00200647-p002-loc01,00200647-p002,00200647,1,Lichfield,Lichfield,2644531,https://www.geonames.org/2644531,52.68154,-1.82549,United Kingdom,리치필드 | ꯂꯤꯆꯐꯤꯜꯗ | ลิชฟิลด์ | リッチフィールド | Caerlwytgoed | GBLHF | Liccidfeld | Liçfild | Ličfīlda | Ličfildas | Lichfield | Lichfildia | Q207371 | XQT | لیچفیلد | لیچفیلڈ | لخفیلڈ | ليشفيلد | ליצ'פילד | Λίτσφιλντ | Личфийлд | Личфилд | Лічфілд | Լիչֆիլդ | लीचफिल्ड | લિચફિલ્ડ | లిచ్ఫీల్డ్ | ಲಿಕ್ ಫೀಲ್ಡ್ | லிச்பீல்டு | লিচফিল্ড | ලිච්ෆීල්ඩ් | 利奇菲尔德 | 利奇菲爾德 | 李治菲特,34,
00200647-p003-loc01,00200647-p003,00200647,1,London,London,2643743,https://www.geonames.org/2643743,51.50853,-0.12574,United Kingdom,런던 | ᎫᎴ ᏗᏍᎪᏂᎯᏱ | ܠܘܢܕܘܢ | ለንደን | ロンドン | ଲଣ୍ଡନ | ลอนดอน | ລອນດອນ | GBLON | ILondon | Lākana | Landan | Landen | Llundain | Lodoni | LON | Londain | Londar | Londe | Londen | Londin | Londinium | Londn | london | London | Londona | Londonas | Londoni | Londono | Londons | Lọndọnu | Londra | Łondra | Londres | Londrez | Londri | Londro | Londye | Londyn | Londýn | Lonn | Lontoo | Loundres | Luân Đôn | Lunden | Lundra | Lůndůn | Lundúnir | Lùng-dŭng | Lunnainn | Lunnin | Lunnon | Lûn-tun | Lùn-tûn | Q84 | Rānana | لأندأن | لندن | لەندەن | لوندون | לאנדאן | לונדון | Λονδίνο | Лёндан | Лондан | Лондон | Лондон ош | Лондонъ | ལོན་ཊོན། | Լոնդոն | Լոնտոն | ლონდონი | लण्डन | लन्डन् | लन्दन | लंडन | लंदन | લંડન | లండన్ | ਲੰਡਨ | ಲಂಡನ್ | இலண்டன் | ലണ്ടൻ | লন্ডন | လန်ဒန်မြို့ | ලන්ඩන් | 伦敦 | 倫敦,88,
00200647-p004-loc01,00200647-p004,00200647,1,Oxford,Oxford,2640729,https://www.geonames.org/2640729,51.75222,-1.25596,United Kingdom,옥스퍼드 | Àth nan Damh | GBOXF | Oksford | Oksforda | Oksfordas | Oksfordo | Oksfuords | Oxenaford | Oxenaforda | Oxenford | OXF | Oxford | Oxnaford | Öxnafurða | Oxneford | Oxonia | Oxónia | Oxônia | Oxonium | Rhedicina | Rhydychen | Rysoghen | Uxavað | Οξφόρδη | Оксфард | Оксфорд | Оқсфорд | ოქსფორდი | אוקספורד | אקספארד | آکسفورد | آکسفورڈ | أكسفورد | اوكسفورد | ऑक्सफर्ड | ऑक्सफोर्ड | অক্সফোর্ড | ਆਕਸਫ਼ੋਰਡ | ஆக்சுபோர்டு | ఆక్స్‌ఫర్డ్ | ಆಕ್ಸ್‌ಫರ್ಡ್ | อ๊อกซฟอร์ด | အောက်စဖို့မြို့ | オックスフォード | 牛津,46,
00200639-p001-loc01,00200639-p001,00200639,1,Murano (Venezia),Murano,3172456,https://www.geonames.org/3172456,45.45857,12.35683,Italy,Île de Murano | ITVVZ | Murano | Q52437 | מוראנו | ムラーノ | 穆拉诺岛,7,
00200639-p003-loc01,00200639-p003,00200639,1,London,London,2643743,https://www.geonames.org/2643743,51.50853,-0.12574,United Kingdom,런던 | ᎫᎴ ᏗᏍᎪᏂᎯᏱ | ܠܘܢܕܘܢ | ለንደን | ロンドン | ଲଣ୍ଡନ | ลอนดอน | ລອນດອນ | GBLON | ILondon | Lākana | Landan | Landen | Llundain | Lodoni | LON | Londain | Londar | Londe | Londen | Londin | Londinium | Londn | london | London | Londona | Londonas | Londoni | Londono | Londons | Lọndọnu | Londra | Łondra | Londres | Londrez | Londri | Londro | Londye | Londyn | Londýn | Lonn | Lontoo | Loundres | Luân Đôn | Lunden | Lundra | Lůndůn | Lundúnir | Lùng-dŭng | Lunnainn | Lunnin | Lunnon | Lûn-tun | Lùn-tûn | Q84 | Rānana | لأندأن | لندن | لەندەن | لوندون | לאנדאן | לונדון | Λονδίνο | Лёндан | Лондан | Лондон | Лондон ош | Лондонъ | ལོན་ཊོན། | Լոնդոն | Լոնտոն | ლონდონი | लण्डन | लन्डन् | लन्दन | लंडन | लंदन | લંડન | లండన్ | ਲੰਡਨ | ಲಂಡನ್ | இலண்டன் | ലണ്ടൻ | লন্ডন | လန်ဒန်မြို့ | ලන්ඩන් | 伦敦 | 倫敦,88,
00200639-p004-loc01,00200639-p004,00200639,1,London,London,2643743,https://www.geonames.org/2643743,51.50853,-0.12574,United Kingdom,런던 | ᎫᎴ ᏗᏍᎪᏂᎯᏱ | ܠܘܢܕܘܢ | ለንደን | ロンドン | ଲଣ୍ଡନ | ลอนดอน | ລອນດອນ | GBLON | ILondon | Lākana | Landan | Landen | Llundain | Lodoni | LON | Londain | Londar | Londe | Londen | Londin | Londinium | Londn | london | London | Londona | Londonas | Londoni | Londono | Londons | Lọndọnu | Londra | Łondra | Londres | Londrez | Londri | Londro | Londye | Londyn | Londýn | Lonn | Lontoo | Loundres | Luân Đôn | Lunden | Lundra | Lůndůn | Lundúnir | Lùng-dŭng | Lunnainn | Lunnin | Lunnon | Lûn-tun | Lùn-tûn | Q84 | Rānana | لأندأن | لندن | لەندەن | لوندون | לאנדאן | לונדון | Λονδίνο | Лёндан | Лондан | Лондон | Лондон ош | Лондонъ | ལོན་ཊོན། | Լոնդոն | Լոնտոն | ლონდონი | लण्डन | लन्डन् | लन्दन | लंडन | लंदन | લંડન | లండన్ | ਲੰਡਨ | ಲಂಡನ್ | இலண்டன் | ലണ്ടൻ | লন্ডন | လန်ဒန်မြို့ | ලන්ඩන් | 伦敦 | 倫敦,88,
00200639-p005-loc01,00200639-p005,00200639,1,Los Angeles,Los Angeles,5368361,https://www.geonames.org/5368361,34.05223,-118.24368,United States,ሎስ አንጄሌስ | 엘에이 | ロサンゼルス | 로스앤젤레스 | 로스엔젤레스 | ลอสแอนเจลิส | 90001 | 90002 | 90003 | 90004 | 90005 | 90006 | 90007 | 90008 | 90009 | 90010 | 90011 | 90012 | 90013 | 90014 | 90015 | 90016 | 90017 | 90018 | 90019 | 90020 | 90021 | 90022 | 90023 | 90024 | 90025 | 90026 | 90027 | 90028 | 90029 | 90030 | 90031 | 90032 | 90033 | 90034 | 90035 | 90036 | 90037 | 90038 | 90039 | 90040 | 90041 | 90042 | 90043 | 90044 | 90045 | 90046 | 90047 | 90048 | 90049 | 90050 | 90051 | 90052 | 90053 | 90054 | 90055 | 90056 | 90057 | 90058 | 90059 | 90060 | 90061 | 90062 | 90063 | 90064 | 90065 | 90066 | 90067 | 90068 | 90070 | 90071 | 90072 | 90073 | 90074 | 90075 | 90076 | 90077 | 90078 | 90079 | 90080 | 90081 | 90082 | 90083 | 90084 | 90086 | 90087 | 90088 | 90089 | 90091 | 90093 | 90095 | 90096 | 90099 | Angelopolis | Ciudad De los Angelos | Cuidad De Los Angelos | El Pueblo del Rio de Nuestra Senora | El Pueblo de Nuestra Señora de los Ángeles de Porciúncula | El Pueblo de Nuestra Senora La Reina de Los Angeles de Porcivncula | LA | L.A. | La Reina de Los Angeles de Porciuncula | LAX | Lo̍k-chhám-kî | Los-Anceles | Los Andželas | Los Andželes | Losandželosa | Los Angeles | Los Ángeles | Los-Anĝeleso | Los Anjeles | Los-Anjeles | Los Anjélés | Los Anxheles | Los Anxhelos | Lungsod ng Los Angeles | Luos Andžels | Os Ánxeles | Pueblo De Los Angeles | Pueblo Los Angelos | Q65 | USLAX | لاس اینجلس | لس آنجلس | لس‌آنجلس | لۆس ئانجلەس | لوس آنجلس | لوس‌آنجلس | لوس أنجلوس | لوس انجليس | لوس ئانجېلېس | לאס אנדזשעלעס | לוס אנגלס | Λος Άντζελες | Лос Анджелес | Лос-Анджелес | Лос Анджелис | Лос-Анджэлес | Лос Андьелес | Лос Анђелес | Лос Анжелес | Лос-Анжелес | Лос Анӂелес | Лос-Анжелес шаары | Лос Анҷелес | Лос Анџелес | Лос-Анџелес | Լոս Անճելըս | Լոս Անջելես | ლოს-ანჯელესი | लस एञ्जिलस | लस एन्जलस | लास एंजलस | लॉस एंजेलिस | लॉस एंजेल्स | લોસ એન્જેલસ | లాస్ ఏంజలెస్ | ਲਾਸ ਐਂਜਲਸ | ಲಾಸ್ ಎಂಜಲೀಸ್ | லாஸ் ஏஞ்சலஸ் | ലോസ് ആഞ്ചെലെസ് | লস অ্যাঞ্জেলেস | လော့စ်အိန်ဂျယ်လိစ်မြို့ | 洛杉矶 | 洛杉磯,171,
00200643-p002-loc01,00200643-p002,00200643,1,Nocton,Nocton,2641477,https://www.geonames.org/2641477,53.16368,-0.41938,United Kingdom,Nocton,1,
00200643-p003-loc01,00200643-p003,00200643,1,Blicking Hall,Blickling Hall,7731710,https://www.geonames.org/7731710,52.8118,1.2318,United Kingdom,,0,
00200643-p004-loc01,00200643-p004,00200643,1,Blickling Hall,Blickling Hall,7731710,https://www.geonames.org/7731710,52.8118,1.2318,United Kingdom,,0,
00200631-p001-loc01,00200631-p001,00200631,1,Gosford Castle,Gosford Castle,2648277,https://www.geonames.org/2648277,54.3,-6.51667,United Kingdom,Gosford Castle,1,"County Armagh, Northern Ireland"
00200631-p002-loc01,00200631-p002,00200631,1,London,London,2643743,https://www.geonames.org/2643743,51.50853,-0.12574,United Kingdom,런던 | ᎫᎴ ᏗᏍᎪᏂᎯᏱ | ܠܘܢܕܘܢ | ለንደን | ロンドン | ଲଣ୍ଡନ | ลอนดอน | ລອນດອນ | GBLON | ILondon | Lākana | Landan | Landen | Llundain | Lodoni | LON | Londain | Londar | Londe | Londen | Londin | Londinium | Londn | london | London | Londona | Londonas | Londoni | Londono | Londons | Lọndọnu | Londra | Łondra | Londres | Londrez | Londri | Londro | Londye | Londyn | Londýn | Lonn | Lontoo | Loundres | Luân Đôn | Lunden | Lundra | Lůndůn | Lundúnir | Lùng-dŭng | Lunnainn | Lunnin | Lunnon | Lûn-tun | Lùn-tûn | Q84 | Rānana | لأندأن | لندن | لەندەن | لوندون | לאנדאן | לונדון | Λονδίνο | Лёндан | Лондан | Лондон | Лондон ош | Лондонъ | ལོན་ཊོན། | Լոնդոն | Լոնտոն | ლონდონი | लण्डन | लन्डन् | लन्दन | लंडन | लंदन | લંડન | లండన్ | ਲੰਡਨ | ಲಂಡನ್ | இலண்டன் | ലണ്ടൻ | লন্ডন | လန်ဒန်မြို့ | ලන්ඩන් | 伦敦 | 倫敦,88,
00200631-p003-loc01,00200631-p003,00200631,1,New York,New York,5128581,https://www.geonames.org/5128581,40.71427,-74.00597,United States,뉴욕 | 뉴욕 시 | 10001 | 10002 | 10003 | 10004 | 10005 | 10006 | 10007 | 10008 | 10009 | 10010 | 10011 | 10012 | 10013 | 10014 | 10016 | 10017 | 10018 | 10019 | 10020 | 10021 | 10022 | 10023 | 10024 | 10025 | 10026 | 10027 | 10028 | 10029 | 10030 | 10031 | 10032 | 10033 | 10034 | 10035 | 10036 | 10037 | 10038 | 10039 | 10040 | 10041 | 10043 | 10044 | 10045 | 10055 | 10060 | 10065 | 10069 | 10080 | 10081 | 10087 | 10090 | 10101 | 10102 | 10103 | 10104 | 10105 | 10106 | 10107 | 10108 | 10109 | 10110 | 10111 | 10112 | 10113 | 10114 | 10115 | 10116 | 10117 | 10118 | 10119 | 10120 | 10121 | 10122 | 10123 | 10124 | 10125 | 10126 | 10128 | 10129 | 10130 | 10131 | 10132 | 10133 | 10138 | 10150 | 10151 | 10152 | 10153 | 10154 | 10155 | 10156 | 10157 | 10158 | 10159 | 10160 | 10161 | 10162 | 10163 | 10164 | 10165 | 10166 | 10167 | 10168 | 10169 | 10170 | 10171 | 10172 | 10173 | 10174 | 10175 | 10176 | 10177 | 10178 | 10179 | 10185 | 10199 | 10203 | 10211 | 10212 | 10213 | 10242 | 10249 | 10256 | 10258 | 10259 | 10260 | 10261 | 10265 | 10268 | 10269 | 10270 | 10271 | 10272 | 10273 | 10274 | 10275 | 10276 | 10277 | 10278 | 10279 | 10280 | 10281 | 10282 | 10285 | 10286 | Aebura | Bandar Raya New York | Big Apple | Cathair Nua-Eabhrac | City of New York | Eabhraig Nuadh | Efrog Newydd | Evrek Nowydh | Ga-no-no | Kanón:no | Kanono | Kota New York | Lungsod ng New York | Nei Yarrick Schtadt | Neu Amsterdam | Neu Jorck | New Amsterdam | New Orange | New Yorc | New York | New York borg | New York-borg | New York City | New Yorke | New York kenti | New York Stad | New Yorku | Niujorkas | Njujork | Nouvelle Yorck | Nouvieau York | Nova Amsterda | Nova Iorque | Nova York | Nova-York | Nòva York | Novjorko | Nov-Jorko | Novum Eboracum | Nowy Jork | Nua-Eabhrac | Nueva York | Ņujorka | Nuova York | NY | NYC | Nýja Jórvík | Nyu York Shehiri | Q60 | Thành phố New York | The Big Apple | USNYC | York Berri | Νέα Υόρκη | Нью-Ёрк | Нью-Йорк | Ню Йорк | Њујорк | Њу Јорк | ნიუ-იორკი | Նիւ Եորք | Նյու Յորք | ניו יארק | ניו־יאָרק | ניו יורק | نيويورك | نیویارک شہر | نیویورک | न्यूयॉर्क | নিউ ইয়র্ক সিটি | நியூயார்க் நகரம் | นครนิวยอร์ก | ニューヨーク | マンハッタン | 紐約 | 紐約市,223,
00200631-p004-loc01,00200631-p004,00200631,1,New York,New York,5128581,https://www.geonames.org/5128581,40.71427,-74.00597,United States,뉴욕 | 뉴욕 시 | 10001 | 10002 | 10003 | 10004 | 10005 | 10006 | 10007 | 10008 | 10009 | 10010 | 10011 | 10012 | 10013 | 10014 | 10016 | 10017 | 10018 | 10019 | 10020 | 10021 | 10022 | 10023 | 10024 | 10025 | 10026 | 10027 | 10028 | 10029 | 10030 | 10031 | 10032 | 10033 | 10034 | 10035 | 10036 | 10037 | 10038 | 10039 | 10040 | 10041 | 10043 | 10044 | 10045 | 10055 | 10060 | 10065 | 10069 | 10080 | 10081 | 10087 | 10090 | 10101 | 10102 | 10103 | 10104 | 10105 | 10106 | 10107 | 10108 | 10109 | 10110 | 10111 | 10112 | 10113 | 10114 | 10115 | 10116 | 10117 | 10118 | 10119 | 10120 | 10121 | 10122 | 10123 | 10124 | 10125 | 10126 | 10128 | 10129 | 10130 | 10131 | 10132 | 10133 | 10138 | 10150 | 10151 | 10152 | 10153 | 10154 | 10155 | 10156 | 10157 | 10158 | 10159 | 10160 | 10161 | 10162 | 10163 | 10164 | 10165 | 10166 | 10167 | 10168 | 10169 | 10170 | 10171 | 10172 | 10173 | 10174 | 10175 | 10176 | 10177 | 10178 | 10179 | 10185 | 10199 | 10203 | 10211 | 10212 | 10213 | 10242 | 10249 | 10256 | 10258 | 10259 | 10260 | 10261 | 10265 | 10268 | 10269 | 10270 | 10271 | 10272 | 10273 | 10274 | 10275 | 10276 | 10277 | 10278 | 10279 | 10280 | 10281 | 10282 | 10285 | 10286 | Aebura | Bandar Raya New York | Big Apple | Cathair Nua-Eabhrac | City of New York | Eabhraig Nuadh | Efrog Newydd | Evrek Nowydh | Ga-no-no | Kanón:no | Kanono | Kota New York | Lungsod ng New York | Nei Yarrick Schtadt | Neu Amsterdam | Neu Jorck | New Amsterdam | New Orange | New Yorc | New York | New York borg | New York-borg | New York City | New Yorke | New York kenti | New York Stad | New Yorku | Niujorkas | Njujork | Nouvelle Yorck | Nouvieau York | Nova Amsterda | Nova Iorque | Nova York | Nova-York | Nòva York | Novjorko | Nov-Jorko | Novum Eboracum | Nowy Jork | Nua-Eabhrac | Nueva York | Ņujorka | Nuova York | NY | NYC | Nýja Jórvík | Nyu York Shehiri | Q60 | Thành phố New York | The Big Apple | USNYC | York Berri | Νέα Υόρκη | Нью-Ёрк | Нью-Йорк | Ню Йорк | Њујорк | Њу Јорк | ნიუ-იორკი | Նիւ Եորք | Նյու Յորք | ניו יארק | ניו־יאָרק | ניו יורק | نيويورك | نیویارک شہر | نیویورک | न्यूयॉर्क | নিউ ইয়র্ক সিটি | நியூயார்க் நகரம் | นครนิวยอร์ก | ニューヨーク | マンハッタン | 紐約 | 紐約市,223,
00200631-p005-loc01,00200631-p005,00200631,1,London,London,2643743,https://www.geonames.org/2643743,51.50853,-0.12574,United Kingdom,런던 | ᎫᎴ ᏗᏍᎪᏂᎯᏱ | ܠܘܢܕܘܢ | ለንደን | ロンドン | ଲଣ୍ଡନ | ลอนดอน | ລອນດອນ | GBLON | ILondon | Lākana | Landan | Landen | Llundain | Lodoni | LON | Londain | Londar | Londe | Londen | Londin | Londinium | Londn | london | London | Londona | Londonas | Londoni | Londono | Londons | Lọndọnu | Londra | Łondra | Londres | Londrez | Londri | Londro | Londye | Londyn | Londýn | Lonn | Lontoo | Loundres | Luân Đôn | Lunden | Lundra | Lůndůn | Lundúnir | Lùng-dŭng | Lunnainn | Lunnin | Lunnon | Lûn-tun | Lùn-tûn | Q84 | Rānana | لأندأن | لندن | لەندەن | لوندون | לאנדאן | לונדון | Λονδίνο | Лёндан | Лондан | Лондон | Лондон ош | Лондонъ | ལོན་ཊོན། | Լոնդոն | Լոնտոն | ლონდონი | लण्डन | लन्डन् | लन्दन | लंडन | लंदन | લંડન | లండన్ | ਲੰਡਨ | ಲಂಡನ್ | இலண்டன் | ലണ്ടൻ | লন্ডন | လန်ဒန်မြို့ | ලන්ඩන් | 伦敦 | 倫敦,88,
00200631-p006-loc01,00200631-p006,00200631,1,New York,New York,5128581,https://www.geonames.org/5128581,40.71427,-74.00597,United States,뉴욕 | 뉴욕 시 | 10001 | 10002 | 10003 | 10004 | 10005 | 10006 | 10007 | 10008 | 10009 | 10010 | 10011 | 10012 | 10013 | 10014 | 10016 | 10017 | 10018 | 10019 | 10020 | 10021 | 10022 | 10023 | 10024 | 10025 | 10026 | 10027 | 10028 | 10029 | 10030 | 10031 | 10032 | 10033 | 10034 | 10035 | 10036 | 10037 | 10038 | 10039 | 10040 | 10041 | 10043 | 10044 | 10045 | 10055 | 10060 | 10065 | 10069 | 10080 | 10081 | 10087 | 10090 | 10101 | 10102 | 10103 | 10104 | 10105 | 10106 | 10107 | 10108 | 10109 | 10110 | 10111 | 10112 | 10113 | 10114 | 10115 | 10116 | 10117 | 10118 | 10119 | 10120 | 10121 | 10122 | 10123 | 10124 | 10125 | 10126 | 10128 | 10129 | 10130 | 10131 | 10132 | 10133 | 10138 | 10150 | 10151 | 10152 | 10153 | 10154 | 10155 | 10156 | 10157 | 10158 | 10159 | 10160 | 10161 | 10162 | 10163 | 10164 | 10165 | 10166 | 10167 | 10168 | 10169 | 10170 | 10171 | 10172 | 10173 | 10174 | 10175 | 10176 | 10177 | 10178 | 10179 | 10185 | 10199 | 10203 | 10211 | 10212 | 10213 | 10242 | 10249 | 10256 | 10258 | 10259 | 10260 | 10261 | 10265 | 10268 | 10269 | 10270 | 10271 | 10272 | 10273 | 10274 | 10275 | 10276 | 10277 | 10278 | 10279 | 10280 | 10281 | 10282 | 10285 | 10286 | Aebura | Bandar Raya New York | Big Apple | Cathair Nua-Eabhrac | City of New York | Eabhraig Nuadh | Efrog Newydd | Evrek Nowydh | Ga-no-no | Kanón:no | Kanono | Kota New York | Lungsod ng New York | Nei Yarrick Schtadt | Neu Amsterdam | Neu Jorck | New Amsterdam | New Orange | New Yorc | New York | New York borg | New York-borg | New York City | New Yorke | New York kenti | New York Stad | New Yorku | Niujorkas | Njujork | Nouvelle Yorck | Nouvieau York | Nova Amsterda | Nova Iorque | Nova York | Nova-York | Nòva York | Novjorko | Nov-Jorko | Novum Eboracum | Nowy Jork | Nua-Eabhrac | Nueva York | Ņujorka | Nuova York | NY | NYC | Nýja Jórvík | Nyu York Shehiri | Q60 | Thành phố New York | The Big Apple | USNYC | York Berri | Νέα Υόρκη | Нью-Ёрк | Нью-Йорк | Ню Йорк | Њујорк | Њу Јорк | ნიუ-იორკი | Նիւ Եորք | Նյու Յորք | ניו יארק | ניו־יאָרק | ניו יורק | نيويورك | نیویارک شہر | نیویورک | न्यूयॉर्क | নিউ ইয়র্ক সিটি | நியூயார்க் நகரம் | นครนิวยอร์ก | ニューヨーク | マンハッタン | 紐約 | 紐約市,223,
00200631-p007-loc01,00200631-p007,00200631,1,New York,New York,5128581,https://www.geonames.org/5128581,40.71427,-74.00597,United States,뉴욕 | 뉴욕 시 | 10001 | 10002 | 10003 | 10004 | 10005 | 10006 | 10007 | 10008 | 10009 | 10010 | 10011 | 10012 | 10013 | 10014 | 10016 | 10017 | 10018 | 10019 | 10020 | 10021 | 10022 | 10023 | 10024 | 10025 | 10026 | 10027 | 10028 | 10029 | 10030 | 10031 | 10032 | 10033 | 10034 | 10035 | 10036 | 10037 | 10038 | 10039 | 10040 | 10041 | 10043 | 10044 | 10045 | 10055 | 10060 | 10065 | 10069 | 10080 | 10081 | 10087 | 10090 | 10101 | 10102 | 10103 | 10104 | 10105 | 10106 | 10107 | 10108 | 10109 | 10110 | 10111 | 10112 | 10113 | 10114 | 10115 | 10116 | 10117 | 10118 | 10119 | 10120 | 10121 | 10122 | 10123 | 10124 | 10125 | 10126 | 10128 | 10129 | 10130 | 10131 | 10132 | 10133 | 10138 | 10150 | 10151 | 10152 | 10153 | 10154 | 10155 | 10156 | 10157 | 10158 | 10159 | 10160 | 10161 | 10162 | 10163 | 10164 | 10165 | 10166 | 10167 | 10168 | 10169 | 10170 | 10171 | 10172 | 10173 | 10174 | 10175 | 10176 | 10177 | 10178 | 10179 | 10185 | 10199 | 10203 | 10211 | 10212 | 10213 | 10242 | 10249 | 10256 | 10258 | 10259 | 10260 | 10261 | 10265 | 10268 | 10269 | 10270 | 10271 | 10272 | 10273 | 10274 | 10275 | 10276 | 10277 | 10278 | 10279 | 10280 | 10281 | 10282 | 10285 | 10286 | Aebura | Bandar Raya New York | Big Apple | Cathair Nua-Eabhrac | City of New York | Eabhraig Nuadh | Efrog Newydd | Evrek Nowydh | Ga-no-no | Kanón:no | Kanono | Kota New York | Lungsod ng New York | Nei Yarrick Schtadt | Neu Amsterdam | Neu Jorck | New Amsterdam | New Orange | New Yorc | New York | New York borg | New York-borg | New York City | New Yorke | New York kenti | New York Stad | New Yorku | Niujorkas | Njujork | Nouvelle Yorck | Nouvieau York | Nova Amsterda | Nova Iorque | Nova York | Nova-York | Nòva York | Novjorko | Nov-Jorko | Novum Eboracum | Nowy Jork | Nua-Eabhrac | Nueva York | Ņujorka | Nuova York | NY | NYC | Nýja Jórvík | Nyu York Shehiri | Q60 | Thành phố New York | The Big Apple | USNYC | York Berri | Νέα Υόρκη | Нью-Ёрк | Нью-Йорк | Ню Йорк | Њујорк | Њу Јорк | ნიუ-იორკი | Նիւ Եորք | Նյու Յորք | ניו יארק | ניו־יאָרק | ניו יורק | نيويورك | نیویارک شہر | نیویورک | न्यूयॉर्क | নিউ ইয়র্ক সিটি | நியூயார்க் நகரம் | นครนิวยอร์ก | ニューヨーク | マンハッタン | 紐約 | 紐約市,223,
00200631-p008-loc01,00200631-p008,00200631,1,Austin,Austin,4671654,https://www.geonames.org/4671654,30.26715,-97.74306,United States,오스틴 | 73301 | 73344 | 78701 | 78702 | 78703 | 78704 | 78705 | 78708 | 78709 | 78710 | 78711 | 78712 | 78713 | 78714 | 78715 | 78716 | 78718 | 78719 | 78720 | 78721 | 78722 | 78723 | 78724 | 78725 | 78726 | 78727 | 78728 | 78730 | 78731 | 78732 | 78733 | 78734 | 78735 | 78736 | 78737 | 78738 | 78739 | 78741 | 78742 | 78744 | 78745 | 78746 | 78747 | 78748 | 78749 | 78750 | 78751 | 78752 | 78753 | 78754 | 78755 | 78756 | 78757 | 78758 | 78759 | 78760 | 78761 | 78762 | 78763 | 78764 | 78765 | 78766 | 78767 | 78768 | 78769 | 78772 | 78773 | 78774 | 78778 | 78779 | 78783 | AUS | Austin | Aŭstino | Austinopolis | Montopolis | Ostin | Ostina | Ostinas | Ostins | USAUS | Waterloo | Ώστιν | Остин | Остін | Осцін | ოსტინი | Օստին | אוסטין | אסטין | آستین، تگزاس | آسٹن | آسٹن، ٹیکساس | أوستن | ኦስቲን፣ ቴክሳስ | अस्टिन | अस्तिन | आस्टिन् | ऑस्टिन | অস্টিন | ਆਸਟਿਨ | ஆஸ்டின் | ഓസ്റ്റിൻ | ออสติน | ᎠᏍᏘᏂ | オースティン | 奧斯汀 | 柯士甸,109,
00200640-p001-loc01,00200640-p001,00200640,1,Augsburg,Augsburg,2954172,https://www.geonames.org/2954172,48.37154,10.89851,Germany,아우크스부르크 | Ágsborg | AGY | Augsberg | Augsborg | Augsbörj | Augsbourg | Augsburg | Augsburga | Augsburgas | Augsburg-Innenstadt | Augsburgo | Augschburg | Augusta | Augusta Vindelicorum | Auqsburq | DEAGB | Q2749 | Άουγκσμπουργκ | Аугзбург | Аугсбург | Аўгсбург | აუგსბურგი | אאוגסבורג | آوغسبورغ | آوگسبورگ | اگزبرگ | आउग्सबुर्ग | औग्स्बुर्ग | আউগ্‌সবুর্গ | ஔசுபூர்கு | เอาก์สบูร์ก | アウクスブルク | アウグスブルク | 奥格斯堡,35,
00200640-p002-loc01,00200640-p002,00200640,1,Althorp,Althorp,7296694,https://www.geonames.org/7296694,52.28107,-1.00095,United Kingdom,,0,
00200640-p003-loc01,00200640-p003,00200640,1,Manchester,Manchester,2643123,https://www.geonames.org/2643123,53.48095,-2.23743,United Kingdom,맨체스터 | ማንችስተር | マンチェスター | แมนเชสเตอร์ | GBMNC | Mameceaster | MAN | Manceinion | Mančesteris | Mančestra | Manĉestro | Manchain | Manchester | Mánchester | Manchéstér | Manchêtre | Manchuin | Mancunium | Q2166304 | مانچسٹر | مانشستر | منچستر | منچئستئر | מאנטשעסטער | מנצ'סטר | Μάντσεστερ | Манчестер | Манчестър | Манчэстэр | მანჩესტერი | मैन्चेस्टर | मँचेस्टर | మాంచెస్టర్ | ಮ್ಯಾಂಚೆಸ್ಟರ್ | மான்செஸ்டர் | മാഞ്ചസ്റ്റർ | ম্যানচেস্টার | 曼彻斯特,38,
00205577-p001-loc01,00205577-p001,00205577,1,London,London,2643743,https://www.geonames.org/2643743,51.50853,-0.12574,United Kingdom,런던 | ᎫᎴ ᏗᏍᎪᏂᎯᏱ | ܠܘܢܕܘܢ | ለንደን | ロンドン | ଲଣ୍ଡନ | ลอนดอน | ລອນດອນ | GBLON | ILondon | Lākana | Landan | Landen | Llundain | Lodoni | LON | Londain | Londar | Londe | Londen | Londin | Londinium | Londn | london | London | Londona | Londonas | Londoni | Londono | Londons | Lọndọnu | Londra | Łondra | Londres | Londrez | Londri | Londro | Londye | Londyn | Londýn | Lonn | Lontoo | Loundres | Luân Đôn | Lunden | Lundra | Lůndůn | Lundúnir | Lùng-dŭng | Lunnainn | Lunnin | Lunnon | Lûn-tun | Lùn-tûn | Q84 | Rānana | لأندأن | لندن | لەندەن | لوندون | לאנדאן | לונדון | Λονδίνο | Лёндан | Лондан | Лондон | Лондон ош | Лондонъ | ལོན་ཊོན། | Լոնդոն | Լոնտոն | ლონდონი | लण्डन | लन्डन् | लन्दन | लंडन | लंदन | લંડન | లండన్ | ਲੰਡਨ | ಲಂಡನ್ | இலண்டன் | ലണ്ടൻ | লন্ডন | လန်ဒန်မြို့ | ලන්ඩන් | 伦敦 | 倫敦,88,
00205577-p002-loc01,00205577-p002,00205577,1,Oxford,Oxford,2640729,https://www.geonames.org/2640729,51.75222,-1.25596,United Kingdom,옥스퍼드 | Àth nan Damh | GBOXF | Oksford | Oksforda | Oksfordas | Oksfordo | Oksfuords | Oxenaford | Oxenaforda | Oxenford | OXF | Oxford | Oxnaford | Öxnafurða | Oxneford | Oxonia | Oxónia | Oxônia | Oxonium | Rhedicina | Rhydychen | Rysoghen | Uxavað | Οξφόρδη | Оксфард | Оксфорд | Оқсфорд | ოქსფორდი | אוקספורד | אקספארד | آکسفورد | آکسفورڈ | أكسفورد | اوكسفورد | ऑक्सफर्ड | ऑक्सफोर्ड | অক্সফোর্ড | ਆਕਸਫ਼ੋਰਡ | ஆக்சுபோர்டு | ఆక్స్‌ఫర్డ్ | ಆಕ್ಸ್‌ಫರ್ಡ್ | อ๊อกซฟอร์ด | အောက်စဖို့မြို့ | オックスフォード | 牛津,46,
00560437-p001-loc01,00560437-p001,00560437,1,Cambridge,Cambridge,2653941,https://www.geonames.org/2653941,52.2,0.11667,United Kingdom,케임브리지 | Caergrawnt | Cambridge | Cantabrigia | CBG | GBCMG | Grantanbrycg | Kambrij | Kembric | Kembridža | Kembridžas | Kembriĝo | Kiam-khiâu | Κέμπριτζ | Кеймбридж | Кембридж | Кембриҷ | Кембриџ | Кембрідж | Кембрыдж | კემბრიჯი | Քեմբրիջ | קיימברידג' | كامبريدج | کمبریج | کیمبرج | केंब्रिज | ক্যামব্রিজ | ಕೇಂಬ್ರಿಜ್ | കേംബ്രിഡ്ജ് | เคมบริดจ์ | ကိန်းဘရစ်ချ်မြို့ | ケンブリッジ | 劍橋,34,
00204741-p002-loc01,00204741-p002,00204741,1,London,London,2643743,https://www.geonames.org/2643743,51.50853,-0.12574,United Kingdom,런던 | ᎫᎴ ᏗᏍᎪᏂᎯᏱ | ܠܘܢܕܘܢ | ለንደን | ロンドン | ଲଣ୍ଡନ | ลอนดอน | ລອນດອນ | GBLON | ILondon | Lākana | Landan | Landen | Llundain | Lodoni | LON | Londain | Londar | Londe | Londen | Londin | Londinium | Londn | london | London | Londona | Londonas | Londoni | Londono | Londons | Lọndọnu | Londra | Łondra | Londres | Londrez | Londri | Londro | Londye | Londyn | Londýn | Lonn | Lontoo | Loundres | Luân Đôn | Lunden | Lundra | Lůndůn | Lundúnir | Lùng-dŭng | Lunnainn | Lunnin | Lunnon | Lûn-tun | Lùn-tûn | Q84 | Rānana | لأندأن | لندن | لەندەن | لوندون | לאנדאן | לונדון | Λονδίνο | Лёндан | Лондан | Лондон | Лондон ош | Лондонъ | ལོན་ཊོན། | Լոնդոն | Լոնտոն | ლონდონი | लण्डन | लन्डन् | लन्दन | लंडन | लंदन | લંડન | లండన్ | ਲੰਡਨ | ಲಂಡನ್ | இலண்டன் | ലണ്ടൻ | লন্ডন | လန်ဒန်မြို့ | ලන්ඩන් | 伦敦 | 倫敦,88,
00204741-p003-loc01,00204741-p003,00204741,1,Oxford,Oxford,2640729,https://www.geonames.org/2640729,51.75222,-1.25596,United Kingdom,옥스퍼드 | Àth nan Damh | GBOXF | Oksford | Oksforda | Oksfordas | Oksfordo | Oksfuords | Oxenaford | Oxenaforda | Oxenford | OXF | Oxford | Oxnaford | Öxnafurða | Oxneford | Oxonia | Oxónia | Oxônia | Oxonium | Rhedicina | Rhydychen | Rysoghen | Uxavað | Οξφόρδη | Оксфард | Оксфорд | Оқсфорд | ოქსფორდი | אוקספורד | אקספארד | آکسفورد | آکسفورڈ | أكسفورد | اوكسفورد | ऑक्सफर्ड | ऑक्सफोर्ड | অক্সফোর্ড | ਆਕਸਫ਼ੋਰਡ | ஆக்சுபோர்டு | ఆక్స్‌ఫర్డ్ | ಆಕ್ಸ್‌ಫರ್ಡ್ | อ๊อกซฟอร์ด | အောက်စဖို့မြို့ | オックスフォード | 牛津,46,
02116797-p001-loc01,02116797-p001,02116797,1,Vienna,Vienna,2761369,https://www.geonames.org/2761369,48.20849,16.37208,Austria,빈 | ቪየና | 비엔나 | ウィーン | เวียนนา | 1010 | 1020 | 1030 | 1040 | 1050 | 1060 | 1070 | 1080 | 1090 | 1100 | 1110 | 1120 | 1130 | 1140 | 1150 | 1160 | 1170 | 1180 | 1190 | 1200 | 1210 | 1220 | 1230 | ATVIE | Beč | Beç | Bécs | Dunaj | Fiena | Q1741 | Veen | Vena | Vídeň | VIE | Viedeň | Viên | Viena | Vienna | Vienne | Vieno | Viin | Vín | Vínarborg | Vindobona | Vīne | Viyana | Vjena | Vjenna | Vyana | Wean | Wene | Wenen | Wiedeń | Wien | Wjedźyń | فيينا | وین | וינה | Βιέννη | Беч | Вена | Виена | Відень | ཝི་ཨེ་ན། | Վիեննա | ვენა | वियना | 維也納,73,
02125184-p004-loc01,02125184-p004,02125184,1,New Haven,New Haven,4839366,https://www.geonames.org/4839366,41.30815,-72.92816,United States,뉴헤이번 | นิวเฮเวน | ニュー・ヘイヴン | 06501 | 06502 | 06503 | 06504 | 06505 | 06506 | 06507 | 06508 | 06509 | 06510 | 06511 | 06513 | 06515 | 06519 | 06520 | 06521 | 06530 | 06531 | 06532 | 06533 | 06534 | 06535 | 06536 | 06537 | 06538 | 06540 | HVN | New Haven | Niu Heivenas | Novus Portus | Ņūheivena | Nyu-Heyven | Q49145 | Queenapick | Quillipiack | Quinnepyooghq | Quinnipiac | Quinnypiock | Quinopiocke | Rodeberg | Rodenburg | USHVN | نیو هاون، کانتیکت | نیوهیون، کانتیکت | نیو ہیون، کنیکٹیکٹ | نيو هيفن | ניו הייבן | Νιου Χέιβεν | Нью-Гейвен | Нью-Гэйвэн | Нью-Хейвен | Нью-Һейвен | Нью Хэвен | Нью-Хэйвен | Ню-Ҳейвен | Ню Хейвън | Њу Хејвен | Նյու Հեյվեն | ნიუ-ჰეივენი | न्यु ह्याभेन | न्यू हेवन | न्यू हैवन | ન્યૂ હેવન | న్యూ హవెన్ | ನ್ಯೂ ಹ್ಯಾವೆನ್ | நியூ ஹேவன் | নিউ হ্যাভেন | නිව් හේවන් | 紐哈芬 | 紐希雲 | 紐黑文 | 纽黑文,75,
02138776-p001-loc01,02138776-p001,02138776,1,The Hague,Gemeente Den Haag,2747372,https://www.geonames.org/2747372,52.06866,4.28635,The Netherlands,Den Haag | Gemeente Den Haag | Gemeente ’s-Gravenhage | Leidschenveen | 's-Gravenhage | ’s-Gravenhage,6,
02138776-p002-loc01,02138776-p002,02138776,1,The Hague,Gemeente Den Haag,2747372,https://www.geonames.org/2747372,52.06866,4.28635,The Netherlands,Den Haag | Gemeente Den Haag | Gemeente ’s-Gravenhage | Leidschenveen | 's-Gravenhage | ’s-Gravenhage,6,
02138776-p003-loc01,02138776-p003,02138776,1,The Hague,Gemeente Den Haag,2747372,https://www.geonames.org/2747372,52.06866,4.28635,The Netherlands,Den Haag | Gemeente Den Haag | Gemeente ’s-Gravenhage | Leidschenveen | 's-Gravenhage | ’s-Gravenhage,6,
02151349-p003-loc01,02151349-p003,02151349,1,,Pavia,3171366,https://www.geonames.org/3171366,45.19205,9.15917,Italy,ITPAV | Papia | Pavia | Pavía | Pavìa | Pavie | Pavio | Pawia | Ticinum | Павия | Պավիա | Փաւիա | パヴィア | 帕維亞,14,
02178822-p001-loc01,02178822-p001,02178822,1,France,France,3017382,https://www.geonames.org/3017382,46,2,France,ꃔꇩ | 프랑스 | ܦܪܢܣܐ | フランス | ຝຣັ່ງ | ፈረንሣይ | ፈረንሳይ | បារាំង | ଫ୍ରାନ୍ସ | ฝรั่งเศส | ފަރަންސޭސިވިލާތް | ประเทศฝรั่งเศส | an Fhrainc | An Fhraing | Bro-C'hall | Bufalansa | Falanisē | Falánsɛ | Falansia | Faraans | Farāni | Faransa | Faranse | Faransi | Faransiis | Faransiiska | Farânzi | Farayse | fasygu'e | Ffrainc | FR | Frakkland | Frakland | Franca | França | France | Francë | Francëjô | France nutome | Franchiya | Francia | Franciaország | Francie | Francija | Francio | Francja | Francland | Francogallia | Francoska | Francujo | Francuska | Francúzsko | Frankräich | Frankreich | Frankriek | Frankrig | Frankrigi | Frankriika | Frankrijk | Frankrike | Frankrish | Frankryk | Frans | Frañs | Fransa | Fransän | Fransia | Fransiya | Fransiýa | Fransya | Franța | Frantsa | Frantscha | Frantza | Frantzia | Franza | Franzia | Franzsa | Fraunce | Frɛnkyeman | Furansi | Huák-guók | i-France | Nfalanse | Perancis | Pháp | Pow Frenk | Pow Frynk | Prancis | Prancūzija | Pranis | Pransiya | Pransya | Prantsusmaa | Q142 | Ranska | Republic of France | République Française | Ubaranja | Ubufaransa | Ufaransa | Vrankriek | Vrankryk | Wīwī | Yn Rank | فرانس | فرانسه | فرانسىيە | فرنسا | فەڕەنسا | فىرانسىيە | פֿראַנקרייך | צרפת | Γαλλία | Фаронса | Франц | Франци | Франција | Франция | Франція | Франц улс | Француска | Францыя | ཕ་རཱན་སི། | ཕྲཱནས | Ֆրանսիա | საფრანგეთი | फ्रान्स | फ्रांस | फ़्रांस | फ़्रांस: | फ़्राँस | ફ્રાંસ | ફ્રાઁસ | ఫ్రాన్స్‌ | ਫ਼ਰਾਂਸ | ಫ್ರಾನ್ಸ್ | பிரான்ஸ் | ഫ്രാന്‍സ് | ഫ്രാൻസ് | ফ্রান্স | ফ্ৰান্স | ပြင်သစ် | ප්‍රංශය | フランス共和国 | 法国 | 法國,147,
02178822-p002-loc01,02178822-p002,02178822,1,France,France,3017382,https://www.geonames.org/3017382,46,2,France,ꃔꇩ | 프랑스 | ܦܪܢܣܐ | フランス | ຝຣັ່ງ | ፈረንሣይ | ፈረንሳይ | បារាំង | ଫ୍ରାନ୍ସ | ฝรั่งเศส | ފަރަންސޭސިވިލާތް | ประเทศฝรั่งเศส | an Fhrainc | An Fhraing | Bro-C'hall | Bufalansa | Falanisē | Falánsɛ | Falansia | Faraans | Farāni | Faransa | Faranse | Faransi | Faransiis | Faransiiska | Farânzi | Farayse | fasygu'e | Ffrainc | FR | Frakkland | Frakland | Franca | França | France | Francë | Francëjô | France nutome | Franchiya | Francia | Franciaország | Francie | Francija | Francio | Francja | Francland | Francogallia | Francoska | Francujo | Francuska | Francúzsko | Frankräich | Frankreich | Frankriek | Frankrig | Frankrigi | Frankriika | Frankrijk | Frankrike | Frankrish | Frankryk | Frans | Frañs | Fransa | Fransän | Fransia | Fransiya | Fransiýa | Fransya | Franța | Frantsa | Frantscha | Frantza | Frantzia | Franza | Franzia | Franzsa | Fraunce | Frɛnkyeman | Furansi | Huák-guók | i-France | Nfalanse | Perancis | Pháp | Pow Frenk | Pow Frynk | Prancis | Prancūzija | Pranis | Pransiya | Pransya | Prantsusmaa | Q142 | Ranska | Republic of France | République Française | Ubaranja | Ubufaransa | Ufaransa | Vrankriek | Vrankryk | Wīwī | Yn Rank | فرانس | فرانسه | فرانسىيە | فرنسا | فەڕەنسا | فىرانسىيە | פֿראַנקרייך | צרפת | Γαλλία | Фаронса | Франц | Франци | Франција | Франция | Франція | Франц улс | Француска | Францыя | ཕ་རཱན་སི། | ཕྲཱནས | Ֆրանսիա | საფრანგეთი | फ्रान्स | फ्रांस | फ़्रांस | फ़्रांस: | फ़्राँस | ફ્રાંસ | ફ્રાઁસ | ఫ్రాన్స్‌ | ਫ਼ਰਾਂਸ | ಫ್ರಾನ್ಸ್ | பிரான்ஸ் | ഫ്രാന്‍സ് | ഫ്രാൻസ് | ফ্রান্স | ফ্ৰান্স | ပြင်သစ် | ප්‍රංශය | フランス共和国 | 法国 | 法國,147,Or another french-speaking territory.
02178822-p005-loc01,02178822-p005,02178822,1,Antwerp,Antwerp,2803138,https://www.geonames.org/2803138,51.22047,4.40026,Belgium,안트베르펜 | 2000 | 2018 | 2020 | 2030 | 2040 | 2050 | 2060 | 2600 | Amberes | Amberis | Anberes | ANR | Antuairp | Antuerpen | Antuérpia | Antverpen | Antverpenas | Antverpene | Antverpeno | Antverpens | Antverpia | Antverpy | Antwarp | Antwerp | Antwérp | Antwerpa | Antwerpe | Antwerpen | Antwerpia | Antwerpium | Antwerpn | Antwyrpijo | Anvers | Anvèrs | Anversa | Anverse | Anvérse | BEANR | Kota Antwerpen | Ôn-thi̍t-ví-phú | Αμβέρσα | Антверпен | ანტვერპენი | Անտվերպեն | אנטווערפן | אנטוורפן | آنتورپ | أنتويرب | انتورب | انتويرب | انٹیورپ | अँटवर्प | ஆண்ட்வெர்ப் | ആന്റ്‌വെർപ് | แอนต์เวิร์ป | အန့်တွပ်မြို့ | アントウェルペン | アントワープ | 安特卫普 | 安特衞普,61,
00560438-p003-loc01,00560438-p003,00560438,1,Cambridge,Cambridge,2653941,https://www.geonames.org/2653941,52.2,0.11667,United Kingdom,케임브리지 | Caergrawnt | Cambridge | Cantabrigia | CBG | GBCMG | Grantanbrycg | Kambrij | Kembric | Kembridža | Kembridžas | Kembriĝo | Kiam-khiâu | Κέμπριτζ | Кеймбридж | Кембридж | Кембриҷ | Кембриџ | Кембрідж | Кембрыдж | კემბრიჯი | Քեմբրիջ | קיימברידג' | كامبريدج | کمبریج | کیمبرج | केंब्रिज | ক্যামব্রিজ | ಕೇಂಬ್ರಿಜ್ | കേംബ്രിഡ്ജ് | เคมบริดจ์ | ကိန်းဘရစ်ချ်မြို့ | ケンブリッジ | 劍橋,34,
02100254-p002-loc01,02100254-p002,02100254,1,Strasbourg,Strasbourg,2973783,https://www.geonames.org/2973783,48.58392,7.74553,France,스트라스부르 | ስትራዝቡርግ | ストラスブール | สทราซบูร์ | 67000 | 67001 CEDEX | 67002 CEDEX | 67003 CEDEX | 67004 CEDEX | 67005 CEDEX | 67006 CEDEX | 67007 CEDEX | 67008 CEDEX | 67009 CEDEX | 67010 CEDEX | 67011 CEDEX 1 | 67012 CEDEX | 67013 CEDEX | 67014 CEDEX | 67015 CEDEX | 67016 CEDEX | 67017 CEDEX | 67018 CEDEX | 67019 CEDEX | 67020 CEDEX 1 | 67021 CEDEX 1 | 67022 CEDEX 1 | 67023 CEDEX 1 | 67024 CEDEX 1 | 67025 CEDEX 1 | 67026 CEDEX 1 | 67027 CEDEX 1 | 67028 CEDEX 1 | 67029 CEDEX 1 | 67030 CEDEX 2 | 67031 CEDEX 2 | 67032 CEDEX 2 | 67033 CEDEX 2 | 67034 CEDEX 2 | 67035 CEDEX 2 | 67036 CEDEX 2 | 67037 CEDEX 2 | 67038 CEDEX 2 | 67039 CEDEX 2 | 67043 CEDEX | 67044 CEDEX | 67045 CEDEX | 67046 CEDEX | 67059 CEDEX | 67060 CEDEX | 67061 CEDEX | 67064 CEDEX | 67065 CEDEX | 67067 CEDEX | 67068 CEDEX | 67069 CEDEX | 67070 CEDEX | 67071 CEDEX | 67073 CEDEX | 67074 CEDEX | 67075 CEDEX | 67076 CEDEX | 67077 CEDEX | 67080 CEDEX | 67081 CEDEX | 67082 CEDEX | 67083 CEDEX | 67084 CEDEX | 67085 CEDEX | 67086 CEDEX 2 | 67087 CEDEX 2 | 67088 CEDEX 2 | 67089 CEDEX 1 | 67090 CEDEX | 67091 CEDEX | 67092 CEDEX | 67093 CEDEX | 67096 CEDEX 2 | 67098 CEDEX 2 | 67099 CEDEX | 67100 | 67102 CEDEX 1 | 67109 CEDEX 1 | 67200 | 67209 CEDEX 2 | 67900 CEDEX 9 | 67905 CEDEX 9 | 67906 CEDEX 9 | 67907 CEDEX 9 | 67909 CEDEX 9 | 67911 CEDEX 9 | 67913 CEDEX 9 | 67921 CEDEX 9 | 67922 CEDEX 9 | 67923 CEDEX 9 | 67925 CEDEX 9 | 67926 CEDEX 9 | 67927 CEDEX 9 | 67928 CEDEX 9 | 67931 CEDEX 9 | 67932 CEDEX 9 | 67933 CEDEX 9 | 67942 CEDEX 9 | 67943 CEDEX 9 | 67944 CEDEX 9 | 67948 CEDEX 9 | 67949 CEDEX 9 | 67952 CEDEX 9 | 67953 CEDEX 9 | 67955 CEDEX 9 | 67957 CEDEX 9 | 67958 CEDEX 9 | 67959 CEDEX 9 | 67961 CEDEX 9 | 67962 CEDEX 9 | 67963 CEDEX 9 | 67964 CEDEX 9 | 67965 CEDEX 9 | 67966 CEDEX 9 | 67967 CEDEX 9 | 67969 CEDEX 9 | 67972 CEDEX 9 | 67974 CEDEX 9 | 67975 CEDEX 9 | 67976 CEDEX 9 | 67977 CEDEX 9 | 67978 CEDEX 9 | 67979 CEDEX 9 | 67981 CEDEX 9 | 67982 CEDEX 9 | 67983 CEDEX 9 | 67984 CEDEX 9 | 67985 CEDEX 9 | 67986 CEDEX 9 | 67999 CEDEX 9 | Argentoratum | Estrasborg | Estrasbou | Estrasburg | Estrasburgo | Estrasburgu | FRSXB | Lungsod ng Strasbourg | Sjtraasburg | Straasburch | Straasbuurich | Straatsburg | Strǣtburg | Strasbôrg | Strasborgh | Strasbourg | Strasbūra | Strasbūras | Strasburg | Štrasburg | Strasburgo | Strasburgu | Štrasburk | Strasburq | Strasbwrg | Strassborg | Straßborg | Strassbourg | Strassburg | Straßburg | Straszburg | Strazburg | Strażburgu | Stroatsburg | Stroosburi | Stroossbuerg | Strossburg | SXB | استراسبورگ | ستراسبورغ | ستراسبورگ | شٹراسبرگ | שטראסבורג | שטרסבורג | Στρασβούργο | Стразбур | Страсбур | Страсбург | Штразбург | སི་ཐི་རཱ་སི་བུར། | Ստրասբուրգ | სტრასბური | स्ट्रासबर्ग | स्त्रासबुर्ग | સ્ટ્રાસબોર્ગ | ਸਟਰਾਸਬਰਗ | ஸ்திராஸ்பூர்க் | സ്ട്രാസ്ബർഗ് | 斯特拉斯堡,194,
02100254-p004-loc01,02100254-p004,02100254,1,Den Haag,The Hague,2747373,https://www.geonames.org/2747373,52.07667,4.29861,The Netherlands,헤이그 | デン・ハーグ | 2491 | 2492 | 2493 | 2495 | 2496 | 2497 | 2498 | 2511 | 2512 | 2513 | 2514 | 2515 | 2516 | 2517 | 2518 | 2521 | 2522 | 2523 | 2524 | 2525 | 2526 | 2531 | 2532 | 2533 | 2541 | 2542 | 2543 | 2544 | 2545 | 2546 | 2547 | 2548 | 2551 | 2552 | 2553 | 2554 | 2555 | 2561 | 2562 | 2563 | 2564 | 2565 | 2566 | 2571 | 2572 | 2573 | 2574 | 2581 | 2582 | 2583 | 2584 | 2585 | 2586 | 2587 | 2591 | 2592 | 2593 | 2594 | 2595 | 2596 | 2597 | A Haia | An Háig | De Haach | Den Haag | D'n Haog | Haag | Hag | HAG | Haga | Hága | Hāga | Hago | Hague | La Haia | La Haya | La Haye | Lahey | L'Aia | NLHA9 | NLHAG | Q41795540 | 's-Gravenhage | The Hague | لاهاي | لاهه | האג | Χάγη | Гаага | Хаг | Хага | ჰააგა | 海牙,95,
00204647-p002-loc01,00204647-p002,00204647,1,London,London,2643743,https://www.geonames.org/2643743,51.50853,-0.12574,United Kingdom,런던 | ᎫᎴ ᏗᏍᎪᏂᎯᏱ | ܠܘܢܕܘܢ | ለንደን | ロンドン | ଲଣ୍ଡନ | ลอนดอน | ລອນດອນ | GBLON | ILondon | Lākana | Landan | Landen | Llundain | Lodoni | LON | Londain | Londar | Londe | Londen | Londin | Londinium | Londn | london | London | Londona | Londonas | Londoni | Londono | Londons | Lọndọnu | Londra | Łondra | Londres | Londrez | Londri | Londro | Londye | Londyn | Londýn | Lonn | Lontoo | Loundres | Luân Đôn | Lunden | Lundra | Lůndůn | Lundúnir | Lùng-dŭng | Lunnainn | Lunnin | Lunnon | Lûn-tun | Lùn-tûn | Q84 | Rānana | لأندأن | لندن | لەندەن | لوندون | לאנדאן | לונדון | Λονδίνο | Лёндан | Лондан | Лондон | Лондон ош | Лондонъ | ལོན་ཊོན། | Լոնդոն | Լոնտոն | ლონდონი | लण्डन | लन्डन् | लन्दन | लंडन | लंदन | લંડન | లండన్ | ਲੰਡਨ | ಲಂಡನ್ | இலண்டன் | ലണ്ടൻ | লন্ডন | လန်ဒန်မြို့ | ලන්ඩන් | 伦敦 | 倫敦,88,
00204647-p003-loc01,00204647-p003,00204647,1,Oxford,Oxford,2640729,https://www.geonames.org/2640729,51.75222,-1.25596,United Kingdom,옥스퍼드 | Àth nan Damh | GBOXF | Oksford | Oksforda | Oksfordas | Oksfordo | Oksfuords | Oxenaford | Oxenaforda | Oxenford | OXF | Oxford | Oxnaford | Öxnafurða | Oxneford | Oxonia | Oxónia | Oxônia | Oxonium | Rhedicina | Rhydychen | Rysoghen | Uxavað | Οξφόρδη | Оксфард | Оксфорд | Оқсфорд | ოქსფორდი | אוקספורד | אקספארד | آکسفورد | آکسفورڈ | أكسفورد | اوكسفورد | ऑक्सफर्ड | ऑक्सफोर्ड | অক্সফোর্ড | ਆਕਸਫ਼ੋਰਡ | ஆக்சுபோர்டு | ఆక్స్‌ఫర్డ్ | ಆಕ್ಸ್‌ಫರ್ಡ್ | อ๊อกซฟอร์ด | အောက်စဖို့မြို့ | オックスフォード | 牛津,46,
02122666-p004-loc01,02122666-p004,02122666,1,Cambridge,Cambridge,4931972,https://www.geonames.org/4931972,42.3751,-71.10561,United States,케임브리지 | 02138 | 02139 | 02140 | 02141 | 02142 | 02238 | Cambridge | Cambridge i Massachusetts | Cantabrigia | Keimbridža | Kembric | Kembridžas | Kembriĝo | Mishawum | Newtown | New Town | Newtowne | New Towne | Old Cambridge | Q49111 | USJHY | Κέιμπριτζ | Кеймбридж | Кембридж | Кембриж | Кембриҗ | Кембриҷ | Кембриџ | Кембрыдж | Кэмбридж | კემბრიჯი | Քեմբրիջ | קיימברידג' | קעמברידזש | كامبريدج | کامبریج | کمبریج | کمبریج، ماساچوست | کیمبرج، میساچوسٹس | केंब्रिज | কেমব্রিজ | கேம்பிரிஜ் | కేంబ్రిడ్జ్ | เคมบริดจ์ | ケンブリッジ | 剑桥 | 劍橋,48,
02122666-p005-loc01,02122666-p005,02122666,1,New York City,New York,5128581,https://www.geonames.org/5128581,40.71427,-74.00597,United States,뉴욕 | 뉴욕 시 | 10001 | 10002 | 10003 | 10004 | 10005 | 10006 | 10007 | 10008 | 10009 | 10010 | 10011 | 10012 | 10013 | 10014 | 10016 | 10017 | 10018 | 10019 | 10020 | 10021 | 10022 | 10023 | 10024 | 10025 | 10026 | 10027 | 10028 | 10029 | 10030 | 10031 | 10032 | 10033 | 10034 | 10035 | 10036 | 10037 | 10038 | 10039 | 10040 | 10041 | 10043 | 10044 | 10045 | 10055 | 10060 | 10065 | 10069 | 10080 | 10081 | 10087 | 10090 | 10101 | 10102 | 10103 | 10104 | 10105 | 10106 | 10107 | 10108 | 10109 | 10110 | 10111 | 10112 | 10113 | 10114 | 10115 | 10116 | 10117 | 10118 | 10119 | 10120 | 10121 | 10122 | 10123 | 10124 | 10125 | 10126 | 10128 | 10129 | 10130 | 10131 | 10132 | 10133 | 10138 | 10150 | 10151 | 10152 | 10153 | 10154 | 10155 | 10156 | 10157 | 10158 | 10159 | 10160 | 10161 | 10162 | 10163 | 10164 | 10165 | 10166 | 10167 | 10168 | 10169 | 10170 | 10171 | 10172 | 10173 | 10174 | 10175 | 10176 | 10177 | 10178 | 10179 | 10185 | 10199 | 10203 | 10211 | 10212 | 10213 | 10242 | 10249 | 10256 | 10258 | 10259 | 10260 | 10261 | 10265 | 10268 | 10269 | 10270 | 10271 | 10272 | 10273 | 10274 | 10275 | 10276 | 10277 | 10278 | 10279 | 10280 | 10281 | 10282 | 10285 | 10286 | Aebura | Bandar Raya New York | Big Apple | Cathair Nua-Eabhrac | City of New York | Eabhraig Nuadh | Efrog Newydd | Evrek Nowydh | Ga-no-no | Kanón:no | Kanono | Kota New York | Lungsod ng New York | Nei Yarrick Schtadt | Neu Amsterdam | Neu Jorck | New Amsterdam | New Orange | New Yorc | New York | New York borg | New York-borg | New York City | New Yorke | New York kenti | New York Stad | New Yorku | Niujorkas | Njujork | Nouvelle Yorck | Nouvieau York | Nova Amsterda | Nova Iorque | Nova York | Nova-York | Nòva York | Novjorko | Nov-Jorko | Novum Eboracum | Nowy Jork | Nua-Eabhrac | Nueva York | Ņujorka | Nuova York | NY | NYC | Nýja Jórvík | Nyu York Shehiri | Q60 | Thành phố New York | The Big Apple | USNYC | York Berri | Νέα Υόρκη | Нью-Ёрк | Нью-Йорк | Ню Йорк | Њујорк | Њу Јорк | ნიუ-იორკი | Նիւ Եորք | Նյու Յորք | ניו יארק | ניו־יאָרק | ניו יורק | نيويورك | نیویارک شہر | نیویورک | न्यूयॉर्क | নিউ ইয়র্ক সিটি | நியூயார்க் நகரம் | นครนิวยอร์ก | ニューヨーク | マンハッタン | 紐約 | 紐約市,223,
02122666-p006-loc01,02122666-p006,02122666,1,Iowa City,Iowa City,4862034,https://www.geonames.org/4862034,41.66113,-91.53017,United States,아이오와시티 | アイオワシティ | 52240 | 52242 | 52243 | 52244 | 52245 | 52246 | IOW | Iowa City | Q487977 | USIOW | آیووا سیتی، آیووا | آئیووا سٹی، آئیووا | آيوا سيتي | איווה סיטי | Айова Сити | Айова-Сити | Айова-Сіті | Ајова Сити | Лова Сити | Այովա Սիթի | आइओवा नगर | आयोवा सिटी | 艾奥瓦城,25,
02011390-p006-loc01,02011390-p006,02011390,1,London,,,,,,,,0,
02013229-p003-loc01,02013229-p003,02013229,1,London,,,,,,,,0,
02013229-p004-loc01,02013229-p004,02013229,1,London,,,,,,,,0,
02013229-p005-loc01,02013229-p005,02013229,1,London,,,,,,,,0,
02013229-p006-loc01,02013229-p006,02013229,1,Tuxedo Park,,,,,,,,0,
02013229-p007-loc01,02013229-p007,02013229,1,"Princeton, NJ",,,,,,,,0,
02138777-p001-loc01,02138777-p001,02138777,1,The Hague,Gemeente Den Haag,2747372,https://www.geonames.org/2747372,52.06866,4.28635,The Netherlands,Den Haag | Gemeente Den Haag | Gemeente ’s-Gravenhage | Leidschenveen | 's-Gravenhage | ’s-Gravenhage,6,
02138777-p002-loc01,02138777-p002,02138777,1,The Hague,Gemeente Den Haag,2747372,https://www.geonames.org/2747372,52.06866,4.28635,The Netherlands,Den Haag | Gemeente Den Haag | Gemeente ’s-Gravenhage | Leidschenveen | 's-Gravenhage | ’s-Gravenhage,6,
00560439-p002-loc01,00560439-p002,00560439,1,Cambridge,Cambridge,2653941,https://www.geonames.org/2653941,52.2,0.11667,United Kingdom,케임브리지 | Caergrawnt | Cambridge | Cantabrigia | CBG | GBCMG | Grantanbrycg | Kambrij | Kembric | Kembridža | Kembridžas | Kembriĝo | Kiam-khiâu | Κέμπριτζ | Кеймбридж | Кембридж | Кембриҷ | Кембриџ | Кембрідж | Кембрыдж | კემბრიჯი | Քեմբրիջ | קיימברידג' | كامبريدج | کمبریج | کیمبرج | केंब्रिज | ক্যামব্রিজ | ಕೇಂಬ್ರಿಜ್ | കേംബ്രിഡ്ജ് | เคมบริดจ์ | ကိန်းဘရစ်ချ်မြို့ | ケンブリッジ | 劍橋,34,
00205581-p001-loc01,00205581-p001,00205581,1,London,London,2643743,https://www.geonames.org/2643743,51.50853,-0.12574,United Kingdom,런던 | ᎫᎴ ᏗᏍᎪᏂᎯᏱ | ܠܘܢܕܘܢ | ለንደን | ロンドン | ଲଣ୍ଡନ | ลอนดอน | ລອນດອນ | GBLON | ILondon | Lākana | Landan | Landen | Llundain | Lodoni | LON | Londain | Londar | Londe | Londen | Londin | Londinium | Londn | london | London | Londona | Londonas | Londoni | Londono | Londons | Lọndọnu | Londra | Łondra | Londres | Londrez | Londri | Londro | Londye | Londyn | Londýn | Lonn | Lontoo | Loundres | Luân Đôn | Lunden | Lundra | Lůndůn | Lundúnir | Lùng-dŭng | Lunnainn | Lunnin | Lunnon | Lûn-tun | Lùn-tûn | Q84 | Rānana | لأندأن | لندن | لەندەن | لوندون | לאנדאן | לונדון | Λονδίνο | Лёндан | Лондан | Лондон | Лондон ош | Лондонъ | ལོན་ཊོན། | Լոնդոն | Լոնտոն | ლონდონი | लण्डन | लन्डन् | लन्दन | लंडन | लंदन | લંડન | లండన్ | ਲੰਡਨ | ಲಂಡನ್ | இலண்டன் | ലണ്ടൻ | লন্ডন | လန်ဒန်မြို့ | ලන්ඩන් | 伦敦 | 倫敦,88,
00205581-p002-loc01,00205581-p002,00205581,1,Oxford,Oxford,2640729,https://www.geonames.org/2640729,51.75222,-1.25596,United Kingdom,옥스퍼드 | Àth nan Damh | GBOXF | Oksford | Oksforda | Oksfordas | Oksfordo | Oksfuords | Oxenaford | Oxenaforda | Oxenford | OXF | Oxford | Oxnaford | Öxnafurða | Oxneford | Oxonia | Oxónia | Oxônia | Oxonium | Rhedicina | Rhydychen | Rysoghen | Uxavað | Οξφόρδη | Оксфард | Оксфорд | Оқсфорд | ოქსფორდი | אוקספורד | אקספארד | آکسفورد | آکسفورڈ | أكسفورد | اوكسفورد | ऑक्सफर्ड | ऑक्सफोर्ड | অক্সফোর্ড | ਆਕਸਫ਼ੋਰਡ | ஆக்சுபோர்டு | ఆక్స్‌ఫర్డ్ | ಆಕ್ಸ್‌ಫರ್ಡ್ | อ๊อกซฟอร์ด | အောက်စဖို့မြို့ | オックスフォード | 牛津,46,
00200658-p001-loc01,00200658-p001,00200658,1,London,London,2643743,https://www.geonames.org/2643743,51.50853,-0.12574,United Kingdom,런던 | ᎫᎴ ᏗᏍᎪᏂᎯᏱ | ܠܘܢܕܘܢ | ለንደን | ロンドン | ଲଣ୍ଡନ | ลอนดอน | ລອນດອນ | GBLON | ILondon | Lākana | Landan | Landen | Llundain | Lodoni | LON | Londain | Londar | Londe | Londen | Londin | Londinium | Londn | london | London | Londona | Londonas | Londoni | Londono | Londons | Lọndọnu | Londra | Łondra | Londres | Londrez | Londri | Londro | Londye | Londyn | Londýn | Lonn | Lontoo | Loundres | Luân Đôn | Lunden | Lundra | Lůndůn | Lundúnir | Lùng-dŭng | Lunnainn | Lunnin | Lunnon | Lûn-tun | Lùn-tûn | Q84 | Rānana | لأندأن | لندن | لەندەن | لوندون | לאנדאן | לונדון | Λονδίνο | Лёндан | Лондан | Лондон | Лондон ош | Лондонъ | ལོན་ཊོན། | Լոնդոն | Լոնտոն | ლონდონი | लण्डन | लन्डन् | लन्दन | लंडन | लंदन | લંડન | లండన్ | ਲੰਡਨ | ಲಂಡನ್ | இலண்டன் | ലണ്ടൻ | লন্ডন | လန်ဒန်မြို့ | ලන්ඩන් | 伦敦 | 倫敦,88,
00200658-p002-loc01,00200658-p002,00200658,1,Cambridge,Cambridge,2653941,https://www.geonames.org/2653941,52.2,0.11667,United Kingdom,케임브리지 | Caergrawnt | Cambridge | Cantabrigia | CBG | GBCMG | Grantanbrycg | Kambrij | Kembric | Kembridža | Kembridžas | Kembriĝo | Kiam-khiâu | Κέμπριτζ | Кеймбридж | Кембридж | Кембриҷ | Кембриџ | Кембрідж | Кембрыдж | კემბრიჯი | Քեմբրիջ | קיימברידג' | كامبريدج | کمبریج | کیمبرج | केंब्रिज | ক্যামব্রিজ | ಕೇಂಬ್ರಿಜ್ | കേംബ്രിഡ്ജ് | เคมบริดจ์ | ကိန်းဘရစ်ချ်မြို့ | ケンブリッジ | 劍橋,34,
00206444-p003-loc01,00206444-p003,00206444,1,Oxford,Oxford,2640729,https://www.geonames.org/2640729,51.75222,-1.25596,United Kingdom,옥스퍼드 | Àth nan Damh | GBOXF | Oksford | Oksforda | Oksfordas | Oksfordo | Oksfuords | Oxenaford | Oxenaforda | Oxenford | OXF | Oxford | Oxnaford | Öxnafurða | Oxneford | Oxonia | Oxónia | Oxônia | Oxonium | Rhedicina | Rhydychen | Rysoghen | Uxavað | Οξφόρδη | Оксфард | Оксфорд | Оқсфорд | ოქსფორდი | אוקספורד | אקספארד | آکسفورد | آکسفورڈ | أكسفورد | اوكسفورد | ऑक्सफर्ड | ऑक्सफोर्ड | অক্সফোর্ড | ਆਕਸਫ਼ੋਰਡ | ஆக்சுபோர்டு | ఆక్స్‌ఫర్డ్ | ಆಕ್ಸ್‌ಫರ್ಡ್ | อ๊อกซฟอร์ด | အောက်စဖို့မြို့ | オックスフォード | 牛津,46,
02100255-p002-loc01,02100255-p002,02100255,1,Den Haag,The Hague,2747373,https://www.geonames.org/2747373,52.07667,4.29861,The Netherlands,헤이그 | デン・ハーグ | 2491 | 2492 | 2493 | 2495 | 2496 | 2497 | 2498 | 2511 | 2512 | 2513 | 2514 | 2515 | 2516 | 2517 | 2518 | 2521 | 2522 | 2523 | 2524 | 2525 | 2526 | 2531 | 2532 | 2533 | 2541 | 2542 | 2543 | 2544 | 2545 | 2546 | 2547 | 2548 | 2551 | 2552 | 2553 | 2554 | 2555 | 2561 | 2562 | 2563 | 2564 | 2565 | 2566 | 2571 | 2572 | 2573 | 2574 | 2581 | 2582 | 2583 | 2584 | 2585 | 2586 | 2587 | 2591 | 2592 | 2593 | 2594 | 2595 | 2596 | 2597 | A Haia | An Háig | De Haach | Den Haag | D'n Haog | Haag | Hag | HAG | Haga | Hága | Hāga | Hago | Hague | La Haia | La Haya | La Haye | Lahey | L'Aia | NLHA9 | NLHAG | Q41795540 | 's-Gravenhage | The Hague | لاهاي | لاهه | האג | Χάγη | Гаага | Хаг | Хага | ჰააგა | 海牙,95,
02145200-p001-loc01,02145200-p001,02145200,1,,France,3017382,https://www.geonames.org/3017382,46,2,France,프랑스 | an Fhrainc | An Fhraing | Bro-C'hall | Bufalansa | Falanisē | Falánsɛ | Falansia | Faraans | Farāni | Faransa | Faranse | Faransi | Faransiis | Faransiiska | Farânzi | Farayse | fasygu'e | Ffrainc | FR | Frakkland | Frakland | Franca | França | France | Francë | Francëjô | France nutome | Franchiya | Francia | Franciaország | Francie | Francija | Francio | Francja | Francland | Francogallia | Francoska | Francujo | Francuska | Francúzsko | Frankräich | Frankreich | Frankriek | Frankrig | Frankrigi | Frankriika | Frankrijk | Frankrike | Frankrish | Frankryk | Frans | Frañs | Fransa | Fransän | Fransia | Fransiya | Fransiýa | Fransya | Franța | Frantsa | Frantscha | Frantza | Frantzia | Franza | Franzia | Franzsa | Fraunce | Frɛnkyeman | Furansi | Huák-guók | i-France | Nfalanse | Perancis | Pháp | Pow Frenk | Pow Frynk | Prancis | Prancūzija | Pranis | Pransiya | Pransya | Prantsusmaa | Q142 | Ranska | Republic of France | République Française | Ubaranja | Ubufaransa | Ufaransa | Vrankriek | Vrankryk | Wīwī | Yn Rank | Γαλλία | Фаронса | Франц | Франци | Франција | Франция | Франція | Франц улс | Француска | Францыя | საფრანგეთი | Ֆրանսիա | פֿראַנקרייך | צרפת | فرانس | فرانسه | فرانسىيە | فرنسا | فەڕەنسا | فىرانسىيە | ܦܪܢܣܐ | ފަރަންސޭސިވިލާތް | ፈረንሣይ | ፈረንሳይ | फ्रान्स | फ्रांस | फ़्राँस | फ़्रांस | फ़्रांस: | ফ্রান্স | ফ্ৰান্স | ਫ਼ਰਾਂਸ | ફ્રાઁસ | ફ્રાંસ | ଫ୍ରାନ୍ସ | பிரான்ஸ் | ఫ్రాన్స్‌ | ಫ್ರಾನ್ಸ್ | ഫ്രാന്‍സ് | ഫ്രാൻസ് | ප්‍රංශය | ประเทศฝรั่งเศส | ฝรั่งเศส | ຝຣັ່ງ | ཕ་རཱན་སི། | ཕྲཱནས | ပြင်သစ် | បារាំង | フランス | フランス共和国 | ꃔꇩ | 法国 | 法國,147,
02145200-p002-loc01,02145200-p002,02145200,1,,France,3017382,https://www.geonames.org/3017382,46,2,France,프랑스 | an Fhrainc | An Fhraing | Bro-C'hall | Bufalansa | Falanisē | Falánsɛ | Falansia | Faraans | Farāni | Faransa | Faranse | Faransi | Faransiis | Faransiiska | Farânzi | Farayse | fasygu'e | Ffrainc | FR | Frakkland | Frakland | Franca | França | France | Francë | Francëjô | France nutome | Franchiya | Francia | Franciaország | Francie | Francija | Francio | Francja | Francland | Francogallia | Francoska | Francujo | Francuska | Francúzsko | Frankräich | Frankreich | Frankriek | Frankrig | Frankrigi | Frankriika | Frankrijk | Frankrike | Frankrish | Frankryk | Frans | Frañs | Fransa | Fransän | Fransia | Fransiya | Fransiýa | Fransya | Franța | Frantsa | Frantscha | Frantza | Frantzia | Franza | Franzia | Franzsa | Fraunce | Frɛnkyeman | Furansi | Huák-guók | i-France | Nfalanse | Perancis | Pháp | Pow Frenk | Pow Frynk | Prancis | Prancūzija | Pranis | Pransiya | Pransya | Prantsusmaa | Q142 | Ranska | Republic of France | République Française | Ubaranja | Ubufaransa | Ufaransa | Vrankriek | Vrankryk | Wīwī | Yn Rank | Γαλλία | Фаронса | Франц | Франци | Франција | Франция | Франція | Франц улс | Француска | Францыя | საფრანგეთი | Ֆրանսիա | פֿראַנקרייך | צרפת | فرانس | فرانسه | فرانسىيە | فرنسا | فەڕەنسا | فىرانسىيە | ܦܪܢܣܐ | ފަރަންސޭސިވިލާތް | ፈረንሣይ | ፈረንሳይ | फ्रान्स | फ्रांस | फ़्राँस | फ़्रांस | फ़्रांस: | ফ্রান্স | ফ্ৰান্স | ਫ਼ਰਾਂਸ | ફ્રાઁસ | ફ્રાંસ | ଫ୍ରାନ୍ସ | பிரான்ஸ் | ఫ్రాన్స్‌ | ಫ್ರಾನ್ಸ್ | ഫ്രാന്‍സ് | ഫ്രാൻസ് | ප්‍රංශය | ประเทศฝรั่งเศส | ฝรั่งเศส | ຝຣັ່ງ | ཕ་རཱན་སི། | ཕྲཱནས | ပြင်သစ် | បារាំង | フランス | フランス共和国 | ꃔꇩ | 法国 | 法國,147,
02145200-p003-loc01,02145200-p003,02145200,1,,New York,5128581,https://www.geonames.org/5128581,40.71427,-74.00597,United States,뉴욕 | 뉴욕 시 | 10001 | 10002 | 10003 | 10004 | 10005 | 10006 | 10007 | 10008 | 10009 | 10010 | 10011 | 10012 | 10013 | 10014 | 10016 | 10017 | 10018 | 10019 | 10020 | 10021 | 10022 | 10023 | 10024 | 10025 | 10026 | 10027 | 10028 | 10029 | 10030 | 10031 | 10032 | 10033 | 10034 | 10035 | 10036 | 10037 | 10038 | 10039 | 10040 | 10041 | 10043 | 10044 | 10045 | 10055 | 10060 | 10065 | 10069 | 10080 | 10081 | 10087 | 10090 | 10101 | 10102 | 10103 | 10104 | 10105 | 10106 | 10107 | 10108 | 10109 | 10110 | 10111 | 10112 | 10113 | 10114 | 10115 | 10116 | 10117 | 10118 | 10119 | 10120 | 10121 | 10122 | 10123 | 10124 | 10125 | 10126 | 10128 | 10129 | 10130 | 10131 | 10132 | 10133 | 10138 | 10150 | 10151 | 10152 | 10153 | 10154 | 10155 | 10156 | 10157 | 10158 | 10159 | 10160 | 10161 | 10162 | 10163 | 10164 | 10165 | 10166 | 10167 | 10168 | 10169 | 10170 | 10171 | 10172 | 10173 | 10174 | 10175 | 10176 | 10177 | 10178 | 10179 | 10185 | 10199 | 10203 | 10211 | 10212 | 10213 | 10242 | 10249 | 10256 | 10258 | 10259 | 10260 | 10261 | 10265 | 10268 | 10269 | 10270 | 10271 | 10272 | 10273 | 10274 | 10275 | 10276 | 10277 | 10278 | 10279 | 10280 | 10281 | 10282 | 10285 | 10286 | Aebura | Bandar Raya New York | Big Apple | Cathair Nua-Eabhrac | City of New York | Eabhraig Nuadh | Efrog Newydd | Evrek Nowydh | Ga-no-no | Kanón:no | Kanono | Kota New York | Lungsod ng New York | Nei Yarrick Schtadt | Neu Amsterdam | Neu Jorck | New Amsterdam | New Orange | New Yorc | New York | New York borg | New York-borg | New York City | New Yorke | New York kenti | New York Stad | New Yorku | Niujorkas | Njujork | Nouvelle Yorck | Nouvieau York | Nova Amsterda | Nova Iorque | Nova York | Nova-York | Nòva York | Novjorko | Nov-Jorko | Novum Eboracum | Nowy Jork | Nua-Eabhrac | Nueva York | Ņujorka | Nuova York | NY | NYC | Nýja Jórvík | Nyu York Shehiri | Q60 | Thành phố New York | The Big Apple | USNYC | York Berri | Νέα Υόρκη | Нью-Ёрк | Нью-Йорк | Ню Йорк | Њујорк | Њу Јорк | ნიუ-იორკი | Նիւ Եորք | Նյու Յորք | ניו יארק | ניו־יאָרק | ניו יורק | نيويورك | نیویارک شہر | نیویورک | न्यूयॉर्क | নিউ ইয়র্ক সিটি | நியூயார்க் நகரம் | นครนิวยอร์ก | ニューヨーク | マンハッタン | 紐約 | 紐約市,223,
02145200-p003-loc02,02145200-p003,02145200,2,,Burlington,5234372,https://www.geonames.org/5234372,44.47588,-73.21207,United States,벌링턴 | 05401 | 05402 | 05405 | 05406 | Berlington | Bērlingtona | BTV | Burlington | Odzihozek | Paliten | Queen City | Skanentgraksenge | USBTV | Берлингтон | Бёрлингтон | Берлінгтан | Берлінгтон | Бӧрлингтон | Бърлингтън | ברלינגטון | برلنگٹن، ورمونٹ | برلينغتون | برلینگتون، ورمانت | बर्लिंग्टन | バーリントン | 伯靈頓,27,
02145200-p004-loc01,02145200-p004,02145200,1,,Burlington,5234372,https://www.geonames.org/5234372,44.47588,-73.21207,United States,벌링턴 | 05401 | 05402 | 05405 | 05406 | Berlington | Bērlingtona | BTV | Burlington | Odzihozek | Paliten | Queen City | Skanentgraksenge | USBTV | Берлингтон | Бёрлингтон | Берлінгтан | Берлінгтон | Бӧрлингтон | Бърлингтън | ברלינגטון | برلنگٹن، ورمونٹ | برلينغتون | برلینگتون، ورمانت | बर्लिंग्टन | バーリントン | 伯靈頓,27,
02002302-p002-loc01,02002302-p002,02002302,1,Valençay,,,,,,,,0,
02002302-p003-loc01,02002302-p003,02002302,1,Madrid,Madrid,3117735,https://www.geonames.org/3117735,40.4165,-3.70256,Spain,ܡܕܪܝܕ | ማድሪድ | 마드리드 | マドリード | มาดริด | ମାଡ୍ରିଦ | 28000 | 28001 | 28002 | 28003 | 28004 | 28005 | 28006 | 28007 | 28008 | 28009 | 28010 | 28011 | 28012 | 28013 | 28014 | 28015 | 28016 | 28017 | 28018 | 28019 | 28020 | 28021 | 28022 | 28023 | 28024 | 28025 | 28026 | 28027 | 28028 | 28029 | 28030 | 28031 | 28032 | 28033 | 28034 | 28035 | 28036 | 28037 | 28038 | 28039 | 28040 | 28041 | 28042 | 28043 | 28044 | 28045 | 28046 | 28047 | 28048 | 28049 | 28050 | 28051 | 28052 | 28053 | 28070 | 28071 | 28080 | 28082 | 28083 | 28085 | 28086 | 28087 | 28706 | 28754 | ESMAD | La Villa y Corte de Madrid | Los Madriles | Lungsod ng Madrid | MAD | Mā-dáik-lī | Madrid | Madríd | Madrîd | Madridas | Madride | Madridi | Madrido | Madrids | Madril | Madrit | Madryt | Magerit | Maidrid | Mairil | Makelika | Mâ-tet-lî | Matritum | Q2807 | مادرید | مادرىد | میدرد | مەدرید | مدريد | מאדריד | מדריד | Μαδρίτη | Мaдрид | Мадрид | Мадрид ош | Мадрід | Мадрыд | མ་ད་རིད། | Մադրիդ | Մատրիտ | მადრიდი | मद्रिद | मद्रिद् | माद्रिद | माद्री | म्याड्रिड | ਮਾਦਰੀਦ | ಮಡ್ರಿಡ್ | மத்ரித் | മാഡ്രിഡ് | মাদ্রিদ | မဒရစ်မြို့ | マドリード市 | 馬德里 | 马德里,125,
02002302-p004-loc01,02002302-p004,02002302,1,Madrid,Madrid,3117735,https://www.geonames.org/3117735,40.4165,-3.70256,Spain,ܡܕܪܝܕ | ማድሪድ | 마드리드 | マドリード | มาดริด | ମାଡ୍ରିଦ | 28000 | 28001 | 28002 | 28003 | 28004 | 28005 | 28006 | 28007 | 28008 | 28009 | 28010 | 28011 | 28012 | 28013 | 28014 | 28015 | 28016 | 28017 | 28018 | 28019 | 28020 | 28021 | 28022 | 28023 | 28024 | 28025 | 28026 | 28027 | 28028 | 28029 | 28030 | 28031 | 28032 | 28033 | 28034 | 28035 | 28036 | 28037 | 28038 | 28039 | 28040 | 28041 | 28042 | 28043 | 28044 | 28045 | 28046 | 28047 | 28048 | 28049 | 28050 | 28051 | 28052 | 28053 | 28070 | 28071 | 28080 | 28082 | 28083 | 28085 | 28086 | 28087 | 28706 | 28754 | ESMAD | La Villa y Corte de Madrid | Los Madriles | Lungsod ng Madrid | MAD | Mā-dáik-lī | Madrid | Madríd | Madrîd | Madridas | Madride | Madridi | Madrido | Madrids | Madril | Madrit | Madryt | Magerit | Maidrid | Mairil | Makelika | Mâ-tet-lî | Matritum | Q2807 | مادرید | مادرىد | میدرد | مەدرید | مدريد | מאדריד | מדריד | Μαδρίτη | Мaдрид | Мадрид | Мадрид ош | Мадрід | Мадрыд | མ་ད་རིད། | Մադրիդ | Մատրիտ | მადრიდი | मद्रिद | मद्रिद् | माद्रिद | माद्री | म्याड्रिड | ਮਾਦਰੀਦ | ಮಡ್ರಿಡ್ | மத்ரித் | മാഡ്രിഡ് | মাদ্রিদ | မဒရစ်မြို့ | マドリード市 | 馬德里 | 马德里,125,
00560441-p004-loc01,00560441-p004,00560441,1,Cambridge,Cambridge,2653941,https://www.geonames.org/2653941,52.2,0.11667,United Kingdom,케임브리지 | Caergrawnt | Cambridge | Cantabrigia | CBG | GBCMG | Grantanbrycg | Kambrij | Kembric | Kembridža | Kembridžas | Kembriĝo | Kiam-khiâu | Κέμπριτζ | Кеймбридж | Кембридж | Кембриҷ | Кембриџ | Кембрідж | Кембрыдж | კემბრიჯი | Քեմբրիջ | קיימברידג' | كامبريدج | کمبریج | کیمبرج | केंब्रिज | ক্যামব্রিজ | ಕೇಂಬ್ರಿಜ್ | കേംബ്രിഡ്ജ് | เคมบริดจ์ | ကိန်းဘရစ်ချ်မြို့ | ケンブリッジ | 劍橋,34,
02145206-p001-loc01,02145206-p001,02145206,1,Liverpool,Liverpool,2644210,https://www.geonames.org/2644210,53.41058,-2.97794,United Kingdom,리버풀 | ܠܝܒܪܦܘܠ | リヴァプール | ሊቨርፑል፣ እንግሊዝ | ลิเวอร์พูล | GBLIV | Learpholl | Lerphoyll | Lerpwl | Liverpolium | Liverpool | Liverpuil | Liverpul | Liverpūle | Liverpulis | Liverpulo | Liwérpol | LPL | Poll a' Ghrùthain | لیڤەرپوول | لیورپول | لیور پول | ليفربول | ליברפול | ליווערפול | Λίβερπουλ | Ливерпул | Ливерпуль | Ливерпүүл | Ливърпул | Ліверпул | Ліверпуль | Լիվերպուլ | ლივერპული | लिवरपूल | लिव्हरपूल | ಲಿವರ್‌ಪೂಲ್ | லிவர்பூல் | ലിവർപൂൾ | 利物浦,40,
02115886-p001-loc01,02115886-p001,02115886,1,Vienna,Vienna,2761369,https://www.geonames.org/2761369,48.20849,16.37208,Austria,빈 | ቪየና | 비엔나 | ウィーン | เวียนนา | 1010 | 1020 | 1030 | 1040 | 1050 | 1060 | 1070 | 1080 | 1090 | 1100 | 1110 | 1120 | 1130 | 1140 | 1150 | 1160 | 1170 | 1180 | 1190 | 1200 | 1210 | 1220 | 1230 | ATVIE | Beč | Beç | Bécs | Dunaj | Fiena | Q1741 | Veen | Vena | Vídeň | VIE | Viedeň | Viên | Viena | Vienna | Vienne | Vieno | Viin | Vín | Vínarborg | Vindobona | Vīne | Viyana | Vjena | Vjenna | Vyana | Wean | Wene | Wenen | Wiedeń | Wien | Wjedźyń | فيينا | وین | וינה | Βιέννη | Беч | Вена | Виена | Відень | ཝི་ཨེ་ན། | Վիեննա | ვენა | वियना | 維也納,73,
00205576-p001-loc01,00205576-p001,00205576,1,London,London,2643743,https://www.geonames.org/2643743,51.50853,-0.12574,United Kingdom,런던 | ᎫᎴ ᏗᏍᎪᏂᎯᏱ | ܠܘܢܕܘܢ | ለንደን | ロンドン | ଲଣ୍ଡନ | ลอนดอน | ລອນດອນ | GBLON | ILondon | Lākana | Landan | Landen | Llundain | Lodoni | LON | Londain | Londar | Londe | Londen | Londin | Londinium | Londn | london | London | Londona | Londonas | Londoni | Londono | Londons | Lọndọnu | Londra | Łondra | Londres | Londrez | Londri | Londro | Londye | Londyn | Londýn | Lonn | Lontoo | Loundres | Luân Đôn | Lunden | Lundra | Lůndůn | Lundúnir | Lùng-dŭng | Lunnainn | Lunnin | Lunnon | Lûn-tun | Lùn-tûn | Q84 | Rānana | لأندأن | لندن | لەندەن | لوندون | לאנדאן | לונדון | Λονδίνο | Лёндан | Лондан | Лондон | Лондон ош | Лондонъ | ལོན་ཊོན། | Լոնդոն | Լոնտոն | ლონდონი | लण्डन | लन्डन् | लन्दन | लंडन | लंदन | લંડન | లండన్ | ਲੰਡਨ | ಲಂಡನ್ | இலண்டன் | ലണ്ടൻ | লন্ডন | လန်ဒန်မြို့ | ලන්ඩන් | 伦敦 | 倫敦,88,
00205576-p002-loc01,00205576-p002,00205576,1,Oxford,Oxford,2640729,https://www.geonames.org/2640729,51.75222,-1.25596,United Kingdom,옥스퍼드 | Àth nan Damh | GBOXF | Oksford | Oksforda | Oksfordas | Oksfordo | Oksfuords | Oxenaford | Oxenaforda | Oxenford | OXF | Oxford | Oxnaford | Öxnafurða | Oxneford | Oxonia | Oxónia | Oxônia | Oxonium | Rhedicina | Rhydychen | Rysoghen | Uxavað | Οξφόρδη | Оксфард | Оксфорд | Оқсфорд | ოქსფორდი | אוקספורד | אקספארד | آکسفورد | آکسفورڈ | أكسفورد | اوكسفورد | ऑक्सफर्ड | ऑक्सफोर्ड | অক্সফোর্ড | ਆਕਸਫ਼ੋਰਡ | ஆக்சுபோர்டு | ఆక్స్‌ఫర్డ్ | ಆಕ್ಸ್‌ಫರ್ಡ್ | อ๊อกซฟอร์ด | အောက်စဖို့မြို့ | オックスフォード | 牛津,46,
02124346-p003-loc01,02124346-p003,02124346,1,Venezia,Venice,3164603,https://www.geonames.org/3164603,45.43713,12.33265,Italy,ベニス | 베니스 | ヴェニス | 베네치아 | ヴェネツィア | an Veinéis | Benátky | Benetke | Benezia | Feneyjar | ITVCE | Mleci | Q641 | VCE | Velence | Venecia | Venècia | Venecija | Venecio | Venedeg | Venedig | Venedik | Venediku | Venesia | Venèsia | Venesiya | Venetia | Veneția | Venetië | Venetsia | Veneza | Venezia | Venezsia | Venice | Venies | Venise | Venizia | Vignesie | Vinezzia | V'nise | Wenecja | البندقية | ۋېنىتسىيە | ونیز | ונציה | Βενετία | Венеција | Венеция | Венеція | Վենետիկ | ვენეცია | 威尼斯,52,
02124346-p004-loc01,02124346-p004,02124346,1,Venezia,Venice,3164603,https://www.geonames.org/3164603,45.43713,12.33265,Italy,ベニス | 베니스 | ヴェニス | 베네치아 | ヴェネツィア | an Veinéis | Benátky | Benetke | Benezia | Feneyjar | ITVCE | Mleci | Q641 | VCE | Velence | Venecia | Venècia | Venecija | Venecio | Venedeg | Venedig | Venedik | Venediku | Venesia | Venèsia | Venesiya | Venetia | Veneția | Venetië | Venetsia | Veneza | Venezia | Venezsia | Venice | Venies | Venise | Venizia | Vignesie | Vinezzia | V'nise | Wenecja | البندقية | ۋېنىتسىيە | ونیز | ונציה | Βενετία | Венеција | Венеция | Венеція | Վենետիկ | ვენეცია | 威尼斯,52,
02138778-p001-loc01,02138778-p001,02138778,1,The Hague,Gemeente Den Haag,2747372,https://www.geonames.org/2747372,52.06866,4.28635,The Netherlands,Den Haag | Gemeente Den Haag | Gemeente ’s-Gravenhage | Leidschenveen | 's-Gravenhage | ’s-Gravenhage,6,
02138778-p002-loc01,02138778-p002,02138778,1,The Hague,Gemeente Den Haag,2747372,https://www.geonames.org/2747372,52.06866,4.28635,The Netherlands,Den Haag | Gemeente Den Haag | Gemeente ’s-Gravenhage | Leidschenveen | 's-Gravenhage | ’s-Gravenhage,6,
02138778-p003-loc01,02138778-p003,02138778,1,The Hague,Gemeente Den Haag,2747372,https://www.geonames.org/2747372,52.06866,4.28635,The Netherlands,Den Haag | Gemeente Den Haag | Gemeente ’s-Gravenhage | Leidschenveen | 's-Gravenhage | ’s-Gravenhage,6,
02122074-p001-loc01,02122074-p001,02122074,1,Venezia,Venice,3164603,https://www.geonames.org/3164603,45.43713,12.33265,Italy,ベニス | 베니스 | ヴェニス | 베네치아 | ヴェネツィア | an Veinéis | Benátky | Benetke | Benezia | Feneyjar | ITVCE | Mleci | Q641 | VCE | Velence | Venecia | Venècia | Venecija | Venecio | Venedeg | Venedig | Venedik | Venediku | Venesia | Venèsia | Venesiya | Venetia | Veneția | Venetië | Venetsia | Veneza | Venezia | Venezsia | Venice | Venies | Venise | Venizia | Vignesie | Vinezzia | V'nise | Wenecja | البندقية | ۋېنىتسىيە | ونیز | ונציה | Βενετία | Венеција | Венеция | Венеція | Վենետիկ | ვენეცია | 威尼斯,52,
02132440-p002-loc01,02132440-p002,02132440,1,Fenouillet,Fenouillet,3018713,https://www.geonames.org/3018713,43.68041,1.392,France,31150 | 31151 CEDEX | 31152 CEDEX | 31155 CEDEX | 31159 CEDEX | Fenouillet | FRFEN,7,
02132440-p004-loc01,02132440-p004,02132440,1,Schwarzau am Steinfeld,Schwarzau am Steinfeld,2765489,https://www.geonames.org/2765489,47.73183,16.17094,Austria,Schwarzau | Schwarzau am Steinfelde,2,
02132440-p005-loc01,02132440-p005,02132440,1,Milano,Milan,3173435,https://www.geonames.org/3173435,45.46427,9.18951,Italy,밀라노 | ITMIL | Lungsod ng Milano | Mailand | Mediolan | Mediolanum | MIL | Milà | Milaan | Milan | Milán | Milāna | Milanas | Milano | Miláno | Milánó | Mílanó | Milanu | Milão | Mилан | Милан | Милано | Мілан | მილანი | Միլան | מילאנו | مىلان | ميلانو | মিলান | மிலன் | มิลาน | ミラノ | 米蘭,33,
02132440-p006-loc01,02132440-p006,02132440,1,Milano,Milan,3173435,https://www.geonames.org/3173435,45.46427,9.18951,Italy,밀라노 | ITMIL | Lungsod ng Milano | Mailand | Mediolan | Mediolanum | MIL | Milà | Milaan | Milan | Milán | Milāna | Milanas | Milano | Miláno | Milánó | Mílanó | Milanu | Milão | Mилан | Милан | Милано | Мілан | მილანი | Միլան | מילאנו | مىلان | ميلانو | মিলান | மிலன் | มิลาน | ミラノ | 米蘭,33,
02132440-p007-loc01,02132440-p007,02132440,1,Milano,Milan,3173435,https://www.geonames.org/3173435,45.46427,9.18951,Italy,밀라노 | ITMIL | Lungsod ng Milano | Mailand | Mediolan | Mediolanum | MIL | Milà | Milaan | Milan | Milán | Milāna | Milanas | Milano | Miláno | Milánó | Mílanó | Milanu | Milão | Mилан | Милан | Милано | Мілан | მილანი | Միլան | מילאנו | مىلان | ميلانو | মিলান | மிலன் | มิลาน | ミラノ | 米蘭,33,
00205580-p002-loc01,00205580-p002,00205580,1,London,London,2643743,https://www.geonames.org/2643743,51.50853,-0.12574,United Kingdom,런던 | ᎫᎴ ᏗᏍᎪᏂᎯᏱ | ܠܘܢܕܘܢ | ለንደን | ロンドン | ଲଣ୍ଡନ | ลอนดอน | ລອນດອນ | GBLON | ILondon | Lākana | Landan | Landen | Llundain | Lodoni | LON | Londain | Londar | Londe | Londen | Londin | Londinium | Londn | london | London | Londona | Londonas | Londoni | Londono | Londons | Lọndọnu | Londra | Łondra | Londres | Londrez | Londri | Londro | Londye | Londyn | Londýn | Lonn | Lontoo | Loundres | Luân Đôn | Lunden | Lundra | Lůndůn | Lundúnir | Lùng-dŭng | Lunnainn | Lunnin | Lunnon | Lûn-tun | Lùn-tûn | Q84 | Rānana | لأندأن | لندن | لەندەن | لوندون | לאנדאן | לונדון | Λονδίνο | Лёндан | Лондан | Лондон | Лондон ош | Лондонъ | ལོན་ཊོན། | Լոնդոն | Լոնտոն | ლონდონი | लण्डन | लन्डन् | लन्दन | लंडन | लंदन | લંડન | లండన్ | ਲੰਡਨ | ಲಂಡನ್ | இலண்டன் | ലണ്ടൻ | লন্ডন | လန်ဒန်မြို့ | ලන්ඩන් | 伦敦 | 倫敦,88,
00205580-p003-loc01,00205580-p003,00205580,1,Oxford,Oxford,2640729,https://www.geonames.org/2640729,51.75222,-1.25596,United Kingdom,옥스퍼드 | Àth nan Damh | GBOXF | Oksford | Oksforda | Oksfordas | Oksfordo | Oksfuords | Oxenaford | Oxenaforda | Oxenford | OXF | Oxford | Oxnaford | Öxnafurða | Oxneford | Oxonia | Oxónia | Oxônia | Oxonium | Rhedicina | Rhydychen | Rysoghen | Uxavað | Οξφόρδη | Оксфард | Оксфорд | Оқсфорд | ოქსფორდი | אוקספורד | אקספארד | آکسفورد | آکسفورڈ | أكسفورد | اوكسفورد | ऑक्सफर्ड | ऑक्सफोर्ड | অক্সফোর্ড | ਆਕਸਫ਼ੋਰਡ | ஆக்சுபோர்டு | ఆక్స్‌ఫర్డ్ | ಆಕ್ಸ್‌ಫರ್ಡ್ | อ๊อกซฟอร์ด | အောက်စဖို့မြို့ | オックスフォード | 牛津,46,
02108382-p001-loc01,02108382-p001,02108382,1,New York,New York,5128581,https://www.geonames.org/5128581,40.71427,-74.00597,United States,뉴욕 | 뉴욕 시 | 10001 | 10002 | 10003 | 10004 | 10005 | 10006 | 10007 | 10008 | 10009 | 10010 | 10011 | 10012 | 10013 | 10014 | 10016 | 10017 | 10018 | 10019 | 10020 | 10021 | 10022 | 10023 | 10024 | 10025 | 10026 | 10027 | 10028 | 10029 | 10030 | 10031 | 10032 | 10033 | 10034 | 10035 | 10036 | 10037 | 10038 | 10039 | 10040 | 10041 | 10043 | 10044 | 10045 | 10055 | 10060 | 10065 | 10069 | 10080 | 10081 | 10087 | 10090 | 10101 | 10102 | 10103 | 10104 | 10105 | 10106 | 10107 | 10108 | 10109 | 10110 | 10111 | 10112 | 10113 | 10114 | 10115 | 10116 | 10117 | 10118 | 10119 | 10120 | 10121 | 10122 | 10123 | 10124 | 10125 | 10126 | 10128 | 10129 | 10130 | 10131 | 10132 | 10133 | 10138 | 10150 | 10151 | 10152 | 10153 | 10154 | 10155 | 10156 | 10157 | 10158 | 10159 | 10160 | 10161 | 10162 | 10163 | 10164 | 10165 | 10166 | 10167 | 10168 | 10169 | 10170 | 10171 | 10172 | 10173 | 10174 | 10175 | 10176 | 10177 | 10178 | 10179 | 10185 | 10199 | 10203 | 10211 | 10212 | 10213 | 10242 | 10249 | 10256 | 10258 | 10259 | 10260 | 10261 | 10265 | 10268 | 10269 | 10270 | 10271 | 10272 | 10273 | 10274 | 10275 | 10276 | 10277 | 10278 | 10279 | 10280 | 10281 | 10282 | 10285 | 10286 | Aebura | Bandar Raya New York | Big Apple | Cathair Nua-Eabhrac | City of New York | Eabhraig Nuadh | Efrog Newydd | Evrek Nowydh | Ga-no-no | Kanón:no | Kanono | Kota New York | Lungsod ng New York | Nei Yarrick Schtadt | Neu Amsterdam | Neu Jorck | New Amsterdam | New Orange | New Yorc | New York | New York borg | New York-borg | New York City | New Yorke | New York kenti | New York Stad | New Yorku | Niujorkas | Njujork | Nouvelle Yorck | Nouvieau York | Nova Amsterda | Nova Iorque | Nova York | Nova-York | Nòva York | Novjorko | Nov-Jorko | Novum Eboracum | Nowy Jork | Nua-Eabhrac | Nueva York | Ņujorka | Nuova York | NY | NYC | Nýja Jórvík | Nyu York Shehiri | Q60 | Thành phố New York | The Big Apple | USNYC | York Berri | Νέα Υόρκη | Нью-Ёрк | Нью-Йорк | Ню Йорк | Њујорк | Њу Јорк | ნიუ-იორკი | Նիւ Եորք | Նյու Յորք | ניו יארק | ניו־יאָרק | ניו יורק | نيويورك | نیویارک شہر | نیویورک | न्यूयॉर्क | নিউ ইয়র্ক সিটি | நியூயார்க் நகரம் | นครนิวยอร์ก | ニューヨーク | マンハッタン | 紐約 | 紐約市,223,
02118280-p001-loc01,02118280-p001,02118280,1,Vienna,Vienna,2761369,https://www.geonames.org/2761369,48.20849,16.37208,Austria,빈 | ቪየና | 비엔나 | ウィーン | เวียนนา | 1010 | 1020 | 1030 | 1040 | 1050 | 1060 | 1070 | 1080 | 1090 | 1100 | 1110 | 1120 | 1130 | 1140 | 1150 | 1160 | 1170 | 1180 | 1190 | 1200 | 1210 | 1220 | 1230 | ATVIE | Beč | Beç | Bécs | Dunaj | Fiena | Q1741 | Veen | Vena | Vídeň | VIE | Viedeň | Viên | Viena | Vienna | Vienne | Vieno | Viin | Vín | Vínarborg | Vindobona | Vīne | Viyana | Vjena | Vjenna | Vyana | Wean | Wene | Wenen | Wiedeń | Wien | Wjedźyń | فيينا | وین | וינה | Βιέννη | Беч | Вена | Виена | Відень | ཝི་ཨེ་ན། | Վիեննա | ვენა | वियना | 維也納,73,
02100103-p002-loc01,02100103-p002,02100103,1,Den Haag,The Hague,2747373,https://www.geonames.org/2747373,52.07667,4.29861,The Netherlands,헤이그 | デン・ハーグ | 2491 | 2492 | 2493 | 2495 | 2496 | 2497 | 2498 | 2511 | 2512 | 2513 | 2514 | 2515 | 2516 | 2517 | 2518 | 2521 | 2522 | 2523 | 2524 | 2525 | 2526 | 2531 | 2532 | 2533 | 2541 | 2542 | 2543 | 2544 | 2545 | 2546 | 2547 | 2548 | 2551 | 2552 | 2553 | 2554 | 2555 | 2561 | 2562 | 2563 | 2564 | 2565 | 2566 | 2571 | 2572 | 2573 | 2574 | 2581 | 2582 | 2583 | 2584 | 2585 | 2586 | 2587 | 2591 | 2592 | 2593 | 2594 | 2595 | 2596 | 2597 | A Haia | An Háig | De Haach | Den Haag | D'n Haog | Haag | Hag | HAG | Haga | Hága | Hāga | Hago | Hague | La Haia | La Haya | La Haye | Lahey | L'Aia | NLHA9 | NLHAG | Q41795540 | 's-Gravenhage | The Hague | لاهاي | لاهه | האג | Χάγη | Гаага | Хаг | Хага | ჰააგა | 海牙,95,
02132453-p003-loc01,02132453-p003,02132453,1,Schwarzau am Steinfeld,Schwarzau am Steinfeld,2765489,https://www.geonames.org/2765489,47.73183,16.17094,Austria,Schwarzau | Schwarzau am Steinfelde,2,
02132453-p004-loc01,02132453-p004,02132453,1,Milano,Milan,3173435,https://www.geonames.org/3173435,45.46427,9.18951,Italy,밀라노 | ITMIL | Lungsod ng Milano | Mailand | Mediolan | Mediolanum | MIL | Milà | Milaan | Milan | Milán | Milāna | Milanas | Milano | Miláno | Milánó | Mílanó | Milanu | Milão | Mилан | Милан | Милано | Мілан | მილანი | Միլան | מילאנו | مىلان | ميلانو | মিলান | மிலன் | มิลาน | ミラノ | 米蘭,33,
02132453-p005-loc01,02132453-p005,02132453,1,Milano,Milan,3173435,https://www.geonames.org/3173435,45.46427,9.18951,Italy,밀라노 | ITMIL | Lungsod ng Milano | Mailand | Mediolan | Mediolanum | MIL | Milà | Milaan | Milan | Milán | Milāna | Milanas | Milano | Miláno | Milánó | Mílanó | Milanu | Milão | Mилан | Милан | Милано | Мілан | მილანი | Միլան | מילאנו | مىلان | ميلانو | মিলান | மிலன் | มิลาน | ミラノ | 米蘭,33,
02132453-p006-loc01,02132453-p006,02132453,1,Milano,Milan,3173435,https://www.geonames.org/3173435,45.46427,9.18951,Italy,밀라노 | ITMIL | Lungsod ng Milano | Mailand | Mediolan | Mediolanum | MIL | Milà | Milaan | Milan | Milán | Milāna | Milanas | Milano | Miláno | Milánó | Mílanó | Milanu | Milão | Mилан | Милан | Милано | Мілан | მილანი | Միլան | מילאנו | مىلان | ميلانو | মিলান | மிலன் | มิลาน | ミラノ | 米蘭,33,
00204427-p001-loc01,00204427-p001,00204427,1,Oxford,Oxford,2640729,https://www.geonames.org/2640729,51.75222,-1.25596,United Kingdom,옥스퍼드 | Àth nan Damh | GBOXF | Oksford | Oksforda | Oksfordas | Oksfordo | Oksfuords | Oxenaford | Oxenaforda | Oxenford | OXF | Oxford | Oxnaford | Öxnafurða | Oxneford | Oxonia | Oxónia | Oxônia | Oxonium | Rhedicina | Rhydychen | Rysoghen | Uxavað | Οξφόρδη | Оксфард | Оксфорд | Оқсфорд | ოქსფორდი | אוקספורד | אקספארד | آکسفورد | آکسفورڈ | أكسفورد | اوكسفورد | ऑक्सफर्ड | ऑक्सफोर्ड | অক্সফোর্ড | ਆਕਸਫ਼ੋਰਡ | ஆக்சுபோர்டு | ఆక్స్‌ఫర్డ్ | ಆಕ್ಸ್‌ಫರ್ಡ್ | อ๊อกซฟอร์ด | အောက်စဖို့မြို့ | オックスフォード | 牛津,46,
00204427-p002-loc01,00204427-p002,00204427,1,Oxford,Oxford,2640729,https://www.geonames.org/2640729,51.75222,-1.25596,United Kingdom,옥스퍼드 | Àth nan Damh | GBOXF | Oksford | Oksforda | Oksfordas | Oksfordo | Oksfuords | Oxenaford | Oxenaforda | Oxenford | OXF | Oxford | Oxnaford | Öxnafurða | Oxneford | Oxonia | Oxónia | Oxônia | Oxonium | Rhedicina | Rhydychen | Rysoghen | Uxavað | Οξφόρδη | Оксфард | Оксфорд | Оқсфорд | ოქსფორდი | אוקספורד | אקספארד | آکسفورد | آکسفورڈ | أكسفورد | اوكسفورد | ऑक्सफर्ड | ऑक्सफोर्ड | অক্সফোর্ড | ਆਕਸਫ਼ੋਰਡ | ஆக்சுபோர்டு | ఆక్స్‌ఫర్డ్ | ಆಕ್ಸ್‌ಫರ್ಡ್ | อ๊อกซฟอร์ด | အောက်စဖို့မြို့ | オックスフォード | 牛津,46,
00205582-p001-loc01,00205582-p001,00205582,1,London,London,2643743,https://www.geonames.org/2643743,51.50853,-0.12574,United Kingdom,런던 | ᎫᎴ ᏗᏍᎪᏂᎯᏱ | ܠܘܢܕܘܢ | ለንደን | ロンドン | ଲଣ୍ଡନ | ลอนดอน | ລອນດອນ | GBLON | ILondon | Lākana | Landan | Landen | Llundain | Lodoni | LON | Londain | Londar | Londe | Londen | Londin | Londinium | Londn | london | London | Londona | Londonas | Londoni | Londono | Londons | Lọndọnu | Londra | Łondra | Londres | Londrez | Londri | Londro | Londye | Londyn | Londýn | Lonn | Lontoo | Loundres | Luân Đôn | Lunden | Lundra | Lůndůn | Lundúnir | Lùng-dŭng | Lunnainn | Lunnin | Lunnon | Lûn-tun | Lùn-tûn | Q84 | Rānana | لأندأن | لندن | لەندەن | لوندون | לאנדאן | לונדון | Λονδίνο | Лёндан | Лондан | Лондон | Лондон ош | Лондонъ | ལོན་ཊོན། | Լոնդոն | Լոնտոն | ლონდონი | लण्डन | लन्डन् | लन्दन | लंडन | लंदन | લંડન | లండన్ | ਲੰਡਨ | ಲಂಡನ್ | இலண்டன் | ലണ്ടൻ | লন্ডন | လန်ဒန်မြို့ | ලන්ඩන් | 伦敦 | 倫敦,88,
00205582-p002-loc01,00205582-p002,00205582,1,Oxford,Oxford,2640729,https://www.geonames.org/2640729,51.75222,-1.25596,United Kingdom,옥스퍼드 | Àth nan Damh | GBOXF | Oksford | Oksforda | Oksfordas | Oksfordo | Oksfuords | Oxenaford | Oxenaforda | Oxenford | OXF | Oxford | Oxnaford | Öxnafurða | Oxneford | Oxonia | Oxónia | Oxônia | Oxonium | Rhedicina | Rhydychen | Rysoghen | Uxavað | Οξφόρδη | Оксфард | Оксфорд | Оқсфорд | ოქსფორდი | אוקספורד | אקספארד | آکسفورد | آکسفورڈ | أكسفورد | اوكسفورد | ऑक्सफर्ड | ऑक्सफोर्ड | অক্সফোর্ড | ਆਕਸਫ਼ੋਰਡ | ஆக்சுபோர்டு | ఆక్స్‌ఫర్డ్ | ಆಕ್ಸ್‌ಫರ್ಡ್ | อ๊อกซฟอร์ด | အောက်စဖို့မြို့ | オックスフォード | 牛津,46,
02010654-p005-loc01,02010654-p005,02010654,1,London,London,2643743,https://www.geonames.org/2643743,51.50853,-0.12574,United Kingdom,런던 | ᎫᎴ ᏗᏍᎪᏂᎯᏱ | ܠܘܢܕܘܢ | ለንደን | ロンドン | ଲଣ୍ଡନ | ลอนดอน | ລອນດອນ | GBLON | ILondon | Lākana | Landan | Landen | Llundain | Lodoni | LON | Londain | Londar | Londe | Londen | Londin | Londinium | Londn | london | London | Londona | Londonas | Londoni | Londono | Londons | Lọndọnu | Londra | Łondra | Londres | Londrez | Londri | Londro | Londye | Londyn | Londýn | Lonn | Lontoo | Loundres | Luân Đôn | Lunden | Lundra | Lůndůn | Lundúnir | Lùng-dŭng | Lunnainn | Lunnin | Lunnon | Lûn-tun | Lùn-tûn | Q84 | Rānana | لأندأن | لندن | لەندەن | لوندون | לאנדאן | לונדון | Λονδίνο | Лёндан | Лондан | Лондон | Лондон ош | Лондонъ | ལོན་ཊོན། | Լոնդոն | Լոնտոն | ლონდონი | लण्डन | लन्डन् | लन्दन | लंडन | लंदन | લંડન | లండన్ | ਲੰਡਨ | ಲಂಡನ್ | இலண்டன் | ലണ്ടൻ | লন্ডন | လန်ဒန်မြို့ | ලන්ඩන් | 伦敦 | 倫敦,88,
02127516-p001-loc01,02127516-p001,02127516,1,"Bruges, Belgium",Bruges,2800931,https://www.geonames.org/2800931,51.20892,3.22424,Belgium,브뤼허 | บรูช | ブルッヘ | 8000 | BEBGS | Brige | Briugė | Briž | Brögge | Brudje | Brugae | Bruges | Brugge | Brügge | Bruggy | Brugia | Bruĝo | Bruhhe | Brujas | Bruxas | Bruza | Brycg | Brygge | بروج | بروخه | برویز | ברוז | Μπρυζ | Бриж | Бругэ | Брюгге | Брюге | Բրյուգգե | ბრიუგე | ब्रूज | 布吕赫 | 布鲁日历史中心,37,
02127516-p002-loc01,02127516-p002,02127516,1,"Middelburg, Zeeland",Middelburg,2750896,https://www.geonames.org/2750896,51.5,3.61389,The Netherlands,미델뷔르흐 | 4331 | 4332 | 4333 | 4334 | 4335 | 4336 | 4337 | 4338 | Medioburgum | Middelbourg | Middelburch | Middelburg | Midelburgas | Midelburgo | NLMDL | NLMID | Μίντελμπουρχ | Мидделбург | Миделбург | Миделбьорг | Мідделбург | Мідэлбург | مدلبورخ | ميديلبورخ | میدل‌بورخ | ミデルブルフ | 米德尔堡,28,"Copy discovered in unidentified location in Middelburg, Zeeland "
02127516-p003-loc01,02127516-p003,02127516,1,"London, England",London,2643743,https://www.geonames.org/2643743,51.50853,-0.12574,United Kingdom,런던 | ᎫᎴ ᏗᏍᎪᏂᎯᏱ | ܠܘܢܕܘܢ | ለንደን | ロンドン | ଲଣ୍ଡନ | ลอนดอน | ລອນດອນ | GBLON | ILondon | Lākana | Landan | Landen | Llundain | Lodoni | LON | Londain | Londar | Londe | Londen | Londin | Londinium | Londn | london | London | Londona | Londonas | Londoni | Londono | Londons | Lọndọnu | Londra | Łondra | Londres | Londrez | Londri | Londro | Londye | Londyn | Londýn | Lonn | Lontoo | Loundres | Luân Đôn | Lunden | Lundra | Lůndůn | Lundúnir | Lùng-dŭng | Lunnainn | Lunnin | Lunnon | Lûn-tun | Lùn-tûn | Q84 | Rānana | لأندأن | لندن | لەندەن | لوندون | לאנדאן | לונדון | Λονδίνο | Лёндан | Лондан | Лондон | Лондон ош | Лондонъ | ལོན་ཊོན། | Լոնդոն | Լոնտոն | ლონდონი | लण्डन | लन्डन् | लन्दन | लंडन | लंदन | લંડન | లండన్ | ਲੰਡਨ | ಲಂಡನ್ | இலண்டன் | ലണ്ടൻ | লন্ডন | လန်ဒန်မြို့ | ලන්ඩන් | 伦敦 | 倫敦,88,
02127516-p004-loc01,02127516-p004,02127516,1,"New York City, New York",New York,5128581,https://www.geonames.org/5128581,40.71427,-74.00597,United States,뉴욕 | 뉴욕 시 | 10001 | 10002 | 10003 | 10004 | 10005 | 10006 | 10007 | 10008 | 10009 | 10010 | 10011 | 10012 | 10013 | 10014 | 10016 | 10017 | 10018 | 10019 | 10020 | 10021 | 10022 | 10023 | 10024 | 10025 | 10026 | 10027 | 10028 | 10029 | 10030 | 10031 | 10032 | 10033 | 10034 | 10035 | 10036 | 10037 | 10038 | 10039 | 10040 | 10041 | 10043 | 10044 | 10045 | 10055 | 10060 | 10065 | 10069 | 10080 | 10081 | 10087 | 10090 | 10101 | 10102 | 10103 | 10104 | 10105 | 10106 | 10107 | 10108 | 10109 | 10110 | 10111 | 10112 | 10113 | 10114 | 10115 | 10116 | 10117 | 10118 | 10119 | 10120 | 10121 | 10122 | 10123 | 10124 | 10125 | 10126 | 10128 | 10129 | 10130 | 10131 | 10132 | 10133 | 10138 | 10150 | 10151 | 10152 | 10153 | 10154 | 10155 | 10156 | 10157 | 10158 | 10159 | 10160 | 10161 | 10162 | 10163 | 10164 | 10165 | 10166 | 10167 | 10168 | 10169 | 10170 | 10171 | 10172 | 10173 | 10174 | 10175 | 10176 | 10177 | 10178 | 10179 | 10185 | 10199 | 10203 | 10211 | 10212 | 10213 | 10242 | 10249 | 10256 | 10258 | 10259 | 10260 | 10261 | 10265 | 10268 | 10269 | 10270 | 10271 | 10272 | 10273 | 10274 | 10275 | 10276 | 10277 | 10278 | 10279 | 10280 | 10281 | 10282 | 10285 | 10286 | Aebura | Bandar Raya New York | Big Apple | Cathair Nua-Eabhrac | City of New York | Eabhraig Nuadh | Efrog Newydd | Evrek Nowydh | Ga-no-no | Kanón:no | Kanono | Kota New York | Lungsod ng New York | Nei Yarrick Schtadt | Neu Amsterdam | Neu Jorck | New Amsterdam | New Orange | New Yorc | New York | New York borg | New York-borg | New York City | New Yorke | New York kenti | New York Stad | New Yorku | Niujorkas | Njujork | Nouvelle Yorck | Nouvieau York | Nova Amsterda | Nova Iorque | Nova York | Nova-York | Nòva York | Novjorko | Nov-Jorko | Novum Eboracum | Nowy Jork | Nua-Eabhrac | Nueva York | Ņujorka | Nuova York | NY | NYC | Nýja Jórvík | Nyu York Shehiri | Q60 | Thành phố New York | The Big Apple | USNYC | York Berri | Νέα Υόρκη | Нью-Ёрк | Нью-Йорк | Ню Йорк | Њујорк | Њу Јорк | ნიუ-იორკი | Նիւ Եորք | Նյու Յորք | ניו יארק | ניו־יאָרק | ניו יורק | نيويورك | نیویارک شہر | نیویورک | न्यूयॉर्क | নিউ ইয়র্ক সিটি | நியூயார்க் நகரம் | นครนิวยอร์ก | ニューヨーク | マンハッタン | 紐約 | 紐約市,223,
02127516-p005-loc01,02127516-p005,02127516,1,"New York City, New York",New York,5128581,https://www.geonames.org/5128581,40.71427,-74.00597,United States,뉴욕 | 뉴욕 시 | 10001 | 10002 | 10003 | 10004 | 10005 | 10006 | 10007 | 10008 | 10009 | 10010 | 10011 | 10012 | 10013 | 10014 | 10016 | 10017 | 10018 | 10019 | 10020 | 10021 | 10022 | 10023 | 10024 | 10025 | 10026 | 10027 | 10028 | 10029 | 10030 | 10031 | 10032 | 10033 | 10034 | 10035 | 10036 | 10037 | 10038 | 10039 | 10040 | 10041 | 10043 | 10044 | 10045 | 10055 | 10060 | 10065 | 10069 | 10080 | 10081 | 10087 | 10090 | 10101 | 10102 | 10103 | 10104 | 10105 | 10106 | 10107 | 10108 | 10109 | 10110 | 10111 | 10112 | 10113 | 10114 | 10115 | 10116 | 10117 | 10118 | 10119 | 10120 | 10121 | 10122 | 10123 | 10124 | 10125 | 10126 | 10128 | 10129 | 10130 | 10131 | 10132 | 10133 | 10138 | 10150 | 10151 | 10152 | 10153 | 10154 | 10155 | 10156 | 10157 | 10158 | 10159 | 10160 | 10161 | 10162 | 10163 | 10164 | 10165 | 10166 | 10167 | 10168 | 10169 | 10170 | 10171 | 10172 | 10173 | 10174 | 10175 | 10176 | 10177 | 10178 | 10179 | 10185 | 10199 | 10203 | 10211 | 10212 | 10213 | 10242 | 10249 | 10256 | 10258 | 10259 | 10260 | 10261 | 10265 | 10268 | 10269 | 10270 | 10271 | 10272 | 10273 | 10274 | 10275 | 10276 | 10277 | 10278 | 10279 | 10280 | 10281 | 10282 | 10285 | 10286 | Aebura | Bandar Raya New York | Big Apple | Cathair Nua-Eabhrac | City of New York | Eabhraig Nuadh | Efrog Newydd | Evrek Nowydh | Ga-no-no | Kanón:no | Kanono | Kota New York | Lungsod ng New York | Nei Yarrick Schtadt | Neu Amsterdam | Neu Jorck | New Amsterdam | New Orange | New Yorc | New York | New York borg | New York-borg | New York City | New Yorke | New York kenti | New York Stad | New Yorku | Niujorkas | Njujork | Nouvelle Yorck | Nouvieau York | Nova Amsterda | Nova Iorque | Nova York | Nova-York | Nòva York | Novjorko | Nov-Jorko | Novum Eboracum | Nowy Jork | Nua-Eabhrac | Nueva York | Ņujorka | Nuova York | NY | NYC | Nýja Jórvík | Nyu York Shehiri | Q60 | Thành phố New York | The Big Apple | USNYC | York Berri | Νέα Υόρκη | Нью-Ёрк | Нью-Йорк | Ню Йорк | Њујорк | Њу Јорк | ნიუ-იორკი | Նիւ Եորք | Նյու Յորք | ניו יארק | ניו־יאָרק | ניו יורק | نيويورك | نیویارک شہر | نیویورک | न्यूयॉर्क | নিউ ইয়র্ক সিটি | நியூயார்க் நகரம் | นครนิวยอร์ก | ニューヨーク | マンハッタン | 紐約 | 紐約市,223,
02127516-p006-loc01,02127516-p006,02127516,1,"New York City, New York",New York,5128581,https://www.geonames.org/5128581,40.71427,-74.00597,United States,뉴욕 | 뉴욕 시 | 10001 | 10002 | 10003 | 10004 | 10005 | 10006 | 10007 | 10008 | 10009 | 10010 | 10011 | 10012 | 10013 | 10014 | 10016 | 10017 | 10018 | 10019 | 10020 | 10021 | 10022 | 10023 | 10024 | 10025 | 10026 | 10027 | 10028 | 10029 | 10030 | 10031 | 10032 | 10033 | 10034 | 10035 | 10036 | 10037 | 10038 | 10039 | 10040 | 10041 | 10043 | 10044 | 10045 | 10055 | 10060 | 10065 | 10069 | 10080 | 10081 | 10087 | 10090 | 10101 | 10102 | 10103 | 10104 | 10105 | 10106 | 10107 | 10108 | 10109 | 10110 | 10111 | 10112 | 10113 | 10114 | 10115 | 10116 | 10117 | 10118 | 10119 | 10120 | 10121 | 10122 | 10123 | 10124 | 10125 | 10126 | 10128 | 10129 | 10130 | 10131 | 10132 | 10133 | 10138 | 10150 | 10151 | 10152 | 10153 | 10154 | 10155 | 10156 | 10157 | 10158 | 10159 | 10160 | 10161 | 10162 | 10163 | 10164 | 10165 | 10166 | 10167 | 10168 | 10169 | 10170 | 10171 | 10172 | 10173 | 10174 | 10175 | 10176 | 10177 | 10178 | 10179 | 10185 | 10199 | 10203 | 10211 | 10212 | 10213 | 10242 | 10249 | 10256 | 10258 | 10259 | 10260 | 10261 | 10265 | 10268 | 10269 | 10270 | 10271 | 10272 | 10273 | 10274 | 10275 | 10276 | 10277 | 10278 | 10279 | 10280 | 10281 | 10282 | 10285 | 10286 | Aebura | Bandar Raya New York | Big Apple | Cathair Nua-Eabhrac | City of New York | Eabhraig Nuadh | Efrog Newydd | Evrek Nowydh | Ga-no-no | Kanón:no | Kanono | Kota New York | Lungsod ng New York | Nei Yarrick Schtadt | Neu Amsterdam | Neu Jorck | New Amsterdam | New Orange | New Yorc | New York | New York borg | New York-borg | New York City | New Yorke | New York kenti | New York Stad | New Yorku | Niujorkas | Njujork | Nouvelle Yorck | Nouvieau York | Nova Amsterda | Nova Iorque | Nova York | Nova-York | Nòva York | Novjorko | Nov-Jorko | Novum Eboracum | Nowy Jork | Nua-Eabhrac | Nueva York | Ņujorka | Nuova York | NY | NYC | Nýja Jórvík | Nyu York Shehiri | Q60 | Thành phố New York | The Big Apple | USNYC | York Berri | Νέα Υόρκη | Нью-Ёрк | Нью-Йорк | Ню Йорк | Њујорк | Њу Јорк | ნიუ-იორკი | Նիւ Եորք | Նյու Յորք | ניו יארק | ניו־יאָרק | ניו יורק | نيويورك | نیویارک شہر | نیویورک | न्यूयॉर्क | নিউ ইয়র্ক সিটি | நியூயார்க் நகரம் | นครนิวยอร์ก | ニューヨーク | マンハッタン | 紐約 | 紐約市,223,
00205585-p001-loc01,00205585-p001,00205585,1,London,London,2643743,https://www.geonames.org/2643743,51.50853,-0.12574,United Kingdom,런던 | ᎫᎴ ᏗᏍᎪᏂᎯᏱ | ܠܘܢܕܘܢ | ለንደን | ロンドン | ଲଣ୍ଡନ | ลอนดอน | ລອນດອນ | GBLON | ILondon | Lākana | Landan | Landen | Llundain | Lodoni | LON | Londain | Londar | Londe | Londen | Londin | Londinium | Londn | london | London | Londona | Londonas | Londoni | Londono | Londons | Lọndọnu | Londra | Łondra | Londres | Londrez | Londri | Londro | Londye | Londyn | Londýn | Lonn | Lontoo | Loundres | Luân Đôn | Lunden | Lundra | Lůndůn | Lundúnir | Lùng-dŭng | Lunnainn | Lunnin | Lunnon | Lûn-tun | Lùn-tûn | Q84 | Rānana | لأندأن | لندن | لەندەن | لوندون | לאנדאן | לונדון | Λονδίνο | Лёндан | Лондан | Лондон | Лондон ош | Лондонъ | ལོན་ཊོན། | Լոնդոն | Լոնտոն | ლონდონი | लण्डन | लन्डन् | लन्दन | लंडन | लंदन | લંડન | లండన్ | ਲੰਡਨ | ಲಂಡನ್ | இலண்டன் | ലണ്ടൻ | লন্ডন | လန်ဒန်မြို့ | ලන්ඩන් | 伦敦 | 倫敦,88,
00205585-p003-loc01,00205585-p003,00205585,1,Oxford,Oxford,2640729,https://www.geonames.org/2640729,51.75222,-1.25596,United Kingdom,옥스퍼드 | Àth nan Damh | GBOXF | Oksford | Oksforda | Oksfordas | Oksfordo | Oksfuords | Oxenaford | Oxenaforda | Oxenford | OXF | Oxford | Oxnaford | Öxnafurða | Oxneford | Oxonia | Oxónia | Oxônia | Oxonium | Rhedicina | Rhydychen | Rysoghen | Uxavað | Οξφόρδη | Оксфард | Оксфорд | Оқсфорд | ოქსფორდი | אוקספורד | אקספארד | آکسفورد | آکسفورڈ | أكسفورد | اوكسفورد | ऑक्सफर्ड | ऑक्सफोर्ड | অক্সফোর্ড | ਆਕਸਫ਼ੋਰਡ | ஆக்சுபோர்டு | ఆక్స్‌ఫర్డ్ | ಆಕ್ಸ್‌ಫರ್ಡ್ | อ๊อกซฟอร์ด | အောက်စဖို့မြို့ | オックスフォード | 牛津,46,
02137556-p001-loc01,02137556-p001,02137556,1,"St Albans, Hertfordshire",St Albans,2638867,https://www.geonames.org/2638867,51.75,-0.33333,United Kingdom,세인트올번스 | Fanum Sancti Albani | GBTBL | Q6226 | Saint Albans | Santa Albans | Sant Albans | Sentalbana | Sent Albanas | St Albans | St. Albans | Σεντ Άλμπανς | Сейнт Олбанс | Сент Олбанс | Сент-Олбанс | Сент-Элбанс | Сэнт Олбанс | Սենթ Օլբանս | סנט אולבנס | سانت ألبانز | سانت البانز | سٹ البانس | سنت آلبنز | सेंट अल्बंस | सेंट अल्बान्स | সেন্ট আলব্ন্স | સેન્ટ આલ્બન્સ | செயின்ட் ஆல்பெண்ஸ் | సెయింట్ అల్బన్స్ | ಸೇಂಟ್ ಅಲ್ಬೇನ್ಸ್ | සෙන්ට් ඇල්බන්ස් | ꯁꯦꯟꯠ ꯑꯜꯕꯥꯟꯁ | เซนต์อัลบัน | セント・オールバンズ | 圣奥尔本斯 | 聖奧爾本斯,36,
02137556-p002-loc01,02137556-p002,02137556,1,London,London,2643743,https://www.geonames.org/2643743,51.50853,-0.12574,United Kingdom,런던 | ᎫᎴ ᏗᏍᎪᏂᎯᏱ | ܠܘܢܕܘܢ | ለንደን | ロンドン | ଲଣ୍ଡନ | ลอนดอน | ລອນດອນ | GBLON | ILondon | Lākana | Landan | Landen | Llundain | Lodoni | LON | Londain | Londar | Londe | Londen | Londin | Londinium | Londn | london | London | Londona | Londonas | Londoni | Londono | Londons | Lọndọnu | Londra | Łondra | Londres | Londrez | Londri | Londro | Londye | Londyn | Londýn | Lonn | Lontoo | Loundres | Luân Đôn | Lunden | Lundra | Lůndůn | Lundúnir | Lùng-dŭng | Lunnainn | Lunnin | Lunnon | Lûn-tun | Lùn-tûn | Q84 | Rānana | لأندأن | لندن | لەندەن | لوندون | לאנדאן | לונדון | Λονδίνο | Лёндан | Лондан | Лондон | Лондон ош | Лондонъ | ལོན་ཊོན། | Լոնդոն | Լոնտոն | ლონდონი | लण्डन | लन्डन् | लन्दन | लंडन | लंदन | લંડન | లండన్ | ਲੰਡਨ | ಲಂಡನ್ | இலண்டன் | ലണ്ടൻ | লন্ডন | လန်ဒန်မြို့ | ලන්ඩන් | 伦敦 | 倫敦,88,
00560442-p001-loc01,00560442-p001,00560442,1,Cambridge,Cambridge,2653941,https://www.geonames.org/2653941,52.2,0.11667,United Kingdom,케임브리지 | Caergrawnt | Cambridge | Cantabrigia | CBG | GBCMG | Grantanbrycg | Kambrij | Kembric | Kembridža | Kembridžas | Kembriĝo | Kiam-khiâu | Κέμπριτζ | Кеймбридж | Кембридж | Кембриҷ | Кембриџ | Кембрідж | Кембрыдж | კემბრიჯი | Քեմբրիջ | קיימברידג' | كامبريدج | کمبریج | کیمبرج | केंब्रिज | ক্যামব্রিজ | ಕೇಂಬ್ರಿಜ್ | കേംബ്രിഡ്ജ് | เคมบริดจ์ | ကိန်းဘရစ်ချ်မြို့ | ケンブリッジ | 劍橋,34,
00203485-p006-loc01,00203485-p006,00203485,1,Oxford,Oxford,2640729,https://www.geonames.org/2640729,51.75222,-1.25596,United Kingdom,옥스퍼드 | Àth nan Damh | GBOXF | Oksford | Oksforda | Oksfordas | Oksfordo | Oksfuords | Oxenaford | Oxenaforda | Oxenford | OXF | Oxford | Oxnaford | Öxnafurða | Oxneford | Oxonia | Oxónia | Oxônia | Oxonium | Rhedicina | Rhydychen | Rysoghen | Uxavað | Οξφόρδη | Оксфард | Оксфорд | Оқсфорд | ოქსფორდი | אוקספורד | אקספארד | آکسفورد | آکسفورڈ | أكسفورد | اوكسفورد | ऑक्सफर्ड | ऑक्सफोर्ड | অক্সফোর্ড | ਆਕਸਫ਼ੋਰਡ | ஆக்சுபோர்டு | ఆక్స్‌ఫర్డ్ | ಆಕ್ಸ್‌ಫರ್ಡ್ | อ๊อกซฟอร์ด | အောက်စဖို့မြို့ | オックスフォード | 牛津,46,
00560443-p002-loc01,00560443-p002,00560443,1,"Cambridge, Mass.",Cambridge,4931972,https://www.geonames.org/4931972,42.3751,-71.10561,United States,케임브리지 | 02138 | 02139 | 02140 | 02141 | 02142 | 02238 | Cambridge | Cambridge i Massachusetts | Cantabrigia | Keimbridža | Kembric | Kembridžas | Kembriĝo | Mishawum | Newtown | New Town | Newtowne | New Towne | Old Cambridge | Q49111 | USJHY | Κέιμπριτζ | Кеймбридж | Кембридж | Кембриж | Кембриҗ | Кембриҷ | Кембриџ | Кембрыдж | Кэмбридж | კემბრიჯი | Քեմբրիջ | קיימברידג' | קעמברידזש | كامبريدج | کامبریج | کمبریج | کمبریج، ماساچوست | کیمبرج، میساچوسٹس | केंब्रिज | কেমব্রিজ | கேம்பிரிஜ் | కేంబ్రిడ్జ్ | เคมบริดจ์ | ケンブリッジ | 剑桥 | 劍橋,48,
00560443-p003-loc01,00560443-p003,00560443,1,Cambridge,Cambridge,2653941,https://www.geonames.org/2653941,52.2,0.11667,United Kingdom,케임브리지 | Caergrawnt | Cambridge | Cantabrigia | CBG | GBCMG | Grantanbrycg | Kambrij | Kembric | Kembridža | Kembridžas | Kembriĝo | Kiam-khiâu | Κέμπριτζ | Кеймбридж | Кембридж | Кембриҷ | Кембриџ | Кембрідж | Кембрыдж | კემბრიჯი | Քեմբրիջ | קיימברידג' | كامبريدج | کمبریج | کیمبرج | केंब्रिज | ক্যামব্রিজ | ಕೇಂಬ್ರಿಜ್ | കേംബ്രിഡ്ജ് | เคมบริดจ์ | ကိန်းဘရစ်ချ်မြို့ | ケンブリッジ | 劍橋,34,
00560444-p001-loc01,00560444-p001,00560444,1,Cambridge,Cambridge,2653941,https://www.geonames.org/2653941,52.2,0.11667,United Kingdom,케임브리지 | Caergrawnt | Cambridge | Cantabrigia | CBG | GBCMG | Grantanbrycg | Kambrij | Kembric | Kembridža | Kembridžas | Kembriĝo | Kiam-khiâu | Κέμπριτζ | Кеймбридж | Кембридж | Кембриҷ | Кембриџ | Кембрідж | Кембрыдж | კემბრიჯი | Քեմբրիջ | קיימברידג' | كامبريدج | کمبریج | کیمبرج | केंब्रिज | ক্যামব্রিজ | ಕೇಂಬ್ರಿಜ್ | കേംബ്രിഡ്ജ് | เคมบริดจ์ | ကိန်းဘရစ်ချ်မြို့ | ケンブリッジ | 劍橋,34,
00200602-p001-loc01,00200602-p001,00200602,1,London,London,2643743,https://www.geonames.org/2643743,51.50853,-0.12574,United Kingdom,런던 | ᎫᎴ ᏗᏍᎪᏂᎯᏱ | ܠܘܢܕܘܢ | ለንደን | ロンドン | ଲଣ୍ଡନ | ลอนดอน | ລອນດອນ | GBLON | ILondon | Lākana | Landan | Landen | Llundain | Lodoni | LON | Londain | Londar | Londe | Londen | Londin | Londinium | Londn | london | London | Londona | Londonas | Londoni | Londono | Londons | Lọndọnu | Londra | Łondra | Londres | Londrez | Londri | Londro | Londye | Londyn | Londýn | Lonn | Lontoo | Loundres | Luân Đôn | Lunden | Lundra | Lůndůn | Lundúnir | Lùng-dŭng | Lunnainn | Lunnin | Lunnon | Lûn-tun | Lùn-tûn | Q84 | Rānana | لأندأن | لندن | لەندەن | لوندون | לאנדאן | לונדון | Λονδίνο | Лёндан | Лондан | Лондон | Лондон ош | Лондонъ | ལོན་ཊོན། | Լոնդոն | Լոնտոն | ლონდონი | लण्डन | लन्डन् | लन्दन | लंडन | लंदन | લંડન | లండన్ | ਲੰਡਨ | ಲಂಡನ್ | இலண்டன் | ലണ്ടൻ | লন্ডন | လန်ဒန်မြို့ | ලන්ඩන් | 伦敦 | 倫敦,88,
00200602-p002-loc01,00200602-p002,00200602,1,London,London,2643743,https://www.geonames.org/2643743,51.50853,-0.12574,United Kingdom,런던 | ᎫᎴ ᏗᏍᎪᏂᎯᏱ | ܠܘܢܕܘܢ | ለንደን | ロンドン | ଲଣ୍ଡନ | ลอนดอน | ລອນດອນ | GBLON | ILondon | Lākana | Landan | Landen | Llundain | Lodoni | LON | Londain | Londar | Londe | Londen | Londin | Londinium | Londn | london | London | Londona | Londonas | Londoni | Londono | Londons | Lọndọnu | Londra | Łondra | Londres | Londrez | Londri | Londro | Londye | Londyn | Londýn | Lonn | Lontoo | Loundres | Luân Đôn | Lunden | Lundra | Lůndůn | Lundúnir | Lùng-dŭng | Lunnainn | Lunnin | Lunnon | Lûn-tun | Lùn-tûn | Q84 | Rānana | لأندأن | لندن | لەندەن | لوندون | לאנדאן | לונדון | Λονδίνο | Лёндан | Лондан | Лондон | Лондон ош | Лондонъ | ལོན་ཊོན། | Լոնդոն | Լոնտոն | ლონდონი | लण्डन | लन्डन् | लन्दन | लंडन | लंदन | લંડન | లండన్ | ਲੰਡਨ | ಲಂಡನ್ | இலண்டன் | ലണ്ടൻ | লন্ডন | လန်ဒန်မြို့ | ලන්ඩන් | 伦敦 | 倫敦,88,
00206217-p004-loc01,00206217-p004,00206217,1,Tettenhall,Tettenhall,2636078,https://www.geonames.org/2636078,52.60206,-2.16525,United Kingdom,Q1794588 | Tettenhall | テッテンホール,3,
00206217-p005-loc01,00206217-p005,00206217,1,Oxford,Oxford,2640729,https://www.geonames.org/2640729,51.75222,-1.25596,United Kingdom,옥스퍼드 | Àth nan Damh | GBOXF | Oksford | Oksforda | Oksfordas | Oksfordo | Oksfuords | Oxenaford | Oxenaforda | Oxenford | OXF | Oxford | Oxnaford | Öxnafurða | Oxneford | Oxonia | Oxónia | Oxônia | Oxonium | Rhedicina | Rhydychen | Rysoghen | Uxavað | Οξφόρδη | Оксфард | Оксфорд | Оқсфорд | ოქსფორდი | אוקספורד | אקספארד | آکسفورد | آکسفورڈ | أكسفورد | اوكسفورد | ऑक्सफर्ड | ऑक्सफोर्ड | অক্সফোর্ড | ਆਕਸਫ਼ੋਰਡ | ஆக்சுபோர்டு | ఆక్స్‌ఫర్డ్ | ಆಕ್ಸ್‌ಫರ್ಡ್ | อ๊อกซฟอร์ด | အောက်စဖို့မြို့ | オックスフォード | 牛津,46,
00200607-p001-loc01,00200607-p001,00200607,1,Eton,Eton,2649873,https://www.geonames.org/2649873,51.48833,-0.60905,United Kingdom,Eton | Etona | Eton i Berkshire | GBETN | Itonas | Итон | Итън | Ітон | اتون، برکشر | イートン | 伊顿,11,
00200607-p002-loc01,00200607-p002,00200607,1,Eton,Eton,2649873,https://www.geonames.org/2649873,51.48833,-0.60905,United Kingdom,Eton | Etona | Eton i Berkshire | GBETN | Itonas | Итон | Итън | Ітон | اتون، برکشر | イートン | 伊顿,11,
00560445-p003-loc01,00560445-p003,00560445,1,Cambridge,Cambridge,2653941,https://www.geonames.org/2653941,52.2,0.11667,United Kingdom,케임브리지 | Caergrawnt | Cambridge | Cantabrigia | CBG | GBCMG | Grantanbrycg | Kambrij | Kembric | Kembridža | Kembridžas | Kembriĝo | Kiam-khiâu | Κέμπριτζ | Кеймбридж | Кембридж | Кембриҷ | Кембриџ | Кембрідж | Кембрыдж | კემბრიჯი | Քեմբրիջ | קיימברידג' | كامبريدج | کمبریج | کیمبرج | केंब्रिज | ক্যামব্রিজ | ಕೇಂಬ್ರಿಜ್ | കേംബ്രിഡ്ജ് | เคมบริดจ์ | ကိန်းဘရစ်ချ်မြို့ | ケンブリッジ | 劍橋,34,
02149072-p002-loc01,02149072-p002,02149072,1,Tettenhall,Tettenhall,2636078,https://www.geonames.org/2636078,52.60206,-2.16525,United Kingdom,Q1794588 | Tettenhall | テッテンホール,3,
02149072-p003-loc01,02149072-p003,02149072,1,Oxford,Oxford,2640729,https://www.geonames.org/2640729,51.75222,-1.25596,United Kingdom,옥스퍼드 | Àth nan Damh | GBOXF | Oksford | Oksforda | Oksfordas | Oksfordo | Oksfuords | Oxenaford | Oxenaforda | Oxenford | OXF | Oxford | Oxnaford | Öxnafurða | Oxneford | Oxonia | Oxónia | Oxônia | Oxonium | Rhedicina | Rhydychen | Rysoghen | Uxavað | Οξφόρδη | Оксфард | Оксфорд | Оқсфорд | ოქსფორდი | אוקספורד | אקספארד | آکسفورد | آکسفورڈ | أكسفورد | اوكسفورد | ऑक्सफर्ड | ऑक्सफोर्ड | অক্সফোর্ড | ਆਕਸਫ਼ੋਰਡ | ஆக்சுபோர்டு | ఆక్స్‌ఫర్డ్ | ಆಕ್ಸ್‌ಫರ್ಡ್ | อ๊อกซฟอร์ด | အောက်စဖို့မြို့ | オックスフォード | 牛津,46,
02149072-p004-loc01,02149072-p004,02149072,1,Eton,Eton,2649873,https://www.geonames.org/2649873,51.48833,-0.60905,United Kingdom,Eton | Etona | Eton i Berkshire | GBETN | Itonas | Итон | Итън | Ітон | اتون، برکشر | イートン | 伊顿,11,
00560447-p001-loc01,00560447-p001,00560447,1,Cambridge,Cambridge,2653941,https://www.geonames.org/2653941,52.2,0.11667,United Kingdom,케임브리지 | Caergrawnt | Cambridge | Cantabrigia | CBG | GBCMG | Grantanbrycg | Kambrij | Kembric | Kembridža | Kembridžas | Kembriĝo | Kiam-khiâu | Κέμπριτζ | Кеймбридж | Кембридж | Кембриҷ | Кембриџ | Кембрідж | Кембрыдж | კემბრიჯი | Քեմբրիջ | קיימברידג' | كامبريدج | کمبریج | کیمبرج | केंब्रिज | ক্যামব্রিজ | ಕೇಂಬ್ರಿಜ್ | കേംബ്രിഡ്ജ് | เคมบริดจ์ | ကိန်းဘရစ်ချ်မြို့ | ケンブリッジ | 劍橋,34,
00560446-p004-loc01,00560446-p004,00560446,1,Cambridge,Cambridge,2653941,https://www.geonames.org/2653941,52.2,0.11667,United Kingdom,케임브리지 | Caergrawnt | Cambridge | Cantabrigia | CBG | GBCMG | Grantanbrycg | Kambrij | Kembric | Kembridža | Kembridžas | Kembriĝo | Kiam-khiâu | Κέμπριτζ | Кеймбридж | Кембридж | Кембриҷ | Кембриџ | Кембрідж | Кембрыдж | კემბრიჯი | Քեմբրիջ | קיימברידג' | كامبريدج | کمبریج | کیمبرج | केंब्रिज | ক্যামব্রিজ | ಕೇಂಬ್ರಿಜ್ | കേംബ്രിഡ്ജ് | เคมบริดจ์ | ကိန်းဘရစ်ချ်မြို့ | ケンブリッジ | 劍橋,34,
00207214-p002-loc01,00207214-p002,00207214,1,Oxford,Oxford,2640729,https://www.geonames.org/2640729,51.75222,-1.25596,United Kingdom,옥스퍼드 | Àth nan Damh | GBOXF | Oksford | Oksforda | Oksfordas | Oksfordo | Oksfuords | Oxenaford | Oxenaforda | Oxenford | OXF | Oxford | Oxnaford | Öxnafurða | Oxneford | Oxonia | Oxónia | Oxônia | Oxonium | Rhedicina | Rhydychen | Rysoghen | Uxavað | Οξφόρδη | Оксфард | Оксфорд | Оқсфорд | ოქსფორდი | אוקספורד | אקספארד | آکسفورد | آکسفورڈ | أكسفورد | اوكسفورد | ऑक्सफर्ड | ऑक्सफोर्ड | অক্সফোর্ড | ਆਕਸਫ਼ੋਰਡ | ஆக்சுபோர்டு | ఆక్స్‌ఫర్డ్ | ಆಕ್ಸ್‌ಫರ್ಡ್ | อ๊อกซฟอร์ด | အောက်စဖို့မြို့ | オックスフォード | 牛津,46,
02010668-p003-loc01,02010668-p003,02010668,1,London,London,2643743,https://www.geonames.org/2643743,51.50853,-0.12574,United Kingdom,런던 | ᎫᎴ ᏗᏍᎪᏂᎯᏱ | ܠܘܢܕܘܢ | ለንደን | ロンドン | ଲଣ୍ଡନ | ลอนดอน | ລອນດອນ | GBLON | ILondon | Lākana | Landan | Landen | Llundain | Lodoni | LON | Londain | Londar | Londe | Londen | Londin | Londinium | Londn | london | London | Londona | Londonas | Londoni | Londono | Londons | Lọndọnu | Londra | Łondra | Londres | Londrez | Londri | Londro | Londye | Londyn | Londýn | Lonn | Lontoo | Loundres | Luân Đôn | Lunden | Lundra | Lůndůn | Lundúnir | Lùng-dŭng | Lunnainn | Lunnin | Lunnon | Lûn-tun | Lùn-tûn | Q84 | Rānana | لأندأن | لندن | لەندەن | لوندون | לאנדאן | לונדון | Λονδίνο | Лёндан | Лондан | Лондон | Лондон ош | Лондонъ | ལོན་ཊོན། | Լոնդոն | Լոնտոն | ლონდონი | लण्डन | लन्डन् | लन्दन | लंडन | लंदन | લંડન | లండన్ | ਲੰਡਨ | ಲಂಡನ್ | இலண்டன் | ലണ്ടൻ | লন্ডন | လန်ဒန်မြို့ | ලන්ඩන් | 伦敦 | 倫敦,88,
02010668-p006-loc01,02010668-p006,02010668,1,London,London,2643743,https://www.geonames.org/2643743,51.50853,-0.12574,United Kingdom,런던 | ᎫᎴ ᏗᏍᎪᏂᎯᏱ | ܠܘܢܕܘܢ | ለንደን | ロンドン | ଲଣ୍ଡନ | ลอนดอน | ລອນດອນ | GBLON | ILondon | Lākana | Landan | Landen | Llundain | Lodoni | LON | Londain | Londar | Londe | Londen | Londin | Londinium | Londn | london | London | Londona | Londonas | Londoni | Londono | Londons | Lọndọnu | Londra | Łondra | Londres | Londrez | Londri | Londro | Londye | Londyn | Londýn | Lonn | Lontoo | Loundres | Luân Đôn | Lunden | Lundra | Lůndůn | Lundúnir | Lùng-dŭng | Lunnainn | Lunnin | Lunnon | Lûn-tun | Lùn-tûn | Q84 | Rānana | لأندأن | لندن | لەندەن | لوندون | לאנדאן | לונדון | Λονδίνο | Лёндан | Лондан | Лондон | Лондон ош | Лондонъ | ལོན་ཊོན། | Լոնդոն | Լոնտոն | ლონდონი | लण्डन | लन्डन् | लन्दन | लंडन | लंदन | લંડન | లండన్ | ਲੰਡਨ | ಲಂಡನ್ | இலண்டன் | ലണ്ടൻ | লন্ডন | လန်ဒန်မြို့ | ලන්ඩන් | 伦敦 | 倫敦,88,
02010668-p007-loc01,02010668-p007,02010668,1,Cambridge,Cambridge,2653941,https://www.geonames.org/2653941,52.2,0.11667,United Kingdom,케임브리지 | Caergrawnt | Cambridge | Cantabrigia | CBG | GBCMG | Grantanbrycg | Kambrij | Kembric | Kembridža | Kembridžas | Kembriĝo | Kiam-khiâu | Κέμπριτζ | Кеймбридж | Кембридж | Кембриҷ | Кембриџ | Кембрідж | Кембрыдж | კემბრიჯი | Քեմբրիջ | קיימברידג' | كامبريدج | کمبریج | کیمبرج | केंब्रिज | ক্যামব্রিজ | ಕೇಂಬ್ರಿಜ್ | കേംബ്രിഡ്ജ് | เคมบริดจ์ | ကိန်းဘရစ်ချ်မြို့ | ケンブリッジ | 劍橋,34,
02010668-p008-loc01,02010668-p008,02010668,1,London,London,2643743,https://www.geonames.org/2643743,51.50853,-0.12574,United Kingdom,런던 | ᎫᎴ ᏗᏍᎪᏂᎯᏱ | ܠܘܢܕܘܢ | ለንደን | ロンドン | ଲଣ୍ଡନ | ลอนดอน | ລອນດອນ | GBLON | ILondon | Lākana | Landan | Landen | Llundain | Lodoni | LON | Londain | Londar | Londe | Londen | Londin | Londinium | Londn | london | London | Londona | Londonas | Londoni | Londono | Londons | Lọndọnu | Londra | Łondra | Londres | Londrez | Londri | Londro | Londye | Londyn | Londýn | Lonn | Lontoo | Loundres | Luân Đôn | Lunden | Lundra | Lůndůn | Lundúnir | Lùng-dŭng | Lunnainn | Lunnin | Lunnon | Lûn-tun | Lùn-tûn | Q84 | Rānana | لأندأن | لندن | لەندەن | لوندون | לאנדאן | לונדון | Λονδίνο | Лёндан | Лондан | Лондон | Лондон ош | Лондонъ | ལོན་ཊོན། | Լոնդոն | Լոնտոն | ლონდონი | लण्डन | लन्डन् | लन्दन | लंडन | लंदन | લંડન | లండన్ | ਲੰਡਨ | ಲಂಡನ್ | இலண்டன் | ലണ്ടൻ | লন্ডন | လန်ဒန်မြို့ | ලන්ඩන් | 伦敦 | 倫敦,88,
00205587-p005-loc01,00205587-p005,00205587,1,London,London,2643743,https://www.geonames.org/2643743,51.50853,-0.12574,United Kingdom,런던 | ᎫᎴ ᏗᏍᎪᏂᎯᏱ | ܠܘܢܕܘܢ | ለንደን | ロンドン | ଲଣ୍ଡନ | ลอนดอน | ລອນດອນ | GBLON | ILondon | Lākana | Landan | Landen | Llundain | Lodoni | LON | Londain | Londar | Londe | Londen | Londin | Londinium | Londn | london | London | Londona | Londonas | Londoni | Londono | Londons | Lọndọnu | Londra | Łondra | Londres | Londrez | Londri | Londro | Londye | Londyn | Londýn | Lonn | Lontoo | Loundres | Luân Đôn | Lunden | Lundra | Lůndůn | Lundúnir | Lùng-dŭng | Lunnainn | Lunnin | Lunnon | Lûn-tun | Lùn-tûn | Q84 | Rānana | لأندأن | لندن | لەندەن | لوندون | לאנדאן | לונדון | Λονδίνο | Лёндан | Лондан | Лондон | Лондон ош | Лондонъ | ལོན་ཊོན། | Լոնդոն | Լոնտոն | ლონდონი | लण्डन | लन्डन् | लन्दन | लंडन | लंदन | લંડન | లండన్ | ਲੰਡਨ | ಲಂಡನ್ | இலண்டன் | ലണ്ടൻ | লন্ডন | လန်ဒန်မြို့ | ලන්ඩන් | 伦敦 | 倫敦,88,
00205587-p007-loc01,00205587-p007,00205587,1,Oxford,Oxford,2640729,https://www.geonames.org/2640729,51.75222,-1.25596,United Kingdom,옥스퍼드 | Àth nan Damh | GBOXF | Oksford | Oksforda | Oksfordas | Oksfordo | Oksfuords | Oxenaford | Oxenaforda | Oxenford | OXF | Oxford | Oxnaford | Öxnafurða | Oxneford | Oxonia | Oxónia | Oxônia | Oxonium | Rhedicina | Rhydychen | Rysoghen | Uxavað | Οξφόρδη | Оксфард | Оксфорд | Оқсфорд | ოქსფორდი | אוקספורד | אקספארד | آکسفورد | آکسفورڈ | أكسفورد | اوكسفورد | ऑक्सफर्ड | ऑक्सफोर्ड | অক্সফোর্ড | ਆਕਸਫ਼ੋਰਡ | ஆக்சுபோர்டு | ఆక్స్‌ఫర్డ్ | ಆಕ್ಸ್‌ಫರ್ಡ್ | อ๊อกซฟอร์ด | အောက်စဖို့မြို့ | オックスフォード | 牛津,46,
00212866-p002-loc01,00212866-p002,00212866,1,Oxford,Oxford,2640729,https://www.geonames.org/2640729,51.75222,-1.25596,United Kingdom,옥스퍼드 | Àth nan Damh | GBOXF | Oksford | Oksforda | Oksfordas | Oksfordo | Oksfuords | Oxenaford | Oxenaforda | Oxenford | OXF | Oxford | Oxnaford | Öxnafurða | Oxneford | Oxonia | Oxónia | Oxônia | Oxonium | Rhedicina | Rhydychen | Rysoghen | Uxavað | Οξφόρδη | Оксфард | Оксфорд | Оқсфорд | ოქსფორდი | אוקספורד | אקספארד | آکسفورد | آکسفورڈ | أكسفورد | اوكسفورد | ऑक्सफर्ड | ऑक्सफोर्ड | অক্সফোর্ড | ਆਕਸਫ਼ੋਰਡ | ஆக்சுபோர்டு | ఆక్స్‌ఫర్డ్ | ಆಕ್ಸ್‌ಫರ್ಡ್ | อ๊อกซฟอร์ด | အောက်စဖို့မြို့ | オックスフォード | 牛津,46,
00207364-p004-loc01,00207364-p004,00207364,1,Oxford,Oxford,2640729,https://www.geonames.org/2640729,51.75222,-1.25596,United Kingdom,옥스퍼드 | Àth nan Damh | GBOXF | Oksford | Oksforda | Oksfordas | Oksfordo | Oksfuords | Oxenaford | Oxenaforda | Oxenford | OXF | Oxford | Oxnaford | Öxnafurða | Oxneford | Oxonia | Oxónia | Oxônia | Oxonium | Rhedicina | Rhydychen | Rysoghen | Uxavað | Οξφόρδη | Оксфард | Оксфорд | Оқсфорд | ოქსფორდი | אוקספורד | אקספארד | آکسفورد | آکسفورڈ | أكسفورد | اوكسفورد | ऑक्सफर्ड | ऑक्सफोर्ड | অক্সফোর্ড | ਆਕਸਫ਼ੋਰਡ | ஆக்சுபோர்டு | ఆక్స్‌ఫర్డ్ | ಆಕ್ಸ್‌ಫರ್ಡ್ | อ๊อกซฟอร์ด | အောက်စဖို့မြို့ | オックスフォード | 牛津,46,
00212881-p002-loc01,00212881-p002,00212881,1,Oxford,Oxford,2640729,https://www.geonames.org/2640729,51.75222,-1.25596,United Kingdom,옥스퍼드 | Àth nan Damh | GBOXF | Oksford | Oksforda | Oksfordas | Oksfordo | Oksfuords | Oxenaford | Oxenaforda | Oxenford | OXF | Oxford | Oxnaford | Öxnafurða | Oxneford | Oxonia | Oxónia | Oxônia | Oxonium | Rhedicina | Rhydychen | Rysoghen | Uxavað | Οξφόρδη | Оксфард | Оксфорд | Оқсфорд | ოქსფორდი | אוקספורד | אקספארד | آکسفورد | آکسفورڈ | أكسفورد | اوكسفورد | ऑक्सफर्ड | ऑक्सफोर्ड | অক্সফোর্ড | ਆਕਸਫ਼ੋਰਡ | ஆக்சுபோர்டு | ఆక్స్‌ఫర్డ్ | ಆಕ್ಸ್‌ಫರ್ಡ್ | อ๊อกซฟอร์ด | အောက်စဖို့မြို့ | オックスフォード | 牛津,46,
00205586-p002-loc01,00205586-p002,00205586,1,London,London,2643743,https://www.geonames.org/2643743,51.50853,-0.12574,United Kingdom,런던 | ᎫᎴ ᏗᏍᎪᏂᎯᏱ | ܠܘܢܕܘܢ | ለንደን | ロンドン | ଲଣ୍ଡନ | ลอนดอน | ລອນດອນ | GBLON | ILondon | Lākana | Landan | Landen | Llundain | Lodoni | LON | Londain | Londar | Londe | Londen | Londin | Londinium | Londn | london | London | Londona | Londonas | Londoni | Londono | Londons | Lọndọnu | Londra | Łondra | Londres | Londrez | Londri | Londro | Londye | Londyn | Londýn | Lonn | Lontoo | Loundres | Luân Đôn | Lunden | Lundra | Lůndůn | Lundúnir | Lùng-dŭng | Lunnainn | Lunnin | Lunnon | Lûn-tun | Lùn-tûn | Q84 | Rānana | لأندأن | لندن | لەندەن | لوندون | לאנדאן | לונדון | Λονδίνο | Лёндан | Лондан | Лондон | Лондон ош | Лондонъ | ལོན་ཊོན། | Լոնդոն | Լոնտոն | ლონდონი | लण्डन | लन्डन् | लन्दन | लंडन | लंदन | લંડન | లండన్ | ਲੰਡਨ | ಲಂಡನ್ | இலண்டன் | ലണ്ടൻ | লন্ডন | လန်ဒန်မြို့ | ලන්ඩන් | 伦敦 | 倫敦,88,
00205586-p004-loc01,00205586-p004,00205586,1,Oxford,Oxford,2640729,https://www.geonames.org/2640729,51.75222,-1.25596,United Kingdom,옥스퍼드 | Àth nan Damh | GBOXF | Oksford | Oksforda | Oksfordas | Oksfordo | Oksfuords | Oxenaford | Oxenaforda | Oxenford | OXF | Oxford | Oxnaford | Öxnafurða | Oxneford | Oxonia | Oxónia | Oxônia | Oxonium | Rhedicina | Rhydychen | Rysoghen | Uxavað | Οξφόρδη | Оксфард | Оксфорд | Оқсфорд | ოქსფორდი | אוקספורד | אקספארד | آکسفورد | آکسفورڈ | أكسفورد | اوكسفورد | ऑक्सफर्ड | ऑक्सफोर्ड | অক্সফোর্ড | ਆਕਸਫ਼ੋਰਡ | ஆக்சுபோர்டு | ఆక్స్‌ఫర్డ్ | ಆಕ್ಸ್‌ಫರ್ಡ್ | อ๊อกซฟอร์ด | အောက်စဖို့မြို့ | オックスフォード | 牛津,46,
00560448-p002-loc01,00560448-p002,00560448,1,Cambridge,Cambridge,2653941,https://www.geonames.org/2653941,52.2,0.11667,United Kingdom,케임브리지 | Caergrawnt | Cambridge | Cantabrigia | CBG | GBCMG | Grantanbrycg | Kambrij | Kembric | Kembridža | Kembridžas | Kembriĝo | Kiam-khiâu | Κέμπριτζ | Кеймбридж | Кембридж | Кембриҷ | Кембриџ | Кембрідж | Кембрыдж | კემბრიჯი | Քեմբրիջ | קיימברידג' | كامبريدج | کمبریج | کیمبرج | केंब्रिज | ক্যামব্রিজ | ಕೇಂಬ್ರಿಜ್ | കേംബ്രിഡ്ജ് | เคมบริดจ์ | ကိန်းဘရစ်ချ်မြို့ | ケンブリッジ | 劍橋,34,
02142705-p002-loc01,02142705-p002,02142705,1,Washington D.C.,Washington,4140963,https://www.geonames.org/4140963,38.89511,-77.03637,United States,20001 | 20002 | 20003 | 20004 | 20005 | 20006 | 20007 | 20008 | 20009 | 20010 | 20011 | 20012 | 20013 | 20015 | 20016 | 20017 | 20018 | 20019 | 20020 | 20024 | 20026 | 20029 | 20030 | 20032 | 20033 | 20035 | 20036 | 20037 | 20038 | 20039 | 20040 | 20041 | 20042 | 20043 | 20044 | 20045 | 20047 | 20049 | 20050 | 20052 | 20053 | 20055 | 20056 | 20057 | 20058 | 20059 | 20060 | 20061 | 20062 | 20063 | 20064 | 20065 | 20066 | 20067 | 20068 | 20069 | 20070 | 20071 | 20073 | 20074 | 20075 | 20076 | 20077 | 20078 | 20080 | 20081 | 20082 | 20090 | 20091 | 20201 | 20202 | 20203 | 20204 | 20206 | 20207 | 20208 | 20210 | 20211 | 20212 | 20213 | 20214 | 20215 | 20216 | 20217 | 20218 | 20219 | 20220 | 20221 | 20222 | 20223 | 20224 | 20226 | 20227 | 20228 | 20229 | 20230 | 20232 | 20233 | 20235 | 20238 | 20239 | 20240 | 20241 | 20242 | 20244 | 20245 | 20250 | 20251 | 20254 | 20260 | 20261 | 20262 | 20265 | 20266 | 20268 | 20270 | 20277 | 20289 | 20299 | 20301 | 20303 | 20306 | 20310 | 20314 | 20317 | 20318 | 20319 | 20330 | 20340 | 20350 | 20370 | 20372 | 20375 | 20380 | 20389 | 20390 | 20392 | 20393 | 20394 | 20395 | 20401 | 20402 | 20403 | 20404 | 20405 | 20406 | 20407 | 20408 | 20409 | 20410 | 20411 | 20412 | 20413 | 20414 | 20415 | 20416 | 20418 | 20419 | 20420 | 20421 | 20422 | 20423 | 20424 | 20425 | 20426 | 20427 | 20428 | 20429 | 20431 | 20433 | 20434 | 20435 | 20436 | 20437 | 20439 | 20440 | 20441 | 20442 | 20444 | 20447 | 20451 | 20453 | 20456 | 20460 | 20463 | 20468 | 20469 | 20470 | 20472 | 20500 | 20501 | 20502 | 20503 | 20504 | 20505 | 20506 | 20507 | 20508 | 20510 | 20515 | 20520 | 20521 | 20522 | 20523 | 20524 | 20525 | 20526 | 20527 | 20530 | 20531 | 20533 | 20534 | 20535 | 20536 | 20537 | 20538 | 20539 | 20540 | 20541 | 20542 | 20543 | 20544 | 20546 | 20547 | 20548 | 20549 | 20551 | 20552 | 20553 | 20554 | 20555 | 20557 | 20559 | 20560 | 20565 | 20566 | 20570 | 20571 | 20572 | 20573 | 20575 | 20576 | 20577 | 20578 | 20579 | 20580 | 20581 | 20585 | 20586 | 20590 | 20591 | 20593 | 20594 | 20597 | 20599 | 워싱턴 D.C. | 워싱턴 DC | D.C. | District of Columbia | Federal Capital | Federal City | Federal Town | Ranatakariáhshne | Territory of Columbia | USWAS | Vašingtonas | Vasingtonia | Vaŝingtono | WAS | Washington | Washington City | Washington D. C. | Washington D.C. | Washington DC | Waszyngton | Ουάσιγκτον | Вашингтон | 华盛顿特区,278,
00203408-p003-loc01,00203408-p003,00203408,1,London,London,2643743,https://www.geonames.org/2643743,51.50853,-0.12574,United Kingdom,런던 | ᎫᎴ ᏗᏍᎪᏂᎯᏱ | ܠܘܢܕܘܢ | ለንደን | ロンドン | ଲଣ୍ଡନ | ลอนดอน | ລອນດອນ | GBLON | ILondon | Lākana | Landan | Landen | Llundain | Lodoni | LON | Londain | Londar | Londe | Londen | Londin | Londinium | Londn | london | London | Londona | Londonas | Londoni | Londono | Londons | Lọndọnu | Londra | Łondra | Londres | Londrez | Londri | Londro | Londye | Londyn | Londýn | Lonn | Lontoo | Loundres | Luân Đôn | Lunden | Lundra | Lůndůn | Lundúnir | Lùng-dŭng | Lunnainn | Lunnin | Lunnon | Lûn-tun | Lùn-tûn | Q84 | Rānana | لأندأن | لندن | لەندەن | لوندون | לאנדאן | לונדון | Λονδίνο | Лёндан | Лондан | Лондон | Лондон ош | Лондонъ | ལོན་ཊོན། | Լոնդոն | Լոնտոն | ლონდონი | लण्डन | लन्डन् | लन्दन | लंडन | लंदन | લંડન | లండన్ | ਲੰਡਨ | ಲಂಡನ್ | இலண்டன் | ലണ്ടൻ | লন্ডন | လန်ဒန်မြို့ | ලන්ඩන් | 伦敦 | 倫敦,88,
00203408-p004-loc01,00203408-p004,00203408,1,Oxford,Oxford,2640729,https://www.geonames.org/2640729,51.75222,-1.25596,United Kingdom,옥스퍼드 | Àth nan Damh | GBOXF | Oksford | Oksforda | Oksfordas | Oksfordo | Oksfuords | Oxenaford | Oxenaforda | Oxenford | OXF | Oxford | Oxnaford | Öxnafurða | Oxneford | Oxonia | Oxónia | Oxônia | Oxonium | Rhedicina | Rhydychen | Rysoghen | Uxavað | Οξφόρδη | Оксфард | Оксфорд | Оқсфорд | ოქსფორდი | אוקספורד | אקספארד | آکسفورد | آکسفورڈ | أكسفورد | اوكسفورد | ऑक्सफर्ड | ऑक्सफोर्ड | অক্সফোর্ড | ਆਕਸਫ਼ੋਰਡ | ஆக்சுபோர்டு | ఆక్స్‌ఫర్డ్ | ಆಕ್ಸ್‌ಫರ್ಡ್ | อ๊อกซฟอร์ด | အောက်စဖို့မြို့ | オックスフォード | 牛津,46,
02149440-p001-loc01,02149440-p001,02149440,1,,France,3017382,https://www.geonames.org/3017382,46,2,France,프랑스 | an Fhrainc | An Fhraing | Bro-C'hall | Bufalansa | Falanisē | Falánsɛ | Falansia | Faraans | Farāni | Faransa | Faranse | Faransi | Faransiis | Faransiiska | Farânzi | Farayse | fasygu'e | Ffrainc | FR | Frakkland | Frakland | Franca | França | France | Francë | Francëjô | France nutome | Franchiya | Francia | Franciaország | Francie | Francija | Francio | Francja | Francland | Francogallia | Francoska | Francujo | Francuska | Francúzsko | Frankräich | Frankreich | Frankriek | Frankrig | Frankrigi | Frankriika | Frankrijk | Frankrike | Frankrish | Frankryk | Frans | Frañs | Fransa | Fransän | Fransia | Fransiya | Fransiýa | Fransya | Franța | Frantsa | Frantscha | Frantza | Frantzia | Franza | Franzia | Franzsa | Fraunce | Frɛnkyeman | Furansi | Huák-guók | i-France | Nfalanse | Perancis | Pháp | Pow Frenk | Pow Frynk | Prancis | Prancūzija | Pranis | Pransiya | Pransya | Prantsusmaa | Q142 | Ranska | Republic of France | République Française | Ubaranja | Ubufaransa | Ufaransa | Vrankriek | Vrankryk | Wīwī | Yn Rank | Γαλλία | Фаронса | Франц | Франци | Франција | Франция | Франція | Франц улс | Француска | Францыя | საფრანგეთი | Ֆրանսիա | פֿראַנקרייך | צרפת | فرانس | فرانسه | فرانسىيە | فرنسا | فەڕەنسا | فىرانسىيە | ܦܪܢܣܐ | ފަރަންސޭސިވިލާތް | ፈረንሣይ | ፈረንሳይ | फ्रान्स | फ्रांस | फ़्राँस | फ़्रांस | फ़्रांस: | ফ্রান্স | ফ্ৰান্স | ਫ਼ਰਾਂਸ | ફ્રાઁસ | ફ્રાંસ | ଫ୍ରାନ୍ସ | பிரான்ஸ் | ఫ్రాన్స్‌ | ಫ್ರಾನ್ಸ್ | ഫ്രാന്‍സ് | ഫ്രാൻസ് | ප්‍රංශය | ประเทศฝรั่งเศส | ฝรั่งเศส | ຝຣັ່ງ | ཕ་རཱན་སི། | ཕྲཱནས | ပြင်သစ် | បារាំង | フランス | フランス共和国 | ꃔꇩ | 法国 | 法國,147,
02149440-p002-loc01,02149440-p002,02149440,1,London,London,2643743,https://www.geonames.org/2643743,51.50853,-0.12574,United Kingdom,런던 | ᎫᎴ ᏗᏍᎪᏂᎯᏱ | ܠܘܢܕܘܢ | ለንደን | ロンドン | ଲଣ୍ଡନ | ลอนดอน | ລອນດອນ | GBLON | ILondon | Lākana | Landan | Landen | Llundain | Lodoni | LON | Londain | Londar | Londe | Londen | Londin | Londinium | Londn | london | London | Londona | Londonas | Londoni | Londono | Londons | Lọndọnu | Londra | Łondra | Londres | Londrez | Londri | Londro | Londye | Londyn | Londýn | Lonn | Lontoo | Loundres | Luân Đôn | Lunden | Lundra | Lůndůn | Lundúnir | Lùng-dŭng | Lunnainn | Lunnin | Lunnon | Lûn-tun | Lùn-tûn | Q84 | Rānana | لأندأن | لندن | لەندەن | لوندون | לאנדאן | לונדון | Λονδίνο | Лёндан | Лондан | Лондон | Лондон ош | Лондонъ | ལོན་ཊོན། | Լոնդոն | Լոնտոն | ლონდონი | लण्डन | लन्डन् | लन्दन | लंडन | लंदन | લંડન | లండన్ | ਲੰਡਨ | ಲಂಡನ್ | இலண்டன் | ലണ്ടൻ | লন্ডন | လန်ဒန်မြို့ | ලන්ඩන් | 伦敦 | 倫敦,88,
02149440-p003-loc01,02149440-p003,02149440,1,London,London,2643743,https://www.geonames.org/2643743,51.50853,-0.12574,United Kingdom,런던 | ᎫᎴ ᏗᏍᎪᏂᎯᏱ | ܠܘܢܕܘܢ | ለንደን | ロンドン | ଲଣ୍ଡନ | ลอนดอน | ລອນດອນ | GBLON | ILondon | Lākana | Landan | Landen | Llundain | Lodoni | LON | Londain | Londar | Londe | Londen | Londin | Londinium | Londn | london | London | Londona | Londonas | Londoni | Londono | Londons | Lọndọnu | Londra | Łondra | Londres | Londrez | Londri | Londro | Londye | Londyn | Londýn | Lonn | Lontoo | Loundres | Luân Đôn | Lunden | Lundra | Lůndůn | Lundúnir | Lùng-dŭng | Lunnainn | Lunnin | Lunnon | Lûn-tun | Lùn-tûn | Q84 | Rānana | لأندأن | لندن | لەندەن | لوندون | לאנדאן | לונדון | Λονδίνο | Лёндан | Лондан | Лондон | Лондон ош | Лондонъ | ལོན་ཊོན། | Լոնդոն | Լոնտոն | ლონდონი | लण्डन | लन्डन् | लन्दन | लंडन | लंदन | લંડન | లండన్ | ਲੰਡਨ | ಲಂಡನ್ | இலண்டன் | ലണ്ടൻ | লন্ডন | လန်ဒန်မြို့ | ලන්ඩන් | 伦敦 | 倫敦,88,
02176402-p001-loc01,02176402-p001,02176402,1,"Beverley, Yorkshire",Beverley,2655785,https://www.geonames.org/2655785,53.84587,-0.42332,United Kingdom,베벌리 | Beverley | GBBEV | Бевърли | بورلی | 貝弗利,6,
02176402-p002-loc01,02176402-p002,02176402,1,,Steyning,2636928,https://www.geonames.org/2636928,50.88744,-0.32787,United Kingdom,GBSYG | استینین | Стенинг,3,
02176402-p003-loc01,02176402-p003,02176402,1,Wellington,Wellington,2179537,https://www.geonames.org/2179537,-41.28664,174.77557,New Zealand,웰링턴 | Hiê-lìng-dóng | NZWLG | Q23661 | Te Whanga-nui-a-Tara | Ueligitone | Velingtona | Velingtonas | Velingtono | Vellington | Vellingtonia | Vellinqton | Welintòn | Wellington | Wellinton | Weolingtūn | Whanga-nui-a-Tara | WLG | Ουέλλιγκτον | Ουέλλινγκτον | Велингтон | Велінгтан | Веллингтон | Веллінгтон | Уелингтън | ველინგთონი | უელინგტონი | Վելինգտոն | װעלינגטאן | ולינגטון | ولینگتون | ويلينجتون | ويلينغتون | ویلنگٹن | ۋېللىنگتون | ዌሊንግተን | वेलिंगटन | वेलिंग्टन | वेलिङ्गटन | ওয়েলিংটন | ৱেলিংটন | ਵੈਲਿੰਗਟਨ | વેલિંગ્ટન | வெலிங்டன் | ವೆಲ್ಲಿಂಗ್ಟನ್ | വെല്ലിംഗ്ടൺ | เวลลิงตัน | ཝེ་ལིང་ཐོན། | ဝယ်လင်တန်မြို့ | ウェリントン | 威靈頓 | 惠灵顿,52,
02142730-p003-loc01,02142730-p003,02142730,1,Washington D.C.,Washington,4140963,https://www.geonames.org/4140963,38.89511,-77.03637,United States,20001 | 20002 | 20003 | 20004 | 20005 | 20006 | 20007 | 20008 | 20009 | 20010 | 20011 | 20012 | 20013 | 20015 | 20016 | 20017 | 20018 | 20019 | 20020 | 20024 | 20026 | 20029 | 20030 | 20032 | 20033 | 20035 | 20036 | 20037 | 20038 | 20039 | 20040 | 20041 | 20042 | 20043 | 20044 | 20045 | 20047 | 20049 | 20050 | 20052 | 20053 | 20055 | 20056 | 20057 | 20058 | 20059 | 20060 | 20061 | 20062 | 20063 | 20064 | 20065 | 20066 | 20067 | 20068 | 20069 | 20070 | 20071 | 20073 | 20074 | 20075 | 20076 | 20077 | 20078 | 20080 | 20081 | 20082 | 20090 | 20091 | 20201 | 20202 | 20203 | 20204 | 20206 | 20207 | 20208 | 20210 | 20211 | 20212 | 20213 | 20214 | 20215 | 20216 | 20217 | 20218 | 20219 | 20220 | 20221 | 20222 | 20223 | 20224 | 20226 | 20227 | 20228 | 20229 | 20230 | 20232 | 20233 | 20235 | 20238 | 20239 | 20240 | 20241 | 20242 | 20244 | 20245 | 20250 | 20251 | 20254 | 20260 | 20261 | 20262 | 20265 | 20266 | 20268 | 20270 | 20277 | 20289 | 20299 | 20301 | 20303 | 20306 | 20310 | 20314 | 20317 | 20318 | 20319 | 20330 | 20340 | 20350 | 20370 | 20372 | 20375 | 20380 | 20389 | 20390 | 20392 | 20393 | 20394 | 20395 | 20401 | 20402 | 20403 | 20404 | 20405 | 20406 | 20407 | 20408 | 20409 | 20410 | 20411 | 20412 | 20413 | 20414 | 20415 | 20416 | 20418 | 20419 | 20420 | 20421 | 20422 | 20423 | 20424 | 20425 | 20426 | 20427 | 20428 | 20429 | 20431 | 20433 | 20434 | 20435 | 20436 | 20437 | 20439 | 20440 | 20441 | 20442 | 20444 | 20447 | 20451 | 20453 | 20456 | 20460 | 20463 | 20468 | 20469 | 20470 | 20472 | 20500 | 20501 | 20502 | 20503 | 20504 | 20505 | 20506 | 20507 | 20508 | 20510 | 20515 | 20520 | 20521 | 20522 | 20523 | 20524 | 20525 | 20526 | 20527 | 20530 | 20531 | 20533 | 20534 | 20535 | 20536 | 20537 | 20538 | 20539 | 20540 | 20541 | 20542 | 20543 | 20544 | 20546 | 20547 | 20548 | 20549 | 20551 | 20552 | 20553 | 20554 | 20555 | 20557 | 20559 | 20560 | 20565 | 20566 | 20570 | 20571 | 20572 | 20573 | 20575 | 20576 | 20577 | 20578 | 20579 | 20580 | 20581 | 20585 | 20586 | 20590 | 20591 | 20593 | 20594 | 20597 | 20599 | 워싱턴 D.C. | 워싱턴 DC | D.C. | District of Columbia | Federal Capital | Federal City | Federal Town | Ranatakariáhshne | Territory of Columbia | USWAS | Vašingtonas | Vasingtonia | Vaŝingtono | WAS | Washington | Washington City | Washington D. C. | Washington D.C. | Washington DC | Waszyngton | Ουάσιγκτον | Вашингтон | 华盛顿特区,278,
00203407-p002-loc01,00203407-p002,00203407,1,Oxford,Oxford,2640729,https://www.geonames.org/2640729,51.75222,-1.25596,United Kingdom,옥스퍼드 | Àth nan Damh | GBOXF | Oksford | Oksforda | Oksfordas | Oksfordo | Oksfuords | Oxenaford | Oxenaforda | Oxenford | OXF | Oxford | Oxnaford | Öxnafurða | Oxneford | Oxonia | Oxónia | Oxônia | Oxonium | Rhedicina | Rhydychen | Rysoghen | Uxavað | Οξφόρδη | Оксфард | Оксфорд | Оқсфорд | ოქსფორდი | אוקספורד | אקספארד | آکسفورد | آکسفورڈ | أكسفورد | اوكسفورد | ऑक्सफर्ड | ऑक्सफोर्ड | অক্সফোর্ড | ਆਕਸਫ਼ੋਰਡ | ஆக்சுபோர்டு | ఆక్స్‌ఫర్డ్ | ಆಕ್ಸ್‌ಫರ್ಡ್ | อ๊อกซฟอร์ด | အောက်စဖို့မြို့ | オックスフォード | 牛津,46,
00560449-p001-loc01,00560449-p001,00560449,1,Cambridge,Cambridge,2653941,https://www.geonames.org/2653941,52.2,0.11667,United Kingdom,케임브리지 | Caergrawnt | Cambridge | Cantabrigia | CBG | GBCMG | Grantanbrycg | Kambrij | Kembric | Kembridža | Kembridžas | Kembriĝo | Kiam-khiâu | Κέμπριτζ | Кеймбридж | Кембридж | Кембриҷ | Кембриџ | Кембрідж | Кембрыдж | კემბრიჯი | Քեմբրիջ | קיימברידג' | كامبريدج | کمبریج | کیمبرج | केंब्रिज | ক্যামব্রিজ | ಕೇಂಬ್ರಿಜ್ | കേംബ്രിഡ്ജ് | เคมบริดจ์ | ကိန်းဘရစ်ချ်မြို့ | ケンブリッジ | 劍橋,34,
02010192-p007-loc01,02010192-p007,02010192,1,London,London,2643743,https://www.geonames.org/2643743,51.50853,-0.12574,United Kingdom,런던 | ᎫᎴ ᏗᏍᎪᏂᎯᏱ | ܠܘܢܕܘܢ | ለንደን | ロンドン | ଲଣ୍ଡନ | ลอนดอน | ລອນດອນ | GBLON | ILondon | Lākana | Landan | Landen | Llundain | Lodoni | LON | Londain | Londar | Londe | Londen | Londin | Londinium | Londn | london | London | Londona | Londonas | Londoni | Londono | Londons | Lọndọnu | Londra | Łondra | Londres | Londrez | Londri | Londro | Londye | Londyn | Londýn | Lonn | Lontoo | Loundres | Luân Đôn | Lunden | Lundra | Lůndůn | Lundúnir | Lùng-dŭng | Lunnainn | Lunnin | Lunnon | Lûn-tun | Lùn-tûn | Q84 | Rānana | لأندأن | لندن | لەندەن | لوندون | לאנדאן | לונדון | Λονδίνο | Лёндан | Лондан | Лондон | Лондон ош | Лондонъ | ལོན་ཊོན། | Լոնդոն | Լոնտոն | ლონდონი | लण्डन | लन्डन् | लन्दन | लंडन | लंदन | લંડન | లండన్ | ਲੰਡਨ | ಲಂಡನ್ | இலண்டன் | ലണ്ടൻ | লন্ডন | လန်ဒန်မြို့ | ලන්ඩන් | 伦敦 | 倫敦,88,
02010192-p008-loc01,02010192-p008,02010192,1,Cambridge,Cambridge,2653941,https://www.geonames.org/2653941,52.2,0.11667,United Kingdom,케임브리지 | Caergrawnt | Cambridge | Cantabrigia | CBG | GBCMG | Grantanbrycg | Kambrij | Kembric | Kembridža | Kembridžas | Kembriĝo | Kiam-khiâu | Κέμπριτζ | Кеймбридж | Кембридж | Кембриҷ | Кембриџ | Кембрідж | Кембрыдж | კემბრიჯი | Քեմբրիջ | קיימברידג' | كامبريدج | کمبریج | کیمبرج | केंब्रिज | ক্যামব্রিজ | ಕೇಂಬ್ರಿಜ್ | കേംബ്രിഡ്ജ് | เคมบริดจ์ | ကိန်းဘရစ်ချ်မြို့ | ケンブリッジ | 劍橋,34,
02010192-p009-loc01,02010192-p009,02010192,1,London,London,2643743,https://www.geonames.org/2643743,51.50853,-0.12574,United Kingdom,런던 | ᎫᎴ ᏗᏍᎪᏂᎯᏱ | ܠܘܢܕܘܢ | ለንደን | ロンドン | ଲଣ୍ଡନ | ลอนดอน | ລອນດອນ | GBLON | ILondon | Lākana | Landan | Landen | Llundain | Lodoni | LON | Londain | Londar | Londe | Londen | Londin | Londinium | Londn | london | London | Londona | Londonas | Londoni | Londono | Londons | Lọndọnu | Londra | Łondra | Londres | Londrez | Londri | Londro | Londye | Londyn | Londýn | Lonn | Lontoo | Loundres | Luân Đôn | Lunden | Lundra | Lůndůn | Lundúnir | Lùng-dŭng | Lunnainn | Lunnin | Lunnon | Lûn-tun | Lùn-tûn | Q84 | Rānana | لأندأن | لندن | لەندەن | لوندون | לאנדאן | לונדון | Λονδίνο | Лёндан | Лондан | Лондон | Лондон ош | Лондонъ | ལོན་ཊོན། | Լոնդոն | Լոնտոն | ლონდონი | लण्डन | लन्डन् | लन्दन | लंडन | लंदन | લંડન | లండన్ | ਲੰਡਨ | ಲಂಡನ್ | இலண்டன் | ലണ്ടൻ | লন্ডন | လန်ဒန်မြို့ | ලන්ඩන් | 伦敦 | 倫敦,88,
00206905-p003-loc01,00206905-p003,00206905,1,Oxford,Oxford,2640729,https://www.geonames.org/2640729,51.75222,-1.25596,United Kingdom,옥스퍼드 | Àth nan Damh | GBOXF | Oksford | Oksforda | Oksfordas | Oksfordo | Oksfuords | Oxenaford | Oxenaforda | Oxenford | OXF | Oxford | Oxnaford | Öxnafurða | Oxneford | Oxonia | Oxónia | Oxônia | Oxonium | Rhedicina | Rhydychen | Rysoghen | Uxavað | Οξφόρδη | Оксфард | Оксфорд | Оқсфорд | ოქსფორდი | אוקספורד | אקספארד | آکسفورد | آکسفورڈ | أكسفورد | اوكسفورد | ऑक्सफर्ड | ऑक्सफोर्ड | অক্সফোর্ড | ਆਕਸਫ਼ੋਰਡ | ஆக்சுபோர்டு | ఆక్స్‌ఫర్డ్ | ಆಕ್ಸ್‌ಫರ್ಡ್ | อ๊อกซฟอร์ด | အောက်စဖို့မြို့ | オックスフォード | 牛津,46,
00202853-p002-loc01,00202853-p002,00202853,1,London,London,2643743,https://www.geonames.org/2643743,51.50853,-0.12574,United Kingdom,런던 | ᎫᎴ ᏗᏍᎪᏂᎯᏱ | ܠܘܢܕܘܢ | ለንደን | ロンドン | ଲଣ୍ଡନ | ลอนดอน | ລອນດອນ | GBLON | ILondon | Lākana | Landan | Landen | Llundain | Lodoni | LON | Londain | Londar | Londe | Londen | Londin | Londinium | Londn | london | London | Londona | Londonas | Londoni | Londono | Londons | Lọndọnu | Londra | Łondra | Londres | Londrez | Londri | Londro | Londye | Londyn | Londýn | Lonn | Lontoo | Loundres | Luân Đôn | Lunden | Lundra | Lůndůn | Lundúnir | Lùng-dŭng | Lunnainn | Lunnin | Lunnon | Lûn-tun | Lùn-tûn | Q84 | Rānana | لأندأن | لندن | لەندەن | لوندون | לאנדאן | לונדון | Λονδίνο | Лёндан | Лондан | Лондон | Лондон ош | Лондонъ | ལོན་ཊོན། | Լոնդոն | Լոնտոն | ლონდონი | लण्डन | लन्डन् | लन्दन | लंडन | लंदन | લંડન | లండన్ | ਲੰਡਨ | ಲಂಡನ್ | இலண்டன் | ലണ്ടൻ | লন্ডন | လန်ဒန်မြို့ | ලන්ඩන් | 伦敦 | 倫敦,88,
00202853-p003-loc01,00202853-p003,00202853,1,Oxford,Oxford,2640729,https://www.geonames.org/2640729,51.75222,-1.25596,United Kingdom,옥스퍼드 | Àth nan Damh | GBOXF | Oksford | Oksforda | Oksfordas | Oksfordo | Oksfuords | Oxenaford | Oxenaforda | Oxenford | OXF | Oxford | Oxnaford | Öxnafurða | Oxneford | Oxonia | Oxónia | Oxônia | Oxonium | Rhedicina | Rhydychen | Rysoghen | Uxavað | Οξφόρδη | Оксфард | Оксфорд | Оқсфорд | ოქსფორდი | אוקספורד | אקספארד | آکسفورد | آکسفورڈ | أكسفورد | اوكسفورد | ऑक्सफर्ड | ऑक्सफोर्ड | অক্সফোর্ড | ਆਕਸਫ਼ੋਰਡ | ஆக்சுபோர்டு | ఆక్స్‌ఫర్డ్ | ಆಕ್ಸ್‌ಫರ್ಡ್ | อ๊อกซฟอร์ด | အောက်စဖို့မြို့ | オックスフォード | 牛津,46,
02177794-p001-loc01,02177794-p001,02177794,1,,France,3017382,https://www.geonames.org/3017382,46,2,France,프랑스 | an Fhrainc | An Fhraing | Bro-C'hall | Bufalansa | Falanisē | Falánsɛ | Falansia | Faraans | Farāni | Faransa | Faranse | Faransi | Faransiis | Faransiiska | Farânzi | Farayse | fasygu'e | Ffrainc | FR | Frakkland | Frakland | Franca | França | France | Francë | Francëjô | France nutome | Franchiya | Francia | Franciaország | Francie | Francija | Francio | Francja | Francland | Francogallia | Francoska | Francujo | Francuska | Francúzsko | Frankräich | Frankreich | Frankriek | Frankrig | Frankrigi | Frankriika | Frankrijk | Frankrike | Frankrish | Frankryk | Frans | Frañs | Fransa | Fransän | Fransia | Fransiya | Fransiýa | Fransya | Franța | Frantsa | Frantscha | Frantza | Frantzia | Franza | Franzia | Franzsa | Fraunce | Frɛnkyeman | Furansi | Huák-guók | i-France | Nfalanse | Perancis | Pháp | Pow Frenk | Pow Frynk | Prancis | Prancūzija | Pranis | Pransiya | Pransya | Prantsusmaa | Q142 | Ranska | Republic of France | République Française | Ubaranja | Ubufaransa | Ufaransa | Vrankriek | Vrankryk | Wīwī | Yn Rank | Γαλλία | Фаронса | Франц | Франци | Франција | Франция | Франція | Франц улс | Француска | Францыя | საფრანგეთი | Ֆրանսիա | פֿראַנקרייך | צרפת | فرانس | فرانسه | فرانسىيە | فرنسا | فەڕەنسا | فىرانسىيە | ܦܪܢܣܐ | ފަރަންސޭސިވިލާތް | ፈረንሣይ | ፈረንሳይ | फ्रान्स | फ्रांस | फ़्राँस | फ़्रांस | फ़्रांस: | ফ্রান্স | ফ্ৰান্স | ਫ਼ਰਾਂਸ | ફ્રાઁસ | ફ્રાંસ | ଫ୍ରାନ୍ସ | பிரான்ஸ் | ఫ్రాన్స్‌ | ಫ್ರಾನ್ಸ್ | ഫ്രാന്‍സ് | ഫ്രാൻസ് | ප්‍රංශය | ประเทศฝรั่งเศส | ฝรั่งเศส | ຝຣັ່ງ | ཕ་རཱན་སི། | ཕྲཱནས | ပြင်သစ် | បារាំង | フランス | フランス共和国 | ꃔꇩ | 法国 | 法國,147,
02177794-p002-loc01,02177794-p002,02177794,1,,England,6269131,https://www.geonames.org/6269131,52.16045,-0.70312,United Kingdom,잉글랜드 | ꯏꯪꯂꯦꯟ | ଇଂଲଣ୍ଡ | ኢንግላንድ | ᱤᱝᱞᱮᱱᱰ | イングランド | អង់គ្លេស | ߊ߲߬ߜ߭ߌ߬ߟߋ߬ߘߎ߰ | އިނގިރޭސިވިލާތް | ປະເທດອັງກິດ | ประเทศอังกฤษ | 𐌰𐌲𐌲𐌹𐌻𐌰𐌻𐌰𐌽𐌳 | Aŋgɩlɩtɛɛrɩ | Anghiltèra | Anglaterra | Anglatèrra | Angletè | Angletera | Angleterre | Anglia | Anglicko | Anglie | Angliétèrre | Anglii | Anglija | Anglio | Angliya | Angliýa | Anglletèrra | Änglound | Anglujo | Anh | Bro-Saoz | Eenglaante | 'Egelani | ‘Enelani | Engalterra | Engelaand | Engeland | Engelane | Engêlanê | Engelska | Enggeleti | Eŋgglõsjânnam | Engla | Englaland | England | Eŋland | Englánda | Englanti | Engleska | Eng-tē | gligu'e | Hagöri | Iengeland | Igiladi | Ilẹ̀gẹ̀ẹ́sì | Ingalaterra | Ingarangi | Ingelân | Ingeland | Ingɛlandi | Ingelun | INgesi | Ĭng-gáik-làng | Inggeris | Ingglan | Ingglaterranhën | Inggréh | Inggris | Inghiltæra | Inghiltera | Inghiltèra | Inghilterra | Ingila | Ingilaandi | INgilandi | ʻIngilani | Îngilistan | İngiltere | İngıltere | İngiltərə | Ingilterra | Ingiriiska | Inglan | Ingland | Inglatera | Inglaterra | Inglatlālpan | Inglismaa | Inglistán | Inglüsmaa | Inglutere | Ingueltière | Ingyatérra | Inlishpampa | Inlispampa | İnqiltərə | Jendźelska | Langlétè | Legliz | Linglän | Lloegr | Ngeretha | Nggi̱lan | Nghiltiera | Ngilandi | Ngreterra | Ngyiresi | Ongland | Onglėjė | Pow Sows | Q21 | Sasainn | Sasana | Sostyn | tho huttha | Uingereza | Yîn-kak-làn | Yngland | إنجلترا | انجلترا | انگلیس | اینگیلیس | انگلستان | اِنگلِستان | انگلينڊ | انګلېنډ | اينگيليس | لينڭليز | ئینگلتەرا | אנגליה | ענגלאנד | Αγγλία | Англи | Англиа | Англие | Англија | Англис | Англия | Англия Мастор | Англія | Анґлія | Енглеска | Ингалс | Ингалсече | Ингилистон | Инглишин Таңһч | Անգլիա | ინგლისი | इङ्गल्यान्ड | इङ्ग्लेण्डदेशः | इङ्ल्याण्ड | इङ्ल्यान्ड | इंग्लैण्ड | इंग्लैंड | इंग्लंड | ઈંગ્લેન્ડ | ఇంగ్లాండ్ | ਇੰਗਲੈਂਡ | ಇಂಗ್ಲೆಂಡ್ | இங்கிலாந்து | ഇംഗ്ലണ്ട് | ইংলেণ্ড | ইংল্যান্ড | မိူင်းဢိင်ႇၵလႅၼ်ႇ | အင်္ဂလန်နိုင်ငံ | အိန်းကလန်ခမ်းထီ | 英倫 | 英格兰 | 英格蘭,171,
02177794-p003-loc01,02177794-p003,02177794,1,London,London,2643743,https://www.geonames.org/2643743,51.50853,-0.12574,United Kingdom,런던 | ᎫᎴ ᏗᏍᎪᏂᎯᏱ | ܠܘܢܕܘܢ | ለንደን | ロンドン | ଲଣ୍ଡନ | ลอนดอน | ລອນດອນ | GBLON | ILondon | Lākana | Landan | Landen | Llundain | Lodoni | LON | Londain | Londar | Londe | Londen | Londin | Londinium | Londn | london | London | Londona | Londonas | Londoni | Londono | Londons | Lọndọnu | Londra | Łondra | Londres | Londrez | Londri | Londro | Londye | Londyn | Londýn | Lonn | Lontoo | Loundres | Luân Đôn | Lunden | Lundra | Lůndůn | Lundúnir | Lùng-dŭng | Lunnainn | Lunnin | Lunnon | Lûn-tun | Lùn-tûn | Q84 | Rānana | لأندأن | لندن | لەندەن | لوندون | לאנדאן | לונדון | Λονδίνο | Лёндан | Лондан | Лондон | Лондон ош | Лондонъ | ལོན་ཊོན། | Լոնդոն | Լոնտոն | ლონდონი | लण्डन | लन्डन् | लन्दन | लंडन | लंदन | લંડન | లండన్ | ਲੰਡਨ | ಲಂಡನ್ | இலண்டன் | ലണ്ടൻ | লন্ডন | လန်ဒန်မြို့ | ලන්ඩන් | 伦敦 | 倫敦,88,
02177794-p004-loc01,02177794-p004,02177794,1,London,London,2643743,https://www.geonames.org/2643743,51.50853,-0.12574,United Kingdom,런던 | ᎫᎴ ᏗᏍᎪᏂᎯᏱ | ܠܘܢܕܘܢ | ለንደን | ロンドン | ଲଣ୍ଡନ | ลอนดอน | ລອນດອນ | GBLON | ILondon | Lākana | Landan | Landen | Llundain | Lodoni | LON | Londain | Londar | Londe | Londen | Londin | Londinium | Londn | london | London | Londona | Londonas | Londoni | Londono | Londons | Lọndọnu | Londra | Łondra | Londres | Londrez | Londri | Londro | Londye | Londyn | Londýn | Lonn | Lontoo | Loundres | Luân Đôn | Lunden | Lundra | Lůndůn | Lundúnir | Lùng-dŭng | Lunnainn | Lunnin | Lunnon | Lûn-tun | Lùn-tûn | Q84 | Rānana | لأندأن | لندن | لەندەن | لوندون | לאנדאן | לונדון | Λονδίνο | Лёндан | Лондан | Лондон | Лондон ош | Лондонъ | ལོན་ཊོན། | Լոնդոն | Լոնտոն | ლონდონი | लण्डन | लन्डन् | लन्दन | लंडन | लंदन | લંડન | లండన్ | ਲੰਡਨ | ಲಂಡನ್ | இலண்டன் | ലണ്ടൻ | লন্ডন | လန်ဒန်မြို့ | ලන්ඩන් | 伦敦 | 倫敦,88,
02176403-p001-loc01,02176403-p001,02176403,1,Wirksworth,Wirksworth,2633774,https://www.geonames.org/2633774,53.08232,-1.57391,United Kingdom,GBWIR | Virksvorto | Wirksworth | ویرکسوورث,4,
02176403-p002-loc01,02176403-p002,02176403,1,"Ashburnham, Sussex",Ashburnham,2656978,https://www.geonames.org/2656978,50.9,0.4,United Kingdom,Ashburnham,1,
02176403-p003-loc01,02176403-p003,02176403,1,London,London,2643743,https://www.geonames.org/2643743,51.50853,-0.12574,United Kingdom,런던 | ᎫᎴ ᏗᏍᎪᏂᎯᏱ | ܠܘܢܕܘܢ | ለንደን | ロンドン | ଲଣ୍ଡନ | ลอนดอน | ລອນດອນ | GBLON | ILondon | Lākana | Landan | Landen | Llundain | Lodoni | LON | Londain | Londar | Londe | Londen | Londin | Londinium | Londn | london | London | Londona | Londonas | Londoni | Londono | Londons | Lọndọnu | Londra | Łondra | Londres | Londrez | Londri | Londro | Londye | Londyn | Londýn | Lonn | Lontoo | Loundres | Luân Đôn | Lunden | Lundra | Lůndůn | Lundúnir | Lùng-dŭng | Lunnainn | Lunnin | Lunnon | Lûn-tun | Lùn-tûn | Q84 | Rānana | لأندأن | لندن | لەندەن | لوندون | לאנדאן | לונדון | Λονδίνο | Лёндан | Лондан | Лондон | Лондон ош | Лондонъ | ལོན་ཊོན། | Լոնդոն | Լոնտոն | ლონდონი | लण्डन | लन्डन् | लन्दन | लंडन | लंदन | લંડન | లండన్ | ਲੰਡਨ | ಲಂಡನ್ | இலண்டன் | ലണ്ടൻ | লন্ডন | လန်ဒန်မြို့ | ලන්ඩන් | 伦敦 | 倫敦,88,
02176403-p004-loc01,02176403-p004,02176403,1,Woolley Green (Berkshire),Berkshire,2655856,https://www.geonames.org/2655856,51.5,-1.25,United Kingdom,Berks | Berkshire | Ceremonial County Berkshire,3,
02176403-p005-loc01,02176403-p005,02176403,1,London,London,2643743,https://www.geonames.org/2643743,51.50853,-0.12574,United Kingdom,런던 | ᎫᎴ ᏗᏍᎪᏂᎯᏱ | ܠܘܢܕܘܢ | ለንደን | ロンドン | ଲଣ୍ଡନ | ลอนดอน | ລອນດອນ | GBLON | ILondon | Lākana | Landan | Landen | Llundain | Lodoni | LON | Londain | Londar | Londe | Londen | Londin | Londinium | Londn | london | London | Londona | Londonas | Londoni | Londono | Londons | Lọndọnu | Londra | Łondra | Londres | Londrez | Londri | Londro | Londye | Londyn | Londýn | Lonn | Lontoo | Loundres | Luân Đôn | Lunden | Lundra | Lůndůn | Lundúnir | Lùng-dŭng | Lunnainn | Lunnin | Lunnon | Lûn-tun | Lùn-tûn | Q84 | Rānana | لأندأن | لندن | لەندەن | لوندون | לאנדאן | לונדון | Λονδίνο | Лёндан | Лондан | Лондон | Лондон ош | Лондонъ | ལོན་ཊོན། | Լոնդոն | Լոնտոն | ლონდონი | लण्डन | लन्डन् | लन्दन | लंडन | लंदन | લંડન | లండన్ | ਲੰਡਨ | ಲಂಡನ್ | இலண்டன் | ലണ്ടൻ | লন্ডন | လန်ဒန်မြို့ | ලන්ඩන් | 伦敦 | 倫敦,88,
02176403-p006-loc01,02176403-p006,02176403,1,,Steyning,2636928,https://www.geonames.org/2636928,50.88744,-0.32787,United Kingdom,GBSYG | استینین | Стенинг,3,
02176403-p007-loc01,02176403-p007,02176403,1,Wellington,Wellington,2179537,https://www.geonames.org/2179537,-41.28664,174.77557,New Zealand,웰링턴 | Hiê-lìng-dóng | NZWLG | Q23661 | Te Whanga-nui-a-Tara | Ueligitone | Velingtona | Velingtonas | Velingtono | Vellington | Vellingtonia | Vellinqton | Welintòn | Wellington | Wellinton | Weolingtūn | Whanga-nui-a-Tara | WLG | Ουέλλιγκτον | Ουέλλινγκτον | Велингтон | Велінгтан | Веллингтон | Веллінгтон | Уелингтън | ველინგთონი | უელინგტონი | Վելինգտոն | װעלינגטאן | ולינגטון | ولینگتون | ويلينجتون | ويلينغتون | ویلنگٹن | ۋېللىنگتون | ዌሊንግተን | वेलिंगटन | वेलिंग्टन | वेलिङ्गटन | ওয়েলিংটন | ৱেলিংটন | ਵੈਲਿੰਗਟਨ | વેલિંગ્ટન | வெலிங்டன் | ವೆಲ್ಲಿಂಗ್ಟನ್ | വെല്ലിംഗ്ടൺ | เวลลิงตัน | ཝེ་ལིང་ཐོན། | ဝယ်လင်တန်မြို့ | ウェリントン | 威靈頓 | 惠灵顿,52,
00560450-p003-loc01,00560450-p003,00560450,1,Cambridge,Cambridge,2653941,https://www.geonames.org/2653941,52.2,0.11667,United Kingdom,케임브리지 | Caergrawnt | Cambridge | Cantabrigia | CBG | GBCMG | Grantanbrycg | Kambrij | Kembric | Kembridža | Kembridžas | Kembriĝo | Kiam-khiâu | Κέμπριτζ | Кеймбридж | Кембридж | Кембриҷ | Кембриџ | Кембрідж | Кембрыдж | კემბრიჯი | Քեմբրիջ | קיימברידג' | كامبريدج | کمبریج | کیمبرج | केंब्रिज | ক্যামব্রিজ | ಕೇಂಬ್ರಿಜ್ | കേംബ്രിഡ്ജ് | เคมบริดจ์ | ကိန်းဘရစ်ချ်မြို့ | ケンブリッジ | 劍橋,34,
00560451-p002-loc01,00560451-p002,00560451,1,Cambridge,Cambridge,2653941,https://www.geonames.org/2653941,52.2,0.11667,United Kingdom,케임브리지 | Caergrawnt | Cambridge | Cantabrigia | CBG | GBCMG | Grantanbrycg | Kambrij | Kembric | Kembridža | Kembridžas | Kembriĝo | Kiam-khiâu | Κέμπριτζ | Кеймбридж | Кембридж | Кембриҷ | Кембриџ | Кембрідж | Кембрыдж | კემბრიჯი | Քեմբրիջ | קיימברידג' | كامبريدج | کمبریج | کیمبرج | केंब्रिज | ক্যামব্রিজ | ಕೇಂಬ್ರಿಜ್ | കേംബ്രിഡ്ജ് | เคมบริดจ์ | ကိန်းဘရစ်ချ်မြို့ | ケンブリッジ | 劍橋,34,
00560452-p003-loc01,00560452-p003,00560452,1,Cambridge,Cambridge,2653941,https://www.geonames.org/2653941,52.2,0.11667,United Kingdom,케임브리지 | Caergrawnt | Cambridge | Cantabrigia | CBG | GBCMG | Grantanbrycg | Kambrij | Kembric | Kembridža | Kembridžas | Kembriĝo | Kiam-khiâu | Κέμπριτζ | Кеймбридж | Кембридж | Кембриҷ | Кембриџ | Кембрідж | Кембрыдж | კემბრიჯი | Քեմբրիջ | קיימברידג' | كامبريدج | کمبریج | کیمبرج | केंब्रिज | ক্যামব্রিজ | ಕೇಂಬ್ರಿಜ್ | കേംബ്രിഡ്ജ് | เคมบริดจ์ | ကိန်းဘရစ်ချ်မြို့ | ケンブリッジ | 劍橋,34,
00205588-p001-loc01,00205588-p001,00205588,1,London,London,2643743,https://www.geonames.org/2643743,51.50853,-0.12574,United Kingdom,런던 | ᎫᎴ ᏗᏍᎪᏂᎯᏱ | ܠܘܢܕܘܢ | ለንደን | ロンドン | ଲଣ୍ଡନ | ลอนดอน | ລອນດອນ | GBLON | ILondon | Lākana | Landan | Landen | Llundain | Lodoni | LON | Londain | Londar | Londe | Londen | Londin | Londinium | Londn | london | London | Londona | Londonas | Londoni | Londono | Londons | Lọndọnu | Londra | Łondra | Londres | Londrez | Londri | Londro | Londye | Londyn | Londýn | Lonn | Lontoo | Loundres | Luân Đôn | Lunden | Lundra | Lůndůn | Lundúnir | Lùng-dŭng | Lunnainn | Lunnin | Lunnon | Lûn-tun | Lùn-tûn | Q84 | Rānana | لأندأن | لندن | لەندەن | لوندون | לאנדאן | לונדון | Λονδίνο | Лёндан | Лондан | Лондон | Лондон ош | Лондонъ | ལོན་ཊོན། | Լոնդոն | Լոնտոն | ლონდონი | लण्डन | लन्डन् | लन्दन | लंडन | लंदन | લંડન | లండన్ | ਲੰਡਨ | ಲಂಡನ್ | இலண்டன் | ലണ്ടൻ | লন্ডন | လန်ဒန်မြို့ | ලන්ඩන් | 伦敦 | 倫敦,88,
00205588-p002-loc01,00205588-p002,00205588,1,Oxford,Oxford,2640729,https://www.geonames.org/2640729,51.75222,-1.25596,United Kingdom,옥스퍼드 | Àth nan Damh | GBOXF | Oksford | Oksforda | Oksfordas | Oksfordo | Oksfuords | Oxenaford | Oxenaforda | Oxenford | OXF | Oxford | Oxnaford | Öxnafurða | Oxneford | Oxonia | Oxónia | Oxônia | Oxonium | Rhedicina | Rhydychen | Rysoghen | Uxavað | Οξφόρδη | Оксфард | Оксфорд | Оқсфорд | ოქსფორდი | אוקספורד | אקספארד | آکسفورد | آکسفورڈ | أكسفورد | اوكسفورد | ऑक्सफर्ड | ऑक्सफोर्ड | অক্সফোর্ড | ਆਕਸਫ਼ੋਰਡ | ஆக்சுபோர்டு | ఆక్స్‌ఫర్డ్ | ಆಕ್ಸ್‌ಫರ್ಡ್ | อ๊อกซฟอร์ด | အောက်စဖို့မြို့ | オックスフォード | 牛津,46,
00560453-p001-loc01,00560453-p001,00560453,1,Cambridge,Cambridge,2653941,https://www.geonames.org/2653941,52.2,0.11667,United Kingdom,케임브리지 | Caergrawnt | Cambridge | Cantabrigia | CBG | GBCMG | Grantanbrycg | Kambrij | Kembric | Kembridža | Kembridžas | Kembriĝo | Kiam-khiâu | Κέμπριτζ | Кеймбридж | Кембридж | Кембриҷ | Кембриџ | Кембрідж | Кембрыдж | კემბრიჯი | Քեմբրիջ | קיימברידג' | كامبريدج | کمبریج | کیمبرج | केंब्रिज | ক্যামব্রিজ | ಕೇಂಬ್ರಿಜ್ | കേംബ്രിഡ്ജ് | เคมบริดจ์ | ကိန်းဘရစ်ချ်မြို့ | ケンブリッジ | 劍橋,34,
02138779-p001-loc01,02138779-p001,02138779,1,The Hague,Gemeente Den Haag,2747372,https://www.geonames.org/2747372,52.06866,4.28635,The Netherlands,Den Haag | Gemeente Den Haag | Gemeente ’s-Gravenhage | Leidschenveen | 's-Gravenhage | ’s-Gravenhage,6,
02138779-p002-loc01,02138779-p002,02138779,1,The Hague,Gemeente Den Haag,2747372,https://www.geonames.org/2747372,52.06866,4.28635,The Netherlands,Den Haag | Gemeente Den Haag | Gemeente ’s-Gravenhage | Leidschenveen | 's-Gravenhage | ’s-Gravenhage,6,
00560454-p003-loc01,00560454-p003,00560454,1,Cambridge,Cambridge,2653941,https://www.geonames.org/2653941,52.2,0.11667,United Kingdom,케임브리지 | Caergrawnt | Cambridge | Cantabrigia | CBG | GBCMG | Grantanbrycg | Kambrij | Kembric | Kembridža | Kembridžas | Kembriĝo | Kiam-khiâu | Κέμπριτζ | Кеймбридж | Кембридж | Кембриҷ | Кембриџ | Кембрідж | Кембрыдж | კემბრიჯი | Քեմբրիջ | קיימברידג' | كامبريدج | کمبریج | کیمبرج | केंब्रिज | ক্যামব্রিজ | ಕೇಂಬ್ರಿಜ್ | കേംബ്രിഡ്ജ് | เคมบริดจ์ | ကိန်းဘရစ်ချ်မြို့ | ケンブリッジ | 劍橋,34,
02100413-p004-loc01,02100413-p004,02100413,1,Amsterdam,Amsterdam,2759794,https://www.geonames.org/2759794,52.37403,4.88969,The Netherlands,암스테르담 | ܐܡܣܛܪܕܐܡ | አምስተርዳም | アムステルダム | ଆମଷ୍ଟରଡ଼୍ୟାମ | อัมสเตอร์ดัม | 1011 | 1012 | 1013 | 1014 | 1015 | 1016 | 1017 | 1018 | 1019 | 1021 | 1022 | 1023 | 1024 | 1025 | 1026 | 1027 | 1028 | 1031 | 1032 | 1033 | 1034 | 1035 | 1036 | 1037 | 1041 | 1042 | 1043 | 1044 | 1045 | 1046 | 1047 | 1051 | 1052 | 1053 | 1054 | 1055 | 1056 | 1057 | 1058 | 1059 | 1060 | 1061 | 1062 | 1063 | 1064 | 1065 | 1066 | 1067 | 1068 | 1069 | 1071 | 1072 | 1073 | 1074 | 1075 | 1076 | 1077 | 1078 | 1079 | 1081 | 1082 | 1083 | 1086 | 1087 | 1091 | 1092 | 1093 | 1094 | 1095 | 1096 | 1097 | 1098 | 1101 | 1102 | 1103 | 1104 | 1105 | 1106 | 1107 | 1108 | 1109 | Aemstelredamme | Aemsterdam | Amestelledamme | Amesterdã | Âmesterdâm | Amesterdão | Amistardam | AMS | Amseutereudam | Amstadem | Amstardam | Amstardām | Amstèdam | Amsteladamum | Amstelodamum | Amstelodhámon | Amsterdã | Amsterdam | Ámsterdam | Àmsterdam | Amstérdam | Amstɛrɩdam | Amsterdama | Amsterdamas | Amstèrdame | Amsterdami | Amsterdamo | Amsterdams | Amsterdamu | Ámsterdan | Amsterodam | Amstyerdam | Amsŭt'erŭdam | Amszterdam | Āmǔsītèdān | Amusuterudamu | Damsko | I-Amsterdami | Mokum | Mokum Aleph | NLAMS | آمستردام | أمستردام | امستردام | ایمسٹرڈیم | امسټرډام | ئامستېردام | ئەمستەردام | אמסטערדאם | אמסטרדם | Άμστερνταμ | Амстердам | Амстэрдам | ཨེམ་སི་ཊར་ཌམ། | Ամսթերտամ | Ամստերդամ | ამსტერდამი | अ‍ॅम्स्टरडॅम | आम्स्टर्डम | एम्स्तरद्याम | ऐम्स्टर्डैम | ਅਮਸਤਰਦਮ | ಆಂಸ್ಟರ್ಡ್ಯಾಮ್ | ஆம்ஸ்டர்டம் | ആംസ്റ്റർഡാം | আমস্টারডাম | အမ်စတာဒမ်မြို့ | ඈම්ස්ටර්ඩෑම් | 阿姆斯特丹,156,
02100413-p005-loc01,02100413-p005,02100413,1,Den Haag,The Hague,2747373,https://www.geonames.org/2747373,52.07667,4.29861,The Netherlands,헤이그 | デン・ハーグ | 2491 | 2492 | 2493 | 2495 | 2496 | 2497 | 2498 | 2511 | 2512 | 2513 | 2514 | 2515 | 2516 | 2517 | 2518 | 2521 | 2522 | 2523 | 2524 | 2525 | 2526 | 2531 | 2532 | 2533 | 2541 | 2542 | 2543 | 2544 | 2545 | 2546 | 2547 | 2548 | 2551 | 2552 | 2553 | 2554 | 2555 | 2561 | 2562 | 2563 | 2564 | 2565 | 2566 | 2571 | 2572 | 2573 | 2574 | 2581 | 2582 | 2583 | 2584 | 2585 | 2586 | 2587 | 2591 | 2592 | 2593 | 2594 | 2595 | 2596 | 2597 | A Haia | An Háig | De Haach | Den Haag | D'n Haog | Haag | Hag | HAG | Haga | Hága | Hāga | Hago | Hague | La Haia | La Haya | La Haye | Lahey | L'Aia | NLHA9 | NLHAG | Q41795540 | 's-Gravenhage | The Hague | لاهاي | لاهه | האג | Χάγη | Гаага | Хаг | Хага | ჰააგა | 海牙,95,
00206446-p003-loc01,00206446-p003,00206446,1,Oxford,Oxford,2640729,https://www.geonames.org/2640729,51.75222,-1.25596,United Kingdom,옥스퍼드 | Àth nan Damh | GBOXF | Oksford | Oksforda | Oksfordas | Oksfordo | Oksfuords | Oxenaford | Oxenaforda | Oxenford | OXF | Oxford | Oxnaford | Öxnafurða | Oxneford | Oxonia | Oxónia | Oxônia | Oxonium | Rhedicina | Rhydychen | Rysoghen | Uxavað | Οξφόρδη | Оксфард | Оксфорд | Оқсфорд | ოქსფორდი | אוקספורד | אקספארד | آکسفورد | آکسفورڈ | أكسفورد | اوكسفورد | ऑक्सफर्ड | ऑक्सफोर्ड | অক্সফোর্ড | ਆਕਸਫ਼ੋਰਡ | ஆக்சுபோர்டு | ఆక్స్‌ఫర్డ్ | ಆಕ್ಸ್‌ಫರ್ಡ್ | อ๊อกซฟอร์ด | အောက်စဖို့မြို့ | オックスフォード | 牛津,46,
00203815-p004-loc01,00203815-p004,00203815,1,Oxford,Oxford,2640729,https://www.geonames.org/2640729,51.75222,-1.25596,United Kingdom,옥스퍼드 | Àth nan Damh | GBOXF | Oksford | Oksforda | Oksfordas | Oksfordo | Oksfuords | Oxenaford | Oxenaforda | Oxenford | OXF | Oxford | Oxnaford | Öxnafurða | Oxneford | Oxonia | Oxónia | Oxônia | Oxonium | Rhedicina | Rhydychen | Rysoghen | Uxavað | Οξφόρδη | Оксфард | Оксфорд | Оқсфорд | ოქსფორდი | אוקספורד | אקספארד | آکسفورد | آکسفورڈ | أكسفورد | اوكسفورد | ऑक्सफर्ड | ऑक्सफोर्ड | অক্সফোর্ড | ਆਕਸਫ਼ੋਰਡ | ஆக்சுபோர்டு | ఆక్స్‌ఫర్డ్ | ಆಕ್ಸ್‌ಫರ್ಡ್ | อ๊อกซฟอร์ด | အောက်စဖို့မြို့ | オックスフォード | 牛津,46,
00205157-p003-loc01,00205157-p003,00205157,1,Oxford,Oxford,2640729,https://www.geonames.org/2640729,51.75222,-1.25596,United Kingdom,옥스퍼드 | Àth nan Damh | GBOXF | Oksford | Oksforda | Oksfordas | Oksfordo | Oksfuords | Oxenaford | Oxenaforda | Oxenford | OXF | Oxford | Oxnaford | Öxnafurða | Oxneford | Oxonia | Oxónia | Oxônia | Oxonium | Rhedicina | Rhydychen | Rysoghen | Uxavað | Οξφόρδη | Оксфард | Оксфорд | Оқсфорд | ოქსფორდი | אוקספורד | אקספארד | آکسفورد | آکسفورڈ | أكسفورد | اوكسفورد | ऑक्सफर्ड | ऑक्सफोर्ड | অক্সফোর্ড | ਆਕਸਫ਼ੋਰਡ | ஆக்சுபோர்டு | ఆక్స్‌ఫర్డ్ | ಆಕ್ಸ್‌ಫರ್ಡ್ | อ๊อกซฟอร์ด | အောက်စဖို့မြို့ | オックスフォード | 牛津,46,
02100324-p002-loc01,02100324-p002,02100324,1,Paris,Paris,6455259,https://www.geonames.org/6455259,48.86,2.34444,France,75056 | Paris,2,
02100324-p003-loc01,02100324-p003,02100324,1,Schwarzau am Steinfeld,Schwarzau am Steinfeld,2765489,https://www.geonames.org/2765489,47.73183,16.17094,Austria,Schwarzau | Schwarzau am Steinfelde,2,
02100324-p004-loc01,02100324-p004,02100324,1,Paris,Paris,2988507,https://www.geonames.org/2988507,48.85341,2.3488,France,파리 | 75000 | 75001 | 75002 | 75003 | 75004 | 75005 | 75006 | 75007 | 75008 | 75009 | 75010 | 75011 | 75012 | 75013 | 75014 | 75015 | 75016 | 75017 | 75018 | 75019 | 75020 | Baariis | Bahliz | Baris | FRPAR | Lungsod ng Paris | Lutèce | Lutetia | Lutetia Parisorum | Paarys | Palika | Paname | Pantruche | PAR | Paräis | Páras | Pa-ri | Pari | Parĩ | Parī | Paries | Parigge | Pariggi | Parighji | Parigi | Pariis | Pariisi | Pariižu | Parij | Parijs | paris | Paris | París | Parîs | Parisi | Parixe | Pariz | Pariž | Paríž | Paříž | Parīze | Parizo | Párizs | Parys | Paryż | Paryžius | Q90 | Ville-Lumière | Παρίσι | Париж | Париж ош | Парижь | Париз | Парис | Паріж | Парыж | პარიზი | Բարիզ | Փարիզ | פאריז | פריז | باريس | پارىژ | پاريس | پاریس | پیرس | ܦܐܪܝܣ | ፓሪስ | पॅरिस | पेरिस | पैरिस | প্যারিস | ਪੈਰਿਸ | પૅરિસ | பாரிஸ் | పారిస్ | ಪ್ಯಾರಿಸ್ | പാരിസ് | ปารีส | ཕ་རི། | ပါရီမြို့ | ប៉ារីស | パリ | 巴黎,105,"The auction catalogue of Giraud-Badin/Hoepli (1932) describes this copy as 'à l'usage du monastère de Windesheim, Bavière'"
02100324-p005-loc01,02100324-p005,02100324,1,Den Haag,The Hague,2747373,https://www.geonames.org/2747373,52.07667,4.29861,The Netherlands,헤이그 | デン・ハーグ | 2491 | 2492 | 2493 | 2495 | 2496 | 2497 | 2498 | 2511 | 2512 | 2513 | 2514 | 2515 | 2516 | 2517 | 2518 | 2521 | 2522 | 2523 | 2524 | 2525 | 2526 | 2531 | 2532 | 2533 | 2541 | 2542 | 2543 | 2544 | 2545 | 2546 | 2547 | 2548 | 2551 | 2552 | 2553 | 2554 | 2555 | 2561 | 2562 | 2563 | 2564 | 2565 | 2566 | 2571 | 2572 | 2573 | 2574 | 2581 | 2582 | 2583 | 2584 | 2585 | 2586 | 2587 | 2591 | 2592 | 2593 | 2594 | 2595 | 2596 | 2597 | A Haia | An Háig | De Haach | Den Haag | D'n Haog | Haag | Hag | HAG | Haga | Hága | Hāga | Hago | Hague | La Haia | La Haya | La Haye | Lahey | L'Aia | NLHA9 | NLHAG | Q41795540 | 's-Gravenhage | The Hague | لاهاي | لاهه | האג | Χάγη | Гаага | Хаг | Хага | ჰააგა | 海牙,95,
00560455-p002-loc01,00560455-p002,00560455,1,Cambridge,Cambridge,2653941,https://www.geonames.org/2653941,52.2,0.11667,United Kingdom,케임브리지 | Caergrawnt | Cambridge | Cantabrigia | CBG | GBCMG | Grantanbrycg | Kambrij | Kembric | Kembridža | Kembridžas | Kembriĝo | Kiam-khiâu | Κέμπριτζ | Кеймбридж | Кембридж | Кембриҷ | Кембриџ | Кембрідж | Кембрыдж | კემბრიჯი | Քեմբրիջ | קיימברידג' | كامبريدج | کمبریج | کیمبرج | केंब्रिज | ক্যামব্রিজ | ಕೇಂಬ್ರಿಜ್ | കേംബ്രിഡ്ജ് | เคมบริดจ์ | ကိန်းဘရစ်ချ်မြို့ | ケンブリッジ | 劍橋,34,
02000285-p001-loc01,02000285-p001,02000285,1,Italy,,,,,,,,0,
02000285-p002-loc01,02000285-p002,02000285,1,Naples,Naples,3172394,https://www.geonames.org/3172394,40.85216,14.26811,Italy,나폴리 | 80133 | ITNAP | NAP | Napels | Naples | Naplés | Napoles | Nápoles | Napoli | Napólí | Nápoli | Nàpoli | Napolo | Napols | Nápols | Nàpols | Nápoly | Nappoli | Napul | Napule | Nàpuli | Nàpułi | Napulj | Neapel | Neapelj | Neapol | Neapole | Neapolis | Noapels | Parthenope | Νάπολη | Напуљ | Неапаль | Неапол | Неаполь | ნეაპოლი | Նեապոլ | נאפאלי | נאפולי | نابولي | ناپل | ناپولی | نیپلز | नापोलि | नापोली | नेपल्स | নেপলস | நாபொலி | เนเปิลส์ | ナポリ | 那不勒斯,52,
02000285-p003-loc01,02000285-p003,02000285,1,Althorp,Althorp,7296694,https://www.geonames.org/7296694,52.28107,-1.00095,United Kingdom,,0,
02000285-p004-loc01,02000285-p004,02000285,1,Manchester,Manchester,2643123,https://www.geonames.org/2643123,53.48095,-2.23743,United Kingdom,맨체스터 | ማንችስተር | マンチェスター | แมนเชสเตอร์ | GBMNC | Mameceaster | MAN | Manceinion | Mančesteris | Mančestra | Manĉestro | Manchain | Manchester | Mánchester | Manchéstér | Manchêtre | Manchuin | Mancunium | Q2166304 | مانچسٹر | مانشستر | منچستر | منچئستئر | מאנטשעסטער | מנצ'סטר | Μάντσεστερ | Манчестер | Манчестър | Манчэстэр | მანჩესტერი | मैन्चेस्टर | मँचेस्टर | మాంచెస్టర్ | ಮ್ಯಾಂಚೆಸ್ಟರ್ | மான்செஸ்டர் | മാഞ്ചസ്റ്റർ | ম্যানচেস্টার | 曼彻斯特,38,
02000285-p005-loc01,02000285-p005,02000285,1,Manchester,Manchester,2643123,https://www.geonames.org/2643123,53.48095,-2.23743,United Kingdom,맨체스터 | ማንችስተር | マンチェスター | แมนเชสเตอร์ | GBMNC | Mameceaster | MAN | Manceinion | Mančesteris | Mančestra | Manĉestro | Manchain | Manchester | Mánchester | Manchéstér | Manchêtre | Manchuin | Mancunium | Q2166304 | مانچسٹر | مانشستر | منچستر | منچئستئر | מאנטשעסטער | מנצ'סטר | Μάντσεστερ | Манчестер | Манчестър | Манчэстэр | მანჩესტერი | मैन्चेस्टर | मँचेस्टर | మాంచెస్టర్ | ಮ್ಯಾಂಚೆಸ್ಟರ್ | மான்செஸ்டர் | മാഞ്ചസ്റ്റർ | ম্যানচেস্টার | 曼彻斯特,38,
00560456-p006-loc01,00560456-p006,00560456,1,Cambridge,Cambridge,2653941,https://www.geonames.org/2653941,52.2,0.11667,United Kingdom,케임브리지 | Caergrawnt | Cambridge | Cantabrigia | CBG | GBCMG | Grantanbrycg | Kambrij | Kembric | Kembridža | Kembridžas | Kembriĝo | Kiam-khiâu | Κέμπριτζ | Кеймбридж | Кембридж | Кембриҷ | Кембриџ | Кембрідж | Кембрыдж | კემბრიჯი | Քեմբրիջ | קיימברידג' | كامبريدج | کمبریج | کیمبرج | केंब्रिज | ক্যামব্রিজ | ಕೇಂಬ್ರಿಜ್ | കേംബ്രിഡ്ജ് | เคมบริดจ์ | ကိန်းဘရစ်ချ်မြို့ | ケンブリッジ | 劍橋,34,
00560457-p001-loc01,00560457-p001,00560457,1,Cambridge,Cambridge,2653941,https://www.geonames.org/2653941,52.2,0.11667,United Kingdom,케임브리지 | Caergrawnt | Cambridge | Cantabrigia | CBG | GBCMG | Grantanbrycg | Kambrij | Kembric | Kembridža | Kembridžas | Kembriĝo | Kiam-khiâu | Κέμπριτζ | Кеймбридж | Кембридж | Кембриҷ | Кембриџ | Кембрідж | Кембрыдж | კემბრიჯი | Քեմբրիջ | קיימברידג' | كامبريدج | کمبریج | کیمبرج | केंब्रिज | ক্যামব্রিজ | ಕೇಂಬ್ರಿಜ್ | കേംബ്രിഡ്ജ് | เคมบริดจ์ | ကိန်းဘရစ်ချ်မြို့ | ケンブリッジ | 劍橋,34,
02101705-p005-loc01,02101705-p005,02101705,1,Den Haag,The Hague,2747373,https://www.geonames.org/2747373,52.07667,4.29861,The Netherlands,헤이그 | デン・ハーグ | 2491 | 2492 | 2493 | 2495 | 2496 | 2497 | 2498 | 2511 | 2512 | 2513 | 2514 | 2515 | 2516 | 2517 | 2518 | 2521 | 2522 | 2523 | 2524 | 2525 | 2526 | 2531 | 2532 | 2533 | 2541 | 2542 | 2543 | 2544 | 2545 | 2546 | 2547 | 2548 | 2551 | 2552 | 2553 | 2554 | 2555 | 2561 | 2562 | 2563 | 2564 | 2565 | 2566 | 2571 | 2572 | 2573 | 2574 | 2581 | 2582 | 2583 | 2584 | 2585 | 2586 | 2587 | 2591 | 2592 | 2593 | 2594 | 2595 | 2596 | 2597 | A Haia | An Háig | De Haach | Den Haag | D'n Haog | Haag | Hag | HAG | Haga | Hága | Hāga | Hago | Hague | La Haia | La Haya | La Haye | Lahey | L'Aia | NLHA9 | NLHAG | Q41795540 | 's-Gravenhage | The Hague | لاهاي | لاهه | האג | Χάγη | Гаага | Хаг | Хага | ჰააგა | 海牙,95,
02101705-p006-loc01,02101705-p006,02101705,1,Den Haag,The Hague,2747373,https://www.geonames.org/2747373,52.07667,4.29861,The Netherlands,헤이그 | デン・ハーグ | 2491 | 2492 | 2493 | 2495 | 2496 | 2497 | 2498 | 2511 | 2512 | 2513 | 2514 | 2515 | 2516 | 2517 | 2518 | 2521 | 2522 | 2523 | 2524 | 2525 | 2526 | 2531 | 2532 | 2533 | 2541 | 2542 | 2543 | 2544 | 2545 | 2546 | 2547 | 2548 | 2551 | 2552 | 2553 | 2554 | 2555 | 2561 | 2562 | 2563 | 2564 | 2565 | 2566 | 2571 | 2572 | 2573 | 2574 | 2581 | 2582 | 2583 | 2584 | 2585 | 2586 | 2587 | 2591 | 2592 | 2593 | 2594 | 2595 | 2596 | 2597 | A Haia | An Háig | De Haach | Den Haag | D'n Haog | Haag | Hag | HAG | Haga | Hága | Hāga | Hago | Hague | La Haia | La Haya | La Haye | Lahey | L'Aia | NLHA9 | NLHAG | Q41795540 | 's-Gravenhage | The Hague | لاهاي | لاهه | האג | Χάγη | Гаага | Хаг | Хага | ჰააგა | 海牙,95,
02149728-p002-loc01,02149728-p002,02149728,1,London,London,2643743,https://www.geonames.org/2643743,51.50853,-0.12574,United Kingdom,런던 | ᎫᎴ ᏗᏍᎪᏂᎯᏱ | ܠܘܢܕܘܢ | ለንደን | ロンドン | ଲଣ୍ଡନ | ลอนดอน | ລອນດອນ | GBLON | ILondon | Lākana | Landan | Landen | Llundain | Lodoni | LON | Londain | Londar | Londe | Londen | Londin | Londinium | Londn | london | London | Londona | Londonas | Londoni | Londono | Londons | Lọndọnu | Londra | Łondra | Londres | Londrez | Londri | Londro | Londye | Londyn | Londýn | Lonn | Lontoo | Loundres | Luân Đôn | Lunden | Lundra | Lůndůn | Lundúnir | Lùng-dŭng | Lunnainn | Lunnin | Lunnon | Lûn-tun | Lùn-tûn | Q84 | Rānana | لأندأن | لندن | لەندەن | لوندون | לאנדאן | לונדון | Λονδίνο | Лёндан | Лондан | Лондон | Лондон ош | Лондонъ | ལོན་ཊོན། | Լոնդոն | Լոնտոն | ლონდონი | लण्डन | लन्डन् | लन्दन | लंडन | लंदन | લંડન | లండన్ | ਲੰਡਨ | ಲಂಡನ್ | இலண்டன் | ലണ്ടൻ | লন্ডন | လန်ဒန်မြို့ | ලන්ඩන් | 伦敦 | 倫敦,88,
02149728-p003-loc01,02149728-p003,02149728,1,London,London,2643743,https://www.geonames.org/2643743,51.50853,-0.12574,United Kingdom,런던 | ᎫᎴ ᏗᏍᎪᏂᎯᏱ | ܠܘܢܕܘܢ | ለንደን | ロンドン | ଲଣ୍ଡନ | ลอนดอน | ລອນດອນ | GBLON | ILondon | Lākana | Landan | Landen | Llundain | Lodoni | LON | Londain | Londar | Londe | Londen | Londin | Londinium | Londn | london | London | Londona | Londonas | Londoni | Londono | Londons | Lọndọnu | Londra | Łondra | Londres | Londrez | Londri | Londro | Londye | Londyn | Londýn | Lonn | Lontoo | Loundres | Luân Đôn | Lunden | Lundra | Lůndůn | Lundúnir | Lùng-dŭng | Lunnainn | Lunnin | Lunnon | Lûn-tun | Lùn-tûn | Q84 | Rānana | لأندأن | لندن | لەندەن | لوندون | לאנדאן | לונדון | Λονδίνο | Лёндан | Лондан | Лондон | Лондон ош | Лондонъ | ལོན་ཊོན། | Լոնդոն | Լոնտոն | ლონდონი | लण्डन | लन्डन् | लन्दन | लंडन | लंदन | લંડન | లండన్ | ਲੰਡਨ | ಲಂಡನ್ | இலண்டன் | ലണ്ടൻ | লন্ডন | လန်ဒန်မြို့ | ලන්ඩන් | 伦敦 | 倫敦,88,
02150602-p003-loc01,02150602-p003,02150602,1,Deventer,Deventer,2756987,https://www.geonames.org/2756987,52.255,6.16389,The Netherlands,데벤터르 | デーフェンテル | เดเวนเตอร์ | 7411 | 7412 | 7413 | 7414 | 7415 | 7416 | 7417 | 7418 | 7419 | 7421 | 7422 | 7423 | 7424 | 7425 | 7426 | 7427 | 7428 | Daventria | Deventer | Deventeris | Dimter | Gemeen Dèventer | NLDEV | Q26296883 | QYV | دفنتر | Девентер | Դեյվենտեր | 代芬特尔,32,
02101580-p003-loc01,02101580-p003,02101580,1,Amsterdam,Amsterdam,2759794,https://www.geonames.org/2759794,52.37403,4.88969,The Netherlands,암스테르담 | ܐܡܣܛܪܕܐܡ | አምስተርዳም | アムステルダム | ଆମଷ୍ଟରଡ଼୍ୟାମ | อัมสเตอร์ดัม | 1011 | 1012 | 1013 | 1014 | 1015 | 1016 | 1017 | 1018 | 1019 | 1021 | 1022 | 1023 | 1024 | 1025 | 1026 | 1027 | 1028 | 1031 | 1032 | 1033 | 1034 | 1035 | 1036 | 1037 | 1041 | 1042 | 1043 | 1044 | 1045 | 1046 | 1047 | 1051 | 1052 | 1053 | 1054 | 1055 | 1056 | 1057 | 1058 | 1059 | 1060 | 1061 | 1062 | 1063 | 1064 | 1065 | 1066 | 1067 | 1068 | 1069 | 1071 | 1072 | 1073 | 1074 | 1075 | 1076 | 1077 | 1078 | 1079 | 1081 | 1082 | 1083 | 1086 | 1087 | 1091 | 1092 | 1093 | 1094 | 1095 | 1096 | 1097 | 1098 | 1101 | 1102 | 1103 | 1104 | 1105 | 1106 | 1107 | 1108 | 1109 | Aemstelredamme | Aemsterdam | Amestelledamme | Amesterdã | Âmesterdâm | Amesterdão | Amistardam | AMS | Amseutereudam | Amstadem | Amstardam | Amstardām | Amstèdam | Amsteladamum | Amstelodamum | Amstelodhámon | Amsterdã | Amsterdam | Ámsterdam | Àmsterdam | Amstérdam | Amstɛrɩdam | Amsterdama | Amsterdamas | Amstèrdame | Amsterdami | Amsterdamo | Amsterdams | Amsterdamu | Ámsterdan | Amsterodam | Amstyerdam | Amsŭt'erŭdam | Amszterdam | Āmǔsītèdān | Amusuterudamu | Damsko | I-Amsterdami | Mokum | Mokum Aleph | NLAMS | آمستردام | أمستردام | امستردام | ایمسٹرڈیم | امسټرډام | ئامستېردام | ئەمستەردام | אמסטערדאם | אמסטרדם | Άμστερνταμ | Амстердам | Амстэрдам | ཨེམ་སི་ཊར་ཌམ། | Ամսթերտամ | Ամստերդամ | ამსტერდამი | अ‍ॅम्स्टरडॅम | आम्स्टर्डम | एम्स्तरद्याम | ऐम्स्टर्डैम | ਅਮਸਤਰਦਮ | ಆಂಸ್ಟರ್ಡ್ಯಾಮ್ | ஆம்ஸ்டர்டம் | ആംസ്റ്റർഡാം | আমস্টারডাম | အမ်စတာဒမ်မြို့ | ඈම්ස්ටර්ඩෑම් | 阿姆斯特丹,156,
02101580-p004-loc01,02101580-p004,02101580,1,Amsterdam,Gemeente Amsterdam,2759793,https://www.geonames.org/2759793,52.37302,4.89856,The Netherlands,Amsterdam | Gemeente Amsterdam,2,
02101580-p005-loc01,02101580-p005,02101580,1,Den Haag,The Hague,2747373,https://www.geonames.org/2747373,52.07667,4.29861,The Netherlands,헤이그 | デン・ハーグ | 2491 | 2492 | 2493 | 2495 | 2496 | 2497 | 2498 | 2511 | 2512 | 2513 | 2514 | 2515 | 2516 | 2517 | 2518 | 2521 | 2522 | 2523 | 2524 | 2525 | 2526 | 2531 | 2532 | 2533 | 2541 | 2542 | 2543 | 2544 | 2545 | 2546 | 2547 | 2548 | 2551 | 2552 | 2553 | 2554 | 2555 | 2561 | 2562 | 2563 | 2564 | 2565 | 2566 | 2571 | 2572 | 2573 | 2574 | 2581 | 2582 | 2583 | 2584 | 2585 | 2586 | 2587 | 2591 | 2592 | 2593 | 2594 | 2595 | 2596 | 2597 | A Haia | An Háig | De Haach | Den Haag | D'n Haog | Haag | Hag | HAG | Haga | Hága | Hāga | Hago | Hague | La Haia | La Haya | La Haye | Lahey | L'Aia | NLHA9 | NLHAG | Q41795540 | 's-Gravenhage | The Hague | لاهاي | لاهه | האג | Χάγη | Гаага | Хаг | Хага | ჰააგა | 海牙,95,
00560459-p001-loc01,00560459-p001,00560459,1,Cambridge,Cambridge,2653941,https://www.geonames.org/2653941,52.2,0.11667,United Kingdom,케임브리지 | Caergrawnt | Cambridge | Cantabrigia | CBG | GBCMG | Grantanbrycg | Kambrij | Kembric | Kembridža | Kembridžas | Kembriĝo | Kiam-khiâu | Κέμπριτζ | Кеймбридж | Кембридж | Кембриҷ | Кембриџ | Кембрідж | Кембрыдж | კემბრიჯი | Քեմբրիջ | קיימברידג' | كامبريدج | کمبریج | کیمبرج | केंब्रिज | ক্যামব্রিজ | ಕೇಂಬ್ರಿಜ್ | കേംബ്രിഡ്ജ് | เคมบริดจ์ | ကိန်းဘရစ်ချ်မြို့ | ケンブリッジ | 劍橋,34,
02101376-p001-loc01,02101376-p001,02101376,1,Delft,Delft,2757345,https://www.geonames.org/2757345,52.00667,4.35556,The Netherlands,2611 | 2612 | 2613 | 2614 | 2616 | 2622 | 2623 | 2624 | 2625 | 2626 | 2627 | 2628 | 2629 | Delft | NLDFT | Q33432813 | דלפט | Ντελφτ | Делфт | 代尔夫特 | デルフト市,21,
02101376-p002-loc01,02101376-p002,02101376,1,Leiden,Leiden,2751773,https://www.geonames.org/2751773,52.15833,4.49306,The Netherlands,레이던 | 2311 | 2312 | 2313 | 2314 | 2315 | 2316 | 2317 | 2318 | 2321 | 2322 | 2323 | 2324 | 2331 | 2332 | 2333 | 2334 | Leida | Lèida | Leiden | Leidenas | Leidene | Leie | Leien | Lejda | Lejdeni | Leyde | Leyden | Lugdunum | Lugdunum Batavorum | NLLID | Q33456378 | Λέιντεν | Лайден | Лајден | Лейден | Лейдэн | ლეიდენი | Լեյդեն | ליידן | لائڈن | لايدن | لايدين | لیدن | লাইডেন | லைடன் | ไลเดิน | ライデン | 莱顿,49,
02101376-p003-loc01,02101376-p003,02101376,1,Den Haag,The Hague,2747373,https://www.geonames.org/2747373,52.07667,4.29861,The Netherlands,헤이그 | デン・ハーグ | 2491 | 2492 | 2493 | 2495 | 2496 | 2497 | 2498 | 2511 | 2512 | 2513 | 2514 | 2515 | 2516 | 2517 | 2518 | 2521 | 2522 | 2523 | 2524 | 2525 | 2526 | 2531 | 2532 | 2533 | 2541 | 2542 | 2543 | 2544 | 2545 | 2546 | 2547 | 2548 | 2551 | 2552 | 2553 | 2554 | 2555 | 2561 | 2562 | 2563 | 2564 | 2565 | 2566 | 2571 | 2572 | 2573 | 2574 | 2581 | 2582 | 2583 | 2584 | 2585 | 2586 | 2587 | 2591 | 2592 | 2593 | 2594 | 2595 | 2596 | 2597 | A Haia | An Háig | De Haach | Den Haag | D'n Haog | Haag | Hag | HAG | Haga | Hága | Hāga | Hago | Hague | La Haia | La Haya | La Haye | Lahey | L'Aia | NLHA9 | NLHAG | Q41795540 | 's-Gravenhage | The Hague | لاهاي | لاهه | האג | Χάγη | Гаага | Хаг | Хага | ჰააგა | 海牙,95,
02101376-p005-loc01,02101376-p005,02101376,1,Den Haag,The Hague,2747373,https://www.geonames.org/2747373,52.07667,4.29861,The Netherlands,헤이그 | デン・ハーグ | 2491 | 2492 | 2493 | 2495 | 2496 | 2497 | 2498 | 2511 | 2512 | 2513 | 2514 | 2515 | 2516 | 2517 | 2518 | 2521 | 2522 | 2523 | 2524 | 2525 | 2526 | 2531 | 2532 | 2533 | 2541 | 2542 | 2543 | 2544 | 2545 | 2546 | 2547 | 2548 | 2551 | 2552 | 2553 | 2554 | 2555 | 2561 | 2562 | 2563 | 2564 | 2565 | 2566 | 2571 | 2572 | 2573 | 2574 | 2581 | 2582 | 2583 | 2584 | 2585 | 2586 | 2587 | 2591 | 2592 | 2593 | 2594 | 2595 | 2596 | 2597 | A Haia | An Háig | De Haach | Den Haag | D'n Haog | Haag | Hag | HAG | Haga | Hága | Hāga | Hago | Hague | La Haia | La Haya | La Haye | Lahey | L'Aia | NLHA9 | NLHAG | Q41795540 | 's-Gravenhage | The Hague | لاهاي | لاهه | האג | Χάγη | Гаага | Хаг | Хага | ჰააგა | 海牙,95,
00560458-p005-loc01,00560458-p005,00560458,1,Cambridge,Cambridge,2653941,https://www.geonames.org/2653941,52.2,0.11667,United Kingdom,케임브리지 | Caergrawnt | Cambridge | Cantabrigia | CBG | GBCMG | Grantanbrycg | Kambrij | Kembric | Kembridža | Kembridžas | Kembriĝo | Kiam-khiâu | Κέμπριτζ | Кеймбридж | Кембридж | Кембриҷ | Кембриџ | Кембрідж | Кембрыдж | კემბრიჯი | Քեմբրիջ | קיימברידג' | كامبريدج | کمبریج | کیمبرج | केंब्रिज | ক্যামব্রিজ | ಕೇಂಬ್ರಿಜ್ | കേംബ്രിഡ്ജ് | เคมบริดจ์ | ကိန်းဘရစ်ချ်မြို့ | ケンブリッジ | 劍橋,34,
02138780-p001-loc01,02138780-p001,02138780,1,The Hague,Gemeente Den Haag,2747372,https://www.geonames.org/2747372,52.06866,4.28635,The Netherlands,Den Haag | Gemeente Den Haag | Gemeente ’s-Gravenhage | Leidschenveen | 's-Gravenhage | ’s-Gravenhage,6,
02138780-p002-loc01,02138780-p002,02138780,1,The Hague,Gemeente Den Haag,2747372,https://www.geonames.org/2747372,52.06866,4.28635,The Netherlands,Den Haag | Gemeente Den Haag | Gemeente ’s-Gravenhage | Leidschenveen | 's-Gravenhage | ’s-Gravenhage,6,
02138781-p001-loc01,02138781-p001,02138781,1,The Hague,Gemeente Den Haag,2747372,https://www.geonames.org/2747372,52.06866,4.28635,The Netherlands,Den Haag | Gemeente Den Haag | Gemeente ’s-Gravenhage | Leidschenveen | 's-Gravenhage | ’s-Gravenhage,6,
02138781-p002-loc01,02138781-p002,02138781,1,The Hague,Gemeente Den Haag,2747372,https://www.geonames.org/2747372,52.06866,4.28635,The Netherlands,Den Haag | Gemeente Den Haag | Gemeente ’s-Gravenhage | Leidschenveen | 's-Gravenhage | ’s-Gravenhage,6,
00560460-p002-loc01,00560460-p002,00560460,1,Cambridge,Cambridge,2653941,https://www.geonames.org/2653941,52.2,0.11667,United Kingdom,케임브리지 | Caergrawnt | Cambridge | Cantabrigia | CBG | GBCMG | Grantanbrycg | Kambrij | Kembric | Kembridža | Kembridžas | Kembriĝo | Kiam-khiâu | Κέμπριτζ | Кеймбридж | Кембридж | Кембриҷ | Кембриџ | Кембрідж | Кембрыдж | კემბრიჯი | Քեմբրիջ | קיימברידג' | كامبريدج | کمبریج | کیمبرج | केंब्रिज | ক্যামব্রিজ | ಕೇಂಬ್ರಿಜ್ | കേംബ്രിഡ്ജ് | เคมบริดจ์ | ကိန်းဘရစ်ချ်မြို့ | ケンブリッジ | 劍橋,34,
02101036-p003-loc01,02101036-p003,02101036,1,Den Haag,The Hague,2747373,https://www.geonames.org/2747373,52.07667,4.29861,The Netherlands,헤이그 | デン・ハーグ | 2491 | 2492 | 2493 | 2495 | 2496 | 2497 | 2498 | 2511 | 2512 | 2513 | 2514 | 2515 | 2516 | 2517 | 2518 | 2521 | 2522 | 2523 | 2524 | 2525 | 2526 | 2531 | 2532 | 2533 | 2541 | 2542 | 2543 | 2544 | 2545 | 2546 | 2547 | 2548 | 2551 | 2552 | 2553 | 2554 | 2555 | 2561 | 2562 | 2563 | 2564 | 2565 | 2566 | 2571 | 2572 | 2573 | 2574 | 2581 | 2582 | 2583 | 2584 | 2585 | 2586 | 2587 | 2591 | 2592 | 2593 | 2594 | 2595 | 2596 | 2597 | A Haia | An Háig | De Haach | Den Haag | D'n Haog | Haag | Hag | HAG | Haga | Hága | Hāga | Hago | Hague | La Haia | La Haya | La Haye | Lahey | L'Aia | NLHA9 | NLHAG | Q41795540 | 's-Gravenhage | The Hague | لاهاي | لاهه | האג | Χάγη | Гаага | Хаг | Хага | ჰააგა | 海牙,95,
02100872-p002-loc01,02100872-p002,02100872,1,Den Haag,The Hague,2747373,https://www.geonames.org/2747373,52.07667,4.29861,The Netherlands,헤이그 | デン・ハーグ | 2491 | 2492 | 2493 | 2495 | 2496 | 2497 | 2498 | 2511 | 2512 | 2513 | 2514 | 2515 | 2516 | 2517 | 2518 | 2521 | 2522 | 2523 | 2524 | 2525 | 2526 | 2531 | 2532 | 2533 | 2541 | 2542 | 2543 | 2544 | 2545 | 2546 | 2547 | 2548 | 2551 | 2552 | 2553 | 2554 | 2555 | 2561 | 2562 | 2563 | 2564 | 2565 | 2566 | 2571 | 2572 | 2573 | 2574 | 2581 | 2582 | 2583 | 2584 | 2585 | 2586 | 2587 | 2591 | 2592 | 2593 | 2594 | 2595 | 2596 | 2597 | A Haia | An Háig | De Haach | Den Haag | D'n Haog | Haag | Hag | HAG | Haga | Hága | Hāga | Hago | Hague | La Haia | La Haya | La Haye | Lahey | L'Aia | NLHA9 | NLHAG | Q41795540 | 's-Gravenhage | The Hague | لاهاي | لاهه | האג | Χάγη | Гаага | Хаг | Хага | ჰააგა | 海牙,95,
00560461-p002-loc01,00560461-p002,00560461,1,Cambridge,Cambridge,2653941,https://www.geonames.org/2653941,52.2,0.11667,United Kingdom,케임브리지 | Caergrawnt | Cambridge | Cantabrigia | CBG | GBCMG | Grantanbrycg | Kambrij | Kembric | Kembridža | Kembridžas | Kembriĝo | Kiam-khiâu | Κέμπριτζ | Кеймбридж | Кембридж | Кембриҷ | Кембриџ | Кембрідж | Кембрыдж | კემბრიჯი | Քեմբրիջ | קיימברידג' | كامبريدج | کمبریج | کیمبرج | केंब्रिज | ক্যামব্রিজ | ಕೇಂಬ್ರಿಜ್ | കേംബ്രിഡ്ജ് | เคมบริดจ์ | ကိန်းဘရစ်ချ်မြို့ | ケンブリッジ | 劍橋,34,
02100779-p003-loc01,02100779-p003,02100779,1,Den Haag,The Hague,2747373,https://www.geonames.org/2747373,52.07667,4.29861,The Netherlands,헤이그 | デン・ハーグ | 2491 | 2492 | 2493 | 2495 | 2496 | 2497 | 2498 | 2511 | 2512 | 2513 | 2514 | 2515 | 2516 | 2517 | 2518 | 2521 | 2522 | 2523 | 2524 | 2525 | 2526 | 2531 | 2532 | 2533 | 2541 | 2542 | 2543 | 2544 | 2545 | 2546 | 2547 | 2548 | 2551 | 2552 | 2553 | 2554 | 2555 | 2561 | 2562 | 2563 | 2564 | 2565 | 2566 | 2571 | 2572 | 2573 | 2574 | 2581 | 2582 | 2583 | 2584 | 2585 | 2586 | 2587 | 2591 | 2592 | 2593 | 2594 | 2595 | 2596 | 2597 | A Haia | An Háig | De Haach | Den Haag | D'n Haog | Haag | Hag | HAG | Haga | Hága | Hāga | Hago | Hague | La Haia | La Haya | La Haye | Lahey | L'Aia | NLHA9 | NLHAG | Q41795540 | 's-Gravenhage | The Hague | لاهاي | لاهه | האג | Χάγη | Гаага | Хаг | Хага | ჰააგა | 海牙,95,
02138782-p001-loc01,02138782-p001,02138782,1,The Hague,Gemeente Den Haag,2747372,https://www.geonames.org/2747372,52.06866,4.28635,The Netherlands,Den Haag | Gemeente Den Haag | Gemeente ’s-Gravenhage | Leidschenveen | 's-Gravenhage | ’s-Gravenhage,6,
02138782-p002-loc01,02138782-p002,02138782,1,The Hague,Gemeente Den Haag,2747372,https://www.geonames.org/2747372,52.06866,4.28635,The Netherlands,Den Haag | Gemeente Den Haag | Gemeente ’s-Gravenhage | Leidschenveen | 's-Gravenhage | ’s-Gravenhage,6,
02100475-p003-loc01,02100475-p003,02100475,1,Amsterdam,Amsterdam,2759794,https://www.geonames.org/2759794,52.37403,4.88969,The Netherlands,암스테르담 | ܐܡܣܛܪܕܐܡ | አምስተርዳም | アムステルダム | ଆମଷ୍ଟରଡ଼୍ୟାମ | อัมสเตอร์ดัม | 1011 | 1012 | 1013 | 1014 | 1015 | 1016 | 1017 | 1018 | 1019 | 1021 | 1022 | 1023 | 1024 | 1025 | 1026 | 1027 | 1028 | 1031 | 1032 | 1033 | 1034 | 1035 | 1036 | 1037 | 1041 | 1042 | 1043 | 1044 | 1045 | 1046 | 1047 | 1051 | 1052 | 1053 | 1054 | 1055 | 1056 | 1057 | 1058 | 1059 | 1060 | 1061 | 1062 | 1063 | 1064 | 1065 | 1066 | 1067 | 1068 | 1069 | 1071 | 1072 | 1073 | 1074 | 1075 | 1076 | 1077 | 1078 | 1079 | 1081 | 1082 | 1083 | 1086 | 1087 | 1091 | 1092 | 1093 | 1094 | 1095 | 1096 | 1097 | 1098 | 1101 | 1102 | 1103 | 1104 | 1105 | 1106 | 1107 | 1108 | 1109 | Aemstelredamme | Aemsterdam | Amestelledamme | Amesterdã | Âmesterdâm | Amesterdão | Amistardam | AMS | Amseutereudam | Amstadem | Amstardam | Amstardām | Amstèdam | Amsteladamum | Amstelodamum | Amstelodhámon | Amsterdã | Amsterdam | Ámsterdam | Àmsterdam | Amstérdam | Amstɛrɩdam | Amsterdama | Amsterdamas | Amstèrdame | Amsterdami | Amsterdamo | Amsterdams | Amsterdamu | Ámsterdan | Amsterodam | Amstyerdam | Amsŭt'erŭdam | Amszterdam | Āmǔsītèdān | Amusuterudamu | Damsko | I-Amsterdami | Mokum | Mokum Aleph | NLAMS | آمستردام | أمستردام | امستردام | ایمسٹرڈیم | امسټرډام | ئامستېردام | ئەمستەردام | אמסטערדאם | אמסטרדם | Άμστερνταμ | Амстердам | Амстэрдам | ཨེམ་སི་ཊར་ཌམ། | Ամսթերտամ | Ամստերդամ | ამსტერდამი | अ‍ॅम्स्टरडॅम | आम्स्टर्डम | एम्स्तरद्याम | ऐम्स्टर्डैम | ਅਮਸਤਰਦਮ | ಆಂಸ್ಟರ್ಡ್ಯಾಮ್ | ஆம்ஸ்டர்டம் | ആംസ്റ്റർഡാം | আমস্টারডাম | အမ်စတာဒမ်မြို့ | ඈම්ස්ටර්ඩෑම් | 阿姆斯特丹,156,
02100475-p004-loc01,02100475-p004,02100475,1,The Hague,The Hague,2747373,https://www.geonames.org/2747373,52.07667,4.29861,The Netherlands,헤이그 | デン・ハーグ | 2491 | 2492 | 2493 | 2495 | 2496 | 2497 | 2498 | 2511 | 2512 | 2513 | 2514 | 2515 | 2516 | 2517 | 2518 | 2521 | 2522 | 2523 | 2524 | 2525 | 2526 | 2531 | 2532 | 2533 | 2541 | 2542 | 2543 | 2544 | 2545 | 2546 | 2547 | 2548 | 2551 | 2552 | 2553 | 2554 | 2555 | 2561 | 2562 | 2563 | 2564 | 2565 | 2566 | 2571 | 2572 | 2573 | 2574 | 2581 | 2582 | 2583 | 2584 | 2585 | 2586 | 2587 | 2591 | 2592 | 2593 | 2594 | 2595 | 2596 | 2597 | A Haia | An Háig | De Haach | Den Haag | D'n Haog | Haag | Hag | HAG | Haga | Hága | Hāga | Hago | Hague | La Haia | La Haya | La Haye | Lahey | L'Aia | NLHA9 | NLHAG | Q41795540 | 's-Gravenhage | The Hague | لاهاي | لاهه | האג | Χάγη | Гаага | Хаг | Хага | ჰააგა | 海牙,95,
02100475-p005-loc01,02100475-p005,02100475,1,Den Haag,The Hague,2747373,https://www.geonames.org/2747373,52.07667,4.29861,The Netherlands,헤이그 | デン・ハーグ | 2491 | 2492 | 2493 | 2495 | 2496 | 2497 | 2498 | 2511 | 2512 | 2513 | 2514 | 2515 | 2516 | 2517 | 2518 | 2521 | 2522 | 2523 | 2524 | 2525 | 2526 | 2531 | 2532 | 2533 | 2541 | 2542 | 2543 | 2544 | 2545 | 2546 | 2547 | 2548 | 2551 | 2552 | 2553 | 2554 | 2555 | 2561 | 2562 | 2563 | 2564 | 2565 | 2566 | 2571 | 2572 | 2573 | 2574 | 2581 | 2582 | 2583 | 2584 | 2585 | 2586 | 2587 | 2591 | 2592 | 2593 | 2594 | 2595 | 2596 | 2597 | A Haia | An Háig | De Haach | Den Haag | D'n Haog | Haag | Hag | HAG | Haga | Hága | Hāga | Hago | Hague | La Haia | La Haya | La Haye | Lahey | L'Aia | NLHA9 | NLHAG | Q41795540 | 's-Gravenhage | The Hague | لاهاي | لاهه | האג | Χάγη | Гаага | Хаг | Хага | ჰააგა | 海牙,95,
02100561-p003-loc01,02100561-p003,02100561,1,Amsterdam,Amsterdam,2759794,https://www.geonames.org/2759794,52.37403,4.88969,The Netherlands,암스테르담 | ܐܡܣܛܪܕܐܡ | አምስተርዳም | アムステルダム | ଆମଷ୍ଟରଡ଼୍ୟାମ | อัมสเตอร์ดัม | 1011 | 1012 | 1013 | 1014 | 1015 | 1016 | 1017 | 1018 | 1019 | 1021 | 1022 | 1023 | 1024 | 1025 | 1026 | 1027 | 1028 | 1031 | 1032 | 1033 | 1034 | 1035 | 1036 | 1037 | 1041 | 1042 | 1043 | 1044 | 1045 | 1046 | 1047 | 1051 | 1052 | 1053 | 1054 | 1055 | 1056 | 1057 | 1058 | 1059 | 1060 | 1061 | 1062 | 1063 | 1064 | 1065 | 1066 | 1067 | 1068 | 1069 | 1071 | 1072 | 1073 | 1074 | 1075 | 1076 | 1077 | 1078 | 1079 | 1081 | 1082 | 1083 | 1086 | 1087 | 1091 | 1092 | 1093 | 1094 | 1095 | 1096 | 1097 | 1098 | 1101 | 1102 | 1103 | 1104 | 1105 | 1106 | 1107 | 1108 | 1109 | Aemstelredamme | Aemsterdam | Amestelledamme | Amesterdã | Âmesterdâm | Amesterdão | Amistardam | AMS | Amseutereudam | Amstadem | Amstardam | Amstardām | Amstèdam | Amsteladamum | Amstelodamum | Amstelodhámon | Amsterdã | Amsterdam | Ámsterdam | Àmsterdam | Amstérdam | Amstɛrɩdam | Amsterdama | Amsterdamas | Amstèrdame | Amsterdami | Amsterdamo | Amsterdams | Amsterdamu | Ámsterdan | Amsterodam | Amstyerdam | Amsŭt'erŭdam | Amszterdam | Āmǔsītèdān | Amusuterudamu | Damsko | I-Amsterdami | Mokum | Mokum Aleph | NLAMS | آمستردام | أمستردام | امستردام | ایمسٹرڈیم | امسټرډام | ئامستېردام | ئەمستەردام | אמסטערדאם | אמסטרדם | Άμστερνταμ | Амстердам | Амстэрдам | ཨེམ་སི་ཊར་ཌམ། | Ամսթերտամ | Ամստերդամ | ამსტერდამი | अ‍ॅम्स्टरडॅम | आम्स्टर्डम | एम्स्तरद्याम | ऐम्स्टर्डैम | ਅਮਸਤਰਦਮ | ಆಂಸ್ಟರ್ಡ್ಯಾಮ್ | ஆம்ஸ்டர்டம் | ആംസ്റ്റർഡാം | আমস্টারডাম | အမ်စတာဒမ်မြို့ | ඈම්ස්ටර්ඩෑම් | 阿姆斯特丹,156,
02100561-p004-loc01,02100561-p004,02100561,1,The Hague,The Hague,2747373,https://www.geonames.org/2747373,52.07667,4.29861,The Netherlands,헤이그 | デン・ハーグ | 2491 | 2492 | 2493 | 2495 | 2496 | 2497 | 2498 | 2511 | 2512 | 2513 | 2514 | 2515 | 2516 | 2517 | 2518 | 2521 | 2522 | 2523 | 2524 | 2525 | 2526 | 2531 | 2532 | 2533 | 2541 | 2542 | 2543 | 2544 | 2545 | 2546 | 2547 | 2548 | 2551 | 2552 | 2553 | 2554 | 2555 | 2561 | 2562 | 2563 | 2564 | 2565 | 2566 | 2571 | 2572 | 2573 | 2574 | 2581 | 2582 | 2583 | 2584 | 2585 | 2586 | 2587 | 2591 | 2592 | 2593 | 2594 | 2595 | 2596 | 2597 | A Haia | An Háig | De Haach | Den Haag | D'n Haog | Haag | Hag | HAG | Haga | Hága | Hāga | Hago | Hague | La Haia | La Haya | La Haye | Lahey | L'Aia | NLHA9 | NLHAG | Q41795540 | 's-Gravenhage | The Hague | لاهاي | لاهه | האג | Χάγη | Гаага | Хаг | Хага | ჰააგა | 海牙,95,
02100561-p005-loc01,02100561-p005,02100561,1,Den Haag,The Hague,2747373,https://www.geonames.org/2747373,52.07667,4.29861,The Netherlands,헤이그 | デン・ハーグ | 2491 | 2492 | 2493 | 2495 | 2496 | 2497 | 2498 | 2511 | 2512 | 2513 | 2514 | 2515 | 2516 | 2517 | 2518 | 2521 | 2522 | 2523 | 2524 | 2525 | 2526 | 2531 | 2532 | 2533 | 2541 | 2542 | 2543 | 2544 | 2545 | 2546 | 2547 | 2548 | 2551 | 2552 | 2553 | 2554 | 2555 | 2561 | 2562 | 2563 | 2564 | 2565 | 2566 | 2571 | 2572 | 2573 | 2574 | 2581 | 2582 | 2583 | 2584 | 2585 | 2586 | 2587 | 2591 | 2592 | 2593 | 2594 | 2595 | 2596 | 2597 | A Haia | An Háig | De Haach | Den Haag | D'n Haog | Haag | Hag | HAG | Haga | Hága | Hāga | Hago | Hague | La Haia | La Haya | La Haye | Lahey | L'Aia | NLHA9 | NLHAG | Q41795540 | 's-Gravenhage | The Hague | لاهاي | لاهه | האג | Χάγη | Гаага | Хаг | Хага | ჰააგა | 海牙,95,
02138783-p001-loc01,02138783-p001,02138783,1,The Hague,Gemeente Den Haag,2747372,https://www.geonames.org/2747372,52.06866,4.28635,The Netherlands,Den Haag | Gemeente Den Haag | Gemeente ’s-Gravenhage | Leidschenveen | 's-Gravenhage | ’s-Gravenhage,6,
02138783-p002-loc01,02138783-p002,02138783,1,The Hague,Gemeente Den Haag,2747372,https://www.geonames.org/2747372,52.06866,4.28635,The Netherlands,Den Haag | Gemeente Den Haag | Gemeente ’s-Gravenhage | Leidschenveen | 's-Gravenhage | ’s-Gravenhage,6,
02100474-p003-loc01,02100474-p003,02100474,1,Den Haag,The Hague,2747373,https://www.geonames.org/2747373,52.07667,4.29861,The Netherlands,헤이그 | デン・ハーグ | 2491 | 2492 | 2493 | 2495 | 2496 | 2497 | 2498 | 2511 | 2512 | 2513 | 2514 | 2515 | 2516 | 2517 | 2518 | 2521 | 2522 | 2523 | 2524 | 2525 | 2526 | 2531 | 2532 | 2533 | 2541 | 2542 | 2543 | 2544 | 2545 | 2546 | 2547 | 2548 | 2551 | 2552 | 2553 | 2554 | 2555 | 2561 | 2562 | 2563 | 2564 | 2565 | 2566 | 2571 | 2572 | 2573 | 2574 | 2581 | 2582 | 2583 | 2584 | 2585 | 2586 | 2587 | 2591 | 2592 | 2593 | 2594 | 2595 | 2596 | 2597 | A Haia | An Háig | De Haach | Den Haag | D'n Haog | Haag | Hag | HAG | Haga | Hága | Hāga | Hago | Hague | La Haia | La Haya | La Haye | Lahey | L'Aia | NLHA9 | NLHAG | Q41795540 | 's-Gravenhage | The Hague | لاهاي | لاهه | האג | Χάγη | Гаага | Хаг | Хага | ჰააგა | 海牙,95,
02100474-p004-loc01,02100474-p004,02100474,1,Den Haag,The Hague,2747373,https://www.geonames.org/2747373,52.07667,4.29861,The Netherlands,헤이그 | デン・ハーグ | 2491 | 2492 | 2493 | 2495 | 2496 | 2497 | 2498 | 2511 | 2512 | 2513 | 2514 | 2515 | 2516 | 2517 | 2518 | 2521 | 2522 | 2523 | 2524 | 2525 | 2526 | 2531 | 2532 | 2533 | 2541 | 2542 | 2543 | 2544 | 2545 | 2546 | 2547 | 2548 | 2551 | 2552 | 2553 | 2554 | 2555 | 2561 | 2562 | 2563 | 2564 | 2565 | 2566 | 2571 | 2572 | 2573 | 2574 | 2581 | 2582 | 2583 | 2584 | 2585 | 2586 | 2587 | 2591 | 2592 | 2593 | 2594 | 2595 | 2596 | 2597 | A Haia | An Háig | De Haach | Den Haag | D'n Haog | Haag | Hag | HAG | Haga | Hága | Hāga | Hago | Hague | La Haia | La Haya | La Haye | Lahey | L'Aia | NLHA9 | NLHAG | Q41795540 | 's-Gravenhage | The Hague | لاهاي | لاهه | האג | Χάγη | Гаага | Хаг | Хага | ჰააგა | 海牙,95,
02100488-p003-loc01,02100488-p003,02100488,1,Brussels,Brussels,2800866,https://www.geonames.org/2800866,50.85045,4.34878,Belgium,브뤼셀 | 1000 | An Bhruiséil | BEBRU | Brasels | Bréissel | Brisel | Brisele | Briuselis | BRU | Bruiseal | Bruksel | Brüksel | Bruksela | Brukseli | Brukselo | Brusel | Brusela | Bruselas | Bruseles | Bruselj | Brusel·les | Bruselo | Brussel | Brüssel | Brussele | Brussel·les | Brussels | Brüsszel | Bruxel | Bruxelas | Bruxellae | Bruxelles | Brwsel | Bryssel | Città di Bruxelles | City of Brussels | Kota Brusel | Βρυξέλλες | Брисел | Брусэль | Брюксел | Брюсель | Брюссель | ბრიუსელი | Բրյուսել | בריסל | بروكسل | بروکسل | بريۇسسېل | ܒܪܘܟܣܠ | ब्रसेल्स | ব্রাসেলস | บรัสเซลส์ | ブリュッセル | 布魯塞爾 | 布鲁塞尔 | 比律悉,58,
02100488-p004-loc01,02100488-p004,02100488,1,Den Haag,The Hague,2747373,https://www.geonames.org/2747373,52.07667,4.29861,The Netherlands,헤이그 | デン・ハーグ | 2491 | 2492 | 2493 | 2495 | 2496 | 2497 | 2498 | 2511 | 2512 | 2513 | 2514 | 2515 | 2516 | 2517 | 2518 | 2521 | 2522 | 2523 | 2524 | 2525 | 2526 | 2531 | 2532 | 2533 | 2541 | 2542 | 2543 | 2544 | 2545 | 2546 | 2547 | 2548 | 2551 | 2552 | 2553 | 2554 | 2555 | 2561 | 2562 | 2563 | 2564 | 2565 | 2566 | 2571 | 2572 | 2573 | 2574 | 2581 | 2582 | 2583 | 2584 | 2585 | 2586 | 2587 | 2591 | 2592 | 2593 | 2594 | 2595 | 2596 | 2597 | A Haia | An Háig | De Haach | Den Haag | D'n Haog | Haag | Hag | HAG | Haga | Hága | Hāga | Hago | Hague | La Haia | La Haya | La Haye | Lahey | L'Aia | NLHA9 | NLHAG | Q41795540 | 's-Gravenhage | The Hague | لاهاي | لاهه | האג | Χάγη | Гаага | Хаг | Хага | ჰააგა | 海牙,95,
02100225-p003-loc01,02100225-p003,02100225,1,Rotterdam,Rotterdam,2747891,https://www.geonames.org/2747891,51.9225,4.47917,The Netherlands,로테르담 | ܪܘܛܪܕܐܡ | ロッテルダム | รอตเทอร์ดาม | 3011 | 3012 | 3013 | 3014 | 3015 | 3016 | 3021 | 3022 | 3023 | 3024 | 3025 | 3026 | 3027 | 3028 | 3029 | 3031 | 3032 | 3033 | 3034 | 3035 | 3036 | 3037 | 3038 | 3039 | 3041 | 3042 | 3043 | 3044 | 3045 | 3046 | 3047 | 3051 | 3052 | 3053 | 3054 | 3055 | 3056 | 3059 | 3061 | 3062 | 3063 | 3064 | 3065 | 3066 | 3067 | 3068 | 3069 | 3071 | 3072 | 3073 | 3074 | 3075 | 3076 | 3077 | 3078 | 3079 | 3081 | 3082 | 3083 | 3084 | 3085 | 3086 | 3087 | 3088 | 3089 | NLRTM | Q34370 | Róterdam | Roterdama | Roterdamas | Roterdami | Roterdamo | Róterdan | Roterdão | Roterodamum | Rotterdam | Rottérdam | RTM | راٹرڈیم | رتردام | روتردام | ראטערדאם | רוטרדם | Ρότερνταμ | Ратэрдам | Ротердам | Роттердам | როტერდამი | रॉटरडॅम | ராட்டர்டேம் | ရော်တာဒမ်မြို့ | 鹿特丹,96,
02100225-p004-loc01,02100225-p004,02100225,1,Den Haag,The Hague,2747373,https://www.geonames.org/2747373,52.07667,4.29861,The Netherlands,헤이그 | デン・ハーグ | 2491 | 2492 | 2493 | 2495 | 2496 | 2497 | 2498 | 2511 | 2512 | 2513 | 2514 | 2515 | 2516 | 2517 | 2518 | 2521 | 2522 | 2523 | 2524 | 2525 | 2526 | 2531 | 2532 | 2533 | 2541 | 2542 | 2543 | 2544 | 2545 | 2546 | 2547 | 2548 | 2551 | 2552 | 2553 | 2554 | 2555 | 2561 | 2562 | 2563 | 2564 | 2565 | 2566 | 2571 | 2572 | 2573 | 2574 | 2581 | 2582 | 2583 | 2584 | 2585 | 2586 | 2587 | 2591 | 2592 | 2593 | 2594 | 2595 | 2596 | 2597 | A Haia | An Háig | De Haach | Den Haag | D'n Haog | Haag | Hag | HAG | Haga | Hága | Hāga | Hago | Hague | La Haia | La Haya | La Haye | Lahey | L'Aia | NLHA9 | NLHAG | Q41795540 | 's-Gravenhage | The Hague | لاهاي | لاهه | האג | Χάγη | Гаага | Хаг | Хага | ჰააგა | 海牙,95,
02100411-p004-loc01,02100411-p004,02100411,1,Rotterdam,Rotterdam,2747891,https://www.geonames.org/2747891,51.9225,4.47917,The Netherlands,로테르담 | ܪܘܛܪܕܐܡ | ロッテルダム | รอตเทอร์ดาม | 3011 | 3012 | 3013 | 3014 | 3015 | 3016 | 3021 | 3022 | 3023 | 3024 | 3025 | 3026 | 3027 | 3028 | 3029 | 3031 | 3032 | 3033 | 3034 | 3035 | 3036 | 3037 | 3038 | 3039 | 3041 | 3042 | 3043 | 3044 | 3045 | 3046 | 3047 | 3051 | 3052 | 3053 | 3054 | 3055 | 3056 | 3059 | 3061 | 3062 | 3063 | 3064 | 3065 | 3066 | 3067 | 3068 | 3069 | 3071 | 3072 | 3073 | 3074 | 3075 | 3076 | 3077 | 3078 | 3079 | 3081 | 3082 | 3083 | 3084 | 3085 | 3086 | 3087 | 3088 | 3089 | NLRTM | Q34370 | Róterdam | Roterdama | Roterdamas | Roterdami | Roterdamo | Róterdan | Roterdão | Roterodamum | Rotterdam | Rottérdam | RTM | راٹرڈیم | رتردام | روتردام | ראטערדאם | רוטרדם | Ρότερνταμ | Ратэрдам | Ротердам | Роттердам | როტერდამი | रॉटरडॅम | ராட்டர்டேம் | ရော်တာဒမ်မြို့ | 鹿特丹,96,
02100411-p005-loc01,02100411-p005,02100411,1,Den Haag,The Hague,2747373,https://www.geonames.org/2747373,52.07667,4.29861,The Netherlands,헤이그 | デン・ハーグ | 2491 | 2492 | 2493 | 2495 | 2496 | 2497 | 2498 | 2511 | 2512 | 2513 | 2514 | 2515 | 2516 | 2517 | 2518 | 2521 | 2522 | 2523 | 2524 | 2525 | 2526 | 2531 | 2532 | 2533 | 2541 | 2542 | 2543 | 2544 | 2545 | 2546 | 2547 | 2548 | 2551 | 2552 | 2553 | 2554 | 2555 | 2561 | 2562 | 2563 | 2564 | 2565 | 2566 | 2571 | 2572 | 2573 | 2574 | 2581 | 2582 | 2583 | 2584 | 2585 | 2586 | 2587 | 2591 | 2592 | 2593 | 2594 | 2595 | 2596 | 2597 | A Haia | An Háig | De Haach | Den Haag | D'n Haog | Haag | Hag | HAG | Haga | Hága | Hāga | Hago | Hague | La Haia | La Haya | La Haye | Lahey | L'Aia | NLHA9 | NLHAG | Q41795540 | 's-Gravenhage | The Hague | لاهاي | لاهه | האג | Χάγη | Гаага | Хаг | Хага | ჰააგა | 海牙,95,
02100322-p003-loc01,02100322-p003,02100322,1,Dresden,Dresden,2935022,https://www.geonames.org/2935022,51.05089,13.73832,Germany,드레스덴 | DEDRS | Drážďany | Dresda | Drèsda | Dresde | Dresden | Dresdenas | Dresdeno | Dresdn | Drezda | Drezden | Drézdén | Drēzdene | Drezno | Drježdźany | DRS | Δρέσδη | Дрезден | Дрэздэн | დრეზდენი | Դրեզդեն | דרזדן | דרעזדן | درسدن | دريسدن | دریسدن | درێسدن | ڈریسڈن | ڊريسڊن | ड्रेस्डेन | เดรสเดิน | ドレスデン | 德累斯顿,34,
02100322-p004-loc01,02100322-p004,02100322,1,Den Haag,The Hague,2747373,https://www.geonames.org/2747373,52.07667,4.29861,The Netherlands,헤이그 | デン・ハーグ | 2491 | 2492 | 2493 | 2495 | 2496 | 2497 | 2498 | 2511 | 2512 | 2513 | 2514 | 2515 | 2516 | 2517 | 2518 | 2521 | 2522 | 2523 | 2524 | 2525 | 2526 | 2531 | 2532 | 2533 | 2541 | 2542 | 2543 | 2544 | 2545 | 2546 | 2547 | 2548 | 2551 | 2552 | 2553 | 2554 | 2555 | 2561 | 2562 | 2563 | 2564 | 2565 | 2566 | 2571 | 2572 | 2573 | 2574 | 2581 | 2582 | 2583 | 2584 | 2585 | 2586 | 2587 | 2591 | 2592 | 2593 | 2594 | 2595 | 2596 | 2597 | A Haia | An Háig | De Haach | Den Haag | D'n Haog | Haag | Hag | HAG | Haga | Hága | Hāga | Hago | Hague | La Haia | La Haya | La Haye | Lahey | L'Aia | NLHA9 | NLHAG | Q41795540 | 's-Gravenhage | The Hague | لاهاي | لاهه | האג | Χάγη | Гаага | Хаг | Хага | ჰააგა | 海牙,95,
00560462-p003-loc01,00560462-p003,00560462,1,Cambridge,Cambridge,2653941,https://www.geonames.org/2653941,52.2,0.11667,United Kingdom,케임브리지 | Caergrawnt | Cambridge | Cantabrigia | CBG | GBCMG | Grantanbrycg | Kambrij | Kembric | Kembridža | Kembridžas | Kembriĝo | Kiam-khiâu | Κέμπριτζ | Кеймбридж | Кембридж | Кембриҷ | Кембриџ | Кембрідж | Кембрыдж | კემბრიჯი | Քեմբրիջ | קיימברידג' | كامبريدج | کمبریج | کیمبرج | केंब्रिज | ক্যামব্রিজ | ಕೇಂಬ್ರಿಜ್ | കേംബ്രിഡ്ജ് | เคมบริดจ์ | ကိန်းဘရစ်ချ်မြို့ | ケンブリッジ | 劍橋,34,
02138784-p001-loc01,02138784-p001,02138784,1,The Hague,Gemeente Den Haag,2747372,https://www.geonames.org/2747372,52.06866,4.28635,The Netherlands,Den Haag | Gemeente Den Haag | Gemeente ’s-Gravenhage | Leidschenveen | 's-Gravenhage | ’s-Gravenhage,6,
02138784-p002-loc01,02138784-p002,02138784,1,The Hague,Gemeente Den Haag,2747372,https://www.geonames.org/2747372,52.06866,4.28635,The Netherlands,Den Haag | Gemeente Den Haag | Gemeente ’s-Gravenhage | Leidschenveen | 's-Gravenhage | ’s-Gravenhage,6,
02138785-p001-loc01,02138785-p001,02138785,1,The Hague,Gemeente Den Haag,2747372,https://www.geonames.org/2747372,52.06866,4.28635,The Netherlands,Den Haag | Gemeente Den Haag | Gemeente ’s-Gravenhage | Leidschenveen | 's-Gravenhage | ’s-Gravenhage,6,
02138785-p002-loc01,02138785-p002,02138785,1,The Hague,Gemeente Den Haag,2747372,https://www.geonames.org/2747372,52.06866,4.28635,The Netherlands,Den Haag | Gemeente Den Haag | Gemeente ’s-Gravenhage | Leidschenveen | 's-Gravenhage | ’s-Gravenhage,6,
00205571-p001-loc01,00205571-p001,00205571,1,London,London,2643743,https://www.geonames.org/2643743,51.50853,-0.12574,United Kingdom,런던 | ᎫᎴ ᏗᏍᎪᏂᎯᏱ | ܠܘܢܕܘܢ | ለንደን | ロンドン | ଲଣ୍ଡନ | ลอนดอน | ລອນດອນ | GBLON | ILondon | Lākana | Landan | Landen | Llundain | Lodoni | LON | Londain | Londar | Londe | Londen | Londin | Londinium | Londn | london | London | Londona | Londonas | Londoni | Londono | Londons | Lọndọnu | Londra | Łondra | Londres | Londrez | Londri | Londro | Londye | Londyn | Londýn | Lonn | Lontoo | Loundres | Luân Đôn | Lunden | Lundra | Lůndůn | Lundúnir | Lùng-dŭng | Lunnainn | Lunnin | Lunnon | Lûn-tun | Lùn-tûn | Q84 | Rānana | لأندأن | لندن | لەندەن | لوندون | לאנדאן | לונדון | Λονδίνο | Лёндан | Лондан | Лондон | Лондон ош | Лондонъ | ལོན་ཊོན། | Լոնդոն | Լոնտոն | ლონდონი | लण्डन | लन्डन् | लन्दन | लंडन | लंदन | લંડન | లండన్ | ਲੰਡਨ | ಲಂಡನ್ | இலண்டன் | ലണ്ടൻ | লন্ডন | လန်ဒန်မြို့ | ලන්ඩන් | 伦敦 | 倫敦,88,
00205571-p002-loc01,00205571-p002,00205571,1,Oxford,Oxford,2640729,https://www.geonames.org/2640729,51.75222,-1.25596,United Kingdom,옥스퍼드 | Àth nan Damh | GBOXF | Oksford | Oksforda | Oksfordas | Oksfordo | Oksfuords | Oxenaford | Oxenaforda | Oxenford | OXF | Oxford | Oxnaford | Öxnafurða | Oxneford | Oxonia | Oxónia | Oxônia | Oxonium | Rhedicina | Rhydychen | Rysoghen | Uxavað | Οξφόρδη | Оксфард | Оксфорд | Оқсфорд | ოქსფორდი | אוקספורד | אקספארד | آکسفورد | آکسفورڈ | أكسفورد | اوكسفورد | ऑक्सफर्ड | ऑक्सफोर्ड | অক্সফোর্ড | ਆਕਸਫ਼ੋਰਡ | ஆக்சுபோர்டு | ఆక్స్‌ఫర్డ్ | ಆಕ್ಸ್‌ಫರ್ಡ್ | อ๊อกซฟอร์ด | အောက်စဖို့မြို့ | オックスフォード | 牛津,46,
02100039-p003-loc01,02100039-p003,02100039,1,Den Haag,The Hague,2747373,https://www.geonames.org/2747373,52.07667,4.29861,The Netherlands,헤이그 | デン・ハーグ | 2491 | 2492 | 2493 | 2495 | 2496 | 2497 | 2498 | 2511 | 2512 | 2513 | 2514 | 2515 | 2516 | 2517 | 2518 | 2521 | 2522 | 2523 | 2524 | 2525 | 2526 | 2531 | 2532 | 2533 | 2541 | 2542 | 2543 | 2544 | 2545 | 2546 | 2547 | 2548 | 2551 | 2552 | 2553 | 2554 | 2555 | 2561 | 2562 | 2563 | 2564 | 2565 | 2566 | 2571 | 2572 | 2573 | 2574 | 2581 | 2582 | 2583 | 2584 | 2585 | 2586 | 2587 | 2591 | 2592 | 2593 | 2594 | 2595 | 2596 | 2597 | A Haia | An Háig | De Haach | Den Haag | D'n Haog | Haag | Hag | HAG | Haga | Hága | Hāga | Hago | Hague | La Haia | La Haya | La Haye | Lahey | L'Aia | NLHA9 | NLHAG | Q41795540 | 's-Gravenhage | The Hague | لاهاي | لاهه | האג | Χάγη | Гаага | Хаг | Хага | ჰააგა | 海牙,95,
02100049-p003-loc01,02100049-p003,02100049,1,Grunewald,Grunewald,2914210,https://www.geonames.org/2914210,52.48338,13.26586,Germany,Berlin-Grunewald | Q2874431 | גרונוולד | Груневальд,4,
02100049-p004-loc01,02100049-p004,02100049,1,Den Haag,The Hague,2747373,https://www.geonames.org/2747373,52.07667,4.29861,The Netherlands,헤이그 | デン・ハーグ | 2491 | 2492 | 2493 | 2495 | 2496 | 2497 | 2498 | 2511 | 2512 | 2513 | 2514 | 2515 | 2516 | 2517 | 2518 | 2521 | 2522 | 2523 | 2524 | 2525 | 2526 | 2531 | 2532 | 2533 | 2541 | 2542 | 2543 | 2544 | 2545 | 2546 | 2547 | 2548 | 2551 | 2552 | 2553 | 2554 | 2555 | 2561 | 2562 | 2563 | 2564 | 2565 | 2566 | 2571 | 2572 | 2573 | 2574 | 2581 | 2582 | 2583 | 2584 | 2585 | 2586 | 2587 | 2591 | 2592 | 2593 | 2594 | 2595 | 2596 | 2597 | A Haia | An Háig | De Haach | Den Haag | D'n Haog | Haag | Hag | HAG | Haga | Hága | Hāga | Hago | Hague | La Haia | La Haya | La Haye | Lahey | L'Aia | NLHA9 | NLHAG | Q41795540 | 's-Gravenhage | The Hague | لاهاي | لاهه | האג | Χάγη | Гаага | Хаг | Хага | ჰააგა | 海牙,95,
02147380-p001-loc01,02147380-p001,02147380,1,"Serrure, Constant Philippe",Ghent, 2797656,https://www.geonames.org/ 2797656,51.05,3.71667,Belgium,헨트 | ヘント | เกนต์ | 9000 | BEGNE | Gænt | Gand | Gandavum | Gandawa | Gant | Gante | Ganti | Gend | Gent | Gentas | Gente | Gento | Ghent | Gint | GNE | جنت | خنت | غنت | غینٹ | גנט | Γάνδη | Гент | Գենտ | გენტი | खेंट | गेंट | জেন্ট | ဂင့်မြို့ | 根特,34,
02147380-p002-loc01,02147380-p002,02147380,1,Brussels,Brussels,2800866,https://www.geonames.org/2800866,50.85045,4.34878,Belgium,브뤼셀 | 1000 | An Bhruiséil | BEBRU | Brasels | Bréissel | Brisel | Brisele | Briuselis | BRU | Bruiseal | Bruksel | Brüksel | Bruksela | Brukseli | Brukselo | Brusel | Brusela | Bruselas | Bruseles | Bruselj | Brusel·les | Bruselo | Brussel | Brüssel | Brussele | Brussel·les | Brussels | Brüsszel | Bruxel | Bruxelas | Bruxellae | Bruxelles | Brwsel | Bryssel | Città di Bruxelles | City of Brussels | Kota Brusel | Βρυξέλλες | Брисел | Брусэль | Брюксел | Брюсель | Брюссель | ბრიუსელი | Բրյուսել | בריסל | بروكسل | بروکسل | بريۇسسېل | ܒܪܘܟܣܠ | ब्रसेल्स | ব্রাসেলস | บรัสเซลส์ | ブリュッセル | 布魯塞爾 | 布鲁塞尔 | 比律悉,58,
02147380-p003-loc01,02147380-p003,02147380,1,,New York,5128581,https://www.geonames.org/5128581,40.71427,-74.00597,United States,뉴욕 | 뉴욕 시 | 10001 | 10002 | 10003 | 10004 | 10005 | 10006 | 10007 | 10008 | 10009 | 10010 | 10011 | 10012 | 10013 | 10014 | 10016 | 10017 | 10018 | 10019 | 10020 | 10021 | 10022 | 10023 | 10024 | 10025 | 10026 | 10027 | 10028 | 10029 | 10030 | 10031 | 10032 | 10033 | 10034 | 10035 | 10036 | 10037 | 10038 | 10039 | 10040 | 10041 | 10043 | 10044 | 10045 | 10055 | 10060 | 10065 | 10069 | 10080 | 10081 | 10087 | 10090 | 10101 | 10102 | 10103 | 10104 | 10105 | 10106 | 10107 | 10108 | 10109 | 10110 | 10111 | 10112 | 10113 | 10114 | 10115 | 10116 | 10117 | 10118 | 10119 | 10120 | 10121 | 10122 | 10123 | 10124 | 10125 | 10126 | 10128 | 10129 | 10130 | 10131 | 10132 | 10133 | 10138 | 10150 | 10151 | 10152 | 10153 | 10154 | 10155 | 10156 | 10157 | 10158 | 10159 | 10160 | 10161 | 10162 | 10163 | 10164 | 10165 | 10166 | 10167 | 10168 | 10169 | 10170 | 10171 | 10172 | 10173 | 10174 | 10175 | 10176 | 10177 | 10178 | 10179 | 10185 | 10199 | 10203 | 10211 | 10212 | 10213 | 10242 | 10249 | 10256 | 10258 | 10259 | 10260 | 10261 | 10265 | 10268 | 10269 | 10270 | 10271 | 10272 | 10273 | 10274 | 10275 | 10276 | 10277 | 10278 | 10279 | 10280 | 10281 | 10282 | 10285 | 10286 | Aebura | Bandar Raya New York | Big Apple | Cathair Nua-Eabhrac | City of New York | Eabhraig Nuadh | Efrog Newydd | Evrek Nowydh | Ga-no-no | Kanón:no | Kanono | Kota New York | Lungsod ng New York | Nei Yarrick Schtadt | Neu Amsterdam | Neu Jorck | New Amsterdam | New Orange | New Yorc | New York | New York borg | New York-borg | New York City | New Yorke | New York kenti | New York Stad | New Yorku | Niujorkas | Njujork | Nouvelle Yorck | Nouvieau York | Nova Amsterda | Nova Iorque | Nova York | Nova-York | Nòva York | Novjorko | Nov-Jorko | Novum Eboracum | Nowy Jork | Nua-Eabhrac | Nueva York | Ņujorka | Nuova York | NY | NYC | Nýja Jórvík | Nyu York Shehiri | Q60 | Thành phố New York | The Big Apple | USNYC | York Berri | Νέα Υόρκη | Нью-Ёрк | Нью-Йорк | Ню Йорк | Њујорк | Њу Јорк | ნიუ-იორკი | Նիւ Եորք | Նյու Յորք | ניו יארק | ניו־יאָרק | ניו יורק | نيويورك | نیویارک شہر | نیویورک | न्यूयॉर्क | নিউ ইয়র্ক সিটি | நியூயார்க் நகரம் | นครนิวยอร์ก | ニューヨーク | マンハッタン | 紐約 | 紐約市,223,
02147380-p004-loc01,02147380-p004,02147380,1,Brussels,Brussels,2800866,https://www.geonames.org/2800866,50.85045,4.34878,Belgium,브뤼셀 | 1000 | An Bhruiséil | BEBRU | Brasels | Bréissel | Brisel | Brisele | Briuselis | BRU | Bruiseal | Bruksel | Brüksel | Bruksela | Brukseli | Brukselo | Brusel | Brusela | Bruselas | Bruseles | Bruselj | Brusel·les | Bruselo | Brussel | Brüssel | Brussele | Brussel·les | Brussels | Brüsszel | Bruxel | Bruxelas | Bruxellae | Bruxelles | Brwsel | Bryssel | Città di Bruxelles | City of Brussels | Kota Brusel | Βρυξέλλες | Брисел | Брусэль | Брюксел | Брюсель | Брюссель | ბრიუსელი | Բրյուսել | בריסל | بروكسل | بروکسل | بريۇسسېل | ܒܪܘܟܣܠ | ब्रसेल्स | ব্রাসেলস | บรัสเซลส์ | ブリュッセル | 布魯塞爾 | 布鲁塞尔 | 比律悉,58,
00560464-p003-loc01,00560464-p003,00560464,1,Cambridge,Cambridge,2653941,https://www.geonames.org/2653941,52.2,0.11667,United Kingdom,케임브리지 | Caergrawnt | Cambridge | Cantabrigia | CBG | GBCMG | Grantanbrycg | Kambrij | Kembric | Kembridža | Kembridžas | Kembriĝo | Kiam-khiâu | Κέμπριτζ | Кеймбридж | Кембридж | Кембриҷ | Кембриџ | Кембрідж | Кембрыдж | კემბრიჯი | Քեմբրիջ | קיימברידג' | كامبريدج | کمبریج | کیمبرج | केंब्रिज | ক্যামব্রিজ | ಕೇಂಬ್ರಿಜ್ | കേംബ്രിഡ്ജ് | เคมบริดจ์ | ကိန်းဘရစ်ချ်မြို့ | ケンブリッジ | 劍橋,34,
00211773-p002-loc01,00211773-p002,00211773,1,Oxford,Oxford,2640729,https://www.geonames.org/2640729,51.75222,-1.25596,United Kingdom,옥스퍼드 | Àth nan Damh | GBOXF | Oksford | Oksforda | Oksfordas | Oksfordo | Oksfuords | Oxenaford | Oxenaforda | Oxenford | OXF | Oxford | Oxnaford | Öxnafurða | Oxneford | Oxonia | Oxónia | Oxônia | Oxonium | Rhedicina | Rhydychen | Rysoghen | Uxavað | Οξφόρδη | Оксфард | Оксфорд | Оқсфорд | ოქსფორდი | אוקספורד | אקספארד | آکسفورد | آکسفورڈ | أكسفورد | اوكسفورد | ऑक्सफर्ड | ऑक्सफोर्ड | অক্সফোর্ড | ਆਕਸਫ਼ੋਰਡ | ஆக்சுபோர்டு | ఆక్స్‌ఫర్డ్ | ಆಕ್ಸ್‌ಫರ್ಡ್ | อ๊อกซฟอร์ด | အောက်စဖို့မြို့ | オックスフォード | 牛津,46,
00560465-p002-loc01,00560465-p002,00560465,1,Cambridge,Cambridge,2653941,https://www.geonames.org/2653941,52.2,0.11667,United Kingdom,케임브리지 | Caergrawnt | Cambridge | Cantabrigia | CBG | GBCMG | Grantanbrycg | Kambrij | Kembric | Kembridža | Kembridžas | Kembriĝo | Kiam-khiâu | Κέμπριτζ | Кеймбридж | Кембридж | Кембриҷ | Кембриџ | Кембрідж | Кембрыдж | კემბრიჯი | Քեմբրիջ | קיימברידג' | كامبريدج | کمبریج | کیمبرج | केंब्रिज | ক্যামব্রিজ | ಕೇಂಬ್ರಿಜ್ | കേംബ്രിഡ്ജ് | เคมบริดจ์ | ကိန်းဘရစ်ချ်မြို့ | ケンブリッジ | 劍橋,34,
02126520-p002-loc01,02126520-p002,02126520,1,Zhyrovichy,Zhirovichi,618818,https://www.geonames.org/618818,53.0131,25.3443,Belarus,Zhirovichi | Zhirovitsy | Zhyrovichy | Zhyrovitse | Zhyrovitsy | Żyrowice | Жировичи | Жыровіцы | Жыровічы,9,
02126520-p003-loc01,02126520-p003,02126520,1,Vilnius,Vilnius,593116,https://www.geonames.org/593116,54.68916,25.2798,Lithuania,빌뉴스 | IVilnyusi | LTVIL | LTVNO | Vilna | Viļņa | Vilnia | Vilnias | Vilniaus miestas | Vilnis | Vilnius | Vilníus | Vílnius | Vilnjûs | Vil'no | Vilno | Vilnüs | Vil'nyus | VNO | Wilna | Wilnius | Wilno | Wilñus | Βίλνα | Βιλνιους | Βίλνιους | Вилниус | Вилнус | Вилн҄ь | Вилнюс | Вилњус | Вильнюс | Виљнус | Вільнюс | ვილნიუსი | Վիլնյուս | ווילנע | וילנה | فيلنيوس | ڤیلنیوس | ولنیس | ویلنیوس | ቪልኒውስ | व्हिल्नियस | ভিলনিউস | வில்னியஸ் | วิลนีอุส | ལྦེ་ནི་སུ་ནི། | ᕕᓪᓂᐅᔅ/vilnius | ヴィリニュス | 维尔纽斯,51,
02126520-p004-loc01,02126520-p004,02126520,1,Vilnius,Vilnius,593116,https://www.geonames.org/593116,54.68916,25.2798,Lithuania,빌뉴스 | IVilnyusi | LTVIL | LTVNO | Vilna | Viļņa | Vilnia | Vilnias | Vilniaus miestas | Vilnis | Vilnius | Vilníus | Vílnius | Vilnjûs | Vil'no | Vilno | Vilnüs | Vil'nyus | VNO | Wilna | Wilnius | Wilno | Wilñus | Βίλνα | Βιλνιους | Βίλνιους | Вилниус | Вилнус | Вилн҄ь | Вилнюс | Вилњус | Вильнюс | Виљнус | Вільнюс | ვილნიუსი | Վիլնյուս | ווילנע | וילנה | فيلنيوس | ڤیلنیوس | ولنیس | ویلنیوس | ቪልኒውስ | व्हिल्नियस | ভিলনিউস | வில்னியஸ் | วิลนีอุส | ལྦེ་ནི་སུ་ནི། | ᕕᓪᓂᐅᔅ/vilnius | ヴィリニュス | 维尔纽斯,51,
00207797-p006-loc01,00207797-p006,00207797,1,Oxford,Oxford,2640729,https://www.geonames.org/2640729,51.75222,-1.25596,United Kingdom,옥스퍼드 | Àth nan Damh | GBOXF | Oksford | Oksforda | Oksfordas | Oksfordo | Oksfuords | Oxenaford | Oxenaforda | Oxenford | OXF | Oxford | Oxnaford | Öxnafurða | Oxneford | Oxonia | Oxónia | Oxônia | Oxonium | Rhedicina | Rhydychen | Rysoghen | Uxavað | Οξφόρδη | Оксфард | Оксфорд | Оқсфорд | ოქსფორდი | אוקספורד | אקספארד | آکسفورد | آکسفورڈ | أكسفورد | اوكسفورد | ऑक्सफर्ड | ऑक्सफोर्ड | অক্সফোর্ড | ਆਕਸਫ਼ੋਰਡ | ஆக்சுபோர்டு | ఆక్స్‌ఫర్డ్ | ಆಕ್ಸ್‌ಫರ್ಡ್ | อ๊อกซฟอร์ด | အောက်စဖို့မြို့ | オックスフォード | 牛津,46,
02008999-p003-loc01,02008999-p003,02008999,1,Stockholm,Stockholm,2673730,https://www.geonames.org/2673730,59.32938,18.06871,Sweden,스톡홀름 | Estocolm | Estocòlme | Estocolmo | Estocolmu | Estokolma | Estokolmo | Holmia | Q1754 | SESTO | STO | Stoccholm | Stoccolma | Stockholbma | Stockholm | Stockolm | Stócólm | Stocólma | Stocòlma | Stokgolm | Stokholm | Štokholm | Stokholma | Stokholmas | Stokholmi | Stokholmo | Stokkhólmur | Stokkolma | Stokolm | Stuculma | Stuokhuolms | Sztokholm | Sztokhòlm | Tukholma | Στοκχόλμη | Стакгольм | Стёколна | Стокhольм | Стокгольм | Стокгольм ош | Стокольма | Стокхолм | Стокҳолм | სტოკჰოლმი | Ստոկհոլմ | סטוקהולם | שטאקהאלם | استکهلم | ستوكهولم | ستۆکھۆڵم | سٹاکہوم | ܣܛܘܩܗܘܠܡ | ስቶኮልም | स्टकहोम | स्टॉकहोम | स्तकहोम | স্টকহোম | ਸਟਾਕਹੋਮ | ஸ்டாக்ஹோம் | స్టాక్‌హోమ్ | ಸ್ಟಾಕ್‍ಹೋಮ್ | സ്റ്റോക്ക്‌ഹോം | สตอกโฮล์ม | སི་ཏོག་ཧོ་ལིམ། | စတော့ဟုမ်းမြို့ | ᔅᑑᒃᓱᓪᒻ/stuukhulm | ストックホルム | 𐍃𐍄𐌿𐌺𐌺𐌰𐌷𐌿𐌻𐌼𐍃 | 斯德哥尔摩 | 斯德哥爾摩,70,
02008999-p004-loc01,02008999-p004,02008999,1,Cambridge,Cambridge,4931972,https://www.geonames.org/4931972,42.3751,-71.10561,United States,케임브리지 | 02138 | 02139 | 02140 | 02141 | 02142 | 02238 | Cambridge | Cambridge i Massachusetts | Cantabrigia | Keimbridža | Kembric | Kembridžas | Kembriĝo | Mishawum | Newtown | New Town | Newtowne | New Towne | Old Cambridge | Q49111 | USJHY | Κέιμπριτζ | Кеймбридж | Кембридж | Кембриж | Кембриҗ | Кембриҷ | Кембриџ | Кембрыдж | Кэмбридж | კემბრიჯი | Քեմբրիջ | קיימברידג' | קעמברידזש | كامبريدج | کامبریج | کمبریج | کمبریج، ماساچوست | کیمبرج، میساچوسٹس | केंब्रिज | কেমব্রিজ | கேம்பிரிஜ் | కేంబ్రిడ్జ్ | เคมบริดจ์ | ケンブリッジ | 剑桥 | 劍橋,48,
02138788-p001-loc01,02138788-p001,02138788,1,The Hague,Gemeente Den Haag,2747372,https://www.geonames.org/2747372,52.06866,4.28635,The Netherlands,Den Haag | Gemeente Den Haag | Gemeente ’s-Gravenhage | Leidschenveen | 's-Gravenhage | ’s-Gravenhage,6,
02138788-p002-loc01,02138788-p002,02138788,1,The Hague,Gemeente Den Haag,2747372,https://www.geonames.org/2747372,52.06866,4.28635,The Netherlands,Den Haag | Gemeente Den Haag | Gemeente ’s-Gravenhage | Leidschenveen | 's-Gravenhage | ’s-Gravenhage,6,
02120307-p001-loc01,02120307-p001,02120307,1,Vienna,Vienna,2761369,https://www.geonames.org/2761369,48.20849,16.37208,Austria,빈 | ቪየና | 비엔나 | ウィーン | เวียนนา | 1010 | 1020 | 1030 | 1040 | 1050 | 1060 | 1070 | 1080 | 1090 | 1100 | 1110 | 1120 | 1130 | 1140 | 1150 | 1160 | 1170 | 1180 | 1190 | 1200 | 1210 | 1220 | 1230 | ATVIE | Beč | Beç | Bécs | Dunaj | Fiena | Q1741 | Veen | Vena | Vídeň | VIE | Viedeň | Viên | Viena | Vienna | Vienne | Vieno | Viin | Vín | Vínarborg | Vindobona | Vīne | Viyana | Vjena | Vjenna | Vyana | Wean | Wene | Wenen | Wiedeń | Wien | Wjedźyń | فيينا | وین | וינה | Βιέννη | Беч | Вена | Виена | Відень | ཝི་ཨེ་ན། | Վիեննա | ვენა | वियना | 維也納,73,
02136286-p002-loc01,02136286-p002,02136286,1,Tübingen,,,,,,,,0,
00561251-p004-loc01,00561251-p004,00561251,1,Cambridge,Cambridge,2653941,https://www.geonames.org/2653941,52.2,0.11667,United Kingdom,케임브리지 | Caergrawnt | Cambridge | Cantabrigia | CBG | GBCMG | Grantanbrycg | Kambrij | Kembric | Kembridža | Kembridžas | Kembriĝo | Kiam-khiâu | Κέμπριτζ | Кеймбридж | Кембридж | Кембриҷ | Кембриџ | Кембрідж | Кембрыдж | კემბრიჯი | Քեմբրիջ | קיימברידג' | كامبريدج | کمبریج | کیمبرج | केंब्रिज | ক্যামব্রিজ | ಕೇಂಬ್ರಿಜ್ | കേംബ്രിഡ്ജ് | เคมบริดจ์ | ကိန်းဘရစ်ချ်မြို့ | ケンブリッジ | 劍橋,34,
02116074-p001-loc01,02116074-p001,02116074,1,Vienna,Vienna,2761369,https://www.geonames.org/2761369,48.20849,16.37208,Austria,빈 | ቪየና | 비엔나 | ウィーン | เวียนนา | 1010 | 1020 | 1030 | 1040 | 1050 | 1060 | 1070 | 1080 | 1090 | 1100 | 1110 | 1120 | 1130 | 1140 | 1150 | 1160 | 1170 | 1180 | 1190 | 1200 | 1210 | 1220 | 1230 | ATVIE | Beč | Beç | Bécs | Dunaj | Fiena | Q1741 | Veen | Vena | Vídeň | VIE | Viedeň | Viên | Viena | Vienna | Vienne | Vieno | Viin | Vín | Vínarborg | Vindobona | Vīne | Viyana | Vjena | Vjenna | Vyana | Wean | Wene | Wenen | Wiedeń | Wien | Wjedźyń | فيينا | وین | וינה | Βιέννη | Беч | Вена | Виена | Відень | ཝི་ཨེ་ན། | Վիեննա | ვენა | वियना | 維也納,73,
00204685-p001-loc01,00204685-p001,00204685,1,Ĉeské Budějovice (Budweis),České Budějovice,3077916,https://www.geonames.org/3077916,48.97447,14.47434,Czechia,Bohemo Budvicium | Böhmisch Budweis | Budejovice | Budweis | Česke Budejovicai | Ceské Budejovice | České Budějovice | CZCKB | Czeskie Budziejowice | JCL | Τσέσκε Μπουντεγιόβιτσε | Ческе-Будеёвице | Ческе Будейовице | Чешке Будјејовице | Чешке Буђејовице,15,
00204685-p002-loc01,00204685-p002,00204685,1,Oxford,Oxford,2640729,https://www.geonames.org/2640729,51.75222,-1.25596,United Kingdom,옥스퍼드 | Àth nan Damh | GBOXF | Oksford | Oksforda | Oksfordas | Oksfordo | Oksfuords | Oxenaford | Oxenaforda | Oxenford | OXF | Oxford | Oxnaford | Öxnafurða | Oxneford | Oxonia | Oxónia | Oxônia | Oxonium | Rhedicina | Rhydychen | Rysoghen | Uxavað | Οξφόρδη | Оксфард | Оксфорд | Оқсфорд | ოქსფორდი | Օքսֆորդ | Օքսֆորտ | אוקספורד | אקספארד | آکسفورد | آکسفورڈ | أكسفورد | اوكسفورد | ऑक्सफर्ड | ऑक्सफोर्ड | অক্সফোর্ড | ਆਕਸਫ਼ੋਰਡ | ஆக்சுபோர்டு | ఆక్స్‌ఫర్డ్ | ಆಕ್ಸ್‌ಫರ್ಡ್ | อ๊อกซฟอร์ด | အောက်စဖို့မြို့ | オックスフォード | 牛津,48,
00200707-p002-loc01,00200707-p002,00200707,1,Bologna,Bologna,3181928,https://www.geonames.org/3181928,44.49381,11.33875,Italy,볼로냐 | BLQ | Bologna | Bologne | Boloňa | Boloņa | Bolonha | Bolonia | Bolonija | Bolonjo | Bolonya | Bononia | Bulåggna | Bulogna | ITBLQ | ITBQY | Q1891 | Балёнья | Болонья | Болоня | Болоња | בולוניה | بولونيا | ボローニャ | 博洛尼亚,25,
00200707-p003-loc01,00200707-p003,00200707,1,Berlin,Berlin,2950159,https://www.geonames.org/2950159,52.52437,13.41053,Germany,베를린 | 10967 | 13347 | Beirlín | Belin | BER | Berlëno | Berlien | Berliin | Berliini | Berlijn | Berlim | Berlin | Berlín | Berlîn | Bèrlîn | Berlīne | Berlini | Berlino | Berlyn | Berlynas | Berolinum | Birlinu | DEBER | Estat de Berlín | Q64 | Βερολίνο | Берлин | Берлін | Бэрлін | ბერლინი | Բեռլին | Պերլին | בערלין | ברלין | برلين | برلین | بېرلىن | ܒܪܠܝܢ | बर्लिन | বার্লিন | பெர்லின் | เบอร์ลิน | ベルリン | 柏林,45,
00200707-p004-loc01,00200707-p004,00200707,1,Philadelphia,Philadelphia,4560349,https://www.geonames.org/4560349,39.95238,-75.16362,United States,필라델피아 | 19019 | 19092 | 19093 | 19099 | 19101 | 19102 | 19103 | 19104 | 19105 | 19106 | 19107 | 19108 | 19109 | 19110 | 19111 | 19112 | 19114 | 19115 | 19116 | 19118 | 19119 | 19120 | 19121 | 19122 | 19123 | 19124 | 19125 | 19127 | 19128 | 19129 | 19130 | 19131 | 19132 | 19133 | 19134 | 19135 | 19136 | 19137 | 19138 | 19139 | 19140 | 19141 | 19142 | 19143 | 19144 | 19145 | 19146 | 19147 | 19148 | 19149 | 19150 | 19151 | 19152 | 19153 | 19154 | 19155 | 19160 | 19161 | 19162 | 19170 | 19171 | 19172 | 19173 | 19175 | 19176 | 19177 | 19178 | 19179 | 19181 | 19182 | 19183 | 19184 | 19185 | 19187 | 19188 | 19191 | 19192 | 19193 | 19194 | 19195 | 19196 | 19197 | 19244 | 19255 | Coaquannock | Filadelfi | Filadelfia | Filadelfiä | Filadélfia | Filadèlfia | Filadelfie | Filadelfii | Filadelfija | Filadelfijo | Filadelfio | Filadelfiya | Filadélfiye | Fi-sàng | Ga-na-ta-jen-go-na | Phila | Philadelphia | Philadelphie | Philly | PHL | Q1345 | Quequenakee | Tsi wahswèn:to Tekahsó:ken | USPHL | Φιλαδέλφεια | Филаделфиа | Филаделфија | Филаделфия | Филадельфи | Филадельфий | Филадельфия | Філадельфія | Філадэльфія | ფილადელფია | Ֆիլադելֆիա | פילאדעלפיע | פילדלפיה | فلاڈیلفیا | فلاڈیلفیا، پنسلوانیا | فيلادلفيا | فیلادلفیا | فیلادلفیا، پنسیلوانیا | ፊላዴልፊያ | फिलाडेल्फिया | ফিলাডেলফিয়া | ਫ਼ਿਲਾਡੈਲਫ਼ੀਆ | ફિલાડેલ્ફિયા | பிலடெல்பியா | ఫిలడెల్ఫియా | ಫಿಲಡೆಲ್ಫಿಯಾ | ഫിലഡെൽഫിയ | ฟิลาเดลเฟีย | ဖီလာဒဲလ်ဖီးယားမြို့ | ភីឡាដេលផ្យា | フィラデルフィア | 費城 | 费城,142,
00200707-p005-loc01,00200707-p005,00200707,1,San Marino,San Marino,5392400,https://www.geonames.org/5392400,34.1214,-118.10646,United States,샌마리노 | 91108 | 91118 | Q850869 | San Marino | San-Marino | USSMD | Σαν Μαρίνο | Сан Марино | Сан-Марино | Сан-Маріно | Сан-Марына | სან-მარინო | Սան Մարինո | סן מרינו | سان مارينو | سان مارینو، کالیفرنیا | سان مارینو، کالیفورنیا | سین مارینو، کیلی فورنیا | स्यान म्यारिनो | サン・マリノ | 圣马力诺 | 聖瑪利諾 | 聖馬利諾,24,
00200707-p006-loc01,00200707-p006,00200707,1,"San Marino, California, United States",San Marino,5392400,https://www.geonames.org/5392400,34.1214,-118.10646,United States,샌마리노 | 91108 | 91118 | Q850869 | San Marino | San-Marino | USSMD | Σαν Μαρίνο | Сан Марино | Сан-Марино | Сан-Маріно | Сан-Марына | სან-მარინო | Սան Մարինո | סן מרינו | سان مارينو | سان مارینو، کالیفرنیا | سان مارینو، کالیفورنیا | سین مارینو، کیلی فورنیا | स्यान म्यारिनो | サン・マリノ | 圣马力诺 | 聖瑪利諾 | 聖馬利諾,24,
00200706-p001-loc01,00200706-p001,00200706,1,London,London,2643743,https://www.geonames.org/2643743,51.50853,-0.12574,United Kingdom,런던 | ᎫᎴ ᏗᏍᎪᏂᎯᏱ | ܠܘܢܕܘܢ | ለንደን | ロンドン | ଲଣ୍ଡନ | ลอนดอน | ລອນດອນ | GBLON | ILondon | Lākana | Landan | Landen | Llundain | Lodoni | LON | Londain | Londar | Londe | Londen | Londin | Londinium | Londn | london | London | Londona | Londonas | Londoni | Londono | Londons | Lọndọnu | Londra | Łondra | Londres | Londrez | Londri | Londro | Londye | Londyn | Londýn | Lonn | Lontoo | Loundres | Luân Đôn | Lunden | Lundra | Lůndůn | Lundúnir | Lùng-dŭng | Lunnainn | Lunnin | Lunnon | Lûn-tun | Lùn-tûn | Q84 | Rānana | لأندأن | لندن | لەندەن | لوندون | לאנדאן | לונדון | Λονδίνο | Лёндан | Лондан | Лондон | Лондон ош | Лондонъ | ལོན་ཊོན། | Լոնդոն | Լոնտոն | ლონდონი | लण्डन | लन्डन् | लन्दन | लंडन | लंदन | લંડન | లండన్ | ਲੰਡਨ | ಲಂಡನ್ | இலண்டன் | ലണ്ടൻ | লন্ডন | လန်ဒန်မြို့ | ලන්ඩන් | 伦敦 | 倫敦,88,
00200566-p001-loc01,00200566-p001,00200566,1,Venice,Venice,3164603,https://www.geonames.org/3164603,45.43713,12.33265,Italy,베니스 | 베네치아 | an Veinéis | Benátky | Benetke | Benezia | Feneyjar | ITVCE | Mleci | Q641 | VCE | Velence | Venecia | Venècia | Venecija | Venecio | Venedeg | Venedig | Venedik | Venediku | Venesia | Venèsia | Venesiya | Venetia | Veneția | Venetië | Venetsia | Veneza | Venezia | Venezsia | Venice | Venies | Venise | Venizia | Vignesie | Vinezzia | V'nise | Wenecja | Βενετία | Венеција | Венеция | Венеція | ვენეცია | Վենետիկ | ונציה | البندقية | ونیز | ۋېنىتسىيە | ヴェニス | ヴェネツィア | ベニス | 威尼斯,52,
00200566-p002-loc01,00200566-p002,00200566,1,Sevilla,Seville,2510911,https://www.geonames.org/2510911,37.38283,-5.97317,Spain,세비야 | 41001 | 41002 | 41003 | 41004 | 41005 | 41006 | 41007 | 41008 | 41009 | 41010 | 41011 | 41012 | 41013 | 41014 | 41015 | 41016 | 41017 | 41018 | 41019 | 41020 | 41070 | 41071 | 41080 | 41092 | ESSVQ | Hispalis | Lungsod ng Sevilla | Q55893348 | Sebilla | Sevila | Sevilėjė | Sevilha | Sevilia | Sevilija | Sevilja | Sevilla | Seville | Séville | Sevilo | Sevilya | Seviya | Séwéliye | Sewilla | Sibilia | Siviglia | Sivilja | SVQ | Σεβίλλη | Севиджэ | Севилја | Севилья | Севиля | Севиља | Севілья | სევილია | Սևիլյա | סביליה | סעווילא | إشبيلية | اشبیلیہ | سویا | سيبييا | سێڤیلیا | सेबिया | ਇਸ਼ਬੀਲੀਆ | செவீயா | เซบียา | セビリア | セビリャ | 塞維亞 | 塞维利亚,72,
00200566-p003-loc01,00200566-p003,00200566,1,Sevilla,Seville,2510911,https://www.geonames.org/2510911,37.38283,-5.97317,Spain,세비야 | 41001 | 41002 | 41003 | 41004 | 41005 | 41006 | 41007 | 41008 | 41009 | 41010 | 41011 | 41012 | 41013 | 41014 | 41015 | 41016 | 41017 | 41018 | 41019 | 41020 | 41070 | 41071 | 41080 | 41092 | ESSVQ | Hispalis | Lungsod ng Sevilla | Q55893348 | Sebilla | Sevila | Sevilėjė | Sevilha | Sevilia | Sevilija | Sevilja | Sevilla | Seville | Séville | Sevilo | Sevilya | Seviya | Séwéliye | Sewilla | Sibilia | Siviglia | Sivilja | SVQ | Σεβίλλη | Севиджэ | Севилја | Севилья | Севиля | Севиља | Севілья | სევილია | Սևիլյա | סביליה | סעווילא | إشبيلية | اشبیلیہ | سویا | سيبييا | سێڤیلیا | सेबिया | ਇਸ਼ਬੀਲੀਆ | செவீயா | เซบียา | セビリア | セビリャ | 塞維亞 | 塞维利亚,72,
02000909-p001-loc01,02000909-p001,02000909,1,Ferrara,Ferrara,6299592,https://www.geonames.org/6299592,44.83333,11.61667,Italy,페라라 | Ferara | Fërara | Ferrara | Ferrāra | Ferrare | Ferraria | Firrara | LIPF | Q35256061 | Φερράρα | Горад Ферара | Ферара | Феррара | ფერარა | פרארה | فرارا | فيرارا | فیرارا | फेरारा | แฟร์รารา | フェラーラ | 费拉拉,23,
02000909-p002-loc01,02000909-p002,02000909,1,Ferrara,Ferrara,6299592,https://www.geonames.org/6299592,44.83333,11.61667,Italy,페라라 | Ferara | Fërara | Ferrara | Ferrāra | Ferrare | Ferraria | Firrara | LIPF | Q35256061 | Φερράρα | Горад Ферара | Ферара | Феррара | ფერარა | פרארה | فرارا | فيرارا | فیرارا | फेरारा | แฟร์รารา | フェラーラ | 费拉拉,23,
02000909-p003-loc01,02000909-p003,02000909,1,London,London,2643743,https://www.geonames.org/2643743,51.50853,-0.12574,United Kingdom,런던 | ᎫᎴ ᏗᏍᎪᏂᎯᏱ | ܠܘܢܕܘܢ | ለንደን | ロンドン | ଲଣ୍ଡନ | ลอนดอน | ລອນດອນ | GBLON | ILondon | Lākana | Landan | Landen | Llundain | Lodoni | LON | Londain | Londar | Londe | Londen | Londin | Londinium | Londn | london | London | Londona | Londonas | Londoni | Londono | Londons | Lọndọnu | Londra | Łondra | Londres | Londrez | Londri | Londro | Londye | Londyn | Londýn | Lonn | Lontoo | Loundres | Luân Đôn | Lunden | Lundra | Lůndůn | Lundúnir | Lùng-dŭng | Lunnainn | Lunnin | Lunnon | Lûn-tun | Lùn-tûn | Q84 | Rānana | لأندأن | لندن | لەندەن | لوندون | לאנדאן | לונדון | Λονδίνο | Лёндан | Лондан | Лондон | Лондон ош | Лондонъ | ལོན་ཊོན། | Լոնդոն | Լոնտոն | ლონდონი | लण्डन | लन्डन् | लन्दन | लंडन | लंदन | લંડન | లండన్ | ਲੰਡਨ | ಲಂಡನ್ | இலண்டன் | ലണ്ടൻ | লন্ডন | လန်ဒန်မြို့ | ලන්ඩන් | 伦敦 | 倫敦,88,
02135240-p001-loc01,02135240-p001,02135240,1,Tübingen,,,,,,,,0,
02119676-p001-loc01,02119676-p001,02119676,1,Vienna,Vienna,2761369,https://www.geonames.org/2761369,48.20849,16.37208,Austria,빈 | ቪየና | 비엔나 | ウィーン | เวียนนา | 1010 | 1020 | 1030 | 1040 | 1050 | 1060 | 1070 | 1080 | 1090 | 1100 | 1110 | 1120 | 1130 | 1140 | 1150 | 1160 | 1170 | 1180 | 1190 | 1200 | 1210 | 1220 | 1230 | ATVIE | Beč | Beç | Bécs | Dunaj | Fiena | Q1741 | Veen | Vena | Vídeň | VIE | Viedeň | Viên | Viena | Vienna | Vienne | Vieno | Viin | Vín | Vínarborg | Vindobona | Vīne | Viyana | Vjena | Vjenna | Vyana | Wean | Wene | Wenen | Wiedeń | Wien | Wjedźyń | فيينا | وین | וינה | Βιέννη | Беч | Вена | Виена | Відень | ཝི་ཨེ་ན། | Վիեննա | ვენა | वियना | 維也納,73,
02125438-p002-loc01,02125438-p002,02125438,1,Edinburgh,Edinburgh,2650225,https://www.geonames.org/2650225,55.95206,-3.19648,United Kingdom,에든버러 | Aebura | Caeredin | Dinedin | Doon Edin | Dún Éideann | Dùn Èideann | Ebora | EDI | Edimborg | Edimborgh | Édimbourg | Edimburg | Edimbùrgh | Edimburgo | Edimburgu | Edimburgum | Edinbo | Edinboarch | Edinborg | Edinburc | Edinburg | Edinburga | Edinburgas | Edinburgh | Edinburgo | Edinburq | Edinburrie | Edynburg | Embra | GBEDI | Idinburg | Εδιμβούργο | Единбург | Эдинбург | Эдынбург | ედინბურგი | Էդինբուրգ | Էտինպուրկ | אדינבורו | עדינבורג | إدنبرة | ئێدینبەرە | ادینبرو | ایڈنبرا | एडिनबरा | एदिनबरा | এডিনবরা | எடின்பரோ | ಎಡಿನ್‌ಬರ್ಗ್‌‌ | എഡിൻബറോ | เอดินบะระ | အက်ဒင်ဗာရာမြို့ | エディンバラ | 爱丁堡,55,
00200751-p002-loc01,00200751-p002,00200751,1,Parigi,Paris,2988507,https://www.geonames.org/2988507,48.85341,2.3488,France,파리 | 75000 | 75001 | 75002 | 75003 | 75004 | 75005 | 75006 | 75007 | 75008 | 75009 | 75010 | 75011 | 75012 | 75013 | 75014 | 75015 | 75016 | 75017 | 75018 | 75019 | 75020 | Baariis | Bahliz | Baris | FRPAR | Lungsod ng Paris | Lutèce | Lutetia | Lutetia Parisorum | Paarys | Palika | Paname | Pantruche | PAR | Paräis | Páras | Pa-ri | Pari | Parĩ | Parī | Paries | Parigge | Pariggi | Parighji | Parigi | Pariis | Pariisi | Pariižu | Parij | Parijs | paris | Paris | París | Parîs | Parisi | Parixe | Pariz | Pariž | Paríž | Paříž | Parīze | Parizo | Párizs | Parys | Paryż | Paryžius | Q90 | Ville-Lumière | Παρίσι | Париж | Париж ош | Парижь | Париз | Парис | Паріж | Парыж | პარიზი | Բարիզ | Փարիզ | פאריז | פריז | باريس | پارىژ | پاريس | پاریس | پیرس | ܦܐܪܝܣ | ፓሪስ | पॅरिस | पेरिस | पैरिस | প্যারিস | ਪੈਰਿਸ | પૅરિસ | பாரிஸ் | పారిస్ | ಪ್ಯಾರಿಸ್ | പാരിസ് | ปารีส | ཕ་རི། | ပါရီမြို့ | ប៉ារីស | パリ | 巴黎,105,
00200751-p003-loc01,00200751-p003,00200751,1,Monselice,Monselice,3173124,https://www.geonames.org/3173124,45.239,11.74984,Italy,ITMOE | Monselice,2,
00200751-p004-loc01,00200751-p004,00200751,1,Venezia,Venice,3164603,https://www.geonames.org/3164603,45.43713,12.33265,Italy,ベニス | 베니스 | ヴェニス | 베네치아 | ヴェネツィア | an Veinéis | Benátky | Benetke | Benezia | Feneyjar | ITVCE | Mleci | Q641 | VCE | Velence | Venecia | Venècia | Venecija | Venecio | Venedeg | Venedig | Venedik | Venediku | Venesia | Venèsia | Venesiya | Venetia | Veneția | Venetië | Venetsia | Veneza | Venezia | Venezsia | Venice | Venies | Venise | Venizia | Vignesie | Vinezzia | V'nise | Wenecja | البندقية | ۋېنىتسىيە | ونیز | ונציה | Βενετία | Венеција | Венеция | Венеція | Վենետիկ | ვენეცია | 威尼斯,52,
02015299-p001-loc01,02015299-p001,02015299,1,,Switzerland,2658434,https://www.geonames.org/2658434,47.00016,8.01427,Switzerland,スイス | 스위스 | ស្វ៊ីស | ስዊዘርላንድ | ສະວິດເຊີແລນ | ସ୍ୱିଜରଲ୍ୟାଣ୍ଡ | สวิตเซอร์แลนด์ | An Eilbheis | an Eilvéis | CH | Confederatio Helvetica | Confédération Suisse | Confederazione Svizzera | Confoederatio Helvetica | Elveția | Helvetia | İsveçrə | İsviçre | i-Switzerland | Ĩveits | l-Iżvizzera | Schwäiz | Schweiz | Schweizerische Eidgenossenschaft | Schweizi | Schwiz | Shveytsariya | Siwis | Soisa | Soïssa | Suíça | Suis | Sûîsi | Suisilani | Suissa | Suïssa | Suisse | Suitza | Suiza | Suíza | Suwiis | Suwisi | Suwizalan | Svájc | Švajčiarsko | Šveica | Šveicarija | Šveice | Sveis | Sveits | Šveits | Sveitsi | Švica | Švicarska | Sviss | Svisujo | Svizra | Svizzera | Švýcarsko | Swetzaland | Şweýsariýa | Swiiserlaand | Swise | Swisɛ | Swîsre | Swiss | Swiss Confederation | switiṣilandi | Switizirandi | Switserlan | Switserlân | Switserland | Switzerland | Switzerland nutome | Szwajcaria | Thụy Sĩ | Ubusuwisi | Uswisi | Y Swistir | Zvicër | Zwitserland | سُوِزَرلینڑ | سویس | سوئٹزر لینڈ | سوئزرلينڊ | سوئیس | سويسرا | شىۋېتسارىيە | שווייץ | שוויץ | Ελβετία | Швајцарија | Швајцарска | Швейтсария | Швейцари | Швейцария | Швейцарія | Швейцарыя | Швейцарь | སུ་ཝིཊ་ཛར་ལེནཌ | ཧྲུད་ཧྲི། | Զուիցերիա | Շվեյցարիա | შვეიცარია | स्विजरल्याण्ड | स्विटज़रलैंड | स्वित्झर्लंड | स्विस | સ્વિટ્ઝર્લૅન્ડ | స్విట్జర్లాండ్ | ਸਵਿਟਜ਼ਰਲੈਂਡ | ಸ್ವಿಟ್ಜರ್ಲ್ಯಾಂಡ್ | ஸ்விட்சர்லாந்து | സ്വിറ്റ്സർലാൻഡ് | চুইজাৰলেণ্ড | সুইজর্লণ্ড | সুইজারল্যান্ড | ဆွစ်ဇာလန် | ස්විස්ටර්ලන්තය | 瑞士 | スイス連邦,121,
02015299-p002-loc01,02015299-p002,02015299,1,Basel,Basel,2661604,https://www.geonames.org/2661604,47.55839,7.57327,Switzerland,바젤 | 4000 | 4001 | 4031 | 4051 | 4052 | 4053 | 4054 | 4055 | 4056 | 4057 | 4058 | 4059 | Bâla | Bâle | Basel | Bāsel | Basilea | Basilèa | Basileia | Basilej | Basilia | Basle | Baxiłea | Bazel | Bázel | Bāzele | Bazeli | Bazelis | Bazelo | Bazilej | Bazylea | BSL | CHBSL | EAP | Robur | Βασιλεία | Базел | Базель | Базель хот | ბაზელი | Բազել | באזעל | בזל | بازل | ባዝል | बासल | বাজেল | பேசெல் | บาเซิล | པ་སེལ། | バーゼル | 巴塞尔 | 巴塞爾 | 白才尔,55,
02015299-p003-loc01,02015299-p003,02015299,1,Freiburg im Breisgau,Freiburg im Breisgau,2925177,https://www.geonames.org/2925177,47.9959,7.85222,Germany,79098 | DEFBG | Freiburg | Freiburg im Breisgau | Fribourg-en-Brisgau | Friburg de Brisgòvia | Friburgo de Brisgovia | Friburgo in Brisgovia | Fryburg Bryzgowijski | QFB | Φράιμπουργκ | Фрайбург | Фрайбург-им-Брайсгау | Фрајбург | فرايبورغ | فرایبورگ | フライブルク | 弗莱堡,18,
02015299-p004-loc01,02015299-p004,02015299,1,London,London,2643743,https://www.geonames.org/2643743,51.50853,-0.12574,United Kingdom,런던 | ᎫᎴ ᏗᏍᎪᏂᎯᏱ | ܠܘܢܕܘܢ | ለንደን | ロンドン | ଲଣ୍ଡନ | ลอนดอน | ລອນດອນ | GBLON | ILondon | Lākana | Landan | Landen | Llundain | Lodoni | LON | Londain | Londar | Londe | Londen | Londin | Londinium | Londn | london | London | Londona | Londonas | Londoni | Londono | Londons | Lọndọnu | Londra | Łondra | Londres | Londrez | Londri | Londro | Londye | Londyn | Londýn | Lonn | Lontoo | Loundres | Luân Đôn | Lunden | Lundra | Lůndůn | Lundúnir | Lùng-dŭng | Lunnainn | Lunnin | Lunnon | Lûn-tun | Lùn-tûn | Q84 | Rānana | لأندأن | لندن | لەندەن | لوندون | לאנדאן | לונדון | Λονδίνο | Лёндан | Лондан | Лондон | Лондон ош | Лондонъ | ལོན་ཊོན། | Լոնդոն | Լոնտոն | ლონდონი | लण्डन | लन्डन् | लन्दन | लंडन | लंदन | લંડન | లండన్ | ਲੰਡਨ | ಲಂಡನ್ | இலண்டன் | ലണ്ടൻ | লন্ডন | လန်ဒန်မြို့ | ලන්ඩන් | 伦敦 | 倫敦,88,
02101163-p001-loc01,02101163-p001,02101163,1,Amsterdam,Amsterdam,2759794,https://www.geonames.org/2759794,52.37403,4.88969,The Netherlands,암스테르담 | ܐܡܣܛܪܕܐܡ | አምስተርዳም | アムステルダム | ଆମଷ୍ଟରଡ଼୍ୟାମ | อัมสเตอร์ดัม | 1011 | 1012 | 1013 | 1014 | 1015 | 1016 | 1017 | 1018 | 1019 | 1021 | 1022 | 1023 | 1024 | 1025 | 1026 | 1027 | 1028 | 1031 | 1032 | 1033 | 1034 | 1035 | 1036 | 1037 | 1041 | 1042 | 1043 | 1044 | 1045 | 1046 | 1047 | 1051 | 1052 | 1053 | 1054 | 1055 | 1056 | 1057 | 1058 | 1059 | 1060 | 1061 | 1062 | 1063 | 1064 | 1065 | 1066 | 1067 | 1068 | 1069 | 1071 | 1072 | 1073 | 1074 | 1075 | 1076 | 1077 | 1078 | 1079 | 1081 | 1082 | 1083 | 1086 | 1087 | 1091 | 1092 | 1093 | 1094 | 1095 | 1096 | 1097 | 1098 | 1101 | 1102 | 1103 | 1104 | 1105 | 1106 | 1107 | 1108 | 1109 | Aemstelredamme | Aemsterdam | Amestelledamme | Amesterdã | Âmesterdâm | Amesterdão | Amistardam | AMS | Amseutereudam | Amstadem | Amstardam | Amstardām | Amstèdam | Amsteladamum | Amstelodamum | Amstelodhámon | Amsterdã | Amsterdam | Ámsterdam | Àmsterdam | Amstérdam | Amstɛrɩdam | Amsterdama | Amsterdamas | Amstèrdame | Amsterdami | Amsterdamo | Amsterdams | Amsterdamu | Ámsterdan | Amsterodam | Amstyerdam | Amsŭt'erŭdam | Amszterdam | Āmǔsītèdān | Amusuterudamu | Damsko | I-Amsterdami | Mokum | Mokum Aleph | NLAMS | آمستردام | أمستردام | امستردام | ایمسٹرڈیم | امسټرډام | ئامستېردام | ئەمستەردام | אמסטערדאם | אמסטרדם | Άμστερνταμ | Амстердам | Амстэрдам | ཨེམ་སི་ཊར་ཌམ། | Ամսթերտամ | Ամստերդամ | ამსტერდამი | अ‍ॅम्स्टरडॅम | आम्स्टर्डम | एम्स्तरद्याम | ऐम्स्टर्डैम | ਅਮਸਤਰਦਮ | ಆಂಸ್ಟರ್ಡ್ಯಾಮ್ | ஆம்ஸ்டர்டம் | ആംസ്റ്റർഡാം | আমস্টারডাম | အမ်စတာဒမ်မြို့ | ඈම්ස්ටර්ඩෑම් | 阿姆斯特丹,156,
02101163-p002-loc01,02101163-p002,02101163,1,Amsterdam,Amsterdam,2759794,https://www.geonames.org/2759794,52.37403,4.88969,The Netherlands,암스테르담 | ܐܡܣܛܪܕܐܡ | አምስተርዳም | アムステルダム | ଆମଷ୍ଟରଡ଼୍ୟାମ | อัมสเตอร์ดัม | 1011 | 1012 | 1013 | 1014 | 1015 | 1016 | 1017 | 1018 | 1019 | 1021 | 1022 | 1023 | 1024 | 1025 | 1026 | 1027 | 1028 | 1031 | 1032 | 1033 | 1034 | 1035 | 1036 | 1037 | 1041 | 1042 | 1043 | 1044 | 1045 | 1046 | 1047 | 1051 | 1052 | 1053 | 1054 | 1055 | 1056 | 1057 | 1058 | 1059 | 1060 | 1061 | 1062 | 1063 | 1064 | 1065 | 1066 | 1067 | 1068 | 1069 | 1071 | 1072 | 1073 | 1074 | 1075 | 1076 | 1077 | 1078 | 1079 | 1081 | 1082 | 1083 | 1086 | 1087 | 1091 | 1092 | 1093 | 1094 | 1095 | 1096 | 1097 | 1098 | 1101 | 1102 | 1103 | 1104 | 1105 | 1106 | 1107 | 1108 | 1109 | Aemstelredamme | Aemsterdam | Amestelledamme | Amesterdã | Âmesterdâm | Amesterdão | Amistardam | AMS | Amseutereudam | Amstadem | Amstardam | Amstardām | Amstèdam | Amsteladamum | Amstelodamum | Amstelodhámon | Amsterdã | Amsterdam | Ámsterdam | Àmsterdam | Amstérdam | Amstɛrɩdam | Amsterdama | Amsterdamas | Amstèrdame | Amsterdami | Amsterdamo | Amsterdams | Amsterdamu | Ámsterdan | Amsterodam | Amstyerdam | Amsŭt'erŭdam | Amszterdam | Āmǔsītèdān | Amusuterudamu | Damsko | I-Amsterdami | Mokum | Mokum Aleph | NLAMS | آمستردام | أمستردام | امستردام | ایمسٹرڈیم | امسټرډام | ئامستېردام | ئەمستەردام | אמסטערדאם | אמסטרדם | Άμστερνταμ | Амстердам | Амстэрдам | ཨེམ་སི་ཊར་ཌམ། | Ամսթերտամ | Ամստերդամ | ამსტერდამი | अ‍ॅम्स्टरडॅम | आम्स्टर्डम | एम्स्तरद्याम | ऐम्स्टर्डैम | ਅਮਸਤਰਦਮ | ಆಂಸ್ಟರ್ಡ್ಯಾಮ್ | ஆம்ஸ்டர்டம் | ആംസ്റ്റർഡാം | আমস্টারডাম | အမ်စတာဒမ်မြို့ | ඈම්ස්ටර්ඩෑම් | 阿姆斯特丹,156,
02101163-p003-loc01,02101163-p003,02101163,1,Amsterdam,Amsterdam,2759794,https://www.geonames.org/2759794,52.37403,4.88969,The Netherlands,암스테르담 | ܐܡܣܛܪܕܐܡ | አምስተርዳም | アムステルダム | ଆମଷ୍ଟରଡ଼୍ୟାମ | อัมสเตอร์ดัม | 1011 | 1012 | 1013 | 1014 | 1015 | 1016 | 1017 | 1018 | 1019 | 1021 | 1022 | 1023 | 1024 | 1025 | 1026 | 1027 | 1028 | 1031 | 1032 | 1033 | 1034 | 1035 | 1036 | 1037 | 1041 | 1042 | 1043 | 1044 | 1045 | 1046 | 1047 | 1051 | 1052 | 1053 | 1054 | 1055 | 1056 | 1057 | 1058 | 1059 | 1060 | 1061 | 1062 | 1063 | 1064 | 1065 | 1066 | 1067 | 1068 | 1069 | 1071 | 1072 | 1073 | 1074 | 1075 | 1076 | 1077 | 1078 | 1079 | 1081 | 1082 | 1083 | 1086 | 1087 | 1091 | 1092 | 1093 | 1094 | 1095 | 1096 | 1097 | 1098 | 1101 | 1102 | 1103 | 1104 | 1105 | 1106 | 1107 | 1108 | 1109 | Aemstelredamme | Aemsterdam | Amestelledamme | Amesterdã | Âmesterdâm | Amesterdão | Amistardam | AMS | Amseutereudam | Amstadem | Amstardam | Amstardām | Amstèdam | Amsteladamum | Amstelodamum | Amstelodhámon | Amsterdã | Amsterdam | Ámsterdam | Àmsterdam | Amstérdam | Amstɛrɩdam | Amsterdama | Amsterdamas | Amstèrdame | Amsterdami | Amsterdamo | Amsterdams | Amsterdamu | Ámsterdan | Amsterodam | Amstyerdam | Amsŭt'erŭdam | Amszterdam | Āmǔsītèdān | Amusuterudamu | Damsko | I-Amsterdami | Mokum | Mokum Aleph | NLAMS | آمستردام | أمستردام | امستردام | ایمسٹرڈیم | امسټرډام | ئامستېردام | ئەمستەردام | אמסטערדאם | אמסטרדם | Άμστερνταμ | Амстердам | Амстэрдам | ཨེམ་སི་ཊར་ཌམ། | Ամսթերտամ | Ամստերդամ | ამსტერდამი | अ‍ॅम्स्टरडॅम | आम्स्टर्डम | एम्स्तरद्याम | ऐम्स्टर्डैम | ਅਮਸਤਰਦਮ | ಆಂಸ್ಟರ್ಡ್ಯಾಮ್ | ஆம்ஸ்டர்டம் | ആംസ്റ്റർഡാം | আমস্টারডাম | အမ်စတာဒမ်မြို့ | ඈම්ස්ටර්ඩෑම් | 阿姆斯特丹,156,
02101163-p004-loc01,02101163-p004,02101163,1,Den Haag,The Hague,2747373,https://www.geonames.org/2747373,52.07667,4.29861,The Netherlands,헤이그 | デン・ハーグ | 2491 | 2492 | 2493 | 2495 | 2496 | 2497 | 2498 | 2511 | 2512 | 2513 | 2514 | 2515 | 2516 | 2517 | 2518 | 2521 | 2522 | 2523 | 2524 | 2525 | 2526 | 2531 | 2532 | 2533 | 2541 | 2542 | 2543 | 2544 | 2545 | 2546 | 2547 | 2548 | 2551 | 2552 | 2553 | 2554 | 2555 | 2561 | 2562 | 2563 | 2564 | 2565 | 2566 | 2571 | 2572 | 2573 | 2574 | 2581 | 2582 | 2583 | 2584 | 2585 | 2586 | 2587 | 2591 | 2592 | 2593 | 2594 | 2595 | 2596 | 2597 | A Haia | An Háig | De Haach | Den Haag | D'n Haog | Haag | Hag | HAG | Haga | Hága | Hāga | Hago | Hague | La Haia | La Haya | La Haye | Lahey | L'Aia | NLHA9 | NLHAG | Q41795540 | 's-Gravenhage | The Hague | لاهاي | لاهه | האג | Χάγη | Гаага | Хаг | Хага | ჰააგა | 海牙,95,
02100762-p001-loc01,02100762-p001,02100762,1,Amsterdam,Amsterdam,2759794,https://www.geonames.org/2759794,52.37403,4.88969,The Netherlands,암스테르담 | ܐܡܣܛܪܕܐܡ | አምስተርዳም | アムステルダム | ଆମଷ୍ଟରଡ଼୍ୟାମ | อัมสเตอร์ดัม | 1011 | 1012 | 1013 | 1014 | 1015 | 1016 | 1017 | 1018 | 1019 | 1021 | 1022 | 1023 | 1024 | 1025 | 1026 | 1027 | 1028 | 1031 | 1032 | 1033 | 1034 | 1035 | 1036 | 1037 | 1041 | 1042 | 1043 | 1044 | 1045 | 1046 | 1047 | 1051 | 1052 | 1053 | 1054 | 1055 | 1056 | 1057 | 1058 | 1059 | 1060 | 1061 | 1062 | 1063 | 1064 | 1065 | 1066 | 1067 | 1068 | 1069 | 1071 | 1072 | 1073 | 1074 | 1075 | 1076 | 1077 | 1078 | 1079 | 1081 | 1082 | 1083 | 1086 | 1087 | 1091 | 1092 | 1093 | 1094 | 1095 | 1096 | 1097 | 1098 | 1101 | 1102 | 1103 | 1104 | 1105 | 1106 | 1107 | 1108 | 1109 | Aemstelredamme | Aemsterdam | Amestelledamme | Amesterdã | Âmesterdâm | Amesterdão | Amistardam | AMS | Amseutereudam | Amstadem | Amstardam | Amstardām | Amstèdam | Amsteladamum | Amstelodamum | Amstelodhámon | Amsterdã | Amsterdam | Ámsterdam | Àmsterdam | Amstérdam | Amstɛrɩdam | Amsterdama | Amsterdamas | Amstèrdame | Amsterdami | Amsterdamo | Amsterdams | Amsterdamu | Ámsterdan | Amsterodam | Amstyerdam | Amsŭt'erŭdam | Amszterdam | Āmǔsītèdān | Amusuterudamu | Damsko | I-Amsterdami | Mokum | Mokum Aleph | NLAMS | آمستردام | أمستردام | امستردام | ایمسٹرڈیم | امسټرډام | ئامستېردام | ئەمستەردام | אמסטערדאם | אמסטרדם | Άμστερνταμ | Амстердам | Амстэрдам | ཨེམ་སི་ཊར་ཌམ། | Ամսթերտամ | Ամստերդամ | ამსტერდამი | अ‍ॅम्स्टरडॅम | आम्स्टर्डम | एम्स्तरद्याम | ऐम्स्टर्डैम | ਅਮਸਤਰਦਮ | ಆಂಸ್ಟರ್ಡ್ಯಾಮ್ | ஆம்ஸ்டர்டம் | ആംസ്റ്റർഡാം | আমস্টারডাম | အမ်စတာဒမ်မြို့ | ඈම්ස්ටර්ඩෑම් | 阿姆斯特丹,156,
02100762-p002-loc01,02100762-p002,02100762,1,Amsterdam,Amsterdam,2759794,https://www.geonames.org/2759794,52.37403,4.88969,The Netherlands,암스테르담 | ܐܡܣܛܪܕܐܡ | አምስተርዳም | アムステルダム | ଆମଷ୍ଟରଡ଼୍ୟାମ | อัมสเตอร์ดัม | 1011 | 1012 | 1013 | 1014 | 1015 | 1016 | 1017 | 1018 | 1019 | 1021 | 1022 | 1023 | 1024 | 1025 | 1026 | 1027 | 1028 | 1031 | 1032 | 1033 | 1034 | 1035 | 1036 | 1037 | 1041 | 1042 | 1043 | 1044 | 1045 | 1046 | 1047 | 1051 | 1052 | 1053 | 1054 | 1055 | 1056 | 1057 | 1058 | 1059 | 1060 | 1061 | 1062 | 1063 | 1064 | 1065 | 1066 | 1067 | 1068 | 1069 | 1071 | 1072 | 1073 | 1074 | 1075 | 1076 | 1077 | 1078 | 1079 | 1081 | 1082 | 1083 | 1086 | 1087 | 1091 | 1092 | 1093 | 1094 | 1095 | 1096 | 1097 | 1098 | 1101 | 1102 | 1103 | 1104 | 1105 | 1106 | 1107 | 1108 | 1109 | Aemstelredamme | Aemsterdam | Amestelledamme | Amesterdã | Âmesterdâm | Amesterdão | Amistardam | AMS | Amseutereudam | Amstadem | Amstardam | Amstardām | Amstèdam | Amsteladamum | Amstelodamum | Amstelodhámon | Amsterdã | Amsterdam | Ámsterdam | Àmsterdam | Amstérdam | Amstɛrɩdam | Amsterdama | Amsterdamas | Amstèrdame | Amsterdami | Amsterdamo | Amsterdams | Amsterdamu | Ámsterdan | Amsterodam | Amstyerdam | Amsŭt'erŭdam | Amszterdam | Āmǔsītèdān | Amusuterudamu | Damsko | I-Amsterdami | Mokum | Mokum Aleph | NLAMS | آمستردام | أمستردام | امستردام | ایمسٹرڈیم | امسټرډام | ئامستېردام | ئەمستەردام | אמסטערדאם | אמסטרדם | Άμστερνταμ | Амстердам | Амстэрдам | ཨེམ་སི་ཊར་ཌམ། | Ամսթերտամ | Ամստերդամ | ამსტერდამი | अ‍ॅम्स्टरडॅम | आम्स्टर्डम | एम्स्तरद्याम | ऐम्स्टर्डैम | ਅਮਸਤਰਦਮ | ಆಂಸ್ಟರ್ಡ್ಯಾಮ್ | ஆம்ஸ்டர்டம் | ആംസ്റ്റർഡാം | আমস্টারডাম | အမ်စတာဒမ်မြို့ | ඈම්ස්ටර්ඩෑම් | 阿姆斯特丹,156,
02100762-p003-loc01,02100762-p003,02100762,1,Amsterdam,Amsterdam,2759794,https://www.geonames.org/2759794,52.37403,4.88969,The Netherlands,암스테르담 | ܐܡܣܛܪܕܐܡ | አምስተርዳም | アムステルダム | ଆମଷ୍ଟରଡ଼୍ୟାମ | อัมสเตอร์ดัม | 1011 | 1012 | 1013 | 1014 | 1015 | 1016 | 1017 | 1018 | 1019 | 1021 | 1022 | 1023 | 1024 | 1025 | 1026 | 1027 | 1028 | 1031 | 1032 | 1033 | 1034 | 1035 | 1036 | 1037 | 1041 | 1042 | 1043 | 1044 | 1045 | 1046 | 1047 | 1051 | 1052 | 1053 | 1054 | 1055 | 1056 | 1057 | 1058 | 1059 | 1060 | 1061 | 1062 | 1063 | 1064 | 1065 | 1066 | 1067 | 1068 | 1069 | 1071 | 1072 | 1073 | 1074 | 1075 | 1076 | 1077 | 1078 | 1079 | 1081 | 1082 | 1083 | 1086 | 1087 | 1091 | 1092 | 1093 | 1094 | 1095 | 1096 | 1097 | 1098 | 1101 | 1102 | 1103 | 1104 | 1105 | 1106 | 1107 | 1108 | 1109 | Aemstelredamme | Aemsterdam | Amestelledamme | Amesterdã | Âmesterdâm | Amesterdão | Amistardam | AMS | Amseutereudam | Amstadem | Amstardam | Amstardām | Amstèdam | Amsteladamum | Amstelodamum | Amstelodhámon | Amsterdã | Amsterdam | Ámsterdam | Àmsterdam | Amstérdam | Amstɛrɩdam | Amsterdama | Amsterdamas | Amstèrdame | Amsterdami | Amsterdamo | Amsterdams | Amsterdamu | Ámsterdan | Amsterodam | Amstyerdam | Amsŭt'erŭdam | Amszterdam | Āmǔsītèdān | Amusuterudamu | Damsko | I-Amsterdami | Mokum | Mokum Aleph | NLAMS | آمستردام | أمستردام | امستردام | ایمسٹرڈیم | امسټرډام | ئامستېردام | ئەمستەردام | אמסטערדאם | אמסטרדם | Άμστερνταμ | Амстердам | Амстэрдам | ཨེམ་སི་ཊར་ཌམ། | Ամսթերտամ | Ամստերդամ | ამსტერდამი | अ‍ॅम्स्टरडॅम | आम्स्टर्डम | एम्स्तरद्याम | ऐम्स्टर्डैम | ਅਮਸਤਰਦਮ | ಆಂಸ್ಟರ್ಡ್ಯಾಮ್ | ஆம்ஸ்டர்டம் | ആംസ്റ്റർഡാം | আমস্টারডাম | အမ်စတာဒမ်မြို့ | ඈම්ස්ටර්ඩෑම් | 阿姆斯特丹,156,
02100762-p004-loc01,02100762-p004,02100762,1,Den Haag,The Hague,2747373,https://www.geonames.org/2747373,52.07667,4.29861,The Netherlands,헤이그 | デン・ハーグ | 2491 | 2492 | 2493 | 2495 | 2496 | 2497 | 2498 | 2511 | 2512 | 2513 | 2514 | 2515 | 2516 | 2517 | 2518 | 2521 | 2522 | 2523 | 2524 | 2525 | 2526 | 2531 | 2532 | 2533 | 2541 | 2542 | 2543 | 2544 | 2545 | 2546 | 2547 | 2548 | 2551 | 2552 | 2553 | 2554 | 2555 | 2561 | 2562 | 2563 | 2564 | 2565 | 2566 | 2571 | 2572 | 2573 | 2574 | 2581 | 2582 | 2583 | 2584 | 2585 | 2586 | 2587 | 2591 | 2592 | 2593 | 2594 | 2595 | 2596 | 2597 | A Haia | An Háig | De Haach | Den Haag | D'n Haog | Haag | Hag | HAG | Haga | Hága | Hāga | Hago | Hague | La Haia | La Haya | La Haye | Lahey | L'Aia | NLHA9 | NLHAG | Q41795540 | 's-Gravenhage | The Hague | لاهاي | لاهه | האג | Χάγη | Гаага | Хаг | Хага | ჰააგა | 海牙,95,
02101150-p004-loc01,02101150-p004,02101150,1,Den Haag,The Hague,2747373,https://www.geonames.org/2747373,52.07667,4.29861,The Netherlands,헤이그 | デン・ハーグ | 2491 | 2492 | 2493 | 2495 | 2496 | 2497 | 2498 | 2511 | 2512 | 2513 | 2514 | 2515 | 2516 | 2517 | 2518 | 2521 | 2522 | 2523 | 2524 | 2525 | 2526 | 2531 | 2532 | 2533 | 2541 | 2542 | 2543 | 2544 | 2545 | 2546 | 2547 | 2548 | 2551 | 2552 | 2553 | 2554 | 2555 | 2561 | 2562 | 2563 | 2564 | 2565 | 2566 | 2571 | 2572 | 2573 | 2574 | 2581 | 2582 | 2583 | 2584 | 2585 | 2586 | 2587 | 2591 | 2592 | 2593 | 2594 | 2595 | 2596 | 2597 | A Haia | An Háig | De Haach | Den Haag | D'n Haog | Haag | Hag | HAG | Haga | Hága | Hāga | Hago | Hague | La Haia | La Haya | La Haye | Lahey | L'Aia | NLHA9 | NLHAG | Q41795540 | 's-Gravenhage | The Hague | لاهاي | لاهه | האג | Χάγη | Гаага | Хаг | Хага | ჰააგა | 海牙,95,
02101636-p002-loc01,02101636-p002,02101636,1,Den Haag,The Hague,2747373,https://www.geonames.org/2747373,52.07667,4.29861,The Netherlands,헤이그 | デン・ハーグ | 2491 | 2492 | 2493 | 2495 | 2496 | 2497 | 2498 | 2511 | 2512 | 2513 | 2514 | 2515 | 2516 | 2517 | 2518 | 2521 | 2522 | 2523 | 2524 | 2525 | 2526 | 2531 | 2532 | 2533 | 2541 | 2542 | 2543 | 2544 | 2545 | 2546 | 2547 | 2548 | 2551 | 2552 | 2553 | 2554 | 2555 | 2561 | 2562 | 2563 | 2564 | 2565 | 2566 | 2571 | 2572 | 2573 | 2574 | 2581 | 2582 | 2583 | 2584 | 2585 | 2586 | 2587 | 2591 | 2592 | 2593 | 2594 | 2595 | 2596 | 2597 | A Haia | An Háig | De Haach | Den Haag | D'n Haog | Haag | Hag | HAG | Haga | Hága | Hāga | Hago | Hague | La Haia | La Haya | La Haye | Lahey | L'Aia | NLHA9 | NLHAG | Q41795540 | 's-Gravenhage | The Hague | لاهاي | لاهه | האג | Χάγη | Гаага | Хаг | Хага | ჰააგა | 海牙,95,
02139272-p001-loc01,02139272-p001,02139272,1,The Hague,Gemeente Den Haag,2747372,https://www.geonames.org/2747372,52.06866,4.28635,The Netherlands,Den Haag | Gemeente Den Haag | Gemeente ’s-Gravenhage | Leidschenveen | 's-Gravenhage | ’s-Gravenhage,6,
02139272-p002-loc01,02139272-p002,02139272,1,The Hague,Gemeente Den Haag,2747372,https://www.geonames.org/2747372,52.06866,4.28635,The Netherlands,Den Haag | Gemeente Den Haag | Gemeente ’s-Gravenhage | Leidschenveen | 's-Gravenhage | ’s-Gravenhage,6,
02101635-p003-loc01,02101635-p003,02101635,1,Frenswegen,Frenswegen,2924979,https://www.geonames.org/2924979,52.45439,7.03698,Germany,Frenswegen | Q1455513,2,
02101635-p004-loc01,02101635-p004,02101635,1,Den Haag,The Hague,2747373,https://www.geonames.org/2747373,52.07667,4.29861,The Netherlands,헤이그 | デン・ハーグ | 2491 | 2492 | 2493 | 2495 | 2496 | 2497 | 2498 | 2511 | 2512 | 2513 | 2514 | 2515 | 2516 | 2517 | 2518 | 2521 | 2522 | 2523 | 2524 | 2525 | 2526 | 2531 | 2532 | 2533 | 2541 | 2542 | 2543 | 2544 | 2545 | 2546 | 2547 | 2548 | 2551 | 2552 | 2553 | 2554 | 2555 | 2561 | 2562 | 2563 | 2564 | 2565 | 2566 | 2571 | 2572 | 2573 | 2574 | 2581 | 2582 | 2583 | 2584 | 2585 | 2586 | 2587 | 2591 | 2592 | 2593 | 2594 | 2595 | 2596 | 2597 | A Haia | An Háig | De Haach | Den Haag | D'n Haog | Haag | Hag | HAG | Haga | Hága | Hāga | Hago | Hague | La Haia | La Haya | La Haye | Lahey | L'Aia | NLHA9 | NLHAG | Q41795540 | 's-Gravenhage | The Hague | لاهاي | لاهه | האג | Χάγη | Гаага | Хаг | Хага | ჰააგა | 海牙,95,
02145459-p001-loc01,02145459-p001,02145459,1,Dorsten,Dorsten,2935530,https://www.geonames.org/2935530,51.66166,6.96514,Germany,DEDON | Dorsten | Dössen | Q31971823 | ZCX | دورستن | Дорстен | 多斯滕,8,
02145459-p002-loc01,02145459-p002,02145459,1,Cambridge,Cambridge,2653941,https://www.geonames.org/2653941,52.2,0.11667,United Kingdom,케임브리지 | Caergrawnt | Cambridge | Cantabrigia | CBG | GBCMG | Grantanbrycg | Kambrij | Kembric | Kembridža | Kembridžas | Kembriĝo | Kiam-khiâu | Κέμπριτζ | Кеймбридж | Кембридж | Кембриҷ | Кембриџ | Кембрідж | Кембрыдж | კემბრიჯი | Քեմբրիջ | קיימברידג' | كامبريدج | کمبریج | کیمبرج | केंब्रिज | ক্যামব্রিজ | ಕೇಂಬ್ರಿಜ್ | കേംബ്രിഡ്ജ് | เคมบริดจ์ | ကိန်းဘရစ်ချ်မြို့ | ケンブリッジ | 劍橋,34,
00560243-p003-loc01,00560243-p003,00560243,1,Cambridge,Cambridge,2653941,https://www.geonames.org/2653941,52.2,0.11667,United Kingdom,케임브리지 | Caergrawnt | Cambridge | Cantabrigia | CBG | GBCMG | Grantanbrycg | Kambrij | Kembric | Kembridža | Kembridžas | Kembriĝo | Kiam-khiâu | Κέμπριτζ | Кеймбридж | Кембридж | Кембриҷ | Кембриџ | Кембрідж | Кембрыдж | კემბრიჯი | Քեմբրիջ | קיימברידג' | كامبريدج | کمبریج | کیمبرج | केंब्रिज | ক্যামব্রিজ | ಕೇಂಬ್ರಿಜ್ | കേംബ്രിഡ്ജ് | เคมบริดจ์ | ကိန်းဘရစ်ချ်မြို့ | ケンブリッジ | 劍橋,34,
02145460-p001-loc01,02145460-p001,02145460,1,Dorsten,Dorsten,2935530,https://www.geonames.org/2935530,51.66166,6.96514,Germany,DEDON | Dorsten | Dössen | Q31971823 | ZCX | دورستن | Дорстен | 多斯滕,8,
02145460-p002-loc01,02145460-p002,02145460,1,Cambridge,Cambridge,2653941,https://www.geonames.org/2653941,52.2,0.11667,United Kingdom,케임브리지 | Caergrawnt | Cambridge | Cantabrigia | CBG | GBCMG | Grantanbrycg | Kambrij | Kembric | Kembridža | Kembridžas | Kembriĝo | Kiam-khiâu | Κέμπριτζ | Кеймбридж | Кембридж | Кембриҷ | Кембриџ | Кембрідж | Кембрыдж | კემბრიჯი | Քեմբրիջ | קיימברידג' | كامبريدج | کمبریج | کیمبرج | केंब्रिज | ক্যামব্রিজ | ಕೇಂಬ್ರಿಜ್ | കേംബ്രിഡ്ജ് | เคมบริดจ์ | ကိန်းဘရစ်ချ်မြို့ | ケンブリッジ | 劍橋,34,
02147105-p002-loc01,02147105-p002,02147105,1,Zamość,Zamość,753866,https://www.geonames.org/753866,50.72314,23.25196,Poland,자모시치 | PLZAM | Q145972 | Zamość | Zamosca | Zamoscia | Zamose | Zamostė | Zamost’ye | Ζάμοστς | Замасць | Замостя | Замосць | Замошћ | Замошч | ზამოსცი | Զամոշչ | זמושץ | ซามอชช์ | ザモシチ | 扎莫希奇,21,
00561813-p007-loc01,00561813-p007,00561813,1,Cambridge,Cambridge,2653941,https://www.geonames.org/2653941,52.2,0.11667,United Kingdom,케임브리지 | Caergrawnt | Cambridge | Cantabrigia | CBG | GBCMG | Grantanbrycg | Kambrij | Kembric | Kembridža | Kembridžas | Kembriĝo | Kiam-khiâu | Κέμπριτζ | Кеймбридж | Кембридж | Кембриҷ | Кембриџ | Кембрідж | Кембрыдж | კემბრიჯი | Քեմբրիջ | קיימברידג' | كامبريدج | کمبریج | کیمبرج | केंब्रिज | ক্যামব্রিজ | ಕೇಂಬ್ರಿಜ್ | കേംബ്രിഡ്ജ് | เคมบริดจ์ | ကိန်းဘရစ်ချ်မြို့ | ケンブリッジ | 劍橋,34,
00561814-p001-loc01,00561814-p001,00561814,1,Cambridge,Cambridge,2653941,https://www.geonames.org/2653941,52.2,0.11667,United Kingdom,케임브리지 | Caergrawnt | Cambridge | Cantabrigia | CBG | GBCMG | Grantanbrycg | Kambrij | Kembric | Kembridža | Kembridžas | Kembriĝo | Kiam-khiâu | Κέμπριτζ | Кеймбридж | Кембридж | Кембриҷ | Кембриџ | Кембрідж | Кембрыдж | კემბრიჯი | Քեմբրիջ | קיימברידג' | كامبريدج | کمبریج | کیمبرج | केंब्रिज | ক্যামব্রিজ | ಕೇಂಬ್ರಿಜ್ | കേംബ്രിഡ്ജ് | เคมบริดจ์ | ကိန်းဘရစ်ချ်မြို့ | ケンブリッジ | 劍橋,34,
02107275-p001-loc01,02107275-p001,02107275,1,Vienna,Vienna,2761369,https://www.geonames.org/2761369,48.20849,16.37208,Austria,빈 | ቪየና | 비엔나 | ウィーン | เวียนนา | 1010 | 1020 | 1030 | 1040 | 1050 | 1060 | 1070 | 1080 | 1090 | 1100 | 1110 | 1120 | 1130 | 1140 | 1150 | 1160 | 1170 | 1180 | 1190 | 1200 | 1210 | 1220 | 1230 | ATVIE | Beč | Beç | Bécs | Dunaj | Fiena | Q1741 | Veen | Vena | Vídeň | VIE | Viedeň | Viên | Viena | Vienna | Vienne | Vieno | Viin | Vín | Vínarborg | Vindobona | Vīne | Viyana | Vjena | Vjenna | Vyana | Wean | Wene | Wenen | Wiedeń | Wien | Wjedźyń | فيينا | وین | וינה | Βιέννη | Беч | Вена | Виена | Відень | ཝི་ཨེ་ན། | Վիեննա | ვენა | वियना | 維也納,73,
02107276-p001-loc01,02107276-p001,02107276,1,Vienna,Vienna,2761369,https://www.geonames.org/2761369,48.20849,16.37208,Austria,빈 | 비엔나 | 1010 | 1020 | 1030 | 1040 | 1050 | 1060 | 1070 | 1080 | 1090 | 1100 | 1110 | 1120 | 1130 | 1140 | 1150 | 1160 | 1170 | 1180 | 1190 | 1200 | 1210 | 1220 | 1230 | ATVIE | Beč | Beç | Bécs | Dunaj | Fiena | Q1741 | Veen | Vena | Vídeň | VIE | Viedeň | Viên | Viena | Vienna | Vienne | Vieno | Viin | Vín | Vínarborg | Vindobona | Vīne | Viyana | Vjena | Vjenna | Vyana | Wean | Wene | Wenen | Wiedeń | Wien | Wjedźyń | Βιέννη | Беч | Вена | Виена | Відень | ვენა | Վիեննա | וינה | فيينا | وین | ቪየና | वियना | เวียนนา | ཝི་ཨེ་ན། | ウィーン | 維也納,73,
02117615-p001-loc01,02117615-p001,02117615,1,Vienna,Vienna,2761369,https://www.geonames.org/2761369,48.20849,16.37208,Austria,빈 | ቪየና | 비엔나 | ウィーン | เวียนนา | 1010 | 1020 | 1030 | 1040 | 1050 | 1060 | 1070 | 1080 | 1090 | 1100 | 1110 | 1120 | 1130 | 1140 | 1150 | 1160 | 1170 | 1180 | 1190 | 1200 | 1210 | 1220 | 1230 | ATVIE | Beč | Beç | Bécs | Dunaj | Fiena | Q1741 | Veen | Vena | Vídeň | VIE | Viedeň | Viên | Viena | Vienna | Vienne | Vieno | Viin | Vín | Vínarborg | Vindobona | Vīne | Viyana | Vjena | Vjenna | Vyana | Wean | Wene | Wenen | Wiedeń | Wien | Wjedźyń | فيينا | وین | וינה | Βιέννη | Беч | Вена | Виена | Відень | ཝི་ཨེ་ན། | Վիեննա | ვენა | वियना | 維也納,73,
02125583-p002-loc01,02125583-p002,02125583,1,London,London,2643743,https://www.geonames.org/2643743,51.50853,-0.12574,United Kingdom,런던 | ᎫᎴ ᏗᏍᎪᏂᎯᏱ | ܠܘܢܕܘܢ | ለንደን | ロンドン | ଲଣ୍ଡନ | ลอนดอน | ລອນດອນ | GBLON | ILondon | Lākana | Landan | Landen | Llundain | Lodoni | LON | Londain | Londar | Londe | Londen | Londin | Londinium | Londn | london | London | Londona | Londonas | Londoni | Londono | Londons | Lọndọnu | Londra | Łondra | Londres | Londrez | Londri | Londro | Londye | Londyn | Londýn | Lonn | Lontoo | Loundres | Luân Đôn | Lunden | Lundra | Lůndůn | Lundúnir | Lùng-dŭng | Lunnainn | Lunnin | Lunnon | Lûn-tun | Lùn-tûn | Q84 | Rānana | لأندأن | لندن | لەندەن | لوندون | לאנדאן | לונדון | Λονδίνο | Лёндан | Лондан | Лондон | Лондон ош | Лондонъ | ལོན་ཊོན། | Լոնդոն | Լոնտոն | ლონდონი | लण्डन | लन्डन् | लन्दन | लंडन | लंदन | લંડન | లండన్ | ਲੰਡਨ | ಲಂಡನ್ | இலண்டன் | ലണ്ടൻ | লন্ডন | လန်ဒန်မြို့ | ලන්ඩන් | 伦敦 | 倫敦,88,
02125583-p003-loc01,02125583-p003,02125583,1,Florence,Florence,3176959,https://www.geonames.org/3176959,43.77925,11.24626,Italy,피렌체 | 플로렌스 | フィレンツェ | ฟลอเรนซ์ | 50123 | Fflorens | Firenca | Firence | Firense | Firenz | Firenze | Firenzi | Flórans | Florâns | Floransa | Florença | Florence | Florencėjė | Florencia | Floréncia | Florència | Florencie | Florencija | Florencja | Florenco | Florens | Flórens | Florénsa | Florensiya | Florensya | Florența | Florentia | Florentzia | Florenz | FLR | ITFLR | Lungsod ng Florencia | Sciorenza | فلورانس | فلورنس | فلورنسا | פירנצה | פירענצע | Φλωρεντία | Фиренца | Фларэнцыя | Флоренц | Флоренци | Флоренций | Флоренция | Флоренція | ཧྥུ་ལོ་རོན་ཟིའུ་ཡ། | Ֆլորենցիա | ფლორენცია | फ्लोरेन्स | फ़्लोरेन्स | ఫ్లోరెన్స్ | ഫ്ലോറൻസ് | ফ্লোরেন্স | 佛罗伦萨 | 翡冷翠,61,
02125583-p004-loc01,02125583-p004,02125583,1,Boston,Boston,4930956,https://www.geonames.org/4930956,42.35843,-71.05977,United States,보스턴 | 02108 | 02109 | 02110 | 02111 | 02112 | 02113 | 02114 | 02115 | 02116 | 02117 | 02118 | 02123 | 02127 | 02128 | 02133 | 02163 | 02196 | 02199 | 02201 | 02203 | 02204 | 02205 | 02206 | 02210 | 02211 | 02215 | 02217 | 02222 | 02241 | 02266 | 02283 | 02284 | 02293 | 02297 | Baston | BOS | Bostan | Boston | Bostona | Bostonas | Bostonia | Bostono | Bostons | Bostún | Mushauwomuk | Old Boston | Pokekona | Pô-sṳ-tun | Q100 | Shawmut | Shawmutt | Shawnnut | Totant | Tramount | Tremont | Trimountain | Trimountaine | USBOS | Wahstoronòn:ke | Wastok | Βοστωνη | Βοστώνη | Бостан | Бостон | Бостън | ბოსტონი | Բոստոն | באסטאן | בוסטון | بوستون | بوسٹن | بوسطن | بۆستن | ܒܘܣܛܘܢ | ቦስቶን | बस्तन | बास्टन् | बॉस्टन | बोस्टन | বস্টন | ਬੌਸਟਨ | பாஸ்டன் | బోస్టన్ | ಬಾಸ್ಟನ್ | ബോസ്റ്റൺ | บอสตัน | བོ་སེ་ཊོན། | ဘော့စတွန်မြို့ | ボストン | 波士頓 | 波士顿,92,
02125583-p005-loc01,02125583-p005,02125583,1,Cambridge,Cambridge,4931972,https://www.geonames.org/4931972,42.3751,-71.10561,United States,케임브리지 | 02138 | 02139 | 02140 | 02141 | 02142 | 02238 | Cambridge | Cambridge i Massachusetts | Cantabrigia | Keimbridža | Kembric | Kembridžas | Kembriĝo | Mishawum | Newtown | New Town | Newtowne | New Towne | Old Cambridge | Q49111 | USJHY | Κέιμπριτζ | Кеймбридж | Кембридж | Кембриж | Кембриҗ | Кембриҷ | Кембриџ | Кембрыдж | Кэмбридж | კემბრიჯი | Քեմբրիջ | קיימברידג' | קעמברידזש | كامبريدج | کامبریج | کمبریج | کمبریج، ماساچوست | کیمبرج، میساچوسٹس | केंब्रिज | কেমব্রিজ | கேம்பிரிஜ் | కేంబ్రిడ్జ్ | เคมบริดจ์ | ケンブリッジ | 剑桥 | 劍橋,48,
02178425-p001-loc01,02178425-p001,02178425,1,,Germany,2921044,https://www.geonames.org/2921044,51.5,10.5,Germany,독일 | A' Ghearmailt | A’ Ghearmailt | Alamagn | Alemagne | Alemaina | Alemaña | Alemanha | Alemani | Alémani | Alemania | Alemanu | Alemanya | Alimaniya | Alimanya | Alimaɲi | Allemagne | Allemangne | Almaañ | Almaniya | Almanya | Almayn | an Ghearmáin | Budaaki | Bundesrepublik | Bundesrepublik Deutschland | Däitschland | DE | Deitschland | Deitschlånd | Deutän | Deutschland | Discüssiun sura la fundazziun | dotygu'e | Đức | Duiska | Duiskka | Duitschland | Duitsland | Dútslân | Düütschland | Duutsjlandj | Duutsland | Federal Republic of Germany | Germania | Germània | Germania nutome | Germanio | Germaniya | Germaniýa | Germanujo | Germany | Germuanii | Girimane | Girmania | Gjermani | Gjermania | Gjermanie | Gyaaman | Heremani | i-Germany | IJalimani | il-Ġermanja | Jamanị | Jámánì | Jamus | Jarmal | Jarmalka | Jerman | Jérman | Jėrman | Jermaniya | Miemieckô | Nemačka | Nemčija | Nemecko | Německo | Németország | Němska | Niemcy | Njemačka | Njeremani | Olmoniya | Orílẹ́ède Gemani | Q183 | Saksa | Saksamaa | Siaman | Siamane | Teutōtitlan | Tiamana | Tôitšhi | Tyskland | Týskland | Tysklandi | Ubudage | Udachi | Ujerumani | Vācija | Vokietija | West Germany | Yn Ghermaan | Yr Almaen | Zâmani | Þēodiscland | Þýskaland | Γερμανία | Алмания | Герман | Германи | Германии | Германија | Германия | Германія | Ӂермания | Немачка | Німеччина | Нямеччына | Олмон | ФРГ | გერმანია | Գերմանիա | גרמניה | דייטשלאנד | דייטשלאַנד | آلمان | ألمانيا | ئەڵمانیا | المان | المانيا | جرمني | جرمني/آلمان | جرمنی | جرمٔنی | گېرمانىيە | ܓܪܡܢ | ጀርመን | जमिन | जर्मनी | जर्मनीदेश: | জার্মানি | জাৰ্মানী | ਜਰਮਨੀ | જર્મની | ଜର୍ମାନୀ | ஜெர்மனி | ஜெர்மன் | జర్మనీ | ಜರ್ಮನಿ | ജര്‍മ്മനി | ജർമ്മനി | ජර්මනිය | ประเทศเยอรมนี | เยอรมนี | เยอรมัน | สหพันธ์สาธารณรัฐเยอรมนี | ເຢຍລະມັນ | ཇཱར་མ་ནི | འཇར་མན་ | ဂျာမနီ | អាល្លឺម៉ង់ | ドイツ | ドイツ連邦共和国 | ꄓꇩ | 德国 | 德國 | 德意志联邦共和国 | 德意志聯邦共和國,168,
02178425-p003-loc01,02178425-p003,02178425,1,,Nuremberg,2861650,https://www.geonames.org/2861650,49.45421,11.07752,Germany,뉘른베르크 | 90126 | 90442 | 90449 | 90453 | DENUE | Neurenberch | Neurenberg | Niamberg | Nirnberga | Niurnbergas | Norimberg | Norimberga | Norimbèrga | Norimberk | Norymberga | NUE | Nuernberg | Nuremberg | Nurembèrg | Núremberg | Nuremberga | Nurembergo | Nuremburg | Nurenberg | Nurenbergo | Nurenburg | Nürnbarg | Nürnberg | Nürnberq | Nyrëmberg | Nyurnbérg | Νυρεμβεργη | Νυρεμβέργη | Нирнберг | Нӳрнберг | Нюрнберг | ნიურნბერგი | נירנבערג | נירנברג | نورنبرگ | نورنبيرغ | نۆریمبێرگ | نیورمبرگ | न्युर्नबर्ग | நியூரம்பெர்க் | นูเรมเบิร์ก | เนือร์นแบร์ก | ニュルンベルク | 纽伦堡,50,
02178425-p005-loc01,02178425-p005,02178425,1,Nürnberg,Nuremberg,2861650,https://www.geonames.org/2861650,49.45421,11.07752,Germany,뉘른베르크 | 90126 | 90442 | 90449 | 90453 | DENUE | Neurenberch | Neurenberg | Niamberg | Nirnberga | Niurnbergas | Norimberg | Norimberga | Norimbèrga | Norimberk | Norymberga | NUE | Nuernberg | Nuremberg | Nurembèrg | Núremberg | Nuremberga | Nurembergo | Nuremburg | Nurenberg | Nurenbergo | Nurenburg | Nürnbarg | Nürnberg | Nürnberq | Nyrëmberg | Nyurnbérg | Νυρεμβεργη | Νυρεμβέργη | Нирнберг | Нӳрнберг | Нюрнберг | ნიურნბერგი | נירנבערג | נירנברג | نورنبرگ | نورنبيرغ | نۆریمبێرگ | نیورمبرگ | न्युर्नबर्ग | நியூரம்பெர்க் | นูเรมเบิร์ก | เนือร์นแบร์ก | ニュルンベルク | 纽伦堡,50,
02174834-p001-loc01,02174834-p001,02174834,1,,Germany,2921044,https://www.geonames.org/2921044,51.5,10.5,Germany,독일 | A' Ghearmailt | A’ Ghearmailt | Alamagn | Alemagne | Alemaina | Alemaña | Alemanha | Alemani | Alémani | Alemania | Alemanu | Alemanya | Alimaniya | Alimanya | Alimaɲi | Allemagne | Allemangne | Almaañ | Almaniya | Almanya | Almayn | an Ghearmáin | Budaaki | Bundesrepublik | Bundesrepublik Deutschland | Däitschland | DE | Deitschland | Deitschlånd | Deutän | Deutschland | Discüssiun sura la fundazziun | dotygu'e | Đức | Duiska | Duiskka | Duitschland | Duitsland | Dútslân | Düütschland | Duutsjlandj | Duutsland | Federal Republic of Germany | Germania | Germània | Germania nutome | Germanio | Germaniya | Germaniýa | Germanujo | Germany | Germuanii | Girimane | Girmania | Gjermani | Gjermania | Gjermanie | Gyaaman | Heremani | i-Germany | IJalimani | il-Ġermanja | Jamanị | Jámánì | Jamus | Jarmal | Jarmalka | Jerman | Jérman | Jėrman | Jermaniya | Miemieckô | Nemačka | Nemčija | Nemecko | Německo | Németország | Němska | Niemcy | Njemačka | Njeremani | Olmoniya | Orílẹ́ède Gemani | Q183 | Saksa | Saksamaa | Siaman | Siamane | Teutōtitlan | Tiamana | Tôitšhi | Tyskland | Týskland | Tysklandi | Ubudage | Udachi | Ujerumani | Vācija | Vokietija | West Germany | Yn Ghermaan | Yr Almaen | Zâmani | Þēodiscland | Þýskaland | Γερμανία | Алмания | Герман | Германи | Германии | Германија | Германия | Германія | Ӂермания | Немачка | Німеччина | Нямеччына | Олмон | ФРГ | გერმანია | Գերմանիա | גרמניה | דייטשלאנד | דייטשלאַנד | آلمان | ألمانيا | ئەڵمانیا | المان | المانيا | جرمني | جرمني/آلمان | جرمنی | جرمٔنی | گېرمانىيە | ܓܪܡܢ | ጀርመን | जमिन | जर्मनी | जर्मनीदेश: | জার্মানি | জাৰ্মানী | ਜਰਮਨੀ | જર્મની | ଜର୍ମାନୀ | ஜெர்மனி | ஜெர்மன் | జర్మనీ | ಜರ್ಮನಿ | ജര്‍മ്മനി | ജർമ്മനി | ජර්මනිය | ประเทศเยอรมนี | เยอรมนี | เยอรมัน | สหพันธ์สาธารณรัฐเยอรมนี | ເຢຍລະມັນ | ཇཱར་མ་ནི | འཇར་མན་ | ဂျာမနီ | អាល្លឺម៉ង់ | ドイツ | ドイツ連邦共和国 | ꄓꇩ | 德国 | 德國 | 德意志联邦共和国 | 德意志聯邦共和國,168,
02174834-p002-loc01,02174834-p002,02174834,1,Berlin,Berlin,2950159,https://www.geonames.org/2950159,52.52437,13.41053,Germany,베를린 | 10967 | 13347 | Beirlín | Belin | BER | Berlëno | Berlien | Berliin | Berliini | Berlijn | Berlim | Berlin | Berlín | Berlîn | Bèrlîn | Berlīne | Berlini | Berlino | Berlyn | Berlynas | Berolinum | Birlinu | DEBER | Estat de Berlín | Q64 | Βερολίνο | Берлин | Берлін | Бэрлін | ბერლინი | Բեռլին | Պերլին | בערלין | ברלין | برلين | برلین | بېرلىن | ܒܪܠܝܢ | बर्लिन | বার্লিন | பெர்லின் | เบอร์ลิน | ベルリン | 柏林,45,
02174834-p003-loc01,02174834-p003,02174834,1,Prague,Hradčany,3074982,https://www.geonames.org/3074982,50.0895,14.39758,Czechia,Hradčani | Hradčany | Hradczany | Hradschin | Hradzsin | Градчаны | هارادشاني | フラッチャニ,8,
02174837-p001-loc01,02174837-p001,02174837,1,,Germany,2921044,https://www.geonames.org/2921044,51.5,10.5,Germany,독일 | A' Ghearmailt | A’ Ghearmailt | Alamagn | Alemagne | Alemaina | Alemaña | Alemanha | Alemani | Alémani | Alemania | Alemanu | Alemanya | Alimaniya | Alimanya | Alimaɲi | Allemagne | Allemangne | Almaañ | Almaniya | Almanya | Almayn | an Ghearmáin | Budaaki | Bundesrepublik | Bundesrepublik Deutschland | Däitschland | DE | Deitschland | Deitschlånd | Deutän | Deutschland | Discüssiun sura la fundazziun | dotygu'e | Đức | Duiska | Duiskka | Duitschland | Duitsland | Dútslân | Düütschland | Duutsjlandj | Duutsland | Federal Republic of Germany | Germania | Germània | Germania nutome | Germanio | Germaniya | Germaniýa | Germanujo | Germany | Germuanii | Girimane | Girmania | Gjermani | Gjermania | Gjermanie | Gyaaman | Heremani | i-Germany | IJalimani | il-Ġermanja | Jamanị | Jámánì | Jamus | Jarmal | Jarmalka | Jerman | Jérman | Jėrman | Jermaniya | Miemieckô | Nemačka | Nemčija | Nemecko | Německo | Németország | Němska | Niemcy | Njemačka | Njeremani | Olmoniya | Orílẹ́ède Gemani | Q183 | Saksa | Saksamaa | Siaman | Siamane | Teutōtitlan | Tiamana | Tôitšhi | Tyskland | Týskland | Tysklandi | Ubudage | Udachi | Ujerumani | Vācija | Vokietija | West Germany | Yn Ghermaan | Yr Almaen | Zâmani | Þēodiscland | Þýskaland | Γερμανία | Алмания | Герман | Германи | Германии | Германија | Германия | Германія | Ӂермания | Немачка | Німеччина | Нямеччына | Олмон | ФРГ | გერმანია | Գերմանիա | גרמניה | דייטשלאנד | דייטשלאַנד | آلمان | ألمانيا | ئەڵمانیا | المان | المانيا | جرمني | جرمني/آلمان | جرمنی | جرمٔنی | گېرمانىيە | ܓܪܡܢ | ጀርመን | जमिन | जर्मनी | जर्मनीदेश: | জার্মানি | জাৰ্মানী | ਜਰਮਨੀ | જર્મની | ଜର୍ମାନୀ | ஜெர்மனி | ஜெர்மன் | జర్మనీ | ಜರ್ಮನಿ | ജര്‍മ്മനി | ജർമ്മനി | ජර්මනිය | ประเทศเยอรมนี | เยอรมนี | เยอรมัน | สหพันธ์สาธารณรัฐเยอรมนี | ເຢຍລະມັນ | ཇཱར་མ་ནི | འཇར་མན་ | ဂျာမနီ | អាល្លឺម៉ង់ | ドイツ | ドイツ連邦共和国 | ꄓꇩ | 德国 | 德國 | 德意志联邦共和国 | 德意志聯邦共和國,168,
02174837-p002-loc01,02174837-p002,02174837,1,Berlin,Berlin,2950159,https://www.geonames.org/2950159,52.52437,13.41053,Germany,베를린 | 10967 | 13347 | Beirlín | Belin | BER | Berlëno | Berlien | Berliin | Berliini | Berlijn | Berlim | Berlin | Berlín | Berlîn | Bèrlîn | Berlīne | Berlini | Berlino | Berlyn | Berlynas | Berolinum | Birlinu | DEBER | Estat de Berlín | Q64 | Βερολίνο | Берлин | Берлін | Бэрлін | ბერლინი | Բեռլին | Պերլին | בערלין | ברלין | برلين | برلین | بېرلىن | ܒܪܠܝܢ | बर्लिन | বার্লিন | பெர்லின் | เบอร์ลิน | ベルリン | 柏林,45,
02174837-p003-loc01,02174837-p003,02174837,1,Prague,Hradčany,3074982,https://www.geonames.org/3074982,50.0895,14.39758,Czechia,Hradčani | Hradčany | Hradczany | Hradschin | Hradzsin | Градчаны | هارادشاني | フラッチャニ,8,
02119147-p001-loc01,02119147-p001,02119147,1,Vienna,Vienna,2761369,https://www.geonames.org/2761369,48.20849,16.37208,Austria,빈 | ቪየና | 비엔나 | ウィーン | เวียนนา | 1010 | 1020 | 1030 | 1040 | 1050 | 1060 | 1070 | 1080 | 1090 | 1100 | 1110 | 1120 | 1130 | 1140 | 1150 | 1160 | 1170 | 1180 | 1190 | 1200 | 1210 | 1220 | 1230 | ATVIE | Beč | Beç | Bécs | Dunaj | Fiena | Q1741 | Veen | Vena | Vídeň | VIE | Viedeň | Viên | Viena | Vienna | Vienne | Vieno | Viin | Vín | Vínarborg | Vindobona | Vīne | Viyana | Vjena | Vjenna | Vyana | Wean | Wene | Wenen | Wiedeń | Wien | Wjedźyń | فيينا | وین | וינה | Βιέννη | Беч | Вена | Виена | Відень | ཝི་ཨེ་ན། | Վիեննա | ვენა | वियना | 維也納,73,
02174836-p001-loc01,02174836-p001,02174836,1,,Germany,2921044,https://www.geonames.org/2921044,51.5,10.5,Germany,독일 | A' Ghearmailt | A’ Ghearmailt | Alamagn | Alemagne | Alemaina | Alemaña | Alemanha | Alemani | Alémani | Alemania | Alemanu | Alemanya | Alimaniya | Alimanya | Alimaɲi | Allemagne | Allemangne | Almaañ | Almaniya | Almanya | Almayn | an Ghearmáin | Budaaki | Bundesrepublik | Bundesrepublik Deutschland | Däitschland | DE | Deitschland | Deitschlånd | Deutän | Deutschland | Discüssiun sura la fundazziun | dotygu'e | Đức | Duiska | Duiskka | Duitschland | Duitsland | Dútslân | Düütschland | Duutsjlandj | Duutsland | Federal Republic of Germany | Germania | Germània | Germania nutome | Germanio | Germaniya | Germaniýa | Germanujo | Germany | Germuanii | Girimane | Girmania | Gjermani | Gjermania | Gjermanie | Gyaaman | Heremani | i-Germany | IJalimani | il-Ġermanja | Jamanị | Jámánì | Jamus | Jarmal | Jarmalka | Jerman | Jérman | Jėrman | Jermaniya | Miemieckô | Nemačka | Nemčija | Nemecko | Německo | Németország | Němska | Niemcy | Njemačka | Njeremani | Olmoniya | Orílẹ́ède Gemani | Q183 | Saksa | Saksamaa | Siaman | Siamane | Teutōtitlan | Tiamana | Tôitšhi | Tyskland | Týskland | Tysklandi | Ubudage | Udachi | Ujerumani | Vācija | Vokietija | West Germany | Yn Ghermaan | Yr Almaen | Zâmani | Þēodiscland | Þýskaland | Γερμανία | Алмания | Герман | Германи | Германии | Германија | Германия | Германія | Ӂермания | Немачка | Німеччина | Нямеччына | Олмон | ФРГ | გერმანია | Գերմանիա | גרמניה | דייטשלאנד | דייטשלאַנד | آلمان | ألمانيا | ئەڵمانیا | المان | المانيا | جرمني | جرمني/آلمان | جرمنی | جرمٔنی | گېرمانىيە | ܓܪܡܢ | ጀርመን | जमिन | जर्मनी | जर्मनीदेश: | জার্মানি | জাৰ্মানী | ਜਰਮਨੀ | જર્મની | ଜର୍ମାନୀ | ஜெர்மனி | ஜெர்மன் | జర్మనీ | ಜರ್ಮನಿ | ജര്‍മ്മനി | ജർമ്മനി | ජර්මනිය | ประเทศเยอรมนี | เยอรมนี | เยอรมัน | สหพันธ์สาธารณรัฐเยอรมนี | ເຢຍລະມັນ | ཇཱར་མ་ནི | འཇར་མན་ | ဂျာမနီ | អាល្លឺម៉ង់ | ドイツ | ドイツ連邦共和国 | ꄓꇩ | 德国 | 德國 | 德意志联邦共和国 | 德意志聯邦共和國,168,
02174836-p002-loc01,02174836-p002,02174836,1,Berlin,Berlin,2950159,https://www.geonames.org/2950159,52.52437,13.41053,Germany,베를린 | 10967 | 13347 | Beirlín | Belin | BER | Berlëno | Berlien | Berliin | Berliini | Berlijn | Berlim | Berlin | Berlín | Berlîn | Bèrlîn | Berlīne | Berlini | Berlino | Berlyn | Berlynas | Berolinum | Birlinu | DEBER | Estat de Berlín | Q64 | Βερολίνο | Берлин | Берлін | Бэрлін | ბერლინი | Բեռլին | Պերլին | בערלין | ברלין | برلين | برلین | بېرلىن | ܒܪܠܝܢ | बर्लिन | বার্লিন | பெர்லின் | เบอร์ลิน | ベルリン | 柏林,45,
02174836-p003-loc01,02174836-p003,02174836,1,Prague,Hradčany,3074982,https://www.geonames.org/3074982,50.0895,14.39758,Czechia,Hradčani | Hradčany | Hradczany | Hradschin | Hradzsin | Градчаны | هارادشاني | フラッチャニ,8,
02174835-p001-loc01,02174835-p001,02174835,1,,Germany,2921044,https://www.geonames.org/2921044,51.5,10.5,Germany,독일 | A' Ghearmailt | A’ Ghearmailt | Alamagn | Alemagne | Alemaina | Alemaña | Alemanha | Alemani | Alémani | Alemania | Alemanu | Alemanya | Alimaniya | Alimanya | Alimaɲi | Allemagne | Allemangne | Almaañ | Almaniya | Almanya | Almayn | an Ghearmáin | Budaaki | Bundesrepublik | Bundesrepublik Deutschland | Däitschland | DE | Deitschland | Deitschlånd | Deutän | Deutschland | Discüssiun sura la fundazziun | dotygu'e | Đức | Duiska | Duiskka | Duitschland | Duitsland | Dútslân | Düütschland | Duutsjlandj | Duutsland | Federal Republic of Germany | Germania | Germània | Germania nutome | Germanio | Germaniya | Germaniýa | Germanujo | Germany | Germuanii | Girimane | Girmania | Gjermani | Gjermania | Gjermanie | Gyaaman | Heremani | i-Germany | IJalimani | il-Ġermanja | Jamanị | Jámánì | Jamus | Jarmal | Jarmalka | Jerman | Jérman | Jėrman | Jermaniya | Miemieckô | Nemačka | Nemčija | Nemecko | Německo | Németország | Němska | Niemcy | Njemačka | Njeremani | Olmoniya | Orílẹ́ède Gemani | Q183 | Saksa | Saksamaa | Siaman | Siamane | Teutōtitlan | Tiamana | Tôitšhi | Tyskland | Týskland | Tysklandi | Ubudage | Udachi | Ujerumani | Vācija | Vokietija | West Germany | Yn Ghermaan | Yr Almaen | Zâmani | Þēodiscland | Þýskaland | Γερμανία | Алмания | Герман | Германи | Германии | Германија | Германия | Германія | Ӂермания | Немачка | Німеччина | Нямеччына | Олмон | ФРГ | გერმანია | Գերմանիա | גרמניה | דייטשלאנד | דייטשלאַנד | آلمان | ألمانيا | ئەڵمانیا | المان | المانيا | جرمني | جرمني/آلمان | جرمنی | جرمٔنی | گېرمانىيە | ܓܪܡܢ | ጀርመን | जमिन | जर्मनी | जर्मनीदेश: | জার্মানি | জাৰ্মানী | ਜਰਮਨੀ | જર્મની | ଜର୍ମାନୀ | ஜெர்மனி | ஜெர்மன் | జర్మనీ | ಜರ್ಮನಿ | ജര്‍മ്മനി | ജർമ്മനി | ජර්මනිය | ประเทศเยอรมนี | เยอรมนี | เยอรมัน | สหพันธ์สาธารณรัฐเยอรมนี | ເຢຍລະມັນ | ཇཱར་མ་ནི | འཇར་མན་ | ဂျာမနီ | អាល្លឺម៉ង់ | ドイツ | ドイツ連邦共和国 | ꄓꇩ | 德国 | 德國 | 德意志联邦共和国 | 德意志聯邦共和國,168,
02174835-p002-loc01,02174835-p002,02174835,1,Berlin,Berlin,2950159,https://www.geonames.org/2950159,52.52437,13.41053,Germany,베를린 | 10967 | 13347 | Beirlín | Belin | BER | Berlëno | Berlien | Berliin | Berliini | Berlijn | Berlim | Berlin | Berlín | Berlîn | Bèrlîn | Berlīne | Berlini | Berlino | Berlyn | Berlynas | Berolinum | Birlinu | DEBER | Estat de Berlín | Q64 | Βερολίνο | Берлин | Берлін | Бэрлін | ბერლინი | Բեռլին | Պերլին | בערלין | ברלין | برلين | برلین | بېرلىن | ܒܪܠܝܢ | बर्लिन | বার্লিন | பெர்லின் | เบอร์ลิน | ベルリン | 柏林,45,
02174835-p003-loc01,02174835-p003,02174835,1,Prague,Hradčany,3074982,https://www.geonames.org/3074982,50.0895,14.39758,Czechia,Hradčani | Hradčany | Hradczany | Hradschin | Hradzsin | Градчаны | هارادشاني | フラッチャニ,8,
02178424-p002-loc01,02178424-p002,02178424,1,,Inzkofen,2895888,https://www.geonames.org/2895888,48.49319,11.89021,Germany,,0,
02178424-p004-loc01,02178424-p004,02178424,1,Bavaria,Bavaria,2951839,https://www.geonames.org/2951839,49,11.5,Germany,ባቫሪያ | 바이에른 자유주 | バイエルン | รัฐบาวาเรีย | An Bhaváir | Babyera | Bægwaraland | Bæjaraland | Bafaria | Baieri | Baiern | Baijeri | Bajerë | Bajery | Bajore | Bajorország | Bavaari | Bavāreja | Bavarėjė | Bavaria | Bavarie | Bavarija | Bavārija | Bavario | Bavariya | Bavarja | Bavarska | Bavea | Bavera | Baviera | Bavièra | Baviere | Baviére | Bavière | Bavorsko | Bavyera | Bawaria | Bawariýa | Bayan | Bayän | Bayern | Bayern suyu | Bayerska | Beiere | Beieren | Beyern | BY | DE2 | Estáu Llibre de Baviera | Free State of Bavaria | Freistaat Bayern | Land Bayern | Paiern | Q980 | Yn Vaveyr | باڤاریا | باڤاريا | بایرن | بافاريا | باواریا | باوریا | باویریا | بايرن | بايرين | بفاريا | بويريا | בוואריה | בייערן | Βαυαρία | Бавар | Бавари | Баварија | Бавария | Баварія | Баварска | Баварыя | Բավարիա | Պաւարիա | ბავარია | बभेरिया | बाभारिया | बायर्न | બાવેરિયા | బవేరియా | ਬਾਈਆਨ | ಬವೇರಿಯಾ | பவேரியா | ബവേറിയ | বায়ার্ন | ဘာဗေးရီးယားပြည်နယ် | බවයිරා | 巴伐利亚 | 巴伐利亚州 | 巴伐利亞 | 巴伐利亞州 | 拜仁,96,
02178424-p005-loc01,02178424-p005,02178424,1,Nürnberg,Nuremberg,2861650,https://www.geonames.org/2861650,49.45421,11.07752,Germany,뉘른베르크 | ニュルンベルク | นูเรมเบิร์ก | เนือร์นแบร์ก | 90126 | 90442 | 90449 | 90453 | DENUE | Neurenberch | Neurenberg | Niamberg | Nirnberga | Niurnbergas | Norimberg | Norimberga | Norimbèrga | Norimberk | Norymberga | NUE | Nuernberg | Nuremberg | Núremberg | Nurembèrg | Nuremberga | Nurembergo | Nuremburg | Nurenberg | Nurenbergo | Nurenburg | Nürnbarg | Nürnberg | Nürnberq | Nyrëmberg | Nyurnbérg | نۆریمبێرگ | نیورمبرگ | نورنبرگ | نورنبيرغ | נירנבערג | נירנברג | Νυρεμβεργη | Νυρεμβέργη | Нирнберг | Нӳрнберг | Нюрнберг | ნიურნბერგი | न्युर्नबर्ग | நியூரம்பெர்க் | 纽伦堡,50,
02119146-p001-loc01,02119146-p001,02119146,1,Vienna,Vienna,2761369,https://www.geonames.org/2761369,48.20849,16.37208,Austria,빈 | ቪየና | 비엔나 | ウィーン | เวียนนา | 1010 | 1020 | 1030 | 1040 | 1050 | 1060 | 1070 | 1080 | 1090 | 1100 | 1110 | 1120 | 1130 | 1140 | 1150 | 1160 | 1170 | 1180 | 1190 | 1200 | 1210 | 1220 | 1230 | ATVIE | Beč | Beç | Bécs | Dunaj | Fiena | Q1741 | Veen | Vena | Vídeň | VIE | Viedeň | Viên | Viena | Vienna | Vienne | Vieno | Viin | Vín | Vínarborg | Vindobona | Vīne | Viyana | Vjena | Vjenna | Vyana | Wean | Wene | Wenen | Wiedeń | Wien | Wjedźyń | فيينا | وین | וינה | Βιέννη | Беч | Вена | Виена | Відень | ཝི་ཨེ་ན། | Վիեննա | ვენა | वियना | 維也納,73,
02133601-p001-loc01,02133601-p001,02133601,1,Solothurn,Solothurn,2658564,https://www.geonames.org/2658564,47.20791,7.53714,Switzerland,졸로투른 | ゾロトゥルン | โซโลทูร์น | 4500 | Soletta | Soleura | Soleure | Solloturni | Solodurum | Solothurn | Soloturn | Soloturno | Solura | Suleta | ZKS | Zoloturnas | سولوتورن | זולותורן | Залатурн | Золотурн | ზოლოთურნი | 索洛图恩,22,
02133601-p002-loc01,02133601-p002,02133601,1,Solothurn,Solothurn,2658564,https://www.geonames.org/2658564,47.20791,7.53714,Switzerland,졸로투른 | ゾロトゥルン | โซโลทูร์น | 4500 | Soletta | Soleura | Soleure | Solloturni | Solodurum | Solothurn | Soloturn | Soloturno | Solura | Suleta | ZKS | Zoloturnas | سولوتورن | זולותורן | Залатурн | Золотурн | ზოლოთურნი | 索洛图恩,22,
02119145-p001-loc01,02119145-p001,02119145,1,Vienna,Vienna,2761369,https://www.geonames.org/2761369,48.20849,16.37208,Austria,빈 | ቪየና | 비엔나 | ウィーン | เวียนนา | 1010 | 1020 | 1030 | 1040 | 1050 | 1060 | 1070 | 1080 | 1090 | 1100 | 1110 | 1120 | 1130 | 1140 | 1150 | 1160 | 1170 | 1180 | 1190 | 1200 | 1210 | 1220 | 1230 | ATVIE | Beč | Beç | Bécs | Dunaj | Fiena | Q1741 | Veen | Vena | Vídeň | VIE | Viedeň | Viên | Viena | Vienna | Vienne | Vieno | Viin | Vín | Vínarborg | Vindobona | Vīne | Viyana | Vjena | Vjenna | Vyana | Wean | Wene | Wenen | Wiedeń | Wien | Wjedźyń | فيينا | وین | וינה | Βιέννη | Беч | Вена | Виена | Відень | ཝི་ཨེ་ན། | Վիեննա | ვენა | वियना | 維也納,73,
00570483-p001-loc01,00570483-p001,00570483,1,Zürich,Zurich,2657896,https://www.geonames.org/2657896,47.36667,8.55,Switzerland,ዙሪክ | 취리히 | ܙܝܘܪܚ | ܬܣܝܪܝܟ | ซูริก | チューリッヒ | 8000 | 8001 | 8002 | 8003 | 8004 | 8005 | 8006 | 8008 | 8022 | 8024 | 8027 | 8031 | 8032 | 8034 | 8036 | 8037 | 8038 | 8040 | 8041 | 8042 | 8044 | 8045 | 8046 | 8047 | 8048 | 8049 | 8050 | 8051 | 8052 | 8053 | 8055 | 8057 | 8063 | 8064 | 8070 | CHZRH | Cīrihe | Ciurichas | Cürih | Curych | Lungsod ng Zürich | Sŭ-là̤-sié | Sürix | Syurix | Tsurique | Tsürix | Turicum | Turitg | Zeurich | Zirich | Zirik | ZRH | Zuerich | Zuric | Zúric | Zurich | Zúrich | Zürich | Zurìcu | Zurigh | Zürigh | Zurigo | Zürih | Zuriko | Zurique | Zurych | Zyrihu | زیورچ | زیورخ | زوریخ | زوريخ | زيورخ | سيۇرىخ | څوریخ | ציריך | Ζυρίχη | Цирих | Цюрих | Цюрих хот | Цюрых | Ցյուրիխ | ციურიხი | ज़्यूरिख़ | झ्युरिक | ਜ਼ਿਊਰਿਖ | சூரிக்கு | സൂറിച്ച് | জুরিখ | ဇူးရစ်ချ်မြို့ | 苏黎世 | 蘇黎世,97,
00570483-p002-loc01,00570483-p002,00570483,1,Zürich,Zurich,2657896,https://www.geonames.org/2657896,47.36667,8.55,Switzerland,ዙሪክ | 취리히 | ܙܝܘܪܚ | ܬܣܝܪܝܟ | ซูริก | チューリッヒ | 8000 | 8001 | 8002 | 8003 | 8004 | 8005 | 8006 | 8008 | 8022 | 8024 | 8027 | 8031 | 8032 | 8034 | 8036 | 8037 | 8038 | 8040 | 8041 | 8042 | 8044 | 8045 | 8046 | 8047 | 8048 | 8049 | 8050 | 8051 | 8052 | 8053 | 8055 | 8057 | 8063 | 8064 | 8070 | CHZRH | Cīrihe | Ciurichas | Cürih | Curych | Lungsod ng Zürich | Sŭ-là̤-sié | Sürix | Syurix | Tsurique | Tsürix | Turicum | Turitg | Zeurich | Zirich | Zirik | ZRH | Zuerich | Zuric | Zúric | Zurich | Zúrich | Zürich | Zurìcu | Zurigh | Zürigh | Zurigo | Zürih | Zuriko | Zurique | Zurych | Zyrihu | زیورچ | زیورخ | زوریخ | زوريخ | زيورخ | سيۇرىخ | څوریخ | ציריך | Ζυρίχη | Цирих | Цюрих | Цюрих хот | Цюрых | Ցյուրիխ | ციურიხი | ज़्यूरिख़ | झ्युरिक | ਜ਼ਿਊਰਿਖ | சூரிக்கு | സൂറിച്ച് | জুরিখ | ဇူးရစ်ချ်မြို့ | 苏黎世 | 蘇黎世,97,
00570483-p003-loc01,00570483-p003,00570483,1,Zürich,Zurich,2657896,https://www.geonames.org/2657896,47.36667,8.55,Switzerland,ዙሪክ | 취리히 | ܙܝܘܪܚ | ܬܣܝܪܝܟ | ซูริก | チューリッヒ | 8000 | 8001 | 8002 | 8003 | 8004 | 8005 | 8006 | 8008 | 8022 | 8024 | 8027 | 8031 | 8032 | 8034 | 8036 | 8037 | 8038 | 8040 | 8041 | 8042 | 8044 | 8045 | 8046 | 8047 | 8048 | 8049 | 8050 | 8051 | 8052 | 8053 | 8055 | 8057 | 8063 | 8064 | 8070 | CHZRH | Cīrihe | Ciurichas | Cürih | Curych | Lungsod ng Zürich | Sŭ-là̤-sié | Sürix | Syurix | Tsurique | Tsürix | Turicum | Turitg | Zeurich | Zirich | Zirik | ZRH | Zuerich | Zuric | Zúric | Zurich | Zúrich | Zürich | Zurìcu | Zurigh | Zürigh | Zurigo | Zürih | Zuriko | Zurique | Zurych | Zyrihu | زیورچ | زیورخ | زوریخ | زوريخ | زيورخ | سيۇرىخ | څوریخ | ציריך | Ζυρίχη | Цирих | Цюрих | Цюрих хот | Цюрых | Ցյուրիխ | ციურიხი | ज़्यूरिख़ | झ्युरिक | ਜ਼ਿਊਰਿਖ | சூரிக்கு | സൂറിച്ച് | জুরিখ | ဇူးရစ်ချ်မြို့ | 苏黎世 | 蘇黎世,97,
02137129-p001-loc01,02137129-p001,02137129,1,Tübingen,,,,,,,,0,
02137128-p002-loc01,02137128-p002,02137128,1,Tübingen,,,,,,,,0,
02137128-p003-loc01,02137128-p003,02137128,1,Einbände (ohne Nachweis),,,,,,,,0,
02137128-p004-loc01,02137128-p004,02137128,1,Tübingen,,,,,,,,0,
