Pruef_ID;Stationstyp;Ortsangabe_Quelle;Land_Quelle;GeoNames_ID;Exemplare;Stationen;Beispiel_Titel;Druckangabe;Bibliothek_Signatur;Besitzer_und_Kontext;MEI_Link_1;MEI_Link_2;MEI_Link_3;Deine_Ortszuweisung;Dein_Kommentar;Station_IDs
ORT-34c9f26e22;Heutiger Standort;Albany NY, New York State Library;US;;1;1;Rationale caeremoniarum missae Ambrosianae;[Milan] : Ambrosius de Caponago, for Alexander Minutianus, 18 June 1499;Albany NY, New York State Library — in progress - awaiting verification;;https://data.cerl.org/mei/02162781;;;;;02162781-current
ORT-f5cbfce8ce;Heutiger Standort;Amherst MA, Amherst College, Robert Frost Library;US;;1;1;Breviarium Carmelitanum. Ed: Joannes Maria de Poluciis;Venice : Andreas Torresanus, de Asula, 1 Feb. 1495/96;Amherst MA, Amherst College, Robert Frost Library — in progress - awaiting verification;;https://data.cerl.org/mei/02162961;;;;;02162961-current
ORT-4b808a5283;Heutiger Standort;Amsterdam, Embassy of the Free Mind, Bibliotheca Philosophica Hermetica;NL;;1;1;[Epistole (CCCLXVIII). Italian :] Orazioni scelte. Ed: Bartolomeo da Alzano;Venice : Aldus Manutius, Romanus, '15' [i.e., not before 19] Sept. 1500;Amsterdam, Embassy of the Free Mind, Bibliotheca Philosophica Hermetica — UBN26845;;https://data.cerl.org/mei/02151753;;;;;02151753-current
ORT-c2cd14669b;Heutiger Standort;Amsterdam, University Library, Allard Pierson;NL;;26;26;Onus mundi. Ed: Wolfgang Sandizeller. Add: Festa Birgittae. Birgitta: Revelationes aliquae libri quarti. Sermo defensionum probationum ac expositionum revelationum S. Birgittae. Johann Tortsch (?): Oratio in laudem S. Birgittae;Rome : Eucharius Silber, 1 Oct. 1485;Amsterdam, University Library, Allard Pierson — PH3185;;https://data.cerl.org/mei/02149256;https://data.cerl.org/mei/02151409;https://data.cerl.org/mei/02151646;;;02149256-current | 02151409-current | 02151646-current | 02149735-current | 02149793-current | 02151113-current | 02151155-current | 02151638-current | 02149791-current | 02149904-current | 02151642-current | 02151358-current | 02151365-current | 02149413-current | 02150001-current | 02149838-current | 02151240-current | 02151357-current | 02149654-current | 02151639-current | 02151422-current | 02151601-current | 02151389-current | 02151699-current | 02151203-current | 02151219-current
ORT-3971cec024;Heutiger Standort;Ann Arbor MI, University of Michigan, Special Collections Research Center, Stephen Spaulding Collection;US;;3;3;Pungi lingua;Florence : Lorenzo Morgiani and Johannes Petri, 8 Oct. 1490;Ann Arbor MI, University of Michigan, Special Collections Research Center, Stephen Spaulding Collection — in progress - awaiting verification;;https://data.cerl.org/mei/02163186;https://data.cerl.org/mei/02163250;https://data.cerl.org/mei/02163098;;;02163186-current | 02163250-current | 02163098-current
ORT-afa3998e8d;Heutiger Standort;Ann Arbor MI, University of Michigan, University Library;US;;1;1;Missale Romanum. (Ed: Petrus Arrivabenus?);Venice : Georgius Arrivabenus, 29 May 1499;Ann Arbor MI, University of Michigan, University Library — in progress - awaiting verification;;https://data.cerl.org/mei/02163213;;;;;02163213-current
ORT-9e25fc5409;Heutiger Standort;Anna C. Hoyt;US;;1;1;Imitatio Christi [Italian] Imitazione di Gesu Cristo;Florence : Antonio de Bartolommeo Miscomini, 1 July 1494;Anna C. Hoyt — in progress - awaiting verification;;https://data.cerl.org/mei/02173226;;;;;02173226-current
ORT-36d0a65b26;Heutiger Standort;Aosta Biblioteca Capitolare del Duomo;IT;;2;2;Missa pro fide contra Turcum et exercitium eius;[Lyon : Martin Huss, about 1482-84];Aosta Biblioteca Capitolare del Duomo — Cap. Inc. 43c;;https://data.cerl.org/mei/02137535;https://data.cerl.org/mei/02151821;;;;02137535-current | 02151821-current
ORT-9593fbf101;Heutiger Standort;Atlanta GA, Emory University, Pitts Theology Library;US;;5;5;Imitatio Christi. Add: Johannes Gerson: De meditatione cordis;Venice : Bernardinus Benalius, 1488;Atlanta GA, Emory University, Pitts Theology Library — 1488 IMIT;;https://data.cerl.org/mei/02178966;https://data.cerl.org/mei/02163327;https://data.cerl.org/mei/02178982;;;02178966-current | 02163327-current | 02178982-current | 02163313-current | 02163341-current
ORT-771e42ac62;Heutiger Standort;Berkeley CA, University of California, Bancroft Library;US;;8;8;Meditationes vitae Christi [Italian] Le deuote meditatione sopra la passione del nostro signore (with text ending: ... ritorno al sanctissimo corpo nel sepulchro);Venice : Petrus Maufer de Maliferis and Nicolaus de Contugo, 10 Mar. 1483;Berkeley CA, University of California, Bancroft Library — in progress - awaiting verification;;https://data.cerl.org/mei/02164674;https://data.cerl.org/mei/02164677;https://data.cerl.org/mei/02164678;;;02164674-current | 02164677-current | 02164678-current | 02164743-current | 02164597-current | 02164598-current | 00200916-current | 02164705-current
ORT-3230eab805;Heutiger Standort;Berkeley CA, University of California, Jean Gray Hargrove Music Library;US;;3;3;Antiphonarium Romanum. Ed: Franciscus de Brugis;[Venice : Johannes Emericus, de Spira, for] Lucantonio Giunta, [about 1501-02];Berkeley CA, University of California, Jean Gray Hargrove Music Library — in progress - awaiting verification;;https://data.cerl.org/mei/02164727;https://data.cerl.org/mei/02164581;https://data.cerl.org/mei/02164753;;;02164727-current | 02164581-current | 02164753-current
ORT-6351eea34d;Heutiger Standort;Biblioteca Comunale di Vimercate;IT;;1;1;Imitatio Christi. Add: Johannes Gerson: De meditatione cordis;Venice : [n.pr.], 31 Jan. 1496/97;Biblioteca Comunale di Vimercate — ;;https://data.cerl.org/mei/02000334;;;;;02000334-current
ORT-e0a29da9f7;Heutiger Standort;Biblioteca del Seminario Arcivescovile di Venegono Inferiore;IT;;3;3;Libro della divina dottrina [Latin] Liber divinae doctrinae (Tr: Raimundus de Vineis). Add: Orationes selectae. Ed: Marcus Civilis Brixianus;Brescia : Bernardinus de Misintis, 15 Apr. 1496;Biblioteca del Seminario Arcivescovile di Venegono Inferiore — FV.A I 25;;https://data.cerl.org/mei/02006811;https://data.cerl.org/mei/02006807;https://data.cerl.org/mei/02007362;;;02006811-current | 02006807-current | 02007362-current
ORT-00fdd719a7;Heutiger Standort;Bloomington IN, Indiana University, Lilly Library;US;;16;16;Confessionale: Curam illius habe [Italian] Medicina dell' anima. Add: Trattato dell' excommunicazione. Thomas Aquinas: Orazione laquale diceva quando andava a celebrare. Orazione che se fa dopo la comunione. Li dieci comandamenti volgare fatti in rima. Credo volgare fatto in rima;Mantua : [Paulus de Butzbach], 21 Feb. 1475;Bloomington IN, Indiana University, Lilly Library — in progress - awaiting verification;;https://data.cerl.org/mei/02165352;https://data.cerl.org/mei/02165369;https://data.cerl.org/mei/02165493;;;02165352-current | 02165369-current | 02165493-current | 02165370-current | 02165494-current | 02165378-current | 02165219-current | 02165379-current | 02165495-current | 02165380-current | 02165381-current | 02165496-current | 02165382-current | 02165416-current | 02165441-current | 02165297-current
ORT-e9d47a1871;Heutiger Standort;Bogotá, Universidad de los Andes ;CO;;1;1;Psalterium. Ed: Bruno, Episcopus Herbipolensis (Würzburg);[Nuremberg] : Anton Koberger, 1497;Bogotá, Universidad de los Andes  — ;;https://data.cerl.org/mei/02149685;;;;;02149685-current
ORT-72e339c7af;Heutiger Standort;Boston MA, Boston Athenaeum;US;;2;2;[Epistole (CCCLXVIII). Italian :] Orazioni scelte. Ed: Bartolomeo da Alzano;Venice : Aldus Manutius, Romanus, '15' [i.e., not before 19] Sept. 1500;Boston MA, Boston Athenaeum — in progress - awaiting verification;;https://data.cerl.org/mei/02165719;https://data.cerl.org/mei/02165777;;;;02165719-current | 02165777-current
ORT-ec8efeb06a;Heutiger Standort;Boston MA, Isabella Stewart Gardner Museum;US;;1;1;[Epistole (CCCLXVIII). Italian :] Orazioni scelte. Ed: Bartolomeo da Alzano;Venice : Aldus Manutius, Romanus, '15' [i.e., not before 19] Sept. 1500;Boston MA, Isabella Stewart Gardner Museum — 2.c.3.23;;https://data.cerl.org/mei/02013811;;;;;02013811-current
ORT-f389a28ab7;Heutiger Standort;Boston MA, Massachusetts Historical Society;US;;1;1;Viola sanctorum;Strassburg : Johann Prüss, 23 Aug. 1487;Boston MA, Massachusetts Historical Society — ;;https://data.cerl.org/mei/02178516;;;;;02178516-current
ORT-d3d4b137f4;Heutiger Standort;Boston MA, Museum of Fine Arts, Prints and Drawings Collection;US;;3;3;Meditationes vitae Christi [Italian]. Le deuote meditatione sopra la passione del nostro signore (with text ending: scripto di me nele prophetie e psalmi);[Florence : Lorenzo Morgiani and Johannes Petri, about 1500];Boston MA, Museum of Fine Arts, Prints and Drawings Collection — in progress - awaiting verification;;https://data.cerl.org/mei/02165712;https://data.cerl.org/mei/02165754;https://data.cerl.org/mei/02165780;;;02165712-current | 02165754-current | 02165780-current
ORT-08c255b18c;Heutiger Standort;Boston MA, Public Library;US;;16;16;Libellus recollectorius auctoritatum de veritate conceptionis beatae virginis Mariae;Milan : Christophorus Valdarfer, 1475;Boston MA, Public Library — in progress - awaiting verification;;https://data.cerl.org/mei/02165706;https://data.cerl.org/mei/02165710;https://data.cerl.org/mei/02165711;;;02165706-current | 02165710-current | 02165711-current | 02165825-current | 02165826-current | 02165827-current | 02165720-current | 02165722-current | 02165723-current | 02165829-current | 02165831-current | 02165834-current | 02165629-current | 02165778-current | 02165840-current | 02165846-current
ORT-f9296d49b9;Heutiger Standort;Bourg-St-Pierre, Archives et Bibliothèque de l'Hospice du Grand-Saint-Bernard;CH;;3;3;Breviarium Sedunense (Sitten [Sion], Switzerland). Commissioned by Walther Supersax, bishop of Sitten;[Chambéry : Printer of the Breviarium Sedunense, GW 5459 (Henricus Wirtzburg?), not before 1482];Bourg-St-Pierre, Archives et Bibliothèque de l'Hospice du Grand-Saint-Bernard — AGSB INC 14;;https://data.cerl.org/mei/02152503;https://data.cerl.org/mei/02152551;https://data.cerl.org/mei/02152390;;;02152503-current | 02152551-current | 02152390-current
ORT-19a4645f4d;Heutiger Standort;Breno (Brescia), Museo Camuno;IT;;2;2;Meditationes vitae Christi. Add: Bonaventura: Lignum vitae. Johannes de Peckham: Canticum de sanctissimo nomine Jesu Christi;Pavia : [Franciscus Girardengus and Johannes Antonius Birreta, for] Jacobus de Paucis Drapis Burgofrancho, 4 Mar. 1490;Breno (Brescia), Museo Camuno — Raccolta Putelli 6;;https://data.cerl.org/mei/02009311;https://data.cerl.org/mei/02009319;;;;02009311-current | 02009319-current
ORT-d0491315c8;Heutiger Standort;Broumov, Klášterní knihovna ;CZ;;11;11;Cordiale quattuor novissimorum. Add: Exempla;Cologne : Heinrich Quentell, 1492;Broumov, Klášterní knihovna  — B - S. LVI. e. 8 ;;https://data.cerl.org/mei/02127378;https://data.cerl.org/mei/02127312;https://data.cerl.org/mei/02139664;;;02127378-current | 02127312-current | 02139664-current | 02137919-current | 02127382-current | 02127380-current | 02137937-current | 02139713-current | 02139671-current | 02137917-current | 02139665-current
ORT-699dd8ce98;Heutiger Standort;Brunswick ME, Bowdoin College, Bowdoin College Library;US;;1;1;Imitatio Christi;Venice : Peter Löslein, 1483;Brunswick ME, Bowdoin College, Bowdoin College Library — in progress - awaiting verification;;https://data.cerl.org/mei/02165898;;;;;02165898-current
ORT-9d133f3b5a;Heutiger Standort;Bryn Mawr PA, Bryn Mawr College, Canaday Library;US;;33;33;Laude;[Florence : Printer of Vergilius (C 6061), about 1490];Bryn Mawr PA, Bryn Mawr College, Canaday Library — in progress - awaiting verification;;https://data.cerl.org/mei/02166399;https://data.cerl.org/mei/02166222;https://data.cerl.org/mei/02166223;;;02166399-current | 02166222-current | 02166223-current | 02166225-current | 02166227-current | 02146196-current | 02166240-current | 02146164-current | 02166409-current | 02166241-current | 02166417-current | 02166418-current | 02165995-current | 02166419-current | 02145376-current | 02166420-current | 02166277-current | 02166053-current | 02166054-current | 02166285-current | 02166286-current | 02166287-current | 02145633-current | 02166301-current | 02166100-current | 02166326-current | 02166327-current | 02166450-current | 02166106-current | 02166138-current | 02145980-current | 02166148-current | 02174300-current
ORT-b3e10326bf;Heutiger Standort;Chapel Hill NC, University of North Carolina, Wilson Library;US;;13;13;Breviarium Fratrum Praedicatorum;Venice : Franciscus Renner, de Heilbronn and Petrus de Bartua, [about 1477-78];Chapel Hill NC, University of North Carolina, Wilson Library — in progress - awaiting verification;;https://data.cerl.org/mei/02166817;https://data.cerl.org/mei/02166746;https://data.cerl.org/mei/02166577;;;02166817-current | 02166746-current | 02166577-current | 02166747-current | 02166823-current | 02166824-current | 02166753-current | 02166588-current | 02166624-current | 02166770-current | 02166771-current | 02166653-current | 02166654-current
ORT-d1317a02de;Heutiger Standort;Charles E. Roseman, Jr., Cleveland Heights OH;US;;1;1;Imitatio Christi;Venice : Peter Löslein, 1483;Charles E. Roseman, Jr., Cleveland Heights OH — in progress - awaiting verification;;https://data.cerl.org/mei/02167340;;;;;02167340-current
ORT-bcdfe7b627;Heutiger Standort;Charles W. Andrews, Syracuse NY;US;;1;1;Imitatio Christi [Italian]. Add: Epistola di Ioanni Neapolitano a Silvia, nella quale exhorta quella a la religione;Venice : Bartholomaeus de Zanis, 23 Dec. 1491;Charles W. Andrews, Syracuse NY — in progress - awaiting verification;;https://data.cerl.org/mei/02173097;;;;;02173097-current
ORT-ccab295796;Heutiger Standort;Charlottesville VA, University of Virginia, Small Special Collections Library;US;;2;2;Frutti della lingua;Florence : Lorenzo Morgiani and Johannes Petri, 4 Sept. 1493;Charlottesville VA, University of Virginia, Small Special Collections Library — in progress - awaiting verification;;https://data.cerl.org/mei/02166884;https://data.cerl.org/mei/02166900;;;;02166884-current | 02166900-current
ORT-e650fab4f8;Heutiger Standort;Chester County PA, Lincoln University, Langston Hughes Memorial Library;US;;1;1;Imitatio Christi. Add: Johannes Gerson: De meditatione cordis;Venice : [n.pr.], 31 Jan. 1496/97;Chester County PA, Lincoln University, Langston Hughes Memorial Library — in progress - awaiting verification;;https://data.cerl.org/mei/02166906;;;;;02166906-current
ORT-32b9eaf4dc;Heutiger Standort;Chestnut Hill MA, Boston College, Burns Library;US;;1;1;Imitatio Christi. Add: Johannes Gerson: De meditatione cordis;Milan : Leonardus Pachel, July 1488;Chestnut Hill MA, Boston College, Burns Library — in progress - awaiting verification;;https://data.cerl.org/mei/02166916;;;;;02166916-current
ORT-68363f0c67;Heutiger Standort;Chiari, Biblioteca Morcelliana;IT;;4;4;Confessionale: Curam illius habe [Italian] Medicina dell' anima. Add: Trattato dell' excommunicazione. Thomas Aquinas: Orazione laquale diceva quando andava a celebrare. Orazione che se fa dopo la comunione. Li dieci comandamenti volgare fatti in rima. Credo volgare fatto in rima;Bologna : [Balthasar Azoguidus], 1475;Chiari, Biblioteca Morcelliana — CS. III. 13;;https://data.cerl.org/mei/02000250;https://data.cerl.org/mei/02000304;https://data.cerl.org/mei/02000277;;;02000250-current | 02000304-current | 02000277-current | 02000287-current
ORT-b95f1c9def;Heutiger Standort;Chicago IL, The Newberry Library;US;;2;2;Breviarium Fratrum Praedicatorum;Venice : Franciscus Renner, de Heilbronn, 1480;Chicago IL, The Newberry Library — Inc. 4179.5;;https://data.cerl.org/mei/02178830;https://data.cerl.org/mei/02178826;;;;02178830-current | 02178826-current
ORT-848063faca;Heutiger Standort;Chicago IL, University of Chicago Libraries, Hanna Holborn Gray Special Collections Research Center;US;;2;2;Viola sanctorum;Strassburg : Johann Prüss, 23 Aug. 1487;Chicago IL, University of Chicago Libraries, Hanna Holborn Gray Special Collections Research Center — Incun 1487.V8;;https://data.cerl.org/mei/02150313;https://data.cerl.org/mei/02150314;;;;02150313-current | 02150314-current
ORT-850667f9bb;Heutiger Standort;Cincinnati OH, Hebrew Union College Library, Klau Library;US;;6;6;Mahazor;Soncino and Casal Maggiore : Sons of Israel Nathan Soncino, between 10 Sept. and 9 Oct. 1485 and 21 and 29 Aug. 1486;Cincinnati OH, Hebrew Union College Library, Klau Library — in progress - awaiting verification;;https://data.cerl.org/mei/02167029;https://data.cerl.org/mei/02167061;https://data.cerl.org/mei/02167068;;;02167029-current | 02167061-current | 02167068-current | 02167069-current | 02167070-current | 02167074-current
ORT-f792d72f82;Heutiger Standort;Cincinnati OH, University of Cincinnati, University Libraries;US;;1;1;Luctus Christianorum, ovvero Pianto dei cristiani per la passione di Cristo [Italian];[Venice] : Nicolaus Jenson, 4 Apr. 1471;Cincinnati OH, University of Cincinnati, University Libraries — in progress - awaiting verification;;https://data.cerl.org/mei/02167060;;;;;02167060-current
ORT-a85c1a4b84;Heutiger Standort;Claremont CA, Claremont Colleges, Honnold Library, Bodman Collection;US;;4;4;"Meditationes vitae Christi. Add: Bonaventura, Lignum vitae; Johannes de Peckham, Canticum de sanctissimo nomine Jesu Christi";Venice : Manfredus de Bonellis, de Monteferrato, 14 Dec. 1497;Claremont CA, Claremont Colleges, Honnold Library, Bodman Collection — in progress - awaiting verification;;https://data.cerl.org/mei/02167199;https://data.cerl.org/mei/02167205;https://data.cerl.org/mei/02167221;;;02167199-current | 02167205-current | 02167221-current | 02167269-current
ORT-711e0fe3a6;Heutiger Standort;Cluj-Napoca, Biblioteca Academiei Române;RM;;4;4;Revelationes. With foreword by Johannes de Turrecremata and Matthias de Suecia. Vita abbreviata S. Birgittae. Hymnus ad Beatam Birgittam. Ed: Florian Waldauf;Nuremberg : Anton Koberger, 21 Sept. 1500;Cluj-Napoca, Biblioteca Academiei Române — Inc. 138/ Inc. C. 138;;https://data.cerl.org/mei/02154086;https://data.cerl.org/mei/02175034;https://data.cerl.org/mei/02174912;;;02154086-current | 02175034-current | 02174912-current | 02149393-current
ORT-8e7cd43966;Heutiger Standort;Colorado Springs CO, Colorado College, Tutt Library;US;;1;1;[Epistole (CCCLXVIII). Italian :] Orazioni scelte. Ed: Bartolomeo da Alzano;Venice : Aldus Manutius, Romanus, '15' [i.e., not before 19] Sept. 1500;Colorado Springs CO, Colorado College, Tutt Library — in progress - awaiting verification;;https://data.cerl.org/mei/02167422;;;;;02167422-current
ORT-aa040d3e8c;Heutiger Standort;Columbia SC, University of South Carolina, Thomas Cooper Library;US;;1;1;Pungi lingua;Florence : Lorenzo Morgiani and Johannes Petri, 8 Oct. 1490;Columbia SC, University of South Carolina, Thomas Cooper Library — in progress - awaiting verification;;https://data.cerl.org/mei/02167450;;;;;02167450-current
ORT-875941703d;Heutiger Standort;Columbus OH, Ohio State University, Rare Books & Manuscripts Library;US;;2;2;Imitatio Christi. Add: Johannes Gerson: De meditatione cordis;Venice : Bernardinus Benalius, 1488;Columbus OH, Ohio State University, Rare Books & Manuscripts Library — in progress - awaiting verification;;https://data.cerl.org/mei/02167486;https://data.cerl.org/mei/02167495;;;;02167486-current | 02167495-current
ORT-7428df50e2;Heutiger Standort;Coral Gables FL, University of Miami, Kislak Center;US;;1;1;Specchio di croce;Florence : Francesco di Dino, 27 Mar. 1490;Coral Gables FL, University of Miami, Kislak Center — in progress - awaiting verification;;https://data.cerl.org/mei/02167531;;;;;02167531-current
ORT-8eb80712c4;Heutiger Standort;Dallas TX, Southern Methodist University, Bridwell Library;US;;37;37;Vita Adae et Evae (De creatione Adae et formatione Evae);[Rome : Johannes Gensberg, about 1473];Dallas TX, Southern Methodist University, Bridwell Library — in progress - awaiting verification;;https://data.cerl.org/mei/02167848;https://data.cerl.org/mei/02168068;https://data.cerl.org/mei/02167873;;;02167848-current | 02168068-current | 02167873-current | 02167891-current | 02168073-current | 02168074-current | 02167894-current | 02168075-current | 02168078-current | 02167903-current | 02167653-current | 02167904-current | 02168080-current | 02168081-current | 02167945-current | 02167705-current | 02167706-current | 02167956-current | 02167957-current | 02167958-current | 02167707-current | 02167959-current | 02167708-current | 02167960-current | 02167961-current | 02167962-current | 02168092-current | 02168093-current | 02167965-current | 02167996-current | 02168099-current | 02167997-current | 02167748-current | 02168100-current | 02168101-current | 02168014-current | 02168115-current
ORT-29df1e810b;Heutiger Standort;Dallas TX, Southern Methodist University, DeGolyer Library;US;;1;1;Oratio de Christi ascensu;[Rome : Stephan Plannck, after 16 May 1493];Dallas TX, Southern Methodist University, DeGolyer Library — in progress - awaiting verification;;https://data.cerl.org/mei/02167946;;;;;02167946-current
ORT-971aedccbf;Heutiger Standort;Dayton OH, University of Dayton, Marian Library;US;;3;3;Libellus recollectorius auctoritatum de veritate conceptionis beatae virginis Mariae;Milan : Christophorus Valdarfer, 1475;Dayton OH, University of Dayton, Marian Library — in progress - awaiting verification;;https://data.cerl.org/mei/02168128;https://data.cerl.org/mei/02168130;https://data.cerl.org/mei/02176624;;;02168128-current | 02168130-current | 02176624-current
ORT-17612b98ff;Heutiger Standort;Detroit MI, Detroit Public Library;US;;1;1;Missale Dominicanum seu Ordinis Praedicatorum;Venice : Octavianus Scotus, 24 Dec. 1482;Detroit MI, Detroit Public Library — in progress - awaiting verification;;https://data.cerl.org/mei/02168169;;;;;02168169-current
ORT-7ba268b029;Heutiger Standort;dispersed;US;;1;1;Imitatio Christi. Add: Johannes Gerson: De meditatione cordis;Venice : [Johannes Leoviler, de Hallis] for Franciscus de Madiis, 1486;dispersed — in progress - awaiting verification;;https://data.cerl.org/mei/02173216;;;;;02173216-current
ORT-42dd1b7d7d;Heutiger Standort;Dublin, Edward Worth Library;IE;;1;1;Psalterium [Greek]. Ed: Justinus Decadyus;Venice : Aldus Manutius, Romanus, [not after 1 Oct. 1498];Dublin, Edward Worth Library — ;;https://data.cerl.org/mei/02151986;;;;;02151986-current
ORT-5239111e08;Heutiger Standort;Dubuque IA, Loras College, Library;US;;1;1;Missale Romanum;Venice : Johannes Hamman, for Octavianus Scotus, 1 Dec. 1493;Dubuque IA, Loras College, Library — in progress - awaiting verification;;https://data.cerl.org/mei/02168188;;;;;02168188-current
ORT-7399dca2dc;Heutiger Standort;Durham NC, Duke University, David M. Rubenstein Rare Book & Manuscript Library;US;;1;1;Imitatio Christi. Add: Johannes Gerson: De meditatione cordis;Florence : Johannes Petri, 10 Nov. 1497;Durham NC, Duke University, David M. Rubenstein Rare Book & Manuscript Library — in progress - awaiting verification;;https://data.cerl.org/mei/02168290;;;;;02168290-current
ORT-460bc6d439;Heutiger Standort;East Lansing MI, Michigan State University, Murray and Hong Special Collections;US;;1;1;[Epistole (CCCLXVIII). Italian :] Orazioni scelte. Ed: Bartolomeo da Alzano;Venice : Aldus Manutius, Romanus, '15' [i.e., not before 19] Sept. 1500;East Lansing MI, Michigan State University, Murray and Hong Special Collections — in progress - awaiting verification;;https://data.cerl.org/mei/02168305;;;;;02168305-current
ORT-810e48f0ee;Heutiger Standort;Edinburgh, University Library;GB;;3;3;Breviarium Saresberiense (Salisbury);Rouen : Martin Morin for Jean Richard, 3 Nov. 1496;Edinburgh, University Library — Dd.1.24;;https://data.cerl.org/mei/02154080;https://data.cerl.org/mei/02154161;https://data.cerl.org/mei/02154119;;;02154080-current | 02154161-current | 02154119-current
ORT-510330f4ba;Heutiger Standort;Eric H.L. Sexton, Rockport ME;US;;2;2;Settenario. Magnificat;Aquila : [Adam de Rottweil], 1482;Eric H.L. Sexton, Rockport ME — in progress - awaiting verification;;https://data.cerl.org/mei/02172379;https://data.cerl.org/mei/02172380;;;;02172379-current | 02172380-current
ORT-9dfba0e875;Heutiger Standort;Evanston IL, Northwestern University, McCormick Library;US;;1;1;Pontificale Romanum. Ed: Jacobus de Lutiis and Johannes Burchardus;Rome : Stephan Plannck, 16 Aug. 1497;Evanston IL, Northwestern University, McCormick Library — in progress - awaiting verification;;https://data.cerl.org/mei/02168368;;;;;02168368-current
ORT-3f878b83b4;Heutiger Standort;Firenze Biblioteca Marucelliana;IT;;2;2;[Psalterium abbreviatum] Psalterium Sancti Hieronymi [Italian and Latin] Psalterio abreviato di sancto Hieronymo. Tr: Niccolò Malermi;[Florence : Societas Colubris, for] Piero Pacini, [about 1498];Firenze Biblioteca Marucelliana — R. U. 628;;https://data.cerl.org/mei/02148401;https://data.cerl.org/mei/02126473;;;;02148401-current | 02126473-current
ORT-9f5f787919;Heutiger Standort;Galveston TX, Rosenberg Library;US;;1;1;Missale Romanum. Ed: Philippus de Rotingo;Venice : Nicolaus de Frankfordia, 1487;Galveston TX, Rosenberg Library — in progress - awaiting verification;;https://data.cerl.org/mei/02168436;;;;;02168436-current
ORT-27b191efe4;Heutiger Standort;Genova, Biblioteca Durazzo *BP;IT;;1;1;Psalterium cum canticis [Greek and Latin]. Ed: Johannes Crastonus Placentinus;Milan : [Bonus Accursius], 20 Sept. 1481;Genova, Biblioteca Durazzo *BP — G. III. 5;;https://data.cerl.org/mei/02126527;;;;;02126527-current
ORT-b29c712edf;Heutiger Standort;Hanover NH, Dartmouth College, Rauner Special Collections Library;US;;2;2;Meditationes vitae Christi. Add: Bonaventura: Lignum vitae. Johannes de Peckham: Canticum de sanctissimo nomine Jesu Christi;Pavia : [Franciscus Girardengus and Johannes Antonius Birreta, for] Jacobus de Paucis Drapis Burgofrancho, 4 Mar. 1490;Hanover NH, Dartmouth College, Rauner Special Collections Library — in progress - awaiting verification;;https://data.cerl.org/mei/02168557;https://data.cerl.org/mei/02168578;;;;02168557-current | 02168578-current
ORT-3f4af13ac2;Heutiger Standort;Hartford CT, Trinity College, Watkinson Library;US;;3;3;Meditazione contemplante il sacramento del corpo di Gesù Cristo. Trattatello di comunione da Paolo Veronese;Venice : Pietro da Pavia, 12 Dec. 1500;Hartford CT, Trinity College, Watkinson Library — in progress - awaiting verification;;https://data.cerl.org/mei/02168658;https://data.cerl.org/mei/02168671;https://data.cerl.org/mei/02168663;;;02168658-current | 02168671-current | 02168663-current
ORT-10f0702568;Heutiger Standort;Haverford PA, Haverford College, Lutnick Library;US;;1;1;Meditationes vitae Christi [Italian]. Le deuote meditatione sopra la passione del nostro signore (with text ending: scripto di me nele prophetie e psalmi);Venice : Bernardinus Benalius, [about 1490];Haverford PA, Haverford College, Lutnick Library — in progress - awaiting verification;;https://data.cerl.org/mei/02168699;;;;;02168699-current
ORT-53b68877e1;Heutiger Standort;Heiligenkreuz, Zisterzienserabtei Stift Heiligenkreuz, Stiftsbibliothek ;AT;;2;2;Breviarium Benedictinum Mellicense (Melk);[Nuremberg] : Georg Stuchs, 24 Feb. 1500;Heiligenkreuz, Zisterzienserabtei Stift Heiligenkreuz, Stiftsbibliothek  — HS 14.D/25;;https://data.cerl.org/mei/02153256;https://data.cerl.org/mei/02178138;;;;02153256-current | 02178138-current
ORT-973dab7157;Heutiger Standort;Helen Safford Bonnell, Philadelphia PA;US;;1;1;Imitatio Christi;Venice : Peter Löslein, 1483;Helen Safford Bonnell, Philadelphia PA — in progress - awaiting verification;;https://data.cerl.org/mei/02170769;;;;;02170769-current
ORT-677b29e98b;Heutiger Standort;Hereford, Cathedral Library;GB;;1;1;Expositio officii missae sacrique canonis;[Strassburg : Printer of Henricus Ariminensis (Georg Reyser?), about 1473-75];Hereford, Cathedral Library — N.1.5(b);;https://data.cerl.org/mei/02146758;;;;;02146758-current
ORT-0dcda1ff92;Heutiger Standort;Houston TX, University of Houston, MD Anderson Library;US;;1;1;Missale Romanum. Ed: Philippus de Rotingo;Venice : Nicolaus de Frankfordia, 1487;Houston TX, University of Houston, MD Anderson Library — in progress - awaiting verification;;https://data.cerl.org/mei/02168724;;;;;02168724-current
ORT-d0a172ef30;Heutiger Standort;Ithaca NY, Cornell University, Carl A. Kroch Library;US;;1;1;Imitatio Christi. Add: Johannes Gerson: De meditatione cordis;Venice : Bernardinus Benalius, 1488;Ithaca NY, Cornell University, Carl A. Kroch Library — in progress - awaiting verification;;https://data.cerl.org/mei/02168877;;;;;02168877-current
ORT-0d09921ba7;Heutiger Standort;Jerusalem, National Library of Israel;IL;;4;4;Haggadah;[Guadalajara : Solomon Alkabiz, about 1480-82?];Jerusalem, National Library of Israel — Shocken 68;;https://data.cerl.org/mei/02122158;https://data.cerl.org/mei/02122371;https://data.cerl.org/mei/02122288;;;02122158-current | 02122371-current | 02122288-current | 02126299-current
ORT-59d6906c14;Heutiger Standort;Laramie WY, University of Wyoming, Toppan Rare Books Library;US;;1;1;Frutti della lingua;Florence : Lorenzo Morgiani and Johannes Petri, 4 Sept. 1493;Laramie WY, University of Wyoming, Toppan Rare Books Library — in progress - awaiting verification;;https://data.cerl.org/mei/02169020;;;;;02169020-current
ORT-91dce0a264;Heutiger Standort;Latrobe PA, Saint Vincent College, Dale P. Latimer Library;US;;1;1;Pungi lingua;Florence : Nicolaus Laurentii, Alamanus, [about 1476-77];Latrobe PA, Saint Vincent College, Dale P. Latimer Library — in progress - awaiting verification;;https://data.cerl.org/mei/02169049;;;;;02169049-current
ORT-b09d434212;Heutiger Standort;Lawrence KS, University of Kansas, Spencer Library;US;;2;2;Graduale Romanum (Ed: Franciscus de Brugis);"Venice : Johannes Emericus, de Spira, for Lucantonio Giunta, 28 Sept. 1499; 14 Jan. 1499/1500; 1 Mar. 1500";Lawrence KS, University of Kansas, Spencer Library — in progress - awaiting verification;;https://data.cerl.org/mei/02169072;https://data.cerl.org/mei/02126367;;;;02169072-current | 02126367-current
ORT-17648ff620;Heutiger Standort;Lexington KY, University of Kentucky, Margaret I. King Library;US;;2;2;Monte santo di Dio;Florence : Lorenzo Morgiani and Johannes Petri, 20 Mar. 1491;Lexington KY, University of Kentucky, Margaret I. King Library — in progress - awaiting verification;;https://data.cerl.org/mei/02169171;https://data.cerl.org/mei/02169174;;;;02169171-current | 02169174-current
ORT-15ba4047c3;Heutiger Standort;Lonato, Biblioteca Ugo da Como;IT;;15;15;"Meditationes vitae Christi. Add: Bonaventura, Lignum vitae; Johannes de Peckham, Canticum de sanctissimo nomine Jesu Christi";Venice : Manfredus de Bonellis, de Monteferrato, 14 Dec. 1497;Lonato, Biblioteca Ugo da Como — Incunaboli 371;;https://data.cerl.org/mei/02004292;https://data.cerl.org/mei/02004093;https://data.cerl.org/mei/02004305;;;02004292-current | 02004093-current | 02004305-current | 02004306-current | 02004095-current | 02004307-current | 02004649-current | 02004372-current | 02004373-current | 02004374-current | 02004134-current | 02004444-current | 02004653-current | 02004207-current | 02004231-current
ORT-df6adb554a;Heutiger Standort;Lugano, Biblioteca Cantonale;CH;;11;11;Confessionale: Curam illius habe [Italian] Medicina dell' anima. Add: Trattato dell' excommunicazione. Thomas Aquinas: Orazione laquale diceva quando andava a celebrare. Orazione che se fa dopo la comunione. Li dieci comandamenti volgare fatti in rima. Credo volgare fatto in rima;Mantua : [Paulus de Butzbach], 21 Feb. 1475;Lugano, Biblioteca Cantonale — Inc. Col. 4;;https://data.cerl.org/mei/00201190;https://data.cerl.org/mei/00201554;https://data.cerl.org/mei/00201747;;;00201190-current | 00201554-current | 00201747-current | 00201263-current | 00201264-current | 00201267-current | 00201750-current | 00201266-current | 00201283-current | 00201286-current | 00201615-current
ORT-357153753f;Heutiger Standort;Lugano, Biblioteca Salita dei Frati;CH;;3;3;Expositio hymnorum;Basel : Michael Furter, 1497;Lugano, Biblioteca Salita dei Frati — BSF Inc. 12;;https://data.cerl.org/mei/02123769;https://data.cerl.org/mei/02152742;https://data.cerl.org/mei/02123768;;;02123769-current | 02152742-current | 02123768-current
ORT-3216603ad5;Heutiger Standort;Mainz, Bibliotheken der Stadt Mainz, Wissenschaftliche Stadtbibliothek;DE;;1;1;Reise in das gelobte Land;Augsburg : Johann Schönsperger, 1482 [before 23 February];Mainz, Bibliotheken der Stadt Mainz, Wissenschaftliche Stadtbibliothek — Inc.230;;https://data.cerl.org/mei/02014971;;;;;02014971-current
ORT-1097b9420d;Heutiger Standort;Martin, Slovenská národná knižnica;SK;;25;25;Vita Adae et Evae (De creatione Adae et formatione Evae);[Rome : Eucharius Silber, about 1483-88];Martin, Slovenská národná knižnica — Inc C 33/prív.1;;https://data.cerl.org/mei/02146874;https://data.cerl.org/mei/02150177;https://data.cerl.org/mei/02146228;;;02146874-current | 02150177-current | 02146228-current | 02146876-current | 02146234-current | 02140483-current | 02140466-current | 02145428-current | 02145442-current | 02145438-current | 02146232-current | 02139787-current | 02150425-current | 02145477-current | 02178317-current | 02150201-current | 02145463-current | 02154402-current | 02145419-current | 02149476-current | 02146020-current | 02147135-current | 02146227-current | 02140482-current | 02145426-current
ORT-f7d7924068;Heutiger Standort;Middletown CT, Wesleyan University, Olin Library;US;;1;1;Defectus in Missa occurrentes;[Rome : Bartholomaeus Guldinbeck, about 1482-85];Middletown CT, Wesleyan University, Olin Library — in progress - awaiting verification;;https://data.cerl.org/mei/02169938;;;;;02169938-current
ORT-f4e2c5ce59;Heutiger Standort;Minneapolis MN, University of Minnesota, James Ford Bell Library;US;;2;2;Tabula Christianae Religionis;[Rome : Marcellus Silber, not before 1510];Minneapolis MN, University of Minnesota, James Ford Bell Library — in progress - awaiting verification;;https://data.cerl.org/mei/02170125;https://data.cerl.org/mei/02170126;;;;02170125-current | 02170126-current
ORT-8918b45a85;Heutiger Standort;Minneapolis MN, University of Minnesota, University Libraries;US;;2;2;Defectus in Missa occurrentes;[Rome : Johannes Schurener, de Bopardia, about 1476];Minneapolis MN, University of Minnesota, University Libraries — in progress - awaiting verification;;https://data.cerl.org/mei/02170083;https://data.cerl.org/mei/02170117;;;;02170083-current | 02170117-current
ORT-8500ff9940;Heutiger Standort;Mundelein IL, University of St Mary of the Lake, Mundelein Seminary, Feehan Memorial Library;US;;3;3;Confessionale: Curam illius habe [Italian] Medicina dell' anima. Add: Trattato dell' excommunicazione. Thomas Aquinas: Orazione laquale diceva quando andava a celebrare. Orazione che se fa dopo la comunione. Li dieci comandamenti volgare fatti in rima. Credo volgare fatto in rima;Bologna : [Balthasar Azoguidus], 1472;Mundelein IL, University of St Mary of the Lake, Mundelein Seminary, Feehan Memorial Library — in progress - awaiting verification;;https://data.cerl.org/mei/02170179;https://data.cerl.org/mei/02170168;https://data.cerl.org/mei/02170183;;;02170179-current | 02170168-current | 02170183-current
ORT-ef985c7f6e;Heutiger Standort;Newark NJ, Newark Public Library;US;;1;1;Meditationes in Passionem Jesu Christi;[Milan : Leonardus Pachel, about 1488];Newark NJ, Newark Public Library — in progress - awaiting verification;;https://data.cerl.org/mei/02170258;;;;;02170258-current
ORT-83cac2db08;Heutiger Standort;Northampton MA, Smith College;US;;3;3;Peregrinatio in terram sanctam;[Speyer] : Peter Drach, 29 July 1490;Northampton MA, Smith College — Inc B-1190;;https://data.cerl.org/mei/02010968;https://data.cerl.org/mei/02127407;https://data.cerl.org/mei/02170339;;;02010968-current | 02127407-current | 02170339-current
ORT-f21976fb21;Heutiger Standort;Notre Dame IN, University of Notre Dame, Hesburgh Libraries;US;;1;1;Pungi lingua;Florence : Nicolaus Laurentii, Alamanus, [about 1476-77];Notre Dame IN, University of Notre Dame, Hesburgh Libraries — Incunable BJ 1535 .S631 C3;;https://data.cerl.org/mei/02177863;;;;;02177863-current
ORT-8d940a9f91;Heutiger Standort;Novara, Biblioteca civica Carlo Negroni;IT;;2;2;[Epistole (CCCLXVIII). Italian :] Orazioni scelte. Ed: Bartolomeo da Alzano;Venice : Aldus Manutius, Romanus, '15' [i.e., not before 19] Sept. 1500;Novara, Biblioteca civica Carlo Negroni — G 1;;https://data.cerl.org/mei/02148501;https://data.cerl.org/mei/02148502;;;;02148501-current | 02148502-current
ORT-7edd8aca38;Heutiger Standort;Oberlin OH, Oberlin College, Terrell Special Collections;US;;1;1;Imitatio Christi. Add: Johannes Gerson: De meditatione cordis;Milan : Leonardus Pachel, July 1488;Oberlin OH, Oberlin College, Terrell Special Collections — in progress - awaiting verification;;https://data.cerl.org/mei/02170428;;;;;02170428-current
ORT-3645591ac5;Heutiger Standort;Otto W. Fuhrmann, Elmhurst NY;US;;1;1;Leggenda di Lazzaro, Marta e Maddalena;[Florence : Bartolommeo di Libri, about 1495];Otto W. Fuhrmann, Elmhurst NY — in progress - awaiting verification;;https://data.cerl.org/mei/02168315;;;;;02168315-current
ORT-349c0ae4a7;Heutiger Standort;Palazzolo sull'Oglio, Biblioteca Civica Giacinto Ubaldo Lanfranchi;IT;;8;8;Vita Adae et Evae (De creatione Adae et formatione Evae);[Rome : Johann Besicken, after 1500];Palazzolo sull'Oglio, Biblioteca Civica Giacinto Ubaldo Lanfranchi — O I 18;;https://data.cerl.org/mei/02004765;https://data.cerl.org/mei/02004731;https://data.cerl.org/mei/02004752;;;02004765-current | 02004731-current | 02004752-current | 02004839-current | 02000322-current | 02004786-current | 02004918-current | 02004841-current
ORT-f8a491dcce;Heutiger Standort;Paul Mellon, Upperville VA;US;;1;1;Meditationes seu Contemplationes devotissimae;Rome : Ulrich Han (Udalricus Gallus) and Simon Nicolai Chardella, 17 Oct. 1473;Paul Mellon, Upperville VA — in progress - awaiting verification;;https://data.cerl.org/mei/02173232;;;;;02173232-current
ORT-74abf81eaf;Heutiger Standort;Perugia, Biblioteca Augusta;IT;;8;8;Monte santo di Dio;Florence : Lorenzo Morgiani and Johannes Petri, 20 Mar. 1491;Perugia, Biblioteca Augusta — INC 549;;https://data.cerl.org/mei/02013117;https://data.cerl.org/mei/02013171;https://data.cerl.org/mei/02012777;;;02013117-current | 02013171-current | 02012777-current | 02013410-current | 02012810-current | 02013237-current | 02121806-current | 02121808-current
ORT-01b0d78577;Heutiger Standort;Philadelphia PA, College of Physicians of Philadelphia, Historical Medical Library;US;;1;1;De ieiuniis;[Rome : Bartholomaeus Guldinbeck, about 1475];Philadelphia PA, College of Physicians of Philadelphia, Historical Medical Library — in progress - awaiting verification;;https://data.cerl.org/mei/02170940;;;;;02170940-current
ORT-6d5b5a7efb;Heutiger Standort;Philadelphia PA, Free Library of Philadelphia;US;;4;4;Libro della divina dottrina [Latin] Liber divinae doctrinae (Tr: Raimundus de Vineis). Add: Orationes selectae. Ed: Marcus Civilis Brixianus;Brescia : Bernardinus de Misintis, 15 Apr. 1496;Philadelphia PA, Free Library of Philadelphia — in progress - awaiting verification;;https://data.cerl.org/mei/02170643;https://data.cerl.org/mei/02171434;https://data.cerl.org/mei/02148233;;;02170643-current | 02171434-current | 02148233-current | 02171488-current
ORT-2431a0fa63;Heutiger Standort;Philadelphia PA, Free Library of Philadelphia, Copinger-Widener Collection;US;;4;4;Epistole (XXXI);Bologna : Johannes Jacobus de Fontanesis, Regiensis, 18 Apr. 1492;Philadelphia PA, Free Library of Philadelphia, Copinger-Widener Collection — in progress - awaiting verification;;https://data.cerl.org/mei/02171433;https://data.cerl.org/mei/02171442;https://data.cerl.org/mei/02171205;;;02171433-current | 02171442-current | 02171205-current | 02171277-current
ORT-a201018b6e;Heutiger Standort;Philadelphia PA, Library Company of Philadelphia;US;;1;1;Imitatio Christi;Venice : Peter Löslein, 1483;Philadelphia PA, Library Company of Philadelphia — in progress - awaiting verification;;https://data.cerl.org/mei/02170770;;;;;02170770-current
ORT-9fd4736cbe;Heutiger Standort;Philadelphia PA, Rosenbach Museum & Library;US;;4;4;Agenda brevis et perutilis;Venice : Johannes Hamman, for Johann Volkarth, 1 Oct. 1495;Philadelphia PA, Rosenbach Museum & Library — in progress - awaiting verification;;https://data.cerl.org/mei/02171404;https://data.cerl.org/mei/02171448;https://data.cerl.org/mei/02147069;;;02171404-current | 02171448-current | 02147069-current | 02171231-current
ORT-4c403c4412;Heutiger Standort;Philadelphia PA, University of Pennsylvania, Katz Center for Advanced Judaic Studies, Library;US;;1;1;Mahazor;Soncino and Casal Maggiore : Sons of Israel Nathan Soncino, between 10 Sept. and 9 Oct. 1485 and 21 and 29 Aug. 1486;Philadelphia PA, University of Pennsylvania, Katz Center for Advanced Judaic Studies, Library — in progress - awaiting verification;;https://data.cerl.org/mei/02171232;;;;;02171232-current
ORT-3c2df3d811;Heutiger Standort;Philadelphia PA, University of Pennsylvania, Kislak Center for Special Collections, Rare Books and Manuscripts;US;;6;6;Meditationes vitae Christi [Italian]. Le deuote meditatione sopra la passione del nostro signore (with text ending: ritorno al sanctissimo corpo nel sepulchro);[Venice : Bernardinus Rizus, Novariensis, about 1485];Philadelphia PA, University of Pennsylvania, Kislak Center for Special Collections, Rare Books and Manuscripts — in progress - awaiting verification;;https://data.cerl.org/mei/02171424;https://data.cerl.org/mei/02171432;https://data.cerl.org/mei/02171121;;;02171424-current | 02171432-current | 02171121-current | 02171122-current | 02171441-current | 02170986-current
ORT-f7bcb8daf4;Heutiger Standort;Pittsburgh PA, Carnegie Library ;US;;1;1;Pungi lingua;Florence : [Bartolommeo di Libri], 10 June 1494;Pittsburgh PA, Carnegie Library  — in progress - awaiting verification;;https://data.cerl.org/mei/02171547;;;;;02171547-current
ORT-59fe8d8d5b;Heutiger Standort;Pittsburgh PA, Carnegie Mellon University, Hunt Library;US;;1;1;Meditationes vitae Christi [Italian]. Le deuote meditatione sopra la passione del nostro signore (with text ending: scripto di me nele prophetie e psalmi);Venice : Matteo Capcasa (di Codeca), 27 Feb. 1489/90;Pittsburgh PA, Carnegie Mellon University, Hunt Library — in progress - awaiting verification;;https://data.cerl.org/mei/02171546;;;;;02171546-current
ORT-52b37d3b3a;Heutiger Standort;Poughkeepsie NY, Vassar College, Catherine Pelton Durrell ’25 Archives and Special Collections Library ;US;;2;2;Imitatio Christi [Italian]. Add: Epistola di Ioanni Neapolitano a Silvia, nella quale exhorta quella a la religione;Venice : Matteo Capcasa (di Codeca), for Lucantonio fiorentino, 26 Nov. 1489;Poughkeepsie NY, Vassar College, Catherine Pelton Durrell ’25 Archives and Special Collections Library  — in progress - awaiting verification;;https://data.cerl.org/mei/02171586;https://data.cerl.org/mei/02171585;;;;02171586-current | 02171585-current
ORT-ef28411c64;Heutiger Standort;Providence RI, Brown University, John Hay Library;US;;3;3;[Epistole (CCCLXVIII). Italian :] Orazioni scelte. Ed: Bartolomeo da Alzano;Venice : Aldus Manutius, Romanus, '15' [i.e., not before 19] Sept. 1500;Providence RI, Brown University, John Hay Library — in progress - awaiting verification;;https://data.cerl.org/mei/02171818;https://data.cerl.org/mei/02171820;https://data.cerl.org/mei/02171821;;;02171818-current | 02171820-current | 02171821-current
ORT-9a20c181ee;Heutiger Standort;Providence RI, Brown University, John Hay Library, Annmary Brown Memorial Collection;US;;5;5;Confessionale: Curam illius habe [Italian] Medicina dell' anima. Add: Trattato dell' excommunicazione. Thomas Aquinas: Orazione laquale diceva quando andava a celebrare. Orazione che se fa dopo la comunione. Li dieci comandamenti volgare fatti in rima. Credo volgare fatto in rima;Bologna : [Balthasar Azoguidus], 1472;Providence RI, Brown University, John Hay Library, Annmary Brown Memorial Collection — in progress - awaiting verification;;https://data.cerl.org/mei/02171946;https://data.cerl.org/mei/02171803;https://data.cerl.org/mei/02171810;;;02171946-current | 02171803-current | 02171810-current | 02171957-current | 02171877-current
ORT-a36436cb3f;Heutiger Standort;Providence RI, Providence College, Phillips Memorial Library;US;;2;2;Breviarium Fratrum Praedicatorum;Venice : Nicolaus de Frankfordia, 1483;Providence RI, Providence College, Phillips Memorial Library — in progress - awaiting verification;;https://data.cerl.org/mei/02171950;https://data.cerl.org/mei/02171715;;;;02171950-current | 02171715-current
ORT-7f64071b8a;Heutiger Standort;Queens NY, St. John's University, St. John’s University Archives;US;;1;1;Imitatio Christi;Brescia : Jacobus Britannicus, 6 June 1485;Queens NY, St. John's University, St. John’s University Archives — in progress - awaiting verification;;https://data.cerl.org/mei/02172211;;;;;02172211-current
ORT-760af2b46c;Heutiger Standort;Quincy IL, Quincy University, Brenner Library;US;;1;1;Breviarium Romanum. Ed: Petrus Arrivabenus;Venice : Johannes Emericus de Spira, for Lucantonio Giunta, 10 Mar. 1500;Quincy IL, Quincy University, Brenner Library — in progress - awaiting verification;;https://data.cerl.org/mei/02172222;;;;;02172222-current
ORT-ef8d01dc7d;Heutiger Standort;Rev. D.D. Wagner, Baltimore OH;US;;1;1;Imitatio Christi. Add: Johannes Gerson: De meditatione cordis;Venice : Bernardinus Benalius, 1488;Rev. D.D. Wagner, Baltimore OH — in progress - awaiting verification;;https://data.cerl.org/mei/02164196;;;;;02164196-current
ORT-8416dceff3;Heutiger Standort;Roanoke VA, Hollins University, Wyndham Robertson Library;US;;1;1;Pontificale Romanum. Ed: Jacobus de Lutiis and Johannes Burchardus;Rome : Stephan Plannck, 16 Aug. 1497;Roanoke VA, Hollins University, Wyndham Robertson Library — in progress - awaiting verification;;https://data.cerl.org/mei/02172260;;;;;02172260-current
ORT-926a6162fa;Heutiger Standort;Robin Satinsky, Sahuarita AZ;US;;1;1;Liber Cathecumeni [Rituale Romanum];Venice : Johannes Emericus, de Spira, for Lucantonio Giunta, 30 Apr. 1495;Robin Satinsky, Sahuarita AZ — in progress - awaiting verification;;https://data.cerl.org/mei/02172388;;;;;02172388-current
ORT-6662b51fe1;Heutiger Standort;Rochester NY, University of Rochester, Sibley Music Library;US;;1;1;Processionarium Ordinis Fratrum Praedicatorum;Venice : Johannes Emericus, de Spira, for Lucantonio Giunta, 9 Oct. 1494;Rochester NY, University of Rochester, Sibley Music Library — in progress - awaiting verification;;https://data.cerl.org/mei/02172355;;;;;02172355-current
ORT-b051cef7fb;Heutiger Standort;Roma Antonianum;IT;;8;8;De singulari puritate et praerogativa conceptione salvatoris nostri Jesu Christi. With additions by Antonius Faventinus and M.L. Add: Bandellus: Epistola narrativa disputationis factae de conceptione B.V. Mariae. Bernardus Claravallensis: Epistola de festo conceptionis B. Virginis Mariae non celebrando;Bologna : Ugo Rugerius, 12 Feb. 1481;Roma Antonianum — INC. 73;;https://data.cerl.org/mei/02013521;https://data.cerl.org/mei/02012559;https://data.cerl.org/mei/02012880;;;02013521-current | 02012559-current | 02012880-current | 02012309-current | 02011914-current | 00200220-current | 02011996-current | 02012772-current
ORT-99d0a06350;Heutiger Standort;Rowfant Club;US;;1;1;"Legendarium; Flores ex opusculis S. Bernardi. Add: S. Basilius, Exhortatio ad monachos";Milan : Jacobus de Sancto Nazario, de Ripa, 16 Apr. 1494;Rowfant Club — in progress - awaiting verification;;https://data.cerl.org/mei/02167325;;;;;02167325-current
ORT-02bc5d3049;Heutiger Standort;Salt Lake City UT, University of Utah, J. Willard Marriott Library;US;;1;1;Imitatio Christi. Add: Johannes Gerson: De meditatione cordis;[Venice] : Peregrinus de Pasqualibus, Bononiensis and Dionysius Bertochus, 1485;Salt Lake City UT, University of Utah, J. Willard Marriott Library — in progress - awaiting verification;;https://data.cerl.org/mei/02172396;;;;;02172396-current
ORT-c9e8e350c5;Heutiger Standort;San Francisco CA, California State Library, Sutro Library;US;;1;1;Imitatio Christi. Add: Johannes Gerson: De meditatione cordis;Venice : Bernardinus Benalius, 1486;San Francisco CA, California State Library, Sutro Library — in progress - awaiting verification;;https://data.cerl.org/mei/02172470;;;;;02172470-current
ORT-0bee93f116;Heutiger Standort;San Francisco Public Library;US;;2;2;[Epistole (CCCLXVIII). Italian :] Orazioni scelte. Ed: Bartolomeo da Alzano;Venice : Aldus Manutius, Romanus, '15' [i.e., not before 19] Sept. 1500;San Francisco Public Library — in progress - awaiting verification;;https://data.cerl.org/mei/02172507;https://data.cerl.org/mei/02177614;;;;02172507-current | 02177614-current
ORT-7a7fb765ec;Heutiger Standort;San Juan PR, La Casa del Libro;US;;1;1;Specchio di croce;Venice : Christophorus de Pensis, de Mandello, 11 Jan. 1497;San Juan PR, La Casa del Libro — in progress - awaiting verification;;https://data.cerl.org/mei/02172607;;;;;02172607-current
ORT-ea434f8c2a;Heutiger Standort;Santa Barbara CA, Franciscan Friars;US;;1;1;Imitatio Christi [Italian]. Add: Epistola di Ioanni Neapolitano a Silvia, nella quale exhorta quella a la religione;Venice : Johannes Rubeus Vercellensis, 22 Mar. 1488;Santa Barbara CA, Franciscan Friars — in progress - awaiting verification;;https://data.cerl.org/mei/02172654;;;;;02172654-current
ORT-b9af2e29d7;Heutiger Standort;St Charles Borromeo Seminary Library;US;;2;2;Imitatio Christi;Venice : Peter Löslein, 1483;St Charles Borromeo Seminary Library — in progress - awaiting verification;;https://data.cerl.org/mei/02162929;https://data.cerl.org/mei/02162939;;;;02162929-current | 02162939-current
ORT-d041780fd8;Heutiger Standort;St Francis College;US;;1;1;Libro della divina dottrina [Latin] Liber divinae doctrinae (Tr: Raimundus de Vineis). Add: Orationes selectae. Ed: Marcus Civilis Brixianus;Brescia : Bernardinus de Misintis, 15 Apr. 1496;St Francis College — in progress - awaiting verification;;https://data.cerl.org/mei/02165879;;;;;02165879-current
ORT-3de7891370;Heutiger Standort;St John's Univ. Library, Hill Museum & Manuscript Library;US;;2;2;Missale Romanum;Venice : Andreas de Paltasichis, 11 Feb. 1485;St John's Univ. Library, Hill Museum & Manuscript Library — in progress - awaiting verification;;https://data.cerl.org/mei/02167415;https://data.cerl.org/mei/02167400;;;;02167415-current | 02167400-current
ORT-12660595cd;Heutiger Standort;St Meinrad Archabbey, Library;US;;1;1;Imitatio Christi. Add: Johannes Gerson: De meditatione cordis;Milan : Leonardus Pachel, July 1488;St Meinrad Archabbey, Library — in progress - awaiting verification;;https://data.cerl.org/mei/02172719;;;;;02172719-current
ORT-15b42bf824;Heutiger Standort;St. Bonaventure NY, St. Bonaventure University, Franciscan Institute, Holy Name Library;US;;4;4;Meditationes vitae Christi [Italian]. Le deuote meditatione sopra la passione del nostro signore (With text ending: ritorno al sanctissimo corpo nel sepulchro);Bologna : Henricus de Harlem, 1485;St. Bonaventure NY, St. Bonaventure University, Franciscan Institute, Holy Name Library — in progress - awaiting verification;;https://data.cerl.org/mei/02172875;https://data.cerl.org/mei/02172754;https://data.cerl.org/mei/02172808;;;02172875-current | 02172754-current | 02172808-current | 02172881-current
ORT-fdfba51fa6;Heutiger Standort;St. Louis MO, Concordia Seminary, Kristine Kay Hasse Memorial Library;US;;3;3;Rationale caeremoniarum missae Ambrosianae;[Milan] : Ambrosius de Caponago, for Alexander Minutianus, 18 June 1499;St. Louis MO, Concordia Seminary, Kristine Kay Hasse Memorial Library — in progress - awaiting verification;;https://data.cerl.org/mei/02172934;https://data.cerl.org/mei/02172895;https://data.cerl.org/mei/02172944;;;02172934-current | 02172895-current | 02172944-current
ORT-f784a0b0e7;Heutiger Standort;St. Paul MN, St. Catherine University, University Library;US;;1;1;[Epistole (CCCLXVIII). Italian :] Orazioni scelte. Ed: Bartolomeo da Alzano;Venice : Aldus Manutius, Romanus, '15' [i.e., not before 19] Sept. 1500;St. Paul MN, St. Catherine University, University Library — in progress - awaiting verification;;https://data.cerl.org/mei/02172950;;;;;02172950-current
ORT-423e0be2e8;Heutiger Standort;Stanford CA, Stanford University, Green Library;US;;3;3;[Epistole (CCCLXVIII). Italian :] Orazioni scelte. Ed: Bartolomeo da Alzano;Venice : Aldus Manutius, Romanus, '15' [i.e., not before 19] Sept. 1500;Stanford CA, Stanford University, Green Library — in progress - awaiting verification;;https://data.cerl.org/mei/02173058;https://data.cerl.org/mei/02173080;https://data.cerl.org/mei/02178312;;;02173058-current | 02173080-current | 02178312-current
ORT-41f207c149;Heutiger Standort;Tartu University Library;ER;;3;3;Meditationes vitae Christi;[Strassburg : Johann (Reinhard) Grüninger, about 1496];Tartu University Library — Ink 18;;https://data.cerl.org/mei/02152310;https://data.cerl.org/mei/02149003;https://data.cerl.org/mei/02149004;;;02152310-current | 02149003-current | 02149004-current
ORT-6188029d24;Heutiger Standort;Tokyo, Keio University Library;JP;;3;3;Resolutorium dubiorum circa celebrationem missarum occurrentium;[Paris : Pierre Poulhac] for Denis Roce, [about 1495];Tokyo, Keio University Library — 160X@49@1;;https://data.cerl.org/mei/02145107;https://data.cerl.org/mei/02145113;https://data.cerl.org/mei/02145100;;;02145107-current | 02145113-current | 02145100-current
ORT-9720ad7a23;Heutiger Standort;Trappist KY, Abbey of Gethsemani ;US;;1;1;Imitatio Christi;Brescia : Jacobus Britannicus, 6 June 1485;Trappist KY, Abbey of Gethsemani  — in progress - awaiting verification;;https://data.cerl.org/mei/02173139;;;;;02173139-current
ORT-08a968d243;Heutiger Standort;Turku, Turun yliopiston kirjasto, Feeniks-kirjasto;FI;;1;1;Expositio officii missae sacrique canonis;[Strassburg : Printer of Henricus Ariminensis (Georg Reyser?), about 1473-75];Turku, Turun yliopiston kirjasto, Feeniks-kirjasto — Ai.III.25;;https://data.cerl.org/mei/02152206;;;;;02152206-current
ORT-d68e682980;Heutiger Standort;Tuscaloosa AL, University of Alabama, University Libraries;US;;1;1;Missale Romanum;Venice : Bernardinus Benalius, Georgius Arrivabenus, and Paganinus de Paganinis, 1483;Tuscaloosa AL, University of Alabama, University Libraries — in progress - awaiting verification;;https://data.cerl.org/mei/02173172;;;;;02173172-current
ORT-3e11c0bb2f;Heutiger Standort;U.S. Air Force Academy Library;US;;1;1;Translatio miraculosa ecclesiae B.V.M. de Loreto;[Rome : Eucharius Silber, after 1500];U.S. Air Force Academy Library — in progress - awaiting verification;;https://data.cerl.org/mei/02162746;;;;;02162746-current
ORT-30f04e28e1;Heutiger Standort;Urbana-Champaign IL, University of Illinois, University Library;US;;15;15;De singulari puritate et praerogativa conceptione salvatoris nostri Jesu Christi. With additions by Antonius Faventinus and M.L. Add: Bandellus: Epistola narrativa disputationis factae de conceptione B.V. Mariae. Bernardus Claravallensis: Epistola de festo conceptionis B. Virginis Mariae non celebrando;Bologna : Ugo Rugerius, 12 Feb. 1481;Urbana-Champaign IL, University of Illinois, University Library — in progress - awaiting verification;;https://data.cerl.org/mei/02173249;https://data.cerl.org/mei/02173556;https://data.cerl.org/mei/02173708;;;02173249-current | 02173556-current | 02173708-current | 02173568-current | 02173711-current | 02173303-current | 02173350-current | 02173605-current | 02173606-current | 02173728-current | 02173607-current | 02173612-current | 02173396-current | 02173439-current | 02173755-current
ORT-afd8862885;Heutiger Standort;Vaduz, Sylvia Ioannou Foundation;LI;;2;2;[Peregrinatio in terram sanctam. German :] Die heyligen reyssen gen Jherusalem;Augsburg : Anton Sorg, 22 Apr. 1488;Vaduz, Sylvia Ioannou Foundation — B 2156;;https://data.cerl.org/mei/00201455;https://data.cerl.org/mei/00201454;;;;00201455-current | 00201454-current
ORT-99e89cfff9;Heutiger Standort;Villanova PA, Villanova University, Falvey Library;US;;1;1;Meditationes vitae Christi [Italian]. Le deuote meditatione sopra la passione del nostro signore (with text ending: scripto di me nele prophetie e psalmi);Florence : Antonio di Bartolommeo Miscomini, [about 1493];Villanova PA, Villanova University, Falvey Library — in progress - awaiting verification;;https://data.cerl.org/mei/02173794;;;;;02173794-current
ORT-eb2083a9c2;Heutiger Standort;Västerås Stadsbibliotek, Stiftsbiblioteket ;SW;;2;2;Revelationes. With foreword by Johannes de Turrecremata and Matthias de Suecia. Add: Vita abbreviata S. Birgittae. Hymnus ad Beatam Birgittam;[Lübeck] : Bartholomaeus Ghotan [for Vadstena Monastery, before 25 Nov.] 1492;Västerås Stadsbibliotek, Stiftsbiblioteket  — Inkunabel 33;;https://data.cerl.org/mei/02152637;https://data.cerl.org/mei/02152638;;;;02152637-current | 02152638-current
ORT-4232887aef;Heutiger Standort;William M. Ivins, Jr., Estate of, Woodbury CT;US;;2;2;Meditationes vitae Christi [Italian]. Le deuote meditatione sopra la passione del nostro signore (with text ending: scripto di me nele prophetie e psalmi);Venice : [n.pr.], 4 Apr. 1500;William M. Ivins, Jr., Estate of, Woodbury CT — in progress - awaiting verification;;https://data.cerl.org/mei/02174158;https://data.cerl.org/mei/02174153;;;;02174158-current | 02174153-current
ORT-dde3e70366;Heutiger Standort;Williamstown MA, Williams College, Chapin Library;US;;12;12;De divina praeordinatione vitae et mortis humanae;[Rome : Eucharius Silber, before 20 Aug. 1480];Williamstown MA, Williams College, Chapin Library — in progress - awaiting verification;;https://data.cerl.org/mei/02173984;https://data.cerl.org/mei/02173995;https://data.cerl.org/mei/02174125;;;02173984-current | 02173995-current | 02174125-current | 02174005-current | 02174127-current | 02174128-current | 02174043-current | 02174132-current | 02174133-current | 02174134-current | 02174063-current | 02173935-current
ORT-a719ce1377;Heutiger Standort;Winchester Cathedral Library;GB;;1;1;Missale Saresberiense (Salisbury), sive Missale secundum Sarum;Paris : Johannes Higman and Wolfgang Hopyl (for I.B. and G.H.), 22 June 1500;Winchester Cathedral Library — Cupboard 41;;https://data.cerl.org/mei/00200894;;;;;00200894-current
ORT-f52572c7aa;Druckort;Albi;FR;;3;3;Breviarium Romanum;[Albi : Johann Neumeister], 1482;Wien, Österreichische  Nationalbibliothek — Ink 5.D.2;;https://data.cerl.org/mei/02115253;https://data.cerl.org/mei/02127213;https://data.cerl.org/mei/02127062;;;02115253-print | 02127213-print | 02127062-print
ORT-2e8b2db40f;Druckort;Aquila;IT;;3;3;Settenario. Magnificat;Aquila : [Adam de Rottweil], 1482;Milano, Archivio Storico Civico e Biblioteca Trivulziana — Triv. Inc. D 124;;https://data.cerl.org/mei/02006640;https://data.cerl.org/mei/02157467;https://data.cerl.org/mei/02172379;;;02006640-print | 02157467-print | 02172379-print
ORT-eca6d08d24;Druckort;Barco;IT;;2;2;Selihoth;Barco : Gershom Soncino, 15 Sept. 1496;Parma, Biblioteca Palatina — St. De Rossi 1182;;https://data.cerl.org/mei/02125517;https://data.cerl.org/mei/02124719;;;;02125517-print | 02124719-print
ORT-876ccc5703;Druckort;Besançon;FR;;1;1;Ordinarius Bisuntinensis (Besançon);[Besançon : Petrus Metlinger, about 1487-88];Oxford, Bodleian Library — Inc. e. F19.1.;;https://data.cerl.org/mei/00209844;;;;;00209844-print
ORT-f5654643a2;Druckort;Brünn;CZ;;1;1;Missale Strigoniense (Esztergom);Brünn : Conrad Stahel and Mathias Preunlein, 21 Nov. 1491;Wien, Österreichische  Nationalbibliothek — Ink 19.A.13;;https://data.cerl.org/mei/02116078;;;;;02116078-print
ORT-0cc7e8bbd8;Druckort;Burgdorf;DE;;3;3;Legenda Sancti Wolfgangi;Burgdorf : [Printer of Jacobus de Clusa (H 9349*)], 1475;Zürich, Zentralbibliothek — Ink K 212;;https://data.cerl.org/mei/02139927;https://data.cerl.org/mei/00207189;https://data.cerl.org/mei/02177641;;;02139927-print | 00207189-print | 02177641-print
ORT-b2f12efedf;Druckort;Cagli;IT;;1;1;La confessione;[Cagli : Robertus de Fano and Bernardinus de Bergamo, about 1475];Roma, Biblioteca Nazionale Centrale Vittorio Emanuele II — 70.6.F.28;;https://data.cerl.org/mei/02016988;;;;;02016988-print
ORT-2e884f0abd;Druckort;Casale Monferrato;IT;;1;1;Modo utile e necessario di confessarsi;Casale Monferrato : Guilielmus de Canepa, 22 Mar. 1482;Torino, Biblioteca Reale — I/7;;https://data.cerl.org/mei/02011399;;;;;02011399-print
ORT-b67a57b704;Druckort;Castano Primo;IT;;1;1;Psalterium Romanum cum hymnis et antiphonis;Castano Primo : Johannes Antonius de Cornate, 12 Jan. 1486;London, British Library — IA.35160;;https://data.cerl.org/mei/02010409;;;;;02010409-print
ORT-646c3fc97e;Druckort;Central Italy?;;;1;1;Missale Fratrum Minorum;[Central Italy? : n.pr., about 1472?];Chicago IL, The Newberry Library — Inc. 7428.5;;https://data.cerl.org/mei/02178826;;;;;02178826-print
ORT-5fe7db365c;Druckort;Cetinje;ME;;5;5;Psalterium [Church Slavonic] Psaltir s posledovaniem;Cetinje : Macarius, for Georg Crnojevic, 22 Sept. 1495;Historical Copy — Athos;;https://data.cerl.org/mei/00201163;https://data.cerl.org/mei/00201218;https://data.cerl.org/mei/00201219;;;00201163-print | 00201218-print | 00201219-print | 00201217-print | 02119349-print
ORT-45a023d107;Druckort;Chambéry;FR;;3;3;Breviarium Sedunense (Sitten [Sion], Switzerland). Commissioned by Walther Supersax, bishop of Sitten;[Chambéry : Printer of the Breviarium Sedunense, GW 5459 (Henricus Wirtzburg?), not before 1482]; Sion, Médiathèque Valais — BCV RCap 220;;https://data.cerl.org/mei/02153475;https://data.cerl.org/mei/02152503;https://data.cerl.org/mei/02145500;;;02153475-print | 02152503-print | 02145500-print
ORT-538c92aba6;Druckort;Châlons-en-Champagne;FR;;2;2;Diurnale Catalaunense (Châlons-sur-Marne);Châlons-en-Champagne : Arnould Bocquillom, 24 Sept. [1503?];Oxford, Bodleian Library — Auct. T inf. 3.15.;;https://data.cerl.org/mei/00211909;https://data.cerl.org/mei/00212062;;;;00211909-print | 00212062-print
ORT-fe8dc1ca71;Druckort;Cluny;FR;;1;1;Breviarium Cluniacense;[Cluny : Michael Wenssler], 1492;Milano, Biblioteca Nazionale Braidense — B.G. Inc. 60;;https://data.cerl.org/mei/02132422;;;;;02132422-print
ORT-5bd8ac5f1b;Druckort;Coria;ES;;1;1;Officium Visitationis beatae Mariae virginis;[Coria : Bartholomaeus de Lila, about 1489];Oxford, Bodleian Library — Inc. b. S97.1(5).;;https://data.cerl.org/mei/00213179;;;;;00213179-print
ORT-9474c3e5d4;Druckort;Culemborg;NL;;1;1;Boek van den Houte;Culemborg : Johann Veldener, 6 Mar. 1483;Den Haag, Koninklijke Bibliotheek - Nationale Bibliotheek van Nederland — KW 150 C 24;;https://data.cerl.org/mei/02101449;;;;;02101449-print
ORT-d41b37e788;Druckort;Esslingen;DE;;2;2;Expositio canonis missae;[Esslingen : Conrad Fyner, not after 1473];Wien, Österreichische  Nationalbibliothek — Ink 25.H.44;;https://data.cerl.org/mei/02117699;https://data.cerl.org/mei/02136003;;;;02117699-print | 02136003-print
ORT-e6afcd1446;Druckort;Freising;DE;;2;2;Missale Frisingense (Freising);[Freising] : Johann Sensenschmidt [and Heinrich Petzensteiner], 31 Aug. 1487;Cambridge, University Library — Inc.1.A.3.3[220];;https://data.cerl.org/mei/00561110;https://data.cerl.org/mei/02128334;;;;00561110-print | 02128334-print
ORT-2947503024;Druckort;Gaeta?;IT;;1;1;"La passione di Gesù Cristo: ""O increata maestà di Dio""";[Gaeta? : Andreas Freitag, about 1488];Milano, Archivio Storico Civico e Biblioteca Trivulziana — Triv. Inc. C 156;;https://data.cerl.org/mei/02005429;;;;;02005429-print
ORT-3aaa269e83;Druckort;Gent;BE;;1;1;Horae Beatae Virginis Mariae;[Ghent : Arend de Keysere, not before 1487];Cambridge, University Library — Inc.6.F.7.1[3466];;https://data.cerl.org/mei/00560455;;;;;00560455-print
ORT-1cbc30ddcc;Druckort;Guadalajara;ES;;3;3;Haggadah;[Guadalajara : Solomon Alkabiz, about 1480-82?];Jerusalem, National Library of Israel — Shocken 68;;https://data.cerl.org/mei/02122158;https://data.cerl.org/mei/02122371;https://data.cerl.org/mei/02122288;;;02122158-print | 02122371-print | 02122288-print
ORT-6a78dfc2f2;Druckort;Hagenau;FR;;11;11;Expositio hymnorum;Hagenau : [Heinrich Gran], 1493;Wien, Österreichische  Nationalbibliothek — Ink 7.H.98;;https://data.cerl.org/mei/02116553;https://data.cerl.org/mei/00570350;https://data.cerl.org/mei/00202507;;;02116553-print | 00570350-print | 00202507-print | 02117964-print | 02147288-print | 02014550-print | 02127598-print | 02115948-print | 02100976-print | 00210650-print | 02139310-print
ORT-d6daeb3edd;Druckort;Hasselt;NL;;1;1;Liden ende passie Ons Heren Jesu Christi [Dutch] Passio Christi;Hasselt : [Peregrinus Barmentlo], 1488;Den Haag, Koninklijke Bibliotheek - Nationale Bibliotheek van Nederland — KW 150 B 2;;https://data.cerl.org/mei/02101062;;;;;02101062-print
ORT-e2d87d488f;Druckort;Heidelberg;DE;;2;2;Etliche deutsche Hymni oder Lobgesänge mit versen;Heidelberg : Heinrich Knoblochtzer, 1494;Zürich, Zentralbibliothek — 3.143,3 ;;https://data.cerl.org/mei/00570309;https://data.cerl.org/mei/02118598;;;;00570309-print | 02118598-print
ORT-04792ba2f9;Druckort;Híjar?;ES;;1;1;Manuale Caesaraugustanum (Zaragoza);[Híjar? : Alfonso Fernández de Córdoba, about 1486];San Marino CA, Huntington Library — 91595;;https://data.cerl.org/mei/02154691;;;;;02154691-print
ORT-b49137f493;Druckort;Italy?;IT;;5;5;Breviarium Moguntinum (Mainz);[Italy? : Printer of the Breviarium Moguntinum, about 1480?];Cambridge, University Library — Inc.6.B.2.39[1322];;https://data.cerl.org/mei/00559439;https://data.cerl.org/mei/02128825;https://data.cerl.org/mei/02018263;;;00559439-print | 02128825-print | 02018263-print | 02145477-print | 02161265-print
ORT-28f30f1b4f;Druckort;Lausanne;CH;;4;4;Missale Lausannense (Lausanne);Lausanne : Jean Belot, 1 Dec. 1493;Solothurn, Zentralbibliothek  — ZBS Rar I 219;;https://data.cerl.org/mei/02134034;https://data.cerl.org/mei/02152426;https://data.cerl.org/mei/02150257;;;02134034-print | 02152426-print | 02150257-print | 02152424-print
ORT-e51767cd4e;Druckort;Lübeck?;DE;;1;1;Breviarium Lubucense (Lebus);[Lübeck? : Printer of the Breviarium Lubucense (GW 5376), not after 1490];Lugano, Biblioteca Cantonale — Inc. Col. 93 a;;https://data.cerl.org/mei/00201747;;;;;00201747-print
ORT-ed6fbdcd04;Druckort;Mainz;DE;;81;81;Peregrinatio in terram sanctam;Mainz : Erhard Reuwich, 11 Feb. 1486;Cambridge, University Library — Inc.2.A.1.7[34];;https://data.cerl.org/mei/00559456;https://data.cerl.org/mei/02005226;https://data.cerl.org/mei/02001398;;;00559456-print | 02005226-print | 02001398-print | 02017043-print | 02016487-print | 02012648-print | 02005231-print | 02005232-print | 02101236-print | 02145654-print | 00204175-print | 02146530-print | 02129930-print | 02138351-print | 02129237-print | 02010069-print | 02128333-print | 02101237-print | 00207911-print | 02123126-print | 00208152-print | 02125834-print | 02008538-print | 02115262-print | 02126463-print | 00203978-print | 00211103-print | 02148428-print | 02151092-print | 02003348-print | 02005268-print | 02107869-print | 02138354-print | 02101084-print | 00202898-print | 00559458-print | 02125853-print | 02138352-print | 02138353-print | 02151646-print | 02152676-print | 02145155-print | 02115264-print | 02101202-print | 02132650-print | 02129486-print | 02138355-print | 02122967-print | 02128332-print | 00559461-print | 02138356-print | 00559704-print | 02117950-print | 02116919-print | 00210513-print | 02014968-print | 02174206-print | 02139026-print | 00205682-print | 02005116-print | 02146608-print | 02146609-print | 00205686-print | 02146607-print | 00561639-print | 02014960-print | 02107902-print | 02122024-print | 02122025-print | 02137012-print | 00561661-print | 02139206-print | 00211402-print | 02122256-print | 02139205-print | 00562064-print | 02144002-print | 00205827-print | 02122964-print | 02176426-print | 02123463-print
ORT-376d019ea4;Druckort;Marienthal;DE;;5;5;Breviarium Moguntinum (Mainz);Marienthal : Fratres Vitae Communis, 12 Mar. 1474 [-76];Milano, Biblioteca Nazionale Braidense — B.G. Inc. 31-32;;https://data.cerl.org/mei/02132233;https://data.cerl.org/mei/02115245;https://data.cerl.org/mei/02132852;;;02132233-print | 02115245-print | 02132852-print | 02139094-print | 02123398-print
ORT-cfd1849eff;Druckort;Meissen;DE;;1;1;Breviarium Misnense (Meissen). Commissioned by Johann von Weissenbach, bishop of Meissen;Meissen : [Printer of the 'Breviarium Misnense' (i.e. Marcus Brandis)], 16 July 1483;Wien, Österreichische  Nationalbibliothek — Ink 10.C.10;;https://data.cerl.org/mei/02115244;;;;;02115244-print
ORT-0ba03cdc6d;Druckort;Merseburg;DE;;1;1;Psalterium;[Merseburg : Lucas Brandis, about 1473];Oxford, Bodleian Library — Auct. 1Q 7.74.;;https://data.cerl.org/mei/00204298;;;;;00204298-print
ORT-940a02c798;Druckort;Messina;IT;;3;3;Fiore di Terra Santa;Messina : Georg Ricker, 1 Dec. 1491;Milano, Biblioteca Nazionale Braidense — AN. IX. 86;;https://data.cerl.org/mei/02125635;https://data.cerl.org/mei/02125825;https://data.cerl.org/mei/02158841;;;02125635-print | 02125825-print | 02158841-print
ORT-5c33732ca7;Druckort;Metz;FR;;4;4;Imitatio Christi, Liber I: Admonitiones ad spiritualem vitam utiles;Metz : Johannes Colini and Gerhardus de Nova Civitate, 1482;Cambridge, University Library — Inc.5.A.30.1[1091];;https://data.cerl.org/mei/00560505;https://data.cerl.org/mei/00212334;https://data.cerl.org/mei/02002637;;;00560505-print | 00212334-print | 02002637-print | 02124923-print
ORT-66cd092dc3;Druckort;Mondovì;IT;;2;2;Psalterium;Mondovì : Laurentius de Vivaldis, Feb. 1480;Torino, Biblioteca Reale — I/28;;https://data.cerl.org/mei/02011392;https://data.cerl.org/mei/02011393;;;;02011392-print | 02011393-print
ORT-cab4116380;Druckort;Montserrat;ES;;3;3;Breviarium Benedictinum (Congregationis S. Benedicti Vallisoletani);Montserrat : Johann Luschner, 18 Apr. 1500;Cambridge, University Library — Inc.5.H.24.1[3479];;https://data.cerl.org/mei/00559426;https://data.cerl.org/mei/02145931;https://data.cerl.org/mei/00561618;;;00559426-print | 02145931-print | 00561618-print
ORT-8a664d88a5;Druckort;Moûtiers;FR;;1;1;Breviarium Tarentasiense (Moûtiers-en-Tarentaise, Savoy). Commissioned by Jean de Compeys, Archbishop of Moûtiers;Moûtiers : Johannes Waltheri, 18 Mar. 1486;Bourg-St-Pierre, Archives et Bibliothèque de l'Hospice du Grand-Saint-Bernard — AGSB INC 19;;https://data.cerl.org/mei/02152551;;;;;02152551-print
ORT-80be215853;Druckort;Murcia;ES;;2;2;"Oracional de Fernán Peréz. Contemplación sobre el Salmo ""Juzgadme Dios"". Glosa sobre un prefacio de S. Juan Crisóstomo. Add: Fernán Pérez de Guzmán: Coplas sobre la muerte de Alonso de Cartagena";Murcia : Gabriel Luis de Arinyo and Lope de la Roca, 26 Mar. 1487;Madrid, Real Biblioteca — I/136 (2);;https://data.cerl.org/mei/02002962;https://data.cerl.org/mei/00213177;;;;02002962-print | 00213177-print
ORT-f30988f723;Druckort;Nonantola;IT;;2;2;Breviarium Romanum (Franciscan usage);Nonantola : Giorgio and Antonio di Bartolommeo Miscomini, May 1480;Padova, Biblioteca del Seminario Vescovile — Forc. M.4.22;;https://data.cerl.org/mei/02008073;https://data.cerl.org/mei/00201921;;;;02008073-print | 00201921-print
ORT-c140ac5f36;Druckort;Perugia;IT;;3;3;Itinerario in Terra Santa. With additions by Publius Gregorius Tifernas. Ed: Paolo Boncambio;[Perugia : Petrus Petri de Colonia, about 1475];Venezia, Biblioteca Nazionale Marciana — Inc. 1206;;https://data.cerl.org/mei/02016771;https://data.cerl.org/mei/02134984;https://data.cerl.org/mei/02120621;;;02016771-print | 02134984-print | 02120621-print
ORT-5e68ae903b;Druckort;Piove di Sacco;;;2;2;Selihoth;[Piove di Sacco : Meshullam Cuzi, about 1475];Paris, Bibliothèque nationale de France — Rés. A. 16989 ;;https://data.cerl.org/mei/02132930;https://data.cerl.org/mei/02121698;;;;02132930-print | 02121698-print
ORT-04b8255fc6;Druckort;Poitiers;FR;;2;2;Cordiale quattuor novissimorum;[Poitiers : Jean Bouyer, about 1490];Den Haag, Huis van het Boek  — 003 F 052: 02 (alleen katern b-e).;;https://data.cerl.org/mei/02138476;https://data.cerl.org/mei/02135107;;;;02138476-print | 02135107-print
ORT-35b6905d77;Druckort;Reutlingen;DE;;31;31;Breviarium Constantiense (Constance);Reutlingen : Johann Otmar, 1482;Solothurn, Zentralbibliothek  — ZBS Rar 164;;https://data.cerl.org/mei/02133580;https://data.cerl.org/mei/02128644;https://data.cerl.org/mei/02135750;;;02133580-print | 02128644-print | 02135750-print | 02135751-print | 02140807-print | 00210380-print | 02120701-print | 02136310-print | 02136311-print | 02010504-print | 02133535-print | 02138711-print | 02136009-print | 02136010-print | 02010505-print | 02012510-print | 02141292-print | 02136011-print | 02176373-print | 02132472-print | 02135243-print | 02119399-print | 02140460-print | 02149654-print | 02177639-print | 00570425-print | 02140808-print | 00561985-print | 00202509-print | 02137203-print | 02146227-print
ORT-bda07ea1b9;Druckort;Reutlingen?;DE;;1;1;Die zehn Gebote;[Reutlingen? : Johann Otmar?, 1492-95?];Roma, Biblioteca Nazionale Centrale Vittorio Emanuele II — RB 460;;https://data.cerl.org/mei/02018189;;;;;02018189-print
ORT-d81044dbab;Druckort;Rostock;DE;;1;1;Missale Sverinense (Schwerin);[Rostock : Fratres Domus Horti Viridis ad S. Michaelem, about 1500];Warszawa, Biblioteka Uniwersytecka — Sd.52.97;;https://data.cerl.org/mei/02147416;;;;;02147416-print
ORT-f674c8b205;Druckort;Rouen or Paris;FR;;1;1;Le Mystère de l'Incarnation et Nativité de Nostre Saulveur et redempteur Jesus Christ;[Rouen or Paris : Baptiste Bourguet, about 1495-96];Wien, Österreichische  Nationalbibliothek — Ink 2.E.25;;https://data.cerl.org/mei/02118190;;;;;02118190-print
ORT-69a17f4d02;Druckort;Sant'Orso;;;3;3;Mirabilia Romae;[Sant'Orso : Johannes de Reno, about 1475];Roma, Biblioteca Nazionale Centrale Vittorio Emanuele II — 18.4.A.32;;https://data.cerl.org/mei/02018190;https://data.cerl.org/mei/02019680;https://data.cerl.org/mei/02159628;;;02018190-print | 02019680-print | 02159628-print
ORT-2ee7f1b653;Druckort;Schleswig;DE;;1;1;Missale Slesvicense (Schleswig);Schleswig : Stephanus Arndes, 1486;Cambridge, University Library — Inc.2.A.36.1[1096];;https://data.cerl.org/mei/00561131;;;;;00561131-print
ORT-d4888d1448;Druckort;Soncino;IT;;7;7;Haggadah;[Soncino : Sons of Israel Nathan Soncino, about 1485-86];London, British Library — C.50.a.24;;https://data.cerl.org/mei/02123790;https://data.cerl.org/mei/02122116;https://data.cerl.org/mei/02123348;;;02123790-print | 02122116-print | 02123348-print | 02167070-print | 02123626-print | 02124818-print | 02123791-print
ORT-1de57b29a0;Druckort;Soncino and Casal Maggiore;IT;;20;20;Mahazor;Soncino and Casal Maggiore : Sons of Israel Nathan Soncino, between 10 Sept. and 9 Oct. 1485 and 21 and 29 Aug. 1486;Paris, Bibliothèque nationale de France — Rés. Vélins 907;;https://data.cerl.org/mei/02132906;https://data.cerl.org/mei/02132902;https://data.cerl.org/mei/02124184;;;02132906-print | 02132902-print | 02124184-print | 02122143-print | 02123792-print | 02135033-print | 02125292-print | 02122600-print | 02123793-print | 02123154-print | 02123794-print | 02124990-print | 02148374-print | 02148633-print | 02155508-print | 02157654-print | 02171232-print | 02171231-print | 02167029-print | 02161021-print
ORT-967f312f69;Druckort;Southern Germany (Constance?);DE;;5;5;Breviarium Constantiense (Constance);[Southern Germany (Constance?) : Printer of Remigius (Heinrich Jan?), about 1475 (not after 17 Aug. 1476)];London, British Library — IB.38308;;https://data.cerl.org/mei/02015301;https://data.cerl.org/mei/02115234;https://data.cerl.org/mei/02133362;;;02015301-print | 02115234-print | 02133362-print | 02130125-print | 02136093-print
ORT-1ef04355d6;Druckort;Southern Italy;;;1;1;Litanie della gloriosa Vergine Maria;[Southern Italy : n.pr., after 1500];Bergamo, Biblioteca Civica Angelo Mai — Inc. 5.053;;https://data.cerl.org/mei/02008687;;;;;02008687-print
ORT-22b0a5ff68;Druckort;St. Maartensdijk;NL;;1;1;Seelentrost [Dutch] Der zyelen Troeste;St. Maartensdijk : Pieter Werrecoren, Nov. 1478;Den Haag, Koninklijke Bibliotheek - Nationale Bibliotheek van Nederland — KW 150 C 61;;https://data.cerl.org/mei/02101837;;;;;02101837-print
ORT-31e4bf9b8d;Druckort;Strassburg?;FR;;3;3;Psalterium latinum cum hymnis;[Strassburg? : n.pr., about 1500?];Wien, Österreichische  Nationalbibliothek — Cod. 3812  (Ink);;https://data.cerl.org/mei/02118433;https://data.cerl.org/mei/02118431;https://data.cerl.org/mei/02118432;;;02118433-print | 02118431-print | 02118432-print
ORT-ce7a3f780f;Druckort;Toledo;ES;;5;5;Imitatio Christi [Spanish] Libro de remedar á Christo;Toledo : Peter Hagembach, 31 May 1500;Wien, Österreichische  Nationalbibliothek — Ink 25.H.97;;https://data.cerl.org/mei/02108039;https://data.cerl.org/mei/02119808;https://data.cerl.org/mei/02177973;;;02108039-print | 02119808-print | 02177973-print | 02178025-print | 02178031-print
ORT-60f6cf0b2a;Druckort;Turin;;;1;1;Horae. Officium BMV secundum usum Romanum [Latin];Turin : Nicolaus de Benedictis and Jacobinus Suigus, [about 1500?];Venezia, Biblioteca del Seminario Patriarcale — Inc. 81;;https://data.cerl.org/mei/00201994;;;;;00201994-print
ORT-e96695a985;Druckort;Urach;DE;;1;1;Missa contra pestilentiam;[Urach : Conrad Fyner, about 1480];Tübingen, Universitätsbibliothek — 1 in: Mk 89;;https://data.cerl.org/mei/02135238;;;;;02135238-print
ORT-c3e30017e6;Druckort;Venice;;;4;4;Breviarium Cartusianum. Ed: Conventus Cartusianorum de Padua;Venice : Andreas Torresanus, de Asula, 5 May [1491];Milano, Biblioteca Nazionale Braidense — AI. IX. 64;;https://data.cerl.org/mei/02015654;https://data.cerl.org/mei/02132466;https://data.cerl.org/mei/02154051;;;02015654-print | 02132466-print | 02154051-print | 02159635-print
ORT-a437489aca;Druckort;Venice or Milan?;IT;;1;1;Breviarium Romanum;[Venice or Milan? : n.pr., about 1490];Boston MA, Public Library — in progress - awaiting verification;;https://data.cerl.org/mei/02165826;;;;;02165826-print
ORT-cc34a24b07;Druckort;Venice?;IT;;8;8;Breviarium Caesaraugustanum (Zaragoza);[Venice? : n.pr.], 18 Oct. 1479;Madrid, Real Biblioteca — I/209;;https://data.cerl.org/mei/02001397;https://data.cerl.org/mei/02152649;https://data.cerl.org/mei/02144480;;;02001397-print | 02152649-print | 02144480-print | 02010400-print | 02123144-print | 02159012-print | 02118557-print | 02161268-print
ORT-47f756b440;Druckort;Vicenza?;IT;;1;1;"Psalmi poenitentiales [Italian verse]. Text begins: ""Signor non mi reprendere con furore / Ne con tua ira""";[Vicenza? : Johannes de Reno?], 1477;Roma, Biblioteca Nazionale Centrale Vittorio Emanuele II — 70.1.F.14;;https://data.cerl.org/mei/02018391;;;;;02018391-print
ORT-031f3ff802;Druckort;Vienna;AT;;2;2;Psalterium Pataviense (Passau), cum canticis et hymnis et Commune sanctorum;[Vienna : Johann Winterburg, about 1497];"Wien, Österreichische  Nationalbibliothek — Wien, ÖNB (2: Ink 1.C.21; Ink 25.B.18: f.9 variant ""Patavien."" like BSB-Ink P-8";;https://data.cerl.org/mei/02116504;https://data.cerl.org/mei/02116208;;;;02116504-print | 02116208-print
ORT-b57051d472;Druckort;Zaragoza;ES;;9;9;Breviarium Romanum (Augustinian usage);Zaragoza : Georgius Coci, Leonardus Hutz and Lupus Appentegger, 7 Sept. 1499;Oxford, Bodleian Library — Inc. e. S2.1499.1.;;https://data.cerl.org/mei/00205202;https://data.cerl.org/mei/02001643;https://data.cerl.org/mei/02115268;;;00205202-print | 02001643-print | 02115268-print | 02001812-print | 02149852-print | 02002154-print | 02149832-print | 02149897-print | 02149839-print
ORT-26377dbd3a;Provenienzstation;(ohne Ortsangabe);;;58;58;Vita Adae et Evae (De creatione Adae et formatione Evae);[Rome : Stephan Plannck, about 1481-87];San Marino CA, Huntington Library — 99928;Vollbehr, Otto Heinrich Friedrich | e-gx;https://data.cerl.org/mei/02156389;https://data.cerl.org/mei/02156399;https://data.cerl.org/mei/02156491;;;02156389-p001-loc01 | 02156399-p001-loc01 | 02156491-p001-loc01 | 02156525-p001-loc01 | 02156789-p001-loc01 | 02156790-p001-loc01 | 02156792-p001-loc01 | 02156793-p001-loc01 | 02156794-p001-loc01 | 02156822-p001-loc01 | 02156943-p001-loc01 | 02156944-p001-loc01 | 02156946-p001-loc01 | 02156947-p001-loc01 | 02156950-p001-loc01 | 02156951-p001-loc01 | 02157116-p001-loc01 | 02157117-p001-loc01 | 02157152-p001-loc01 | 02157158-p001-loc01 | 02157293-p001-loc01 | 02157311-p001-loc01 | 02157324-p001-loc01 | 02157435-p001-loc01 | 02157436-p001-loc01 | 02157441-p001-loc01 | 02157442-p001-loc01 | 02157443-p001-loc01 | 02157444-p001-loc01 | 02157445-p001-loc01 | 02157483-p001-loc01 | 02157506-p001-loc01 | 02157608-p001-loc01 | 02157700-p001-loc01 | 02157701-p001-loc01 | 02157751-p001-loc01 | 02157752-p001-loc01 | 02157753-p001-loc01 | 02157755-p001-loc01 | 02157756-p001-loc01 | 02157759-p001-loc01 | 02157760-p001-loc01 | 02157761-p001-loc01 | 02157762-p001-loc01 | 02157763-p001-loc01 | 02157764-p001-loc01 | 02157778-p001-loc01 | 02157860-p001-loc01 | 02158071-p001-loc01 | 02158080-p001-loc01 | 02158081-p001-loc01 | 02158094-p001-loc01 | 02158100-p001-loc01 | 02158101-p001-loc01 | 02158102-p001-loc01 | 02158109-p001-loc01 | 02158392-p001-loc01 | 02158502-p001-loc01
ORT-28e893eb04;Provenienzstation;(ohne Ortsangabe);;;1;1;Confessionale: Curam illius habe [Italian] Medicina dell' anima. Add: Trattato dell' excommunicazione. Thomas Aquinas: Orazione laquale diceva quando andava a celebrare. Orazione che se fa dopo la comunione. Li dieci comandamenti volgare fatti in rima. Credo volgare fatto in rima;Bologna : [Balthasar Azoguidus], 1472;"New York NY, The Morgan Library and Museum — PML 79106; ChL 1195V";Contemporary laced paper, bound in Italy.  | e-it;https://data.cerl.org/mei/02158648;;;;;02158648-p001-loc01
ORT-448fc469b0;Provenienzstation;(ohne Ortsangabe);;;1;1;Monte santo di Dio;Florence : Lorenzo Morgiani and Johannes Petri, 20 Mar. 1491;"New York NY, The Morgan Library and Museum — PML 23212; ChL 1154";Güttler, Gerhart  | Gerhart Güttler (1889-1966), bull's head stamp (front fly leaf verso) | e-gx;https://data.cerl.org/mei/02158661;;;;;02158661-p001-loc01
ORT-580b248348;Provenienzstation;(ohne Ortsangabe);;;1;1;Meditationes vitae Christi [Italian] Le deuote meditatione sopra la passione del nostro signore (with text ending: scripto di me nele prophetie e psalmi);Venice : Bernardinus Benalius [and Matteo Capcasa (di Codeca), before 6 Apr. 1491];"New York NY, The Morgan Library and Museum — PML 196267; ChL 927D";Meda Riquier Rare Books | Meda Riquier Rare Books, Spring List, 2012, no. 3;https://data.cerl.org/mei/02158786;;;;;02158786-p006-loc01
ORT-f32d887c18;Provenienzstation;(ohne Ortsangabe);;;1;1;Breviarium Romanum (Franciscan usage);Venice : Petrus de Plasiis, Cremonensis and Bartholomaeus de Blavis, de Alexandria, 18 Apr. 1479;"New York NY, The Morgan Library and Museum — PML 45332; ChL 880";Contemporary northern Italian (Verona/Ferrara?) illumination in both volumes, initials and floral border with abraded armorial (leaf AA1r), illuminated initials (leaves A1r, a1r, and aa1r), minor blue initials added by hand.  | e-it;https://data.cerl.org/mei/02158798;;;;;02158798-p001-loc01
ORT-f9527599f5;Provenienzstation;(ohne Ortsangabe);;;1;1;Breviarium Romanum (Franciscan usage);Venice : Petrus de Plasiis, Cremonensis and Bartholomaeus de Blavis, de Alexandria, 18 Apr. 1479;"New York NY, The Morgan Library and Museum — PML 45332; ChL 880";Parke-Bernet;https://data.cerl.org/mei/02158798;;;;;02158798-p006-loc01
ORT-02f1d6d2ee;Provenienzstation;(ohne Ortsangabe);;;1;1;Breviarium Romanum (Franciscan usage);Venice : Petrus de Plasiis, Cremonensis and Bartholomaeus de Blavis, de Alexandria, 18 Apr. 1479;"New York NY, The Morgan Library and Museum — PML 78070; ChL 880";Contemporary northern Italian (Verona/Ferrara?) illumination in both volumes, initials and floral border with abraded armorial (leaf AA1r), illuminated initials (leaves A1r, a1r, and aa1r), minor blue initials added by hand.  | e-it;https://data.cerl.org/mei/02158799;;;;;02158799-p001-loc01
ORT-a8fda29a84;Provenienzstation;(ohne Ortsangabe);;;1;1;Breviarium Romanum (Franciscan usage);Venice : Petrus de Plasiis, Cremonensis and Bartholomaeus de Blavis, de Alexandria, 18 Apr. 1479;"New York NY, The Morgan Library and Museum — PML 78070; ChL 880";"Evan Nunn, Charles | Charles Evan Nunn, armorial bookplate with motto: ""Fortis esto non ferox"" (front fly leaf verso);";https://data.cerl.org/mei/02158799;;;;;02158799-p006-loc01
ORT-b1fd767546;Provenienzstation;(ohne Ortsangabe);;;1;1;Breviarium Cartusianum. Ed: Conventus Cartusianorum de Padua;Venice : Andreas Torresanus, de Asula, 5 May [1491];"New York NY, The Morgan Library and Museum — PML 1018; ChL 910";16th-century German blind-stamped calf, dated 1574.  | e-gx;https://data.cerl.org/mei/02159635;;;;;02159635-p001-loc01
ORT-cf7ce3fa40;Provenienzstation;(ohne Ortsangabe);;;1;1;Breviarium Cisterciense;Venice : Andreas Torresanus, de Asula, 16 Dec. 1494;"New York NY, The Morgan Library and Museum — PML 18222; ChL 912";16th-century German calf, blind-tooled with the name D: Grego: Muller: in the center.  | e-gx;https://data.cerl.org/mei/02158801;;;;;02158801-p001-loc01
ORT-363329de10;Provenienzstation;(ohne Ortsangabe);;;1;1;Specchio di croce;Florence : Francesco di Dino, 27 Mar. 1490;Washington DC, Library of Congress, Rare Book Division, John Boyd Thacher Collection — Incun. 1490 .C36 Thacher Coll (Copy 1);Olschki, Leo Samuel | e-it;https://data.cerl.org/mei/02159939;;;;;02159939-p003-loc01
ORT-4f824a0ab4;Provenienzstation;(ohne Ortsangabe);;;1;1;Vita della Vergine Maria;Venice : Lucas Dominici F., Venetus, 17 Feb. 1481;"New York NY, The Morgan Library and Museum — PML 327; ChL 884";Hand decoration: Contemporary northern Italian (Venice) illuminated foliate border and initial (leaf a2r), red initials. Annotations: No marginal notations in text. Unidentified armorial (overpainted or abraded?) (leaf a2r) | e-it;https://data.cerl.org/mei/02158933;;;;;02158933-p001-loc01
ORT-ba0bfc9bc7;Provenienzstation;(ohne Ortsangabe);;;1;1;Fiore di virtù;Venice : Nel Beretin Convento della Ca Grande, 1474;"New York NY, The Morgan Library and Museum — PML 25152; ChL 838";"Unidentified inscription, Italy, 16th century (leaf [1]/2r, partially visible under UV); 18.5 x 12.5 cm. With 14 leaves from the 1474 quarto edition.Annotations: A few 16th-century marginal notations, faded/washed (partially visible under UV). Hand decoration: Rubrication, contemporary red initials and capital strokes.  | e-it";https://data.cerl.org/mei/02159014;;;;;02159014-p001-loc01
ORT-4b98d8ad53;Provenienzstation;(ohne Ortsangabe);;;1;1;Graduale Romanum (Ed: Franciscus de Brugis);"Venice : Johannes Emericus, de Spira, for Lucantonio Giunta, 28 Sept. 1499; 14 Jan. 1499/1500; 1 Mar. 1500";"New York NY, The Morgan Library and Museum — PML 127642; ChL 983J";"Contemporary (Italian?) reddish-purple vellum over beech boards, sewn on 3 supports; rebacked. Rear board partially missing vellum. 2 of 4 corner bosses intact; 2 of 4 pin catches on top board, 4 clasps missing. Title label on top board: GRAD:DO. Contemporary corrections to musical text with stamped letters. Manuscript strokes aligning music and text, similarly added in other copies (in-house correction?). | e-it";https://data.cerl.org/mei/02159053;;;;;02159053-p001-loc01
ORT-a6e829cdc0;Provenienzstation;(ohne Ortsangabe);;;1;1;Imitatio Christi [Italian] Imitazione di Gesu Cristo;Florence : Antonio di Bartolommeo Miscomini, 22 July 1493;"New York NY, The Morgan Library and Museum — PML 38788.1; ChL 1118A";Fisher, Richard | [likely Richard Fisher (1908-1890), through inheritance to:] ;https://data.cerl.org/mei/02159107;;;;;02159107-p002-loc01
ORT-525826e066;Provenienzstation;(ohne Ortsangabe);;;1;1;Imitatio Christi [Italian] Imitazione di Gesu Cristo;Florence : Antonio di Bartolommeo Miscomini, 22 July 1493;"New York NY, The Morgan Library and Museum — PML 38788.1; ChL 1118A";"Fisher, R. C. | R.C. Fisher (b. 1841); his sale, Sotheby's, 21 May 1906, lot 574";https://data.cerl.org/mei/02159107;;;;;02159107-p003-loc01
ORT-06343216c7;Provenienzstation;(ohne Ortsangabe);;;1;1;Mirabilia Romae;[Sant'Orso : Johannes de Reno, about 1475];"New York NY, The Morgan Library and Museum — PML 127077; ChL 1279M";"Kissner, Franklin H.  | Franklin H. Kissner (1909-1988), his sale: Christie's London, 3 Oct. 1990, lot 282;";https://data.cerl.org/mei/02159628;;;;;02159628-p004-loc01
ORT-9087a83161;Provenienzstation;(ohne Ortsangabe);;;1;1;Missale Romanum. Ed: Philippus de Rotingo;Venice : Nicolaus de Frankfordia, 1485;Washington DC, Library of Congress, John Davis Batchelder Collection — Incun. 1485 .C347 Batchelder Coll (Copy 1);Batchelder, John Davis | The location of Batchelder's library before its donation to the Library of Congress is uncertain.  | n-us;https://data.cerl.org/mei/02160135;;;;;02160135-p001-loc01
ORT-df697b8990;Provenienzstation;(ohne Ortsangabe);;;1;1;Ordo missae secundum morem ecclesiae Ratisponensis; : , [after 1500?];Cambridge MA, Harvard University, Houghton Library — Inc 572A;Nestereos | MS notations on title page, “Nesteros annos 15.95”, “Nestereos annos viuas 15.95.”, “[s?] Nestereos”, and “Nestereos Annos Anno D[omi]ni Millesimo Quingentesimo Quinto”. | e-gx;https://data.cerl.org/mei/02008337;;;;;02008337-p001-loc01
ORT-fceb6fd378;Provenienzstation; ;; ;1;1;Psalmi poenitentiales. Comm: Paulus Florentinus;[Milan : Leonardus Pachel and Uldericus Scinzenzeler, 1479];Solothurn, Zentralbibliothek  — ZBS KBS Y III (1 an);"Züling, Petrus | Handschriftlicher Besitzvermerk am Kopf der Titelseite des vorgebundenen Drucks: ""petr[us] Züling ... Emptus xvj batzis ...""";https://data.cerl.org/mei/02133500;;;;;02133500-p001-loc01
ORT-dd4c7fe627;Provenienzstation;(ohne Ortsangabe);;;1;1;Sacramentale Neapolitanum;Naples : Jodocus Hohenstein, 14 Sept. 1475;"New York NY, The Morgan Library and Museum — PML 30272; ChL 1233";"15th-century blind-stamped calf over wooden boards (42 x 30 cm), sewn on 4 supports by the Dominican bindery in Würzburg (EBDB w002695, active ca. 1473-1485, also known as Würzburg Dominikaner). Renewed plain paper pastedowns; braided and colored leather endbands. Brass corner pieces; corner and central bosses, missing' 2 clasps, 1 clasp missing. A few sporadic contemporary marginal notations, mainly at beginning and end";https://data.cerl.org/mei/02159526;;;;;02159526-p001-loc01
ORT-5a93d9d2c4;Provenienzstation;(ohne Ortsangabe);;;2;2;Dat testament eynes waren Cristen mynschen [Low German];[Lübeck : Matthaeus Brandis, about 1488-89];Hannover, Museum August Kestner — Ernst Nr. 336;Anonymous | e-gx;https://data.cerl.org/mei/02128965;https://data.cerl.org/mei/02128960;;;;02128965-p001-loc01 | 02128960-p002-loc01
ORT-133f59b502;Provenienzstation;(ohne Ortsangabe);;;1;1;Dat testament eynes waren Cristen mynschen [Low German];[Lübeck : Matthaeus Brandis, about 1488-89];Hannover, Museum August Kestner — Ernst Nr. 336;Anonymous, Germany | e-gx;https://data.cerl.org/mei/02128965;;;;;02128965-p002-loc01
ORT-2de8d275ef;Provenienzstation;Almenno San Salvatore;;;1;1;Imitatio Christi. Add: Johannes Gerson: De meditatione cordis;Venice : Bernardinus Benalius, 1488;Venezia, Fondazione Cini — FOAN G 0350;Gregorio de Submonte, frate OESAObs | Almenno San Salvatore (Bergamo) Agostiniani Osservanti, S. Maria della Consolazione, OESAObs  | Il libro è passato da frate Pasquale a 'fratri Gregorio de sancto monte pro conventum sancte Marie consolationis de lemine', vedi la nota sopra. | e-it;https://data.cerl.org/mei/02123370;;;;;02123370-p003-loc01
ORT-71bb5bcac2;Provenienzstation;Anonymous;;;1;1;Van de seven droefheden ofte weeden O.L.V;Antwerp : Gerard Leeu, 14 July 1492;Den Haag, Koninklijke Bibliotheek - Nationale Bibliotheek van Nederland — KW 150 F 21;Anonymous, Netherlands  | e-ne;https://data.cerl.org/mei/02100719;;;;;02100719-p002-loc01
ORT-62607a8058;Provenienzstation;Anonymous annotator, Italy 1497 - ;;;1;1;Carmina in laudem variorum Sanctorum;[Milan : Uldericus Scinzenzeler, about 1497];Roma, Biblioteca Angelica — Inc. 376/8;e-it;https://data.cerl.org/mei/02174233;;;;;02174233-p001-loc01
ORT-5757aec34a;Provenienzstation;Asolo;;;1;1;Della pazienza (Libri I, II & III);Florence : Francesco Bonaccorsi, 12 May 1490;Padova, Biblioteca del Seminario Vescovile — Forc. I.3.23;nota di possesso ms.: 'Ad locum Asilij' | e-it;https://data.cerl.org/mei/02008109;;;;;02008109-p001-loc01
ORT-71ef486b50;Provenienzstation;Augsburg;;;1;1;Missale Augustanum (Augsburg);Augsburg : Erhard Ratdolt, 16 Sept. 1491;Tübingen, Universitätsbibliothek — Gi 33.2;Jagd am Zaun;https://data.cerl.org/mei/02136722;;;;;02136722-p001-loc01
ORT-bec2f212ed;Provenienzstation;Barcellona ;;;1;2;Peregrinatio in terram sanctam;[Speyer] : Peter Drach, 29 July 1490;Barcelona, CRAI Biblioteca de Fons Antic  — Inc 298;"Biblioteca Mariana del Convent de Sant Francesc d'Assis di Barcellona | Nella c.a2r: ''Es de la Bib[lioteca] Mariana [del] Conv[ento] di S[an] Fran[cisco] de Bar[celo]na’’
Date of evidence'' | ccga:cxakah || Biblioteca de la Universitat de Barcelona  | Nella c.a2r | ccga:cxakah";https://data.cerl.org/mei/02152666;;;;;02152666-p001-loc01 | 02152666-p002-loc01
ORT-0715c7adce;Provenienzstation;Basel;;;1;1;Agenda parochialium ecclesiarum;Basel : Michael Wenssler and Jacobus de Kilchen, 12 May 1488;Tübingen, Universitätsbibliothek — Gb 834.2;Spindler, Jakob;https://data.cerl.org/mei/02136318;;;;;02136318-p001-loc01
ORT-6b56b2c3b2;Provenienzstation;Bassano (?);;;1;1;Missale Dominicanum seu Ordinis Praedicatorum;Venice : Johannes Hamman, for Octavianus Scotus, 1 Feb. 1494;Brescia, Biblioteca Queriniana — Inc.B.VI.13;Innocenzo Balbino | F. Innocentio Balbino Bassano | Italia;https://data.cerl.org/mei/02003026;;;;;02003026-p001-loc01
ORT-5bdf1ab7cb;Provenienzstation;Baveno;;;1;1;Meditationes in Passionem Jesu Christi;[Milan : Leonardus Pachel, about 1488];Milano, Archivio Storico Civico e Biblioteca Trivulziana — Triv. Inc. E 35;"Cazzamini Mussi, Francesco | Al contropiatto anteriore, ex libris della Biblioteca Cazzamini Mussi con il motto ""AD LUCEM"". | e-it";https://data.cerl.org/mei/02008759;;;;;02008759-p006-loc01
ORT-c9c386a587;Provenienzstation;Belluno;;;1;1;Breviarium Romanum;Cremona : Carolus de Darleriis, 4 Apr. 1499;Brescia, Biblioteca Queriniana — Inc.G.I.4;Johannes Antonius de Egregiis | Petrus Coraulus | MDXXX./BELUNUM/Hoc olim fuit Petri chorauli, olias de corde praeshyteri, ac sacristae Belunensi Ecclesiae, nunc autem p. Jo. Antonij de Egregiis eius nepotis ex sorore presbiteri ac Canonici eiusdem Ecclesiae Belunensis. Die XX Decembri MDXXXIX dedi p. Constantino  ... | e-it;https://data.cerl.org/mei/02003594;;;;;02003594-p001-loc01
ORT-156159208c;Provenienzstation;Blaubeuren;;;1;1;Pontificale Romanum. Ed: Jacobus de Lutiis and Johannes Burchardus;Rome : Stephan Plannck, 16 Aug. 1497;Tübingen, Universitätsbibliothek — Gi 94 a.2;Benediktiner Blaubeuren | (Bl. 1a) Monasterii Blaupurani 1635 [Benedektinerkloster Blaubeuren].;https://data.cerl.org/mei/02137002;;;;;02137002-p001-loc01
ORT-9f329afcf0;Provenienzstation;Borno (Brescia);;;2;2;Vita e conversazione angelica del beato Amadio ispano;[Milan : n.pr., after 1486];Milano, Biblioteca Francescano Cappuccina Provinciale — 17 B 14;Convento di Santissima Maria Annunciata <Borno> | al risguardo anteriore: Ad conventum Santissime Annunciate di Borno 14 || Convento di Santissima Maria Annunciata <Borno> | Pertinet hic liber ad conventum Annunciatae Burni in Valle Caminica | Italia;https://data.cerl.org/mei/02000159;https://data.cerl.org/mei/02002224;;;;02000159-p001-loc01 | 02002224-p001-loc01
ORT-a08d1a0f29;Provenienzstation;Bramshill;;;1;1;Corona B.M.V.;[Strassburg : Printer of the 1483 'Vitas Patrum', about 1485];Cambridge MA, Harvard University, Houghton Library — Inc 426;Cope, William Henry <Sir> | Armorial bookplate. | e-uk-en;https://data.cerl.org/mei/02008025;;;;;02008025-p005-loc01
ORT-c84281eec0;Provenienzstation;Breno (Brescia);;;1;1;Vita e conversazione angelica del beato Amadio ispano;[Milan : n.pr., after 1486];Brescia, Biblioteca Queriniana — Inc.F.VII.26;Giovanni Ludovico Quartari | 1820 ex libris mei presb. Joannis Ludovici Quartari a Breno | Italia;https://data.cerl.org/mei/02002224;;;;;02002224-p002-loc01
ORT-4a5e918164;Provenienzstation;Brescia;;;1;1;Psalterium. With canticles. Comm: Gabriel Brebia;Milan : [Printer of 'Psalterio in Volgare', 1476], 7 July 1477;Brescia, Biblioteca del Seminario Vescovile — Inc. 21;Anna Gnecchi Ruscone Sessa | Giovanni Donni  | Lettera di dono in data I aprile 1981: dono di don Giovanni Donni il quale a sua volta lo ha ricevuto da Anna Gnecchi Ruscone Sessa di Cologne Bresciano;https://data.cerl.org/mei/02000182;;;;;02000182-p003-loc01
ORT-555c4a25f0;Provenienzstation;Brescia, monastero dei SS. Faustino e Giovita;;;1;1;Confessionale: Curam illius habe [Italian] Medicina dell' anima. Add: Trattato dell' excommunicazione. Thomas Aquinas: Orazione laquale diceva quando andava a celebrare. Orazione che se fa dopo la comunione. Li dieci comandamenti volgare fatti in rima. Credo volgare fatto in rima;Bologna : [Balthasar Azoguidus], 1475;Chiari, Biblioteca Morcelliana — CS. III. 13;Monastero dei SS. Faustino e Giovita di Brescia | Al risguardo anteriore è incollato un tassello cartaceo (probabilmente ritagliato e conservato dall'antica legatura) con diverse note di provenienza. La prima è di mano dell'abate Giovanni Lodovico Luchi (XVIII s.): Est Monasterij S.ti Faustini ad usum D. Jo. Ludovici Luchi.;https://data.cerl.org/mei/02000250;;;;;02000250-p001-loc01
ORT-c399670e0d;Provenienzstation;brookline;;;2;2;Consolatio peccatorum, seu Processus Belial;[Strassburg : Heinrich Knoblochtzer], 1484;Cambridge MA, Harvard University, Houghton Library — Inc 373;"Brandegee, Edward Deshon <Mrs.> | n-us-ma || Brandegee, Edward Deshon <Mrs.> | Purchased from R.H.B Bowie; given to Harvard 1908. | n-us-ma";https://data.cerl.org/mei/02007756;https://data.cerl.org/mei/02011923;;;;02007756-p005-loc01 | 02011923-p002-loc01
ORT-64c99894d1;Provenienzstation;Bruxelles;;;1;1;Alphabetum sacerdotum [Rituale, Extract];[Paris : Pierre Le Dru for] Denis Roce, [about 1500];New Haven CT, Yale University, Beinecke Library — Osborn pa1;Van der Perre, Paul | Paul van der Perre, Livres Rares et Precieux Provenant Pour la Plus Grande Part, de la Bibliotheque la Serna Santander, 7 Nov. 1959 (Lot 65).  | e-be;https://data.cerl.org/mei/02150231;;;;;02150231-p004-loc01
ORT-3da9ae15ea;Provenienzstation;Chiari (Brescia);;;1;2;Confessionale: Curam illius habe [Italian] Medicina dell' anima. Add: Trattato dell' excommunicazione. Thomas Aquinas: Orazione laquale diceva quando andava a celebrare. Orazione che se fa dopo la comunione. Li dieci comandamenti volgare fatti in rima. Credo volgare fatto in rima;Bologna : [Balthasar Azoguidus], 1475;Chiari, Biblioteca Morcelliana — CS. III. 13;Tommaso Begni | Tommaso Begni modifica la precedente nota di possesso settecentesca di G. Lodovico Luchi aggiungendo: 10 Julii 1810 sed nunc ad usum Thomae Begni. || Giovanni Battista Rota | Giovanni Battista Rota aggiunge al risguardo anteriore, dopo le due precedenti note di Luchi e T. Begni: nunc est Bibliothecae Morcellianae Clarensis.;https://data.cerl.org/mei/02000250;;;;;02000250-p002-loc01 | 02000250-p003-loc01
ORT-c719bc95af;Provenienzstation;ChL 945B;;;1;1;Imitatio Christi. Add: Johannes Gerson: De meditatione cordis;Venice : [Johannes Leoviler, de Hallis] for Franciscus de Madiis, 1486;"New York NY, The Morgan Library and Museum — PML 198698; ChL 945B";"Sister Clementie, contemporary inscription: ""Iste liber di soror cleme[n]tie"" (leaf [1]/2v). Hand decoration: Contemporary rubrication, red initials, paragraph marks, and underlining. Annotations: Minimal contemporary notations throughout: 2 early section headings (leaves a1r and a3r only) and a few nota marks. | e-it";https://data.cerl.org/mei/02159104;;;;;02159104-p001-loc01
ORT-e37241ab33;Provenienzstation;Corciano (Perugia);;;1;1;Laude di Dio. Ed: Jacopo di Morsi;[Florence : Bartolommeo di Libri, about 1495];Milano, Archivio Storico Civico e Biblioteca Trivulziana — Rari Triv. G 313;"Filippo Strossi | A c. o10v annotazione ms.: ""Questo libro sie a Filippo Strossi de Corciano (per lamor de Lorenza)""; Prove di penna | e-it";https://data.cerl.org/mei/02008140;;;;;02008140-p001-loc01
ORT-4596a69e46;Provenienzstation;Crathie;;;1;1;Breviarium Praemonstratense;[Strassburg : Johann (Reinhard) Grüninger], 1490;Edinburgh, National Library of Scotland — Inc.17;Stirton, John | 1900 date is conjecture | e-uk-st;https://data.cerl.org/mei/02124566;;;;;02124566-p003-loc01
ORT-b34b08e3f0;Provenienzstation;Dobrzyca;;;1;1;Viola sanctorum;[Strassburg : Johann Prüss], 8 Feb. 1499;Cambridge MA, Harvard University, Houghton Library — Typ Inc 552;"Czarnecki, Zygmunt <hrabia> | Armorial bookplate ""Z Księgozbioru Zygmunta Czarneckiego"". | e-pl";https://data.cerl.org/mei/02008336;;;;;02008336-p003-loc01
ORT-dac195db60;Provenienzstation;e-fr;;;2;2;[Psalterium abbreviatum] Psalterium Sancti Hieronymi [Italian and Latin] Psalterio abreviato di sancto Hieronymo. Tr: Niccolò Malermi;[Florence : Societas Colubris, for] Piero Pacini, [about 1498];Cambridge MA, Harvard University, Houghton Library — Typ Inc 647.5;Essling, Victor Massena, Duc de Rivoli e Prince D' | Lortic Frères <Bookbinders> | Not located in the Galerie Fischer sale catalogue, May 1939, of Essling's library. || Essling, Victor Massena, Duc de Rivoli e Prince D' | Lortic Frères <Bookbinders> | Lot 184 in the Galerie Fischer sale catalogue, May 1939, of Essling's library.;https://data.cerl.org/mei/02128514;https://data.cerl.org/mei/02128516;;;;02128514-p001-loc01 | 02128516-p001-loc01
ORT-cd16f28dd5;Provenienzstation;Ehingen/Donau;;;1;1;Psalterium [Latin and German]. Add: Nicolaus de Lyra: Postilla [German] Tr: Heinrich von Mügeln;[Strassburg : Printer of Henricus Ariminensis (Georg Reyser?), about 1474];Tübingen, Universitätsbibliothek — Ga LIII 49.2;Franziskaner Ehingen/Donau | [Franziskanerkloster in Ehingen/Donau (Rückenbeschriftung)].;https://data.cerl.org/mei/02136765;;;;;02136765-p002-loc01
ORT-edf328c416;Provenienzstation;Elizabeth;;;1;1;Peregrinatio in terram sanctam;[Speyer] : Peter Drach, 29 July 1490;Northampton MA, Smith College — Inc B-1190;Dimock, George Edward | Ownership inferred from later possession by his daughter-in-law. | n-us-nj;https://data.cerl.org/mei/02010968;;;;;02010968-p002-loc01
ORT-72974042cf;Provenienzstation;Ellwangen/Jagst;;;3;3;Consolatio peccatorum, seu Processus Belial [German] Das buch Belial genant;Strassburg : Heinrich Knoblochtzer, 1481;Tübingen, Universitätsbibliothek — Gb 620 a.2;Fürstliche Hofbibliothek Ellwangen/Jagst | (Bl. 1a) Ex Bibliotheca aulica Reverendissimi et Illustrissimi principis Eluacensis [Fürstliche Hofbibliothek Ellwangen/Jagst] (17. Jh.). || Fürstliche Hofbibliothek Ellwangen/Jagst | (Bl. 2a) Ex Bibliotheca aulica Reverendissimi et Illustrissimi principis Eluacensis, auf dem Bl. 215b alte Signatur II. J88 [Fürstliche Hofbibliothek Ellwangen/Jagst] (17. Jh.). || Fürstliche Hofbibliothek Ellwangen/Jagst | (Bl. 1a) Ex Bibliotheca aulica Reverendissimi et Illustrissimi principis E... Fürstliche Hofbibliothek Ellwangen/Jagst (Besitzverm. 17. Jh.). - (Bl. 1a) alte Signatur Gi 98 (UBT).;https://data.cerl.org/mei/02136403;https://data.cerl.org/mei/02136693;https://data.cerl.org/mei/02136832;;;02136403-p002-loc01 | 02136693-p003-loc01 | 02136832-p001-loc01
ORT-fd4c2d5b83;Provenienzstation;Empoli;;;1;1;Imitatio Christi [Italian];[Florence : Bartolommeo di Libri, before Sept. 1495];London, British Library — IA.27449;Sebastiano Lazzari | e-it;https://data.cerl.org/mei/02001223;;;;;02001223-p001-loc01
ORT-26bf1199db;Provenienzstation;England;;;2;2;Resolutorium dubiorum circa celebrationem missarum occurrentium;Deventer : Richardus Pafraet, 1493;York, York Minster Library — Inc.1-27;"Barlow, W. | Sixteenth-century MS on sig. [a]1r: W. Barlo. || Huth, Henry, London Bibliophile | Bedford, Francis | Ex-libris in pelle incollato al risguardo anteriore: Elmo dorato sorregge libro aperto sul quale si legge il motto: ""Animus non res"" in caratteri capitali; intorno due cornici ovali concentriche contenenti la scritta: ""Ex musaeo Hutii"" in caratteri capitali. The book appears in the 1880 catalogue of the Huth Library, so it is conceivable that is was purchased by Henry and then it passed on to Alfred Henry Huth. | e-uk-en";https://data.cerl.org/mei/02147392;https://data.cerl.org/mei/02011780;;;;02147392-p002-loc01 | 02011780-p001-loc01
ORT-27558ad6af;Provenienzstation;Esslingen;;;1;1;Processionarium Ordinis Fratrum Praedicatorum;Venice : Johannes Emericus, de Spira, for Lucantonio Giunta, 9 Oct. 1494;Tübingen, Universitätsbibliothek — Gi 380;Adler auffliegend I;https://data.cerl.org/mei/02137005;;;;;02137005-p002-loc01
ORT-468abc30a1;Provenienzstation;Europa;;;2;2;Passio secundum legem debet mori;[Paris : Georg Mittelhus, about 1494-99];Barcelona, CRAI Biblioteca de Fons Antic  — 07 Inc 728-4;es || Título en la hoja de guarda que precede el f. [a]1 | es;https://data.cerl.org/mei/02007497;https://data.cerl.org/mei/02007514;;;;02007497-p001-loc01 | 02007514-p001-loc01
ORT-15beacf1a6;Provenienzstation;Feldkirch;;;2;2;Imitatio Christi. Add: Johannes Gerson: De meditatione cordis;[Ulm] : Johann Zainer, [14]87;Tübingen, Universitätsbibliothek — Gb 551 b;"Benediktiner Feldkirch | (Vorsatzbl.) Benediktinerkloster Weingarten, Priorat Feldkirch, darunter: In Hofen [Priorat Hofen] (Besitzvermerk 17. Jh.) und Tatzenkreuz (gestempelt). || Benediktiner Feldkirch | (Bl. 1a des ersten Druckes im Bd) Monasterij Weingartensis in Veldkirch [Benediktinerkloster Weingarten, Priorat Feldkirch]; daneben: In Hofen und Monasterij Hofensis [Priorat Hofen] - Besitzvermerk 17. Jh. und Tatzenkreuze (gestempelt und gemalt).";https://data.cerl.org/mei/02137215;https://data.cerl.org/mei/02136254;;;;02137215-p007-loc01 | 02136254-p004-loc01
ORT-0b5573784d;Provenienzstation;Fischbachau;;;1;1;Expositio officii missae sacrique canonis;Reutlingen : Johann Otmar, 1 Sept. 1483;Namur, Centre de Documentation et de Recherche Religieuses — Rés.13E.7;Hormarus, Johannes <priest at Solnhofen> | Pock, Johannes <vicar of Fischbachau> | 'Ioannes Pock vicarius in Vischpachau dedit dono Ioanni Hormaro pastori in Sol[...]' | e-gx;https://data.cerl.org/mei/02010505;;;;;02010505-p001-loc01
ORT-8a01dcff2f;Provenienzstation;Fotheringhay;;;1;3;Revelationes. With foreword by Johannes de Turrecremata and Matthias de Suecia. Vita abbreviata S. Birgittae. Hymnus ad Beatam Birgittam. Ed: Florian Waldauf;Nuremberg : Anton Koberger, 21 Sept. 1500;London, Lambeth Palace Library — [ZZ] 1500.91;Curson, David | Doo, John | John Doo received this book from David Curson (see inscription above). | e-uk || Topclyf, Thomas | On f6r of id. 02010787 (fly-leaf): `Liber Thome Toplyff nuper socius collegii de Fodryngay, anno d[o]m[in]i 1526' in black ink | e-uk || Collegiate church of Fotheringhay | On the title-page: `Liber Collegii de Foderyngbey' in black ink | e-uk;https://data.cerl.org/mei/02010786;;;;;02010786-p005-loc01 | 02010786-p006-loc01 | 02010786-p007-loc01
ORT-98d43890e0;Provenienzstation;Friedrichshafen;;;2;2;Imitatio Christi. Add: Johannes Gerson: De meditatione cordis;[Ulm] : Johann Zainer, [14]87;Tübingen, Universitätsbibliothek — Gb 551 b;"Benediktiner Friedrichshafen | (Vorsatzbl.) Benediktinerkloster Weingarten, Priorat Feldkirch, darunter: In Hofen [Priorat Hofen] (Besitzvermerk 17. Jh.) und Tatzenkreuz (gestempelt). || Benediktiner Friedrichshafen | (Bl. 1a des ersten Druckes im Bd) Monasterij Weingartensis in Veldkirch [Benediktinerkloster Weingarten, Priorat Feldkirch]; daneben: In Hofen und Monasterij Hofensis [Priorat Hofen] - Besitzvermerk 17. Jh. und Tatzenkreuze (gestempelt und gemalt).";https://data.cerl.org/mei/02137215;https://data.cerl.org/mei/02136254;;;;02137215-p008-loc01 | 02136254-p005-loc01
ORT-77172a5a0f;Provenienzstation;Galzignano Terme (PD);;;2;2;"Breviarium Windeshemense [Windesheim]. Add: De laude, virtute et efficacia psalmorum; De horis canonicis exhortatio; Innocentius IV: Oratio ""Sanctae et individual trinitati""";[Strassburg : Johann Prüss, 1499-1500];Padova, Biblioteca del Seminario Vescovile — Forc. M.4.30;"Eremo di Santa Maria di Monte Rua <Padova> <OSBCam> <Camaldolesi> | 'Sancte Marie de Ruha' | e-it || Eremo di Santa Maria di Monte Rua <Padova> <OSBCam> <Camaldolesi> | nota di possesso ms. erasa: 'Est (?) Sanctae Mariae de Ruha'; al verso della carta di guardia altra nota di possesso ms.: 'Laurentius monachus' | e-it";https://data.cerl.org/mei/02007814;https://data.cerl.org/mei/02007820;;;;02007814-p002-loc01 | 02007820-p002-loc01
ORT-787c2a3309;Provenienzstation;Germany?;;;1;1;Missale Vratislaviense (Breslau);Mainz : Peter Schoeffer, 28 Sept. 1499;Cambridge MA, Harvard University, Houghton Library — Typ Inc 133.5;"Paravicini | Žerovskẏ-Dietrichstein | The date ""1576"" is between two oval stamps, one of episcopal arms with motto ""Recte agens expecto Dominum"", the other of secular arms with motto ""De maiorum gloria virtute propria innixus glorior"". Arms with the same mottoes found on a 15th-century Latin manuscript are identified in the Bericht des Curatoriums für das Verwaltungsjahr 1902/Zpráva kuratoria za správní rok 1902 of the Kunstgewerbliches Museum der Handels- und Gewerbekammer in Prag/Umélecko-Průmyslové obchodní a živnostenské komory v Praze (p. 20 of the German text; p. 18 of the Czech text) as ""Paravicini und Žerovskẏ-Dietrichstein."" -- The secular arms are found in Rudolf Johann, Graf von Meraviglia-Crivelli, Der böhmische Adel, 1885 (Tafel 82), designated simply ""Žerovskẏ""; they also appear as a portion of the arms designated ""Dietrichstein Proskau, Fürste 1885+"" in the same plate. | e-gx";https://data.cerl.org/mei/02005116;;;;;02005116-p002-loc01
ORT-2987b4033f;Provenienzstation;Graflingen;;;1;1;Poenitentionarius de confessione (i.e. Poeniteas cito). Add: Hieronymus de Vallibus: Jesuida seu de passione Christi. Venatius Honorius Clementianus Fortunatus: S. De Resurrectione Christi carmen;[Strassburg : Johann (Reinhard) Grüninger, about 1497];Solothurn, Zentralbibliothek  — ZBS Rar 67 (1 an);"Hottel, Johann | Handschriftliche Besitzvermerke auf Titelseite: "" ... blaubüren ...""; späterer hs. Vermerk: ""Ex libris Joan. Hottelii [?] pastoris in Graflingen [?]""";https://data.cerl.org/mei/02134213;;;;;02134213-p002-loc01
ORT-3897e0da36;Provenienzstation;Habsthal;;;1;1;Psalterium cum hymnis;Leipzig : Melchior Lotter, 28 Sept. 1498;Tübingen, Universitätsbibliothek — Gi 79 a.4;Dominikanerinnen Habsthal | (Vord. Spiegel) Elisabeth de Weutingen conventuall. coenobij Habstall me jure tenet. Anno domini 1576 [Kloster Habsthal, Kreis Sigmaringen].;https://data.cerl.org/mei/02137009;;;;;02137009-p002-loc01
ORT-2fab5bb609;Provenienzstation;Hartwood;;;1;1;Peregrinatio in terram sanctam;[Speyer] : Peter Drach, 29 July 1490;Northampton MA, Smith College — Inc B-1190;Dimock, Imogen | Gift of Mrs. Dimock to Smith, 1968.  | n-us-ny;https://data.cerl.org/mei/02010968;;;;;02010968-p003-loc01
ORT-b5685e6b52;Provenienzstation;Heidelberg;;;1;1;Resolutorium dubiorum circa celebrationem missarum occurrentium;Cologne : Heinrich Quentell, 1498;Tübingen, Universitätsbibliothek — 1 in: Gb 319 a.4;Blumenstock Raute I;https://data.cerl.org/mei/02136252;;;;;02136252-p004-loc01
ORT-d0c95e487d;Provenienzstation;Heilbronn;;;1;1;Breviarium Carmelitanum. Ed: Joannes Maria de Poluciis;Venice : Andreas Torresanus, de Asula, 1 Feb. 1495/96;Tübingen, Universitätsbibliothek — Gi 38.2;Karmeliten Heilbronn | [Wegen der Init. vielleicht Karmeliten in Heilbronn].;https://data.cerl.org/mei/02135749;;;;;02135749-p001-loc01
ORT-eaeff4c0e2;Provenienzstation;IJssel region;;;1;1;Psalterium [Dutch:] Die duytsche Souter;Delft : Hendrik Eckert, van Homberch, 1498;Deventer, Athenaeumbibliotheek  — 101 C 12 KL;Anonymous;https://data.cerl.org/mei/02151272;;;;;02151272-p001-loc01
ORT-b844cd2c34;Provenienzstation;Indersdorf;;;1;2;Erotemata [Greek] With the Latin translation of Johannes Crastonus Placentinus. Add: Alphabetum graecum cum multiplicibus litteris. Oratio dominica. Ave Maria. Symbolum Apostolum. Evangelium Johannis [fragment]. Pythagoras, Aurea verba. Pseudo- Phocylides, Sententiae sive Moralia [all Greek and Latin];"Venice : Aldus Manutius, Romanus, 28 Feb. 1494/95; 8 Mar. 1495";Oxford, Magdalen College — Arch.C.I.1.24;Augustinerchorherrenstift <Indersdorf> | On the title page, in light brown ink: '[...] Monasterii B.V.M. in Vndenstorff. 1647 | e-gx || Augustinerchorherrenstift <Indersdorf> | On titlepage (bottom), brown ink: 'M. ter.[?] Monasterij B.V.M. in Vndenstorff. 1647' | e-gx;https://data.cerl.org/mei/02011342;;;;;02011342-p005-loc01 | 02011342-p007-loc01
ORT-1ec09e7055;Provenienzstation;Inghilterra;;;1;1;Meditationes vitae Christi [Italian]. Le deuote meditatione sopra la passione del nostro signore (with text ending: scripto di me nele prophetie e psalmi);Florence : Antonio di Bartolommeo Miscomini, [about 1493];Venezia, Fondazione Cini — FOAN TES 812;"Mitchell, William | Thibaron - Joly | Incollato al contropiatto anteriore ex-libris stampato su ampio rettangolo di carta (mm 88x74): ""Arma Gulielmi Mitchell”: uno scudo sormontato da un cimiero con il motto: 'Spernit humum'. | e-uk-en";https://data.cerl.org/mei/02124805;;;;;02124805-p001-loc01
ORT-cf6981d5ee;Provenienzstation;Isleworth;;;2;2;Revelationes. With foreword by Johannes de Turrecremata and Matthias de Suecia. Vita abbreviata S. Birgittae. Hymnus ad Beatam Birgittam. Ed: Florian Waldauf;Nuremberg : Anton Koberger, 21 Sept. 1500;London, Lambeth Palace Library — [ZZ] 1500.91;Curson, David | Syon Monastery <Isleworth> | On the tail edge: `David CVRSON' in black ink. On the last leaf: `Thys boke at the petycon of D. Curson a brother professyd yn the monastary of Syon ys gyvyn unto B. Johannes Doo felow yn the colege of Foderynghay by the consent of the reverent father for all hys brethren on the condycion that the sayd B. J. Doo shall pray for the company of the sayd monastery as god will gyff hym grace and to leve yt after hys dyssesse to the communal use for ever more of the company of the colege. A foresayde. David Curson' in black ink (see: EBOB id. 00004035). | e-uk || Syon, Bridgettine Abbey, St Saviour, St Mary the Virigin, St Bridget  | Purefey, Susan | 'Susan Purefeye owethe thys boke' is written on f.a2 recto. 'Was before the Reformation in Sion Nunnery' (cf. MLGB3). | e-uk-en;https://data.cerl.org/mei/02010786;https://data.cerl.org/mei/02147313;;;;02010786-p004-loc01 | 02147313-p001-loc01
ORT-9dbc4e5be9;Provenienzstation;Italia;;;2;2;(Mirabilia Romae vel potius) Historia et descriptio urbis Romae. Add: Indulgentiae;Rome : Stephan Plannck, 7 Nov. 1489;Roma, Biblioteca Nazionale Centrale Vittorio Emanuele II — 70.3.F.84;Anonimo | Sul recto della prima c. di testo e sul verso dell'ultima annotazioni a penna di tre mani differenti, ad una delle quali sono riconducibili le annotazioni presenti all'interno del volume | e-it || Anonimo | e-it;https://data.cerl.org/mei/02001231;https://data.cerl.org/mei/02019195;;;;02001231-p001-loc01 | 02019195-p001-loc01
ORT-73641bb140;Provenienzstation;Konstanz;;;1;1;Imitatio Christi. Add: Johannes Gerson: De meditatione cordis;Strassburg : [Johann Prüss], 1489;Tübingen, Universitätsbibliothek — Gb 551 a;Blüte x-förmig I;https://data.cerl.org/mei/02137216;;;;;02137216-p007-loc01
ORT-909d6259d2;Provenienzstation;Königsbrück;;;1;1;"Opuscula. Con: Liber gratiae; Laudes Virginis Mariae; De Sancto Johanne evangelista; De eruditione filiorum regalium; Consolatio pro morte amici";Basel : Johann Amerbach, 13 Dec. 1481;Tübingen, Universitätsbibliothek — Gb 513.2;Zisterzienserinnen Königsbrück | (vord. Vorsatzbl.) In regis[p]onte Comparatus per venerabilem dominam Elysabet de Stauffenberg abbatissa tunc temp. ibidem Anno domini M°. IIII°.LXXX (1480) [Zisterzienserinnenkloster Königsbrück im Heiligen Forst bei Hagenau].;https://data.cerl.org/mei/02137317;;;;;02137317-p002-loc01
ORT-84da0ca41a;Provenienzstation;Lombardy [?];;;1;1;Meditationes vitae Christi [Italian]. Le deuote meditatione sopra la passione del nostro signore (with text ending: ritorno al sanctissimo corpo nel sepulchro);[Venice : Nicolaus Jenson?, about 1478?];Cambridge, University Library — Inc.5.B.3.2[4321];Petrus Mantuanus OP | Questo libro e de sor Alexia donato da suo barba frate petro mantuano ord[in]is p[re]dicator[um] die .25. septembris. 1528, on recto of single leaf added at the end. | e-it;https://data.cerl.org/mei/02000017;;;;;02000017-p001-loc01
ORT-339bc3aef2;Provenienzstation;Lonato del Garda (BS);;;15;15;"Meditationes vitae Christi. Add: Bonaventura, Lignum vitae; Johannes de Peckham, Canticum de sanctissimo nomine Jesu Christi";Venice : Manfredus de Bonellis, de Monteferrato, 14 Dec. 1497;Lonato, Biblioteca Ugo da Como — Incunaboli 371;da Como, Ugo | e-it;https://data.cerl.org/mei/02004292;https://data.cerl.org/mei/02004093;https://data.cerl.org/mei/02004305;;;02004292-p002-loc01 | 02004093-p002-loc01 | 02004305-p003-loc01 | 02004306-p002-loc01 | 02004095-p002-loc01 | 02004307-p002-loc01 | 02004649-p002-loc01 | 02004372-p003-loc01 | 02004373-p003-loc01 | 02004374-p003-loc01 | 02004134-p002-loc01 | 02004444-p002-loc01 | 02004653-p001-loc01 | 02004207-p002-loc01 | 02004231-p002-loc01
ORT-c37a3a64da;Provenienzstation;London, England;;;1;1;Revelationes. With foreword by Johannes de Turrecremata and Matthias de Suecia. Add: Vita abbreviata S. Birgittae. Hymnus ad Beatam Birgittam;[Lübeck] : Bartholomaeus Ghotan [for Vadstena Monastery, before 25 Nov.] 1492;York, York Minster Library — Inc.5-9;Syon, Bridgettine Abbey, St Saviour, St Mary the Virigin, St Bridget;https://data.cerl.org/mei/02150419;;;;;02150419-p004-loc01
ORT-e38a18bd25;Provenienzstation;Luton;;;1;1;Peregrinatio in terram sanctam;[Speyer] : Peter Drach, 29 July 1490;London, Lambeth Palace Library — [ZZ] 1490.3;Little, Anthony | On p10v: `Sum Anthony little curat of Luton' in brown ink (see EBOB, id. 00004038). | e-uk;https://data.cerl.org/mei/02010204;;;;;02010204-p003-loc01
ORT-18bf4a5144;Provenienzstation;Maidenhead;;;2;2;Corona B.M.V.;[Strassburg : Printer of the 1483 'Vitas Patrum', about 1485];Cambridge MA, Harvard University, Houghton Library — Inc 426;"Dunn, George | Dunn's bookplate and ms. note of acquisition “Aug. 1901”; no. 2077 in pt. 3 of the Sotheby sale catalogue of his library, November 1917. | e-uk-en || Dunn, George | Booklabel of George Dunn, with his MS note of acquisition “July 1898.” A copy of the edition is no. 3333 in pt. 3 of the Sotheby sale catalogue of his library, November 1917, with purchaser recorded as ""Thomas""; however, it's uncertain whether this is the copy describecd in the catalogue, because the Lilly Library (Indiana) has a copy also with Dunn's label and subsequent ownership by Charles Thomas-Stanford (born Charles Thomas). | e-uk-en";https://data.cerl.org/mei/02008025;https://data.cerl.org/mei/02011237;;;;02008025-p006-loc01 | 02011237-p003-loc01
ORT-49b274ce02;Provenienzstation;Mantova;;;1;1;Specchio di croce;[Venice : Reynaldus de Novimagio?, after 1481];Mantova, Biblioteca Comunale Teresiana — Inc. 213;Mantova, Francescani, San Francesco, OFM | e-it;https://data.cerl.org/mei/00202021;;;;;00202021-p002-loc01
ORT-25a003ad75;Provenienzstation;Market Deeping;;;2;2;Imitatio Christi. Add: Johannes Gerson: De meditatione cordis;Strassburg : Martin Flach (printer of Strassburg), 1487;Cambridge MA, Harvard University, Houghton Library — Inc 673;"Waterton, Edmond | Autograph “Eadm Waterton” inside front cover (lot 250 in the Sotheby sale catalogue of his library, 18 January 1895). Formed a large collection of Imitatio Christi, almost exclusively by purchase; sold after his death by Sotheran to the British Museum, and remainder to W. A. Copinger. | e-uk-en || Waterton, Edmond | Formed a large collection of Imitatio Christi, almost exclusively by purchase; sold after his death by Sotheran to the British Museum, and remainder to W. A. Copinger. | e-uk-en";https://data.cerl.org/mei/02008831;https://data.cerl.org/mei/02008174;;;;02008831-p003-loc01 | 02008174-p002-loc01
ORT-b99bda6f11;Provenienzstation;Mergentheim;;;2;2;Breviarium dominorum Teutonicorum;[Strassburg : Johann Prüss], 1500;Tübingen, Universitätsbibliothek — Gi 258;"Deutscher Orden Mergentheim | Deutscher Orden in Mergentheim (alte Signatur mit Rotstift auf dem Titelbl. 3987). || Deutscher Orden Mergentheim | (Bl. 2a) Ex bibliotheca seminarij Mergenth. [Deutscher Orden in Mergentheim]; alte Signatur auf dem vord. Spiegel 3998.";https://data.cerl.org/mei/02135756;https://data.cerl.org/mei/02135216;;;;02135756-p001-loc01 | 02135216-p001-loc01
ORT-6158d3f79c;Provenienzstation;Mikulov / Castle Nikolsburg;;3070720;1;1;Cordiale quattuor novissimorum [Dutch] De vier uitersten;Gouda : Gerard Leeu, 12 July 1479;Cambridge, University Library — Inc.5.E.3.1[3757];Dietrichstein, Alexander, Fürst von | From the library of Alexander Furst von Dietrichstein zu Nikolsburg, sold by Gilhofer & Ranschburg at Lucerne, November 1933 (lot 246). | e-xr;https://data.cerl.org/mei/00559761;;;;;00559761-p002-loc01
ORT-b5811e4ac6;Provenienzstation;Monselice;;;1;1;Specchio di croce;Florence : Francesco di Dino, 27 Mar. 1490;Padova, Biblioteca del Seminario Vescovile — Forc. K.4.42;Convento di San Giacomo <Monselice> <OFM Riformati> | 'Riscontrato l'anno 1769 in cui cominciò ad appartenere a questa libreria si è trovato intero. Quaderni nove con duernio' | e-it;https://data.cerl.org/mei/02007567;;;;;02007567-p001-loc01
ORT-8969cd3279;Provenienzstation;Monte Leone;;;1;1;Fioretti;Venice : [Christophorus de Pensis, de Mandello], 15 Dec. 1490;Milano, Archivio Storico Civico e Biblioteca Trivulziana — Triv. Inc. D 69;"Angelica Bisogni | A c. a1r annotazione ms.: ""Della Signora Marchesa Angilica Bisogni"" | e-it";https://data.cerl.org/mei/02006490;;;;;02006490-p001-loc01
ORT-ca61fd7ada;Provenienzstation;Morristown;;;1;1;Imitatio Christi. Add: Johannes Gerson: De meditatione cordis;Strassburg : [Johann Prüss], 1489;Cambridge MA, Harvard University, Houghton Library — Inc 545 (A);Williams, John Camp | Leather booklabel of John Camp Williams (no. 1114 in pt. 2 of the American Art Association sale catalogue of his library, November 1929). | n-us-nj;https://data.cerl.org/mei/02008173;;;;;02008173-p002-loc01
ORT-159912c561;Provenienzstation;Netherlands;;;1;1;Peregrinatio in terram sanctam [Dutch] Die heylighe beuarden tot dat heylighe grafft in Jherusalem;Mainz : Erhard Reuwich, 24 May 1488;Cambridge MA, Harvard University, Houghton Library — Typ Inc 159;Slip in Dutch in an 18th-century hand tipped in following a1. | e-ne;https://data.cerl.org/mei/02005268;;;;;02005268-p003-loc01
ORT-a323902ec1;Provenienzstation;Northampton, Massachusetts;;;1;1;Buch der Kunst, dadurch der weltliche Mensch mag geistlich werden;Augsburg : Johann Bämler, 23 Aug. 1491;Northampton MA, Smith College — Inc B-1267;Northampton MA, Smith College | n-us-ma;https://data.cerl.org/mei/02127407;;;;;02127407-p004-loc01
ORT-e250d979c5;Provenienzstation;Northern Italy;;;1;1;Meditationes vitae Christi [Italian]. Le deuote meditatione sopra la passione del nostro signore (with text ending: ritorno al sanctissimo corpo nel sepulchro);[Venice : Nicolaus Jenson?, about 1478?];Cambridge, University Library — Inc.5.B.3.2[4321];Alexia | .S.SDA | .S.SDA, on upper pastedown | e-it;https://data.cerl.org/mei/02000017;;;;;02000017-p002-loc01
ORT-8629c14843;Provenienzstation;Nördlingen;;;1;1;Psalterium;[Ulm : Conrad Dinckmut, about 1485];Tübingen, Universitätsbibliothek — Ga XXXVI 34.4;Stumpf, Hans;https://data.cerl.org/mei/02137010;;;;;02137010-p002-loc01
ORT-2fdd958a50;Provenienzstation;Okno;;;1;1;Gesta Christi;Memmingen : [Albrecht Kunne, about 1495];Wrocław, Ossolineum — XV.181 adl.;Cieński family - Okno  | Shelfmark in pen on the title page of the first book in the omnibus book: 1519 [also by the same hand a bibliographical inscription on the front endpaper]. | e-un;https://data.cerl.org/mei/02131097;;;;;02131097-p005-loc01
ORT-bffe1c1972;Provenienzstation;Ottobeuren, Germany;;;1;1;Planctus ruinae ecclesiae [Latin and German];Memmingen : [Albrecht Kunne, about 1488-91];Memmingen, Stadtbibliothek — 3.14;Mair, Alexander | Alexander Mair 1553;https://data.cerl.org/mei/02146382;;;;;02146382-p001-loc01
ORT-0d70b01608;Provenienzstation;Palazzolo sull'Oglio (Brescia);;;1;1;Graduale Romanum (Ed: Franciscus de Brugis);"Venice : Johannes Emericus, de Spira, for Lucantonio Giunta, 28 Sept. 1499; 14 Jan. 1499/1500; 1 Mar. 1500";Palazzolo sull'Oglio, Biblioteca Civica Giacinto Ubaldo Lanfranchi — privo di segnatura;Benedetto Galignani | Nota ms. datata: Galignani Benedetto 24 settembre 1920;https://data.cerl.org/mei/02000322;;;;;02000322-p002-loc01
ORT-40a27691fa;Provenienzstation;Palazzolo sull'Oglio (Bs);;;7;7;Vita Adae et Evae (De creatione Adae et formatione Evae);[Rome : Johann Besicken, after 1500];Palazzolo sull'Oglio, Biblioteca Civica Giacinto Ubaldo Lanfranchi — O I 18;Lanfranchi, Giacinto Ubaldo | e-it;https://data.cerl.org/mei/02004765;https://data.cerl.org/mei/02004731;https://data.cerl.org/mei/02004752;;;02004765-p001-loc01 | 02004731-p002-loc01 | 02004752-p004-loc01 | 02004839-p002-loc01 | 02004786-p002-loc01 | 02004918-p002-loc01 | 02004841-p003-loc01
ORT-846f046619;Provenienzstation;Paray-le-Monial;;;11;11;Meditationes vitae Christi;Paris : [Pierre Le Dru], for Jean Petit, [about 1497];Namur, Centre de Documentation et de Recherche Religieuses — Rés.13D.45a;Bibliothèque eucharistique <Paray-le-Monial, Saône-et-Loire> | The collection of the Museé du Hieron à Paray-le-Monial was sold in 1948. | e-fr || Bibliothèque eucharistique <Paray-le-Monial, Saône-et-Loire> | Librairie ecclésiastique de Toulouse et Taranne <Paris> | The collection of the Museé du Hieron à Paray-le-Monial was sold in 1948. | e-fr;https://data.cerl.org/mei/02010498;https://data.cerl.org/mei/02010491;https://data.cerl.org/mei/02010610;;;02010498-p001-loc01 | 02010491-p001-loc01 | 02010610-p001-loc01 | 02010501-p001-loc01 | 02010503-p001-loc01 | 02010504-p002-loc01 | 02010505-p002-loc01 | 02010791-p001-loc01 | 02010538-p001-loc01 | 02010537-p001-loc01 | 02010609-p002-loc01
ORT-6352278df8;Provenienzstation;Parma;;;1;1;De dominica Passione;Milan : Antonius Zarotus, [1474];Brescia, Biblioteca Queriniana — Inc.D.VI.12m3;Parma, Benedettini, S. Johannes Evangelista, OSB | A c. 1r: Liber Congregationis Sanctae Justinae de padua ordinis Sancti Benedicti de observantia deputatus monasterio Sancti Jo. evangelisti de parma | e-it;https://data.cerl.org/mei/02001529;;;;;02001529-p001-loc01
ORT-f044a1439a;Provenienzstation;París;;;1;1;Vita S. Ambrosii [Italian];Milan : [Leonardus Pachel], 21 Sept. 1492;Milano, Archivio Storico Civico e Biblioteca Trivulziana — Triv. Inc. D 253;e-fr;https://data.cerl.org/mei/02006968;;;;;02006968-p003-loc01
ORT-1b71a779aa;Provenienzstation;Plasencia;;;1;1;Psalterium [Greek]. Ed: Justinus Decadyus;Venice : Aldus Manutius, Romanus, [not after 1 Oct. 1498];Madrid, Real Biblioteca — I/157;Pedro de Carvajal | Firma autógrafa | e-sp;https://data.cerl.org/mei/02001945;;;;;02001945-p001-loc01
ORT-8fbc93bc76;Provenienzstation;Princeton, NJ;;;2;2;Pontificale Romanum. Ed: Jacobus de Lutiis and Johannes Burchardus;Rome : Stephan Plannck, 16 Aug. 1497;Princeton NJ, Princeton University, Firestone Library, Rare Book Division — EXKA Incunabula 1497 Catholic Church;Princeton university, Library | Purchased from the estate of Grenville Kane by the Trustees of Princeton University, 1946. | n-us-nj;https://data.cerl.org/mei/02013266;https://data.cerl.org/mei/02013323;;;;02013266-p004-loc01 | 02013323-p004-loc01
ORT-d6032def13;Provenienzstation;Rho (MI);;;1;1;Missale Romanum;Venice : Johannes Hamman, 15 Oct. 1488;Milano, Università Cattolica — Incunabulo 29;Padri Oblati di Rho | A partire dall'aprile del 1970 e fino al 1987, i Padri della Congregazione degli Oblati di S. Carlo di Rho donarono complessivamente alla Biblioteca dell'Università Cattolica di MIlano 14 incunaboli. | e-it;https://data.cerl.org/mei/02000234;;;;;02000234-p001-loc01
ORT-aec76fbce3;Provenienzstation;Rho (Milano);;;1;1;Rationale caeremoniarum missae Ambrosianae;[Milan] : Ambrosius de Caponago, for Alexander Minutianus, 18 June 1499;Milano, Università Cattolica — Incunabulo 13;Padri Oblati di Rho | A partire dall'aprile del 1970 e fino al 1987, i Padri della Congregazione degli Oblati di S. Carlo di Rho donarono complessivamente alla Biblioteca dell'Università Cattolica di MIlano 14 incunaboli. Il presente esemplare fu donato nel maggio del 1970. | e-it;https://data.cerl.org/mei/02000224;;;;;02000224-p002-loc01
ORT-36dafaf4e5;Provenienzstation;Rottweil;;;5;5;Directorium Basiliense;Basel : Michael Wenssler, 2 June 1480;Tübingen, Universitätsbibliothek — Gi 65.4;Dominikaner Rottweil | (Bl. 2a) Dominikanerkloster Rottweil (Besitzverm. 17. Jh.). || Dominikaner Rottweil | (Bl. 1a und 2a des ersten Druckes im Bd) Dominikanerkloster Rottweil (Besitzverm. 17. Jh.). || Dominikaner Rottweil | (Bl. b\u00B2) Dominikanerkloster Rottweil (Besitzverm. 16. Jh.). || Jesuiten Rottweil | (Bl. 2a) Stempel Jesuitenkolleg Rottweil. || Dominikaner Rottweil | (Bl. 5a) Dominikanerkloster Rottweil (Besitzverm. 16. Jh.);https://data.cerl.org/mei/02135939;https://data.cerl.org/mei/02136311;https://data.cerl.org/mei/02136010;;;02135939-p001-loc01 | 02136311-p002-loc01 | 02136010-p001-loc01 | 02137216-p005-loc01 | 02137211-p001-loc01
ORT-7d357152f9;Provenienzstation;Salem;;;1;1;Textus sequentiarum, cum optimo commento;Basel : Michael Furter, 3 Mar. 1497;Tübingen, Universitätsbibliothek — Gi 124 a.4;Zisterzienser Salem | (Bl. 1a) Zisterzienserkloster Salem.;https://data.cerl.org/mei/02137205;;;;;02137205-p001-loc01
ORT-5c348aa65b;Provenienzstation;Santa Fiora <Grosseto>;;;1;1;Pungi lingua;[Rome : Johannes Philippus de Lignamine], 1472;Firenze, Biblioteca Provinciale dei Frati Minori — INC.2.13;Convento della Santissima Trinità alla Selva <Grosseto> | Nota di possesso del Convento della Santissima Trinità di Santa Fiora sulla c. di guardia anteriore e a c [a]3r | e-it;https://data.cerl.org/mei/02005732;;;;;02005732-p001-loc01
ORT-af0d9753d4;Provenienzstation;Schöntal;;;2;2;Viola sanctorum;[Strassburg : Johann Prüss], 8 Feb. 1499;Tübingen, Universitätsbibliothek — Gb 304.4;Zisterzienser Schöntal | (Bl. 1a) Zisterzienserkloster Schöntal (Besitzverm. 17. Jh.). || Zisterzienser Schöntal | (Bl. 2a) Zisterzienserkloster Schöntal (Besitzverm. um 1700).;https://data.cerl.org/mei/02137339;https://data.cerl.org/mei/02137135;;;;02137339-p004-loc01 | 02137135-p001-loc01
ORT-0836e87535;Provenienzstation;Siebeneich;;;1;1;Corona B.M.V.;[Strassburg : Printer of the 1483 'Vitas Patrum', about 1485];Cambridge MA, Harvard University, Houghton Library — Inc 426;"Scharpff, Servatius | Inscribed: ""Vsui FF. Staingadensium comparatus â P. F. Seruatio Scharpff Curato in Sibenaich."" | e-gx";https://data.cerl.org/mei/02008025;;;;;02008025-p003-loc01
ORT-271a7b9612;Provenienzstation;Solothurn;;;1;1;Breviarium Argentinense (Strassburg);[Strassburg] : Johann (Reinhard) Grüninger, 20 Mar. 1489;Solothurn, Zentralbibliothek  — ZBS B 1251;Zentralbibliothek Solothurn | e-sz;https://data.cerl.org/mei/02133796;;;;;02133796-p002-loc01
ORT-c026003a49;Provenienzstation;Sormano;;;1;1;Rosarium;Turin : Nicolaus de Benedictis and Jacobinus Suigus, 30 Apr. 1496;London, British Library — IA.32448;Andrea de Sormano | Written in a humanistic minuscule: Liberculus hic est presbiteri Andree de Sormano filij quondam domini Georgii | e-it;https://data.cerl.org/mei/02010390;;;;;02010390-p001-loc01
ORT-a338c65f8c;Provenienzstation;Steingaden;;;1;1;Corona B.M.V.;[Strassburg : Printer of the 1483 'Vitas Patrum', about 1485];Cambridge MA, Harvard University, Houghton Library — Inc 426;"Steingaden, Bavaria, Premonstratensians, SS. Johannes Baptista et Evangelista | Inscribed: ""Vsui FF. Staingadensium comparatus â P. F. Seruatio Scharpff Curato in Sibenaich."" | e-gx";https://data.cerl.org/mei/02008025;;;;;02008025-p004-loc01
ORT-4bb0480b35;Provenienzstation;Straßburg;;;1;1;Psalterium [Latin and German]. Add: Nicolaus de Lyra: Postilla [German] Tr: Heinrich von Mügeln;[Strassburg : Printer of Henricus Ariminensis (Georg Reyser?), about 1474];Tübingen, Universitätsbibliothek — Ga LIII 49.2;Reussenhock;https://data.cerl.org/mei/02136765;;;;;02136765-p003-loc01
ORT-02db6556bf;Provenienzstation;Stuttgart;;;21;21;Agenda Herbipolensis (Würzburg). Ed: by Rudolphus de Scherenberg, Episcopus Herbipolensis ;Würzburg : Georg Reyser, [not before 2 June 1482];Tübingen, Universitätsbibliothek — Gi 291 a.4;"Königliche Handbibliothek Stuttgart | (Bl. 1a) Stuttgart: Königliche Handbibliothek (durchgestrichener Stempel). || Königliche Handbibliothek Stuttgart | Bibliotheca Publica Regis Stuttgart [Königliche Handbibliothek in Stuttgart, veräußerte Dublette]. || Königliche Handbibliothek Stuttgart | (Bl. 6a) Stuttgart: Königliche Handbibliothek (Stempel). || Königliche Handbibliothek Stuttgart | (Bl. 2a) Stuttgart: Königliche Handbibliothek (durchgestrichener Stempel). || Königliche Handbibliothek Stuttgart | (Bl. 1a) Stuttgart, Königliche Handbibliothek (rote Nummer 364). || Königliche Handbibliothek Stuttgart | Tübingen: Wilhelmsstift (durchgestrichener Stempel; alte Signatur Gb 627). 1936 an die UB abgegeben. || Königliche Handbibliothek Stuttgart | (Bl. b\u00B2a mit der Signatur bi) Stuttgart: Königliche Handbibliothek (durchgestrichener Stempel). || Königliche Handbibliothek * 10 * Tübingen: Wilhelmsstift Stuttgart | (Vorsatzbl.) Durchgestrichener Stempel Königliche Handbibliothek (Anf. 19. Jh.). * 10 * Tübingen: Wilhelmsstift (alte Signatur V 1608). 1935 an die UB abgegeben. || Königliche Handbibliothek Stuttgart | (Bl. 8a) Stuttgart: Königliche Handbibliothek (durchgestrichener Stempel). || Königliche Handbibliothek Stuttgart | (Vorsatzbl.) Stuttgart: Königliche Handbibliothek (alte Signatur 329). || Königliche Handbibliothek Stuttgart | Stuttgart: Königliche Handbibliothek (Stempel). || Königliche Handbibliothek Stuttgart | (Vorsatzbl.) Stuttgart: Königliche Handbibliothek in Stuttgart (alte Signatur 977). || Königliche Handbibliothek Stuttgart | (Vord. Spiegel) Stuttgart: Königliche Handbibliothek (alte Signatur 491).";https://data.cerl.org/mei/02135267;https://data.cerl.org/mei/02135209;https://data.cerl.org/mei/02135754;;;02135267-p002-loc01 | 02135209-p002-loc01 | 02135754-p001-loc01 | 02135757-p001-loc01 | 02135758-p002-loc01 | 02135217-p003-loc01 | 02135853-p002-loc01 | 02136003-p002-loc01 | 02136311-p004-loc01 | 02136011-p002-loc01 | 02137213-p002-loc01 | 02137215-p009-loc01 | 02136343-p001-loc01 | 02136252-p002-loc01 | 02136859-p004-loc01 | 02136205-p002-loc01 | 02136014-p002-loc01 | 02137002-p002-loc01 | 02137009-p003-loc01 | 02137008-p002-loc01 | 02136044-p004-loc01
ORT-e07ec909d8;Provenienzstation;Taunton;;;1;1;Missale Hildensemense (Hildesheim);Nuremberg : Georg Stuchs, 17 Sept. 1499;London, Lambeth Palace Library — H2015 1499 [**];Somerset Archaeological and Natural History Society | Dawson probably gave this book to Somerset Archaeological and Natural History Society in 1853 with 'a large collection of...books' (SANHS, Proceedings, 1853). It was included in the 1889 printed catalogue of SANHS (information kindly provided by David Bromwich, Hon. Librarian of SANHS). On the front paste-down: printed ex-dono of `Somersetshire Archaeological and Natural History Society, MDCCCXLIX. The Library, Taunton Castle. Presented by Mr. Thos Dawson' [last three words written in black ink]. | e-uk;https://data.cerl.org/mei/02010542;;;;;02010542-p004-loc01
ORT-61172255bc;Provenienzstation;Tuxedo Park;;;2;2;Pontificale Romanum. Ed: Jacobus de Lutiis and Johannes Burchardus;Rome : Stephan Plannck, 16 Aug. 1497;Princeton NJ, Princeton University, Firestone Library, Rare Book Division — EXKA Incunabula 1497 Catholic Church;"Kane, Grenville | Bookplate of Grenville Kane on front pastedown, with his ms. notes elsewhere, including date of purchase ""1921"". | n-us-ny || Kane, Grenville | Bookplate of Grenville Kane on front pastedown, with his ms. notes elsewhere, including date of purchase ""1915"". | n-us-ny";https://data.cerl.org/mei/02013266;https://data.cerl.org/mei/02013323;;;;02013266-p003-loc01 | 02013323-p003-loc01
ORT-048fb9efda;Provenienzstation;Ulm;;;2;2;Psalterium cum canticis;[Ulm : Johann Zainer, about 1489];Tübingen, Universitätsbibliothek — in: Gi 97 c.2;Spitzoval (Dinckmut) || Eule frei;https://data.cerl.org/mei/02137011;https://data.cerl.org/mei/02136044;;;;02137011-p001-loc01 | 02136044-p006-loc01
ORT-8a78879185;Provenienzstation;Utrecht;;;1;6;Corona B.M.V.;[Strassburg : Printer of the 1483 Jordanus de Quedlinburg (Georg Husner), not after 1488];Utrecht, University Library — H fol 236 (Rariora) ;"Bernardus van Haerlem | Inscription on the front flyleaf of first copy bound in H fol 236 (Rariora), which reads: ""Liber Bernardi de Haerlem canonici traiectensis"". | e-ne || Floris Thin | On the front cover of the book, the inscription 'Florentius Thin me possidet' is still legible.  | e-ne || Evert van de Poll | The inscription 'Ex donatione Pollionis' is written on fol. [1]r of the first copy bound in H fol 236 (Rariora). 
Tholen, John. ""Ex libris Everardi Pollionis: Onderzoek naar de bibliotheek van Evert van de Poll"" (2011) p. 12 [Master thesis: unpublished] | e-ne || Utrecht, City Library | Catalogued in: Bibliothecae Trajectinae catalogus, Utrecht, 1608, p. 18.
Pesch, P.N.G. et al., Vier eeuwen Universiteitsbibliotheek Utrecht, 1986, p. 36-46. | e-ne || Utrecht, University & City Library | Catalogued in: Bibliothecae Trajectinae catalogus, Utrecht, 1718, p. 9 (N. 274. i.)
Pesch, P.N.G. et al., Vier eeuwen Universiteitsbibliotheek Utrecht, 1986, p. 56-151. | e-ne || Utrecht University Library | Accession number from accession journal (1816) on back pastedown (8528).
Alblas, J., Incunabelen, Bibliotheek der Rijksuniversiteit te Utrecht, 1922, p. 57 no. 218.  | e-ne";https://data.cerl.org/mei/02152181;;;;;02152181-p002-loc01 | 02152181-p003-loc01 | 02152181-p004-loc01 | 02152181-p007-loc01 | 02152181-p008-loc01 | 02152181-p009-loc01
ORT-574bedc7e3;Provenienzstation;Valençay;;;1;1;Peregrinatio in terram sanctam [French] Le saint voiage et pelerinage. Tr: Jean de Hersin;[Lyon : Gaspard Ortuin], 18 Feb. 1489;Madrid, Real Biblioteca — I/180;Carlos María Isidro de Borbón | Fernando VII, Rey de España | Francisco de Paula de Borbón | Sello de tinta: 'Propriété des Trois'.  | e-fr;https://data.cerl.org/mei/02001610;;;;;02001610-p003-loc01
ORT-26908078e9;Provenienzstation;Venezia;;;1;2;Breviarium Camaldulense. Ed: Petrus Delphinus;Florence : Antonio di Bartolommeo Miscomini, 13 Apr. 1484;Venezia, Biblioteca del Museo Correr — Inc. I 038;Emmanuele Antonio Cicogna | Sulla carta di guardia anteriore'Breviarium secundum ordinem camaldulenses' di mano del Cicogna.   La sua collezione di libri a stampa e manoscritti lasciati alla Bilioteca del Museo Correr nel 1865 costituisce uno dei nuclei fondanti della Biblioteca. | e-it || Biblioteca del Museo Correr [Venezia] | La raccolta Correr  ricevuta per lascito dalla città di Venezia nel 1830 diventa il nucleo fondante del Museo Correr e degli altri Musei Civici e della Biblioteca.  | e-it;https://data.cerl.org/mei/02002029;;;;;02002029-p002-loc01 | 02002029-p003-loc01
ORT-d184dea48d;Provenienzstation;Vorpillière;;;2;2;Peregrinatio in terram sanctam;Mainz : Erhard Reuwich, 11 Feb. 1486;Cambridge MA, Harvard University, Houghton Library — fTyp Inc 156;"Riant, Paul Edouard Didier <comte> | Riant's collections were sold through the Paris bookseller A. Picard.  His bookplate has ms. note ""#19"" next to it. | e-fr || Riant, Paul Edouard Didier <comte> | Booklabel inside front cover. | e-fr";https://data.cerl.org/mei/02005231;https://data.cerl.org/mei/02008336;;;;02005231-p003-loc01 | 02008336-p004-loc01
ORT-c4cee268fe;Provenienzstation;Weingarten;;;10;10;Breviarium Constantiense (Constance);[Strassburg : Johann (Reinhard) Grüninger], 25 Jan. 1495;Tübingen, Universitätsbibliothek — Gi 230;"Benediktiner Weingarten | (Bl. 1a) Benediktinerkloster Weingarten (Besitzverm. 1674). || Benediktiner Weingarten | (Bl. 1a) Benediktinerkloster Weingarten (Besitzverm. 1659). || Benediktiner Weingarten | (Bl. 1a) Benediktinerkloster Weingarten, Priorat Hofen (Besitzverm. 17. Jh.) || Benediktiner Weingarten | (Bl. 1a) Benediktinerkloster Weingarten (Besitzverm. 16. Jh.). || Benediktiner Weingarten | (Vorsatzbl.) Benediktinerkloster Weingarten, Priorat Feldkirch, darunter: In Hofen [Priorat Hofen] (Besitzvermerk 17. Jh.) und Tatzenkreuz (gestempelt). || Benediktiner Weingarten | (Bl. 1a des ersten Druckes im Bd) Monasterij Weingartensis in Veldkirch [Benediktinerkloster Weingarten, Priorat Feldkirch]; daneben: In Hofen und Monasterij Hofensis [Priorat Hofen] - Besitzvermerk 17. Jh. und Tatzenkreuze (gestempelt und gemalt). || Benediktiner Weingarten | Abgelöst von: Jakob Balde: Poeme. De vanitate mundi. Würzburg: J.Bencard 1659. VD 17 23: 330685 (Signatur: UBT Dk II 168). Aus dem Kloster Weingarten. || Benediktiner Weingarten | (Bl. 1a) Benediktinerkloster Weingarten (Besitzverm. 17. Jh.). || Benediktiner Weingarten | (Bl. 1a) Benediktinerkloster Weingarten (Besitzverm. 16./17. Jh.).";https://data.cerl.org/mei/02135753;https://data.cerl.org/mei/02135217;https://data.cerl.org/mei/02136003;;;02135753-p002-loc01 | 02135217-p002-loc01 | 02136003-p001-loc01 | 02137213-p001-loc01 | 02137215-p006-loc01 | 02136254-p003-loc01 | 02136731-p001-loc01 | 02136205-p001-loc01 | 02136014-p001-loc01 | 02137008-p001-loc01
ORT-45d1e02603;Provenienzstation;Wiblingen;;;5;6;Corona B.M.V.;[Strassburg : Printer of the 1483 Jordanus de Quedlinburg (Georg Husner), not after 1488];Tübingen, Universitätsbibliothek — Gb 648 a.2;"Benediktiner Wiblingen | (Bl. 2a) Benediktinerkloster Wiblingen (Besitzverm. 17. Jh.). || Benediktiner Wiblingen | (Bl. b\u00B2a mit der Signatur bi) Benediktinerkloster Wiblingen (Besitzverm. 17. Jh.). || Benediktinerkloster || Benediktiner Wiblingen | (Bl. 1a) Benediktinerkloster Wiblingen (Besitzverm. 17. Jh.). || Benediktiner Wiblingen | (Bl. 1a) Monasterij Wiblingensis ex dono R. D. Christoph. Baÿer Anno D. 1633 [Benediktinerkloster Wiblingen; Bayer, Christoph]. || Benediktiner Wiblingen | (Vorsatzbl.) S. Martini Monasterij Wiblingen anno 1631 R. D. Capellani Joan Geyss [Benediktinerkloster Wiblingen]";https://data.cerl.org/mei/02135853;https://data.cerl.org/mei/02136011;https://data.cerl.org/mei/02136252;;;02135853-p001-loc01 | 02136011-p001-loc01 | 02136011-p004-loc01 | 02136252-p001-loc01 | 02136859-p002-loc01 | 02136044-p001-loc01
ORT-a409c6574f;Provenienzstation;Wiltshire;;;1;1;Negligentiae et defectus in missa contingentes;Erfurt : [Printer of Hundorn], 1494;Edinburgh, National Library of Scotland — Inc.87.;Bosanquet, Eustace F. | Pictorial bookplate of E. F. Bosanquet on front pastedown. | e-uk-en;https://data.cerl.org/mei/02124949;;;;;02124949-p002-loc01
ORT-dcf7c6a5ce;Provenienzstation;Wrocław;;;1;1;Agenda sive Exsequiale sacramentorum. Ed: Martinus, canonicus Vilnensis;Danzig : Conrad Baumgarten, 10 June 1499;Wrocław, Ossolineum — XV.16;Wrocław, Ossolineum;https://data.cerl.org/mei/02015064;;;;;02015064-p005-loc01
ORT-f8df4aae69;Provenienzstation;Zwiefalten;;;6;6;Revelationes. With foreword by Johannes de Turrecremata and Matthias de Suecia. Add: Vita abbreviata S. Birgittae. Hymnus ad Beatam Birgittam;[Lübeck] : Bartholomaeus Ghotan [for Vadstena Monastery, before 25 Nov.] 1492;Tübingen, Universitätsbibliothek — Gb 645.2;Benediktiner Zwiefalten | (Bl. 1b) Benediktinerkloster Zwiefalten (Besitzverm. 17. Jh.). || Benediktiner Zwiefalten | (Bl. 1a) Benediktinerkloster Zwiefalten (Besitzverm. 17. Jh.). || Benediktiner Zwiefalten | (Bl. 1a) Benediktinerkloster Zwiefalten (Besitzverm. um 1700). || Benediktiner Zwiefalten | [Benediktinerkloster Zwiefalten]. || Benediktiner Zwiefalten | (vord. Vorsatzbl.) Benediktinerkloster Zwiefalten (Besitzverm. 17. Jh.).;https://data.cerl.org/mei/02135683;https://data.cerl.org/mei/02136681;https://data.cerl.org/mei/02137013;;;02135683-p001-loc01 | 02136681-p001-loc01 | 02137013-p001-loc01 | 02136777-p004-loc01 | 02137315-p001-loc01 | 02137317-p003-loc01
